snapshot_date,asset_id,symbol,asset_name,slug,cmc_rank,circulating_supply,price,market_cap,volume,quote_last_updated,item_last_updated,source
2015-09-23,1,BTC,Bitcoin,bitcoin,1,14646100.0,230.28274536,3372744116.8365464,17254052.0,2015-09-23T00:00:00.000Z,2015-09-23T23:59:23.000Z,coinmarketcap_data_api_listings_historical
2015-09-23,52,XRP,XRP,xrp,2,32488247336.0,0.00666824,216639319.05569476,985902.0625,2015-09-23T00:00:00.000Z,2015-09-23T23:59:04.000Z,coinmarketcap_data_api_listings_historical
2015-09-23,2,LTC,Litecoin,litecoin,3,42419685.4968872,2.86554766,121555630.3868309,901920.6875,2015-09-23T00:00:00.000Z,2015-09-23T23:59:03.000Z,coinmarketcap_data_api_listings_historical
2015-09-23,1027,ETH,Ethereum,ethereum,4,73412870.49948,0.89340615,65587510.19345522,200540.78125,2015-09-23T00:00:00.000Z,2015-09-23T23:59:27.000Z,coinmarketcap_data_api_listings_historical
2015-09-23,463,BTS,BitShares,bitshares,5,2511953117.15056,0.00638365,16035428.35879633,378301.90625,2015-09-23T00:00:00.000Z,2015-09-23T23:59:14.000Z,coinmarketcap_data_api_listings_historical
2015-09-23,131,DASH,Dash,dash,6,5813357.48657184,2.42703819,14109240.6480133,36010.453125,2015-09-23T00:00:00.000Z,2015-09-23T23:59:07.000Z,coinmarketcap_data_api_listings_historical
2015-09-23,642,BANX,Banx,banx,7,7142170.94695695,1.75028002,12500799.12660393,7988.62597656,2015-09-23T00:00:00.000Z,2015-09-23T23:59:17.000Z,coinmarketcap_data_api_listings_historical
2015-09-23,74,DOGE,Dogecoin,dogecoin,8,101102904558.277,0.00012355,12490782.2463895,137675.390625,2015-09-23T00:00:00.000Z,2015-09-23T23:59:05.000Z,coinmarketcap_data_api_listings_historical
2015-09-23,512,XLM,Stellar,stellar,9,4837356606.0,0.00208176,10070236.7544809,2495.37841797,2015-09-23T00:00:00.000Z,2015-09-23T23:59:15.000Z,coinmarketcap_data_api_listings_historical
2015-09-23,66,NXT,Nxt,nxt,10,999997096.0,0.00930526,9305228.46509929,44982.1953125,2015-09-23T00:00:00.000Z,2015-09-23T23:59:04.000Z,coinmarketcap_data_api_listings_historical
2015-09-23,5,PPC,Peercoin,peercoin,11,22646921.029352,0.39174706,8871864.67327708,31923.5703125,2015-09-23T00:00:00.000Z,2015-09-23T23:59:00.000Z,coinmarketcap_data_api_listings_historical
2015-09-23,291,MAID,MaidSafeCoin,maidsafecoin,12,452552412.0,0.01927612,8723456.18117875,24934.40429688,2015-09-23T00:00:00.000Z,2015-09-23T23:59:10.000Z,coinmarketcap_data_api_listings_historical
2015-09-23,372,BCN,Bytecoin,bytecoin-bcn,13,176344216075.69,3.267e-05,5760699.00109362,12830.85351563,2015-09-23T00:00:00.000Z,2015-09-23T23:59:12.000Z,coinmarketcap_data_api_listings_historical
2015-09-23,3,NMC,Namecoin,namecoin,14,12506900.0,0.37776875,4724716.04139804,6168.41503906,2015-09-23T00:00:00.000Z,2015-09-23T23:59:00.000Z,coinmarketcap_data_api_listings_historical
2015-09-23,328,XMR,Monero,monero,15,9422929.9998301,0.46460563,4377946.32377897,26708.11914063,2015-09-23T00:00:00.000Z,2015-09-23T23:59:11.000Z,coinmarketcap_data_api_listings_historical
2015-09-23,941,TRMB,TRMB,trmb,16,22566161.8567,0.15764442,3557429.51698209,37160.34765625,2015-09-23T00:00:00.000Z,2015-09-23T23:59:24.000Z,coinmarketcap_data_api_listings_historical
2015-09-23,132,XCP,Counterparty,counterparty,17,2639197.5783785,0.86473632,2282209.99795407,2689.85083008,2015-09-23T00:00:00.000Z,2015-09-23T23:59:06.000Z,coinmarketcap_data_api_listings_historical
2015-09-23,213,MONA,MonaCoin,monacoin,18,22453399.994,0.09513593,2136125.02722879,1723.40734863,2015-09-23T00:00:00.000Z,2015-09-23T23:59:09.000Z,coinmarketcap_data_api_listings_historical
2015-09-23,170,BLK,BlackCoin,blackcoin,19,74998332.1593226,0.02845806,2134306.94904757,5714.38574219,2015-09-23T00:00:00.000Z,2015-09-23T23:59:08.000Z,coinmarketcap_data_api_listings_historical
2015-09-23,95,YBC,YbCoin,ybcoin,20,3000000.0,0.60505217,1815156.519413,24944.65234375,2015-09-23T00:00:00.000Z,2015-09-23T23:59:06.000Z,coinmarketcap_data_api_listings_historical
2015-09-23,643,UNITY,SuperNET,supernet-unity,21,816061.0,1.92621744,1571910.92768467,595.04986572,2015-09-23T00:00:00.000Z,2015-09-23T23:59:17.000Z,coinmarketcap_data_api_listings_historical
2015-09-23,699,NSR,NuShares,nushares,22,837527813.0,0.00187013,1566286.14452114,719.59075928,2015-09-23T00:00:00.000Z,2015-09-23T23:59:19.000Z,coinmarketcap_data_api_listings_historical
2015-09-23,467,BTCD,BitcoinDark,bitcoindark,23,1234512.80017279,1.24071014,1531672.54823866,3192.98754883,2015-09-23T00:00:00.000Z,2015-09-23T23:59:14.000Z,coinmarketcap_data_api_listings_historical
2015-09-23,460,CLAM,Clams,clams,24,987141.19936875,1.36869359,1351093.83216299,3338.59204102,2015-09-23T00:00:00.000Z,2015-09-23T23:59:14.000Z,coinmarketcap_data_api_listings_historical
2015-09-23,389,START,Startcoin,startcoin,25,31935988.0,0.03822321,1220695.99894591,21587.2421875,2015-09-23T00:00:00.000Z,2015-09-23T23:59:12.000Z,coinmarketcap_data_api_listings_historical
2015-09-23,779,GEMZ,GetGems,gems,26,88135217.0,0.01382274,1218270.02032221,689.84277344,2015-09-23T00:00:00.000Z,2015-09-23T23:59:20.000Z,coinmarketcap_data_api_listings_historical
2015-09-23,184,NOTE,DNotes,dnotes,27,103839084.604399,0.01172247,1217250.71661155,3259.52539063,2015-09-23T00:00:00.000Z,2015-09-23T23:59:08.000Z,coinmarketcap_data_api_listings_historical
2015-09-23,6,NVC,Novacoin,novacoin,28,1169934.685429,0.99699128,1166414.67572947,3140.7824707,2015-09-23T00:00:00.000Z,2015-09-23T23:59:00.000Z,coinmarketcap_data_api_listings_historical
2015-09-23,558,EMC,Emercoin,emercoin,29,36135006.648369,0.03008952,1087284.9349752,4046.86108398,2015-09-23T00:00:00.000Z,2015-09-23T23:59:15.000Z,coinmarketcap_data_api_listings_historical
2015-09-23,873,XEM,NEM,nem,30,8999999999.0,0.00012016,1081423.84839801,1843.2532959,2015-09-23T00:00:00.000Z,2015-09-23T23:59:22.000Z,coinmarketcap_data_api_listings_historical
2015-09-23,215,RBY,Rubycoin,rubycoin,31,22264672.3900956,0.04528912,1008347.45455125,4937.76757813,2015-09-23T00:00:00.000Z,2015-09-23T23:59:09.000Z,coinmarketcap_data_api_listings_historical
2015-09-23,405,XDN,DigitalNote,digitalnote,32,6846932903.98618,0.0001455,996231.64041571,4051.27758789,2015-09-23T00:00:00.000Z,2015-09-23T23:59:13.000Z,coinmarketcap_data_api_listings_historical
2015-09-23,99,VTC,Vertcoin,vertcoin,33,18649699.9976013,0.04758914,887523.21912146,7620.45361328,2015-09-23T00:00:00.000Z,2015-09-23T23:59:05.000Z,coinmarketcap_data_api_listings_historical
2015-09-23,833,GRC,GridCoin,gridcoin,34,366752806.37983,0.00204148,748717.67930753,1037.79309082,2015-09-23T00:00:00.000Z,2015-09-23T23:59:21.000Z,coinmarketcap_data_api_listings_historical
2015-09-23,42,XPM,Primecoin,primecoin,35,11616291.6602737,0.06286739,730285.91642881,12463.90234375,2015-09-23T00:00:00.000Z,2015-09-23T23:59:03.000Z,coinmarketcap_data_api_listings_historical
2015-09-23,549,SJCX,Storjcoin X,storjcoin-x,36,44575870.0,0.01617112,720841.74765177,697.54071045,2015-09-23T00:00:00.000Z,2015-09-23T23:59:15.000Z,coinmarketcap_data_api_listings_historical
2015-09-23,576,GAME,GameCredits,gamecredits,37,50931942.9443983,0.01231229,627088.62780092,4891.79736328,2015-09-23T00:00:00.000Z,2015-09-23T23:59:16.000Z,coinmarketcap_data_api_listings_historical
2015-09-23,493,SDC,ShadowCash,shadowcash,38,6493432.52984,0.09275241,602281.52905229,704.38909912,2015-09-23T00:00:00.000Z,2015-09-23T23:59:14.000Z,coinmarketcap_data_api_listings_historical
2015-09-23,41,IFC,Infinitecoin,infinitecoin,39,90596274910.0705,6.52e-06,590612.9526886,4222.09033203,2015-09-23T00:00:00.000Z,2015-09-23T23:59:02.000Z,coinmarketcap_data_api_listings_historical
2015-09-23,626,USNBT,NuBits,nubits,40,567981.2005,0.99810684,566905.91966137,17709.52148438,2015-09-23T00:00:00.000Z,2015-09-23T23:59:17.000Z,coinmarketcap_data_api_listings_historical
2015-09-23,16,WDC,WorldCoin,worldcoin,41,89130129.7,0.00596932,532046.55262987,2388.37744141,2015-09-23T00:00:00.000Z,2015-09-23T23:59:01.000Z,coinmarketcap_data_api_listings_historical
2015-09-23,37,MEC,Megacoin,megacoin,42,30531050.0,0.01689097,515699.07984613,3552.98754883,2015-09-23T00:00:00.000Z,2015-09-23T23:59:03.000Z,coinmarketcap_data_api_listings_historical
2015-09-23,323,VRC,VeriCoin,vericoin,43,27268541.123501,0.01793462,489050.88258575,689.71459961,2015-09-23T00:00:00.000Z,2015-09-23T23:59:11.000Z,coinmarketcap_data_api_listings_historical
2015-09-23,836,XVC,Vcash,vcash,44,10612520.735996,0.04549146,482779.07010373,1742.12646484,2015-09-23T00:00:00.000Z,2015-09-23T23:59:22.000Z,coinmarketcap_data_api_listings_historical
2015-09-23,53,QRK,Quark,quark,45,249334802.0,0.0018678,465707.4610037,1436.31811523,2015-09-23T00:00:00.000Z,2015-09-23T23:59:02.000Z,coinmarketcap_data_api_listings_historical
2015-09-23,825,USDT,Tether,tether,46,451600.0,1.0,451600.0,5751.46875,2015-09-23T00:00:00.000Z,2015-09-23T23:59:21.000Z,coinmarketcap_data_api_listings_historical
2015-09-23,109,DGB,DigiByte,digibyte,47,5028302189.86708,8.423e-05,423528.14763155,25221.87304688,2015-09-23T00:00:00.000Z,2015-09-23T23:59:05.000Z,coinmarketcap_data_api_listings_historical
2015-09-23,8,FTC,Feathercoin,feathercoin,48,95796520.0,0.00431535,413395.39836595,1095.85864258,2015-09-23T00:00:00.000Z,2015-09-23T23:59:00.000Z,coinmarketcap_data_api_listings_historical
2015-09-23,735,VASH,VPNCoin,vpncoin,49,400255424.684065,0.00091982,368162.89178073,1305.5435791,2015-09-23T00:00:00.000Z,2015-09-23T23:59:20.000Z,coinmarketcap_data_api_listings_historical
2015-09-23,353,HYPER,Hyper,hyper,50,4855235.79256963,0.07364533,357565.44685942,797.62335205,2015-09-23T00:00:00.000Z,2015-09-23T23:59:11.000Z,coinmarketcap_data_api_listings_historical
2015-09-23,254,NLG,Gulden,gulden,51,276077570.0,0.00118395,326861.71567015,2937.97607422,2015-09-23T00:00:00.000Z,2015-09-23T23:59:09.000Z,coinmarketcap_data_api_listings_historical
2015-09-23,115,APC,Applecoin,applecoin,52,22286047.937985,0.01339978,298628.03112798,3031.19384766,2015-09-23T00:00:00.000Z,2015-09-23T23:59:06.000Z,coinmarketcap_data_api_listings_historical
2015-09-23,45,CSC,CasinoCoin,casinocoin,53,33356214.89,0.0087546,292020.25138983,13847.04882813,2015-09-23T00:00:00.000Z,2015-09-23T23:59:02.000Z,coinmarketcap_data_api_listings_historical
2015-09-23,325,TEK,TEKcoin,tekcoin,54,38942218.082694,0.00743275,289447.69738318,2286.53759766,2015-09-23T00:00:00.000Z,2015-09-23T23:59:11.000Z,coinmarketcap_data_api_listings_historical
2015-09-23,661,ARCH,ARCHcoin,archcoin,55,16425249.3974711,0.0174623,286822.63479855,744.31219482,2015-09-23T00:00:00.000Z,2015-09-23T23:59:18.000Z,coinmarketcap_data_api_listings_historical
2015-09-23,56,ZET,Zetacoin,zetacoin,56,162943213.604746,0.00166529,271348.17505895,880.15435791,2015-09-23T00:00:00.000Z,2015-09-23T23:59:03.000Z,coinmarketcap_data_api_listings_historical
2015-09-23,176,UNC,UnionCoin,unioncoin,57,8388608.0,0.03215946,269773.09375,1723.82556152,2015-09-23T00:00:00.000Z,2015-09-23T23:59:08.000Z,coinmarketcap_data_api_listings_historical
2015-09-23,87,TIPS,FedoraCoin,fedoracoin,58,280846322360.0,9.2e-07,258345.9830452,994.230896,2015-09-23T00:00:00.000Z,2015-09-23T23:59:04.000Z,coinmarketcap_data_api_listings_historical
2015-09-23,118,RDD,ReddCoin,reddcoin,59,27783117162.1334,9.25e-06,257068.10935465,924.96893311,2015-09-23T00:00:00.000Z,2015-09-23T23:59:07.000Z,coinmarketcap_data_api_listings_historical
2015-09-23,804,AMBER,AmberCoin,ambercoin,60,9102800.77182846,0.02675671,243560.96144549,645.29974365,2015-09-23T00:00:00.000Z,2015-09-23T23:59:21.000Z,coinmarketcap_data_api_listings_historical
2015-09-23,18,DGC,Digitalcoin,digitalcoin,61,26371408.0,0.00921715,243069.1875591,687.32733154,2015-09-23T00:00:00.000Z,2015-09-23T23:59:02.000Z,coinmarketcap_data_api_listings_historical
2015-09-23,43,ANC,Anoncoin,anoncoin,62,1853826.862,0.12927952,239661.85446074,2062.21972656,2015-09-23T00:00:00.000Z,2015-09-23T23:59:01.000Z,coinmarketcap_data_api_listings_historical
2015-09-23,234,EFL,e-Gulden,e-gulden,63,13409178.75,0.01777257,238315.54638507,583.12664795,2015-09-23T00:00:00.000Z,2015-09-23T23:59:09.000Z,coinmarketcap_data_api_listings_historical
2015-09-23,344,QORA,Qora,qora,64,10000000000.0,2.303e-05,230299.99283608,924.19396973,2015-09-23T00:00:00.000Z,2015-09-23T23:59:12.000Z,coinmarketcap_data_api_listings_historical
2015-09-23,85,EAC,EarthCoin,earthcoin,65,8585648863.94513,2.601e-05,223315.10515116,3993.31494141,2015-09-23T00:00:00.000Z,2015-09-23T23:59:06.000Z,coinmarketcap_data_api_listings_historical
2015-09-23,764,XPY,PayCoin,paycoin2,66,16085933.5366707,0.01348548,216926.53659735,2495.71923828,2015-09-23T00:00:00.000Z,2015-09-23T23:59:20.000Z,coinmarketcap_data_api_listings_historical
2015-09-23,122,POT,PotCoin,potcoin,67,211415639.851537,0.00092257,195046.15863778,1418.96704102,2015-09-23T00:00:00.000Z,2015-09-23T23:59:06.000Z,coinmarketcap_data_api_listings_historical
2015-09-23,75,NET,NetCoin,netcoin,68,398347886.964696,0.00048386,192746.18521771,779.80310059,2015-09-23T00:00:00.000Z,2015-09-23T23:59:05.000Z,coinmarketcap_data_api_listings_historical
2015-09-23,128,MAX,Maxcoin,maxcoin,69,41459435.0,0.00459965,190699.02222175,679.37579346,2015-09-23T00:00:00.000Z,2015-09-23T23:59:07.000Z,coinmarketcap_data_api_listings_historical
2015-09-23,350,BOST,BoostCoin,boostcoin,70,11782452.561481,0.01607968,189458.0346243,6825.71875,2015-09-23T00:00:00.000Z,2015-09-23T23:59:12.000Z,coinmarketcap_data_api_listings_historical
2015-09-23,506,CANN,CannabisCoin,cannabiscoin,71,77118887.957958,0.00243179,187536.98506399,533.42681885,2015-09-23T00:00:00.000Z,2015-09-23T23:59:15.000Z,coinmarketcap_data_api_listings_historical
2015-09-23,1042,SC,Siacoin,siacoin,72,5281988000.0,3.224e-05,170289.28084798,2987.69995117,2015-09-23T00:00:00.000Z,2015-09-23T23:59:28.000Z,coinmarketcap_data_api_listings_historical
2015-09-23,623,BITUSD,bitUSD,bitusd,73,136358.3556,1.17219722,159838.88572758,11237.57324219,2015-09-23T00:00:00.000Z,2015-09-23T23:59:17.000Z,coinmarketcap_data_api_listings_historical
2015-09-23,516,ZCC,ZcCoin,zccoin,74,17352848.669448,0.00824352,143048.5033322,6473.38085938,2015-09-23T00:00:00.000Z,2015-09-23T23:59:15.000Z,coinmarketcap_data_api_listings_historical
2015-09-23,659,BITS,Bitswift,bitswift,75,4038063.93094076,0.03521074,142183.23349667,817.53277588,2015-09-23T00:00:00.000Z,2015-09-23T23:59:18.000Z,coinmarketcap_data_api_listings_historical
2015-09-23,525,HYP,HyperStake,hyperstake,76,318300658.166591,0.00044119,140430.90090125,614.41125488,2015-09-23T00:00:00.000Z,2015-09-23T23:59:15.000Z,coinmarketcap_data_api_listings_historical
2015-09-23,693,XVG,Verge,verge,77,9146812500.0,1.382e-05,126390.46651208,882.15063477,2015-09-23T00:00:00.000Z,2015-09-23T23:59:18.000Z,coinmarketcap_data_api_listings_historical
2015-09-23,470,VIA,Viacoin,viacoin,78,17694255.0,0.00579883,102605.98823613,795.89849854,2015-09-23T00:00:00.000Z,2015-09-23T23:59:14.000Z,coinmarketcap_data_api_listings_historical
2015-09-23,588,UBQ,Ubiq,ubiq,79,3445992.36549791,0.02295312,79096.26044538,4145.25634766,2015-09-23T00:00:00.000Z,2015-09-23T23:59:16.000Z,coinmarketcap_data_api_listings_historical
2015-09-23,258,GRS,Groestlcoin,groestlcoin,80,59917866.1936242,0.00126665,75894.96764886,1456.73864746,2015-09-23T00:00:00.000Z,2015-09-23T23:59:09.000Z,coinmarketcap_data_api_listings_historical
2015-09-23,970,INDEX,CoinoIndex,coinoindex,81,368.25,203.27139282,74854.6904068,534.04919434,2015-09-23T00:00:00.000Z,2015-09-23T23:59:26.000Z,coinmarketcap_data_api_listings_historical
2015-09-23,819,BITB,Bean Cash,bean-cash,82,933695000.0,6.357e-05,59350.7093798,754.52124023,2015-09-23T00:00:00.000Z,2015-09-23T23:59:21.000Z,coinmarketcap_data_api_listings_historical
2015-09-23,1070,EXP,Expanse,expanse,83,336652.943798673,0.1730509,58258.09334095,4269.97021484,2015-09-23T00:00:00.000Z,2015-09-23T23:59:28.000Z,coinmarketcap_data_api_listings_historical
2015-09-23,1062,FLY,Flycoin,flycoin,84,154765.37368054,0.33965591,52566.97320901,925.89428711,2015-09-23T00:00:00.000Z,2015-09-23T23:59:28.000Z,coinmarketcap_data_api_listings_historical
2015-09-23,82,LOT,LottoCoin,lottocoin,85,14491014421.1776,3.44e-06,49835.83762669,1498.23144531,2015-09-23T00:00:00.000Z,2015-09-23T23:59:04.000Z,coinmarketcap_data_api_listings_historical
2015-09-23,121,UTC,UltraCoin,ultracoin,86,32255289.734461,0.00143153,46174.39964388,1034.10498047,2015-09-23T00:00:00.000Z,2015-09-23T23:59:06.000Z,coinmarketcap_data_api_listings_historical
2015-09-23,1075,FUND,Cryptofund,cryptofund,87,443156.0,0.0930526,41236.81946996,890.9786377,2015-09-23T00:00:00.000Z,2015-09-23T23:59:29.000Z,coinmarketcap_data_api_listings_historical
2015-09-23,734,BYC,Bytecent,bytecent,88,688588.33213393,0.05756119,39635.96308525,6004.22607422,2015-09-23T00:00:00.000Z,2015-09-23T23:59:19.000Z,coinmarketcap_data_api_listings_historical
2015-09-23,1002,SPRTS,Sprouts,sprouts,89,49311565.683837,0.00073906,36444.34316729,517.92169189,2015-09-23T00:00:00.000Z,2015-09-23T23:59:26.000Z,coinmarketcap_data_api_listings_historical
2015-09-23,976,GRM,Gridmaster,gridmaster,90,155712062.807823,0.00022339,34784.67426668,827.36602783,2015-09-23T00:00:00.000Z,2015-09-23T23:59:26.000Z,coinmarketcap_data_api_listings_historical
2015-09-23,90,DIME,Dimecoin,dimecoin,91,299580260352.0,1.1e-07,34338.48777133,637.75946045,2015-09-23T00:00:00.000Z,2015-09-23T23:59:07.000Z,coinmarketcap_data_api_listings_historical
2015-09-23,964,ERC,EuropeCoin,europecoin,92,94228380.3113872,0.00035563,33510.16531912,1064.92907715,2015-09-23T00:00:00.000Z,2015-09-23T23:59:25.000Z,coinmarketcap_data_api_listings_historical
2015-09-23,923,VIRAL,Viral,viral,93,5343156.72958923,0.00605321,32343.26593742,879.27984619,2015-09-23T00:00:00.000Z,2015-09-23T23:59:24.000Z,coinmarketcap_data_api_listings_historical
2015-09-23,93,42,42-coin,42-coin,94,47.27764947,648.79052734,30673.29113121,544.57635498,2015-09-23T00:00:00.000Z,2015-09-23T23:59:06.000Z,coinmarketcap_data_api_listings_historical
2015-09-23,961,CIRC,CryptoCircuits,cryptocircuits,95,2703292.21761097,0.00917166,24793.66466972,1005.8125,2015-09-23T00:00:00.000Z,2015-09-23T23:59:25.000Z,coinmarketcap_data_api_listings_historical
2015-09-23,818,CON,PayCon,paycon,96,12013395.2956022,0.00192302,23102.0567349,25286.54492188,2015-09-23T00:00:00.000Z,2015-09-23T23:59:21.000Z,coinmarketcap_data_api_listings_historical
2015-09-23,168,UFO,Uniform Fiscal Object,uniform-fiscal-object,97,2314151262.133,9.21e-06,21317.96118458,702.40875244,2015-09-23T00:00:00.000Z,2015-09-23T23:59:08.000Z,coinmarketcap_data_api_listings_historical
2015-09-23,334,UNB,UnbreakableCoin,unbreakablecoin,98,2243750.0,0.00898144,20152.1169336,2732.7253418,2015-09-23T00:00:00.000Z,2015-09-23T23:59:11.000Z,coinmarketcap_data_api_listings_historical
2015-09-23,1004,HNC,Hellenic Coin,helleniccoin,99,5655500.0,0.0032242,18234.46368496,662.56219482,2015-09-23T00:00:00.000Z,2015-09-23T23:59:26.000Z,coinmarketcap_data_api_listings_historical
2015-09-23,71,GDC,GrandCoin,grandcoin,100,406548474.0,3.915e-05,15916.77940206,1088.67126465,2015-09-23T00:00:00.000Z,2015-09-23T23:59:04.000Z,coinmarketcap_data_api_listings_historical
2015-09-23,1050,SHIFT,Shift,shift,101,555388.0,0.02360559,13110.26386901,631.66217041,2015-09-23T00:00:00.000Z,2015-09-23T23:59:28.000Z,coinmarketcap_data_api_listings_historical
2015-09-23,40,SBC,StableCoin,stablecoin,102,22559531.725,0.00049514,11170.20213858,2911.91650391,2015-09-23T00:00:00.000Z,2015-09-23T23:59:02.000Z,coinmarketcap_data_api_listings_historical
2015-09-23,1072,PHR,Phreak,phreak,103,30027370.7355151,0.00036845,11063.66899109,536.59002686,2015-09-23T00:00:00.000Z,2015-09-23T23:59:28.000Z,coinmarketcap_data_api_listings_historical
2015-09-23,894,NTRN,Neutron,neutron,104,3094219.6492,0.00073032,2259.76129748,548.68511963,2015-09-23T00:00:00.000Z,2015-09-23T23:59:23.000Z,coinmarketcap_data_api_listings_historical
2015-09-23,603,DEX,InstantDEX,instantdex,105,1000000.0,1.02472317,1024723.17218781,11.27195454,2015-09-23T00:00:00.000Z,2015-09-23T23:59:16.000Z,coinmarketcap_data_api_listings_historical
2015-09-23,1057,BKS,BlockShares,blockshares,106,185081.9415,5.15833902,954715.40140127,126.86849213,2015-09-23T00:00:00.000Z,2015-09-23T23:59:28.000Z,coinmarketcap_data_api_listings_historical
2015-09-23,83,OMNI,Omni,omni,107,547669.45565939,1.73174202,948422.21185752,384.04110718,2015-09-23T00:00:00.000Z,2015-09-23T23:59:04.000Z,coinmarketcap_data_api_listings_historical
2015-09-23,141,MINT,MintCoin,mintcoin,108,22046248623.1818,4.127e-05,909855.96161211,161.77171326,2015-09-23T00:00:00.000Z,2015-09-23T23:59:08.000Z,coinmarketcap_data_api_listings_historical
2015-09-23,703,RBT,Rimbit,rimbit,109,113304420.825067,0.00780852,884740.09911267,121.61269379,2015-09-23T00:00:00.000Z,2015-09-23T23:59:19.000Z,coinmarketcap_data_api_listings_historical
2015-09-23,346,SCOT,Scotcoin,scotcoin,110,1000000000.0,0.00086474,864735.97912118,4.714e-05,2015-09-23T00:00:00.000Z,2015-09-23T23:59:11.000Z,coinmarketcap_data_api_listings_historical
2015-09-23,381,FC2,FuelCoin,fuelcoin,111,100206032.03195,0.00838789,840517.5185628,137.40937805,2015-09-23T00:00:00.000Z,2015-09-23T23:59:12.000Z,coinmarketcap_data_api_listings_historical
2015-09-23,224,FAIR,FairCoin,faircoin,112,52026146.674555,0.01208845,628915.31033703,6.68361902,2015-09-23T00:00:00.000Z,2015-09-23T23:59:09.000Z,coinmarketcap_data_api_listings_historical
2015-09-23,686,MMNXT,MMNXT,mmnxt,113,50000000.0,0.00993618,496808.85858834,422.99337769,2015-09-23T00:00:00.000Z,2015-09-23T23:59:18.000Z,coinmarketcap_data_api_listings_historical
2015-09-23,509,XCR,Crypti,crypti,114,100000000.0,0.00435571,435570.67401707,35.86593628,2015-09-23T00:00:00.000Z,2015-09-23T23:59:15.000Z,coinmarketcap_data_api_listings_historical
2015-09-23,362,CLOAK,CloakCoin,cloakcoin,115,4601059.970959,0.09239493,425114.59394605,164.05812073,2015-09-23T00:00:00.000Z,2015-09-23T23:59:12.000Z,coinmarketcap_data_api_listings_historical
2015-09-23,607,SWARM,Swarm,swarm,116,99945431.02,0.00413619,413393.08801588,0.64654654,2015-09-23T00:00:00.000Z,2015-09-23T23:59:17.000Z,coinmarketcap_data_api_listings_historical
2015-09-23,622,NXTV,NXTventure,nxtventure,117,1000000.0,0.36290514,362905.14469147,0.36290514,2015-09-23T00:00:00.000Z,2015-09-23T23:59:17.000Z,coinmarketcap_data_api_listings_historical
2015-09-23,757,SKYNET,SkyNET,skynet-asset,118,894222.7424,0.36755776,328678.51176219,0.36755776,2015-09-23T00:00:00.000Z,2015-09-23T23:59:20.000Z,coinmarketcap_data_api_listings_historical
2015-09-23,481,JLH,jl777hodl,jl777hodl,119,10000000.0,0.03166855,316685.51266193,7.91713762,2015-09-23T00:00:00.000Z,2015-09-23T19:29:14.000Z,coinmarketcap_data_api_listings_historical
2015-09-23,645,JINN,Jinn,jinn,120,100000.0,3.07064271,307064.27097321,460.59640503,2015-09-23T00:00:00.000Z,2015-09-23T23:59:17.000Z,coinmarketcap_data_api_listings_historical
2015-09-23,604,SF0,sharkfund0,sharkfund0,121,1312.9504,232.63150024,305433.62129815,131.87879944,2015-09-23T00:00:00.000Z,2015-09-23T23:59:16.000Z,coinmarketcap_data_api_listings_historical
2015-09-23,562,BILS,BilShares,bilshares,122,1000000000.0,0.00028376,283759.93133523,336.59329224,2015-09-23T00:00:00.000Z,2015-09-23T23:59:16.000Z,coinmarketcap_data_api_listings_historical
2015-09-23,67,UNO,Unobtanium,unobtanium,123,195913.15524992,1.44508803,283111.75535721,174.967453,2015-09-23T00:00:00.000Z,2015-09-23T23:59:04.000Z,coinmarketcap_data_api_listings_historical
2015-09-23,13,IXC,Ixcoin,ixcoin,124,20999906.0,0.01340285,281458.57828409,42.95323944,2015-09-23T00:00:00.000Z,2015-09-23T23:59:00.000Z,coinmarketcap_data_api_listings_historical
2015-09-23,751,PANGEA,Pangea Poker,pangea-poker,125,999352.3046,0.27813795,277957.80341718,83.44138336,2015-09-23T00:00:00.000Z,2015-09-23T23:59:20.000Z,coinmarketcap_data_api_listings_historical
2015-09-23,333,CURE,Curecoin,curecoin,126,25146767.0,0.01060184,266602.11689672,187.61245728,2015-09-23T00:00:00.000Z,2015-09-23T23:59:11.000Z,coinmarketcap_data_api_listings_historical
2015-09-23,77,DMD,Diamond,diamond,127,1284123.65115357,0.20640266,265046.53661734,464.9586792,2015-09-23T00:00:00.000Z,2015-09-23T23:59:04.000Z,coinmarketcap_data_api_listings_historical
2015-09-23,233,SLR,SolarCoin,solarcoin,128,34148012.2631989,0.0071953,245705.06395598,11.11432362,2015-09-23T00:00:00.000Z,2015-09-23T23:59:09.000Z,coinmarketcap_data_api_listings_historical
2015-09-23,810,LQD,LIQUID,liquid,129,96500.0,2.30143547,222088.52291107,9.85788822,2015-09-23T00:00:00.000Z,2015-09-23T23:59:21.000Z,coinmarketcap_data_api_listings_historical
2015-09-23,647,NXTprivacy,NXTprivacy,nxtprivacy,130,1000000.0,0.19773677,197736.76991463,0.98868388,2015-09-23T00:00:00.000Z,2015-09-23T23:59:17.000Z,coinmarketcap_data_api_listings_historical
2015-09-23,707,BLOCK,Blocknet,blocknet,131,3904746.06626916,0.04984056,194614.72404179,74.06383514,2015-09-23T00:00:00.000Z,2015-09-23T23:59:19.000Z,coinmarketcap_data_api_listings_historical
2015-09-23,267,NAS,Nas,nas,132,10000000000.0,1.842e-05,184239.99790684,3.68111515,2015-09-23T00:00:00.000Z,2015-09-23T23:59:10.000Z,coinmarketcap_data_api_listings_historical
2015-09-23,694,XTC,TileCoin,tilecoin,133,100000000.0,0.00174454,174454.14559916,170.3712616,2015-09-23T00:00:00.000Z,2015-09-23T23:59:18.000Z,coinmarketcap_data_api_listings_historical
2015-09-23,495,IOC,I/O Coin,iocoin,134,16198133.6240714,0.01056143,171075.51305068,8.71179485,2015-09-23T00:00:00.000Z,2015-09-23T23:59:14.000Z,coinmarketcap_data_api_listings_historical
2015-09-23,723,BAY,BitBay,bitbay,135,1001953483.09928,0.00015937,159679.25608481,271.76281738,2015-09-23T00:00:00.000Z,2015-09-23T23:59:19.000Z,coinmarketcap_data_api_listings_historical
2015-09-23,541,SYS,Syscoin,syscoin,136,428751485.440903,0.00036588,156871.30556753,178.37472534,2015-09-23T00:00:00.000Z,2015-09-23T23:59:15.000Z,coinmarketcap_data_api_listings_historical
2015-09-23,793,CELL,SolarFarm,solarfarm,137,90646350.0,0.00172725,156568.91306021,20.295187,2015-09-23T00:00:00.000Z,2015-09-23T23:59:20.000Z,coinmarketcap_data_api_listings_historical
2015-09-23,160,RIC,Riecoin,riecoin,138,16769324.9999563,0.00918439,154016.01035804,291.33938599,2015-09-23T00:00:00.000Z,2015-09-23T23:59:08.000Z,coinmarketcap_data_api_listings_historical
2015-09-23,161,PND,Pandacoin,pandacoin-pnd,139,32514916897.7707,4.49e-06,146059.5874076,240.40484619,2015-09-23T00:00:00.000Z,2015-09-23T23:59:07.000Z,coinmarketcap_data_api_listings_historical
2015-09-23,63,I0C,I0Coin,i0coin,140,20861184.75,0.0066787,139325.59420225,0.0333935,2015-09-23T00:00:00.000Z,2015-09-23T23:59:03.000Z,coinmarketcap_data_api_listings_historical
2015-09-23,181,ZEIT,Zeitcoin,zeitcoin,141,32401122758.9351,4.26e-06,138187.41168168,26.17173767,2015-09-23T00:00:00.000Z,2015-09-23T23:59:08.000Z,coinmarketcap_data_api_listings_historical
2015-09-23,895,XAUR,Xaurum,xaurum,142,1016.0,136.00646973,138182.57324219,222.88484192,2015-09-23T00:00:00.000Z,2015-09-23T23:59:23.000Z,coinmarketcap_data_api_listings_historical
2015-09-23,679,SMBR,Sembro Token,sembro-token,143,2495943.79963619,0.05323845,132880.1828759,32.22034073,2015-09-23T00:00:00.000Z,2015-09-23T23:59:18.000Z,coinmarketcap_data_api_listings_historical
2015-09-23,536,J,Joincoin,joincoin,144,1856074.08449,0.07087943,131557.47236461,434.12539673,2015-09-23T00:00:00.000Z,2015-09-23T23:59:15.000Z,coinmarketcap_data_api_listings_historical
2015-09-23,148,AUR,Auroracoin,auroracoin,145,7237396.66986937,0.01747009,126437.96915243,80.42485809,2015-09-23T00:00:00.000Z,2015-09-23T23:59:08.000Z,coinmarketcap_data_api_listings_historical
2015-09-23,466,HZ,Horizon,next-horizon,146,967966801.15913,0.00013004,125876.60365753,27.63271141,2015-09-23T00:00:00.000Z,2015-09-23T23:59:14.000Z,coinmarketcap_data_api_listings_historical
2015-09-23,274,CINNI,Cinni,cinni,147,146040422.90118,0.00086132,125787.82670884,3.58047152,2015-09-23T00:00:00.000Z,2015-09-23T23:59:10.000Z,coinmarketcap_data_api_listings_historical
2015-09-23,377,NAV,NavCoin,nav-coin,148,59085111.0107411,0.00209977,124064.87557616,42.29549789,2015-09-23T00:00:00.000Z,2015-09-23T23:59:12.000Z,coinmarketcap_data_api_listings_historical
2015-09-23,269,AC,AsiaCoin,asiacoin,149,317616470.477803,0.00038534,122391.30519602,19.55648994,2015-09-23T00:00:00.000Z,2015-09-23T23:59:10.000Z,coinmarketcap_data_api_listings_historical
2015-09-23,61,TAG,TagCoin,tagcoin,150,3548881.84611,0.03366777,119482.92198704,433.51940918,2015-09-23T00:00:00.000Z,2015-09-23T23:59:05.000Z,coinmarketcap_data_api_listings_historical
2015-09-23,579,CNMT,Coinomat,coinomat,151,3000000.0,0.03982651,119479.53701019,8.64235306,2015-09-23T00:00:00.000Z,2015-09-23T23:59:16.000Z,coinmarketcap_data_api_listings_historical
2015-09-23,78,HBN,HoboNickels,hobonickels,152,14363344.360588,0.0081342,116834.2522274,117.233078,2015-09-23T00:00:00.000Z,2015-09-23T23:59:04.000Z,coinmarketcap_data_api_listings_historical
2015-09-23,59,TIX,Tickets,tickets,153,66876281414.0,1.74e-06,116457.65402608,2.35322905,2015-09-23T00:00:00.000Z,2015-09-23T01:44:04.000Z,coinmarketcap_data_api_listings_historical
2015-09-23,25,GLC,GoldCoin,goldcoin,154,34551525.0,0.00327517,113162.1339111,36.96644592,2015-09-23T00:00:00.000Z,2015-09-23T23:59:01.000Z,coinmarketcap_data_api_listings_historical
2015-09-23,89,MOON,Mooncoin,mooncoin,155,206413168663.0,5.5e-07,112844.09509584,325.55639648,2015-09-23T00:00:00.000Z,2015-09-23T23:59:05.000Z,coinmarketcap_data_api_listings_historical
2015-09-23,621,MRKT,FreeMarket,freemarket,156,720000.0,0.1535368,110546.49353027,397.96734619,2015-09-23T00:00:00.000Z,2015-09-23T23:59:17.000Z,coinmarketcap_data_api_listings_historical
2015-09-23,835,ZRC,ZiftrCOIN,ziftrcoin,157,11738004.95639,0.00937981,110100.2530104,63.51978302,2015-09-23T00:00:00.000Z,2015-09-23T23:59:21.000Z,coinmarketcap_data_api_listings_historical
2015-09-23,7,DVC,Devcoin,devcoin,158,10100710000.0,1.082e-05,109240.22357878,330.87515259,2015-09-23T00:00:00.000Z,2015-09-23T23:59:00.000Z,coinmarketcap_data_api_listings_historical
2015-09-23,1056,MAPC,MapCoin,mapcoin,159,3000300.6560414,0.03437518,103135.88495938,293.706604,2015-09-23T00:00:00.000Z,2015-09-23T23:59:29.000Z,coinmarketcap_data_api_listings_historical
2015-09-23,64,FLO,FLO,flo,160,101569400.0,0.00099815,101382.00253346,258.1685791,2015-09-23T00:00:00.000Z,2015-09-23T23:59:03.000Z,coinmarketcap_data_api_listings_historical
2015-09-23,49,CBX,Bullion,bullion,161,966174.800475,0.09985892,96481.17669261,94.50576019,2015-09-23T00:00:00.000Z,2015-09-23T23:59:02.000Z,coinmarketcap_data_api_listings_historical
2015-09-23,329,SYNC,Sync,sync,162,1176.91784886,77.61040497,91341.0708644,179.37156677,2015-09-23T00:00:00.000Z,2015-09-23T23:59:11.000Z,coinmarketcap_data_api_listings_historical
2015-09-23,948,ADC,AudioCoin,audiocoin,163,742309169.403435,0.00010897,80891.58108898,23.80063248,2015-09-23T00:00:00.000Z,2015-09-23T23:59:24.000Z,coinmarketcap_data_api_listings_historical
2015-09-23,520,VTA,Virtacoin,virtacoin,164,11550497731.1357,6.89e-06,79547.47338733,399.75415039,2015-09-23T00:00:00.000Z,2015-09-23T23:59:15.000Z,coinmarketcap_data_api_listings_historical
2015-09-23,335,XC,XCurrency,xcurrency,165,5626213.39570758,0.01393364,78393.64234896,1.66368306,2015-09-23T00:00:00.000Z,2015-09-23T23:59:11.000Z,coinmarketcap_data_api_listings_historical
2015-09-23,272,NRS,NoirShares,noirshares,166,2477480.606737,0.03144864,77913.39553308,0.22014049,2015-09-23T00:00:00.000Z,2015-09-23T04:49:10.000Z,coinmarketcap_data_api_listings_historical
2015-09-23,29,CAP,Bottlecaps,bottlecaps,167,26856074.626007,0.00278182,74708.72847785,74.10611725,2015-09-23T00:00:00.000Z,2015-09-23T23:59:27.000Z,coinmarketcap_data_api_listings_historical
2015-09-23,624,BITCNY,bitCNY,bitcny,168,430130.8218,0.16709596,71873.12224437,85.84827423,2015-09-23T00:00:00.000Z,2015-09-23T23:59:17.000Z,coinmarketcap_data_api_listings_historical
2015-09-23,502,CARBON,Carboncoin,carboncoin,169,15367686038.2951,4.61e-06,70783.56108821,9.58683872,2015-09-23T00:00:00.000Z,2015-09-23T23:59:14.000Z,coinmarketcap_data_api_listings_historical
2015-09-23,58,SXC,Sexcoin,sexcoin,170,104647526.394311,0.00067477,70613.25303081,74.47317505,2015-09-23T00:00:00.000Z,2015-09-23T23:59:03.000Z,coinmarketcap_data_api_listings_historical
2015-09-23,573,BURST,Burst,burst,171,1080112784.0,6.491e-05,70106.71423268,197.35762024,2015-09-23T00:00:00.000Z,2015-09-23T23:59:16.000Z,coinmarketcap_data_api_listings_historical
2015-09-23,72,DEM,Deutsche eMark,deutsche-emark,172,17638454.287096,0.00386735,68214.10587019,32.96761322,2015-09-23T00:00:00.000Z,2015-09-23T23:59:06.000Z,coinmarketcap_data_api_listings_historical
2015-09-23,304,CDN,Canada eCoin,canada-ecoin,173,84320884.9069879,0.0007894,66562.97165745,40.24822998,2015-09-23T00:00:00.000Z,2015-09-23T23:59:10.000Z,coinmarketcap_data_api_listings_historical
2015-09-23,152,FLAP,FlappyCoin,flappycoin,174,69864678451.998,9.4e-07,65523.80915365,9.51713848,2015-09-23T00:00:00.000Z,2015-09-23T23:59:07.000Z,coinmarketcap_data_api_listings_historical
2015-09-23,81,MMC,Memorycoin,memorycoin,175,10073034.0287852,0.00629001,63359.50531278,0.10404532,2015-09-23T00:00:00.000Z,2015-09-23T23:59:06.000Z,coinmarketcap_data_api_listings_historical
2015-09-23,62,PTS,BitShares PTS,bitshares-pts,176,999999386.0,6.288e-05,62883.2399775,321.47805786,2015-09-23T00:00:00.000Z,2015-09-23T23:59:03.000Z,coinmarketcap_data_api_listings_historical
2015-09-23,450,TRUST,TrustPlus,trustplus,177,31839711.6541139,0.00193913,61741.21453338,51.9181366,2015-09-23T00:00:00.000Z,2015-09-23T23:59:13.000Z,coinmarketcap_data_api_listings_historical
2015-09-23,788,COVAL,Circuits of Value,circuits-of-value,178,400000000.0,0.0001543,61720.40011734,16.38260078,2015-09-23T00:00:00.000Z,2015-09-23T23:59:20.000Z,coinmarketcap_data_api_listings_historical
2015-09-23,268,XWC,WhiteCoin,whitecoin,179,306050350.01132,0.00019915,60949.47386211,404.86032104,2015-09-23T00:00:00.000Z,2015-09-23T23:59:10.000Z,coinmarketcap_data_api_listings_historical
2015-09-23,939,GAM,Gambit,gambit,180,1998992.76398017,0.029939,59847.84348815,33.01224899,2015-09-23T00:00:00.000Z,2015-09-23T23:59:24.000Z,coinmarketcap_data_api_listings_historical
2015-09-23,982,WS,Woodshares,woodshares,181,10208382.2714217,0.00570726,58261.86553904,299.78076172,2015-09-23T00:00:00.000Z,2015-09-23T23:59:26.000Z,coinmarketcap_data_api_listings_historical
2015-09-23,799,SMLY,SmileyCoin,smileycoin,182,25030940000.0,2.3e-06,57646.25416508,59.24885941,2015-09-23T00:00:00.000Z,2015-09-23T23:59:20.000Z,coinmarketcap_data_api_listings_historical
2015-09-23,314,OC,OrangeCoin,orangecoin,183,58334877.315582,0.00098799,57634.10241911,5.82616615,2015-09-23T00:00:00.000Z,2015-09-23T23:59:11.000Z,coinmarketcap_data_api_listings_historical
2015-09-23,978,XRA,Ratecoin,ratecoin,184,77298138.835764,0.00074391,57502.73929768,336.40588379,2015-09-23T00:00:00.000Z,2015-09-23T23:59:25.000Z,coinmarketcap_data_api_listings_historical
2015-09-23,57,SRC,SecureCoin,securecoin,185,2268625.0,0.02491766,56528.83128077,200.69000244,2015-09-23T00:00:00.000Z,2015-09-23T23:59:03.000Z,coinmarketcap_data_api_listings_historical
2015-09-23,532,NXTTY,Nxttycoin,nxttycoin,186,1000000000.0,5.602e-05,56017.6667932,21.28671265,2015-09-23T00:00:00.000Z,2015-09-23T23:59:15.000Z,coinmarketcap_data_api_listings_historical
2015-09-23,597,OPAL,Opal,opal,187,15028788.026403,0.00370285,55649.36295795,438.30157471,2015-09-23T00:00:00.000Z,2015-09-23T23:59:16.000Z,coinmarketcap_data_api_listings_historical
2015-09-23,406,BBR,Boolberry,boolberry,188,5213741.36305398,0.0105938,55233.33259596,135.47039795,2015-09-23T00:00:00.000Z,2015-09-23T23:59:12.000Z,coinmarketcap_data_api_listings_historical
2015-09-23,80,ORB,Orbitcoin,orbitcoin,189,2214777.279225,0.02488654,55118.13746644,17.48926926,2015-09-23T00:00:00.000Z,2015-09-23T23:59:05.000Z,coinmarketcap_data_api_listings_historical
2015-09-23,448,XST,Stealth,stealth,190,22306378.4893404,0.00229546,51203.47420305,8.14023685,2015-09-23T00:00:00.000Z,2015-09-23T23:59:13.000Z,coinmarketcap_data_api_listings_historical
2015-09-23,1015,SPEC,SPEC,spec,191,915318750.0,5.512e-05,50448.75577903,215.99740601,2015-09-23T00:00:00.000Z,2015-09-23T23:59:27.000Z,coinmarketcap_data_api_listings_historical
2015-09-23,10,FRC,Freicoin,freicoin,192,45962594.0,0.00107675,49490.08893583,86.14794922,2015-09-23T00:00:00.000Z,2015-09-23T23:59:27.000Z,coinmarketcap_data_api_listings_historical
2015-09-23,182,XMY,Myriad,myriad,193,1111495000.0,4.447e-05,49427.94601153,95.68640137,2015-09-23T00:00:00.000Z,2015-09-23T23:59:08.000Z,coinmarketcap_data_api_listings_historical
2015-09-23,111,USDE,USDe,usde,194,1121257842.6,4.376e-05,49062.88115574,3.77886796,2015-09-23T00:00:00.000Z,2015-09-23T23:59:06.000Z,coinmarketcap_data_api_listings_historical
2015-09-23,142,ARI,Aricoin,aricoin,195,140262505.130972,0.00033282,46681.93785111,284.46356201,2015-09-23T00:00:00.000Z,2015-09-23T23:59:07.000Z,coinmarketcap_data_api_listings_historical
2015-09-23,811,DEBUNE,DeBuNe,debune,196,230231.0,0.20129138,46343.51624125,12.0775032,2015-09-23T00:00:00.000Z,2015-09-23T23:59:21.000Z,coinmarketcap_data_api_listings_historical
2015-09-23,65,COL,Colossuscoin,colossuscoin,197,312889440517.26,1.4e-07,44834.1175575,119.51079559,2015-09-23T00:00:00.000Z,2015-09-23T23:59:03.000Z,coinmarketcap_data_api_listings_historical
2015-09-23,322,ENRG,Energycoin,energycoin,198,116546521.865016,0.00038,44287.09631843,47.46987915,2015-09-23T00:00:00.000Z,2015-09-23T23:59:11.000Z,coinmarketcap_data_api_listings_historical
2015-09-23,823,GEO,GeoCoin,geocoin,199,2184631.0613,0.02023342,44202.54703197,131.88005066,2015-09-23T00:00:00.000Z,2015-09-23T23:59:21.000Z,coinmarketcap_data_api_listings_historical
2015-09-23,103,RED,RedCoin,redcoin,200,70988107.0,0.0006061,43025.62838968,112.97512817,2015-09-23T00:00:00.000Z,2015-09-23T23:59:05.000Z,coinmarketcap_data_api_listings_historical
2015-09-23,218,FLT,FlutterCoin,fluttercoin,201,272912221.830896,0.00015677,42785.13460677,309.4369812,2015-09-23T00:00:00.000Z,2015-09-23T23:59:09.000Z,coinmarketcap_data_api_listings_historical
2015-09-23,164,MAZA,MAZA,mazacoin,202,802930100.0,5.297e-05,42531.71936575,183.04774475,2015-09-23T00:00:00.000Z,2015-09-23T23:59:08.000Z,coinmarketcap_data_api_listings_historical
2015-09-23,212,ECC,ECC,eccoin,203,19032923840.5546,2.21e-06,41987.9689322,28.43235207,2015-09-23T00:00:00.000Z,2015-09-23T23:59:08.000Z,coinmarketcap_data_api_listings_historical
2015-09-23,529,QBK,Qibuck,qibuck,204,516541.00358029,0.08025724,41456.15757116,136.8572998,2015-09-23T00:00:00.000Z,2015-09-23T23:59:15.000Z,coinmarketcap_data_api_listings_historical
2015-09-23,299,SHIBE,ShibeCoin,shibecoin,205,304683646.142471,0.00013588,41399.4982774,483.01919556,2015-09-23T00:00:00.000Z,2015-09-23T23:59:10.000Z,coinmarketcap_data_api_listings_historical
2015-09-23,374,ABY,ArtByte,artbyte,206,543226450.0,7.338e-05,39863.23195229,129.26441956,2015-09-23T00:00:00.000Z,2015-09-23T23:59:12.000Z,coinmarketcap_data_api_listings_historical
2015-09-23,926,BGCAFFE,Buongiorno Caffe,buongiorno-caffe,207,94877.3,0.4187367,39728.60715048,42.29240799,2015-09-23T00:00:00.000Z,2015-09-23T23:59:24.000Z,coinmarketcap_data_api_listings_historical
2015-09-23,989,MMBTCD,MMBTCD,mmbtcd,208,400000.0,0.09668165,38672.66178131,10.92502689,2015-09-23T00:00:00.000Z,2015-09-23T23:59:26.000Z,coinmarketcap_data_api_listings_historical
2015-09-23,510,LXC,Librexcoin,librexcoin,209,9771862.30995237,0.0039174,38280.32325131,11.65867996,2015-09-23T00:00:00.000Z,2015-09-23T23:59:14.000Z,coinmarketcap_data_api_listings_historical
2015-09-23,1051,MI,Xiaomicoin,xiaomicoin,210,403595477.054832,9.46e-05,38179.35394989,0.05477228,2015-09-23T00:00:00.000Z,2015-09-23T20:49:29.000Z,coinmarketcap_data_api_listings_historical
2015-09-23,375,VOOT,VootCoin,vootcoin,211,69280656.2239512,0.00054796,37963.22550894,0.77062988,2015-09-23T00:00:00.000Z,2015-09-23T23:59:13.000Z,coinmarketcap_data_api_listings_historical
2015-09-23,570,FIBRE,Fibre,fibre,212,634960.57733228,0.05936163,37692.29670605,63.27701569,2015-09-23T00:00:00.000Z,2015-09-23T23:59:16.000Z,coinmarketcap_data_api_listings_historical
2015-09-23,116,KARMA,Karmacoin,karmacoin,213,68291414065.0,5.4e-07,37155.19450807,465.32763672,2015-09-23T00:00:00.000Z,2015-09-23T23:59:06.000Z,coinmarketcap_data_api_listings_historical
2015-09-23,1026,AEON,Aeon,aeon,214,8026718.99118436,0.00449052,36044.12993811,58.06587601,2015-09-23T00:00:00.000Z,2015-09-23T23:59:27.000Z,coinmarketcap_data_api_listings_historical
2015-09-23,702,SPR,SpreadCoin,spreadcoin,215,3738030.99578163,0.0094423,35295.60859276,36.61701584,2015-09-23T00:00:00.000Z,2015-09-23T23:59:19.000Z,coinmarketcap_data_api_listings_historical
2015-09-23,595,NODE,Node,node,216,1000000000.0,3.461e-05,34614.00046945,0.0507672,2015-09-23T00:00:00.000Z,2015-09-23T16:19:18.000Z,coinmarketcap_data_api_listings_historical
2015-09-23,651,MARYJ,MaryJane,maryjane,217,15379971.0466651,0.00224595,34542.64311306,14.4052763,2015-09-23T00:00:00.000Z,2015-09-23T23:59:18.000Z,coinmarketcap_data_api_listings_historical
2015-09-23,4,TRC,Terracoin,terracoin,218,12481260.0,0.00276332,34489.71820674,459.58065796,2015-09-23T00:00:00.000Z,2015-09-23T23:59:00.000Z,coinmarketcap_data_api_listings_historical
2015-09-23,629,XMG,Magi,magi,219,3139872.00848227,0.01095863,34408.69744596,226.1781311,2015-09-23T00:00:00.000Z,2015-09-23T23:59:17.000Z,coinmarketcap_data_api_listings_historical
2015-09-23,567,XDP,Dogeparty,dogeparty,220,2678202.95467569,0.01268637,33976.66348204,0.12686366,2015-09-23T00:00:00.000Z,2015-09-23T06:39:16.000Z,coinmarketcap_data_api_listings_historical
2015-09-23,380,URO,Uro,uro,221,1090392.6,0.03115923,33975.79741404,190.54270935,2015-09-23T00:00:00.000Z,2015-09-23T23:59:12.000Z,coinmarketcap_data_api_listings_historical
2015-09-23,276,BITS,Bitstar,bitstar,222,18820916.473907,0.00174038,32755.58086932,123.6667099,2015-09-23T00:00:00.000Z,2015-09-23T23:59:10.000Z,coinmarketcap_data_api_listings_historical
2015-09-23,17,YAC,Yacoin,yacoin,223,66451327.0,0.00049021,32575.17589828,386.75170898,2015-09-23T00:00:00.000Z,2015-09-23T23:59:01.000Z,coinmarketcap_data_api_listings_historical
2015-09-23,106,BCX,BattleCoin,battlecoin,224,60552166.345652,0.00052947,32060.36752396,0.01447371,2015-09-23T00:00:00.000Z,2015-09-23T22:14:05.000Z,coinmarketcap_data_api_listings_historical
2015-09-23,789,NXS,Nexus,nexus,225,25830573.3019,0.00123441,31885.46638907,208.38209534,2015-09-23T00:00:00.000Z,2015-09-23T23:59:21.000Z,coinmarketcap_data_api_listings_historical
2015-09-23,572,RBBT,RabbitCoin,rabbitcoin,226,100715606023.488,3.2e-07,31746.61791132,3.152e-05,2015-09-23T00:00:00.000Z,2015-09-23T23:59:16.000Z,coinmarketcap_data_api_listings_historical
2015-09-23,277,XSI,StabilityShares,stabilityshares,227,9170104.11999298,0.00342088,31369.86053357,40.83509064,2015-09-23T00:00:00.000Z,2015-09-23T23:59:10.000Z,coinmarketcap_data_api_listings_historical
2015-09-23,729,BLITZ,Blitzcash,blitzcash,228,3874337.79393282,0.00808353,31318.32489774,20.27933121,2015-09-23T00:00:00.000Z,2015-09-23T23:59:20.000Z,coinmarketcap_data_api_listings_historical
2015-09-23,155,MRC,microCoin,microcoin,229,18399471978.4064,1.69e-06,31107.517727,1.69067454,2015-09-23T00:00:00.000Z,2015-09-23T23:59:07.000Z,coinmarketcap_data_api_listings_historical
2015-09-23,117,NOBL,NobleCoin,noblecoin,230,2241136886.15722,1.382e-05,30968.03016024,41.74052811,2015-09-23T00:00:00.000Z,2015-09-23T23:59:05.000Z,coinmarketcap_data_api_listings_historical
2015-09-23,616,HTML5,HTML5COIN,htmlcoin5,231,40659020000.0,7.5e-07,30326.16342478,83.22055817,2015-09-23T00:00:00.000Z,2015-09-23T23:59:17.000Z,coinmarketcap_data_api_listings_historical
2015-09-23,872,BCR,Bitcredits,bitcredits,232,20016182.9981032,0.00146701,29363.96171803,38.11733627,2015-09-23T00:00:00.000Z,2015-09-23T23:59:22.000Z,coinmarketcap_data_api_listings_historical
2015-09-23,145,DOPE,DopeCoin,dopecoin,233,139025864.005872,0.00020957,29136.06760367,38.95538712,2015-09-23T00:00:00.000Z,2015-09-23T23:59:07.000Z,coinmarketcap_data_api_listings_historical
2015-09-23,399,MIN,Mineralscoin,minerals,234,27304563.5460088,0.00106399,29051.67288242,0.80136383,2015-09-23T00:00:00.000Z,2015-09-23T23:59:13.000Z,coinmarketcap_data_api_listings_historical
2015-09-23,275,POP,PopularCoin,popularcoin,235,3146979519.48596,9.17e-06,28866.14932417,256.28704834,2015-09-23T00:00:00.000Z,2015-09-23T23:59:10.000Z,coinmarketcap_data_api_listings_historical
2015-09-23,550,LTBC,LTBcoin,ltbcoin,236,376603265.2999,7.6e-05,28621.47149125,1.02389073,2015-09-23T00:00:00.000Z,2015-09-23T23:59:15.000Z,coinmarketcap_data_api_listings_historical
2015-09-23,249,CESC,CryptoEscudo,cryptoescudo,237,144105100.0,0.00019627,28283.12905031,24.59840965,2015-09-23T00:00:00.000Z,2015-09-23T23:59:09.000Z,coinmarketcap_data_api_listings_historical
2015-09-23,169,CTM,ContinuumCoin,continuumcoin,238,88538349155.5938,3.2e-07,27908.21851865,3.15e-06,2015-09-23T00:00:00.000Z,2015-09-23T23:59:09.000Z,coinmarketcap_data_api_listings_historical
2015-09-23,279,CCN,CannaCoin,cannacoin,239,4651947.98671572,0.00577933,26885.16276599,400.73678589,2015-09-23T00:00:00.000Z,2015-09-23T23:59:10.000Z,coinmarketcap_data_api_listings_historical
2015-09-23,341,SUPER,SuperCoin,supercoin,240,33183105.8458409,0.00080676,26770.94296473,2.4034853,2015-09-23T00:00:00.000Z,2015-09-23T23:59:11.000Z,coinmarketcap_data_api_listings_historical
2015-09-23,12,BQC,BBQCoin,bbqcoin,241,44707521.56,0.00059417,26564.04797575,0.89087641,2015-09-23T00:00:00.000Z,2015-09-23T23:59:01.000Z,coinmarketcap_data_api_listings_historical
2015-09-23,951,SNRG,Synergy,synergy,242,654918.84679693,0.04021017,26334.39494594,30.77786827,2015-09-23T00:00:00.000Z,2015-09-23T23:59:24.000Z,coinmarketcap_data_api_listings_historical
2015-09-23,32,FST,Fastcoin,fastcoin,243,126764507.481737,0.00020747,26300.06509326,297.05224609,2015-09-23T00:00:00.000Z,2015-09-23T23:59:01.000Z,coinmarketcap_data_api_listings_historical
2015-09-23,688,MED,MediterraneanCoin,mediterraneancoin,244,39669116.9,0.00064565,25612.28557514,8.74324894,2015-09-23T00:00:00.000Z,2015-09-23T23:59:19.000Z,coinmarketcap_data_api_listings_historical
2015-09-23,501,XCN,Cryptonite,cryptonite,245,141541803.337208,0.00018035,25526.60362155,63.68692398,2015-09-23T00:00:00.000Z,2015-09-23T23:59:14.000Z,coinmarketcap_data_api_listings_historical
2015-09-23,644,BSTY,GlobalBoost-Y,globalboost-y,246,7735548.39046723,0.00329757,25508.5405715,390.93157959,2015-09-23T00:00:00.000Z,2015-09-23T23:59:18.000Z,coinmarketcap_data_api_listings_historical
2015-09-23,592,LTCD,LitecoinDark,litecoindark,247,78894059.9911901,0.00032271,25459.75016844,16.96525383,2015-09-23T00:00:00.000Z,2015-09-23T23:59:16.000Z,coinmarketcap_data_api_listings_historical
2015-09-23,853,LDOGE,LiteDoge,litedoge,248,8478556138.75,2.95e-06,25045.68877511,86.39820862,2015-09-23T00:00:00.000Z,2015-09-23T23:59:22.000Z,coinmarketcap_data_api_listings_historical
2015-09-23,151,PTC,Pesetacoin,pesetacoin,249,146657944.752,0.00016351,23980.48094806,17.47826385,2015-09-23T00:00:00.000Z,2015-09-23T23:59:07.000Z,coinmarketcap_data_api_listings_historical
2015-09-23,367,C2,Coin2.1,coin2-1,250,99976323.0,0.00023969,23963.31557962,0.05130854,2015-09-23T00:00:00.000Z,2015-09-23T23:59:12.000Z,coinmarketcap_data_api_listings_historical
2015-09-23,785,GP,GoldPieces,goldpieces,251,1118581.22343798,0.02096025,23445.73681049,1.28074288,2015-09-23T00:00:00.000Z,2015-09-23T21:49:20.000Z,coinmarketcap_data_api_listings_historical
2015-09-23,14,BTB,BitBar,bitbar,252,20357.810281,1.15133417,23438.64253219,0.16848461,2015-09-23T00:00:00.000Z,2015-09-23T23:59:02.000Z,coinmarketcap_data_api_listings_historical
2015-09-23,701,HAM,HamRadioCoin,hamradiocoin,253,4535381.24999991,0.00482697,21892.16159908,24.85811996,2015-09-23T00:00:00.000Z,2015-09-23T23:59:19.000Z,coinmarketcap_data_api_listings_historical
2015-09-23,638,TROLL,Trollcoin,trollcoin,254,4979472500.0,4.36e-06,21690.97326953,2.81386685,2015-09-23T00:00:00.000Z,2015-09-23T23:59:17.000Z,coinmarketcap_data_api_listings_historical
2015-09-23,468,TRK,Truckcoin,truckcoin,255,34852356.966331,0.0006215,21660.65120586,34.47279358,2015-09-23T00:00:00.000Z,2015-09-23T23:59:14.000Z,coinmarketcap_data_api_listings_historical
2015-09-23,298,NYC,NewYorkCoin,newyorkcoin,256,108413537404.029,2e-07,21442.92728188,45.82514191,2015-09-23T00:00:00.000Z,2015-09-23T23:59:10.000Z,coinmarketcap_data_api_listings_historical
2015-09-23,28,DBL,Doubloons,doubloons,257,4845824.4,0.00438798,21263.38439186,0.03562963,2015-09-23T00:00:00.000Z,2015-09-23T03:19:02.000Z,coinmarketcap_data_api_listings_historical
2015-09-23,867,MCZ,MangoCoinz,mangocoinz,258,1100373.29268,0.01929337,21229.91287078,74.11995697,2015-09-23T00:00:00.000Z,2015-09-23T23:59:22.000Z,coinmarketcap_data_api_listings_historical
2015-09-23,496,RIN,Ringo,ringo,259,102421488.815743,0.00020727,21228.90207169,7.73574686,2015-09-23T00:00:00.000Z,2015-09-23T23:59:15.000Z,coinmarketcap_data_api_listings_historical
2015-09-23,543,BTM,Bitmark,bitmark,260,944000.0,0.02129528,20102.74538398,19.05565071,2015-09-23T00:00:00.000Z,2015-09-23T23:59:15.000Z,coinmarketcap_data_api_listings_historical
2015-09-23,1073,STEPS,Steps,steps,261,15012310.004,0.00128975,19362.18775113,280.27297974,2015-09-23T00:00:00.000Z,2015-09-23T23:59:28.000Z,coinmarketcap_data_api_listings_historical
2015-09-23,627,SLG,Sterlingcoin,sterlingcoin,262,3881156.1090703,0.00492208,19103.3729447,17.61274529,2015-09-23T00:00:00.000Z,2015-09-23T23:59:17.000Z,coinmarketcap_data_api_listings_historical
2015-09-23,290,BLU,BlueCoin,bluecoin,263,569364651.113702,3.278e-05,18666.17644965,2.36545897,2015-09-23T00:00:00.000Z,2015-09-23T23:59:10.000Z,coinmarketcap_data_api_listings_historical
2015-09-23,652,XCH,ClearingHouse,clearinghouse,264,103807696.513561,0.00017963,18647.39102439,2.20960641,2015-09-23T00:00:00.000Z,2015-09-23T23:59:18.000Z,coinmarketcap_data_api_listings_historical
2015-09-23,760,OK,OKCash,okcash,265,55106814.766811,0.00033825,18639.97391354,124.39604187,2015-09-23T00:00:00.000Z,2015-09-23T23:59:20.000Z,coinmarketcap_data_api_listings_historical
2015-09-23,513,TIT,Titcoin,titcoin,266,35098633.65,0.00050724,17803.5599591,418.01602173,2015-09-23T00:00:00.000Z,2015-09-23T23:59:15.000Z,coinmarketcap_data_api_listings_historical
2015-09-23,606,FLDC,FoldingCoin,foldingcoin,267,215500000.0,8.248e-05,17775.12381886,23.5811348,2015-09-23T00:00:00.000Z,2015-09-23T23:59:16.000Z,coinmarketcap_data_api_listings_historical
2015-09-23,831,WBB,Wild Beast Block,wild-beast-block,268,440400.0,0.03983556,17543.58109385,318.75457764,2015-09-23T00:00:00.000Z,2015-09-23T23:59:22.000Z,coinmarketcap_data_api_listings_historical
2015-09-23,19,FRK,Franko,franko,269,516605.89912891,0.03348617,17299.15235762,9.12540817,2015-09-23T00:00:00.000Z,2015-09-23T23:59:27.000Z,coinmarketcap_data_api_listings_historical
2015-09-23,890,8BIT,8Bit,8bit,270,310437.18618273,0.05545213,17214.40227672,76.24452972,2015-09-23T00:00:00.000Z,2015-09-23T23:59:23.000Z,coinmarketcap_data_api_listings_historical
2015-09-23,265,COMM,CommunityCoin,communitycoin,271,1057344895.65236,1.621e-05,17143.54055854,14.45424557,2015-09-23T00:00:00.000Z,2015-09-23T23:59:10.000Z,coinmarketcap_data_api_listings_historical
2015-09-23,870,PURA,Pura,pura,272,147892832.0,0.00011515,17029.85907505,24.12659454,2015-09-23T00:00:00.000Z,2015-09-23T23:59:22.000Z,coinmarketcap_data_api_listings_historical
2015-09-23,201,EMC2,Einsteinium,einsteinium,273,176005450.561239,9.6e-05,16896.24595954,20.10268784,2015-09-23T00:00:00.000Z,2015-09-23T23:59:08.000Z,coinmarketcap_data_api_listings_historical
2015-09-23,76,PHS,Philosopher Stones,philosopher-stones,274,2429218.6911,0.00686755,16682.77140282,0.1316918,2015-09-23T00:00:00.000Z,2015-09-23T23:59:04.000Z,coinmarketcap_data_api_listings_historical
2015-09-23,114,TES,TeslaCoin,teslacoin,275,65140621.61327,0.00025404,16548.32932538,54.82863617,2015-09-23T00:00:00.000Z,2015-09-23T23:59:05.000Z,coinmarketcap_data_api_listings_historical
2015-09-23,904,BTX,BitcoinTX,bitcointx,276,65210508.6142799,0.00025333,16519.77905678,149.47328186,2015-09-23T00:00:00.000Z,2015-09-23T23:59:23.000Z,coinmarketcap_data_api_listings_historical
2015-09-23,337,CRYPT,CryptCoin,cryptcoin,277,6025010.97937781,0.00272154,16397.33462067,125.90847015,2015-09-23T00:00:00.000Z,2015-09-23T23:59:11.000Z,coinmarketcap_data_api_listings_historical
2015-09-23,96,EXC,Extremecoin,extremecoin,278,3679580.8045996,0.00441132,16231.81427873,5.40291834,2015-09-23T00:00:00.000Z,2015-09-23T23:59:05.000Z,coinmarketcap_data_api_listings_historical
2015-09-23,598,LSD,Lightspeed,lightspeed,279,767910.80976916,0.02061876,15833.36799359,24.3331871,2015-09-23T00:00:00.000Z,2015-09-23T23:59:16.000Z,coinmarketcap_data_api_listings_historical
2015-09-23,461,QTL,Quatloo,quatloo,280,5062001.87,0.00311516,15768.96186632,218.84194946,2015-09-23T00:00:00.000Z,2015-09-23T23:59:14.000Z,coinmarketcap_data_api_listings_historical
2015-09-23,102,MEOW,Kittehcoin,kittehcoin,281,23905669975.52,6.3e-07,15072.52994606,216.59492493,2015-09-23T00:00:00.000Z,2015-09-23T23:59:05.000Z,coinmarketcap_data_api_listings_historical
2015-09-23,815,KOBO,Kobocoin,kobocoin,282,24281292.4332135,0.0006172,14986.51084344,5.77215862,2015-09-23T00:00:00.000Z,2015-09-23T23:59:21.000Z,coinmarketcap_data_api_listings_historical
2015-09-23,748,NOXT,NobleNXT,noblenxt,283,551428.0,0.0264868,14605.56471987,113.383255,2015-09-23T00:00:00.000Z,2015-09-23T23:59:20.000Z,coinmarketcap_data_api_listings_historical
2015-09-23,719,VIP,Limitless VIP,limitless-vip,284,1244831842.0,1.151e-05,14334.23821474,6.8583293,2015-09-23T00:00:00.000Z,2015-09-23T23:59:19.000Z,coinmarketcap_data_api_listings_historical
2015-09-23,551,DONU,Donu,donu,285,7016237.68994736,0.0020245,14204.36946114,109.57305908,2015-09-23T00:00:00.000Z,2015-09-23T23:59:15.000Z,coinmarketcap_data_api_listings_historical
2015-09-23,660,DSH,Dashcoin,dashcoin,286,12058917.0,0.0011709,14119.771296,0.36733341,2015-09-23T00:00:00.000Z,2015-09-23T23:59:18.000Z,coinmarketcap_data_api_listings_historical
2015-09-23,1071,GSY,GenesysCoin,genesyscoin,287,1637416.5,0.00818656,13404.8101505,352.70935059,2015-09-23T00:00:00.000Z,2015-09-23T23:59:28.000Z,coinmarketcap_data_api_listings_historical
2015-09-23,306,SILK,Silkcoin,silkcoin,288,43643851.8781738,0.000304,13267.55636391,0.96381414,2015-09-23T00:00:00.000Z,2015-09-23T23:59:10.000Z,coinmarketcap_data_api_listings_historical
2015-09-23,883,TRON,Positron,positron,289,1636022.17233837,0.00775082,12680.51778589,53.65873718,2015-09-23T00:00:00.000Z,2015-09-23T23:59:23.000Z,coinmarketcap_data_api_listings_historical
2015-09-23,86,ASC,AsicCoin,asiccoin,290,538053250.5,2.301e-05,12380.80272241,13.77658272,2015-09-23T00:00:00.000Z,2015-09-23T23:59:06.000Z,coinmarketcap_data_api_listings_historical
2015-09-23,205,BTCS,Bitcoin Scrypt,bitcoin-scrypt,291,12792950.0,0.00095574,12226.7979432,60.4125061,2015-09-23T00:00:00.000Z,2015-09-23T23:59:09.000Z,coinmarketcap_data_api_listings_historical
2015-09-23,1049,020,020LondonCoin,o2olondoncoin,292,146309020248.347,8e-08,12070.24073001,24.65653419,2015-09-23T00:00:00.000Z,2015-09-23T23:59:28.000Z,coinmarketcap_data_api_listings_historical
2015-09-23,724,DTC,DayTraderCoin,daytradercoin,293,1124327.49705457,0.01071986,12052.63752021,0.47529715,2015-09-23T00:00:00.000Z,2015-09-23T22:59:20.000Z,coinmarketcap_data_api_listings_historical
2015-09-23,563,ROOT,RootCoin,rootcoin,294,1930146.85752502,0.00609374,11761.80951175,1.66533387,2015-09-23T00:00:00.000Z,2015-09-23T23:59:16.000Z,coinmarketcap_data_api_listings_historical
2015-09-23,100,PRT,Particle,particle,295,714506932.000451,1.612e-05,11518.56563254,1.37028503,2015-09-23T00:00:00.000Z,2015-09-23T23:59:05.000Z,coinmarketcap_data_api_listings_historical
2015-09-23,120,NYAN,Nyancoin,nyancoin,296,234183296.968906,4.856e-05,11371.81041453,102.66225433,2015-09-23T00:00:00.000Z,2015-09-23T23:59:06.000Z,coinmarketcap_data_api_listings_historical
2015-09-23,388,SFR,SaffronCoin,saffroncoin,297,20386026.0,0.00055502,11314.71386143,29.05176926,2015-09-23T00:00:00.000Z,2015-09-23T23:59:12.000Z,coinmarketcap_data_api_listings_historical
2015-09-23,386,PIGGY,Piggycoin,piggycoin,298,476602431.989144,2.303e-05,10976.15366728,26.67526245,2015-09-23T00:00:00.000Z,2015-09-23T23:59:13.000Z,coinmarketcap_data_api_listings_historical
2015-09-23,473,APEX,ApexCoin,apexcoin,299,6088386.10209,0.00180019,10960.2437302,23.22865486,2015-09-23T00:00:00.000Z,2015-09-23T23:59:14.000Z,coinmarketcap_data_api_listings_historical
2015-09-23,893,SLING,Sling,sling,300,924347.006,0.01171306,10826.92986826,43.61663055,2015-09-23T00:00:00.000Z,2015-09-23T23:59:23.000Z,coinmarketcap_data_api_listings_historical
2015-09-23,909,IEC,IvugeoCoin,ivugeocoin,301,902570.399999999,0.01192858,10766.3863768,123.97035217,2015-09-23T00:00:00.000Z,2015-09-23T23:59:23.000Z,coinmarketcap_data_api_listings_historical
2015-09-23,869,CRAVE,Crave,crave,302,708959.9799999,0.01504111,10663.54181844,76.41099548,2015-09-23T00:00:00.000Z,2015-09-23T23:59:22.000Z,coinmarketcap_data_api_listings_historical
2015-09-23,326,CHA,Chancecoin,chancecoin,303,516512.99579549,0.0201121,10388.1605713,0.32538626,2015-09-23T00:00:00.000Z,2015-09-23T23:59:11.000Z,coinmarketcap_data_api_listings_historical
2015-09-23,130,HUC,HunterCoin,huntercoin,304,4168170.0,0.00238393,9936.63289736,52.14212036,2015-09-23T00:00:00.000Z,2015-09-23T23:59:06.000Z,coinmarketcap_data_api_listings_historical
2015-09-23,934,PKB,ParkByte,parkbyte,305,4649578.33353621,0.002075,9647.88896473,14.02982998,2015-09-23T00:00:00.000Z,2015-09-23T23:59:24.000Z,coinmarketcap_data_api_listings_historical
2015-09-23,695,MNE,Munne,munne,306,4827746.75367595,0.00195755,9450.55539881,5.12686539,2015-09-23T00:00:00.000Z,2015-09-23T23:59:19.000Z,coinmarketcap_data_api_listings_historical
2015-09-23,125,BLC,Blakecoin,blakecoin,307,7905182.614066,0.00118145,9339.57871379,53.68748474,2015-09-23T00:00:00.000Z,2015-09-23T23:59:06.000Z,coinmarketcap_data_api_listings_historical
2015-09-23,60,CLR,Copperlark,copperlark,308,12996148.8888889,0.00071393,9278.3405713,1.90349519,2015-09-23T00:00:00.000Z,2015-09-23T23:59:03.000Z,coinmarketcap_data_api_listings_historical
2015-09-23,51,GLC,GlobalCoin,globalcoin,309,63889209.975,0.00014509,9269.62143717,1.79317784,2015-09-23T00:00:00.000Z,2015-09-23T23:59:02.000Z,coinmarketcap_data_api_listings_historical
2015-09-23,107,LEAF,LeafCoin,leafcoin,310,15322977852.8781,6e-07,9221.23170513,119.30924225,2015-09-23T00:00:00.000Z,2015-09-23T23:59:05.000Z,coinmarketcap_data_api_listings_historical
2015-09-23,472,KEY,KeyCoin,keycoin,311,930331.48982841,0.00987565,9187.63212486,0.20102386,2015-09-23T00:00:00.000Z,2015-09-23T23:59:14.000Z,coinmarketcap_data_api_listings_historical
2015-09-23,859,LOG,Woodcoin,woodcoin,312,7739532.74675009,0.0011538,8929.89582965,49.2679863,2015-09-23T00:00:00.000Z,2015-09-23T23:59:22.000Z,coinmarketcap_data_api_listings_historical
2015-09-23,1019,MANNA,Manna,manna,313,31222610.4483757,0.00028555,8915.64522744,137.3256073,2015-09-23T00:00:00.000Z,2015-09-23T23:59:27.000Z,coinmarketcap_data_api_listings_historical
2015-09-23,778,BITGOLD,bitGold,bitgold,314,7.775523,1146.15771484,8911.9756734,0.62817031,2015-09-23T00:00:00.000Z,2015-09-23T14:44:20.000Z,coinmarketcap_data_api_listings_historical
2015-09-23,633,EXCL,ExclusiveCoin,exclusivecoin,315,12503200.4851606,0.00070126,8767.96594217,7.41454411,2015-09-23T00:00:00.000Z,2015-09-23T23:59:17.000Z,coinmarketcap_data_api_listings_historical
2015-09-23,31,ARG,Argentum,argentum,316,4501607.44495494,0.00194143,8739.55117474,325.4887085,2015-09-23T00:00:00.000Z,2015-09-23T23:59:02.000Z,coinmarketcap_data_api_listings_historical
2015-09-23,284,DIEM,Diem,diem,317,21738543479.2446,4e-07,8685.55975135,1.56049192,2015-09-23T00:00:00.000Z,2015-09-23T23:59:10.000Z,coinmarketcap_data_api_listings_historical
2015-09-23,1036,AUM,Alexium,alexium,318,20167463.0682899,0.00042833,8638.25624268,17.95919609,2015-09-23T00:00:00.000Z,2015-09-23T23:59:27.000Z,coinmarketcap_data_api_listings_historical
2015-09-23,671,GAIA,GAIA,gaia,319,24101381.448726,0.00035236,8492.33862969,2.61994815,2015-09-23T00:00:00.000Z,2015-09-23T23:59:18.000Z,coinmarketcap_data_api_listings_historical
2015-09-23,417,COOL,CoolCoin,coolcoin,320,104047705.415854,8.061e-05,8386.76541268,0.27767363,2015-09-23T00:00:00.000Z,2015-09-23T23:59:13.000Z,coinmarketcap_data_api_listings_historical
2015-09-23,914,SPHR,Sphere,sphere,321,3028260.23603443,0.00276821,8382.84798673,157.55459595,2015-09-23T00:00:00.000Z,2015-09-23T23:59:23.000Z,coinmarketcap_data_api_listings_historical
2015-09-23,478,PSEUD,PseudoCash,pseudocoin,322,2190227.09143673,0.00381594,8357.77134087,0.00039001,2015-09-23T00:00:00.000Z,2015-09-23T19:59:14.000Z,coinmarketcap_data_api_listings_historical
2015-09-23,79,TGC,Tigercoin,tigercoin,323,36172952.253938,0.000228,8247.32483856,8.14686489,2015-09-23T00:00:00.000Z,2015-09-23T23:59:06.000Z,coinmarketcap_data_api_listings_historical
2015-09-23,35,PXC,Phoenixcoin,phoenixcoin,324,37709750.0,0.00020951,7900.63910032,10.06567192,2015-09-23T00:00:00.000Z,2015-09-23T23:59:02.000Z,coinmarketcap_data_api_listings_historical
2015-09-23,773,XAI,Sapience AIFX,sapience-aifx,325,684468.22556967,0.01150987,7878.14041796,348.22772217,2015-09-23T00:00:00.000Z,2015-09-23T23:59:20.000Z,coinmarketcap_data_api_listings_historical
2015-09-23,477,TRI,Triangles,triangles,326,59013.502318,0.13299273,7848.36675326,0.02448566,2015-09-23T00:00:00.000Z,2015-09-23T23:59:14.000Z,coinmarketcap_data_api_listings_historical
2015-09-23,449,ICB,IcebergCoin,icebergcoin,327,4531318.31128299,0.00172725,7826.71980424,0.16117649,2015-09-23T00:00:00.000Z,2015-09-23T23:59:13.000Z,coinmarketcap_data_api_listings_historical
2015-09-23,527,MWC,MultiWalletCoin,multiwalletcoin,328,27254738.2358011,0.00028557,7783.18994468,10.95619583,2015-09-23T00:00:00.000Z,2015-09-23T23:59:15.000Z,coinmarketcap_data_api_listings_historical
2015-09-23,191,HVC,Heavycoin,heavycoin,329,88290328.0,8.752e-05,7726.97729642,0.29240417,2015-09-23T00:00:00.000Z,2015-09-23T23:59:09.000Z,coinmarketcap_data_api_listings_historical
2015-09-23,427,XXX,XxXcoin,xxxcoin,330,36674856.60201,0.00020712,7596.15125791,0.02142623,2015-09-23T00:00:00.000Z,2015-09-23T21:59:13.000Z,coinmarketcap_data_api_listings_historical
2015-09-23,990,ZNY,Bitzeny,bitzeny,331,75614500.0,9.903e-05,7488.02825262,2.58438277,2015-09-23T00:00:00.000Z,2015-09-23T23:59:26.000Z,coinmarketcap_data_api_listings_historical
2015-09-23,366,BSD,BitSend,bitsend,332,7682400.0,0.00095381,7327.51281671,37.94671631,2015-09-23T00:00:00.000Z,2015-09-23T23:59:12.000Z,coinmarketcap_data_api_listings_historical
2015-09-23,430,SAT2,Saturn2Coin,saturn2coin,333,7867810.3700424,0.00092581,7284.0660613,1.23943341,2015-09-23T00:00:00.000Z,2015-09-23T23:59:13.000Z,coinmarketcap_data_api_listings_historical
2015-09-23,1060,MYSTIC,Mysticoin,mysticoin,334,44032026.68001,0.0001635,7199.27708421,0.50605148,2015-09-23T00:00:00.000Z,2015-09-23T23:59:28.000Z,coinmarketcap_data_api_listings_historical
2015-09-23,720,CRW,Crown,crown,335,5184390.0,0.0013818,7163.79033181,6.04004812,2015-09-23T00:00:00.000Z,2015-09-23T23:59:19.000Z,coinmarketcap_data_api_listings_historical
2015-09-23,22,LKY,Luckycoin,luckycoin,336,19280375.925,0.00036848,7104.43269985,1.39714885,2015-09-23T00:00:00.000Z,2015-09-23T23:59:01.000Z,coinmarketcap_data_api_listings_historical
2015-09-23,50,EMD,Emerald Crypto,emerald,337,15354767.41025,0.0004606,7072.40564916,40.95392609,2015-09-23T00:00:00.000Z,2015-09-23T23:59:02.000Z,coinmarketcap_data_api_listings_historical
2015-09-23,263,PLNC,PLNcoin,plncoin,338,17089600.0,0.00041224,7044.96520362,6.31070423,2015-09-23T00:00:00.000Z,2015-09-23T23:59:09.000Z,coinmarketcap_data_api_listings_historical
2015-09-23,196,SPA,SpainCoin,spaincoin,339,25034211.000005,0.00028097,7033.76194546,3.64150405,2015-09-23T00:00:00.000Z,2015-09-23T23:59:08.000Z,coinmarketcap_data_api_listings_historical
2015-09-23,882,CYP,Cypher,cypher,340,6365284.67510838,0.00105413,6709.82660349,58.78517914,2015-09-23T00:00:00.000Z,2015-09-23T23:59:22.000Z,coinmarketcap_data_api_listings_historical
2015-09-23,730,GCN,GCN Coin,gcn-coin,341,88621910000.0,7e-08,6607.78994895,8.22592449,2015-09-23T00:00:00.000Z,2015-09-23T23:59:19.000Z,coinmarketcap_data_api_listings_historical
2015-09-23,400,KORE,Kore,korecoin,342,1814346.151106,0.00359959,6530.90043333,53.63736725,2015-09-23T00:00:00.000Z,2015-09-23T23:59:13.000Z,coinmarketcap_data_api_listings_historical
2015-09-23,640,CRAIG,CraigsCoin,craigscoin,343,30033946.6438079,0.00021723,6524.25328096,0.00250168,2015-09-23T00:00:00.000Z,2015-09-23T19:44:17.000Z,coinmarketcap_data_api_listings_historical
2015-09-23,832,MTR,MasterTraderCoin,mastertradercoin,344,178215.403048299,0.03627225,6464.27367387,7.26367807,2015-09-23T00:00:00.000Z,2015-09-23T23:59:21.000Z,coinmarketcap_data_api_listings_historical
2015-09-23,311,OMC,Omnicoin,omnicoin,345,10754114.055583,0.00059878,6439.34837039,58.62016296,2015-09-23T00:00:00.000Z,2015-09-23T23:59:10.000Z,coinmarketcap_data_api_listings_historical
2015-09-23,154,MARS,Marscoin,marscoin,346,18863731.2896446,0.00034084,6429.58981199,6.41984749,2015-09-23T00:00:00.000Z,2015-09-23T23:59:09.000Z,coinmarketcap_data_api_listings_historical
2015-09-23,185,EXE,Execoin,execoin,347,17881067.0558543,0.00035466,6341.73524924,0.3535372,2015-09-23T00:00:00.000Z,2015-09-23T23:59:08.000Z,coinmarketcap_data_api_listings_historical
2015-09-23,728,HLC,HellasCoin,hellascoin,348,11938050.0,0.00052739,6295.97260512,0.45520177,2015-09-23T00:00:00.000Z,2015-09-23T23:59:19.000Z,coinmarketcap_data_api_listings_historical
2015-09-23,401,GUE,Guerillacoin,guerillacoin,349,4508408.63732727,0.00136823,6168.53406798,0.00329429,2015-09-23T00:00:00.000Z,2015-09-23T23:59:13.000Z,coinmarketcap_data_api_listings_historical
2015-09-23,745,DARK,DarkCoin,fudcoin,350,13061360.9006115,0.00046521,6076.22328912,32.49988937,2015-09-23T00:00:00.000Z,2015-09-23T23:59:20.000Z,coinmarketcap_data_api_listings_historical
2015-09-23,774,NKT,Nakamoto Dark,nakamotodark,351,88592977.2533181,6.679e-05,5916.8589233,0.1669675,2015-09-23T00:00:00.000Z,2015-09-23T23:59:20.000Z,coinmarketcap_data_api_listings_historical
2015-09-23,113,SMC,SmartCoin,smartcoin,352,19679861.972,0.00029939,5891.95383571,68.81494904,2015-09-23T00:00:00.000Z,2015-09-23T23:59:05.000Z,coinmarketcap_data_api_listings_historical
2015-09-23,1032,TX,TransferCoin,transfercoin,353,4937010.000295,0.00118365,5843.71483072,70.36815643,2015-09-23T00:00:00.000Z,2015-09-23T23:59:27.000Z,coinmarketcap_data_api_listings_historical
2015-09-23,451,TOR,TorCoin,torcoin,354,1522979.32351073,0.00382421,5824.19315483,0.00544585,2015-09-23T00:00:00.000Z,2015-09-23T17:14:16.000Z,coinmarketcap_data_api_listings_historical
2015-09-23,84,CAT,Catcoin,catcoin,355,2482349.98899,0.00231682,5751.1534022,4.2400527,2015-09-23T00:00:00.000Z,2015-09-23T23:59:04.000Z,coinmarketcap_data_api_listings_historical
2015-09-23,384,ELT,Electron,electron,356,12167045.771835,0.0004606,5604.14110818,43.76529312,2015-09-23T00:00:00.000Z,2015-09-23T23:59:12.000Z,coinmarketcap_data_api_listings_historical
2015-09-23,696,DSB,DarkShibe,darkshibe,357,1257907.7240548,0.00445278,5601.19090209,0.04505578,2015-09-23T00:00:00.000Z,2015-09-23T00:49:19.000Z,coinmarketcap_data_api_listings_historical
2015-09-23,594,BUN,BunnyCoin,bunnycoin,358,98071438505.6697,6e-08,5533.55320063,0.85011953,2015-09-23T00:00:00.000Z,2015-09-23T23:59:16.000Z,coinmarketcap_data_api_listings_historical
2015-09-23,70,BET,BetaCoin,betacoin,359,21607302.0,0.00025333,5473.77811703,28.23676109,2015-09-23T00:00:00.000Z,2015-09-23T23:59:04.000Z,coinmarketcap_data_api_listings_historical
2015-09-23,391,FRAC,Fractalcoin,fractalcoin,360,735421.61886,0.00741796,5455.33027455,0.17574672,2015-09-23T00:00:00.000Z,2015-09-23T23:59:12.000Z,coinmarketcap_data_api_listings_historical
2015-09-23,370,FCN,Fantomcoin,fantomcoin,361,2929569.76386575,0.0018424,5397.43916505,0.20093215,2015-09-23T00:00:00.000Z,2015-09-23T23:59:12.000Z,coinmarketcap_data_api_listings_historical
2015-09-23,68,XJO,Joulecoin,joulecoin,362,22912304.0,0.00023491,5382.23754934,8.35348225,2015-09-23T00:00:00.000Z,2015-09-23T23:59:03.000Z,coinmarketcap_data_api_listings_historical
2015-09-23,38,KGC,Krugercoin,krugercoin,363,134151057.8,3.915e-05,5251.76059303,2.14871693,2015-09-23T00:00:00.000Z,2015-09-23T23:59:28.000Z,coinmarketcap_data_api_listings_historical
2015-09-23,144,CORG,CorgiCoin,corgicoin,364,90191202249.0,6e-08,5054.09654297,0.08956631,2015-09-23T00:00:00.000Z,2015-09-23T23:59:07.000Z,coinmarketcap_data_api_listings_historical
2015-09-23,797,NKA,IncaKoin,incakoin,365,1086432431.71382,4.61e-06,5004.10772362,7.86363029,2015-09-23T00:00:00.000Z,2015-09-23T23:59:21.000Z,coinmarketcap_data_api_listings_historical
2015-09-23,908,DRZ,Droidz,droidz,366,5109026.31690052,0.00096505,4930.48435752,58.15003204,2015-09-23T00:00:00.000Z,2015-09-23T23:59:23.000Z,coinmarketcap_data_api_listings_historical
2015-09-23,706,MUE,MonetaryUnit,monetaryunit,367,70533679.975,6.906e-05,4870.82493398,188.30355835,2015-09-23T00:00:00.000Z,2015-09-23T23:59:19.000Z,coinmarketcap_data_api_listings_historical
2015-09-23,9,MNC,Mincoin,mincoin,368,1721350.0,0.00276821,4765.05130248,0.81055194,2015-09-23T00:00:00.000Z,2015-09-23T23:59:01.000Z,coinmarketcap_data_api_listings_historical
2015-09-23,47,SPT,Spots,spots,369,16584316.979492,0.00028557,4736.01646941,3.18264914,2015-09-23T00:00:00.000Z,2015-09-23T23:59:03.000Z,coinmarketcap_data_api_listings_historical
2015-09-23,1064,PRIME,PrimeChain,primechain,370,3520023.548998,0.00133104,4685.2771714,54.04841232,2015-09-23T00:00:00.000Z,2015-09-23T23:59:28.000Z,coinmarketcap_data_api_listings_historical
2015-09-23,1048,MAD,SatoshiMadness,satoshimadness,371,2000655780.32618,2.3e-06,4605.16931257,0.23018301,2015-09-23T00:00:00.000Z,2015-09-23T12:39:28.000Z,coinmarketcap_data_api_listings_historical
2015-09-23,784,XBS,BitStake,bitstake,372,1305326.07264858,0.00352401,4599.98374381,2.02152872,2015-09-23T00:00:00.000Z,2015-09-23T23:59:20.000Z,coinmarketcap_data_api_listings_historical
2015-09-23,677,CZC,CzechCrownCoin,czechcrowncoin,373,4110230.0,0.00110842,4555.84424555,9.16706848,2015-09-23T00:00:00.000Z,2015-09-23T23:59:18.000Z,coinmarketcap_data_api_listings_historical
2015-09-23,434,AM,AeroMe,aerocoin,374,12095708.7944116,0.00037539,4540.5960898,4.19262552,2015-09-23T00:00:00.000Z,2015-09-23T23:59:13.000Z,coinmarketcap_data_api_listings_historical
2015-09-23,261,ADN,Aiden,aiden,375,14639403.0,0.0003086,4517.74905319,9.74789238,2015-09-23T00:00:00.000Z,2015-09-23T23:59:09.000Z,coinmarketcap_data_api_listings_historical
2015-09-23,960,FJC,FujiCoin,fujicoin,376,383852687.0,1.151e-05,4419.37475536,4.49050331,2015-09-23T00:00:00.000Z,2015-09-23T23:59:25.000Z,coinmarketcap_data_api_listings_historical
2015-09-23,382,GRN,Granite,granitecoin,377,23294700.0,0.00018653,4345.13937559,7.69522667,2015-09-23T00:00:00.000Z,2015-09-23T23:59:12.000Z,coinmarketcap_data_api_listings_historical
2015-09-23,1054,BRE,BREAKcoin,breakcoin,378,779393.68755787,0.00551528,4298.57274249,31.18361664,2015-09-23T00:00:00.000Z,2015-09-23T23:59:28.000Z,coinmarketcap_data_api_listings_historical
2015-09-23,560,GB,GreenBacks,greenbacks,379,21302662.4892087,0.00020071,4275.6545438,0.14677148,2015-09-23T00:00:00.000Z,2015-09-23T16:29:17.000Z,coinmarketcap_data_api_listings_historical
2015-09-23,416,THC,HempCoin,hempcoin,380,167558889.1735,2.533e-05,4244.76932931,0.94021124,2015-09-23T00:00:00.000Z,2015-09-23T23:59:13.000Z,coinmarketcap_data_api_listings_historical
2015-09-23,101,KDC,KlondikeCoin,klondikecoin,381,7320629.0,0.00057575,4214.85228196,0.27301508,2015-09-23T00:00:00.000Z,2015-09-23T23:59:07.000Z,coinmarketcap_data_api_listings_historical
2015-09-23,293,XBC,Bitcoin Plus,bitcoin-plus,382,57026.783488,0.07243626,4130.80681287,5.70466471,2015-09-23T00:00:00.000Z,2015-09-23T23:59:10.000Z,coinmarketcap_data_api_listings_historical
2015-09-23,177,MRY,Murraycoin,murraycoin,383,29798337.61,0.00013818,4117.53416287,14.92865372,2015-09-23T00:00:00.000Z,2015-09-23T23:59:08.000Z,coinmarketcap_data_api_listings_historical
2015-09-23,34,BTG,Bitgem,bitgem,384,34075.479207,0.11791129,4017.88385047,22.61122894,2015-09-23T00:00:00.000Z,2015-09-23T23:59:01.000Z,coinmarketcap_data_api_listings_historical
2015-09-23,601,ACOIN,Acoin,acoin,385,1114193.24999981,0.00357195,3979.84583946,6.6653223,2015-09-23T00:00:00.000Z,2015-09-23T23:59:16.000Z,coinmarketcap_data_api_listings_historical
2015-09-23,157,CAGE,CageCoin,cagecoin,386,98743658395.0,4e-08,3904.63661965,0.41758603,2015-09-23T00:00:00.000Z,2015-09-23T23:59:07.000Z,coinmarketcap_data_api_listings_historical
2015-09-23,174,LTB,LiteBar,litebar,387,176737.0,0.02170649,3836.33923754,0.30494788,2015-09-23T00:00:00.000Z,2015-09-23T23:59:08.000Z,coinmarketcap_data_api_listings_historical
2015-09-23,194,OSC,OpenSourcecoin,opensourcecoin,388,4740162.0,0.00080375,3809.89089954,0.82991213,2015-09-23T00:00:00.000Z,2015-09-23T23:59:08.000Z,coinmarketcap_data_api_listings_historical
2015-09-23,20,ELC,Elacoin,elacoin,389,516026.70084809,0.0073719,3804.0987487,2.28924561,2015-09-23T00:00:00.000Z,2015-09-23T23:59:05.000Z,coinmarketcap_data_api_listings_historical
2015-09-23,134,CACH,CacheCoin,cachecoin,390,2465237.818643,0.00152919,3769.82187615,4.75049114,2015-09-23T00:00:00.000Z,2015-09-23T23:59:06.000Z,coinmarketcap_data_api_listings_historical
2015-09-23,656,PXI,Prime-XI,prime-xi,391,4524561.3764839,0.00083138,3761.64336299,324.22937012,2015-09-23T00:00:00.000Z,2015-09-23T23:59:18.000Z,coinmarketcap_data_api_listings_historical
2015-09-23,1055,BOT,Botcoin,botcoin,392,40904.82000001,0.09185298,3757.22952631,11.51414967,2015-09-23T00:00:00.000Z,2015-09-23T23:59:28.000Z,coinmarketcap_data_api_listings_historical
2015-09-23,395,RZR,Razor,razor,393,1999895.002274,0.00185382,3707.44569179,0.66195458,2015-09-23T00:00:00.000Z,2015-09-23T23:59:12.000Z,coinmarketcap_data_api_listings_historical
2015-09-23,665,VDO,Vidio,vidio,394,21200445.669255,0.00017273,3661.84709569,3.32532072,2015-09-23T00:00:00.000Z,2015-09-23T23:59:18.000Z,coinmarketcap_data_api_listings_historical
2015-09-23,423,MCN,MonetaVerde,monetaverde,395,17598064.584666,0.00020727,3647.55086104,10.67217541,2015-09-23T00:00:00.000Z,2015-09-23T23:59:13.000Z,coinmarketcap_data_api_listings_historical
2015-09-23,393,GLYPH,Glyph,glyph,396,2295268.22366842,0.00158572,3639.65324034,1.44709408,2015-09-23T00:00:00.000Z,2015-09-23T06:19:12.000Z,coinmarketcap_data_api_listings_historical
2015-09-23,437,JUDGE,Judgecoin,judgecoin,397,11753004.5323804,0.00029939,3518.73200301,9.7474308,2015-09-23T00:00:00.000Z,2015-09-23T23:59:13.000Z,coinmarketcap_data_api_listings_historical
2015-09-23,921,UNIT,Universal Currency,universal-currency,398,10776857.4042872,0.00031603,3405.84910129,52.20708847,2015-09-23T00:00:00.000Z,2015-09-23T23:59:24.000Z,coinmarketcap_data_api_listings_historical
2015-09-23,1052,VEC2,VectorAI,vector,399,12132895.0,0.00027802,3373.18448018,56.3971138,2015-09-23T00:00:00.000Z,2015-09-23T23:59:28.000Z,coinmarketcap_data_api_listings_historical
2015-09-23,497,KUMA,Kumacoin,kumacoin,400,182512439.850082,1.842e-05,3362.6091536,0.25715297,2015-09-23T00:00:00.000Z,2015-09-23T23:59:15.000Z,coinmarketcap_data_api_listings_historical
2015-09-23,1059,XEMP,EmpoCredits,empocredits,401,16081548.6978705,0.00020725,3332.97665971,362.58789063,2015-09-23T00:00:00.000Z,2015-09-23T23:59:28.000Z,coinmarketcap_data_api_listings_historical
2015-09-23,842,BITZ,Bitz,bitz,402,1964571.66486273,0.00166381,3268.67282137,22.04160118,2015-09-23T00:00:00.000Z,2015-09-23T23:59:22.000Z,coinmarketcap_data_api_listings_historical
2015-09-23,733,XQN,Quotient,quotient,403,12531614.1575231,0.00026024,3261.21475383,5.60433674,2015-09-23T00:00:00.000Z,2015-09-23T23:59:19.000Z,coinmarketcap_data_api_listings_historical
2015-09-23,957,VCN,Vcoin,vcoin,404,9040031.25,0.00035696,3226.97475344,6.35236025,2015-09-23T00:00:00.000Z,2015-09-23T23:59:25.000Z,coinmarketcap_data_api_listings_historical
2015-09-23,1077,CYT,Cryptokenz,cryptokenz,405,76125.30647818,0.04181488,3183.17044748,91.89016724,2015-09-23T00:00:00.000Z,2015-09-23T23:59:29.000Z,coinmarketcap_data_api_listings_historical
2015-09-23,722,QSLV,Quicksilver,quicksilver,406,3480029.20048081,0.00089356,3109.62888795,0.30462703,2015-09-23T00:00:00.000Z,2015-09-23T23:59:19.000Z,coinmarketcap_data_api_listings_historical
2015-09-23,857,SONG,SongCoin,songcoin,407,12117500.0,0.00025563,3097.63287813,0.7164771,2015-09-23T00:00:00.000Z,2015-09-23T23:59:22.000Z,coinmarketcap_data_api_listings_historical
2015-09-23,958,G3N,G3N,genstake,408,1909398.0,0.0016121,3078.14061455,172.67012024,2015-09-23T00:00:00.000Z,2015-09-23T23:59:25.000Z,coinmarketcap_data_api_listings_historical
2015-09-23,88,RPC,RonPaulCoin,ronpaulcoin,409,246147.92169891,0.01244311,3062.84552209,34.22675323,2015-09-23T00:00:00.000Z,2015-09-23T23:59:04.000Z,coinmarketcap_data_api_listings_historical
2015-09-23,821,GIVE,GiveCoin,givecoin,410,220740000.0,1.382e-05,3050.18538573,23.43209839,2015-09-23T00:00:00.000Z,2015-09-23T23:59:21.000Z,coinmarketcap_data_api_listings_historical
2015-09-23,171,BAT,BatCoin,batcoin,411,6481010000.0,4.6e-07,2971.46524099,139.44358826,2015-09-23T00:00:00.000Z,2015-09-23T23:59:08.000Z,coinmarketcap_data_api_listings_historical
2015-09-23,259,LYC,Lycancoin,lycancoin,412,257833790.80048,1.151e-05,2968.95600871,164.65362549,2015-09-23T00:00:00.000Z,2015-09-23T23:59:10.000Z,coinmarketcap_data_api_listings_historical
2015-09-23,453,SHLD,ShieldCoin,shield,413,1095474.94478749,0.00269165,2948.63571609,0.00102776,2015-09-23T00:00:00.000Z,2015-09-23T14:14:15.000Z,coinmarketcap_data_api_listings_historical
2015-09-23,613,CKC,Checkcoin,checkcoin,414,18436435.0,0.0001566,2887.21948424,1.38608825,2015-09-23T00:00:00.000Z,2015-09-23T23:59:17.000Z,coinmarketcap_data_api_listings_historical
2015-09-23,69,DTC,Datacoin,datacoin,415,1713492.0,0.00165527,2836.28571266,9.27422047,2015-09-23T00:00:00.000Z,2015-09-23T23:59:03.000Z,coinmarketcap_data_api_listings_historical
2015-09-23,1079,BSTK,BattleStake,battlestake,416,50156.46233238,0.05641934,2829.79426608,353.85586548,2015-09-23T00:00:00.000Z,2015-09-23T23:59:29.000Z,coinmarketcap_data_api_listings_historical
2015-09-23,1076,FRDC,FreedomCoin,freedomcoin,417,400017.02752295,0.00690849,2763.51357722,107.50712585,2015-09-23T00:00:00.000Z,2015-09-23T23:59:29.000Z,coinmarketcap_data_api_listings_historical
2015-09-23,159,CASH,Cashcoin,cashcoin,418,4551861.242451,0.00058496,2662.66595212,28.49762917,2015-09-23T00:00:00.000Z,2015-09-23T23:59:07.000Z,coinmarketcap_data_api_listings_historical
2015-09-23,490,BNCR,Bancorcoin,bancorcoin,419,5496448.00000001,0.00048133,2645.58886018,0.02383703,2015-09-23T00:00:00.000Z,2015-09-23T23:59:14.000Z,coinmarketcap_data_api_listings_historical
2015-09-23,26,JKC,Junkcoin,junkcoin,420,13961400.0,0.00018885,2636.5544827,0.42788357,2015-09-23T00:00:00.000Z,2015-09-23T23:59:01.000Z,coinmarketcap_data_api_listings_historical
2015-09-23,631,UTIL,UtilityCoin,utilitycoin,421,3741360.74081311,0.00069454,2598.52091203,0.40861306,2015-09-23T00:00:00.000Z,2015-09-23T00:19:17.000Z,coinmarketcap_data_api_listings_historical
2015-09-23,30,NRB,Noirbits,noirbits,422,2251240.0,0.0011515,2592.30294316,0.84938461,2015-09-23T00:00:00.000Z,2015-09-23T23:59:06.000Z,coinmarketcap_data_api_listings_historical
2015-09-23,837,XCO,X-Coin,x-coin,423,11011096.0,0.00023491,2586.57245254,1.40792525,2015-09-23T00:00:00.000Z,2015-09-23T23:59:21.000Z,coinmarketcap_data_api_listings_historical
2015-09-23,475,CNL,ConcealCoin,concealcoin,424,10026047.2388076,0.00025679,2574.62945906,0.20354137,2015-09-23T00:00:00.000Z,2015-09-23T05:19:14.000Z,coinmarketcap_data_api_listings_historical
2015-09-23,338,QCN,QuazarCoin,quazarcoin-old,425,2782412.28740002,0.0009212,2563.15811942,2.49231577,2015-09-23T00:00:00.000Z,2015-09-23T23:59:11.000Z,coinmarketcap_data_api_listings_historical
2015-09-23,565,BOB,Dobbscoin,dobbscoin,426,3623820.00000001,0.00069964,2535.35536058,0.18532044,2015-09-23T00:00:00.000Z,2015-09-23T18:44:16.000Z,coinmarketcap_data_api_listings_historical
2015-09-23,849,ASN,Ascension,ascension,427,18882390.8245783,0.00013357,2522.19636607,150.0634613,2015-09-23T00:00:00.000Z,2015-09-23T23:59:22.000Z,coinmarketcap_data_api_listings_historical
2015-09-23,1065,FONZ,Fonziecoin,fonziecoin,428,273419133.781146,9.21e-06,2518.55102418,0.10071196,2015-09-23T00:00:00.000Z,2015-09-23T23:59:29.000Z,coinmarketcap_data_api_listings_historical
2015-09-23,165,BEN,Benjamins,benjamins,429,2427600.0,0.00102253,2482.2986837,1.20255589,2015-09-23T00:00:00.000Z,2015-09-23T23:59:07.000Z,coinmarketcap_data_api_listings_historical
2015-09-23,545,HAL,Halcyon,halcyon,430,2526984.24332022,0.00097877,2473.34893501,8.94418049,2015-09-23T00:00:00.000Z,2015-09-23T23:59:15.000Z,coinmarketcap_data_api_listings_historical
2015-09-23,149,ZED,Zedcoin,zedcoin,431,11262359.9,0.00021879,2464.03545699,1.60539436,2015-09-23T00:00:00.000Z,2015-09-23T23:59:07.000Z,coinmarketcap_data_api_listings_historical
2015-09-23,614,CRACK,CrackCoin,crackcoin,432,6004131.96732481,0.00040763,2447.47040348,0.00209309,2015-09-23T00:00:00.000Z,2015-09-23T23:59:16.000Z,coinmarketcap_data_api_listings_historical
2015-09-23,666,AU,Aurum Coin,aurum-coin,433,233415.5,0.0103635,2419.00144881,7.47527075,2015-09-23T00:00:00.000Z,2015-09-23T23:59:18.000Z,coinmarketcap_data_api_listings_historical
2015-09-23,264,CAIx,CAIx,caix,434,1618027.10665404,0.00147162,2381.11623909,2.88700056,2015-09-23T00:00:00.000Z,2015-09-23T23:59:10.000Z,coinmarketcap_data_api_listings_historical
2015-09-23,878,CC,CyberCoin,cybercoin,435,507429041.657274,4.61e-06,2337.21813932,8.16705513,2015-09-23T00:00:00.000Z,2015-09-23T23:59:23.000Z,coinmarketcap_data_api_listings_historical
2015-09-23,593,XCASH,XCash,xcash,436,2457531.9003235,0.00093272,2292.17691133,1.49654078,2015-09-23T00:00:00.000Z,2015-09-23T23:59:16.000Z,coinmarketcap_data_api_listings_historical
2015-09-23,568,ULTC,Umbrella-LTC,umbrella-ltc,437,678880.0,0.00323111,2193.53520129,0.22419141,2015-09-23T00:00:00.000Z,2015-09-23T23:59:16.000Z,coinmarketcap_data_api_listings_historical
2015-09-23,135,TOP,TopCoin,topcoin,438,28711434.019071,7.6e-05,2182.04026881,0.18294644,2015-09-23T00:00:00.000Z,2015-09-23T23:59:07.000Z,coinmarketcap_data_api_listings_historical
2015-09-23,955,DRKT,DarkTron,darktron,439,872871.70100273,0.00241453,2107.57320408,25.16296577,2015-09-23T00:00:00.000Z,2015-09-23T23:59:25.000Z,coinmarketcap_data_api_listings_historical
2015-09-23,1045,DCRE,DeltaCredits,deltacredits,440,98117.75279389,0.02072547,2033.53654556,58.96377563,2015-09-23T00:00:00.000Z,2015-09-23T23:59:28.000Z,coinmarketcap_data_api_listings_historical
2015-09-23,668,GHC,GamerholicCoin,gamerholiccoin,441,780330.40711699,0.00255403,1992.9848491,3.60489058,2015-09-23T00:00:00.000Z,2015-09-23T23:59:18.000Z,coinmarketcap_data_api_listings_historical
2015-09-23,203,ALN,Aliencoin,aliencoin,442,24726090.0998,7.83e-05,1936.10231873,0.23862104,2015-09-23T00:00:00.000Z,2015-09-23T23:59:09.000Z,coinmarketcap_data_api_listings_historical
2015-09-23,868,OCTO,Octo,octo,443,25650229.172998,7.176e-05,1840.61373176,0.18969391,2015-09-23T00:00:00.000Z,2015-09-23T05:54:22.000Z,coinmarketcap_data_api_listings_historical
2015-09-23,1031,GRF,Graffiti,graffiti,444,20015399.5948164,8.998e-05,1801.0590488,2.69225478,2015-09-23T00:00:00.000Z,2015-09-23T23:59:27.000Z,coinmarketcap_data_api_listings_historical
2015-09-23,900,007,007Coin,007coin,445,750202.5,0.00238361,1788.18651358,2.9787643,2015-09-23T00:00:00.000Z,2015-09-23T23:59:23.000Z,coinmarketcap_data_api_listings_historical
2015-09-23,973,GENI,Geniuscoin,geniuscoin,446,756971000.0,2.3e-06,1743.30419319,0.27636001,2015-09-23T00:00:00.000Z,2015-09-23T23:59:25.000Z,coinmarketcap_data_api_listings_historical
2015-09-23,700,FFC,FireFlyCoin,fireflycoin,447,92727600.0,1.848e-05,1713.84346177,0.00924128,2015-09-23T00:00:00.000Z,2015-09-23T14:44:19.000Z,coinmarketcap_data_api_listings_historical
2015-09-23,557,RIPO,RipoffCoin,ripoffcoin,448,8678475.0,0.00019575,1698.85485235,1.53270984,2015-09-23T00:00:00.000Z,2015-09-23T23:59:15.000Z,coinmarketcap_data_api_listings_historical
2015-09-23,864,BTCRY,BitCrystal,bitcrystal,449,244830116.0184,6.91e-06,1691.53130802,0.1207555,2015-09-23T00:00:00.000Z,2015-09-23T23:59:22.000Z,coinmarketcap_data_api_listings_historical
2015-09-23,1021,CHIP,ChipCoin,chipcoin,450,8450544.0,0.00018365,1551.93663792,341.49758911,2015-09-23T00:00:00.000Z,2015-09-23T23:59:27.000Z,coinmarketcap_data_api_listings_historical
2015-09-23,971,DIBS,Dibbits,dibbits,451,501402.18122148,0.0029499,1479.08535736,4.97979307,2015-09-23T00:00:00.000Z,2015-09-23T23:59:25.000Z,coinmarketcap_data_api_listings_historical
2015-09-23,1068,LTD,LimitedCoin,limitedcoin,452,63.9999976,23.02830505,1473.81146817,0.90725052,2015-09-23T00:00:00.000Z,2015-09-23T23:59:28.000Z,coinmarketcap_data_api_listings_historical
2015-09-23,230,HIRO,Hirocoin,hirocoin,453,89328800.0,1.612e-05,1440.06950751,23.69929695,2015-09-23T00:00:00.000Z,2015-09-23T23:59:09.000Z,coinmarketcap_data_api_listings_historical
2015-09-23,554,CAPT,CAPTcoin,captcoin,454,692550.609746,0.00205839,1425.54058272,0.19831818,2015-09-23T00:00:00.000Z,2015-09-23T00:59:15.000Z,coinmarketcap_data_api_listings_historical
2015-09-23,924,SHELL,ShellCoin,shellcoin,455,18113996.0,7.83e-05,1418.36212339,4.68371248,2015-09-23T00:00:00.000Z,2015-09-23T23:59:24.000Z,coinmarketcap_data_api_listings_historical
2015-09-23,432,CYC,Conspiracycoin,conspiracycoin,456,11839912.924,0.00011976,1417.90058525,3.38411808,2015-09-23T00:00:00.000Z,2015-09-23T23:59:13.000Z,coinmarketcap_data_api_listings_historical
2015-09-23,795,SOON,SoonCoin,sooncoin,457,12188790.0,0.00011512,1403.14092865,107.50287628,2015-09-23T00:00:00.000Z,2015-09-23T23:59:20.000Z,coinmarketcap_data_api_listings_historical
2015-09-23,312,GUN,Guncoin,guncoin,458,66699828.0,2.063e-05,1376.19259334,1.3493104,2015-09-23T00:00:00.000Z,2015-09-23T23:59:10.000Z,coinmarketcap_data_api_listings_historical
2015-09-23,991,FIC,Full Integrity Coin,full-integrity-coin,459,328099050.0,4.11e-06,1349.84638992,0.97203928,2015-09-23T00:00:00.000Z,2015-09-23T23:59:26.000Z,coinmarketcap_data_api_listings_historical
2015-09-23,1020,AXIOM,Axiom,axiom,460,1647964.22027556,0.00079892,1316.58734571,78.76946259,2015-09-23T00:00:00.000Z,2015-09-23T23:59:27.000Z,coinmarketcap_data_api_listings_historical
2015-09-23,146,CGA,Cryptographic Anomaly,cryptographic-anomaly,461,207041.61448353,0.00633325,1311.24632289,1.57568264,2015-09-23T00:00:00.000Z,2015-09-23T23:59:07.000Z,coinmarketcap_data_api_listings_historical
2015-09-23,708,GAP,Gapcoin,gapcoin,462,2152468.11894878,0.00059417,1278.94064316,9.61875343,2015-09-23T00:00:00.000Z,2015-09-23T23:59:19.000Z,coinmarketcap_data_api_listings_historical
2015-09-23,871,ANAL,AnalCoin,analcoin,463,184166.78751957,0.006909,1272.40837579,0.034545,2015-09-23T00:00:00.000Z,2015-09-23T23:59:22.000Z,coinmarketcap_data_api_listings_historical
2015-09-23,241,RT2,RotoCoin,rotocoin,464,65193.5,0.01924157,1254.42502249,0.01951317,2015-09-23T00:00:00.000Z,2015-09-23T23:59:09.000Z,coinmarketcap_data_api_listings_historical
2015-09-23,956,XCE,Cerium,cerium,465,2329920.93457902,0.0005343,1244.86738338,0.16069412,2015-09-23T00:00:00.000Z,2015-09-23T23:59:25.000Z,coinmarketcap_data_api_listings_historical
2015-09-23,408,WKC,WankCoin,wankcoin,466,5028250.00000001,0.00024181,1215.90625422,0.04329179,2015-09-23T00:00:00.000Z,2015-09-23T23:59:13.000Z,coinmarketcap_data_api_listings_historical
2015-09-23,175,PHO,Photon,photon,467,8485389111.48794,1.4e-07,1215.7653693,0.10957863,2015-09-23T00:00:00.000Z,2015-09-23T23:59:08.000Z,coinmarketcap_data_api_listings_historical
2015-09-23,968,BOD,Bloodcoin,bloodcoin,468,260927305.07,4.61e-06,1201.8311535,0.29290476,2015-09-23T00:00:00.000Z,2015-09-23T23:59:25.000Z,coinmarketcap_data_api_listings_historical
2015-09-23,166,TAK,TakCoin,takcoin,469,169950240.0,6.91e-06,1174.18623346,30.63952255,2015-09-23T00:00:00.000Z,2015-09-23T23:59:07.000Z,coinmarketcap_data_api_listings_historical
2015-09-23,566,AXR,Axron,axron,470,1075900.0,0.00106168,1142.26479889,0.44986191,2015-09-23T00:00:00.000Z,2015-09-23T23:59:16.000Z,coinmarketcap_data_api_listings_historical
2015-09-23,935,M1,Supply Shock,supply-shock,471,34683.24674313,0.03204624,1111.46777218,25.57048225,2015-09-23T00:00:00.000Z,2015-09-23T23:59:24.000Z,coinmarketcap_data_api_listings_historical
2015-09-23,618,CHILD,X-Children,x-children,472,2108135.0,0.00052508,1106.9479055,1.86473906,2015-09-23T00:00:00.000Z,2015-09-23T23:59:16.000Z,coinmarketcap_data_api_listings_historical
2015-09-23,983,MTLMC3,Metal Music Coin,metal-music-coin,473,45913132.472636,2.303e-05,1057.37940795,0.86092895,2015-09-23T00:00:00.000Z,2015-09-23T23:59:26.000Z,coinmarketcap_data_api_listings_historical
2015-09-23,653,BVC,BeaverCoin,beavercoin,474,2737794.0,0.00038354,1050.06713181,4.34327126,2015-09-23T00:00:00.000Z,2015-09-23T23:59:18.000Z,coinmarketcap_data_api_listings_historical
2015-09-23,343,XDQ,Dirac,dirac,475,451885.0,0.00219496,991.86998189,1.05358136,2015-09-23T00:00:00.000Z,2015-09-23T06:39:11.000Z,coinmarketcap_data_api_listings_historical
2015-09-23,781,UIS,Unitus,unitus,476,10625831.6803495,9.212e-05,978.85158394,9.05864811,2015-09-23T00:00:00.000Z,2015-09-23T23:59:20.000Z,coinmarketcap_data_api_listings_historical
2015-09-23,1069,INFX,Influxcoin,influxcoin,477,277950.0,0.00346209,962.28847685,9.47390079,2015-09-23T00:00:00.000Z,2015-09-23T23:59:28.000Z,coinmarketcap_data_api_listings_historical
2015-09-23,302,VMC,VirtualMiningCoin,virtualminingcoin,478,103240142.395261,9.24e-06,954.04216036,0.11557025,2015-09-23T00:00:00.000Z,2015-09-23T15:09:11.000Z,coinmarketcap_data_api_listings_historical
2015-09-23,1028,SJW,SJWCoin,sjwcoin,479,410925000.07102,2.3e-06,946.29037613,0.14968395,2015-09-23T00:00:00.000Z,2015-09-23T23:59:27.000Z,coinmarketcap_data_api_listings_historical
2015-09-23,138,ICN,iCoin,icoin,480,23751050.0,3.915e-05,929.87736419,0.16149788,2015-09-23T00:00:00.000Z,2015-09-23T23:59:07.000Z,coinmarketcap_data_api_listings_historical
2015-09-23,1038,EUC,Eurocoin,eurocoin,481,2768431.81530003,0.00033391,924.4080151,0.36596575,2015-09-23T00:00:00.000Z,2015-09-23T23:59:28.000Z,coinmarketcap_data_api_listings_historical
2015-09-23,834,GSM,GSMcoin,gsmcoin,482,1824148.20006089,0.00045604,831.89091139,5.59446049,2015-09-23T00:00:00.000Z,2015-09-23T21:29:22.000Z,coinmarketcap_data_api_listings_historical
2015-09-23,217,BELA,Bela,belacoin,483,6118900.0,0.00013588,831.41774499,6.5279274,2015-09-23T00:00:00.000Z,2015-09-23T23:59:09.000Z,coinmarketcap_data_api_listings_historical
2015-09-23,1029,TENNET,TenneT,tennet,484,4871696.24515573,0.00017041,830.18291927,4.42982721,2015-09-23T00:00:00.000Z,2015-09-23T23:59:27.000Z,coinmarketcap_data_api_listings_historical
2015-09-23,938,ARB,ARbit,arbit,485,1918665.0,0.0003735,716.62292537,20.98479843,2015-09-23T00:00:00.000Z,2015-09-23T23:59:24.000Z,coinmarketcap_data_api_listings_historical
2015-09-23,632,ROS,RosCoin,roscoin,486,75787225.8951754,9.21e-06,698.15191701,10.50183201,2015-09-23T00:00:00.000Z,2015-09-23T23:59:17.000Z,coinmarketcap_data_api_listings_historical
2015-09-23,1067,CAID,Coinaid,coinaid,487,100643070.368211,6.91e-06,695.29163739,14.8150425,2015-09-23T00:00:00.000Z,2015-09-23T23:59:29.000Z,coinmarketcap_data_api_listings_historical
2015-09-23,202,HEX,Heisenberg,heisenberg,488,12473553843.0,6e-08,692.11423106,0.10879316,2015-09-23T00:00:00.000Z,2015-09-23T23:59:08.000Z,coinmarketcap_data_api_listings_historical
2015-09-23,954,BITEUR,bitEUR,biteur,489,618.5998,1.10669148,684.59912799,34.49666977,2015-09-23T00:00:00.000Z,2015-09-23T23:59:25.000Z,coinmarketcap_data_api_listings_historical
2015-09-23,356,BTQ,BitQuark,bitquark,490,3836109.35073,0.00017503,671.42657121,6.37559748,2015-09-23T00:00:00.000Z,2015-09-23T23:59:11.000Z,coinmarketcap_data_api_listings_historical
2015-09-23,1035,AMS,AmsterdamCoin,amsterdamcoin,491,6473600.053,9.211e-05,596.3040254,25.22943878,2015-09-23T00:00:00.000Z,2015-09-23T23:59:27.000Z,coinmarketcap_data_api_listings_historical
2015-09-23,992,CYC,Cycling Coin,cycling-coin,492,15202692.1270021,3.915e-05,595.20060307,41.4093132,2015-09-23T00:00:00.000Z,2015-09-23T23:59:26.000Z,coinmarketcap_data_api_listings_historical
2015-09-23,999,CHC,ChainCoin,chaincoin,493,9064656.0,6.218e-05,563.60778636,0.42331752,2015-09-23T00:00:00.000Z,2015-09-23T23:59:26.000Z,coinmarketcap_data_api_listings_historical
2015-09-23,944,EQM,Equilibrium,equilibrium,494,1121524.1075,0.00049745,557.89995257,7.30809832,2015-09-23T00:00:00.000Z,2015-09-23T23:59:24.000Z,coinmarketcap_data_api_listings_historical
2015-09-23,675,BDSM,BDSM,bdsm,495,11913988.1396,4.605e-05,548.58910955,0.92091602,2015-09-23T00:00:00.000Z,2015-09-23T22:29:18.000Z,coinmarketcap_data_api_listings_historical
2015-09-23,308,CRT,CRTCoin,crtcoin,496,79270.3032220006,0.006909,547.67854253,6.91e-06,2015-09-23T00:00:00.000Z,2015-09-23T23:59:10.000Z,coinmarketcap_data_api_listings_historical
2015-09-23,945,BTA,Bata,bata,497,2797076.5,0.0001928,539.270117,4.81475925,2015-09-23T00:00:00.000Z,2015-09-23T23:59:24.000Z,coinmarketcap_data_api_listings_historical
2015-09-23,997,TAGR,TAGRcoin,tagrcoin,498,38669633.7973801,1.39e-05,537.61540193,0.21063176,2015-09-23T00:00:00.000Z,2015-09-23T03:29:27.000Z,coinmarketcap_data_api_listings_historical
2015-09-23,917,CHIPS,SmartChips,smartchips,499,1456206.18394243,0.00036848,536.58283797,87.03907776,2015-09-23T00:00:00.000Z,2015-09-23T23:59:24.000Z,coinmarketcap_data_api_listings_historical
2015-09-23,975,TAM,Tamagucci,tamagucci,500,2000000.0,0.00026724,534.48858671,32.03660202,2015-09-23T00:00:00.000Z,2015-09-23T21:44:28.000Z,coinmarketcap_data_api_listings_historical
2015-09-23,236,NEC,Neocoin,neocoin,501,6150310.116329,8.291e-05,509.90992211,7.51131678,2015-09-23T00:00:00.000Z,2015-09-23T23:59:09.000Z,coinmarketcap_data_api_listings_historical
2015-09-23,676,FETISH,Fetish,fetish,502,1220170.07855001,0.00040649,495.99289944,0.01691823,2015-09-23T00:00:00.000Z,2015-09-23T19:04:18.000Z,coinmarketcap_data_api_listings_historical
2015-09-23,1033,GCC,GuccioneCoin,guccionecoin,503,5821757.0,7.599e-05,442.41505051,16.43047142,2015-09-23T00:00:00.000Z,2015-09-23T23:59:27.000Z,coinmarketcap_data_api_listings_historical
2015-09-23,1000,ZOOM,Zoom,zoom,504,43647.24240294,0.00855334,373.32978999,3.59404111,2015-09-23T00:00:00.000Z,2015-09-23T23:59:26.000Z,coinmarketcap_data_api_listings_historical
2015-09-23,143,PRC,ProsperCoin,prospercoin,505,907770.0,0.00041011,372.28414648,2.36521292,2015-09-23T00:00:00.000Z,2015-09-23T21:04:06.000Z,coinmarketcap_data_api_listings_historical
2015-09-23,998,CPN,CompuCoin,compucoin,506,13379252.0,2.764e-05,369.74901624,0.00700376,2015-09-23T00:00:00.000Z,2015-09-23T23:59:26.000Z,coinmarketcap_data_api_listings_historical
2015-09-23,739,GUA,Guarany,guarany,507,261555.0,0.00138871,363.22376796,3.55091739,2015-09-23T00:00:00.000Z,2015-09-23T23:59:19.000Z,coinmarketcap_data_api_listings_historical
2015-09-23,1058,SPACE,SpaceCoin,spacecoin,508,1403866.73779381,0.00025331,355.61530864,1.68585122,2015-09-23T00:00:00.000Z,2015-09-23T23:59:28.000Z,coinmarketcap_data_api_listings_historical
2015-09-23,993,BSC,BowsCoin,bowscoin,509,3376700.0,0.00010133,342.16776358,3.61266088,2015-09-23T00:00:00.000Z,2015-09-23T23:59:26.000Z,coinmarketcap_data_api_listings_historical
2015-09-23,385,DON,Donationcoin,donationcoin,510,4607050.0,7.37e-05,339.52115294,94.7447052,2015-09-23T00:00:00.000Z,2015-09-23T23:59:12.000Z,coinmarketcap_data_api_listings_historical
2015-09-23,994,ACP,AnarchistsPrime,anarchistsprime,511,1660981.8232999,0.00018194,302.19403938,0.93903214,2015-09-23T00:00:00.000Z,2015-09-23T23:59:26.000Z,coinmarketcap_data_api_listings_historical
2015-09-23,431,LIT,Lightcoin,lightcoin,512,5115467.74774968,5.527e-05,282.74213945,8.17599773,2015-09-23T00:00:00.000Z,2015-09-23T23:59:13.000Z,coinmarketcap_data_api_listings_historical
2015-09-23,981,XVI,Vibranium,vibranium,513,866600.500216,0.00027175,235.50214375,3.12590575,2015-09-23T00:00:00.000Z,2015-09-23T23:59:26.000Z,coinmarketcap_data_api_listings_historical
2015-09-23,765,CFN,ConfessionCoin,confessioncoin,514,9149580.0,2.533e-05,231.78630959,0.87511694,2015-09-23T00:00:00.000Z,2015-09-23T23:59:20.000Z,coinmarketcap_data_api_listings_historical
2015-09-23,1043,FCASH,FutureCash,futurecash,515,9964727.0933873,2.303e-05,229.47072839,0.7646662,2015-09-23T00:00:00.000Z,2015-09-23T23:59:28.000Z,coinmarketcap_data_api_listings_historical
2015-09-23,952,XPH,Pharma,pharma,516,97620100.0985336,2.3e-06,224.81908797,0.22079322,2015-09-23T00:00:00.000Z,2015-09-23T23:59:25.000Z,coinmarketcap_data_api_listings_historical
2015-09-23,892,LEA,LeaCoin,leacoin,517,86221400.0,2.3e-06,198.56788194,0.10182304,2015-09-23T00:00:00.000Z,2015-09-23T23:59:23.000Z,coinmarketcap_data_api_listings_historical
2015-09-23,932,TB,TeleBET,telebet,518,338456.0,0.00058036,196.42496718,0.30135447,2015-09-23T00:00:00.000Z,2015-09-23T23:59:24.000Z,coinmarketcap_data_api_listings_historical
2015-09-23,950,NANAS,BananaBits,bananabits,519,639608.020052,0.00030142,192.79086648,3.09656072,2015-09-23T00:00:00.000Z,2015-09-23T23:59:25.000Z,coinmarketcap_data_api_listings_historical
2015-09-23,959,UNIC,UniCoin,unicoin,520,2358523.8718,8.061e-05,190.10881935,0.04519233,2015-09-23T00:00:00.000Z,2015-09-23T23:59:25.000Z,coinmarketcap_data_api_listings_historical
2015-09-23,936,TNG,TuringCoin,turingcoin,521,6863880.08263165,2.759e-05,189.37841051,6.74168253,2015-09-23T00:00:00.000Z,2015-09-23T23:59:24.000Z,coinmarketcap_data_api_listings_historical
2015-09-23,1013,2BACCO,2BACCO,2bacco,522,11576317.0760004,1.614e-05,186.80899606,0.00304762,2015-09-23T00:00:00.000Z,2015-09-23T13:34:28.000Z,coinmarketcap_data_api_listings_historical
2015-09-23,670,LMR,LemurCoin,lemurcoin,523,100000.0,0.00142169,142.16911513,0.09558787,2015-09-23T00:00:00.000Z,2015-09-23T23:59:18.000Z,coinmarketcap_data_api_listings_historical
2015-09-23,1025,CS,CryptoSpots,cryptospots,524,5138442.60390146,2.763e-05,141.99551578,1.10996401,2015-09-23T00:00:00.000Z,2015-09-23T23:59:27.000Z,coinmarketcap_data_api_listings_historical
2015-09-23,802,CETI,Cetuscoin,cetuscoin,525,4961220.0,2.764e-05,137.10827887,0.09513746,2015-09-23T00:00:00.000Z,2015-09-23T23:59:21.000Z,coinmarketcap_data_api_listings_historical
2015-09-23,303,VGC,VegasCoin,vegascoin,526,29487180.0,4.61e-06,135.81794954,0.05223665,2015-09-23T00:00:00.000Z,2015-09-23T23:59:10.000Z,coinmarketcap_data_api_listings_historical
2015-09-23,747,BCF,Bitcoin Fast,bitcoinfast,527,1434281.0,9.212e-05,132.12596161,0.7138176,2015-09-23T00:00:00.000Z,2015-09-23T23:59:20.000Z,coinmarketcap_data_api_listings_historical
2015-09-23,654,DP,DigitalPrice,digitalprice,528,3633880.0,2.764e-05,100.42590984,6.1856966,2015-09-23T00:00:00.000Z,2015-09-23T23:59:18.000Z,coinmarketcap_data_api_listings_historical
2015-09-23,390,DRS,[Deprecated] Denarius,deprecated-denarius,529,1148800.0,7.879e-05,90.51735275,0.01029407,2015-09-23T00:00:00.000Z,2015-09-23T06:54:12.000Z,coinmarketcap_data_api_listings_historical
2015-09-23,966,HUN,Hundredcoin,hundredcoin,530,17537600.0,3.73e-06,65.33133125,0.03572184,2015-09-23T00:00:00.000Z,2015-09-23T23:59:25.000Z,coinmarketcap_data_api_listings_historical
2015-09-23,933,CTO,Crypto,crypto,531,726237.51998839,8.291e-05,60.2109016,307.70355225,2015-09-23T00:00:00.000Z,2015-09-23T23:59:24.000Z,coinmarketcap_data_api_listings_historical
2015-09-23,903,SIGU,Singular,singular,532,709211.51867711,8.291e-05,58.79930986,15.50394821,2015-09-23T00:00:00.000Z,2015-09-23T23:59:23.000Z,coinmarketcap_data_api_listings_historical
2015-09-23,898,CF,Californium,californium,533,111110.0,0.00042605,47.33896998,3.60604429,2015-09-23T00:00:00.000Z,2015-09-23T23:59:23.000Z,coinmarketcap_data_api_listings_historical
2015-09-23,844,$MINEW,InstaMineNuggets A,instaminenuggets-minew,534,1473803.125,2.541e-05,37.45582172,0.00830954,2015-09-23T00:00:00.000Z,2015-09-23T15:54:22.000Z,coinmarketcap_data_api_listings_historical
2015-09-23,843,$MINE,InstaMineNuggets,instaminenuggets-mine,535,1108212.0,3.137e-05,34.76944463,5.9e-05,2015-09-23T00:00:00.000Z,2015-09-23T11:59:21.000Z,coinmarketcap_data_api_listings_historical
2015-09-23,984,HEDG,HedgeCoin,hedgecoin,536,4852489.001,4.61e-06,22.35056408,0.02303,2015-09-23T00:00:00.000Z,2015-09-23T23:59:26.000Z,coinmarketcap_data_api_listings_historical
2015-09-23,1012,CHAO,23 Skidoo,23-skidoo,537,,2809.45263672,0.0,0.36351508,2015-09-23T00:00:00.000Z,2015-09-23T23:59:27.000Z,coinmarketcap_data_api_listings_historical
2015-09-23,972,XFC,Forevercoin,forevercoin,538,,11.52762508,0.0,3439.10375977,2015-09-23T00:00:00.000Z,2015-09-23T01:29:26.000Z,coinmarketcap_data_api_listings_historical
2015-09-23,899,TP1,KolschCoin,kolschcoin,539,,0.59869444,0.0,398.02697754,2015-09-23T00:00:00.000Z,2015-09-23T23:59:23.000Z,coinmarketcap_data_api_listings_historical
2015-09-23,1022,LEO,LEOcoin,leocoin,540,,0.41276413,0.0,29761.29296875,2015-09-23T00:00:00.000Z,2015-09-23T23:59:27.000Z,coinmarketcap_data_api_listings_historical
2015-09-23,841,SAK,Sharkcoin,sharkcoin,541,,0.20493774,0.0,1500306.5,2015-09-23T00:00:00.000Z,2015-09-23T23:59:21.000Z,coinmarketcap_data_api_listings_historical
2015-09-23,855,UNC,UNCoin,uncoin,542,,0.12726556,0.0,225.11732483,2015-09-23T00:00:00.000Z,2015-09-23T23:59:22.000Z,coinmarketcap_data_api_listings_historical
2015-09-23,1037,AGRS,Agoras Tokens,agoras-tokens,543,,0.10991488,0.0,5.49574375,2015-09-23T00:00:00.000Z,2015-09-23T13:34:29.000Z,coinmarketcap_data_api_listings_historical
2015-09-23,1008,CPC,Capricoin,capricoin,544,,0.10700071,0.0,73.04050446,2015-09-23T00:00:00.000Z,2015-09-23T23:59:27.000Z,coinmarketcap_data_api_listings_historical
2015-09-23,1017,NOC,Nocturna,nocturna,545,,0.10239775,0.0,4.93774891,2015-09-23T00:00:00.000Z,2015-09-23T23:59:27.000Z,coinmarketcap_data_api_listings_historical
2015-09-23,940,ABC,Asset Backed Coin,asset-backed-coin,546,,0.0915914,0.0,44928.33203125,2015-09-23T00:00:00.000Z,2015-09-23T23:59:24.000Z,coinmarketcap_data_api_listings_historical
2015-09-23,321,NAUT,NautilusCoin,nautiluscoin,547,,0.08743018,0.0,2073.37670898,2015-09-23T00:00:00.000Z,2015-09-23T23:59:11.000Z,coinmarketcap_data_api_listings_historical
2015-09-23,969,SHELL,ShellPay,shellpay,548,,0.0521803,0.0,5.2804575,2015-09-23T00:00:00.000Z,2015-09-23T23:59:25.000Z,coinmarketcap_data_api_listings_historical
2015-09-23,1063,BCY,BitCrystals,bitcrystals,549,,0.01749786,0.0,351.31170654,2015-09-23T00:00:00.000Z,2015-09-23T23:59:28.000Z,coinmarketcap_data_api_listings_historical
2015-09-23,1006,FUTC,FutCoin,futcoin,550,,0.0117453,0.0,246.44468689,2015-09-23T00:00:00.000Z,2015-09-23T23:59:26.000Z,coinmarketcap_data_api_listings_historical
2015-09-23,1044,GCR,Global Currency Reserve,global-currency-reserve,551,,0.01174443,0.0,30406.05273438,2015-09-23T00:00:00.000Z,2015-09-23T23:59:28.000Z,coinmarketcap_data_api_listings_historical
2015-09-23,1024,SPC,SpikesPrivateCoin,spikesprivatecoin,552,,0.01151415,0.0,11.18984509,2015-09-23T00:00:00.000Z,2015-09-23T23:59:27.000Z,coinmarketcap_data_api_listings_historical
2015-09-23,953,BNB,BnB Coin,bnb-coin,553,,0.00904849,0.0,1.4532299,2015-09-23T00:00:00.000Z,2015-09-23T23:59:25.000Z,coinmarketcap_data_api_listings_historical
2015-09-23,1078,XUP,UPcoin,upcoin,554,,0.00807142,0.0,1216.77160645,2015-09-23T00:00:00.000Z,2015-09-23T23:59:29.000Z,coinmarketcap_data_api_listings_historical
2015-09-23,1061,STHR,Stakerush,stakerush,555,,0.00467656,0.0,0.18228176,2015-09-23T00:00:00.000Z,2015-09-23T00:14:28.000Z,coinmarketcap_data_api_listings_historical
2015-09-23,986,CREVA,CrevaCoin,crevacoin,556,,0.0039151,0.0,311.41217041,2015-09-23T00:00:00.000Z,2015-09-23T23:59:26.000Z,coinmarketcap_data_api_listings_historical
2015-09-23,897,XSEED,BitSeeds,bitseeds,557,,0.00390589,0.0,1.00343788,2015-09-23T00:00:00.000Z,2015-09-23T23:59:23.000Z,coinmarketcap_data_api_listings_historical
2015-09-23,880,CRY,CRYcoin,crycoin,558,,0.0034568,0.0,3.10110474,2015-09-23T00:00:00.000Z,2015-09-23T23:59:23.000Z,coinmarketcap_data_api_listings_historical
2015-09-23,1040,SDP,SydPak,sydpak,559,,0.00209558,0.0,1.63426554,2015-09-23T00:00:00.000Z,2015-09-23T23:59:28.000Z,coinmarketcap_data_api_listings_historical
2015-09-23,911,AIB,Advanced Internet Blocks,advanced-internet-blocks,560,,0.0018424,0.0,60.43465424,2015-09-23T00:00:00.000Z,2015-09-23T23:59:23.000Z,coinmarketcap_data_api_listings_historical
2015-09-23,15,BTE,Bytecoin,bytecoin-bte,561,,0.00173646,0.0,63.09832382,2015-09-23T00:00:00.000Z,2015-09-23T23:59:00.000Z,coinmarketcap_data_api_listings_historical
2015-09-23,39,CRC,CraftCoin,craftcoin,562,,0.00115611,0.0,1.93525541,2015-09-23T00:00:00.000Z,2015-09-23T23:59:06.000Z,coinmarketcap_data_api_listings_historical
2015-09-23,1011,OFF,Cthulhu Offerings,cthulhu-offerings,563,,0.00104551,0.0,0.00977372,2015-09-23T00:00:00.000Z,2015-09-23T17:39:28.000Z,coinmarketcap_data_api_listings_historical
2015-09-23,920,XSD,SounDAC,bitshares-music,564,,0.00093039,0.0,106.23778534,2015-09-23T00:00:00.000Z,2015-09-23T23:59:23.000Z,coinmarketcap_data_api_listings_historical
2015-09-23,609,DT,DarkToken,darktoken,565,,0.0009235,0.0,5.0912919,2015-09-23T00:00:00.000Z,2015-09-23T23:59:17.000Z,coinmarketcap_data_api_listings_historical
2015-09-23,874,XPB,Pebblecoin,pebblecoin,566,,0.00059187,0.0,6.68679047,2015-09-23T00:00:00.000Z,2015-09-23T23:59:22.000Z,coinmarketcap_data_api_listings_historical
2015-09-23,360,MOTO,Motocoin,motocoin,567,,0.00057575,0.0,1240.50512695,2015-09-23T00:00:00.000Z,2015-09-23T23:59:11.000Z,coinmarketcap_data_api_listings_historical
2015-09-23,11,CNC,CHNCoin,chncoin,568,,0.00052724,0.0,330.01254272,2015-09-23T00:00:00.000Z,2015-09-23T23:59:05.000Z,coinmarketcap_data_api_listings_historical
2015-09-23,1074,CLT,Cleverbot,cleverbot,569,,0.00052044,0.0,98.42510223,2015-09-23T00:00:00.000Z,2015-09-23T23:59:29.000Z,coinmarketcap_data_api_listings_historical
2015-09-23,988,IRL,IrishCoin,irishcoin,570,,0.0004606,0.0,6.31235266,2015-09-23T00:00:00.000Z,2015-09-23T23:59:26.000Z,coinmarketcap_data_api_listings_historical
2015-09-23,454,AGS,Aegis,aegis,571,,0.00039151,0.0,0.6237663,2015-09-23T00:00:00.000Z,2015-09-23T23:59:13.000Z,coinmarketcap_data_api_listings_historical
2015-09-23,790,FSC2,FriendshipCoin 2,friendshipcoin2,572,,0.00035466,0.0,0.42269722,2015-09-23T00:00:00.000Z,2015-09-23T23:59:20.000Z,coinmarketcap_data_api_listings_historical
2015-09-23,33,EZC,EZCoin,ezcoin,573,,0.00035236,0.0,6.21810722,2015-09-23T00:00:00.000Z,2015-09-23T23:59:02.000Z,coinmarketcap_data_api_listings_historical
2015-09-23,808,MYST,MysteryCoin,mysterycoin,574,,0.00028788,0.0,0.195299,2015-09-23T00:00:00.000Z,2015-09-23T23:59:21.000Z,coinmarketcap_data_api_listings_historical
2015-09-23,876,TRICK,TrickyCoin,trickycoin,575,,0.00021879,0.0,0.0305562,2015-09-23T00:00:00.000Z,2015-09-23T23:59:22.000Z,coinmarketcap_data_api_listings_historical
2015-09-23,1053,BOLI,Bolivarcoin,bolivarcoin,576,,0.00020605,0.0,0.02451954,2015-09-23T00:00:00.000Z,2015-09-23T00:14:28.000Z,coinmarketcap_data_api_listings_historical
2015-09-23,1010,FLAX,Flaxscript,flaxscript,577,,0.00020495,0.0,5.95587873,2015-09-23T00:00:00.000Z,2015-09-23T23:59:27.000Z,coinmarketcap_data_api_listings_historical
2015-09-23,199,SKC,Skeincoin,skeincoin,578,,0.00013818,0.0,0.35354409,2015-09-23T00:00:00.000Z,2015-09-23T23:59:08.000Z,coinmarketcap_data_api_listings_historical
2015-09-23,919,GRAV,Graviton,graviton,579,,0.00013818,0.0,25.93354034,2015-09-23T00:00:00.000Z,2015-09-23T23:59:24.000Z,coinmarketcap_data_api_listings_historical
2015-09-23,24,AMC,AmericanCoin,americancoin,580,,0.00012436,0.0,10.09982586,2015-09-23T00:00:00.000Z,2015-09-23T23:59:01.000Z,coinmarketcap_data_api_listings_historical
2015-09-23,980,DUB,Dubstep,dubstep,581,,0.00011976,0.0,2.60508919,2015-09-23T00:00:00.000Z,2015-09-23T23:59:25.000Z,coinmarketcap_data_api_listings_historical
2015-09-23,36,ALF,AlphaCoin,alphacoin,582,,9.903e-05,0.0,30.2663765,2015-09-23T00:00:00.000Z,2015-09-23T23:59:02.000Z,coinmarketcap_data_api_listings_historical
2015-09-23,1047,MACRO,Macro,macro,583,,6.908e-05,0.0,2.65322852,2015-09-23T00:00:00.000Z,2015-09-23T23:59:28.000Z,coinmarketcap_data_api_listings_historical
2015-09-23,985,LFO,Local Family Owned,local-family-owned,584,,6.518e-05,0.0,4.76803589,2015-09-23T00:00:00.000Z,2015-09-23T23:59:26.000Z,coinmarketcap_data_api_listings_historical
2015-09-23,996,DIGS,Diggits,diggits,585,,5.297e-05,0.0,19974.49023438,2015-09-23T00:00:00.000Z,2015-09-23T23:59:26.000Z,coinmarketcap_data_api_listings_historical
2015-09-23,915,GPH,GraphCoin,graphcoin-old,586,,4.606e-05,0.0,6.57054424,2015-09-23T00:00:00.000Z,2015-09-23T23:59:23.000Z,coinmarketcap_data_api_listings_historical
2015-09-23,814,DOT,Dotcoin,dotcoin,587,,4.145e-05,0.0,59.78665543,2015-09-23T00:00:00.000Z,2015-09-23T23:59:21.000Z,coinmarketcap_data_api_listings_historical
2015-09-23,21,MEM,Memecoin,memecoin,588,,4.144e-05,0.0,0.15442485,2015-09-23T00:00:00.000Z,2015-09-23T23:59:01.000Z,coinmarketcap_data_api_listings_historical
2015-09-23,108,STR,StarCoin,starcoin,589,,3.454e-05,0.0,0.20110841,2015-09-23T00:00:00.000Z,2015-09-23T23:59:05.000Z,coinmarketcap_data_api_listings_historical
2015-09-23,73,ELP,ElephantCoin,elephantcoin,590,,2.442e-05,0.0,2.78360105,2015-09-23T00:00:00.000Z,2015-09-23T23:59:04.000Z,coinmarketcap_data_api_listings_historical
2015-09-23,206,CNO,Coin(O),coin,591,,2.073e-05,0.0,1.80498183,2015-09-23T00:00:00.000Z,2015-09-23T23:59:09.000Z,coinmarketcap_data_api_listings_historical
2015-09-23,962,GLOBE,Global,global,592,,2.073e-05,0.0,36.65157318,2015-09-23T00:00:00.000Z,2015-09-23T23:59:25.000Z,coinmarketcap_data_api_listings_historical
2015-09-23,1014,IBITS,iBits,ibits,593,,1.846e-05,0.0,21.22541809,2015-09-23T00:00:00.000Z,2015-09-23T20:49:27.000Z,coinmarketcap_data_api_listings_historical
2015-09-23,1066,PAK,Pakcoin,pakcoin,594,,1.612e-05,0.0,0.27674893,2015-09-23T00:00:00.000Z,2015-09-23T23:59:28.000Z,coinmarketcap_data_api_listings_historical
2015-09-23,54,GME,GameCoin,gamecoin,595,,8.6e-06,0.0,0.13577408,2015-09-23T00:00:00.000Z,2015-09-23T23:59:03.000Z,coinmarketcap_data_api_listings_historical
2015-09-23,46,XNC,XenCoin,xencoin,596,,8.16e-06,0.0,0.79950815,2015-09-23T00:00:00.000Z,2015-09-23T21:04:02.000Z,coinmarketcap_data_api_listings_historical
2015-09-23,854,CV2,Colossuscoin V2,colossuscoin-v2,597,,6.89e-06,0.0,5.79433298,2015-09-23T00:00:00.000Z,2015-09-23T11:09:21.000Z,coinmarketcap_data_api_listings_historical
2015-09-23,826,ADD,AdderalCoin,adderalcoin,598,,5.22e-06,0.0,1e-08,2015-09-23T00:00:00.000Z,2015-09-23T23:59:21.000Z,coinmarketcap_data_api_listings_historical
2015-09-23,1030,DETH,DarkEther,darkether,599,,4.63e-06,0.0,0.03706336,2015-09-23T00:00:00.000Z,2015-09-23T03:24:28.000Z,coinmarketcap_data_api_listings_historical
2015-09-23,1041,PURE,PurePOS,purepos,600,,4.61e-06,0.0,12.09978008,2015-09-23T00:00:00.000Z,2015-09-23T23:59:28.000Z,coinmarketcap_data_api_listings_historical
2015-09-23,1003,BRC,Biebercoin,biebercoin,601,,1.75e-06,0.0,0.24898399,2015-09-23T00:00:00.000Z,2015-09-23T12:09:27.000Z,coinmarketcap_data_api_listings_historical
2015-09-23,965,FUNK,The Cypherfunks,the-cypherfunks,602,,2.6e-07,0.0,1.70179629,2015-09-23T00:00:00.000Z,2015-09-23T23:59:25.000Z,coinmarketcap_data_api_listings_historical
2015-09-23,137,CENT,Pennies,pennies,603,,0.0,0.0,9.47970676,2015-09-23T00:00:00.000Z,2015-09-23T23:59:07.000Z,coinmarketcap_data_api_listings_historical
