snapshot_date,asset_id,symbol,asset_name,slug,cmc_rank,circulating_supply,price,market_cap,volume,quote_last_updated,item_last_updated,source
2016-05-06,1,BTC,Bitcoin,bitcoin,1,15514600.0,459.60256958,7130550026.007078,72796784.0,2016-05-06T00:00:00.000Z,2016-05-06T23:59:23.000Z,coinmarketcap_data_api_listings_historical
2016-05-06,1027,ETH,Ethereum,ethereum,2,79776098.7803,9.34663868,745638370.559915,21510606.0,2016-05-06T00:00:00.000Z,2016-05-06T23:59:24.000Z,coinmarketcap_data_api_listings_historical
2016-05-06,52,XRP,XRP,xrp,3,34868679462.0,0.00639858,223110085.035089,680334.5,2016-05-06T00:00:00.000Z,2016-05-06T23:59:02.000Z,coinmarketcap_data_api_listings_historical
2016-05-06,2,LTC,Litecoin,litecoin,4,45669476.1218872,3.82211185,174553845.64116237,1899061.25,2016-05-06T00:00:00.000Z,2016-05-06T23:59:02.000Z,coinmarketcap_data_api_listings_historical
2016-05-06,131,DASH,Dash,dash,5,6431457.80428095,6.76527452,43510577.63991236,215622.125,2016-05-06T00:00:00.000Z,2016-05-06T23:59:05.000Z,coinmarketcap_data_api_listings_historical
2016-05-06,1229,DGD,DigixDAO,digixdao,6,2000000.0,14.9102459,29820491.7907714,1006368.5,2016-05-06T00:00:00.000Z,2016-05-06T23:59:30.000Z,coinmarketcap_data_api_listings_historical
2016-05-06,291,MAID,MaidSafeCoin,maidsafecoin,7,452552412.0,0.05787415,26191084.74891959,150615.828125,2016-05-06T00:00:00.000Z,2016-05-06T23:59:09.000Z,coinmarketcap_data_api_listings_historical
2016-05-06,74,DOGE,Dogecoin,dogecoin,8,104220857594.548,0.00022459,23407008.99730383,92250.125,2016-05-06T00:00:00.000Z,2016-05-06T23:59:06.000Z,coinmarketcap_data_api_listings_historical
2016-05-06,873,XEM,NEM,nem,9,8999999999.0,0.00159033,14312926.32901332,15646.78613281,2016-05-06T00:00:00.000Z,2016-05-06T23:59:19.000Z,coinmarketcap_data_api_listings_historical
2016-05-06,328,XMR,Monero,monero,10,11802061.102653,0.8774665,10355913.24623498,71046.2578125,2016-05-06T00:00:00.000Z,2016-05-06T23:59:09.000Z,coinmarketcap_data_api_listings_historical
2016-05-06,463,BTS,BitShares,bitshares,11,2555450000.0,0.00393978,10067903.5103647,155294.234375,2016-05-06T00:00:00.000Z,2016-05-06T23:59:12.000Z,coinmarketcap_data_api_listings_historical
2016-05-06,512,XLM,Stellar,stellar,12,5485679598.0,0.00182861,10031158.80251104,8634.32617188,2016-05-06T00:00:00.000Z,2016-05-06T23:59:13.000Z,coinmarketcap_data_api_listings_historical
2016-05-06,5,PPC,Peercoin,peercoin,13,23127576.7456,0.42621812,9857392.33256088,23812.52734375,2016-05-06T00:00:00.000Z,2016-05-06T23:59:00.000Z,coinmarketcap_data_api_listings_historical
2016-05-06,87,TIPS,FedoraCoin,fedoracoin,14,421407198241.788,2.323e-05,9789928.84540479,25827.95507813,2016-05-06T00:00:00.000Z,2016-05-06T23:59:04.000Z,coinmarketcap_data_api_listings_historical
2016-05-06,1087,FCT,Factom,factom,15,8753219.0,1.07314122,9393440.09235608,168844.40625,2016-05-06T00:00:00.000Z,2016-05-06T23:59:25.000Z,coinmarketcap_data_api_listings_historical
2016-05-06,1125,AMP,HyperSpace,synereo,16,184800000.0,0.04636714,8568647.9061842,20626.58203125,2016-05-06T00:00:00.000Z,2016-05-06T23:59:26.000Z,coinmarketcap_data_api_listings_historical
2016-05-06,1230,STEEM,Steem,steem,17,21316280.0,0.35471505,7561205.31038522,18946.6484375,2016-05-06T00:00:00.000Z,2016-05-06T23:59:30.000Z,coinmarketcap_data_api_listings_historical
2016-05-06,558,EMC,Emercoin,emercoin,18,37668167.704623,0.19822909,7466926.58267459,10444.63476563,2016-05-06T00:00:00.000Z,2016-05-06T23:59:14.000Z,coinmarketcap_data_api_listings_historical
2016-05-06,66,NXT,Nxt,nxt,19,999997096.0,0.00686655,6866530.59822614,6942.90869141,2016-05-06T00:00:00.000Z,2016-05-06T23:59:03.000Z,coinmarketcap_data_api_listings_historical
2016-05-06,95,YBC,YbCoin,ybcoin,20,3008081.0050295,2.20180631,6623211.72835652,538861.625,2016-05-06T00:00:00.000Z,2016-05-06T23:59:04.000Z,coinmarketcap_data_api_listings_historical
2016-05-06,3,NMC,Namecoin,namecoin,21,14236600.0,0.43406412,6179597.25156426,27407.59179688,2016-05-06T00:00:00.000Z,2016-05-06T23:59:00.000Z,coinmarketcap_data_api_listings_historical
2016-05-06,372,BCN,Bytecoin,bytecoin-bcn,22,180077378410.11,3.273e-05,5894818.3837357,1347.18652344,2016-05-06T00:00:00.000Z,2016-05-06T23:59:10.000Z,coinmarketcap_data_api_listings_historical
2016-05-06,8,FTC,Feathercoin,feathercoin,23,148407000.0,0.03167389,4700627.48779357,18756.08984375,2016-05-06T00:00:00.000Z,2016-05-06T23:59:02.000Z,coinmarketcap_data_api_listings_historical
2016-05-06,1208,RVR,RevolutionVR,revolutionvr,24,31500000.0,0.14146587,4456174.98457432,53948.23046875,2016-05-06T00:00:00.000Z,2016-05-06T23:59:29.000Z,coinmarketcap_data_api_listings_historical
2016-05-06,1037,AGRS,Agoras Tokens,agoras-tokens,25,42000000.0,0.10574365,4441233.15811157,2015.78173828,2016-05-06T00:00:00.000Z,2016-05-06T23:59:23.000Z,coinmarketcap_data_api_listings_historical
2016-05-06,541,SYS,Syscoin,syscoin,26,428751485.440903,0.00878927,3768413.84564976,119816.5859375,2016-05-06T00:00:00.000Z,2016-05-06T23:59:13.000Z,coinmarketcap_data_api_listings_historical
2016-05-06,895,XAUR,Xaurum,xaurum,27,7437.111217,483.51043701,3595920.89463643,2186.45776367,2016-05-06T00:00:00.000Z,2016-05-06T23:59:20.000Z,coinmarketcap_data_api_listings_historical
2016-05-06,735,VASH,VPNCoin,vpncoin,28,400339746.0,0.00868298,3476143.20718345,83066.1328125,2016-05-06T00:00:00.000Z,2016-05-06T23:59:17.000Z,coinmarketcap_data_api_listings_historical
2016-05-06,132,XCP,Counterparty,counterparty,29,2627378.0783785,1.1740694,3084724.21614632,6758.32421875,2016-05-06T00:00:00.000Z,2016-05-06T23:59:06.000Z,coinmarketcap_data_api_listings_historical
2016-05-06,833,GRC,GridCoin,gridcoin,30,375855772.93579,0.00776736,2919406.29344935,3236.73510742,2016-05-06T00:00:00.000Z,2016-05-06T23:59:18.000Z,coinmarketcap_data_api_listings_historical
2016-05-06,549,SJCX,Storjcoin X,storjcoin-x,31,49518143.0,0.05859938,2901732.2402874,8553.13867188,2016-05-06T00:00:00.000Z,2016-05-06T23:59:13.000Z,coinmarketcap_data_api_listings_historical
2016-05-06,1168,DCR,Decred,decred,32,1572878.03161212,1.5221976,2394231.17138635,6274.13867188,2016-05-06T00:00:00.000Z,2016-05-06T23:59:28.000Z,coinmarketcap_data_api_listings_historical
2016-05-06,1063,BCY,BitCrystals,bitcrystals,33,42340689.366149,0.05518099,2336401.12288117,1019.48272705,2016-05-06T00:00:00.000Z,2016-05-06T23:59:24.000Z,coinmarketcap_data_api_listings_historical
2016-05-06,986,CREVA,CrevaCoin,crevacoin,34,23212500.0,0.09857439,2288157.91290253,61160.21875,2016-05-06T00:00:00.000Z,2016-05-06T23:59:22.000Z,coinmarketcap_data_api_listings_historical
2016-05-06,346,SCOT,Scotcoin,scotcoin,35,1000000000.0,0.00225128,2251275.11657774,1649.43481445,2016-05-06T00:00:00.000Z,2016-05-06T23:59:09.000Z,coinmarketcap_data_api_listings_historical
2016-05-06,170,BLK,BlackCoin,blackcoin,36,75424799.5973223,0.02961623,2233797.87398388,3622.72119141,2016-05-06T00:00:00.000Z,2016-05-06T23:59:06.000Z,coinmarketcap_data_api_listings_historical
2016-05-06,699,NSR,NuShares,nushares,37,821145038.0,0.00262049,2151800.28633832,2787.76757813,2016-05-06T00:00:00.000Z,2016-05-06T23:59:16.000Z,coinmarketcap_data_api_listings_historical
2016-05-06,576,GAME,GameCredits,gamecredits,38,54818376.7340744,0.03904384,2140320.13562472,19134.71289063,2016-05-06T00:00:00.000Z,2016-05-06T23:59:13.000Z,coinmarketcap_data_api_listings_historical
2016-05-06,148,AUR,Auroracoin,auroracoin,39,8056429.13596773,0.24995527,2013746.89344403,4867.80615234,2016-05-06T00:00:00.000Z,2016-05-06T23:59:06.000Z,coinmarketcap_data_api_listings_historical
2016-05-06,825,USDT,Tether,tether,40,1951591.0,1.0,1951591.0,2747614.0,2016-05-06T00:00:00.000Z,2016-05-06T23:59:18.000Z,coinmarketcap_data_api_listings_historical
2016-05-06,213,MONA,MonaCoin,monacoin,41,32690399.9939447,0.05882173,1922906.01413693,2435.45385742,2016-05-06T00:00:00.000Z,2016-05-06T23:59:07.000Z,coinmarketcap_data_api_listings_historical
2016-05-06,109,DGB,DigiByte,digibyte,42,6416476016.20479,0.0002985,1915317.5487476,32016.99414063,2016-05-06T00:00:00.000Z,2016-05-06T23:59:04.000Z,coinmarketcap_data_api_listings_historical
2016-05-06,233,SLR,SolarCoin,solarcoin,43,34294257.8290863,0.04906364,1682601.17430841,585.06286621,2016-05-06T00:00:00.000Z,2016-05-06T23:59:08.000Z,coinmarketcap_data_api_listings_historical
2016-05-06,460,CLAM,Clams,clams,44,1711865.75093963,0.81538743,1395833.81140931,4883.91113281,2016-05-06T00:00:00.000Z,2016-05-06T23:59:11.000Z,coinmarketcap_data_api_listings_historical
2016-05-06,836,XVC,Vcash,vcash,45,14287848.306394,0.09357288,1336955.07713345,11994.1171875,2016-05-06T00:00:00.000Z,2016-05-06T23:59:19.000Z,coinmarketcap_data_api_listings_historical
2016-05-06,1042,SC,Siacoin,siacoin,46,13551460179.0,9.655e-05,1308353.9459113,11767.97949219,2016-05-06T00:00:00.000Z,2016-05-06T23:59:23.000Z,coinmarketcap_data_api_listings_historical
2016-05-06,467,BTCD,BitcoinDark,bitcoindark,47,1264930.86461796,1.00638342,1273005.44837949,1217.70532227,2016-05-06T00:00:00.000Z,2016-05-06T23:59:12.000Z,coinmarketcap_data_api_listings_historical
2016-05-06,389,START,Startcoin,startcoin,48,39997474.0,0.03126197,1250399.65757236,3443.921875,2016-05-06T00:00:00.000Z,2016-05-06T23:59:11.000Z,coinmarketcap_data_api_listings_historical
2016-05-06,118,RDD,ReddCoin,reddcoin,49,28089875477.6392,4.387e-05,1232333.4148489,2731.82421875,2016-05-06T00:00:00.000Z,2016-05-06T23:59:05.000Z,coinmarketcap_data_api_listings_historical
2016-05-06,85,EAC,EarthCoin,earthcoin,50,9346468332.44513,0.0001275,1191681.61024171,7455.44189453,2016-05-06T00:00:00.000Z,2016-05-06T23:59:04.000Z,coinmarketcap_data_api_listings_historical
2016-05-06,1172,SFT,Safex Token,safex-token,51,2147483647.0,0.00055152,1184387.87444848,2836.20654297,2016-05-06T00:00:00.000Z,2016-05-06T23:59:28.000Z,coinmarketcap_data_api_listings_historical
2016-05-06,53,QRK,Quark,quark,52,250051143.0,0.00460132,1150565.03895985,2273.84985352,2016-05-06T00:00:00.000Z,2016-05-06T23:59:03.000Z,coinmarketcap_data_api_listings_historical
2016-05-06,42,XPM,Primecoin,primecoin,53,14406957.5002737,0.07970311,1148279.38939005,17640.61328125,2016-05-06T00:00:00.000Z,2016-05-06T23:59:05.000Z,coinmarketcap_data_api_listings_historical
2016-05-06,1091,PLS,PLAY,play,54,1948228474.54625,0.00058461,1138949.38912997,2460.94555664,2016-05-06T00:00:00.000Z,2016-05-06T23:59:25.000Z,coinmarketcap_data_api_listings_historical
2016-05-06,6,NVC,Novacoin,novacoin,55,1370631.380524,0.79524589,1089988.96637724,4895.77099609,2016-05-06T00:00:00.000Z,2016-05-06T23:59:00.000Z,coinmarketcap_data_api_listings_historical
2016-05-06,323,VRC,VeriCoin,vericoin,56,27572230.7853868,0.03850544,1061680.8427486,5296.75390625,2016-05-06T00:00:00.000Z,2016-05-06T23:59:09.000Z,coinmarketcap_data_api_listings_historical
2016-05-06,99,VTC,Vertcoin,vertcoin,57,23076649.9975982,0.04442429,1025163.83095498,14184.49023438,2016-05-06T00:00:00.000Z,2016-05-06T23:59:05.000Z,coinmarketcap_data_api_listings_historical
2016-05-06,277,XSI,StabilityShares,stabilityshares,58,9251927.99564731,0.11078317,1024957.88591057,8118.26806641,2016-05-06T00:00:00.000Z,2016-05-06T23:59:08.000Z,coinmarketcap_data_api_listings_historical
2016-05-06,493,SDC,ShadowCash,shadowcash,59,6532762.11477,0.15623647,1020655.6904997,3712.70849609,2016-05-06T00:00:00.000Z,2016-05-06T23:59:12.000Z,coinmarketcap_data_api_listings_historical
2016-05-06,1154,RADS,Radium,radium,60,2744108.0,0.30695477,842317.04350841,6866.50146484,2016-05-06T00:00:00.000Z,2016-05-06T23:59:27.000Z,coinmarketcap_data_api_listings_historical
2016-05-06,41,IFC,Infinitecoin,infinitecoin,61,90596274910.0705,8.88e-06,804917.01918949,14192.06542969,2016-05-06T00:00:00.000Z,2016-05-06T23:59:27.000Z,coinmarketcap_data_api_listings_historical
2016-05-06,495,IOC,I/O Coin,iocoin,62,16251484.1035949,0.0471731,766632.90841277,4434.57910156,2016-05-06T00:00:00.000Z,2016-05-06T23:59:12.000Z,coinmarketcap_data_api_listings_historical
2016-05-06,626,USNBT,NuBits,nubits,63,757084.0,0.99287552,751690.16746926,16907.31054688,2016-05-06T00:00:00.000Z,2016-05-06T23:59:14.000Z,coinmarketcap_data_api_listings_historical
2016-05-06,83,OMNI,Omni,omni,64,552403.31475673,1.33109152,735299.36964395,4700.63769531,2016-05-06T00:00:00.000Z,2016-05-06T23:59:03.000Z,coinmarketcap_data_api_listings_historical
2016-05-06,16,WDC,WorldCoin,worldcoin,65,102418257.4,0.00700401,717338.45392259,6644.65283203,2016-05-06T00:00:00.000Z,2016-05-06T23:59:01.000Z,coinmarketcap_data_api_listings_historical
2016-05-06,1123,OBITS,OBITS,obits,66,6662849.0,0.10637524,708762.16005614,795.04760742,2016-05-06T00:00:00.000Z,2016-05-06T23:59:26.000Z,coinmarketcap_data_api_listings_historical
2016-05-06,804,AMBER,AmberCoin,ambercoin,67,43393920.249347,0.01613695,700245.43541589,1057.43334961,2016-05-06T00:00:00.000Z,2016-05-06T23:59:18.000Z,coinmarketcap_data_api_listings_historical
2016-05-06,779,GEMZ,GetGems,gems,68,88135217.0,0.00777868,685575.31721604,876.82061768,2016-05-06T00:00:00.000Z,2016-05-06T23:59:18.000Z,coinmarketcap_data_api_listings_historical
2016-05-06,1070,EXP,Expanse,expanse,69,2066139.31088261,0.32050565,662209.32045181,29447.0859375,2016-05-06T00:00:00.000Z,2016-05-06T23:59:24.000Z,coinmarketcap_data_api_listings_historical
2016-05-06,344,QORA,Qora,qora,70,10000000000.0,6.418e-05,641783.69939327,5402.93066406,2016-05-06T00:00:00.000Z,2016-05-06T23:59:10.000Z,coinmarketcap_data_api_listings_historical
2016-05-06,1156,YOC,Yocoin,yocoin,71,17473800.0,0.03577764,625171.31880149,643.25646973,2016-05-06T00:00:00.000Z,2016-05-06T23:59:28.000Z,coinmarketcap_data_api_listings_historical
2016-05-06,254,NLG,Gulden,gulden,72,304888830.0,0.00201354,613904.54509717,3454.6640625,2016-05-06T00:00:00.000Z,2016-05-06T23:59:08.000Z,coinmarketcap_data_api_listings_historical
2016-05-06,37,MEC,Megacoin,megacoin,73,32395362.5,0.01889442,612091.73615424,2937.40991211,2016-05-06T00:00:00.000Z,2016-05-06T23:59:03.000Z,coinmarketcap_data_api_listings_historical
2016-05-06,350,BOST,BoostCoin,boostcoin,74,11828563.5350491,0.05058347,598329.75190154,1974.92468262,2016-05-06T00:00:00.000Z,2016-05-06T23:59:10.000Z,coinmarketcap_data_api_listings_historical
2016-05-06,405,XDN,DigitalNote,digitalnote,75,6859562981.79431,8.586e-05,588982.4136456,3382.29980469,2016-05-06T00:00:00.000Z,2016-05-06T23:59:11.000Z,coinmarketcap_data_api_listings_historical
2016-05-06,56,ZET,Zetacoin,zetacoin,76,164046390.604746,0.00357385,586277.80911763,2586.54614258,2016-05-06T00:00:00.000Z,2016-05-06T23:59:02.000Z,coinmarketcap_data_api_listings_historical
2016-05-06,333,CURE,Curecoin,curecoin,77,26431310.0,0.02150358,568367.71002961,842.31182861,2016-05-06T00:00:00.000Z,2016-05-06T23:59:09.000Z,coinmarketcap_data_api_listings_historical
2016-05-06,562,BILS,BilShares,bilshares,78,1000000000.0,0.00053845,538454.50747758,1366.45776367,2016-05-06T00:00:00.000Z,2016-05-06T23:59:14.000Z,coinmarketcap_data_api_listings_historical
2016-05-06,707,BLOCK,Blocknet,blocknet,79,3910516.33690673,0.13594437,531612.66593302,4965.99707031,2016-05-06T00:00:00.000Z,2016-05-06T23:59:16.000Z,coinmarketcap_data_api_listings_historical
2016-05-06,516,ZCC,ZcCoin,zccoin,80,61657043.890382,0.00857619,528782.47193111,4555.93554688,2016-05-06T00:00:00.000Z,2016-05-06T23:59:12.000Z,coinmarketcap_data_api_listings_historical
2016-05-06,693,XVG,Verge,verge,81,11202012500.0,4.624e-05,518036.9129323,5366.97119141,2016-05-06T00:00:00.000Z,2016-05-06T23:59:16.000Z,coinmarketcap_data_api_listings_historical
2016-05-06,185,EXE,Execoin,execoin,82,17881067.0558543,0.02840243,507865.73882222,355151.625,2016-05-06T00:00:00.000Z,2016-05-06T23:59:07.000Z,coinmarketcap_data_api_listings_historical
2016-05-06,18,DGC,Digitalcoin,digitalcoin,83,32771053.0,0.01510645,495054.14610302,802.40930176,2016-05-06T00:00:00.000Z,2016-05-06T23:59:01.000Z,coinmarketcap_data_api_listings_historical
2016-05-06,1153,CRB,Creditbit,creditbit,84,12328331.3946005,0.03632714,447853.04850387,17733.5703125,2016-05-06T00:00:00.000Z,2016-05-06T23:59:27.000Z,coinmarketcap_data_api_listings_historical
2016-05-06,67,UNO,Unobtanium,unobtanium,85,197015.55368742,2.24847937,442985.40730682,505.00061035,2016-05-06T00:00:00.000Z,2016-05-06T23:59:03.000Z,coinmarketcap_data_api_listings_historical
2016-05-06,176,UNC,UnionCoin,unioncoin,86,8388608.0,0.05230701,438783.0,1146.32580566,2016-05-06T00:00:00.000Z,2016-05-06T23:59:07.000Z,coinmarketcap_data_api_listings_historical
2016-05-06,1044,GCR,Global Currency Reserve,global-currency-reserve,87,100829915.665575,0.00416589,420046.35360044,565.93151855,2016-05-06T00:00:00.000Z,2016-05-06T23:59:24.000Z,coinmarketcap_data_api_listings_historical
2016-05-06,115,APC,Applecoin,applecoin,88,22286047.937985,0.01876898,418286.49554431,1350.30212402,2016-05-06T00:00:00.000Z,2016-05-06T23:59:07.000Z,coinmarketcap_data_api_listings_historical
2016-05-06,1082,SIB,SIBCoin,sibcoin,89,10013874.0,0.04151866,415762.61386245,2299.31347656,2016-05-06T00:00:00.000Z,2016-05-06T23:59:25.000Z,coinmarketcap_data_api_listings_historical
2016-05-06,43,ANC,Anoncoin,anoncoin,90,2110316.862,0.1836758,387614.12900436,633.1036377,2016-05-06T00:00:00.000Z,2016-05-06T23:59:02.000Z,coinmarketcap_data_api_listings_historical
2016-05-06,1080,NEU,NeuCoin,neucoin,91,308778074.591364,0.00123669,381861.88678079,1071.1204834,2016-05-06T00:00:00.000Z,2016-05-06T23:59:25.000Z,coinmarketcap_data_api_listings_historical
2016-05-06,788,COVAL,Circuits of Value,circuits-of-value,92,400000000.0,0.00080454,321814.51097131,768.10369873,2016-05-06T00:00:00.000Z,2016-05-06T23:59:17.000Z,coinmarketcap_data_api_listings_historical
2016-05-06,284,DIEM,Diem,diem,93,21739971929.0816,1.378e-05,299678.00370857,4610.94775391,2016-05-06T00:00:00.000Z,2016-05-06T23:59:08.000Z,coinmarketcap_data_api_listings_historical
2016-05-06,335,XC,XCurrency,xcurrency,94,5676993.93187579,0.05156255,292720.27031251,948.95379639,2016-05-06T00:00:00.000Z,2016-05-06T23:59:09.000Z,coinmarketcap_data_api_listings_historical
2016-05-06,377,NAV,NavCoin,nav-coin,95,59599414.0216761,0.00491015,292642.20612495,669.11218262,2016-05-06T00:00:00.000Z,2016-05-06T23:59:11.000Z,coinmarketcap_data_api_listings_historical
2016-05-06,1008,CPC,Capricoin,capricoin,96,517375.053055167,0.53329259,275912.28285839,14347.23535156,2016-05-06T00:00:00.000Z,2016-05-06T23:59:22.000Z,coinmarketcap_data_api_listings_historical
2016-05-06,128,MAX,Maxcoin,maxcoin,97,41459435.0,0.00656663,272248.72047253,1183.0222168,2016-05-06T00:00:00.000Z,2016-05-06T23:59:05.000Z,coinmarketcap_data_api_listings_historical
2016-05-06,501,XCN,Cryptonite,cryptonite,98,205328612.941547,0.00122487,251501.4752309,514.06365967,2016-05-06T00:00:00.000Z,2016-05-06T23:59:13.000Z,coinmarketcap_data_api_listings_historical
2016-05-06,61,TAG,TagCoin,tagcoin,99,4413608.948545,0.05692233,251232.91147022,1132.62133789,2016-05-06T00:00:00.000Z,2016-05-06T23:59:03.000Z,coinmarketcap_data_api_listings_historical
2016-05-06,551,DONU,Donu,donu,100,8505375.43573485,0.02832225,240891.33478099,5129.97412109,2016-05-06T00:00:00.000Z,2016-05-06T23:59:13.000Z,coinmarketcap_data_api_listings_historical
2016-05-06,573,BURST,Burst,burst,101,1424483916.0,0.00016663,237368.42118297,2773.38623047,2016-05-06T00:00:00.000Z,2016-05-06T23:59:13.000Z,coinmarketcap_data_api_listings_historical
2016-05-06,57,SRC,SecureCoin,securecoin,102,5664350.95,0.04169176,236156.7686551,1102.10266113,2016-05-06T00:00:00.000Z,2016-05-06T23:59:02.000Z,coinmarketcap_data_api_listings_historical
2016-05-06,831,WBB,Wild Beast Block,wild-beast-block,103,1553750.0,0.1243704,193240.51457457,807.50140381,2016-05-06T00:00:00.000Z,2016-05-06T23:59:18.000Z,coinmarketcap_data_api_listings_historical
2016-05-06,261,ADN,Aiden,aiden,104,14639403.0,0.0123255,180437.89552823,43354.7265625,2016-05-06T00:00:00.000Z,2016-05-06T23:59:08.000Z,coinmarketcap_data_api_listings_historical
2016-05-06,588,UBQ,Ubiq,ubiq,105,3560871.95502151,0.04590914,163476.55676224,1071.57141113,2016-05-06T00:00:00.000Z,2016-05-06T23:59:14.000Z,coinmarketcap_data_api_listings_historical
2016-05-06,1212,MOJO,MojoCoin,mojocoin,106,100059370.526996,0.00161732,161827.53173912,650.91271973,2016-05-06T00:00:00.000Z,2016-05-06T23:59:29.000Z,coinmarketcap_data_api_listings_historical
2016-05-06,272,NRS,NoirShares,noirshares,107,2477480.606737,0.06252396,154901.90100037,752.11102295,2016-05-06T00:00:00.000Z,2016-05-06T23:59:08.000Z,coinmarketcap_data_api_listings_historical
2016-05-06,182,XMY,Myriad,myriad,108,1309269999.9,0.000118,154497.9990267,1598.90112305,2016-05-06T00:00:00.000Z,2016-05-06T23:59:07.000Z,coinmarketcap_data_api_listings_historical
2016-05-06,406,BBR,Boolberry,boolberry,109,7081542.9770462,0.02138658,151449.96285752,1893.35290527,2016-05-06T00:00:00.000Z,2016-05-06T23:59:11.000Z,coinmarketcap_data_api_listings_historical
2016-05-06,1185,TRUMP,TrumpCoin,trumpcoin,110,6501942.1305383,0.02235693,145363.47235969,2723.64648438,2016-05-06T00:00:00.000Z,2016-05-06T23:59:28.000Z,coinmarketcap_data_api_listings_historical
2016-05-06,1245,SUB,Subcriptio,subcriptio,111,10000505.7610964,0.01378349,137841.91126072,5979.76025391,2016-05-06T00:00:00.000Z,2016-05-06T23:59:30.000Z,coinmarketcap_data_api_listings_historical
2016-05-06,1201,BTSR,BTSR,btsr,112,2202334.3373,0.06244551,137525.89948133,630.32147217,2016-05-06T00:00:00.000Z,2016-05-06T23:59:29.000Z,coinmarketcap_data_api_listings_historical
2016-05-06,688,MED,MediterraneanCoin,mediterraneancoin,113,40431896.9,0.00335607,135692.09837373,916.9934082,2016-05-06T00:00:00.000Z,2016-05-06T23:59:16.000Z,coinmarketcap_data_api_listings_historical
2016-05-06,734,BYC,Bytecent,bytecent,114,1039626.33213393,0.12016094,124922.47452061,9577.56445313,2016-05-06T00:00:00.000Z,2016-05-06T23:59:17.000Z,coinmarketcap_data_api_listings_historical
2016-05-06,525,HYP,HyperStake,hyperstake,115,385796096.914179,0.00029173,112549.727232,1013.84454346,2016-05-06T00:00:00.000Z,2016-05-06T23:59:13.000Z,coinmarketcap_data_api_listings_historical
2016-05-06,623,BITUSD,bitUSD,bitusd,116,108055.1123,1.00156045,108223.72685679,1642.48913574,2016-05-06T00:00:00.000Z,2016-05-06T23:59:14.000Z,coinmarketcap_data_api_listings_historical
2016-05-06,466,HZ,Horizon,next-horizon,117,997285886.33936,0.00010301,102730.03749586,769.89758301,2016-05-06T00:00:00.000Z,2016-05-06T23:59:11.000Z,coinmarketcap_data_api_listings_historical
2016-05-06,1195,HODL,HOdlcoin,hodlcoin,118,2860714.39590181,0.03572469,102198.13017,1870.63232422,2016-05-06T00:00:00.000Z,2016-05-06T23:59:29.000Z,coinmarketcap_data_api_listings_historical
2016-05-06,386,PIGGY,Piggycoin,piggycoin,119,479272065.914312,0.00020688,99152.16524024,2272.94506836,2016-05-06T00:00:00.000Z,2016-05-06T23:59:10.000Z,coinmarketcap_data_api_listings_historical
2016-05-06,939,GAM,Gambit,gambit,120,1736064.21218022,0.0565474,98169.92322261,3913.45727539,2016-05-06T00:00:00.000Z,2016-05-06T23:59:21.000Z,coinmarketcap_data_api_listings_historical
2016-05-06,1169,PIVX,PIVX,pivx,121,32074326.0,0.00301996,96863.02893901,6197.94433594,2016-05-06T00:00:00.000Z,2016-05-06T23:59:28.000Z,coinmarketcap_data_api_listings_historical
2016-05-06,1175,RBIES,Rubies,rubies,122,6351357.21940873,0.01511421,95995.72660646,1631.40698242,2016-05-06T00:00:00.000Z,2016-05-06T23:59:28.000Z,coinmarketcap_data_api_listings_historical
2016-05-06,1186,DBIC,DubaiCoin,dubaicoin,123,5794109.28551623,0.01517509,87926.15785156,1467.15795898,2016-05-06T00:00:00.000Z,2016-05-06T23:59:29.000Z,coinmarketcap_data_api_listings_historical
2016-05-06,550,LTBC,LTBcoin,ltbcoin,124,452665366.4499,0.00019345,87569.80293451,5819.12109375,2016-05-06T00:00:00.000Z,2016-05-06T23:59:13.000Z,coinmarketcap_data_api_listings_historical
2016-05-06,1224,KR,Krypton,krypton,125,2763602.8046875,0.0307934,85100.72793611,585.08081055,2016-05-06T00:00:00.000Z,2016-05-06T23:59:30.000Z,coinmarketcap_data_api_listings_historical
2016-05-06,1244,XHI,HiCoin,hicoin,126,949995.983064651,0.08361557,79434.45681909,1102.68151855,2016-05-06T00:00:00.000Z,2016-05-06T23:59:30.000Z,coinmarketcap_data_api_listings_historical
2016-05-06,1225,GBT,GameBet Coin,gamebet-coin,127,20093127.8343249,0.00389743,78311.62757249,740.8682251,2016-05-06T00:00:00.000Z,2016-05-06T23:59:30.000Z,coinmarketcap_data_api_listings_historical
2016-05-06,12,BQC,BBQCoin,bbqcoin,128,50765853.56,0.00127741,64848.68283596,581.85241699,2016-05-06T00:00:00.000Z,2016-05-06T23:59:01.000Z,coinmarketcap_data_api_listings_historical
2016-05-06,570,FIBRE,Fibre,fibre,129,638981.49183827,0.10131869,64740.7658985,12849.4765625,2016-05-06T00:00:00.000Z,2016-05-06T23:59:14.000Z,coinmarketcap_data_api_listings_historical
2016-05-06,1136,ADZ,Adzcoin,adzcoin,130,1980440.00001,0.03218134,63733.20799085,1721.64343262,2016-05-06T00:00:00.000Z,2016-05-06T23:59:27.000Z,coinmarketcap_data_api_listings_historical
2016-05-06,914,SPHR,Sphere,sphere,131,3082940.27603443,0.02027891,62518.66893249,1575.4588623,2016-05-06T00:00:00.000Z,2016-05-06T23:59:20.000Z,coinmarketcap_data_api_listings_historical
2016-05-06,529,QBK,Qibuck,qibuck,132,522958.87820238,0.11938858,62435.31803551,1015.1697998,2016-05-06T00:00:00.000Z,2016-05-06T23:59:12.000Z,coinmarketcap_data_api_listings_historical
2016-05-06,367,C2,Coin2.1,coin2-1,133,99976323.0,0.00061604,61589.90510678,3612.01489258,2016-05-06T00:00:00.000Z,2016-05-06T23:59:10.000Z,coinmarketcap_data_api_listings_historical
2016-05-06,872,BCR,Bitcredits,bitcredits,134,29003928.9981032,0.00211478,61336.95639572,3157.4230957,2016-05-06T00:00:00.000Z,2016-05-06T23:59:19.000Z,coinmarketcap_data_api_listings_historical
2016-05-06,661,ARCH,ARCHcoin,archcoin,135,16508746.2478901,0.00348087,57464.79258846,2186.20556641,2016-05-06T00:00:00.000Z,2016-05-06T23:59:15.000Z,coinmarketcap_data_api_listings_historical
2016-05-06,708,GAP,Gapcoin,gapcoin,136,7254979.59490316,0.0053697,38957.09790132,6726.22851563,2016-05-06T00:00:00.000Z,2016-05-06T23:59:16.000Z,coinmarketcap_data_api_listings_historical
2016-05-06,1176,ADCN,Asiadigicoin,asiadigicoin,137,172200.0,0.20150064,34698.4100908,908.84069824,2016-05-06T00:00:00.000Z,2016-05-06T23:59:28.000Z,coinmarketcap_data_api_listings_historical
2016-05-06,1148,EGC,EverGreenCoin,evergreencoin,138,9287983.32823092,0.00318046,29540.09906012,1075.40185547,2016-05-06T00:00:00.000Z,2016-05-06T23:59:27.000Z,coinmarketcap_data_api_listings_historical
2016-05-06,293,XBC,Bitcoin Plus,bitcoin-plus,139,84665.52105695,0.34458843,29174.75886911,764.62683105,2016-05-06T00:00:00.000Z,2016-05-06T23:59:08.000Z,coinmarketcap_data_api_listings_historical
2016-05-06,1180,DES,Destiny,destiny,140,1600000.0247,0.01650191,26403.06096306,570.54486084,2016-05-06T00:00:00.000Z,2016-05-06T23:59:28.000Z,coinmarketcap_data_api_listings_historical
2016-05-06,625,BITBTC,bitBTC,bitbtc,141,49.8346,503.88342285,25110.82882444,712.38433838,2016-05-06T00:00:00.000Z,2016-05-06T23:59:14.000Z,coinmarketcap_data_api_listings_historical
2016-05-06,1018,BIOS,BiosCrypto,bios-crypto,142,20156903.3961635,0.00121823,24555.67398487,3285.12158203,2016-05-06T00:00:00.000Z,2016-05-06T23:59:23.000Z,coinmarketcap_data_api_listings_historical
2016-05-06,1191,MEME,Memetic / PepeCoin,memetic,143,11937995.0229586,0.00164394,19625.35299541,1260.7989502,2016-05-06T00:00:00.000Z,2016-05-06T23:59:29.000Z,coinmarketcap_data_api_listings_historical
2016-05-06,1064,PRIME,PrimeChain,primechain,144,3585867.237337,0.00529726,18995.28071773,758.53106689,2016-05-06T00:00:00.000Z,2016-05-06T23:59:24.000Z,coinmarketcap_data_api_listings_historical
2016-05-06,1166,WARP,WARP,warp,145,1095224.0,0.01598159,17503.41725717,1130.62390137,2016-05-06T00:00:00.000Z,2016-05-06T23:59:28.000Z,coinmarketcap_data_api_listings_historical
2016-05-06,217,BELA,Bela,belacoin,146,22965650.0,0.00072638,16681.81908773,1346.76745605,2016-05-06T00:00:00.000Z,2016-05-06T23:59:07.000Z,coinmarketcap_data_api_listings_historical
2016-05-06,1140,RHC,RhinoCoin,rhinocoin-rhc,147,169325.938265,0.0984141,16664.05994065,59554.68359375,2016-05-06T00:00:00.000Z,2016-05-06T23:59:27.000Z,coinmarketcap_data_api_listings_historical
2016-05-06,1232,ORLY,Orlycoin,orlycoin,148,34191271.8094155,0.00042283,14457.25848179,1513.93371582,2016-05-06T00:00:00.000Z,2016-05-06T23:59:30.000Z,coinmarketcap_data_api_listings_historical
2016-05-06,142,ARI,Aricoin,aricoin,149,140262505.130972,9.2e-05,12903.91195108,813.0848999,2016-05-06T00:00:00.000Z,2016-05-06T23:59:06.000Z,coinmarketcap_data_api_listings_historical
2016-05-06,1083,KNC,KhanCoin,khancoin,150,70631.1400003433,0.11952206,8441.97970079,13922.4921875,2016-05-06T00:00:00.000Z,2016-05-06T23:59:25.000Z,coinmarketcap_data_api_listings_historical
2016-05-06,1139,MND,MindCoin,mindcoin,151,11337875.0,0.00074284,8422.21516962,1886.41357422,2016-05-06T00:00:00.000Z,2016-05-06T23:59:27.000Z,coinmarketcap_data_api_listings_historical
2016-05-06,1114,DGCS,Digital Credits,digital-credits,152,5826388.00984588,1.379e-05,80.35783292,860.79473877,2016-05-06T00:00:00.000Z,2016-05-06T23:59:26.000Z,coinmarketcap_data_api_listings_historical
2016-05-06,215,RBY,Rubycoin,rubycoin,153,23004814.3918339,0.13331614,3066913.15614207,274.90664673,2016-05-06T00:00:00.000Z,2016-05-06T23:59:07.000Z,coinmarketcap_data_api_listings_historical
2016-05-06,703,RBT,Rimbit,rimbit,154,114106864.797032,0.02305548,2630788.20460974,5.72891855,2016-05-06T00:00:00.000Z,2016-05-06T23:59:16.000Z,coinmarketcap_data_api_listings_historical
2016-05-06,141,MINT,MintCoin,mintcoin,155,22983693500.4576,6.408e-05,1472853.25182672,71.45344543,2016-05-06T00:00:00.000Z,2016-05-06T23:59:05.000Z,coinmarketcap_data_api_listings_historical
2016-05-06,643,UNITY,SuperNET,supernet-unity,156,816061.0,1.55917656,1272383.18617117,17.66498184,2016-05-06T00:00:00.000Z,2016-05-06T23:59:15.000Z,coinmarketcap_data_api_listings_historical
2016-05-06,920,XSD,SounDAC,bitshares-music,157,1364680181.927,0.0007342,1001948.74919778,163.03112793,2016-05-06T00:00:00.000Z,2016-05-06T23:59:20.000Z,coinmarketcap_data_api_listings_historical
2016-05-06,63,I0C,I0Coin,i0coin,158,20926294.125,0.04599649,962536.01862214,162.85180664,2016-05-06T00:00:00.000Z,2016-05-06T23:59:02.000Z,coinmarketcap_data_api_listings_historical
2016-05-06,13,IXC,Ixcoin,ixcoin,159,20999087.999,0.03465208,727662.16362015,35.30465698,2016-05-06T00:00:00.000Z,2016-05-06T23:59:00.000Z,coinmarketcap_data_api_listings_historical
2016-05-06,224,FAIR,FairCoin,faircoin,160,52465209.196993,0.01384722,726497.18366227,21.28601074,2016-05-06T00:00:00.000Z,2016-05-06T23:59:07.000Z,coinmarketcap_data_api_listings_historical
2016-05-06,184,NOTE,DNotes,dnotes,161,110895735.715132,0.0060734,673513.94503682,229.68632507,2016-05-06T00:00:00.000Z,2016-05-06T23:59:06.000Z,coinmarketcap_data_api_listings_historical
2016-05-06,381,FC2,FuelCoin,fuelcoin,162,100206032.03195,0.0061905,620325.83685077,91.73184967,2016-05-06T00:00:00.000Z,2016-05-06T23:59:10.000Z,coinmarketcap_data_api_listings_historical
2016-05-06,77,DMD,Diamond,diamond,163,1604296.27032141,0.31721714,508910.27681375,97.81395721,2016-05-06T00:00:00.000Z,2016-05-06T23:59:03.000Z,coinmarketcap_data_api_listings_historical
2016-05-06,362,CLOAK,CloakCoin,cloakcoin,164,4747636.924497,0.09811205,465800.37573919,374.82998657,2016-05-06T00:00:00.000Z,2016-05-06T23:59:10.000Z,coinmarketcap_data_api_listings_historical
2016-05-06,723,BAY,BitBay,bitbay,165,1004329587.48049,0.00046148,463480.79305097,230.37948608,2016-05-06T00:00:00.000Z,2016-05-06T23:59:17.000Z,coinmarketcap_data_api_listings_historical
2016-05-06,509,XCR,Crypti,crypti,166,100000000.0,0.00425255,425254.87951934,265.62097168,2016-05-06T00:00:00.000Z,2016-05-06T23:59:12.000Z,coinmarketcap_data_api_listings_historical
2016-05-06,607,SWARM,Swarm,swarm,167,99945431.02,0.00425255,425022.82226919,172.93119812,2016-05-06T00:00:00.000Z,2016-05-06T23:59:14.000Z,coinmarketcap_data_api_listings_historical
2016-05-06,269,AC,AsiaCoin,asiacoin,168,438728276.167594,0.00092407,405414.47067091,0.05473147,2016-05-06T00:00:00.000Z,2016-05-06T23:59:08.000Z,coinmarketcap_data_api_listings_historical
2016-05-06,45,CSC,CasinoCoin,casinocoin,169,37659005.0,0.01047736,394566.96535451,78.07074738,2016-05-06T00:00:00.000Z,2016-05-06T23:59:02.000Z,coinmarketcap_data_api_listings_historical
2016-05-06,181,ZEIT,Zeitcoin,zeitcoin,170,34141537985.429,1.116e-05,380944.27118039,23.0628891,2016-05-06T00:00:00.000Z,2016-05-06T23:59:07.000Z,coinmarketcap_data_api_listings_historical
2016-05-06,520,VTA,Virtacoin,virtacoin,171,11730539294.1303,3.213e-05,376916.81611941,166.7946167,2016-05-06T00:00:00.000Z,2016-05-06T23:59:13.000Z,coinmarketcap_data_api_listings_historical
2016-05-06,603,DEX,InstantDEX,instantdex,172,1000000.0,0.35774726,357747.25675583,0.71549451,2016-05-06T00:00:00.000Z,2016-05-06T23:59:14.000Z,coinmarketcap_data_api_listings_historical
2016-05-06,1161,FLVR,FlavorCoin,flavorcoin,173,50460564.9250782,0.00690833,348597.98283059,1.72370076,2016-05-06T00:00:00.000Z,2016-05-06T23:34:27.000Z,coinmarketcap_data_api_listings_historical
2016-05-06,1237,JACK,BlackJack,blackjack,174,69068202449.6845,4.6e-06,317439.53511514,6.06737995,2016-05-06T00:00:00.000Z,2016-05-06T23:59:30.000Z,coinmarketcap_data_api_listings_historical
2016-05-06,510,LXC,Librexcoin,librexcoin,175,9785678.47390814,0.03187275,311896.44055479,1.79200065,2016-05-06T00:00:00.000Z,2016-05-06T18:44:13.000Z,coinmarketcap_data_api_listings_historical
2016-05-06,645,JINN,Jinn,jinn,176,58703.0,5.14991236,302315.30511236,283.24517822,2016-05-06T00:00:00.000Z,2016-05-06T23:59:15.000Z,coinmarketcap_data_api_listings_historical
2016-05-06,62,PTS,BitShares PTS,bitshares-pts,177,999999386.0,0.00028504,285035.52273138,98.18094635,2016-05-06T00:00:00.000Z,2016-05-06T23:59:02.000Z,coinmarketcap_data_api_listings_historical
2016-05-06,89,MOON,Mooncoin,mooncoin,178,212769125793.0,1.31e-06,277691.03325528,152.96258545,2016-05-06T00:00:00.000Z,2016-05-06T23:59:05.000Z,coinmarketcap_data_api_listings_historical
2016-05-06,160,RIC,Riecoin,riecoin,179,23037124.9999339,0.01179767,271784.38337756,200.70741272,2016-05-06T00:00:00.000Z,2016-05-06T23:59:06.000Z,coinmarketcap_data_api_listings_historical
2016-05-06,375,VOOT,VootCoin,vootcoin,180,69280656.2239512,0.00372385,257991.01420065,28.98934174,2016-05-06T00:00:00.000Z,2016-05-06T23:59:10.000Z,coinmarketcap_data_api_listings_historical
2016-05-06,49,CBX,Bullion,bullion,181,968845.107129,0.26493627,256682.20727217,153.33352661,2016-05-06T00:00:00.000Z,2016-05-06T23:59:01.000Z,coinmarketcap_data_api_listings_historical
2016-05-06,59,TIX,Tickets,tickets,182,66876281414.0,3.82e-06,255155.40520531,226.61242676,2016-05-06T00:00:00.000Z,2016-05-06T23:59:02.000Z,coinmarketcap_data_api_listings_historical
2016-05-06,161,PND,Pandacoin,pandacoin-pnd,183,32514916897.7707,7.61e-06,247391.15817572,63.96324921,2016-05-06T00:00:00.000Z,2016-05-06T23:59:06.000Z,coinmarketcap_data_api_listings_historical
2016-05-06,659,BITS,Bitswift,bitswift,184,4047977.37542235,0.05852884,236923.40724318,247.9866333,2016-05-06T00:00:00.000Z,2016-05-06T23:59:16.000Z,coinmarketcap_data_api_listings_historical
2016-05-06,757,SKYNET,SkyNET,skynet-asset,185,894222.7424,0.254749,227802.34946847,0.254749,2016-05-06T00:00:00.000Z,2016-05-06T23:59:17.000Z,coinmarketcap_data_api_listings_historical
2016-05-06,789,NXS,Nexus,nexus,186,36909960.6554,0.0060731,224157.86585415,314.25424194,2016-05-06T00:00:00.000Z,2016-05-06T23:59:18.000Z,coinmarketcap_data_api_listings_historical
2016-05-06,694,XTC,TileCoin,tilecoin,187,100000000.0,0.00213858,213857.810013,15.86221027,2016-05-06T00:00:00.000Z,2016-05-06T23:59:16.000Z,coinmarketcap_data_api_listings_historical
2016-05-06,444,FIMK,FIMKrypto,fimkrypto,188,454311198.0,0.00045598,207156.87955016,7.29568243,2016-05-06T00:00:00.000Z,2016-05-06T21:19:11.000Z,coinmarketcap_data_api_listings_historical
2016-05-06,7,DVC,Devcoin,devcoin,189,10768460049.9997,1.923e-05,207083.06336299,112.88467407,2016-05-06T00:00:00.000Z,2016-05-06T23:59:00.000Z,coinmarketcap_data_api_listings_historical
2016-05-06,64,FLO,FLO,flo,190,122935961.0,0.00166376,204535.92621861,380.43026733,2016-05-06T00:00:00.000Z,2016-05-06T23:59:03.000Z,coinmarketcap_data_api_listings_historical
2016-05-06,10,FRC,Freicoin,freicoin,191,45962594.0,0.00436623,200683.18128212,23.88553619,2016-05-06T00:00:00.000Z,2016-05-06T23:59:26.000Z,coinmarketcap_data_api_listings_historical
2016-05-06,306,SILK,Silkcoin,silkcoin,192,43755188.153978,0.00457436,200152.11899585,316.63363647,2016-05-06T00:00:00.000Z,2016-05-06T23:59:09.000Z,coinmarketcap_data_api_listings_historical
2016-05-06,854,CV2,Colossuscoin V2,colossuscoin-v2,193,20766544002.418,9.19e-06,190942.15037545,93.6701355,2016-05-06T00:00:00.000Z,2016-05-06T23:59:19.000Z,coinmarketcap_data_api_listings_historical
2016-05-06,729,BLITZ,Blitzcash,blitzcash,194,3970279.0573442,0.04570226,181450.7109116,286.0819397,2016-05-06T00:00:00.000Z,2016-05-06T23:59:17.000Z,coinmarketcap_data_api_listings_historical
2016-05-06,799,SMLY,SmileyCoin,smileycoin,195,25293000000.0,7.13e-06,180251.70053716,67.94168854,2016-05-06T00:00:00.000Z,2016-05-06T23:59:18.000Z,coinmarketcap_data_api_listings_historical
2016-05-06,964,ERC,EuropeCoin,europecoin,196,92882560.8760175,0.00178364,165669.04076349,3.07442713,2016-05-06T00:00:00.000Z,2016-05-06T23:59:21.000Z,coinmarketcap_data_api_listings_historical
2016-05-06,760,OK,OKCash,okcash,197,64190107.3945269,0.00257957,165583.04290364,490.26104736,2016-05-06T00:00:00.000Z,2016-05-06T23:59:17.000Z,coinmarketcap_data_api_listings_historical
2016-05-06,450,TRUST,TrustPlus,trustplus,198,32086595.2637433,0.00496514,159314.37843908,84.85891724,2016-05-06T00:00:00.000Z,2016-05-06T23:59:11.000Z,coinmarketcap_data_api_listings_historical
2016-05-06,810,LQD,LIQUID,liquid,199,341714.02,0.46074814,157444.09777495,1.92098832,2016-05-06T00:00:00.000Z,2016-05-06T23:59:18.000Z,coinmarketcap_data_api_listings_historical
2016-05-06,122,POT,PotCoin,potcoin,200,212931960.158831,0.00072691,154783.29194755,421.61636353,2016-05-06T00:00:00.000Z,2016-05-06T23:59:05.000Z,coinmarketcap_data_api_listings_historical
2016-05-06,321,NAUT,NautilusCoin,nautiluscoin,201,6979874.26874333,0.02209482,154219.08946202,422.36862183,2016-05-06T00:00:00.000Z,2016-05-06T23:59:09.000Z,coinmarketcap_data_api_listings_historical
2016-05-06,72,DEM,Deutsche eMark,deutsche-emark,202,19430951.336845,0.00787232,152966.75304132,189.69468689,2016-05-06T00:00:00.000Z,2016-05-06T23:59:03.000Z,coinmarketcap_data_api_listings_historical
2016-05-06,1051,MI,Xiaomicoin,xiaomicoin,203,404316480.348584,0.0003731,150850.38014925,1.48680258,2016-05-06T00:00:00.000Z,2016-05-06T21:29:23.000Z,coinmarketcap_data_api_listings_historical
2016-05-06,506,CANN,CannabisCoin,cannabiscoin,204,77226753.1783307,0.00194491,150199.15026776,57.78551865,2016-05-06T00:00:00.000Z,2016-05-06T23:59:12.000Z,coinmarketcap_data_api_listings_historical
2016-05-06,874,XPB,Pebblecoin,pebblecoin,205,21543727.5163042,0.00690982,148863.21445322,20.42659569,2016-05-06T00:00:00.000Z,2016-05-06T23:59:19.000Z,coinmarketcap_data_api_listings_historical
2016-05-06,702,SPR,SpreadCoin,spreadcoin,206,5045652.18151166,0.02928972,147785.72374373,213.49684143,2016-05-06T00:00:00.000Z,2016-05-06T23:59:16.000Z,coinmarketcap_data_api_listings_historical
2016-05-06,579,CNMT,Coinomat,coinomat,207,3000000.0,0.04806563,144196.87539339,374.97317505,2016-05-06T00:00:00.000Z,2016-05-06T23:59:14.000Z,coinmarketcap_data_api_listings_historical
2016-05-06,470,VIA,Viacoin,viacoin,208,20823682.5,0.00689823,143646.54042171,94.01561737,2016-05-06T00:00:00.000Z,2016-05-06T23:59:12.000Z,coinmarketcap_data_api_listings_historical
2016-05-06,75,NET,NetCoin,netcoin,209,617377660.045331,0.00022856,141106.17950353,10.9338789,2016-05-06T00:00:00.000Z,2016-05-06T23:59:04.000Z,coinmarketcap_data_api_listings_historical
2016-05-06,1062,FLY,Flycoin,flycoin,210,203557.17669908,0.68500513,139437.70995816,0.02676111,2016-05-06T00:00:00.000Z,2016-05-06T23:59:24.000Z,coinmarketcap_data_api_listings_historical
2016-05-06,80,ORB,Orbitcoin,orbitcoin,211,2554013.279225,0.05340131,136387.64534551,103.30062866,2016-05-06T00:00:00.000Z,2016-05-06T23:59:03.000Z,coinmarketcap_data_api_listings_historical
2016-05-06,234,EFL,e-Gulden,e-gulden,212,14392022.5,0.0088604,127519.04858281,129.43864441,2016-05-06T00:00:00.000Z,2016-05-06T23:59:08.000Z,coinmarketcap_data_api_listings_historical
2016-05-06,1173,HMP,HempCoin,hempcoin-hmp,213,1263317209.993,0.00010017,126549.56447451,54.39247513,2016-05-06T00:00:00.000Z,2016-05-06T23:59:28.000Z,coinmarketcap_data_api_listings_historical
2016-05-06,970,INDEX,CoinoIndex,coinoindex,214,338.390000000014,361.05285645,122176.67609253,96.00780487,2016-05-06T00:00:00.000Z,2016-05-06T23:59:21.000Z,coinmarketcap_data_api_listings_historical
2016-05-06,448,XST,Stealth,stealth,215,23634721.1144732,0.00496385,117319.19162685,121.00836945,2016-05-06T00:00:00.000Z,2016-05-06T23:59:11.000Z,coinmarketcap_data_api_listings_historical
2016-05-06,117,NOBL,NobleCoin,noblecoin,216,2266192346.92148,5.057e-05,114603.26994645,278.78817749,2016-05-06T00:00:00.000Z,2016-05-06T23:59:05.000Z,coinmarketcap_data_api_listings_historical
2016-05-06,652,XCH,ClearingHouse,clearinghouse,217,103807696.513561,0.00109877,114060.4391072,11.03691292,2016-05-06T00:00:00.000Z,2016-05-06T23:59:15.000Z,coinmarketcap_data_api_listings_historical
2016-05-06,322,ENRG,Energycoin,energycoin,218,119880686.586427,0.00094246,112982.36452484,97.11221313,2016-05-06T00:00:00.000Z,2016-05-06T23:59:09.000Z,coinmarketcap_data_api_listings_historical
2016-05-06,815,KOBO,Kobocoin,kobocoin,219,24290004.4720389,0.00464792,112898.01797686,64.58809662,2016-05-06T00:00:00.000Z,2016-05-06T23:59:18.000Z,coinmarketcap_data_api_listings_historical
2016-05-06,374,ABY,ArtByte,artbyte,220,660778050.0,0.0001692,111803.23774633,71.89964294,2016-05-06T00:00:00.000Z,2016-05-06T23:59:10.000Z,coinmarketcap_data_api_listings_historical
2016-05-06,622,NXTV,NXTventure,nxtventure,221,1000000.0,0.11172861,111728.60860825,11.1728611,2016-05-06T00:00:00.000Z,2016-05-06T05:29:15.000Z,coinmarketcap_data_api_listings_historical
2016-05-06,258,GRS,Groestlcoin,groestlcoin,222,63515574.0538945,0.00175664,111574.0445769,150.32666016,2016-05-06T00:00:00.000Z,2016-05-06T23:59:08.000Z,coinmarketcap_data_api_listings_historical
2016-05-06,25,GLC,GoldCoin,goldcoin,223,37345078.0,0.00296135,110591.85193487,120.59365845,2016-05-06T00:00:00.000Z,2016-05-06T23:59:01.000Z,coinmarketcap_data_api_listings_historical
2016-05-06,121,UTC,UltraCoin,ultracoin,224,32255289.734461,0.00339284,109437.17360042,3.40530777,2016-05-06T00:00:00.000Z,2016-05-06T23:59:04.000Z,coinmarketcap_data_api_listings_historical
2016-05-06,164,MAZA,MAZA,mazacoin,225,956356048.98463,0.00011173,106851.64152659,51.48326111,2016-05-06T00:00:00.000Z,2016-05-06T23:59:07.000Z,coinmarketcap_data_api_listings_historical
2016-05-06,1026,AEON,Aeon,aeon,226,11247577.874023,0.00949353,106779.19473637,97.73764801,2016-05-06T00:00:00.000Z,2016-05-06T23:59:23.000Z,coinmarketcap_data_api_listings_historical
2016-05-06,948,ADC,AudioCoin,audiocoin,227,765000873.145598,0.00013794,105521.50839762,24.01314926,2016-05-06T00:00:00.000Z,2016-05-06T23:59:21.000Z,coinmarketcap_data_api_listings_historical
2016-05-06,751,PANGEA,Pangea Poker,pangea-poker,228,999352.3046,0.10350106,103434.02195505,10.35010529,2016-05-06T00:00:00.000Z,2016-05-06T04:59:17.000Z,coinmarketcap_data_api_listings_historical
2016-05-06,532,NXTTY,Nxttycoin,nxttycoin,229,1000000000.0,0.00010293,102928.73776052,481.42459106,2016-05-06T00:00:00.000Z,2016-05-06T23:59:13.000Z,coinmarketcap_data_api_listings_historical
2016-05-06,686,MMNXT,MMNXT,mmnxt,230,10000000.0,0.01025209,102520.9017098,225.70021057,2016-05-06T00:00:00.000Z,2016-05-06T23:59:15.000Z,coinmarketcap_data_api_listings_historical
2016-05-06,764,XPY,PayCoin,paycoin2,231,11468823.9555698,0.00886829,101708.83671248,128.05877686,2016-05-06T00:00:00.000Z,2016-05-06T23:59:17.000Z,coinmarketcap_data_api_listings_historical
2016-05-06,624,BITCNY,bitCNY,bitcny,232,655910.0,0.15355551,100718.59615684,349.47262573,2016-05-06T00:00:00.000Z,2016-05-06T23:59:15.000Z,coinmarketcap_data_api_listings_historical
2016-05-06,155,MRC,microCoin,microcoin,233,18388124350.37,5.43e-06,99799.63237035,0.75186783,2016-05-06T00:00:00.000Z,2016-05-06T23:59:06.000Z,coinmarketcap_data_api_listings_historical
2016-05-06,567,XDP,Dogeparty,dogeparty,234,2678136.45467569,0.03716038,99520.57283285,10.66741085,2016-05-06T00:00:00.000Z,2016-05-06T23:59:13.000Z,coinmarketcap_data_api_listings_historical
2016-05-06,268,XWC,WhiteCoin,whitecoin,235,306584145.993991,0.00032446,99472.76879477,16.76242828,2016-05-06T00:00:00.000Z,2016-05-06T10:59:08.000Z,coinmarketcap_data_api_listings_historical
2016-05-06,1159,SLS,SaluS,salus,236,1000762.6410611,0.09589157,95964.70338567,9.81423855,2016-05-06T00:00:00.000Z,2016-05-06T23:59:28.000Z,coinmarketcap_data_api_listings_historical
2016-05-06,353,HYPER,Hyper,hyper,237,5987093.60150444,0.01471612,88106.77377831,17.85104942,2016-05-06T00:00:00.000Z,2016-05-06T23:59:10.000Z,coinmarketcap_data_api_listings_historical
2016-05-06,313,PINK,Pinkcoin,pinkcoin,238,364715977.229698,0.00022987,83836.34820487,240.01701355,2016-05-06T00:00:00.000Z,2016-05-06T23:59:09.000Z,coinmarketcap_data_api_listings_historical
2016-05-06,1075,FUND,Cryptofund,cryptofund,239,1000000.0,0.08240066,82400.65723658,3.79043031,2016-05-06T00:00:00.000Z,2016-05-06T23:59:24.000Z,coinmarketcap_data_api_listings_historical
2016-05-06,81,MMC,Memorycoin,memorycoin,240,10073034.0287852,0.0081603,82198.9382477,45.21326447,2016-05-06T00:00:00.000Z,2016-05-06T23:59:04.000Z,coinmarketcap_data_api_listings_historical
2016-05-06,325,TEK,TEKcoin,tekcoin,241,172012951.469163,0.00045131,77631.35775317,103.34583282,2016-05-06T00:00:00.000Z,2016-05-06T23:59:09.000Z,coinmarketcap_data_api_listings_historical
2016-05-06,481,JLH,jl777hodl,jl777hodl,242,10000000.0,0.00755704,75570.37752122,1.51140761,2016-05-06T00:00:00.000Z,2016-05-06T21:44:11.000Z,coinmarketcap_data_api_listings_historical
2016-05-06,1050,SHIFT,Shift,shift,243,6980147.0,0.01069803,74673.84641815,38.91283035,2016-05-06T00:00:00.000Z,2016-05-06T23:59:24.000Z,coinmarketcap_data_api_listings_historical
2016-05-06,276,BITS,Bitstar,bitstar,244,18820916.473907,0.00393329,74028.19304051,27.49829483,2016-05-06T00:00:00.000Z,2016-05-06T23:59:08.000Z,coinmarketcap_data_api_listings_historical
2016-05-06,823,GEO,GeoCoin,geocoin,245,2455079.14675095,0.03014428,74006.60193244,50.86294174,2016-05-06T00:00:00.000Z,2016-05-06T23:59:19.000Z,coinmarketcap_data_api_listings_historical
2016-05-06,502,CARBON,Carboncoin,carboncoin,246,15388700090.2039,4.6e-06,70747.24341143,5.75664091,2016-05-06T00:00:00.000Z,2016-05-06T23:59:12.000Z,coinmarketcap_data_api_listings_historical
2016-05-06,536,J,Joincoin,joincoin,247,2545817.96275971,0.02674278,68082.26066146,83.2469635,2016-05-06T00:00:00.000Z,2016-05-06T23:59:13.000Z,coinmarketcap_data_api_listings_historical
2016-05-06,1032,TX,TransferCoin,transfercoin,248,5429711.99999998,0.01238017,67220.76106368,162.88986206,2016-05-06T00:00:00.000Z,2016-05-06T23:59:23.000Z,coinmarketcap_data_api_listings_historical
2016-05-06,819,BITB,Bean Cash,bean-cash,249,1332859000.0,5.033e-05,67083.4477993,39.7953186,2016-05-06T00:00:00.000Z,2016-05-06T23:59:18.000Z,coinmarketcap_data_api_listings_historical
2016-05-06,58,SXC,Sexcoin,sexcoin,250,113430101.394311,0.00057662,65406.39407601,36.21964264,2016-05-06T00:00:00.000Z,2016-05-06T23:59:02.000Z,coinmarketcap_data_api_listings_historical
2016-05-06,1183,STS,Stress,stress,251,565134331.92926,0.00011526,65137.00983206,125.73910522,2016-05-06T00:00:00.000Z,2016-05-06T23:59:28.000Z,coinmarketcap_data_api_listings_historical
2016-05-06,1002,SPRTS,Sprouts,sprouts,252,1749903040.86896,3.683e-05,64457.08835747,448.50311279,2016-05-06T00:00:00.000Z,2016-05-06T23:59:22.000Z,coinmarketcap_data_api_listings_historical
2016-05-06,963,CORE,CORE,core,253,437498.0,0.14419755,63086.14121574,28.83950996,2016-05-06T00:00:00.000Z,2016-05-06T23:59:21.000Z,coinmarketcap_data_api_listings_historical
2016-05-06,679,SMBR,Sembro Token,sembro-token,254,2504009.34898958,0.02519385,63085.64420976,9.43267632,2016-05-06T00:00:00.000Z,2016-05-06T22:19:16.000Z,coinmarketcap_data_api_listings_historical
2016-05-06,218,FLT,FlutterCoin,fluttercoin,255,296116410.898426,0.00020703,61304.69499263,235.49186707,2016-05-06T00:00:00.000Z,2016-05-06T23:59:07.000Z,coinmarketcap_data_api_listings_historical
2016-05-06,543,BTM,Bitmark,bitmark,256,1120600.0,0.05433608,60889.00952786,10.01401711,2016-05-06T00:00:00.000Z,2016-05-06T23:59:13.000Z,coinmarketcap_data_api_listings_historical
2016-05-06,606,FLDC,FoldingCoin,foldingcoin,257,342500000.0,0.00017458,59792.60709864,55.82022858,2016-05-06T00:00:00.000Z,2016-05-06T23:59:14.000Z,coinmarketcap_data_api_listings_historical
2016-05-06,17,YAC,Yacoin,yacoin,258,94193945.0,0.00062646,59009.04664987,138.32804871,2016-05-06T00:00:00.000Z,2016-05-06T23:59:02.000Z,coinmarketcap_data_api_listings_historical
2016-05-06,78,HBN,HoboNickels,hobonickels,259,23031549.797191,0.00253314,58342.13760696,42.6677475,2016-05-06T00:00:00.000Z,2016-05-06T23:59:03.000Z,coinmarketcap_data_api_listings_historical
2016-05-06,202,HEX,Heisenberg,heisenberg,260,12473553843.0,4.6e-06,57345.29523374,1.36789095,2016-05-06T00:00:00.000Z,2016-05-06T23:59:07.000Z,coinmarketcap_data_api_listings_historical
2016-05-06,647,NXTprivacy,NXTprivacy,nxtprivacy,261,1000000.0,0.05590549,55905.49483895,5.59054947,2016-05-06T00:00:00.000Z,2016-05-06T05:54:15.000Z,coinmarketcap_data_api_listings_historical
2016-05-06,1066,PAK,Pakcoin,pakcoin,262,24472350.0,0.00227177,55595.65965155,54.9165535,2016-05-06T00:00:00.000Z,2016-05-06T23:59:24.000Z,coinmarketcap_data_api_listings_historical
2016-05-06,130,HUC,HunterCoin,huntercoin,263,12131040.0,0.00457896,55547.55412169,370.01724243,2016-05-06T00:00:00.000Z,2016-05-06T23:59:05.000Z,coinmarketcap_data_api_listings_historical
2016-05-06,1198,BIGUP,BigUp,bigup,264,4150342119.18205,1.273e-05,52821.33059409,44.18246841,2016-05-06T00:00:00.000Z,2016-05-06T23:59:29.000Z,coinmarketcap_data_api_listings_historical
2016-05-06,201,EMC2,Einsteinium,einsteinium,265,197849213.169197,0.0002627,51974.69884053,212.17834473,2016-05-06T00:00:00.000Z,2016-05-06T23:59:07.000Z,coinmarketcap_data_api_listings_historical
2016-05-06,114,TES,TeslaCoin,teslacoin,266,67728136.875701,0.00076182,51596.37350352,12.34380722,2016-05-06T00:00:00.000Z,2016-05-06T23:59:05.000Z,coinmarketcap_data_api_listings_historical
2016-05-06,103,RED,RedCoin,redcoin,267,74040630.0,0.00067581,50037.4309434,0.27419937,2016-05-06T00:00:00.000Z,2016-05-06T23:59:04.000Z,coinmarketcap_data_api_listings_historical
2016-05-06,859,LOG,Woodcoin,woodcoin,268,8035193.05359805,0.00612827,49241.81152307,491.14941406,2016-05-06T00:00:00.000Z,2016-05-06T23:59:19.000Z,coinmarketcap_data_api_listings_historical
2016-05-06,212,ECC,ECC,eccoin,269,19728536454.5647,2.49e-06,49145.66446928,47.09606934,2016-05-06T00:00:00.000Z,2016-05-06T23:59:07.000Z,coinmarketcap_data_api_listings_historical
2016-05-06,934,PKB,ParkByte,parkbyte,270,4719940.09476764,0.01025615,48408.40829188,29.51063728,2016-05-06T00:00:00.000Z,2016-05-06T23:59:20.000Z,coinmarketcap_data_api_listings_historical
2016-05-06,249,CESC,CryptoEscudo,cryptoescudo,271,144105100.0,0.00033146,47765.68088905,59.00296783,2016-05-06T00:00:00.000Z,2016-05-06T23:59:08.000Z,coinmarketcap_data_api_listings_historical
2016-05-06,366,BSD,BitSend,bitsend,272,10236650.0,0.00451995,46269.18089478,155.42463684,2016-05-06T00:00:00.000Z,2016-05-06T23:59:10.000Z,coinmarketcap_data_api_listings_historical
2016-05-06,595,NODE,Node,node,273,1000000000.0,4.597e-05,45973.49834512,0.44594294,2016-05-06T00:00:00.000Z,2016-05-06T23:59:14.000Z,coinmarketcap_data_api_listings_historical
2016-05-06,961,CIRC,CryptoCircuits,cryptocircuits,274,2716961.8947827,0.01678033,45591.51177304,6.04335928,2016-05-06T00:00:00.000Z,2016-05-06T23:59:21.000Z,coinmarketcap_data_api_listings_historical
2016-05-06,1113,SCRT,SecretCoin,secretcoin,275,4207419.26735249,0.01022451,43018.78463313,0.00465668,2016-05-06T00:00:00.000Z,2016-05-06T23:59:26.000Z,coinmarketcap_data_api_listings_historical
2016-05-06,337,CRYPT,CryptCoin,cryptcoin,276,6030041.5981781,0.0071075,42858.54023568,0.71075028,2016-05-06T00:00:00.000Z,2016-05-06T23:59:09.000Z,coinmarketcap_data_api_listings_historical
2016-05-06,629,XMG,Magi,magi,277,4597571.18896665,0.00930835,42795.80731137,141.09040833,2016-05-06T00:00:00.000Z,2016-05-06T23:59:15.000Z,coinmarketcap_data_api_listings_historical
2016-05-06,168,UFO,Uniform Fiscal Object,uniform-fiscal-object,278,2314151262.133,1.839e-05,42555.85505554,131.36383057,2016-05-06T00:00:00.000Z,2016-05-06T23:59:06.000Z,coinmarketcap_data_api_listings_historical
2016-05-06,1071,GSY,GenesysCoin,genesyscoin,279,1728315.55,0.02449868,42341.44742743,0.0451365,2016-05-06T00:00:00.000Z,2016-05-06T10:04:24.000Z,coinmarketcap_data_api_listings_historical
2016-05-06,69,DTC,Datacoin,datacoin,280,13998538.0,0.00298828,41831.51570197,19.68585205,2016-05-06T00:00:00.000Z,2016-05-06T23:59:03.000Z,coinmarketcap_data_api_listings_historical
2016-05-06,1100,CUBE,DigiCube,digicube,281,25155486.982885,0.00163147,41040.48212181,213.5136261,2016-05-06T00:00:00.000Z,2016-05-06T23:59:25.000Z,coinmarketcap_data_api_listings_historical
2016-05-06,613,CKC,Checkcoin,checkcoin,282,19878140.0,0.00204122,40575.72568821,15.10689163,2016-05-06T00:00:00.000Z,2016-05-06T23:59:15.000Z,coinmarketcap_data_api_listings_historical
2016-05-06,100,PRT,Particle,particle,283,714506932.000451,5.414e-05,38681.63284111,8.12062836,2016-05-06T00:00:00.000Z,2016-05-06T08:44:05.000Z,coinmarketcap_data_api_listings_historical
2016-05-06,1164,FRN,Francs,francs,284,1261920.0,0.02987419,37698.84341419,23.2816906,2016-05-06T00:00:00.000Z,2016-05-06T23:59:28.000Z,coinmarketcap_data_api_listings_historical
2016-05-06,279,CCN,CannaCoin,cannacoin,285,4674308.62257668,0.00792583,37047.78351615,0.31127277,2016-05-06T00:00:00.000Z,2016-05-06T23:59:08.000Z,coinmarketcap_data_api_listings_historical
2016-05-06,400,KORE,Kore,korecoin,286,1830948.808323,0.02023133,37042.52413831,0.4603214,2016-05-06T00:00:00.000Z,2016-05-06T23:44:11.000Z,coinmarketcap_data_api_listings_historical
2016-05-06,329,SYNC,Sync,sync,287,1176.91784886,31.30821991,36847.20282772,229.78875732,2016-05-06T00:00:00.000Z,2016-05-06T23:59:09.000Z,coinmarketcap_data_api_listings_historical
2016-05-06,945,BTA,Bata,bata,288,4450673.375,0.00819644,36479.66718092,130.53031921,2016-05-06T00:00:00.000Z,2016-05-06T23:59:21.000Z,coinmarketcap_data_api_listings_historical
2016-05-06,1109,1337,Elite,1337coin,289,1564501822.3447,2.299e-05,35962.81097025,225.50138855,2016-05-06T00:00:00.000Z,2016-05-06T23:59:26.000Z,coinmarketcap_data_api_listings_historical
2016-05-06,380,URO,Uro,uro,290,1151863.8,0.03119715,35934.86265837,13.8289423,2016-05-06T00:00:00.000Z,2016-05-06T23:59:10.000Z,coinmarketcap_data_api_listings_historical
2016-05-06,530,SSD,Sonic,sonicscrewdriver,291,22421058.222819,0.0015585,34943.25562156,34.80565262,2016-05-06T00:00:00.000Z,2016-05-06T23:59:12.000Z,coinmarketcap_data_api_listings_historical
2016-05-06,1073,STEPS,Steps,steps,292,17431178.899,0.00200234,34903.21650024,192.07164001,2016-05-06T00:00:00.000Z,2016-05-06T23:59:24.000Z,coinmarketcap_data_api_listings_historical
2016-05-06,1069,INFX,Influxcoin,influxcoin,293,1673383.42986624,0.02081493,34831.36689675,215.27670288,2016-05-06T00:00:00.000Z,2016-05-06T23:59:24.000Z,coinmarketcap_data_api_listings_historical
2016-05-06,154,MARS,Marscoin,marscoin,294,18863731.2896446,0.00183894,34689.2693181,277.01446533,2016-05-06T00:00:00.000Z,2016-05-06T23:59:06.000Z,coinmarketcap_data_api_listings_historical
2016-05-06,90,DIME,Dimecoin,dimecoin,295,482551551439.918,7e-08,34367.53777587,18.59648895,2016-05-06T00:00:00.000Z,2016-05-06T23:59:04.000Z,coinmarketcap_data_api_listings_historical
2016-05-06,1111,SOIL,SOILcoin,soilcoin,296,3381312.0,0.00995786,33670.63226956,312.12380981,2016-05-06T00:00:00.000Z,2016-05-06T23:59:26.000Z,coinmarketcap_data_api_listings_historical
2016-05-06,951,SNRG,Synergy,synergy,297,1414009.77380163,0.02299595,32516.49108143,0.76390487,2016-05-06T00:00:00.000Z,2016-05-06T23:59:21.000Z,coinmarketcap_data_api_listings_historical
2016-05-06,621,MRKT,FreeMarket,freemarket,298,720000.0,0.0442543,31863.09814453,4.4254303,2016-05-06T00:00:00.000Z,2016-05-06T06:39:16.000Z,coinmarketcap_data_api_listings_historical
2016-05-06,648,Privatebet,Privatebet,privatebet,299,400000.0,0.07831212,31324.84853268,7.83121252,2016-05-06T00:00:00.000Z,2016-05-06T04:49:15.000Z,coinmarketcap_data_api_listings_historical
2016-05-06,1141,MOIN,Moin,moin,300,9596428.62481986,0.00321722,30873.83174368,0.54692757,2016-05-06T00:00:00.000Z,2016-05-06T23:59:27.000Z,coinmarketcap_data_api_listings_historical
2016-05-06,82,LOT,LottoCoin,lottocoin,301,14491014421.1776,2.1e-06,30456.77866948,0.04351601,2016-05-06T00:00:00.000Z,2016-05-06T23:59:03.000Z,coinmarketcap_data_api_listings_historical
2016-05-06,926,BGCAFFE,Buongiorno Caffe,buongiorno-caffe,302,109295.0,0.27466199,30019.18198064,8.23985958,2016-05-06T00:00:00.000Z,2016-05-06T23:59:20.000Z,coinmarketcap_data_api_listings_historical
2016-05-06,978,XRA,Ratecoin,ratecoin,303,87865169.61647,0.0003402,29892.07338849,62.57810211,2016-05-06T00:00:00.000Z,2016-05-06T23:59:22.000Z,coinmarketcap_data_api_listings_historical
2016-05-06,638,TROLL,Trollcoin,trollcoin,304,520768774.0,5.523e-05,28761.02913305,85.38564301,2016-05-06T00:00:00.000Z,2016-05-06T23:59:15.000Z,coinmarketcap_data_api_listings_historical
2016-05-06,627,SLG,Sterlingcoin,sterlingcoin,305,3881156.1090703,0.00739382,28696.57409703,22.66599655,2016-05-06T00:00:00.000Z,2016-05-06T23:59:14.000Z,coinmarketcap_data_api_listings_historical
2016-05-06,989,MMBTCD,MMBTCD,mmbtcd,306,400000.0,0.0707254,28290.15851021,106.9367981,2016-05-06T00:00:00.000Z,2016-05-06T23:59:22.000Z,coinmarketcap_data_api_listings_historical
2016-05-06,461,QTL,Quatloo,quatloo,307,5062001.87,0.00533293,26995.31112982,182.40428162,2016-05-06T00:00:00.000Z,2016-05-06T23:59:11.000Z,coinmarketcap_data_api_listings_historical
2016-05-06,835,ZRC,ZiftrCOIN,ziftrcoin,308,12773629.71088,0.002078,26543.62918384,3.49917173,2016-05-06T00:00:00.000Z,2016-05-06T23:59:18.000Z,coinmarketcap_data_api_listings_historical
2016-05-06,4,TRC,Terracoin,terracoin,309,15022680.0,0.00176157,26463.49002695,7.48546934,2016-05-06T00:00:00.000Z,2016-05-06T23:59:00.000Z,coinmarketcap_data_api_listings_historical
2016-05-06,304,CDN,Canada eCoin,canada-ecoin,310,93641731.1679879,0.00028097,26310.60526381,6.956563,2016-05-06T00:00:00.000Z,2016-05-06T23:59:09.000Z,coinmarketcap_data_api_listings_historical
2016-05-06,671,GAIA,GAIA,gaia,311,24101381.448726,0.00108529,26157.10299102,97.89162445,2016-05-06T00:00:00.000Z,2016-05-06T23:59:16.000Z,coinmarketcap_data_api_listings_historical
2016-05-06,513,TIT,Titcoin,titcoin,312,45286276.65,0.00057002,25814.23358346,241.42610168,2016-05-06T00:00:00.000Z,2016-05-06T23:59:12.000Z,coinmarketcap_data_api_listings_historical
2016-05-06,477,TRI,Triangles,triangles,313,66784.984238,0.38387874,25637.3354458,41.95370483,2016-05-06T00:00:00.000Z,2016-05-06T23:59:12.000Z,coinmarketcap_data_api_listings_historical
2016-05-06,660,DSH,Dashcoin,dashcoin,314,12058917.0,0.00211811,25542.1627217,9.21590614,2016-05-06T00:00:00.000Z,2016-05-06T23:59:15.000Z,coinmarketcap_data_api_listings_historical
2016-05-06,221,888,OctoCoin,octocoin,315,41370068.8875981,0.00061145,25295.62745278,1.42364752,2016-05-06T00:00:00.000Z,2016-05-06T23:59:08.000Z,coinmarketcap_data_api_listings_historical
2016-05-06,468,TRK,Truckcoin,truckcoin,316,62470999.738052,0.00040424,25253.08486909,94.19343567,2016-05-06T00:00:00.000Z,2016-05-06T23:59:12.000Z,coinmarketcap_data_api_listings_historical
2016-05-06,680,STV,Sativacoin,sativacoin,317,7066790.85198273,0.00356236,25174.43875042,27.17313957,2016-05-06T00:00:00.000Z,2016-05-06T23:59:16.000Z,coinmarketcap_data_api_listings_historical
2016-05-06,19,FRK,Franko,franko,318,636949.64912876,0.03863423,24608.05889344,23.2469902,2016-05-06T00:00:00.000Z,2016-05-06T23:59:27.000Z,coinmarketcap_data_api_listings_historical
2016-05-06,145,DOPE,DopeCoin,dopecoin,319,141157232.67035,0.00017116,24160.2015449,102.75193024,2016-05-06T00:00:00.000Z,2016-05-06T08:09:06.000Z,coinmarketcap_data_api_listings_historical
2016-05-06,423,MCN,MonetaVerde,monetaverde,320,18446258.360373,0.00129645,23914.7016825,369.17144775,2016-05-06T00:00:00.000Z,2016-05-06T23:59:11.000Z,coinmarketcap_data_api_listings_historical
2016-05-06,1021,CHIP,ChipCoin,chipcoin,321,10341384.1732873,0.00229659,23749.94610311,0.50430226,2016-05-06T00:00:00.000Z,2016-05-06T22:29:22.000Z,coinmarketcap_data_api_listings_historical
2016-05-06,416,THC,HempCoin,hempcoin,322,196260750.643498,0.00011953,23459.26299519,36.80524826,2016-05-06T00:00:00.000Z,2016-05-06T23:59:11.000Z,coinmarketcap_data_api_listings_historical
2016-05-06,370,FCN,Fantomcoin,fantomcoin,323,4067210.65505865,0.00551682,22438.06958044,1.32238173,2016-05-06T00:00:00.000Z,2016-05-06T23:59:10.000Z,coinmarketcap_data_api_listings_historical
2016-05-06,853,LDOGE,LiteDoge,litedoge,324,13697596138.75,1.62e-06,22156.65522333,2.61980438,2016-05-06T00:00:00.000Z,2016-05-06T23:59:19.000Z,coinmarketcap_data_api_listings_historical
2016-05-06,263,PLNC,PLNcoin,plncoin,325,17089600.0,0.00128726,21998.72427098,2.8637352,2016-05-06T00:00:00.000Z,2016-05-06T23:59:08.000Z,coinmarketcap_data_api_listings_historical
2016-05-06,113,SMC,SmartCoin,smartcoin,326,21267341.999,0.00096544,20532.41705245,4.65207243,2016-05-06T00:00:00.000Z,2016-05-06T23:59:04.000Z,coinmarketcap_data_api_listings_historical
2016-05-06,923,VIRAL,Viral,viral,327,5377098.18657237,0.00376063,20221.28944523,58.62781525,2016-05-06T00:00:00.000Z,2016-05-06T23:59:20.000Z,coinmarketcap_data_api_listings_historical
2016-05-06,796,METAL,MetalCoin,metalcoin,328,76925527.458029,0.00025891,19916.87817877,4.06422758,2016-05-06T00:00:00.000Z,2016-05-06T23:59:18.000Z,coinmarketcap_data_api_listings_historical
2016-05-06,151,PTC,Pesetacoin,pesetacoin,329,115164649.414,0.0001723,19842.68501418,5.65470123,2016-05-06T00:00:00.000Z,2016-05-06T23:59:06.000Z,coinmarketcap_data_api_listings_historical
2016-05-06,314,OC,OrangeCoin,orangecoin,330,60899220.089802,0.00031722,19318.27653812,31.72171593,2016-05-06T00:00:00.000Z,2016-05-06T23:59:09.000Z,coinmarketcap_data_api_listings_historical
2016-05-06,1049,020,020LondonCoin,o2olondoncoin,331,149973600248.347,1.2e-07,18695.82271104,1.83630502,2016-05-06T00:00:00.000Z,2016-05-06T23:59:24.000Z,coinmarketcap_data_api_listings_historical
2016-05-06,1035,AMS,AmsterdamCoin,amsterdamcoin,332,9603706.824823,0.00194008,18631.97596795,1.93527281,2016-05-06T00:00:00.000Z,2016-05-06T23:59:23.000Z,coinmarketcap_data_api_listings_historical
2016-05-06,748,NOXT,NobleNXT,noblenxt,333,551428.0,0.03350089,18473.32942097,1.18057644,2016-05-06T00:00:00.000Z,2016-05-06T23:59:17.000Z,coinmarketcap_data_api_listings_historical
2016-05-06,733,XQN,Quotient,quotient,334,20365737.450336,0.00089442,18215.52336978,0.92937839,2016-05-06T00:00:00.000Z,2016-05-06T04:14:16.000Z,coinmarketcap_data_api_listings_historical
2016-05-06,150,ANI,Animecoin,animecoin,335,1975960545.0,9.19e-06,18168.36520682,0.09331428,2016-05-06T00:00:00.000Z,2016-05-06T23:59:06.000Z,coinmarketcap_data_api_listings_historical
2016-05-06,706,MUE,MonetaryUnit,monetaryunit,336,89444559.975,0.00019404,17355.72184911,63.42696762,2016-05-06T00:00:00.000Z,2016-05-06T23:59:16.000Z,coinmarketcap_data_api_listings_historical
2016-05-06,797,NKA,IncaKoin,incakoin,337,3719843535.54401,4.6e-06,17101.42341581,37.11153412,2016-05-06T00:00:00.000Z,2016-05-06T23:59:18.000Z,coinmarketcap_data_api_listings_historical
2016-05-06,724,DTC,DayTraderCoin,daytradercoin,338,1124327.49705457,0.0149138,16767.99876086,89.46858978,2016-05-06T00:00:00.000Z,2016-05-06T23:59:16.000Z,coinmarketcap_data_api_listings_historical
2016-05-06,388,SFR,SaffronCoin,saffroncoin,339,20386026.0,0.00075397,15370.3583172,9.01588631,2016-05-06T00:00:00.000Z,2016-05-06T23:59:10.000Z,coinmarketcap_data_api_listings_historical
2016-05-06,894,NTRN,Neutron,neutron,340,12617683.8877,0.00119071,15024.04789107,11.90161037,2016-05-06T00:00:00.000Z,2016-05-06T23:59:20.000Z,coinmarketcap_data_api_listings_historical
2016-05-06,125,BLC,Blakecoin,blakecoin,341,10337781.791108,0.00143437,14828.2371865,98.39428711,2016-05-06T00:00:00.000Z,2016-05-06T23:59:07.000Z,coinmarketcap_data_api_listings_historical
2016-05-06,1031,GRF,Graffiti,graffiti,342,20024906.5488378,0.00072178,14453.65633357,61.29684448,2016-05-06T00:00:00.000Z,2016-05-06T23:59:23.000Z,coinmarketcap_data_api_listings_historical
2016-05-06,616,HTML5,HTML5COIN,htmlcoin5,343,40659020000.0,3.5e-07,14117.83446142,3.51631522,2016-05-06T00:00:00.000Z,2016-05-06T23:59:14.000Z,coinmarketcap_data_api_listings_historical
2016-05-06,1152,WHIPPED,BDSM-FETISH,bdsm-fetish,344,545423.0,0.02564585,13987.83453611,0.01052683,2016-05-06T00:00:00.000Z,2016-05-06T23:59:27.000Z,coinmarketcap_data_api_listings_historical
2016-05-06,29,CAP,Bottlecaps,bottlecaps,345,55117338.224315,0.00025285,13936.65341884,63.76984787,2016-05-06T00:00:00.000Z,2016-05-06T23:59:01.000Z,coinmarketcap_data_api_listings_historical
2016-05-06,644,BSTY,GlobalBoost-Y,globalboost-y,346,8119290.63601993,0.00170589,13850.61904612,8.66035461,2016-05-06T00:00:00.000Z,2016-05-06T23:59:15.000Z,coinmarketcap_data_api_listings_historical
2016-05-06,1223,BERN,BERNcash,berncash,347,22459616.512934,0.00061587,13832.15952797,307.11254883,2016-05-06T00:00:00.000Z,2016-05-06T23:59:30.000Z,coinmarketcap_data_api_listings_historical
2016-05-06,157,CAGE,CageCoin,cagecoin,348,101168328395.0,1.4e-07,13799.16489037,1.4910357,2016-05-06T00:00:00.000Z,2016-05-06T23:59:06.000Z,coinmarketcap_data_api_listings_historical
2016-05-06,1184,SPEX,SproutsExtreme,sproutsextreme,349,2866607585.84296,4.6e-06,13175.01465411,0.11490075,2016-05-06T00:00:00.000Z,2016-05-06T23:59:28.000Z,coinmarketcap_data_api_listings_historical
2016-05-06,633,EXCL,ExclusiveCoin,exclusivecoin,350,12806826.7284203,0.00096544,12364.26759483,4.92807436,2016-05-06T00:00:00.000Z,2016-05-06T23:59:15.000Z,coinmarketcap_data_api_listings_historical
2016-05-06,719,VIP,Limitless VIP,limitless-vip,351,1257548680.0,9.73e-06,12238.9862554,5.00270128,2016-05-06T00:00:00.000Z,2016-05-06T23:59:16.000Z,coinmarketcap_data_api_listings_historical
2016-05-06,785,GP,GoldPieces,goldpieces,352,1220160.94807913,0.00989954,12079.03536608,1.07751775,2016-05-06T00:00:00.000Z,2016-05-06T23:59:18.000Z,coinmarketcap_data_api_listings_historical
2016-05-06,921,UNIT,Universal Currency,universal-currency,353,12342831.4844611,0.00097807,12072.10674038,93.57816315,2016-05-06T00:00:00.000Z,2016-05-06T23:59:21.000Z,coinmarketcap_data_api_listings_historical
2016-05-06,102,MEOW,Kittehcoin,kittehcoin,354,23905669975.52,5e-07,11878.11286351,1.40615487,2016-05-06T00:00:00.000Z,2016-05-06T23:59:04.000Z,coinmarketcap_data_api_listings_historical
2016-05-06,575,MNTA,Moneta,moneta,355,16712687.5196268,0.00070267,11743.58422131,196.26199341,2016-05-06T00:00:00.000Z,2016-05-06T23:59:14.000Z,coinmarketcap_data_api_listings_historical
2016-05-06,32,FST,Fastcoin,fastcoin,356,126764507.481737,9.195e-05,11655.61574986,0.44812399,2016-05-06T00:00:00.000Z,2016-05-06T23:59:01.000Z,coinmarketcap_data_api_listings_historical
2016-05-06,667,NXTI,NXTInspect,nxtinspect,357,675996.0,0.01704507,11522.39627391,1.70450652,2016-05-06T00:00:00.000Z,2016-05-06T06:04:16.000Z,coinmarketcap_data_api_listings_historical
2016-05-06,527,MWC,MultiWalletCoin,multiwalletcoin,358,27254738.2358011,0.00039992,10899.71129174,0.39991987,2016-05-06T00:00:00.000Z,2016-05-06T22:04:12.000Z,coinmarketcap_data_api_listings_historical
2016-05-06,338,QCN,QuazarCoin,quazarcoin-old,359,3905447.0315801,0.00275841,10772.82438375,13.79624271,2016-05-06T00:00:00.000Z,2016-05-06T23:59:09.000Z,coinmarketcap_data_api_listings_historical
2016-05-06,883,TRON,Positron,positron,360,1647323.29698374,0.00652814,10753.9510465,0.65665209,2016-05-06T00:00:00.000Z,2016-05-06T13:04:20.000Z,coinmarketcap_data_api_listings_historical
2016-05-06,737,VIOR,Viorcoin,viorcoin,361,4955678.88226828,0.00216075,10708.00554674,10.82218075,2016-05-06T00:00:00.000Z,2016-05-06T23:59:17.000Z,coinmarketcap_data_api_listings_historical
2016-05-06,31,ARG,Argentum,argentum,362,5184978.44495494,0.00195387,10130.79345083,6.77349663,2016-05-06T00:00:00.000Z,2016-05-06T23:59:04.000Z,coinmarketcap_data_api_listings_historical
2016-05-06,778,BITGOLD,bitGold,bitgold,363,7.90006,1281.34643555,10122.71372161,6.49772167,2016-05-06T00:00:00.000Z,2016-05-06T23:59:17.000Z,coinmarketcap_data_api_listings_historical
2016-05-06,813,BITSILVER,bitSilver,bitsilver,364,561.915,17.90807343,10062.81507877,17.35398293,2016-05-06T00:00:00.000Z,2016-05-06T23:59:18.000Z,coinmarketcap_data_api_listings_historical
2016-05-06,434,AM,AeroMe,aerocoin,365,12109617.5477073,0.00079534,9631.28214143,6.58504629,2016-05-06T00:00:00.000Z,2016-05-06T23:59:11.000Z,coinmarketcap_data_api_listings_historical
2016-05-06,35,PXC,Phoenixcoin,phoenixcoin,366,50340425.0,0.00018389,9257.30178172,58.46471786,2016-05-06T00:00:00.000Z,2016-05-06T23:59:01.000Z,coinmarketcap_data_api_listings_historical
2016-05-06,1187,VIP,VIP Tokens,vip-tokens,367,83450402.630487,0.0001103,9204.97312614,59.51841354,2016-05-06T00:00:00.000Z,2016-05-06T23:59:29.000Z,coinmarketcap_data_api_listings_historical
2016-05-06,890,8BIT,8Bit,8bit,368,677682.78618273,0.01321278,8954.07640545,13.51922989,2016-05-06T00:00:00.000Z,2016-05-06T23:59:20.000Z,coinmarketcap_data_api_listings_historical
2016-05-06,47,SPT,Spots,spots,369,19380027.2360318,0.00044965,8714.25781091,0.72260171,2016-05-06T00:00:00.000Z,2016-05-06T23:59:01.000Z,coinmarketcap_data_api_listings_historical
2016-05-06,882,CYP,Cypher,cypher,370,6365284.67510838,0.00136442,8684.90648406,102.48810577,2016-05-06T00:00:00.000Z,2016-05-06T23:59:19.000Z,coinmarketcap_data_api_listings_historical
2016-05-06,888,JAY,Jay,jay,371,990439.7444,0.00858319,8501.12966284,0.0047362,2016-05-06T00:00:00.000Z,2016-05-06T23:59:20.000Z,coinmarketcap_data_api_listings_historical
2016-05-06,773,XAI,Sapience AIFX,sapience-aifx,372,684468.22556967,0.01232883,8438.69021844,0.28086832,2016-05-06T00:00:00.000Z,2016-05-06T11:24:16.000Z,coinmarketcap_data_api_listings_historical
2016-05-06,1219,ZAIF,ZAIF,zaif,373,130631.689170003,0.06457385,8435.39067813,408.93283081,2016-05-06T00:00:00.000Z,2016-05-06T23:59:30.000Z,coinmarketcap_data_api_listings_historical
2016-05-06,818,CON,PayCon,paycon,374,16668964.9950625,0.00050536,8423.85367668,6.28143835,2016-05-06T00:00:00.000Z,2016-05-06T23:59:18.000Z,coinmarketcap_data_api_listings_historical
2016-05-06,842,BITZ,Bitz,bitz,375,1988973.80621201,0.00419898,8351.66041009,17.8266983,2016-05-06T00:00:00.000Z,2016-05-06T23:59:18.000Z,coinmarketcap_data_api_listings_historical
2016-05-06,556,MGW,MGW,mgw,376,1000000.0,0.00830853,8308.52519721,6.02368116,2016-05-06T00:00:00.000Z,2016-05-06T23:59:13.000Z,coinmarketcap_data_api_listings_historical
2016-05-06,725,U,UCoin,ucoin,377,2689812.1443019,0.00301627,8113.18652111,339.82327271,2016-05-06T00:00:00.000Z,2016-05-06T23:59:16.000Z,coinmarketcap_data_api_listings_historical
2016-05-06,837,XCO,X-Coin,x-coin,378,12384976.0,0.00064823,8028.26786328,0.76563346,2016-05-06T00:00:00.000Z,2016-05-06T23:59:19.000Z,coinmarketcap_data_api_listings_historical
2016-05-06,14,BTB,BitBar,bitbar,379,24723.789847,0.32181451,7956.47424687,29.9959259,2016-05-06T00:00:00.000Z,2016-05-06T23:59:01.000Z,coinmarketcap_data_api_listings_historical
2016-05-06,260,XPD,PetroDollar,petrodollar,380,63993274.8872568,0.00012413,7943.38589921,0.40059528,2016-05-06T00:00:00.000Z,2016-05-06T23:59:08.000Z,coinmarketcap_data_api_listings_historical
2016-05-06,811,DEBUNE,DeBuNe,debune,381,231731.0,0.03421456,7928.5750533,3.42145634,2016-05-06T00:00:00.000Z,2016-05-06T05:44:18.000Z,coinmarketcap_data_api_listings_historical
2016-05-06,857,SONG,SongCoin,songcoin,382,24547200.0,0.00032023,7860.64553848,298.58529663,2016-05-06T00:00:00.000Z,2016-05-06T23:59:19.000Z,coinmarketcap_data_api_listings_historical
2016-05-06,563,ROOT,RootCoin,rootcoin,383,1939470.32948607,0.00390775,7578.96046074,8.35975647,2016-05-06T00:00:00.000Z,2016-05-06T23:59:13.000Z,coinmarketcap_data_api_listings_historical
2016-05-06,545,HAL,Halcyon,halcyon,384,3293282.21197049,0.00229868,7570.18552761,0.65496314,2016-05-06T00:00:00.000Z,2016-05-06T23:59:13.000Z,coinmarketcap_data_api_listings_historical
2016-05-06,473,APEX,ApexCoin,apexcoin,385,6133914.20996267,0.0011947,7328.20026218,1.73749816,2016-05-06T00:00:00.000Z,2016-05-06T11:14:11.000Z,coinmarketcap_data_api_listings_historical
2016-05-06,1210,CAB,Cabbage,cabbage,386,10499998.94,0.0006894,7238.74644292,0.98584843,2016-05-06T00:00:00.000Z,2016-05-06T23:59:29.000Z,coinmarketcap_data_api_listings_historical
2016-05-06,730,GCN,GCN Coin,gcn-coin,387,88621910000.0,8e-08,7165.4932869,7.05648756,2016-05-06T00:00:00.000Z,2016-05-06T23:59:17.000Z,coinmarketcap_data_api_listings_historical
2016-05-06,1132,ANTI,AntiBitcoin,antibitcoin,388,17441159.6708394,0.00040003,6977.01748866,8.43990135,2016-05-06T00:00:00.000Z,2016-05-06T23:59:27.000Z,coinmarketcap_data_api_listings_historical
2016-05-06,870,PURA,Pura,pura,389,166090474.0,4.138e-05,6872.18466223,15.74917889,2016-05-06T00:00:00.000Z,2016-05-06T23:59:19.000Z,coinmarketcap_data_api_listings_historical
2016-05-06,1192,PULSE,Pulse,pulse,390,14298971.520004,0.00047799,6834.72405498,137.32363892,2016-05-06T00:00:00.000Z,2016-05-06T23:59:29.000Z,coinmarketcap_data_api_listings_historical
2016-05-06,1202,REV,Revenu,revenu,391,1195524.99265637,0.00570827,6824.37862402,331.15786743,2016-05-06T00:00:00.000Z,2016-05-06T23:59:29.000Z,coinmarketcap_data_api_listings_historical
2016-05-06,893,SLING,Sling,sling,392,1074095.017,0.00632136,6789.73715875,41.69880676,2016-05-06T00:00:00.000Z,2016-05-06T23:59:20.000Z,coinmarketcap_data_api_listings_historical
2016-05-06,701,HAM,HamRadioCoin,hamradiocoin,393,4871089.06249991,0.00137461,6695.83640076,0.03683397,2016-05-06T00:00:00.000Z,2016-05-06T23:59:16.000Z,coinmarketcap_data_api_listings_historical
2016-05-06,1231,COXST,CoExistCoin,coexistcoin,394,25692435.8584563,0.0002601,6682.54203692,12.33176899,2016-05-06T00:00:00.000Z,2016-05-06T23:59:30.000Z,coinmarketcap_data_api_listings_historical
2016-05-06,632,ROS,RosCoin,roscoin,395,75787225.8951754,8.735e-05,6619.98739055,11.02166367,2016-05-06T00:00:00.000Z,2016-05-06T23:59:15.000Z,coinmarketcap_data_api_listings_historical
2016-05-06,1239,ELCO,ELcoin,elcoin,396,1974617.6106279,0.00328157,6479.83679585,39.9331131,2016-05-06T00:00:00.000Z,2016-05-06T23:59:30.000Z,coinmarketcap_data_api_listings_historical
2016-05-06,594,BUN,BunnyCoin,bunnycoin,397,99305953627.6842,7e-08,6467.90569444,3.11345267,2016-05-06T00:00:00.000Z,2016-05-06T23:59:14.000Z,coinmarketcap_data_api_listings_historical
2016-05-06,960,FJC,FujiCoin,fujicoin,398,553975363.0,1.164e-05,6447.89617976,0.2867415,2016-05-06T00:00:00.000Z,2016-05-06T23:59:21.000Z,coinmarketcap_data_api_listings_historical
2016-05-06,601,ACOIN,Acoin,acoin,399,1202632.39415668,0.00529155,6363.78939066,0.43857068,2016-05-06T00:00:00.000Z,2016-05-06T23:59:14.000Z,coinmarketcap_data_api_listings_historical
2016-05-06,722,QSLV,Quicksilver,quicksilver,400,3487894.30540263,0.00179297,6253.67766111,16.7584343,2016-05-06T00:00:00.000Z,2016-05-06T23:59:17.000Z,coinmarketcap_data_api_listings_historical
2016-05-06,654,DP,DigitalPrice,digitalprice,401,16495635.0,0.00037698,6218.56904871,3.29201531,2016-05-06T00:00:00.000Z,2016-05-06T23:59:15.000Z,coinmarketcap_data_api_listings_historical
2016-05-06,565,BOB,Dobbscoin,dobbscoin,402,4517329.99999637,0.00137573,6214.63180898,0.98584193,2016-05-06T00:00:00.000Z,2016-05-06T23:59:13.000Z,coinmarketcap_data_api_listings_historical
2016-05-06,1209,PEX,PosEx,posex,403,1568651.43783651,0.00390663,6128.13343001,71.32181549,2016-05-06T00:00:00.000Z,2016-05-06T23:59:29.000Z,coinmarketcap_data_api_listings_historical
2016-05-06,88,RPC,RonPaulCoin,ronpaulcoin,404,513654.92169891,0.01176462,6042.95422943,55.28656387,2016-05-06T00:00:00.000Z,2016-05-06T23:59:04.000Z,coinmarketcap_data_api_listings_historical
2016-05-06,146,CGA,Cryptographic Anomaly,cryptographic-anomaly,405,211281.50951075,0.02857253,6036.84717479,195.68560791,2016-05-06T00:00:00.000Z,2016-05-06T23:59:06.000Z,coinmarketcap_data_api_listings_historical
2016-05-06,205,BTCS,Bitcoin Scrypt,bitcoin-scrypt,406,12792950.0,0.00044594,5704.92582905,0.0459781,2016-05-06T00:00:00.000Z,2016-05-06T23:59:08.000Z,coinmarketcap_data_api_listings_historical
2016-05-06,1084,ISL,IslaCoin,islacoin,407,1513704.20190432,0.0036815,5572.69564013,184.39953613,2016-05-06T00:00:00.000Z,2016-05-06T23:59:25.000Z,coinmarketcap_data_api_listings_historical
2016-05-06,656,PXI,Prime-XI,prime-xi,408,4524561.3764839,0.00119626,5412.54012255,321.28042603,2016-05-06T00:00:00.000Z,2016-05-06T23:59:15.000Z,coinmarketcap_data_api_listings_historical
2016-05-06,356,BTQ,BitQuark,bitquark,409,5309916.14587,0.00100222,5321.71637027,9.14335251,2016-05-06T00:00:00.000Z,2016-05-06T23:59:10.000Z,coinmarketcap_data_api_listings_historical
2016-05-06,1096,OS76,OsmiumCoin,osmiumcoin,410,893864.0,0.00567025,5068.43186522,0.0447887,2016-05-06T00:00:00.000Z,2016-05-06T00:19:25.000Z,coinmarketcap_data_api_listings_historical
2016-05-06,120,NYAN,Nyancoin,nyancoin,411,271839339.968906,1.839e-05,4998.96257406,1.73134053,2016-05-06T00:00:00.000Z,2016-05-06T23:59:05.000Z,coinmarketcap_data_api_listings_historical
2016-05-06,1019,MANNA,Manna,manna,412,37702817.9145184,0.00012873,4853.32560765,0.91113502,2016-05-06T00:00:00.000Z,2016-05-06T23:59:23.000Z,coinmarketcap_data_api_listings_historical
2016-05-06,720,CRW,Crown,crown,413,8624470.0,0.00055716,4805.24037072,3.71168423,2016-05-06T00:00:00.000Z,2016-05-06T23:59:16.000Z,coinmarketcap_data_api_listings_historical
2016-05-06,983,MTLMC3,Metal Music Coin,metal-music-coin,414,79719140.463331,5.977e-05,4764.45819082,2.47820616,2016-05-06T00:00:00.000Z,2016-05-06T23:59:21.000Z,coinmarketcap_data_api_listings_historical
2016-05-06,1056,MAPC,MapCoin,mapcoin,415,3005029.59322375,0.00148494,4462.30072278,0.85129589,2016-05-06T00:00:00.000Z,2016-05-06T23:59:26.000Z,coinmarketcap_data_api_listings_historical
2016-05-06,955,DRKT,DarkTron,darktron,416,872871.70100273,0.00509846,4450.30247699,0.95203763,2016-05-06T00:00:00.000Z,2016-05-06T23:59:21.000Z,coinmarketcap_data_api_listings_historical
2016-05-06,298,NYC,NewYorkCoin,newyorkcoin,417,59719935819.0571,7e-08,4439.5376443,4.09266138,2016-05-06T00:00:00.000Z,2016-05-06T23:59:08.000Z,coinmarketcap_data_api_listings_historical
2016-05-06,795,SOON,SoonCoin,sooncoin,418,12462620.0,0.00033643,4192.76124216,0.16332942,2016-05-06T00:00:00.000Z,2016-05-06T18:04:18.000Z,coinmarketcap_data_api_listings_historical
2016-05-06,958,G3N,G3N,genstake,419,5898708.0,0.00071047,4190.87647749,1.17565155,2016-05-06T00:00:00.000Z,2016-05-06T23:59:21.000Z,coinmarketcap_data_api_listings_historical
2016-05-06,739,GUA,Guarany,guarany,420,355251.0,0.01107502,3934.4105485,6.11558819,2016-05-06T00:00:00.000Z,2016-05-06T23:59:17.000Z,coinmarketcap_data_api_listings_historical
2016-05-06,997,TAGR,TAGRcoin,tagrcoin,421,38669633.7973801,0.00010114,3911.11238799,2.3828249,2016-05-06T00:00:00.000Z,2016-05-06T23:59:22.000Z,coinmarketcap_data_api_listings_historical
2016-05-06,144,CORG,CorgiCoin,corgicoin,422,932361655.263238,4.17e-06,3892.58273645,3.30374908,2016-05-06T00:00:00.000Z,2016-05-06T23:59:05.000Z,coinmarketcap_data_api_listings_historical
2016-05-06,990,ZNY,Bitzeny,bitzeny,423,75614500.0,5.057e-05,3823.88942719,0.09202515,2016-05-06T00:00:00.000Z,2016-05-06T23:59:22.000Z,coinmarketcap_data_api_listings_historical
2016-05-06,343,XDQ,Dirac,dirac,424,451885.0,0.00844533,3816.31877256,0.49625176,2016-05-06T00:00:00.000Z,2016-05-06T23:59:10.000Z,coinmarketcap_data_api_listings_historical
2016-05-06,908,DRZ,Droidz,droidz,425,8037056.73165814,0.00045973,3694.916202,1.0649302,2016-05-06T00:00:00.000Z,2016-05-06T23:59:20.000Z,coinmarketcap_data_api_listings_historical
2016-05-06,832,MTR,MasterTraderCoin,mastertradercoin,426,300677.57086844,0.01165888,3505.56369589,63.35029984,2016-05-06T00:00:00.000Z,2016-05-06T23:59:18.000Z,coinmarketcap_data_api_listings_historical
2016-05-06,938,ARB,ARbit,arbit,427,3614605.0,0.00096544,3489.69689505,0.39175397,2016-05-06T00:00:00.000Z,2016-05-06T23:59:21.000Z,coinmarketcap_data_api_listings_historical
2016-05-06,1163,BTCU,BitcoinUltra,bitcoinultra,428,982326.6536002,0.00349615,3434.35814811,0.40870884,2016-05-06T00:00:00.000Z,2016-05-06T23:59:28.000Z,coinmarketcap_data_api_listings_historical
2016-05-06,411,SHA,SHACoin,shacoin,429,365515033.183978,9.19e-06,3360.80122059,0.0183894,2016-05-06T00:00:00.000Z,2016-05-06T23:59:11.000Z,coinmarketcap_data_api_listings_historical
2016-05-06,1193,XCT,C-Bit,c-bit,430,38824500.0,8.515e-05,3306.03304255,39.20105743,2016-05-06T00:00:00.000Z,2016-05-06T23:59:29.000Z,coinmarketcap_data_api_listings_historical
2016-05-06,994,ACP,AnarchistsPrime,anarchistsprime,431,3435424.0,0.00092171,3166.45341172,4.06888008,2016-05-06T00:00:00.000Z,2016-05-06T23:59:22.000Z,coinmarketcap_data_api_listings_historical
2016-05-06,1085,SWING,Swing,swing,432,1017224.52089773,0.00301126,3063.13172189,5.74495888,2016-05-06T00:00:00.000Z,2016-05-06T23:59:25.000Z,coinmarketcap_data_api_listings_historical
2016-05-06,93,42,42-coin,42-coin,433,66.89287137,45.65168381,3053.77221275,4.6289072,2016-05-06T00:00:00.000Z,2016-05-06T23:59:04.000Z,coinmarketcap_data_api_listings_historical
2016-05-06,1179,ZMC,ZombieCoin,zombiecoin,434,6738114.41653378,0.00045041,3034.9204371,3.56000209,2016-05-06T00:00:00.000Z,2016-05-06T23:59:29.000Z,coinmarketcap_data_api_listings_historical
2016-05-06,50,EMD,Emerald Crypto,emerald,435,17757378.5114661,0.0001701,3020.56471278,1.12274241,2016-05-06T00:00:00.000Z,2016-05-06T23:59:02.000Z,coinmarketcap_data_api_listings_historical
2016-05-06,1155,LTCR,Litecred,litecred,436,30227750.0256,9.646e-05,2915.89667073,15.07119274,2016-05-06T00:00:00.000Z,2016-05-06T23:59:27.000Z,coinmarketcap_data_api_listings_historical
2016-05-06,959,UNIC,UniCoin,unicoin,437,2573979.8718,0.00111716,2875.53706693,0.53267914,2016-05-06T00:00:00.000Z,2016-05-06T23:59:21.000Z,coinmarketcap_data_api_listings_historical
2016-05-06,668,GHC,GamerholicCoin,gamerholiccoin,438,780330.40711699,0.00354915,2769.5129023,3.28499961,2016-05-06T00:00:00.000Z,2016-05-06T23:59:15.000Z,coinmarketcap_data_api_listings_historical
2016-05-06,999,CHC,ChainCoin,chaincoin,439,9463967.40430775,0.00028504,2697.56855251,2.05625677,2016-05-06T00:00:00.000Z,2016-05-06T23:59:22.000Z,coinmarketcap_data_api_listings_historical
2016-05-06,968,BOD,Bloodcoin,bloodcoin,440,281289440.0,9.19e-06,2586.37212553,0.09679721,2016-05-06T00:00:00.000Z,2016-05-06T23:59:21.000Z,coinmarketcap_data_api_listings_historical
2016-05-06,878,CC,CyberCoin,cybercoin,441,546673827.510656,4.6e-06,2513.25102932,2.29867959,2016-05-06T00:00:00.000Z,2016-05-06T23:59:19.000Z,coinmarketcap_data_api_listings_historical
2016-05-06,867,MCZ,MangoCoinz,mangocoinz,442,1504016.09008,0.00165505,2489.21583365,4.38440084,2016-05-06T00:00:00.000Z,2016-05-06T23:59:19.000Z,coinmarketcap_data_api_listings_historical
2016-05-06,159,CASH,Cashcoin,cashcoin,443,22304734.253071,0.00010574,2358.48134987,2.72098303,2016-05-06T00:00:00.000Z,2016-05-06T23:59:06.000Z,coinmarketcap_data_api_listings_historical
2016-05-06,1134,RNC,ReturnCoin,returncoin,444,250000516.495831,9.19e-06,2298.01978104,0.66307843,2016-05-06T00:00:00.000Z,2016-05-06T23:59:27.000Z,coinmarketcap_data_api_listings_historical
2016-05-06,892,LEA,LeaCoin,leacoin,445,161222800.0,1.417e-05,2284.28223613,3.877352,2016-05-06T00:00:00.000Z,2016-05-06T23:59:20.000Z,coinmarketcap_data_api_listings_historical
2016-05-06,1235,N7,Number7,number7,446,19822442.0,0.0001149,2277.6134767,4.84992838,2016-05-06T00:00:00.000Z,2016-05-06T23:59:30.000Z,coinmarketcap_data_api_listings_historical
2016-05-06,875,URC,Unrealcoin,unrealcoin,447,7024402.0,0.00032352,2272.49966692,0.0974965,2016-05-06T00:00:00.000Z,2016-05-06T19:54:19.000Z,coinmarketcap_data_api_listings_historical
2016-05-06,864,BTCRY,BitCrystal,bitcrystal,448,244830116.0184,9.19e-06,2251.13956486,0.18989813,2016-05-06T00:00:00.000Z,2016-05-06T23:59:19.000Z,coinmarketcap_data_api_listings_historical
2016-05-06,1199,UNF,Unfed,unfed,449,12558400.002,0.00017395,2184.48452491,16.8217144,2016-05-06T00:00:00.000Z,2016-05-06T23:59:29.000Z,coinmarketcap_data_api_listings_historical
2016-05-06,275,POP,PopularCoin,popularcoin,450,3213962028.48596,6.5e-07,2088.29980147,5.15525579,2016-05-06T00:00:00.000Z,2016-05-06T23:59:08.000Z,coinmarketcap_data_api_listings_historical
2016-05-06,927,CLV,CleverCoin,clevercoin,451,2319498.0,0.0008693,2016.346324,0.19863796,2016-05-06T00:00:00.000Z,2016-05-06T08:09:20.000Z,coinmarketcap_data_api_listings_historical
2016-05-06,312,GUN,Guncoin,guncoin,452,66699828.0,3.007e-05,2005.62678418,13.05654621,2016-05-06T00:00:00.000Z,2016-05-06T23:59:09.000Z,coinmarketcap_data_api_listings_historical
2016-05-06,1227,NUC,NuclearCoin,nuclearcoin,453,107906.27269815,0.01613666,1741.24696085,21.2197094,2016-05-06T00:00:00.000Z,2016-05-06T23:59:30.000Z,coinmarketcap_data_api_listings_historical
2016-05-06,1181,CYG,Cygnus,cygnus,454,13815013.3556093,0.00012436,1717.97954976,1.03892338,2016-05-06T00:00:00.000Z,2016-05-06T23:59:28.000Z,coinmarketcap_data_api_listings_historical
2016-05-06,781,UIS,Unitus,unitus,455,25845518.9677342,6.436e-05,1663.49262452,3.72359347,2016-05-06T00:00:00.000Z,2016-05-06T23:59:17.000Z,coinmarketcap_data_api_listings_historical
2016-05-06,957,VCN,Vcoin,vcoin,456,10253945.9999992,0.00016091,1649.93424907,16.90270805,2016-05-06T00:00:00.000Z,2016-05-06T23:59:21.000Z,coinmarketcap_data_api_listings_historical
2016-05-06,991,FIC,Full Integrity Coin,full-integrity-coin,457,375613050.0,4.27e-06,1603.98399301,0.00039015,2016-05-06T00:00:00.000Z,2016-05-06T23:59:22.000Z,coinmarketcap_data_api_listings_historical
2016-05-06,1007,OZC,Ozziecoin,ozziecoin,458,198202500.0,8.02e-06,1589.87188588,0.07010166,2016-05-06T00:00:00.000Z,2016-05-06T17:24:23.000Z,coinmarketcap_data_api_listings_historical
2016-05-06,1105,TRBO,TurboStake,turbostake,459,31743767.474171,4.597e-05,1459.37204144,80.76103973,2016-05-06T00:00:00.000Z,2016-05-06T23:59:26.000Z,coinmarketcap_data_api_listings_historical
2016-05-06,954,BITEUR,bitEUR,biteur,460,1287.88,1.1240468,1447.63739603,17.83695984,2016-05-06T00:00:00.000Z,2016-05-06T23:59:21.000Z,coinmarketcap_data_api_listings_historical
2016-05-06,1054,BRE,BREAKcoin,breakcoin,461,838832.62675314,0.00169182,1419.15780455,24.68219757,2016-05-06T00:00:00.000Z,2016-05-06T23:59:24.000Z,coinmarketcap_data_api_listings_historical
2016-05-06,1053,BOLI,Bolivarcoin,bolivarcoin,462,2937325.0,0.00047178,1385.75901789,11.19805622,2016-05-06T00:00:00.000Z,2016-05-06T23:59:23.000Z,coinmarketcap_data_api_listings_historical
2016-05-06,174,LTB,LiteBar,litebar,463,176737.0,0.00738334,1304.91010906,1.96611214,2016-05-06T00:00:00.000Z,2016-05-06T23:59:07.000Z,coinmarketcap_data_api_listings_historical
2016-05-06,1196,ALTC,Antilitecoin,antilitecoin,464,31512613.2577524,4.136e-05,1303.4962478,3.14647436,2016-05-06T00:00:00.000Z,2016-05-06T23:59:29.000Z,coinmarketcap_data_api_listings_historical
2016-05-06,1089,DUO,ParallelCoin,parallelcoin,465,260184.86678356,0.00499483,1299.58042008,4.30860806,2016-05-06T00:00:00.000Z,2016-05-06T23:59:25.000Z,coinmarketcap_data_api_listings_historical
2016-05-06,1174,MMXVI,MMXVI,mmxvi,466,3225649.39022449,0.00039066,1260.14041542,0.02282631,2016-05-06T00:00:00.000Z,2016-05-06T23:59:28.000Z,coinmarketcap_data_api_listings_historical
2016-05-06,1200,NEVA,NevaCoin,nevacoin,467,136530.0,0.00919666,1255.61941976,15.73805237,2016-05-06T00:00:00.000Z,2016-05-06T23:59:29.000Z,coinmarketcap_data_api_listings_historical
2016-05-06,909,IEC,IvugeoCoin,ivugeocoin,468,1234584.80000001,0.00098843,1220.3009343,2.61360264,2016-05-06T00:00:00.000Z,2016-05-06T23:59:20.000Z,coinmarketcap_data_api_listings_historical
2016-05-06,933,CTO,Crypto,crypto,469,4923468.5143761,0.00024366,1199.65013858,2.72843075,2016-05-06T00:00:00.000Z,2016-05-06T23:59:20.000Z,coinmarketcap_data_api_listings_historical
2016-05-06,1130,EVO,Evotion,evotion,470,1590584.33541519,0.00075375,1198.90123951,1.84130192,2016-05-06T00:00:00.000Z,2016-05-06T23:59:27.000Z,coinmarketcap_data_api_listings_historical
2016-05-06,1234,FANS,Fantasy Cash,fantasy-cash,471,3939954.0495054,0.00029415,1158.92142548,0.61064839,2016-05-06T00:00:00.000Z,2016-05-06T23:59:30.000Z,coinmarketcap_data_api_listings_historical
2016-05-06,1142,BUCKS,SwagBucks,swagbucks,472,100365.0302,0.01153144,1157.35328469,6.42291737,2016-05-06T00:00:00.000Z,2016-05-06T23:59:27.000Z,coinmarketcap_data_api_listings_historical
2016-05-06,971,DIBS,Dibbits,dibbits,473,505182.66272425,0.00225517,1139.27026875,0.00451033,2016-05-06T00:00:00.000Z,2016-05-06T13:59:21.000Z,coinmarketcap_data_api_listings_historical
2016-05-06,316,DRM,Dreamcoin,dreamcoin,474,2420435.56093182,0.00046893,1135.01413519,4.95461941,2016-05-06T00:00:00.000Z,2016-05-06T23:59:09.000Z,coinmarketcap_data_api_listings_historical
2016-05-06,1133,FLOZ,Floz,floz,475,4322629.1567,0.00024819,1072.81440107,0.1373018,2016-05-06T00:00:00.000Z,2016-05-06T23:59:27.000Z,coinmarketcap_data_api_listings_historical
2016-05-06,135,TOP,TopCoin,topcoin,476,31925007.806996,3.223e-05,1028.91048859,0.32228979,2016-05-06T00:00:00.000Z,2016-05-06T22:19:05.000Z,coinmarketcap_data_api_listings_historical
2016-05-06,1093,PR,Prototanium,prototanium,477,177868.749,0.00551682,981.26989348,1.59448767,2016-05-06T00:00:00.000Z,2016-05-06T23:59:25.000Z,coinmarketcap_data_api_listings_historical
2016-05-06,1165,EVIL,Evil Coin,evil-coin,478,8589120.0,0.00011413,980.25940721,6.26416159,2016-05-06T00:00:00.000Z,2016-05-06T23:59:28.000Z,coinmarketcap_data_api_listings_historical
2016-05-06,1241,FUZZ,FuzzBalls,fuzzballs,479,2892475.0,0.00033551,970.4431062,0.96517473,2016-05-06T00:00:00.000Z,2016-05-06T23:59:30.000Z,coinmarketcap_data_api_listings_historical
2016-05-06,885,HZT,HazMatCoin,hazmatcoin,480,1051090.0,0.00091947,966.44570281,4.60823202,2016-05-06T00:00:00.000Z,2016-05-06T23:59:20.000Z,coinmarketcap_data_api_listings_historical
2016-05-06,879,PXL,Phalanx,phalanx,481,1804500.70240048,0.0005287,954.03092549,0.09817182,2016-05-06T00:00:00.000Z,2016-05-06T23:59:19.000Z,coinmarketcap_data_api_listings_historical
2016-05-06,1040,SDP,SydPak,sydpak,482,155119.69877422,0.00597655,927.08140164,227.88200378,2016-05-06T00:00:00.000Z,2016-05-06T23:59:23.000Z,coinmarketcap_data_api_listings_historical
2016-05-06,1067,CAID,Coinaid,coinaid,483,100643070.368211,9.19e-06,925.11715484,0.78365529,2016-05-06T00:00:00.000Z,2016-05-06T23:59:26.000Z,coinmarketcap_data_api_listings_historical
2016-05-06,1076,FRDC,FreedomCoin,freedomcoin,484,400284.80289698,0.00224971,900.52538792,0.04517006,2016-05-06T00:00:00.000Z,2016-05-06T12:24:24.000Z,coinmarketcap_data_api_listings_historical
2016-05-06,1138,BNT,Bantam,bantam,485,3158647.94769518,0.00027576,871.03441605,31.78744507,2016-05-06T00:00:00.000Z,2016-05-06T23:59:27.000Z,coinmarketcap_data_api_listings_historical
2016-05-06,956,XCE,Cerium,cerium,486,2341765.91645065,0.00033568,786.08691515,0.04699538,2016-05-06T00:00:00.000Z,2016-05-06T03:29:21.000Z,coinmarketcap_data_api_listings_historical
2016-05-06,1248,XBTC21,Bitcoin 21,bitcoin-21,487,157836.0,0.00483043,762.41534981,92.28979492,2016-05-06T00:00:00.000Z,2016-05-06T23:59:31.000Z,coinmarketcap_data_api_listings_historical
2016-05-06,1033,GCC,GuccioneCoin,guccionecoin,488,15630728.0,4.627e-05,723.19609753,3.07026196,2016-05-06T00:00:00.000Z,2016-05-06T23:59:23.000Z,coinmarketcap_data_api_listings_historical
2016-05-06,1115,LYB,Lyrabar,lyrabar,489,1175524.0,0.00049651,583.6638792,8.83671379,2016-05-06T00:00:00.000Z,2016-05-06T23:59:26.000Z,coinmarketcap_data_api_listings_historical
2016-05-06,1194,IMS,Independent Money System,independent-money-system,490,4342911.26485877,0.00012869,558.88422891,7.61204147,2016-05-06T00:00:00.000Z,2016-05-06T23:59:29.000Z,coinmarketcap_data_api_listings_historical
2016-05-06,865,SLFI,Selfiecoin,selfiecoin,491,107829280.730784,4.6e-06,495.72896515,0.21037474,2016-05-06T00:00:00.000Z,2016-05-06T23:59:19.000Z,coinmarketcap_data_api_listings_historical
2016-05-06,993,BSC,BowsCoin,bowscoin,492,4946602.41646465,8.618e-05,426.29513663,0.9820987,2016-05-06T00:00:00.000Z,2016-05-06T23:59:22.000Z,coinmarketcap_data_api_listings_historical
2016-05-06,1110,$$$,Money,money,493,45887217.5418592,9.19e-06,421.91921733,0.87569958,2016-05-06T00:00:00.000Z,2016-05-06T23:59:26.000Z,coinmarketcap_data_api_listings_historical
2016-05-06,584,N8V,NativeCoin,native-coin,494,23099900.9609573,1.803e-05,416.57712848,0.00259686,2016-05-06T00:00:00.000Z,2016-05-06T12:19:13.000Z,coinmarketcap_data_api_listings_historical
2016-05-06,981,XVI,Vibranium,vibranium,495,866600.500216,0.00045973,398.40657293,0.091947,2016-05-06T00:00:00.000Z,2016-05-06T23:59:22.000Z,coinmarketcap_data_api_listings_historical
2016-05-06,1038,EUC,Eurocoin,eurocoin,496,3220631.94940002,0.00011493,370.15929985,2.0681529,2016-05-06T00:00:00.000Z,2016-05-06T23:59:23.000Z,coinmarketcap_data_api_listings_historical
2016-05-06,436,IPC,ImperialCoin,imperialcoin,497,157865000.0,2.14e-06,337.89134745,0.23155454,2016-05-06T00:00:00.000Z,2016-05-06T23:59:11.000Z,coinmarketcap_data_api_listings_historical
2016-05-06,1106,SHND,StrongHands,stronghands,498,65264161.723257,4.6e-06,300.04220684,0.15752034,2016-05-06T00:00:00.000Z,2016-05-06T23:59:26.000Z,coinmarketcap_data_api_listings_historical
2016-05-06,385,DON,Donationcoin,donationcoin,499,4607050.0,5.977e-05,275.34287224,2.55340028,2016-05-06T00:00:00.000Z,2016-05-06T23:59:10.000Z,coinmarketcap_data_api_listings_historical
2016-05-06,1090,SANDG,Save and Gain,save-and-gain,500,3064800.039,7.817e-05,239.5619281,0.24140562,2016-05-06T00:00:00.000Z,2016-05-06T23:59:25.000Z,coinmarketcap_data_api_listings_historical
2016-05-06,1000,ZOOM,Zoom,zoom,501,67416.508,0.00301126,203.00891297,0.04733891,2016-05-06T00:00:00.000Z,2016-05-06T23:59:22.000Z,coinmarketcap_data_api_listings_historical
2016-05-06,884,P7C,P7Coin,p7coin,502,35220238.0,4.6e-06,161.91976815,30.68336678,2016-05-06T00:00:00.000Z,2016-05-06T23:59:20.000Z,coinmarketcap_data_api_listings_historical
2016-05-06,1217,PCM,PROCOM coin,procom-coin,503,271719.0,0.00053774,146.11295951,16.57038498,2016-05-06T00:00:00.000Z,2016-05-06T23:59:29.000Z,coinmarketcap_data_api_listings_historical
2016-05-06,1228,XNG,Enigma [XNG],enigma-xng,504,16626.64074583,0.00576342,95.82634318,5.59667301,2016-05-06T00:00:00.000Z,2016-05-06T23:59:30.000Z,coinmarketcap_data_api_listings_historical
2016-05-06,308,CRT,CRTCoin,crtcoin,505,79270.3032220006,0.00091947,72.88666423,0.0,2016-05-06T00:00:00.000Z,2016-05-06T23:59:09.000Z,coinmarketcap_data_api_listings_historical
2016-05-06,898,CF,Californium,californium,506,111110.0,0.00048272,53.63521353,0.28272322,2016-05-06T00:00:00.000Z,2016-05-06T23:59:20.000Z,coinmarketcap_data_api_listings_historical
2016-05-06,1242,OCOW,OCOW,ocow,507,13648.60865531,0.00367682,50.1835324,8.11862087,2016-05-06T00:00:00.000Z,2016-05-06T23:59:30.000Z,coinmarketcap_data_api_listings_historical
2016-05-06,966,HUN,Hundredcoin,hundredcoin,508,28535800.0,1.38e-06,39.26410913,0.05733039,2016-05-06T00:00:00.000Z,2016-05-06T23:59:21.000Z,coinmarketcap_data_api_listings_historical
2016-05-06,1012,CHAO,23 Skidoo,23-skidoo,509,,1471.15332031,0.0,0.07473459,2016-05-06T00:00:00.000Z,2016-05-06T23:59:22.000Z,coinmarketcap_data_api_listings_historical
2016-05-06,1204,HOR,HoriemonCard,horiemoncard,510,,93.92559814,0.0,188.79045105,2016-05-06T00:00:00.000Z,2016-05-06T23:59:29.000Z,coinmarketcap_data_api_listings_historical
2016-05-06,153,DUCK,DuckDuckCoin,duckduckcoin,511,,50.09432983,0.0,0.05009433,2016-05-06T00:00:00.000Z,2016-05-06T18:24:06.000Z,coinmarketcap_data_api_listings_historical
2016-05-06,1104,REP,Augur,augur,512,,5.73749304,0.0,4974.78710938,2016-05-06T00:00:00.000Z,2016-05-06T23:59:26.000Z,coinmarketcap_data_api_listings_historical
2016-05-06,1143,ACCI,NxttyACCI,nxttyacci,513,,1.67001808,0.0,167.00180054,2016-05-06T00:00:00.000Z,2016-05-06T23:59:27.000Z,coinmarketcap_data_api_listings_historical
2016-05-06,1216,EDRC,EDRCoin,edrcoin,514,,0.99130493,0.0,399201.78125,2016-05-06T00:00:00.000Z,2016-05-06T23:59:30.000Z,coinmarketcap_data_api_listings_historical
2016-05-06,1214,LSK,Lisk,lisk,515,,0.81401706,0.0,15278.41699219,2016-05-06T00:00:00.000Z,2016-05-06T23:59:29.000Z,coinmarketcap_data_api_listings_historical
2016-05-06,769,XUSD,CoinoUSD,coinousd,516,,0.60905236,0.0,1053.36853027,2016-05-06T00:00:00.000Z,2016-05-06T23:59:17.000Z,coinmarketcap_data_api_listings_historical
2016-05-06,1022,LEO,LEOcoin,leocoin,517,,0.28342164,0.0,27342.59179688,2016-05-06T00:00:00.000Z,2016-05-06T23:59:23.000Z,coinmarketcap_data_api_listings_historical
2016-05-06,1135,CLUB,ClubCoin,clubcoin,518,,0.20854774,0.0,6467.50146484,2016-05-06T00:00:00.000Z,2016-05-06T23:59:26.000Z,coinmarketcap_data_api_listings_historical
2016-05-06,1197,1CR,1CRedit,1credit,519,,0.18695271,0.0,29.26870918,2016-05-06T00:00:00.000Z,2016-05-06T23:59:29.000Z,coinmarketcap_data_api_listings_historical
2016-05-06,941,TRMB,TRMB,trmb,520,0.0,0.15382876,0.0,650814.3125,2016-05-06T00:00:00.000Z,2016-05-06T23:59:21.000Z,coinmarketcap_data_api_listings_historical
2016-05-06,1221,MYC,MaYaCoin,mayacoin,521,,0.12791103,0.0,18.71823692,2016-05-06T00:00:00.000Z,2016-05-06T03:34:30.000Z,coinmarketcap_data_api_listings_historical
2016-05-06,1128,GBC,GBCGoldCoin,gbcgoldcoin,522,,0.109999,0.0,299.10339355,2016-05-06T00:00:00.000Z,2016-05-06T23:59:26.000Z,coinmarketcap_data_api_listings_historical
2016-05-06,1226,QWARK,Qwark,qwark,523,,0.09103356,0.0,1548.56921387,2016-05-06T00:00:00.000Z,2016-05-06T23:59:30.000Z,coinmarketcap_data_api_listings_historical
2016-05-06,1249,EL,Elcoin,elcoin-el,524,,0.08864128,0.0,1958.86352539,2016-05-06T00:00:00.000Z,2016-05-06T23:59:31.000Z,coinmarketcap_data_api_listings_historical
2016-05-06,1157,APC,AlpaCoin,alpacoin,525,,0.07354567,0.0,8526.09667969,2016-05-06T00:00:00.000Z,2016-05-06T23:59:27.000Z,coinmarketcap_data_api_listings_historical
2016-05-06,1190,TBC,TBCoin,tbcoin,526,,0.05167476,0.0,105.72764587,2016-05-06T00:00:00.000Z,2016-05-06T23:59:29.000Z,coinmarketcap_data_api_listings_historical
2016-05-06,855,UNC,UNCoin,uncoin,527,,0.03965214,0.0,264.87988281,2016-05-06T00:00:00.000Z,2016-05-06T23:59:18.000Z,coinmarketcap_data_api_listings_historical
2016-05-06,841,SAK,Sharkcoin,sharkcoin,528,,0.03138059,0.0,10039.22949219,2016-05-06T00:00:00.000Z,2016-05-06T23:59:19.000Z,coinmarketcap_data_api_listings_historical
2016-05-06,877,MIL,MillenniumCoin,millenniumcoin,529,,0.03080684,0.0,2965.30322266,2016-05-06T00:00:00.000Z,2016-05-06T23:59:19.000Z,coinmarketcap_data_api_listings_historical
2016-05-06,1088,RMS,Resumeo Shares,resumeoshares,530,,0.02780018,0.0,1.39000881,2016-05-06T00:00:00.000Z,2016-05-06T23:59:25.000Z,coinmarketcap_data_api_listings_historical
2016-05-06,1246,CLINT,Clinton,clinton,531,,0.01791992,0.0,1203.09570313,2016-05-06T00:00:00.000Z,2016-05-06T23:59:31.000Z,coinmarketcap_data_api_listings_historical
2016-05-06,761,GROW,GrowCoin,growcoin,532,,0.01402652,0.0,112.49008942,2016-05-06T00:00:00.000Z,2016-05-06T23:59:17.000Z,coinmarketcap_data_api_listings_historical
2016-05-06,1017,NOC,Nocturna,nocturna,533,,0.01156693,0.0,0.05149032,2016-05-06T00:00:00.000Z,2016-05-06T23:59:23.000Z,coinmarketcap_data_api_listings_historical
2016-05-06,1162,TK,Timekoin,timekoin,534,,0.01101213,0.0,256.30737305,2016-05-06T00:00:00.000Z,2016-05-06T23:59:28.000Z,coinmarketcap_data_api_listings_historical
2016-05-06,1158,BAC,BitAlphaCoin,bitalphacoin,535,,0.00933913,0.0,15513.78125,2016-05-06T00:00:00.000Z,2016-05-06T23:59:28.000Z,coinmarketcap_data_api_listings_historical
2016-05-06,1094,IVZ,InvisibleCoin,invisiblecoin,536,,0.00874416,0.0,0.11367407,2016-05-06T00:00:00.000Z,2016-05-06T23:59:25.000Z,coinmarketcap_data_api_listings_historical
2016-05-06,910,XMS,MegaStake,megastake,537,,0.00730979,0.0,0.36548933,2016-05-06T00:00:00.000Z,2016-05-06T23:59:20.000Z,coinmarketcap_data_api_listings_historical
2016-05-06,897,XSEED,BitSeeds,bitseeds,538,,0.00556739,0.0,2.64072251,2016-05-06T00:00:00.000Z,2016-05-06T23:59:20.000Z,coinmarketcap_data_api_listings_historical
2016-05-06,1240,ENE,EneCoin,enecoin,539,,0.0042881,0.0,0.09862621,2016-05-06T00:00:00.000Z,2016-05-06T23:59:30.000Z,coinmarketcap_data_api_listings_historical
2016-05-06,1006,FUTC,FutCoin,futcoin,540,,0.00415141,0.0,27.23337364,2016-05-06T00:00:00.000Z,2016-05-06T23:59:22.000Z,coinmarketcap_data_api_listings_historical
2016-05-06,911,AIB,Advanced Internet Blocks,advanced-internet-blocks,541,,0.00408598,0.0,8.55716515,2016-05-06T00:00:00.000Z,2016-05-06T23:59:20.000Z,coinmarketcap_data_api_listings_historical
2016-05-06,1188,EC,Eclipse,eclipse,542,,0.00360012,0.0,3.37765956,2016-05-06T00:00:00.000Z,2016-05-06T07:29:28.000Z,coinmarketcap_data_api_listings_historical
2016-05-06,969,SHELL,ShellPay,shellpay,543,,0.00307688,0.0,2973.05712891,2016-05-06T00:00:00.000Z,2016-05-06T23:59:21.000Z,coinmarketcap_data_api_listings_historical
2016-05-06,851,XAU,Xaucoin,xaucoin,544,,0.00208655,0.0,14.30149174,2016-05-06T00:00:00.000Z,2016-05-06T17:39:20.000Z,coinmarketcap_data_api_listings_historical
2016-05-06,766,VTR,vTorrent,vtorrent,545,,0.00193089,0.0,12.69487858,2016-05-06T00:00:00.000Z,2016-05-06T23:59:17.000Z,coinmarketcap_data_api_listings_historical
2016-05-06,834,GSM,GSMcoin,gsmcoin,546,,0.00183894,0.0,7.64079571,2016-05-06T00:00:00.000Z,2016-05-06T23:59:18.000Z,coinmarketcap_data_api_listings_historical
2016-05-06,1220,HTC,HitCoin,hitcoin,547,,0.00107087,0.0,89320.8671875,2016-05-06T00:00:00.000Z,2016-05-06T23:59:30.000Z,coinmarketcap_data_api_listings_historical
2016-05-06,1189,INC,Incrementum,incrementum,548,,0.0009238,0.0,14.96862602,2016-05-06T00:00:00.000Z,2016-05-06T23:59:29.000Z,coinmarketcap_data_api_listings_historical
2016-05-06,1078,XUP,UPcoin,upcoin,549,,0.00083672,0.0,0.05020306,2016-05-06T00:00:00.000Z,2016-05-06T23:59:24.000Z,coinmarketcap_data_api_listings_historical
2016-05-06,11,CNC,CHNCoin,chncoin,550,,0.00082453,0.0,525.36193848,2016-05-06T00:00:00.000Z,2016-05-06T23:59:04.000Z,coinmarketcap_data_api_listings_historical
2016-05-06,1011,OFF,Cthulhu Offerings,cthulhu-offerings,551,,0.00081373,0.0,0.22021919,2016-05-06T00:00:00.000Z,2016-05-06T23:59:22.000Z,coinmarketcap_data_api_listings_historical
2016-05-06,1145,KC,Kcoin,kcoin,552,,0.00074686,0.0,3.32829618,2016-05-06T00:00:00.000Z,2016-05-06T04:59:27.000Z,coinmarketcap_data_api_listings_historical
2016-05-06,1218,POST,PostCoin,postcoin,553,,0.00071698,0.0,1342.54675293,2016-05-06T00:00:00.000Z,2016-05-06T23:59:29.000Z,coinmarketcap_data_api_listings_historical
2016-05-06,1061,STHR,Stakerush,stakerush,554,,0.00071259,0.0,0.07125892,2016-05-06T00:00:00.000Z,2016-05-06T23:59:24.000Z,coinmarketcap_data_api_listings_historical
2016-05-06,790,FSC2,FriendshipCoin 2,friendshipcoin2,555,,0.00068041,0.0,98.86391449,2016-05-06T00:00:00.000Z,2016-05-06T23:59:18.000Z,coinmarketcap_data_api_listings_historical
2016-05-06,988,IRL,IrishCoin,irishcoin,556,,0.00037483,0.0,0.18329792,2016-05-06T00:00:00.000Z,2016-05-06T23:59:22.000Z,coinmarketcap_data_api_listings_historical
2016-05-06,985,LFO,Local Family Owned,local-family-owned,557,,0.00032113,0.0,0.22067606,2016-05-06T00:00:00.000Z,2016-05-06T23:59:22.000Z,coinmarketcap_data_api_listings_historical
2016-05-06,1182,KLC,KiloCoin,kilocoin,558,,0.00030334,0.0,0.40227672,2016-05-06T00:00:00.000Z,2016-05-06T23:59:28.000Z,coinmarketcap_data_api_listings_historical
2016-05-06,1160,HIRE,Bithire,bithire,559,,0.00027145,0.0,1.00842869,2016-05-06T00:00:00.000Z,2016-05-06T23:59:28.000Z,coinmarketcap_data_api_listings_historical
2016-05-06,980,DUB,Dubstep,dubstep,560,,0.00026665,0.0,0.1278477,2016-05-06T00:00:00.000Z,2016-05-06T23:59:22.000Z,coinmarketcap_data_api_listings_historical
2016-05-06,1137,DEUR,DigiEuro,digieuro,561,,0.00025738,0.0,72.78296661,2016-05-06T00:00:00.000Z,2016-05-06T23:59:27.000Z,coinmarketcap_data_api_listings_historical
2016-05-06,1211,PTA,Pentacoin,pentacoin,562,,0.00025299,0.0,0.04988444,2016-05-06T00:00:00.000Z,2016-05-06T14:39:30.000Z,coinmarketcap_data_api_listings_historical
2016-05-06,360,MOTO,Motocoin,motocoin,563,,0.00019769,0.0,1.3925097,2016-05-06T00:00:00.000Z,2016-05-06T23:59:10.000Z,coinmarketcap_data_api_listings_historical
2016-05-06,1203,PSY,Psilocybin,psilocybin,564,,0.00015627,0.0,6.85009336,2016-05-06T00:00:00.000Z,2016-05-06T23:59:29.000Z,coinmarketcap_data_api_listings_historical
2016-05-06,1117,RUBIT,RubleBit,rublebit,565,,0.00012761,0.0,0.56681645,2016-05-06T00:00:00.000Z,2016-05-06T23:59:26.000Z,coinmarketcap_data_api_listings_historical
2016-05-06,1010,FLAX,Flaxscript,flaxscript,566,,0.00011493,0.0,0.02969604,2016-05-06T00:00:00.000Z,2016-05-06T23:59:22.000Z,coinmarketcap_data_api_listings_historical
2016-05-06,1243,DISK,DarkLisk,darklisk,567,,0.00010111,0.0,26.27054977,2016-05-06T00:00:00.000Z,2016-05-06T23:59:30.000Z,coinmarketcap_data_api_listings_historical
2016-05-06,1149,C0C0,c0fferC0in,c0fferc0in,568,,8.273e-05,0.0,1.31086588,2016-05-06T00:00:00.000Z,2016-05-06T23:59:27.000Z,coinmarketcap_data_api_listings_historical
2016-05-06,1222,OP,Operand,operand,569,,7.901e-05,0.0,313.05828857,2016-05-06T00:00:00.000Z,2016-05-06T23:59:30.000Z,coinmarketcap_data_api_listings_historical
2016-05-06,1236,TCR,TheCreed,thecreed,570,,7.846e-05,0.0,3243.16040039,2016-05-06T00:00:00.000Z,2016-05-06T23:59:30.000Z,coinmarketcap_data_api_listings_historical
2016-05-06,1151,OPES,Opescoin,opescoin,571,,7.813e-05,0.0,0.2704488,2016-05-06T00:00:00.000Z,2016-05-06T23:59:27.000Z,coinmarketcap_data_api_listings_historical
2016-05-06,740,PFC,ProfitCoin,profitcoin,572,,7.644e-05,0.0,0.24403378,2016-05-06T00:00:00.000Z,2016-05-06T23:59:17.000Z,coinmarketcap_data_api_listings_historical
2016-05-06,747,BCF,Bitcoin Fast,bitcoinfast,573,,7.356e-05,0.0,0.60876185,2016-05-06T00:00:00.000Z,2016-05-06T23:59:17.000Z,coinmarketcap_data_api_listings_historical
2016-05-06,996,DIGS,Diggits,diggits,574,,7.356e-05,0.0,16.12442398,2016-05-06T00:00:00.000Z,2016-05-06T23:59:22.000Z,coinmarketcap_data_api_listings_historical
2016-05-06,1233,BRAIN,Braincoin,braincoin,575,,5.975e-05,0.0,28.72816658,2016-05-06T00:00:00.000Z,2016-05-06T23:59:30.000Z,coinmarketcap_data_api_listings_historical
2016-05-06,1205,YACC,YACCoin,yaccoin,576,,5.056e-05,0.0,33318.50390625,2016-05-06T00:00:00.000Z,2016-05-06T23:59:29.000Z,coinmarketcap_data_api_listings_historical
2016-05-06,814,DOT,Dotcoin,dotcoin,577,,4.544e-05,0.0,61.18265915,2016-05-06T00:00:00.000Z,2016-05-06T23:59:18.000Z,coinmarketcap_data_api_listings_historical
2016-05-06,1146,AV,AvatarCoin,avatarcoin,578,,3.217e-05,0.0,0.0553362,2016-05-06T00:00:00.000Z,2016-05-06T23:59:27.000Z,coinmarketcap_data_api_listings_historical
2016-05-06,1127,CD,CandleCoin,candlecoin,579,,2.758e-05,0.0,61.31296921,2016-05-06T00:00:00.000Z,2016-05-06T23:59:26.000Z,coinmarketcap_data_api_listings_historical
2016-05-06,86,ASC,AsicCoin,asiccoin,580,,2.416e-05,0.0,0.00724907,2016-05-06T00:00:00.000Z,2016-05-06T08:59:04.000Z,coinmarketcap_data_api_listings_historical
2016-05-06,206,CNO,Coin(O),coin,581,,1.839e-05,0.0,0.5794847,2016-05-06T00:00:00.000Z,2016-05-06T23:59:07.000Z,coinmarketcap_data_api_listings_historical
2016-05-06,1014,IBITS,iBits,ibits,582,,1.839e-05,0.0,0.36778799,2016-05-06T00:00:00.000Z,2016-05-06T23:59:23.000Z,coinmarketcap_data_api_listings_historical
2016-05-06,786,TTY,Trinity,trinity,583,,1.379e-05,0.0,0.17577559,2016-05-06T00:00:00.000Z,2016-05-06T23:59:17.000Z,coinmarketcap_data_api_listings_historical
2016-05-06,1041,PURE,PurePOS,purepos,584,,1.379e-05,0.0,0.97325438,2016-05-06T00:00:00.000Z,2016-05-06T23:59:23.000Z,coinmarketcap_data_api_listings_historical
2016-05-06,1099,MONETA,Moneta,moneta2,585,,9.22e-06,0.0,0.20673661,2016-05-06T00:00:00.000Z,2016-05-06T22:49:24.000Z,coinmarketcap_data_api_listings_historical
2016-05-06,1207,PAYP,PayPeer,paypeer,586,,9.19e-06,0.0,1.03647375,2016-05-06T00:00:00.000Z,2016-05-06T23:59:29.000Z,coinmarketcap_data_api_listings_historical
2016-05-06,1013,2BACCO,2BACCO,2bacco,587,,9.01e-06,0.0,0.74784374,2016-05-06T00:00:00.000Z,2016-05-06T10:54:22.000Z,coinmarketcap_data_api_listings_historical
2016-05-06,1102,DCYP,DarkCypher,darkcypher,588,,9.01e-06,0.0,0.90125,2016-05-06T00:00:00.000Z,2016-05-06T10:54:25.000Z,coinmarketcap_data_api_listings_historical
2016-05-06,1131,X2,X2,x2,589,,9.01e-06,0.0,0.180246,2016-05-06T00:00:00.000Z,2016-05-06T11:19:26.000Z,coinmarketcap_data_api_listings_historical
2016-05-06,1003,BRC,Biebercoin,biebercoin,590,,4.85e-06,0.0,0.16322488,2016-05-06T00:00:00.000Z,2016-05-06T23:59:22.000Z,coinmarketcap_data_api_listings_historical
2016-05-06,700,FFC,FireFlyCoin,fireflycoin,591,,4.6e-06,0.0,2.19740009,2016-05-06T00:00:00.000Z,2016-05-06T23:59:16.000Z,coinmarketcap_data_api_listings_historical
2016-05-06,1119,CME,Cashme,cashme,592,,4.6e-06,0.0,0.45973501,2016-05-06T00:00:00.000Z,2016-05-06T23:59:26.000Z,coinmarketcap_data_api_listings_historical
2016-05-06,1167,STRB,SuperTurboStake,superturbostake,593,,4.6e-06,0.0,1.16276348,2016-05-06T00:00:00.000Z,2016-05-06T23:59:28.000Z,coinmarketcap_data_api_listings_historical
2016-05-06,1238,ESP,Espers,espers,594,,4.43e-06,0.0,44358.4375,2016-05-06T00:00:00.000Z,2016-05-06T23:59:30.000Z,coinmarketcap_data_api_listings_historical
2016-05-06,965,FUNK,The Cypherfunks,the-cypherfunks,595,,6.9e-07,0.0,34.90709305,2016-05-06T00:00:00.000Z,2016-05-06T23:59:21.000Z,coinmarketcap_data_api_listings_historical
2016-05-06,1215,VAL,Valorbit,valorbit,596,,8e-08,0.0,18.66415215,2016-05-06T00:00:00.000Z,2016-05-06T23:59:29.000Z,coinmarketcap_data_api_listings_historical
2016-05-06,1107,PAC,PAC Global,pac-global,597,,1e-08,0.0,9.70634079,2016-05-06T00:00:00.000Z,2016-05-06T23:59:26.000Z,coinmarketcap_data_api_listings_historical
