snapshot_date,asset_id,symbol,asset_name,slug,cmc_rank,circulating_supply,price,market_cap,volume,quote_last_updated,item_last_updated,source
2017-08-09,1,BTC,Bitcoin,bitcoin,1,16498337.0,3342.47119141,55145216128.61182,1468962048.0,2017-08-09T00:00:00.000Z,2017-08-09T23:59:11.000Z,coinmarketcap_data_api_listings_historical
2017-08-09,1027,ETH,Ethereum,ethereum,2,93891691.124,296.02682495,27794459212.733856,2638578688.0,2017-08-09T00:00:00.000Z,2017-08-09T23:59:08.000Z,coinmarketcap_data_api_listings_historical
2017-08-09,52,XRP,XRP,xrp,3,38343841883.0,0.18294746,7014908357.843392,97805440.0,2017-08-09T00:00:00.000Z,2017-08-09T23:59:00.000Z,coinmarketcap_data_api_listings_historical
2017-08-09,1831,BCH,Bitcoin Cash,bitcoin-cash,4,16486262.5,303.89123535,5010030677.455131,165032080.0,2017-08-09T00:00:00.000Z,2017-08-09T23:59:23.000Z,coinmarketcap_data_api_listings_historical
2017-08-09,873,XEM,NEM,nem,5,8999999999.0,0.27988273,2518944561.20159,10081055.0,2017-08-09T00:00:00.000Z,2017-08-09T23:59:06.000Z,coinmarketcap_data_api_listings_historical
2017-08-09,2,LTC,Litecoin,litecoin,6,52389882.3718871,48.0118866,2515337091.2524323,253103216.0,2017-08-09T00:00:00.000Z,2017-08-09T23:59:01.000Z,coinmarketcap_data_api_listings_historical
2017-08-09,1720,MIOTA,IOTA,iota,7,2779530283.0,0.54332811,1510196925.3531604,13294362.0,2017-08-09T00:00:00.000Z,2017-08-09T23:59:21.000Z,coinmarketcap_data_api_listings_historical
2017-08-09,131,DASH,Dash,dash,8,7482359.24411006,199.20747375,1490541882.745661,31657100.0,2017-08-09T00:00:00.000Z,2017-08-09T23:59:06.000Z,coinmarketcap_data_api_listings_historical
2017-08-09,1321,ETC,Ethereum Classic,ethereum-classic,9,94379470.0,15.3821497,1451759135.8021834,95728864.0,2017-08-09T00:00:00.000Z,2017-08-09T23:59:13.000Z,coinmarketcap_data_api_listings_historical
2017-08-09,1376,NEO,Neo,neo,10,50000000.0,21.74960518,1087480258.9416502,116795416.0,2017-08-09T00:00:00.000Z,2017-08-09T23:59:13.000Z,coinmarketcap_data_api_listings_historical
2017-08-09,328,XMR,Monero,monero,11,14910663.977855,50.96355438,759900434.5119758,11466647.0,2017-08-09T00:00:00.000Z,2017-08-09T23:59:03.000Z,coinmarketcap_data_api_listings_historical
2017-08-09,1343,STRAT,Stratis,stratis,12,98496856.3542599,7.52689934,741375922.8651628,15452635.0,2017-08-09T00:00:00.000Z,2017-08-09T23:59:13.000Z,coinmarketcap_data_api_listings_historical
2017-08-09,1684,QTUM,Qtum,qtum,13,59000000.0,12.55240822,740592084.8846442,52015976.0,2017-08-09T00:00:00.000Z,2017-08-09T23:59:20.000Z,coinmarketcap_data_api_listings_historical
2017-08-09,1513,BCC,BitConnect,bitconnect,14,6402517.01585794,85.91345978,550062388.1187961,6557632.0,2017-08-09T00:00:00.000Z,2017-08-09T23:59:16.000Z,coinmarketcap_data_api_listings_historical
2017-08-09,1274,WAVES,Waves,waves,15,100000000.0,5.26773024,526773023.60534704,4960108.0,2017-08-09T00:00:00.000Z,2017-08-09T23:59:11.000Z,coinmarketcap_data_api_listings_historical
2017-08-09,1765,EOS,EOS,eos,16,273475709.082317,1.8285594,500066578.1452502,36813728.0,2017-08-09T00:00:00.000Z,2017-08-09T23:59:22.000Z,coinmarketcap_data_api_listings_historical
2017-08-09,1437,ZEC,Zcash,zcash,17,1926443.75,242.9025116,467938025.3247267,37956928.0,2017-08-09T00:00:00.000Z,2017-08-09T23:59:17.000Z,coinmarketcap_data_api_listings_historical
2017-08-09,463,BTS,BitShares,bitshares,18,2597700000.0,0.15168482,394031658.6077212,35970748.0,2017-08-09T00:00:00.000Z,2017-08-09T23:59:04.000Z,coinmarketcap_data_api_listings_historical
2017-08-09,1808,OMG,OmiseGO,omisego,19,98312024.0,3.44855118,339034046.1746525,24783916.0,2017-08-09T00:00:00.000Z,2017-08-09T23:59:23.000Z,coinmarketcap_data_api_listings_historical
2017-08-09,825,USDT,Tether,tether,20,319501202.014821,1.00286341,320416064.0363145,140569232.0,2017-08-09T00:00:00.000Z,2017-08-09T23:59:06.000Z,coinmarketcap_data_api_listings_historical
2017-08-09,1230,STEEM,Steem,steem,21,238784363.071,1.30934584,312651312.7802194,1458034.75,2017-08-09T00:00:00.000Z,2017-08-09T23:59:10.000Z,coinmarketcap_data_api_listings_historical
2017-08-09,1710,VERI,Veritaseum,veritaseum,22,2010533.44,128.91152954,259180940.9437605,1016898.6875,2017-08-09T00:00:00.000Z,2017-08-09T23:59:21.000Z,coinmarketcap_data_api_listings_historical
2017-08-09,1042,SC,Siacoin,siacoin,23,28444246439.0,0.00910643,259025651.4646467,6640456.0,2017-08-09T00:00:00.000Z,2017-08-09T23:59:08.000Z,coinmarketcap_data_api_listings_historical
2017-08-09,1408,ICN,Iconomi,iconomi,24,86900349.8569087,2.95927334,257161888.42204505,1426263.125,2017-08-09T00:00:00.000Z,2017-08-09T23:59:14.000Z,coinmarketcap_data_api_listings_historical
2017-08-09,372,BCN,Bytecoin,bytecoin-bcn,25,183223264787.49,0.00139104,254871261.07503715,1610032.5,2017-08-09T00:00:00.000Z,2017-08-09T23:59:04.000Z,coinmarketcap_data_api_listings_historical
2017-08-09,1455,GNT,Golem,golem-network-tokens,26,833032000.0,0.30403557,253271362.4451159,4926719.5,2017-08-09T00:00:00.000Z,2017-08-09T23:59:15.000Z,coinmarketcap_data_api_listings_historical
2017-08-09,512,XLM,Stellar,stellar,27,11008901907.2971,0.02299622,253163179.3511988,9943392.0,2017-08-09T00:00:00.000Z,2017-08-09T23:59:04.000Z,coinmarketcap_data_api_listings_historical
2017-08-09,1214,LSK,Lisk,lisk,28,110713370.0,2.28276467,252732569.89057755,4068390.75,2017-08-09T00:00:00.000Z,2017-08-09T23:59:10.000Z,coinmarketcap_data_api_listings_historical
2017-08-09,1104,REP,Augur,augur,29,11000000.0,22.7056179,249761796.9512941,4242534.0,2017-08-09T00:00:00.000Z,2017-08-09T23:59:08.000Z,coinmarketcap_data_api_listings_historical
2017-08-09,1659,GNO,Gnosis,gnosis-gno,30,1104590.0,216.67044067,239332002.0639037,1577318.625,2017-08-09T00:00:00.000Z,2017-08-09T23:59:19.000Z,coinmarketcap_data_api_listings_historical
2017-08-09,1759,SNT,Status,status,31,3470483788.0,0.06530586,226642924.40200403,18237486.0,2017-08-09T00:00:00.000Z,2017-08-09T23:59:22.000Z,coinmarketcap_data_api_listings_historical
2017-08-09,1758,PAY,TenX,tenx,32,104661310.0,2.13016868,222946244.19051382,8207280.5,2017-08-09T00:00:00.000Z,2017-08-09T23:59:22.000Z,coinmarketcap_data_api_listings_historical
2017-08-09,1789,PPT,Populous,populous,33,37004026.8943896,5.93584061,219650005.45074627,782146.125,2017-08-09T00:00:00.000Z,2017-08-09T23:59:23.000Z,coinmarketcap_data_api_listings_historical
2017-08-09,74,DOGE,Dogecoin,dogecoin,34,110575701575.117,0.00193684,214167391.4399272,4251239.0,2017-08-09T00:00:00.000Z,2017-08-09T23:59:02.000Z,coinmarketcap_data_api_listings_historical
2017-08-09,576,GAME,GameCredits,gamecredits,35,63774432.0,3.32276535,211907472.8873293,2315225.75,2017-08-09T00:00:00.000Z,2017-08-09T23:59:04.000Z,coinmarketcap_data_api_listings_historical
2017-08-09,1492,GBYTE,Obyte,obyte,36,526327.234762955,374.55331421,197137610.13891476,2814288.25,2017-08-09T00:00:00.000Z,2017-08-09T23:59:15.000Z,coinmarketcap_data_api_listings_historical
2017-08-09,1087,FCT,Factom,factom,37,8753219.0,20.69993591,181191072.33320585,2950024.25,2017-08-09T00:00:00.000Z,2017-08-09T23:59:10.000Z,coinmarketcap_data_api_listings_historical
2017-08-09,291,MAID,MaidSafeCoin,maidsafecoin,38,452552412.0,0.38291356,173288455.0185254,2001304.875,2017-08-09T00:00:00.000Z,2017-08-09T23:59:03.000Z,coinmarketcap_data_api_listings_historical
2017-08-09,1168,DCR,Decred,decred,39,5506112.29964085,29.47323608,162282947.71224502,1420515.5,2017-08-09T00:00:00.000Z,2017-08-09T23:59:10.000Z,coinmarketcap_data_api_listings_historical
2017-08-09,1229,DGD,DigixDAO,digixdao,40,2000000.0,80.55434418,161108688.3544922,496284.84375,2017-08-09T00:00:00.000Z,2017-08-09T23:59:10.000Z,coinmarketcap_data_api_listings_historical
2017-08-09,1697,BAT,Basic Attention Token,basic-attention-token,41,1000000000.0,0.16103625,161036252.97546402,2081776.875,2017-08-09T00:00:00.000Z,2017-08-09T23:59:21.000Z,coinmarketcap_data_api_listings_historical
2017-08-09,109,DGB,DigiByte,digibyte,42,8742253657.25171,0.01765871,154376909.99010783,4998322.0,2017-08-09T00:00:00.000Z,2017-08-09T23:59:01.000Z,coinmarketcap_data_api_listings_historical
2017-08-09,66,NXT,Nxt,nxt,43,998999983.0,0.1433889,143245505.8457652,10688346.0,2017-08-09T00:00:00.000Z,2017-08-09T23:59:02.000Z,coinmarketcap_data_api_listings_historical
2017-08-09,1320,ARDR,Ardor,ardor,44,998999495.0,0.14089902,140758047.281737,1654352.125,2017-08-09T00:00:00.000Z,2017-08-09T23:59:12.000Z,coinmarketcap_data_api_listings_historical
2017-08-09,1690,MCAP,MCAP,mcap,45,63299754.221738,1.8490262,117042904.20929782,340820.4375,2017-08-09T00:00:00.000Z,2017-08-09T23:59:20.000Z,coinmarketcap_data_api_listings_historical
2017-08-09,1521,KMD,Komodo,komodo,46,100945510.0,1.11963916,113022545.84540592,321811.90625,2017-08-09T00:00:00.000Z,2017-08-09T23:59:15.000Z,coinmarketcap_data_api_listings_historical
2017-08-09,1169,PIVX,PIVX,pivx,47,54019458.11065,1.96403039,106095857.11149123,826577.875,2017-08-09T00:00:00.000Z,2017-08-09T23:59:09.000Z,coinmarketcap_data_api_listings_historical
2017-08-09,1715,MGO,MobileGo,mobilego,48,95923781.0,1.10530055,106024607.48418212,640627.0625,2017-08-09T00:00:00.000Z,2017-08-09T23:59:21.000Z,coinmarketcap_data_api_listings_historical
2017-08-09,1454,LKK,Lykke,lykke,49,261258287.31,0.34933063,91265523.11206791,437356.0,2017-08-09T00:00:00.000Z,2017-08-09T23:59:14.000Z,coinmarketcap_data_api_listings_historical
2017-08-09,1409,SNGLS,SingularDTV,singulardtv,50,600000000.0,0.14915417,89492502.8085708,587210.9375,2017-08-09T00:00:00.000Z,2017-08-09T23:59:14.000Z,coinmarketcap_data_api_listings_historical
2017-08-09,1788,MTL,Metal,metal,51,19300994.0,4.53246546,87481088.60844898,494339.125,2017-08-09T00:00:00.000Z,2017-08-09T23:59:23.000Z,coinmarketcap_data_api_listings_historical
2017-08-09,1703,ETP,Metaverse ETP,metaverse,52,22600000.0,3.59994197,81358688.49754341,607170.0625,2017-08-09T00:00:00.000Z,2017-08-09T23:59:21.000Z,coinmarketcap_data_api_listings_historical
2017-08-09,1791,ICO,ICO,ico,53,100000000.0,0.8097387,80973869.562149,11402768.0,2017-08-09T00:00:00.000Z,2017-08-09T23:59:23.000Z,coinmarketcap_data_api_listings_historical
2017-08-09,1586,ARK,Ark,ark,54,96787968.0,0.82875431,80213445.23345952,509719.6875,2017-08-09T00:00:00.000Z,2017-08-09T23:59:17.000Z,coinmarketcap_data_api_listings_historical
2017-08-09,1680,ANT,Aragon,aragon,55,33605167.0,2.3607018,79331778.20579219,727888.0,2017-08-09T00:00:00.000Z,2017-08-09T23:59:19.000Z,coinmarketcap_data_api_listings_historical
2017-08-09,1403,1ST,FirstBlood,firstblood,56,85558370.5,0.91214031,78041238.57476334,8156250.5,2017-08-09T00:00:00.000Z,2017-08-09T23:59:14.000Z,coinmarketcap_data_api_listings_historical
2017-08-09,1757,FUN,FunFair,funfair,57,3839463249.33694,0.02004645,76967594.51060452,566208.0,2017-08-09T00:00:00.000Z,2017-08-09T23:59:22.000Z,coinmarketcap_data_api_listings_historical
2017-08-09,1727,BNT,Bancor,bancor,58,29931065.7967,2.56767488,76853245.63592257,2988448.25,2017-08-09T00:00:00.000Z,2017-08-09T23:59:22.000Z,coinmarketcap_data_api_listings_historical
2017-08-09,1816,CVC,Civic,civic,59,340000000.0,0.22422998,76238192.02184662,1663635.0,2017-08-09T00:00:00.000Z,2017-08-09T23:59:23.000Z,coinmarketcap_data_api_listings_historical
2017-08-09,541,SYS,Syscoin,syscoin,60,526709524.110447,0.12461104,65633822.86244646,777337.75,2017-08-09T00:00:00.000Z,2017-08-09T23:59:06.000Z,coinmarketcap_data_api_listings_historical
2017-08-09,1785,GAS,Gas,gas,61,2927312.0,22.32266808,65345414.12960808,12738797.0,2017-08-09T00:00:00.000Z,2017-08-09T23:59:22.000Z,coinmarketcap_data_api_listings_historical
2017-08-09,789,NXS,Nexus,nexus,62,51570794.326152,1.13036215,58293674.10917705,149308.703125,2017-08-09T00:00:00.000Z,2017-08-09T23:59:10.000Z,coinmarketcap_data_api_listings_historical
2017-08-09,467,BTCD,BitcoinDark,bitcoindark,63,1288862.18407817,45.14785385,58189361.52125225,61561.25,2017-08-09T00:00:00.000Z,2017-08-09T23:59:04.000Z,coinmarketcap_data_api_listings_historical
2017-08-09,1382,NLC2,NoLimitCoin,nolimitcoin,64,203188688.53436,0.28210095,57319721.19334841,296437.28125,2017-08-09T00:00:00.000Z,2017-08-09T23:59:20.000Z,coinmarketcap_data_api_listings_historical
2017-08-09,707,BLOCK,Blocknet,blocknet,65,3962331.44756464,13.99872589,55467591.82419557,529766.6875,2017-08-09T00:00:00.000Z,2017-08-09T23:59:09.000Z,coinmarketcap_data_api_listings_historical
2017-08-09,1737,XEL,XEL,xel,66,83825033.0,0.65836477,55187448.80571509,962818.1875,2017-08-09T00:00:00.000Z,2017-08-09T23:59:21.000Z,coinmarketcap_data_api_listings_historical
2017-08-09,1478,DCT,DECENT,decent,67,51306089.0,1.0527792,54013983.21417898,988050.625,2017-08-09T00:00:00.000Z,2017-08-09T23:59:15.000Z,coinmarketcap_data_api_listings_historical
2017-08-09,588,UBQ,Ubiq,ubiq,68,37643574.6977163,1.37107265,51612075.71460511,184154.84375,2017-08-09T00:00:00.000Z,2017-08-09T23:59:04.000Z,coinmarketcap_data_api_listings_historical
2017-08-09,1500,WINGS,Wings,wings,69,89708333.0,0.57203728,51316510.76729705,697131.5,2017-08-09T00:00:00.000Z,2017-08-09T23:59:16.000Z,coinmarketcap_data_api_listings_historical
2017-08-09,1793,BDL,Bitdeal,bitdeal,70,300000000.0,0.16275176,48825529.2177201,447846.28125,2017-08-09T00:00:00.000Z,2017-08-09T23:59:22.000Z,coinmarketcap_data_api_listings_historical
2017-08-09,1609,XAS,Asch,asch,71,75000000.0,0.62379396,46784546.97132112,2924534.25,2017-08-09T00:00:00.000Z,2017-08-09T23:59:17.000Z,coinmarketcap_data_api_listings_historical
2017-08-09,1677,DICE,Etheroll,etheroll,72,7001622.64879442,6.61401176,46308814.56990058,529326.9375,2017-08-09T00:00:00.000Z,2017-08-09T23:59:20.000Z,coinmarketcap_data_api_listings_historical
2017-08-09,5,PPC,Peercoin,peercoin,73,24258214.0718753,1.86404431,45218385.87899354,447236.3125,2017-08-09T00:00:00.000Z,2017-08-09T23:59:01.000Z,coinmarketcap_data_api_listings_historical
2017-08-09,1022,LEO,LEOcoin,leocoin,74,87637041.734378,0.50829339,44545329.05675522,230476.0625,2017-08-09T00:00:00.000Z,2017-08-09T23:59:09.000Z,coinmarketcap_data_api_listings_historical
2017-08-09,1866,BTM,Bytom,bytom,75,422100000.0,0.1027642,43376770.56938417,5319328.0,2017-08-09T00:00:00.000Z,2017-08-09T23:59:24.000Z,coinmarketcap_data_api_listings_historical
2017-08-09,1596,EDG,Edgeless,edgeless,76,82046288.0,0.528211,43337751.63233758,349983.3125,2017-08-09T00:00:00.000Z,2017-08-09T23:59:18.000Z,coinmarketcap_data_api_listings_historical
2017-08-09,1826,PART,Particl,particl,77,7663957.8286722,5.65054655,43305550.47390275,321938.25,2017-08-09T00:00:00.000Z,2017-08-09T23:59:23.000Z,coinmarketcap_data_api_listings_historical
2017-08-09,693,XVG,Verge,verge,78,13409472280.0,0.00310943,41695771.18464745,915199.375,2017-08-09T00:00:00.000Z,2017-08-09T23:59:10.000Z,coinmarketcap_data_api_listings_historical
2017-08-09,558,EMC,Emercoin,emercoin,79,40516099.473943,1.01487255,41118677.22824629,383865.125,2017-08-09T00:00:00.000Z,2017-08-09T23:59:05.000Z,coinmarketcap_data_api_listings_historical
2017-08-09,1552,MLN,Melon,melon,80,599400.0,67.84130859,40664080.37109375,492908.875,2017-08-09T00:00:00.000Z,2017-08-09T23:59:16.000Z,coinmarketcap_data_api_listings_historical
2017-08-09,1637,RLC,iExec RLC,rlc,81,79070793.2387674,0.51301062,40564156.74798578,312055.34375,2017-08-09T00:00:00.000Z,2017-08-09T23:59:20.000Z,coinmarketcap_data_api_listings_historical
2017-08-09,1461,ROUND,Round,round,82,850000000.0,0.0464569,39488361.40334604,283460.8125,2017-08-09T00:00:00.000Z,2017-08-09T23:59:15.000Z,coinmarketcap_data_api_listings_historical
2017-08-09,1772,STORJ,Storj,storj,83,70858414.0920269,0.55298394,39183564.98179537,692681.3125,2017-08-09T00:00:00.000Z,2017-08-09T23:59:22.000Z,coinmarketcap_data_api_listings_historical
2017-08-09,1719,PPY,Peerplays,peerplays-ppy,84,3726893.39704,10.43784428,38900732.91315202,1105219.75,2017-08-09T00:00:00.000Z,2017-08-09T23:59:22.000Z,coinmarketcap_data_api_listings_historical
2017-08-09,1483,VSL,vSlice,vslice,85,33390496.0333756,1.11543763,37245015.65443484,156218.96875,2017-08-09T00:00:00.000Z,2017-08-09T23:59:15.000Z,coinmarketcap_data_api_listings_historical
2017-08-09,1172,SFT,Safex Token,safex-token,86,2147483647.0,0.01722283,36985751.98277718,1551317.875,2017-08-09T00:00:00.000Z,2017-08-09T23:59:09.000Z,coinmarketcap_data_api_listings_historical
2017-08-09,1732,NMR,Numeraire,numeraire,87,1252817.66345679,29.24216843,36635105.12251481,1128830.875,2017-08-09T00:00:00.000Z,2017-08-09T23:59:21.000Z,coinmarketcap_data_api_listings_historical
2017-08-09,1298,LBC,LBRY Credits,library-credit,88,68524524.0,0.49273497,33764429.18573643,1414325.5,2017-08-09T00:00:00.000Z,2017-08-09T23:59:11.000Z,coinmarketcap_data_api_listings_historical
2017-08-09,118,RDD,ReddCoin,reddcoin,89,28585001483.3143,0.00110101,31472263.05021339,554522.3125,2017-08-09T00:00:00.000Z,2017-08-09T23:59:03.000Z,coinmarketcap_data_api_listings_historical
2017-08-09,132,XCP,Counterparty,counterparty,90,2618134.6611785,11.91175652,31186582.60875697,239860.046875,2017-08-09T00:00:00.000Z,2017-08-09T23:59:02.000Z,coinmarketcap_data_api_listings_historical
2017-08-09,1861,STX,Stox,stox,91,29600000.0,1.02593338,30367628.19290147,806426.0625,2017-08-09T00:00:00.000Z,2017-08-09T23:59:24.000Z,coinmarketcap_data_api_listings_historical
2017-08-09,1834,PLR,Pillar,pillar,92,560000000.0,0.05357639,30002779.06656268,49864.21484375,2017-08-09T00:00:00.000Z,2017-08-09T23:59:23.000Z,coinmarketcap_data_api_listings_historical
2017-08-09,470,VIA,Viacoin,viacoin,93,22782853.4375,1.29220676,29440157.32019749,523382.0,2017-08-09T00:00:00.000Z,2017-08-09T23:59:04.000Z,coinmarketcap_data_api_listings_historical
2017-08-09,3,NMC,Namecoin,namecoin,94,14736400.0,1.9831121,29223933.10308458,67944.953125,2017-08-09T00:00:00.000Z,2017-08-09T23:59:00.000Z,coinmarketcap_data_api_listings_historical
2017-08-09,254,NLG,Gulden,gulden,95,350571744.999999,0.08293541,29074810.61992406,141640.6875,2017-08-09T00:00:00.000Z,2017-08-09T23:59:03.000Z,coinmarketcap_data_api_listings_historical
2017-08-09,1721,MYST,Mysterium,mysterium,96,19429024.2166521,1.47885561,28732721.45755845,378126.90625,2017-08-09T00:00:00.000Z,2017-08-09T23:59:22.000Z,coinmarketcap_data_api_listings_historical
2017-08-09,495,IOC,I/O Coin,iocoin,97,16355236.5019325,1.72147405,28155115.24382205,265498.75,2017-08-09T00:00:00.000Z,2017-08-09T23:59:03.000Z,coinmarketcap_data_api_listings_historical
2017-08-09,1414,XZC,Zcoin,zcoin,98,2733831.94316869,10.11924934,27664327.09716636,1231733.375,2017-08-09T00:00:00.000Z,2017-08-09T23:59:13.000Z,coinmarketcap_data_api_listings_historical
2017-08-09,1281,ION,ION,ion,99,15392912.99941,1.78097355,27414370.96570041,42691.4140625,2017-08-09T00:00:00.000Z,2017-08-09T23:59:11.000Z,coinmarketcap_data_api_listings_historical
2017-08-09,362,CLOAK,CloakCoin,cloakcoin,100,5080026.472929,5.3283906,27068365.29745536,220732.4375,2017-08-09T00:00:00.000Z,2017-08-09T23:59:18.000Z,coinmarketcap_data_api_listings_historical
2017-08-09,1125,AMP,HyperSpace,synereo,101,82256324.0,0.32178605,26468937.26076935,727090.25,2017-08-09T00:00:00.000Z,2017-08-09T23:59:08.000Z,coinmarketcap_data_api_listings_historical
2017-08-09,1775,ADT,adToken,adtoken,102,600000000.0,0.04409186,26455114.78185654,85892.265625,2017-08-09T00:00:00.000Z,2017-08-09T23:59:23.000Z,coinmarketcap_data_api_listings_historical
2017-08-09,723,BAY,BitBay,bitbay,103,1007655625.1864,0.02453831,24726170.10442999,101352.203125,2017-08-09T00:00:00.000Z,2017-08-09T23:59:05.000Z,coinmarketcap_data_api_listings_historical
2017-08-09,122,POT,PotCoin,potcoin,104,217566688.526897,0.11352818,24699951.17630925,205244.640625,2017-08-09T00:00:00.000Z,2017-08-09T23:59:02.000Z,coinmarketcap_data_api_listings_historical
2017-08-09,895,XAUR,Xaurum,xaurum,105,127110677.482969,0.19393654,24651405.20120664,108012.3125,2017-08-09T00:00:00.000Z,2017-08-09T23:59:06.000Z,coinmarketcap_data_api_listings_historical
2017-08-09,1669,HMQ,Humaniq,humaniq,106,162858787.4956,0.15066138,24536529.52246048,370008.9375,2017-08-09T00:00:00.000Z,2017-08-09T23:59:21.000Z,coinmarketcap_data_api_listings_historical
2017-08-09,1638,TRST,WeTrust,trust,107,92147500.0,0.26386264,24314282.58858625,584445.9375,2017-08-09T00:00:00.000Z,2017-08-09T23:59:20.000Z,coinmarketcap_data_api_listings_historical
2017-08-09,1660,TKN,Monolith,monolith,108,23644055.9283204,1.02791452,24304068.49684183,339754.625,2017-08-09T00:00:00.000Z,2017-08-09T23:59:19.000Z,coinmarketcap_data_api_listings_historical
2017-08-09,1839,BNB,Binance Coin,binance-coin,109,100000000.0,0.24291168,24291168.153286,3075322.0,2017-08-09T00:00:00.000Z,2017-08-09T23:59:25.000Z,coinmarketcap_data_api_listings_historical
2017-08-09,1812,XRL,Rialto,rialto,110,76051555.9415402,0.31369013,23856622.16140429,50952.15625,2017-08-09T00:00:00.000Z,2017-08-09T23:59:23.000Z,coinmarketcap_data_api_listings_historical
2017-08-09,213,MONA,MonaCoin,monacoin,111,53117274.8935333,0.43519244,23116236.25352771,76326.796875,2017-08-09T00:00:00.000Z,2017-08-09T23:59:02.000Z,coinmarketcap_data_api_listings_historical
2017-08-09,1619,SKY,Skycoin,skycoin,112,5833030.0,3.92647123,22903224.49837208,64469.67578125,2017-08-09T00:00:00.000Z,2017-08-09T23:59:18.000Z,coinmarketcap_data_api_listings_historical
2017-08-09,224,FAIR,FairCoin,faircoin,113,53193831.469966,0.42893118,22816492.72359632,20983.39648438,2017-08-09T00:00:00.000Z,2017-08-09T23:59:02.000Z,coinmarketcap_data_api_listings_historical
2017-08-09,1856,DNT,district0x,district0x,114,600000000.0,0.03553225,21319350.60024264,1651948.875,2017-08-09T00:00:00.000Z,2017-08-09T23:59:24.000Z,coinmarketcap_data_api_listings_historical
2017-08-09,170,BLK,BlackCoin,blackcoin,115,76301493.8960223,0.26657292,20339912.21655104,532972.6875,2017-08-09T00:00:00.000Z,2017-08-09T23:59:02.000Z,coinmarketcap_data_api_listings_historical
2017-08-09,99,VTC,Vertcoin,vertcoin,116,38413150.0,0.5244931,20147432.05738663,567916.125,2017-08-09T00:00:00.000Z,2017-08-09T23:59:02.000Z,coinmarketcap_data_api_listings_historical
2017-08-09,1603,DTB,Databits,databits,117,22747808.5,0.87698239,19949427.4856237,111273.203125,2017-08-09T00:00:00.000Z,2017-08-09T23:59:17.000Z,coinmarketcap_data_api_listings_historical
2017-08-09,405,XDN,DigitalNote,digitalnote,118,6885214255.21089,0.00282,19416328.60717155,1141989.25,2017-08-09T00:00:00.000Z,2017-08-09T23:59:03.000Z,coinmarketcap_data_api_listings_historical
2017-08-09,83,OMNI,Omni,omni,119,559492.77565464,34.57012558,19341735.5153908,483879.28125,2017-08-09T00:00:00.000Z,2017-08-09T23:59:01.000Z,coinmarketcap_data_api_listings_historical
2017-08-09,1592,TAAS,TaaS,taas,120,8146000.779398,2.35994887,19224145.36303254,262012.546875,2017-08-09T00:00:00.000Z,2017-08-09T23:59:17.000Z,coinmarketcap_data_api_listings_historical
2017-08-09,1615,EB3,EB3 Coin,eb3-coin,121,49941416.8917,0.36772692,18364803.51566244,144276.171875,2017-08-09T00:00:00.000Z,2017-08-09T23:59:19.000Z,coinmarketcap_data_api_listings_historical
2017-08-09,1082,SIB,SIBCoin,sibcoin,122,15187561.9248243,1.18751717,18035490.49750818,110491.390625,2017-08-09T00:00:00.000Z,2017-08-09T23:59:08.000Z,coinmarketcap_data_api_listings_historical
2017-08-09,1782,ECOB,Ecobit,ecobit,123,444444444.4,0.04047945,17990865.639371,15933.48632813,2017-08-09T00:00:00.000Z,2017-08-09T23:59:22.000Z,coinmarketcap_data_api_listings_historical
2017-08-09,1037,AGRS,Agoras Tokens,agoras-tokens,124,42000000.0,0.42013994,17645877.42090226,60429.828125,2017-08-09T00:00:00.000Z,2017-08-09T23:59:08.000Z,coinmarketcap_data_api_listings_historical
2017-08-09,95,YBC,YbCoin,ybcoin,125,3020473.7968069,5.77543163,17444539.91271292,197871.15625,2017-08-09T00:00:00.000Z,2017-08-09T23:59:01.000Z,coinmarketcap_data_api_listings_historical
2017-08-09,1712,QRL,Quantum Resistant Ledger,quantum-resistant-ledger,126,52000000.0,0.33010009,17165204.6442032,552703.375,2017-08-09T00:00:00.000Z,2017-08-09T23:59:21.000Z,coinmarketcap_data_api_listings_historical
2017-08-09,1070,EXP,Expanse,expanse,127,7799956.25722979,2.18563342,17047845.07770434,349260.40625,2017-08-09T00:00:00.000Z,2017-08-09T23:59:08.000Z,coinmarketcap_data_api_listings_historical
2017-08-09,1723,SNM,SONM,sonm,128,331360000.0,0.05131877,17004988.33537103,246016.4375,2017-08-09T00:00:00.000Z,2017-08-09T23:59:21.000Z,coinmarketcap_data_api_listings_historical
2017-08-09,377,NAV,NavCoin,nav-coin,129,61601940.025135,0.27502814,16942266.94563554,337939.40625,2017-08-09T00:00:00.000Z,2017-08-09T23:59:05.000Z,coinmarketcap_data_api_listings_historical
2017-08-09,1480,GOLOS,Golos,golos,130,124518891.448,0.13470878,16773787.58907777,52117.140625,2017-08-09T00:00:00.000Z,2017-08-09T23:59:15.000Z,coinmarketcap_data_api_listings_historical
2017-08-09,706,MUE,MonetaryUnit,monetaryunit,131,126240176.0,0.13153414,16604893.52421212,208023.125,2017-08-09T00:00:00.000Z,2017-08-09T23:59:05.000Z,coinmarketcap_data_api_listings_historical
2017-08-09,1123,OBITS,OBITS,obits,132,15890499.9451,1.03512776,16448697.59724,19953.70703125,2017-08-09T00:00:00.000Z,2017-08-09T23:59:10.000Z,coinmarketcap_data_api_listings_historical
2017-08-09,1708,PTOY,Patientory,patientory,133,70000000.0,0.2291373,16039611.10115049,599557.75,2017-08-09T00:00:00.000Z,2017-08-09T23:59:20.000Z,coinmarketcap_data_api_listings_historical
2017-08-09,1556,TIME,Chrono.tech,chrono-tech,134,710112.8108,22.43957138,15934627.1062359,619411.0625,2017-08-09T00:00:00.000Z,2017-08-09T23:59:16.000Z,coinmarketcap_data_api_listings_historical
2017-08-09,85,EAC,EarthCoin,earthcoin,135,11266116384.6951,0.00139256,15688764.91528757,629710.875,2017-08-09T00:00:00.000Z,2017-08-09T23:59:01.000Z,coinmarketcap_data_api_listings_historical
2017-08-09,1779,WGR,Wagerr,wagerr,136,183000000.0,0.08508551,15570648.55098725,47388.375,2017-08-09T00:00:00.000Z,2017-08-09T23:59:23.000Z,coinmarketcap_data_api_listings_historical
2017-08-09,1154,RADS,Radium,radium,137,3317907.47455943,4.67083979,15497414.24019593,238572.640625,2017-08-09T00:00:00.000Z,2017-08-09T23:59:09.000Z,coinmarketcap_data_api_listings_historical
2017-08-09,720,CRW,Crown,crown,138,14751606.8469242,1.03154981,15217017.26024904,77586.1328125,2017-08-09T00:00:00.000Z,2017-08-09T23:59:05.000Z,coinmarketcap_data_api_listings_historical
2017-08-09,1595,SOAR,Soarcoin,soarcoin,139,651970042.142471,0.02323154,15146270.46029123,3187.59375,2017-08-09T00:00:00.000Z,2017-08-09T23:59:20.000Z,coinmarketcap_data_api_listings_historical
2017-08-09,573,BURST,Burst,burst,140,1806486186.0,0.00836787,15116433.15452936,363996.03125,2017-08-09T00:00:00.000Z,2017-08-09T23:59:05.000Z,coinmarketcap_data_api_listings_historical
2017-08-09,1776,MCO,MCO,crypto-com,141,9813786.29391496,1.51756203,14893029.46731375,338961.53125,2017-08-09T00:00:00.000Z,2017-08-09T23:59:23.000Z,coinmarketcap_data_api_listings_historical
2017-08-09,1729,CFI,Cofound.it,cofound-it,142,125000000.0,0.11886508,14858135.022223,328634.1875,2017-08-09T00:00:00.000Z,2017-08-09T23:59:21.000Z,coinmarketcap_data_api_listings_historical
2017-08-09,1807,SAN,Santiment Network Token,santiment,143,58721916.59833,0.25047046,14708105.43082669,999151.375,2017-08-09T00:00:00.000Z,2017-08-09T23:59:23.000Z,coinmarketcap_data_api_listings_historical
2017-08-09,1784,PLBT,Polybius,polybius,144,3772686.748409,3.84736466,14514901.68446321,53619.2890625,2017-08-09T00:00:00.000Z,2017-08-09T23:59:22.000Z,coinmarketcap_data_api_listings_historical
2017-08-09,1358,EDC,EDC Blockchain,edc-blockchain,145,886211987.679001,0.01584794,14044636.05686511,231130.1875,2017-08-09T00:00:00.000Z,2017-08-09T23:59:13.000Z,coinmarketcap_data_api_listings_historical
2017-08-09,1481,NXC,Nexium,nexium,146,66521586.0,0.2069661,13767713.36147722,126161.7265625,2017-08-09T00:00:00.000Z,2017-08-09T23:59:18.000Z,coinmarketcap_data_api_listings_historical
2017-08-09,1208,RVR,RevolutionVR,revolutionvr,147,210000000.0,0.06545489,13745525.92635155,198767.328125,2017-08-09T00:00:00.000Z,2017-08-09T23:59:19.000Z,coinmarketcap_data_api_listings_historical
2017-08-09,1667,UNY,Unity Ingot,unity-ingot,148,202000000.0,0.06792811,13721478.83474828,34719.58203125,2017-08-09T00:00:00.000Z,2017-08-09T23:59:20.000Z,coinmarketcap_data_api_listings_historical
2017-08-09,833,GRC,GridCoin,gridcoin,149,390312753.15085,0.03513952,13715401.23277902,84639.1796875,2017-08-09T00:00:00.000Z,2017-08-09T23:59:07.000Z,coinmarketcap_data_api_listings_historical
2017-08-09,201,EMC2,Einsteinium,einsteinium,150,212286334.951216,0.06423476,13636162.49521936,549548.625,2017-08-09T00:00:00.000Z,2017-08-09T23:59:02.000Z,coinmarketcap_data_api_listings_historical
2017-08-09,1709,QAU,Quantum,quantum,151,81528846.4610276,0.16239922,13240220.86783827,77343.0546875,2017-08-09T00:00:00.000Z,2017-08-09T23:59:22.000Z,coinmarketcap_data_api_listings_historical
2017-08-09,551,DONU,Donu,donu,152,3439132.3207,3.84886193,13236745.47084794,95725.671875,2017-08-09T00:00:00.000Z,2017-08-09T23:59:05.000Z,coinmarketcap_data_api_listings_historical
2017-08-09,1527,WCT,Waves Community Token,waves-community-token,153,7997270.0,1.64664602,13168672.83873081,30568.57617188,2017-08-09T00:00:00.000Z,2017-08-09T23:59:16.000Z,coinmarketcap_data_api_listings_historical
2017-08-09,1618,ECN,E-coin,e-coin,154,3542840.47897521,3.43182945,12158424.30130824,151165.25,2017-08-09T00:00:00.000Z,2017-08-09T23:59:19.000Z,coinmarketcap_data_api_listings_historical
2017-08-09,1817,VGX,Voyager Token,voyager-token,155,70536243.3784532,0.17074935,12044017.80581183,222484.4375,2017-08-09T00:00:00.000Z,2017-08-09T23:59:23.000Z,coinmarketcap_data_api_listings_historical
2017-08-09,67,UNO,Unobtanium,unobtanium,156,197788.506358,60.53783417,11973687.79813427,24110.84765625,2017-08-09T00:00:00.000Z,2017-08-09T23:59:02.000Z,coinmarketcap_data_api_listings_historical
2017-08-09,1616,GUP,Matchpool,guppy,157,75000000.0,0.15076366,11307274.55019953,255319.421875,2017-08-09T00:00:00.000Z,2017-08-09T23:59:18.000Z,coinmarketcap_data_api_listings_historical
2017-08-09,1159,SLS,SaluS,salus,158,1004015.1511453,11.03034878,11074637.29529913,91845.671875,2017-08-09T00:00:00.000Z,2017-08-09T23:59:18.000Z,coinmarketcap_data_api_listings_historical
2017-08-09,1392,PLU,Pluton,pluton,159,849999.5,13.01225948,11060414.05470705,136140.21875,2017-08-09T00:00:00.000Z,2017-08-09T23:59:14.000Z,coinmarketcap_data_api_listings_historical
2017-08-09,1611,DBIX,DubaiCoin,dubaicoin-dbix,160,1011854.182,10.69653797,10823336.67938063,110613.71875,2017-08-09T00:00:00.000Z,2017-08-09T23:59:17.000Z,coinmarketcap_data_api_listings_historical
2017-08-09,624,BITCNY,bitCNY,bitcny,161,75776400.0,0.14045882,10643463.89837263,716006.5,2017-08-09T00:00:00.000Z,2017-08-09T23:59:05.000Z,coinmarketcap_data_api_listings_historical
2017-08-09,293,XBC,Bitcoin Plus,bitcoin-plus,162,99273.44484995,105.63840485,10487088.35753503,161649.765625,2017-08-09T00:00:00.000Z,2017-08-09T23:59:03.000Z,coinmarketcap_data_api_listings_historical
2017-08-09,215,RBY,Rubycoin,rubycoin,163,24636602.3918338,0.42549396,10482725.40454593,16633.6484375,2017-08-09T00:00:00.000Z,2017-08-09T23:59:04.000Z,coinmarketcap_data_api_listings_historical
2017-08-09,1463,BASH,LuckChain,luckchain,164,702153075.025578,0.01489331,10457382.86136997,164971.6875,2017-08-09T00:00:00.000Z,2017-08-09T23:59:14.000Z,coinmarketcap_data_api_listings_historical
2017-08-09,1668,BCAP,BCAP,bcap,165,10000000.0,1.03998411,10399841.0701752,161548.34375,2017-08-09T00:00:00.000Z,2017-08-09T23:59:20.000Z,coinmarketcap_data_api_listings_historical
2017-08-09,90,DIME,Dimecoin,dimecoin,166,531778312079.918,1.954e-05,10388361.07656812,8818.43945313,2017-08-09T00:00:00.000Z,2017-08-09T23:59:01.000Z,coinmarketcap_data_api_listings_historical
2017-08-09,1853,OAX,OAX,oax,167,25009249.58,0.41258845,10318527.45316023,129006.0234375,2017-08-09T00:00:00.000Z,2017-08-09T23:59:24.000Z,coinmarketcap_data_api_listings_historical
2017-08-09,1050,SHIFT,Shift,shift,168,11061559.4,0.92996252,10286835.60863798,93887.4765625,2017-08-09T00:00:00.000Z,2017-08-09T23:59:18.000Z,coinmarketcap_data_api_listings_historical
2017-08-09,1380,LMC,LoMoCoin,lomocoin,169,212754444.478104,0.04828221,10272255.51329812,242673.375,2017-08-09T00:00:00.000Z,2017-08-09T23:59:13.000Z,coinmarketcap_data_api_listings_historical
2017-08-09,702,SPR,SpreadCoin,spreadcoin,170,8542732.99618911,1.19554245,10213199.97627754,87903.5234375,2017-08-09T00:00:00.000Z,2017-08-09T23:59:07.000Z,coinmarketcap_data_api_listings_historical
2017-08-09,645,JINN,Jinn,jinn,171,58703.0,168.33940125,9882027.8712921,673.35760498,2017-08-09T00:00:00.000Z,2017-08-09T10:54:06.000Z,coinmarketcap_data_api_listings_historical
2017-08-09,1405,PEPECASH,Pepe Cash,pepe-cash,172,701884009.0,0.01402121,9841263.34724619,12948.3046875,2017-08-09T00:00:00.000Z,2017-08-09T23:59:13.000Z,coinmarketcap_data_api_listings_historical
2017-08-09,1063,BCY,BitCrystals,bitcrystals,173,23248414.9041899,0.42185736,9807514.86650556,247193.59375,2017-08-09T00:00:00.000Z,2017-08-09T23:59:08.000Z,coinmarketcap_data_api_listings_historical
2017-08-09,322,ENRG,Energycoin,energycoin,174,121125553.386427,0.08025746,9721229.31341979,14253.11621094,2017-08-09T00:00:00.000Z,2017-08-09T23:59:03.000Z,coinmarketcap_data_api_listings_historical
2017-08-09,460,CLAM,Clams,clams,175,2559579.3205037,3.79452777,9712394.8088366,716426.9375,2017-08-09T00:00:00.000Z,2017-08-09T23:59:05.000Z,coinmarketcap_data_api_listings_historical
2017-08-09,41,IFC,Infinitecoin,infinitecoin,176,90596274910.0705,0.00010502,9514159.82800846,518987.65625,2017-08-09T00:00:00.000Z,2017-08-09T23:59:00.000Z,coinmarketcap_data_api_listings_historical
2017-08-09,1658,LUN,Lunyr,lunyr,177,2297853.07853158,4.11900234,9464862.21255848,259101.15625,2017-08-09T00:00:00.000Z,2017-08-09T23:59:19.000Z,coinmarketcap_data_api_listings_historical
2017-08-09,89,MOON,Mooncoin,mooncoin,178,222213876255.2,4.148e-05,9217962.24311596,40460.29296875,2017-08-09T00:00:00.000Z,2017-08-09T23:59:01.000Z,coinmarketcap_data_api_listings_historical
2017-08-09,1833,TOA,ToaCoin,toacoin,179,1681599316.23306,0.00545921,9180196.59436338,99616.03125,2017-08-09T00:00:00.000Z,2017-08-09T23:59:23.000Z,coinmarketcap_data_api_listings_historical
2017-08-09,1562,SWT,Swarm City,swarm-city,180,7573393.5951534,1.20665085,9138441.84288591,17106.97851563,2017-08-09T00:00:00.000Z,2017-08-09T23:59:18.000Z,coinmarketcap_data_api_listings_historical
2017-08-09,8,FTC,Feathercoin,feathercoin,181,171376920.0,0.05262892,9019382.76222154,985922.0625,2017-08-09T00:00:00.000Z,2017-08-09T23:59:00.000Z,coinmarketcap_data_api_listings_historical
2017-08-09,323,VRC,VeriCoin,vericoin,182,30331437.4406287,0.28627121,8683017.43320967,369711.4375,2017-08-09T00:00:00.000Z,2017-08-09T23:59:03.000Z,coinmarketcap_data_api_listings_historical
2017-08-09,16,WDC,WorldCoin,worldcoin,183,114989579.4,0.0741071,8521544.6102438,583097.3125,2017-08-09T00:00:00.000Z,2017-08-09T23:59:00.000Z,coinmarketcap_data_api_listings_historical
2017-08-09,1308,HEAT,HEAT,heat-ledger,184,27931496.0,0.30141014,8418836.08086157,14996.50488281,2017-08-09T00:00:00.000Z,2017-08-09T23:59:12.000Z,coinmarketcap_data_api_listings_historical
2017-08-09,42,XPM,Primecoin,primecoin,185,20184571.8002737,0.41013372,8278373.50783628,709584.125,2017-08-09T00:00:00.000Z,2017-08-09T23:59:01.000Z,coinmarketcap_data_api_listings_historical
2017-08-09,735,VASH,VPNCoin,vpncoin,186,400339746.0,0.02065945,8270799.14228929,619654.125,2017-08-09T00:00:00.000Z,2017-08-09T23:59:07.000Z,coinmarketcap_data_api_listings_historical
2017-08-09,258,GRS,Groestlcoin,groestlcoin,187,68130863.7919864,0.11822734,8054930.81717432,256247.09375,2017-08-09T00:00:00.000Z,2017-08-09T23:59:03.000Z,coinmarketcap_data_api_listings_historical
2017-08-09,606,FLDC,FoldingCoin,foldingcoin,188,514662238.0,0.01560553,8031577.35605169,71703.9453125,2017-08-09T00:00:00.000Z,2017-08-09T23:59:04.000Z,coinmarketcap_data_api_listings_historical
2017-08-09,1698,ZEN,Horizen,horizen,189,1602687.5,4.98030138,7981866.76821112,131344.21875,2017-08-09T00:00:00.000Z,2017-08-09T23:59:21.000Z,coinmarketcap_data_api_listings_historical
2017-08-09,1847,MSP,Mothership,mothership,190,140000000.0,0.05646714,7905399.35231208,66526.390625,2017-08-09T00:00:00.000Z,2017-08-09T23:59:24.000Z,coinmarketcap_data_api_listings_historical
2017-08-09,184,NOTE,DNotes,dnotes,191,125975640.2,0.06272946,7902384.25846191,43818.3671875,2017-08-09T00:00:00.000Z,2017-08-09T23:59:02.000Z,coinmarketcap_data_api_listings_historical
2017-08-09,77,DMD,Diamond,diamond,192,2222204.85907132,3.55175185,7892720.22380889,26865.84765625,2017-08-09T00:00:00.000Z,2017-08-09T23:59:01.000Z,coinmarketcap_data_api_listings_historical
2017-08-09,1636,XBY,XTRABYTES,xtrabytes,193,650000000.0,0.01209813,7863786.81659701,16149.61328125,2017-08-09T00:00:00.000Z,2017-08-09T23:59:21.000Z,coinmarketcap_data_api_listings_historical
2017-08-09,217,BELA,Bela,belacoin,194,36903000.0,0.21065593,7773835.69836616,87068.9765625,2017-08-09T00:00:00.000Z,2017-08-09T23:59:02.000Z,coinmarketcap_data_api_listings_historical
2017-08-09,1649,MGC,MergeCoin,mergecoin,195,95000000.0,0.0816012,7752114.23635483,147732.65625,2017-08-09T00:00:00.000Z,2017-08-09T23:59:19.000Z,coinmarketcap_data_api_listings_historical
2017-08-09,64,FLO,FLO,flo,196,135921904.053858,0.05686482,7729175.17161651,48810.88671875,2017-08-09T00:00:00.000Z,2017-08-09T23:59:05.000Z,coinmarketcap_data_api_listings_historical
2017-08-09,1294,RISE,Rise,rise,197,107387215.0,0.07187357,7718302.2994623,41935.07421875,2017-08-09T00:00:00.000Z,2017-08-09T23:59:11.000Z,coinmarketcap_data_api_listings_historical
2017-08-09,53,QRK,Quark,quark,198,251512323.76426,0.03029681,7620021.07853407,107836.03125,2017-08-09T00:00:00.000Z,2017-08-09T23:59:01.000Z,coinmarketcap_data_api_listings_historical
2017-08-09,1794,NVST,NVO,nvo,199,15000000.0,0.49838361,7475754.17160989,9799.58886719,2017-08-09T00:00:00.000Z,2017-08-09T23:59:22.000Z,coinmarketcap_data_api_listings_historical
2017-08-09,939,GAM,Gambit,gambit,200,1189969.28403505,6.04929304,7198472.90918978,7897.56152344,2017-08-09T00:00:00.000Z,2017-08-09T23:59:17.000Z,coinmarketcap_data_api_listings_historical
2017-08-09,1475,INCNT,Incent,incent,201,46016425.0,0.15307046,7043755.55997529,173378.140625,2017-08-09T00:00:00.000Z,2017-08-09T23:59:16.000Z,coinmarketcap_data_api_listings_historical
2017-08-09,1811,NET,Nimiq Exchange Token,nimiq-exchange-token,202,10500000.0,0.64518064,6774396.74735069,215534.921875,2017-08-09T00:00:00.000Z,2017-08-09T23:59:23.000Z,coinmarketcap_data_api_listings_historical
2017-08-09,25,GLC,GoldCoin,goldcoin,203,40415731.9999917,0.16513868,6674200.50286973,1645809.875,2017-08-09T00:00:00.000Z,2017-08-09T23:59:01.000Z,coinmarketcap_data_api_listings_historical
2017-08-09,870,PURA,Pura,pura,204,224978932.214834,0.02964947,6670505.26355219,4327.93603516,2017-08-09T00:00:00.000Z,2017-08-09T23:59:08.000Z,coinmarketcap_data_api_listings_historical
2017-08-09,1836,SIGT,Signatum,signatum,205,76998903.4416,0.08447609,6504566.3715423,817433.75,2017-08-09T00:00:00.000Z,2017-08-09T23:59:23.000Z,coinmarketcap_data_api_listings_historical
2017-08-09,1771,BET,DAO.Casino,dao-casino,206,109572924.091916,0.05821458,6378741.21324459,80258.140625,2017-08-09T00:00:00.000Z,2017-08-09T23:59:22.000Z,coinmarketcap_data_api_listings_historical
2017-08-09,37,MEC,Megacoin,megacoin,207,32886450.0,0.19379088,6373094.17850821,409378.3125,2017-08-09T00:00:00.000Z,2017-08-09T23:59:01.000Z,coinmarketcap_data_api_listings_historical
2017-08-09,1026,AEON,Aeon,aeon,208,14602089.430817,0.43571812,6362394.94237449,25489.84375,2017-08-09T00:00:00.000Z,2017-08-09T23:59:07.000Z,coinmarketcap_data_api_listings_historical
2017-08-09,6,NVC,Novacoin,novacoin,209,1798894.609952,3.47941017,6259092.20333933,9440.72460938,2017-08-09T00:00:00.000Z,2017-08-09T23:59:00.000Z,coinmarketcap_data_api_listings_historical
2017-08-09,56,ZET,Zetacoin,zetacoin,210,166485524.754849,0.03722069,6196705.55267635,597309.9375,2017-08-09T00:00:00.000Z,2017-08-09T23:59:01.000Z,coinmarketcap_data_api_listings_historical
2017-08-09,233,SLR,SolarCoin,solarcoin,211,35447021.5675354,0.17477801,6195360.04672861,22672.59179688,2017-08-09T00:00:00.000Z,2017-08-09T23:59:03.000Z,coinmarketcap_data_api_listings_historical
2017-08-09,1238,ESP,Espers,espers,212,20416132058.4311,0.00030071,6139297.08805869,24269.00390625,2017-08-09T00:00:00.000Z,2017-08-09T23:59:10.000Z,coinmarketcap_data_api_listings_historical
2017-08-09,1768,ADX,AdEx,adx-net,213,40000000.0,0.15278703,6111481.1897278,2112492.25,2017-08-09T00:00:00.000Z,2017-08-09T23:59:22.000Z,coinmarketcap_data_api_listings_historical
2017-08-09,1473,PASC,Pascal,pascal,214,12249800.0,0.49742243,6093325.2455175,66669.953125,2017-08-09T00:00:00.000Z,2017-08-09T23:59:15.000Z,coinmarketcap_data_api_listings_historical
2017-08-09,1714,ETT,EncryptoTel [WAVES],encryptotel,215,62131189.6,0.09622542,5978599.69944334,3630.80932617,2017-08-09T00:00:00.000Z,2017-08-09T23:59:20.000Z,coinmarketcap_data_api_listings_historical
2017-08-09,788,COVAL,Circuits of Value,circuits-of-value,216,1000000000.0,0.00594995,5949948.91434908,44061.875,2017-08-09T00:00:00.000Z,2017-08-09T23:59:05.000Z,coinmarketcap_data_api_listings_historical
2017-08-09,819,BITB,Bean Cash,bean-cash,217,2064150000.0,0.00284741,5877491.04596441,77390.2578125,2017-08-09T00:00:00.000Z,2017-08-09T23:59:12.000Z,coinmarketcap_data_api_listings_historical
2017-08-09,501,XCN,Cryptonite,cryptonite,218,347605798.135478,0.01690256,5875426.6923819,460761.96875,2017-08-09T00:00:00.000Z,2017-08-09T23:59:03.000Z,coinmarketcap_data_api_listings_historical
2017-08-09,760,OK,OKCash,okcash,219,72295709.8330952,0.07900317,5711590.26380378,57632.81640625,2017-08-09T00:00:00.000Z,2017-08-09T23:59:06.000Z,coinmarketcap_data_api_listings_historical
2017-08-09,914,SPHR,Sphere,sphere,220,3082940.27603443,1.81139183,5584412.82975659,106316.625,2017-08-09T00:00:00.000Z,2017-08-09T23:59:17.000Z,coinmarketcap_data_api_listings_historical
2017-08-09,1567,NANO,Nano,nano,221,102829326.761085,0.05303285,5453331.77417824,40758.78125,2017-08-09T00:00:00.000Z,2017-08-09T23:59:19.000Z,coinmarketcap_data_api_listings_historical
2017-08-09,1300,CADASTRAL,Bitland,bitland,222,30000000.0,0.1759093,5277278.87034417,25119.74804688,2017-08-09T00:00:00.000Z,2017-08-09T23:59:13.000Z,coinmarketcap_data_api_listings_historical
2017-08-09,1503,JUP,Jupiter,jupiter,223,13623762.0911675,0.37935939,5168302.1351548,47470.9765625,2017-08-09T00:00:00.000Z,2017-08-09T23:59:16.000Z,coinmarketcap_data_api_listings_historical
2017-08-09,1681,PZM,PRIZM,prizm,224,4776663.22,1.07001901,5111120.43414397,14308.63867188,2017-08-09T00:00:00.000Z,2017-08-09T23:59:21.000Z,coinmarketcap_data_api_listings_historical
2017-08-09,1845,IXT,IXT,ixledger,225,35778843.8311976,0.14203465,5081835.55556399,60046.484375,2017-08-09T00:00:00.000Z,2017-08-09T23:59:24.000Z,coinmarketcap_data_api_listings_historical
2017-08-09,313,PINK,Pinkcoin,pinkcoin,226,346871850.0,0.01444072,5009078.60507775,112218.109375,2017-08-09T00:00:00.000Z,2017-08-09T23:59:03.000Z,coinmarketcap_data_api_listings_historical
2017-08-09,212,ECC,ECC,eccoin,227,24860298436.4786,0.00020056,4985983.53305931,2695.01000977,2017-08-09T00:00:00.000Z,2017-08-09T23:59:03.000Z,coinmarketcap_data_api_listings_historical
2017-08-09,1797,DAXX,DaxxCoin,daxxcoin,228,481444570.0,0.01031724,4967179.58061229,1148.80493164,2017-08-09T00:00:00.000Z,2017-08-09T23:59:23.000Z,coinmarketcap_data_api_listings_historical
2017-08-09,1153,CRB,Creditbit,creditbit,229,11875322.0243058,0.41795799,4963385.74005124,239665.84375,2017-08-09T00:00:00.000Z,2017-08-09T23:59:09.000Z,coinmarketcap_data_api_listings_historical
2017-08-09,1044,GCR,Global Currency Reserve,global-currency-reserve,230,103018029.872447,0.04804177,4949168.32927794,19631.52734375,2017-08-09T00:00:00.000Z,2017-08-09T23:59:08.000Z,coinmarketcap_data_api_listings_historical
2017-08-09,374,ABY,ArtByte,artbyte,231,790948850.0,0.00625425,4946790.51715397,181766.078125,2017-08-09T00:00:00.000Z,2017-08-09T23:59:04.000Z,coinmarketcap_data_api_listings_historical
2017-08-09,148,AUR,Auroracoin,auroracoin,232,8658139.13596773,0.56826037,4920077.36350571,7194.47460938,2017-08-09T00:00:00.000Z,2017-08-09T23:59:02.000Z,coinmarketcap_data_api_listings_historical
2017-08-09,999,CHC,ChainCoin,chaincoin,233,15232073.9424698,0.32002985,4874718.41172268,171823.765625,2017-08-09T00:00:00.000Z,2017-08-09T23:59:07.000Z,coinmarketcap_data_api_listings_historical
2017-08-09,366,BSD,BitSend,bitsend,234,16043325.0,0.30212015,4847011.74163074,24394.43554688,2017-08-09T00:00:00.000Z,2017-08-09T23:59:09.000Z,coinmarketcap_data_api_listings_historical
2017-08-09,1399,SEQ,Sequence,sequence,235,44883556.2183563,0.10780104,4838494.15131861,7366.53027344,2017-08-09T00:00:00.000Z,2017-08-09T23:59:13.000Z,coinmarketcap_data_api_listings_historical
2017-08-09,1577,MUSIC,Musicoin,musicoin,236,276330048.0,0.0168745,4662931.28969621,79729.921875,2017-08-09T00:00:00.000Z,2017-08-09T23:59:19.000Z,coinmarketcap_data_api_listings_historical
2017-08-09,1688,APX,APX,apx,237,777394.0,5.83242083,4534088.95557499,60296.9453125,2017-08-09T00:00:00.000Z,2017-08-09T23:59:20.000Z,coinmarketcap_data_api_listings_historical
2017-08-09,128,MAX,Maxcoin,maxcoin,238,59834877.0,0.0753347,4507642.38637689,112529.6484375,2017-08-09T00:00:00.000Z,2017-08-09T23:59:02.000Z,coinmarketcap_data_api_listings_historical
2017-08-09,333,CURE,Curecoin,curecoin,239,23736650.780415,0.17644595,4188235.8041333,53832.4140625,2017-08-09T00:00:00.000Z,2017-08-09T23:59:03.000Z,coinmarketcap_data_api_listings_historical
2017-08-09,729,BLITZ,Blitzcash,blitzcash,240,4079357.04191665,1.01951373,4158960.49844515,28043.33203125,2017-08-09T00:00:00.000Z,2017-08-09T23:59:06.000Z,coinmarketcap_data_api_listings_historical
2017-08-09,1276,ICOO,ICO OpenLedger,ico-openledger,241,465754.9016,8.91996574,4154517.76738073,1109.4909668,2017-08-09T00:00:00.000Z,2017-08-09T23:59:13.000Z,coinmarketcap_data_api_listings_historical
2017-08-09,516,ZCC,ZcCoin,zccoin,242,61657043.890382,0.06661172,4107081.87385514,826305.0625,2017-08-09T00:00:00.000Z,2017-08-09T23:59:04.000Z,coinmarketcap_data_api_listings_historical
2017-08-09,182,XMY,Myriad,myriad,243,1503184750.0,0.00270808,4070744.19555987,413045.875,2017-08-09T00:00:00.000Z,2017-08-09T23:59:02.000Z,coinmarketcap_data_api_listings_historical
2017-08-09,1841,PBT,Primalbase Token,primalbase,244,1000.0,4020.26806641,4020268.06640625,8225.02929688,2017-08-09T00:00:00.000Z,2017-08-09T23:59:24.000Z,coinmarketcap_data_api_listings_historical
2017-08-09,1855,CMP,Compcoin,compcoin,245,3729435.0,1.07789993,4019957.73611069,25403.80273438,2017-08-09T00:00:00.000Z,2017-08-09T23:59:24.000Z,coinmarketcap_data_api_listings_historical
2017-08-09,141,MINT,MintCoin,mintcoin,246,24807707084.3702,0.00016139,4003726.91083309,6296.11035156,2017-08-09T00:00:00.000Z,2017-08-09T23:59:02.000Z,coinmarketcap_data_api_listings_historical
2017-08-09,831,WBB,Wild Beast Block,wild-beast-block,247,2383143.0731,1.67523789,3992331.5830195,7248.98291016,2017-08-09T00:00:00.000Z,2017-08-09T23:59:07.000Z,coinmarketcap_data_api_listings_historical
2017-08-09,836,XVC,Vcash,vcash,248,15254447.451755,0.26115245,3983736.26852282,98318.46875,2017-08-09T00:00:00.000Z,2017-08-09T23:59:07.000Z,coinmarketcap_data_api_listings_historical
2017-08-09,406,BBR,Boolberry,boolberry,249,9532479.6143533,0.41106504,3918469.13321835,73458.328125,2017-08-09T00:00:00.000Z,2017-08-09T23:59:05.000Z,coinmarketcap_data_api_listings_historical
2017-08-09,1625,EMV,Ethereum Movie Venture,ethereum-movie-venture,250,6666666.0,0.58062953,3870863.1300391,915.62005615,2017-08-09T00:00:00.000Z,2017-08-09T23:59:19.000Z,coinmarketcap_data_api_listings_historical
2017-08-09,623,BITUSD,bitUSD,bitusd,251,3680480.0,0.99956298,3678871.55200958,67776.0234375,2017-08-09T00:00:00.000Z,2017-08-09T23:59:04.000Z,coinmarketcap_data_api_listings_historical
2017-08-09,1299,PUT,PutinCoin,putincoin,252,200565863.653,0.01833533,3677441.17019764,1666.82641602,2017-08-09T00:00:00.000Z,2017-08-09T23:59:12.000Z,coinmarketcap_data_api_listings_historical
2017-08-09,1686,EQT,EquiTrader,equitrader,253,6160606.60494007,0.57296002,3529781.27810572,22410.72265625,2017-08-09T00:00:00.000Z,2017-08-09T23:59:22.000Z,coinmarketcap_data_api_listings_historical
2017-08-09,160,RIC,Riecoin,riecoin,254,36165774.9998665,0.09608737,3475074.07147421,168213.015625,2017-08-09T00:00:00.000Z,2017-08-09T23:59:02.000Z,coinmarketcap_data_api_listings_historical
2017-08-09,1277,PDC,Project Decorum,project-decorum,255,50000000.0,0.06942721,3471360.72814465,45497.1796875,2017-08-09T00:00:00.000Z,2017-08-09T23:59:19.000Z,coinmarketcap_data_api_listings_historical
2017-08-09,1505,XSPEC,Spectrecoin,spectrecoin,256,20446404.4345157,0.16909187,3457320.66697099,10146.48925781,2017-08-09T00:00:00.000Z,2017-08-09T23:59:15.000Z,coinmarketcap_data_api_listings_historical
2017-08-09,321,NAUT,NautilusCoin,nautiluscoin,257,16180000.0,0.20623156,3336826.71010494,76254.359375,2017-08-09T00:00:00.000Z,2017-08-09T23:59:03.000Z,coinmarketcap_data_api_listings_historical
2017-08-09,1312,SBD,Steem Dollars,steem-dollars,258,3603148.954,0.91631472,3301618.42889323,81164.5703125,2017-08-09T00:00:00.000Z,2017-08-09T23:59:19.000Z,coinmarketcap_data_api_listings_historical
2017-08-09,1226,QWARK,Qwark,qwark,259,28150983.1109383,0.11351701,3195615.39533242,31411.296875,2017-08-09T00:00:00.000Z,2017-08-09T23:59:10.000Z,coinmarketcap_data_api_listings_historical
2017-08-09,1722,MORE,More Coin,more-coin,260,2000000.0,1.58911622,3178232.43141174,9105411.0,2017-08-09T00:00:00.000Z,2017-08-09T23:59:21.000Z,coinmarketcap_data_api_listings_historical
2017-08-09,633,EXCL,ExclusiveCoin,exclusivecoin,261,4184871.0,0.74885845,3133876.01822376,447363.65625,2017-08-09T00:00:00.000Z,2017-08-09T23:59:05.000Z,coinmarketcap_data_api_listings_historical
2017-08-09,448,XST,Stealth,stealth,262,26639234.8583892,0.11699338,3116614.19524294,33167.359375,2017-08-09T00:00:00.000Z,2017-08-09T23:59:05.000Z,coinmarketcap_data_api_listings_historical
2017-08-09,1828,SMART,SmartCash,smartcash,263,197744850.017,0.0150871,2983396.46060275,6765.15039063,2017-08-09T00:00:00.000Z,2017-08-09T23:59:23.000Z,coinmarketcap_data_api_listings_historical
2017-08-09,1629,ZENI,Zennies,zennies,264,1000780334.87149,0.00297497,2977295.93348527,11952.61523438,2017-08-09T00:00:00.000Z,2017-08-09T23:59:18.000Z,coinmarketcap_data_api_listings_historical
2017-08-09,1726,ZRC,ZrCoin,zrcoin,265,2441358.0,1.19931316,2927952.78684424,46370.0390625,2017-08-09T00:00:00.000Z,2017-08-09T23:59:21.000Z,coinmarketcap_data_api_listings_historical
2017-08-09,1587,DYN,Dynamic,dynamic,266,1762782.3869057,1.65786302,2922451.73313935,35889.6484375,2017-08-09T00:00:00.000Z,2017-08-09T23:59:18.000Z,coinmarketcap_data_api_listings_historical
2017-08-09,951,SNRG,Synergy,synergy,267,2948143.68002866,0.98978221,2918020.17929453,10964.53613281,2017-08-09T00:00:00.000Z,2017-08-09T23:59:07.000Z,coinmarketcap_data_api_listings_historical
2017-08-09,1566,VISIO,Visio,visio,268,50697305.0958,0.05661992,2870477.53931403,7471.61816406,2017-08-09T00:00:00.000Z,2017-08-09T23:59:16.000Z,coinmarketcap_data_api_listings_historical
2017-08-09,1624,ATMOS,Atmos,atmos,269,100161582.889,0.02843718,2848313.19279655,8891.42578125,2017-08-09T00:00:00.000Z,2017-08-09T23:59:18.000Z,coinmarketcap_data_api_listings_historical
2017-08-09,1823,COE,CoEval,coeval,270,42770.0,65.56755066,2804324.14169312,181809.828125,2017-08-09T00:00:00.000Z,2017-08-09T23:59:23.000Z,coinmarketcap_data_api_listings_historical
2017-08-09,1387,VRM,VeriumReserve,veriumreserve,271,1222654.67559908,2.26886845,2774042.61424917,76931.0703125,2017-08-09T00:00:00.000Z,2017-08-09T23:59:13.000Z,coinmarketcap_data_api_listings_historical
2017-08-09,1815,MBRS,Embers,embers,272,50000000.0,0.05459984,2729991.82343483,1508.96789551,2017-08-09T00:00:00.000Z,2017-08-09T23:59:23.000Z,coinmarketcap_data_api_listings_historical
2017-08-09,1447,ZCL,ZClassic,zclassic,273,1809800.0,1.50805092,2729270.55244446,114792.1484375,2017-08-09T00:00:00.000Z,2017-08-09T23:59:15.000Z,coinmarketcap_data_api_listings_historical
2017-08-09,1786,SNC,SunContract,suncontract,274,98166002.1543,0.02750332,2699891.06336203,395719.0625,2017-08-09T00:00:00.000Z,2017-08-09T23:59:23.000Z,coinmarketcap_data_api_listings_historical
2017-08-09,1734,VSM,VOISE,voise,275,825578.0,3.25781441,2689579.90279007,26749.91015625,2017-08-09T00:00:00.000Z,2017-08-09T23:59:22.000Z,coinmarketcap_data_api_listings_historical
2017-08-09,145,DOPE,DopeCoin,dopecoin,276,111085648.165975,0.02366493,2628833.76682335,22741.4140625,2017-08-09T00:00:00.000Z,2017-08-09T23:59:02.000Z,coinmarketcap_data_api_listings_historical
2017-08-09,1678,INSN,InsaneCoin,insanecoin-insn,277,14815204.9587454,0.17380375,2574938.12996262,24609.91015625,2017-08-09T00:00:00.000Z,2017-08-09T23:59:21.000Z,coinmarketcap_data_api_listings_historical
2017-08-09,945,BTA,Bata,bata,278,4968003.06249969,0.51668477,2566891.52260879,168840.859375,2017-08-09T00:00:00.000Z,2017-08-09T23:59:07.000Z,coinmarketcap_data_api_listings_historical
2017-08-09,1423,TRIG,Triggers,triggers,279,32105592.5103,0.07962235,2556322.74413996,12520.05859375,2017-08-09T00:00:00.000Z,2017-08-09T23:59:15.000Z,coinmarketcap_data_api_listings_historical
2017-08-09,400,KORE,Kore,korecoin,280,1968787.742627,1.28405249,2528026.8055407,554484.5625,2017-08-09T00:00:00.000Z,2017-08-09T23:59:05.000Z,coinmarketcap_data_api_listings_historical
2017-08-09,1303,BRX,Breakout Stake,breakout-stake,281,6268082.4940254,0.3926298,2461035.98997184,19754.4296875,2017-08-09T00:00:00.000Z,2017-08-09T23:59:11.000Z,coinmarketcap_data_api_listings_historical
2017-08-09,61,TAG,TagCoin,tagcoin,282,5636336.845778,0.42965558,2421683.5862016,119636.3671875,2017-08-09T00:00:00.000Z,2017-08-09T23:59:01.000Z,coinmarketcap_data_api_listings_historical
2017-08-09,659,BITS,Bitswift,bitswift,283,4065036.99702751,0.59429294,2415822.78292534,2772.76098633,2017-08-09T00:00:00.000Z,2017-08-09T23:59:05.000Z,coinmarketcap_data_api_listings_historical
2017-08-09,1819,STA,Starta,starta,284,4686630.0,0.50822484,2381861.80500627,3172.40478516,2017-08-09T00:00:00.000Z,2017-08-09T23:59:23.000Z,coinmarketcap_data_api_listings_historical
2017-08-09,1304,SYNX,Syndicate,syndicate,285,14319620.0,0.16427976,2352423.72157216,99496.1328125,2017-08-09T00:00:00.000Z,2017-08-09T23:59:13.000Z,coinmarketcap_data_api_listings_historical
2017-08-09,1252,2GIVE,2GIVE,2give,286,514732428.814497,0.00451258,2322770.12262077,11573.85742188,2017-08-09T00:00:00.000Z,2017-08-09T23:59:12.000Z,coinmarketcap_data_api_listings_historical
2017-08-09,1800,FNC,FinCoin,fincoin,287,12878667.0,0.17970416,2314350.0286924,63839.3125,2017-08-09T00:00:00.000Z,2017-08-09T23:59:22.000Z,coinmarketcap_data_api_listings_historical
2017-08-09,87,TIPS,FedoraCoin,fedoracoin,288,443168182457.772,5.13e-06,2274884.98591303,16087.703125,2017-08-09T00:00:00.000Z,2017-08-09T23:59:01.000Z,coinmarketcap_data_api_listings_historical
2017-08-09,1495,POSW,PoSW Coin,posw-coin,289,44100000.0,0.05056418,2229880.54901361,32238.88476563,2017-08-09T00:00:00.000Z,2017-08-09T23:59:17.000Z,coinmarketcap_data_api_listings_historical
2017-08-09,814,DOT,Dotcoin,dotcoin,290,241209000.0,0.00891015,2149209.10972729,25234.20507813,2017-08-09T00:00:00.000Z,2017-08-09T23:59:06.000Z,coinmarketcap_data_api_listings_historical
2017-08-09,869,CRAVE,Crave,crave,291,1334961.0,1.60336626,2140431.42015588,5334.76806641,2017-08-09T00:00:00.000Z,2017-08-09T23:59:17.000Z,coinmarketcap_data_api_listings_historical
2017-08-09,766,VTR,vTorrent,vtorrent,292,10815965.822651,0.19354048,2093327.25714077,14515.3828125,2017-08-09T00:00:00.000Z,2017-08-09T23:59:05.000Z,coinmarketcap_data_api_listings_historical
2017-08-09,13,IXC,Ixcoin,ixcoin,293,20999087.999,0.09897433,2078370.71179148,668.96759033,2017-08-09T00:00:00.000Z,2017-08-09T23:59:01.000Z,coinmarketcap_data_api_listings_historical
2017-08-09,1830,SKIN,SkinCoin,skincoin,294,88183483.0,0.02350222,2072507.40669543,27702.18164063,2017-08-09T00:00:00.000Z,2017-08-09T23:59:24.000Z,coinmarketcap_data_api_listings_historical
2017-08-09,823,GEO,GeoCoin,geocoin,295,3157337.0,0.6521278,2058987.23915774,60262.58203125,2017-08-09T00:00:00.000Z,2017-08-09T23:59:08.000Z,coinmarketcap_data_api_listings_historical
2017-08-09,964,ERC,EuropeCoin,europecoin,296,9887432.71249386,0.20724542,2049125.18862677,9549.17089844,2017-08-09T00:00:00.000Z,2017-08-09T23:59:09.000Z,coinmarketcap_data_api_listings_historical
2017-08-09,1494,BPC,Bitpark Coin,bitpark-coin,297,75000000.0,0.02717589,2038191.77113474,2811.45800781,2017-08-09T00:00:00.000Z,2017-08-09T23:59:16.000Z,coinmarketcap_data_api_listings_historical
2017-08-09,1286,BRK,Breakout,breakout,298,18102787.17328,0.11227188,2032433.86125972,157240.5625,2017-08-09T00:00:00.000Z,2017-08-09T23:59:13.000Z,coinmarketcap_data_api_listings_historical
2017-08-09,1136,ADZ,Adzcoin,adzcoin,299,55395040.01059,0.03593086,1990391.2645831,2322.15185547,2017-08-09T00:00:00.000Z,2017-08-09T23:59:10.000Z,coinmarketcap_data_api_listings_historical
2017-08-09,151,PTC,Pesetacoin,pesetacoin,300,130143454.41397,0.01525985,1985968.96584685,14377.41308594,2017-08-09T00:00:00.000Z,2017-08-09T23:59:02.000Z,coinmarketcap_data_api_listings_historical
2017-08-09,181,ZEIT,Zeitcoin,zeitcoin,301,36953491469.4495,5.366e-05,1982756.10737253,2424.63769531,2017-08-09T00:00:00.000Z,2017-08-09T23:59:02.000Z,coinmarketcap_data_api_listings_historical
2017-08-09,268,XWC,WhiteCoin,whitecoin,302,248231417.19257,0.00765471,1900139.44732366,148519.265625,2017-08-09T00:00:00.000Z,2017-08-09T23:59:03.000Z,coinmarketcap_data_api_listings_historical
2017-08-09,1032,TX,TransferCoin,transfercoin,303,6068270.99999998,0.31108204,1887730.09345087,22032.19921875,2017-08-09T00:00:00.000Z,2017-08-09T23:59:07.000Z,coinmarketcap_data_api_listings_historical
2017-08-09,1191,MEME,Memetic / PepeCoin,memetic,304,14134347.1976494,0.1331366,1881798.93273248,121333.3359375,2017-08-09T00:00:00.000Z,2017-08-09T23:59:09.000Z,coinmarketcap_data_api_listings_historical
2017-08-09,1148,EGC,EverGreenCoin,evergreencoin,305,13321300.5675361,0.1400093,1865105.95317173,25537.15234375,2017-08-09T00:00:00.000Z,2017-08-09T23:59:09.000Z,coinmarketcap_data_api_listings_historical
2017-08-09,1516,JNS,Janus,janus,306,21099197.99771,0.08795611,1855803.34102532,4017.44750977,2017-08-09T00:00:00.000Z,2017-08-09T23:59:19.000Z,coinmarketcap_data_api_listings_historical
2017-08-09,389,START,Startcoin,startcoin,307,45079785.0,0.04115722,1855358.77685074,29835.08398438,2017-08-09T00:00:00.000Z,2017-08-09T23:59:04.000Z,coinmarketcap_data_api_listings_historical
2017-08-09,130,HUC,HunterCoin,huntercoin,308,18635750.0,0.09860871,1837647.26499282,26455.65820313,2017-08-09T00:00:00.000Z,2017-08-09T23:59:17.000Z,coinmarketcap_data_api_listings_historical
2017-08-09,4,TRC,Terracoin,terracoin,309,21018100.0,0.08688743,1826208.77918154,4400.60791016,2017-08-09T00:00:00.000Z,2017-08-09T23:59:00.000Z,coinmarketcap_data_api_listings_historical
2017-08-09,32,FST,Fastcoin,fastcoin,310,126764507.481737,0.01433664,1817376.99241678,39763.5,2017-08-09T00:00:00.000Z,2017-08-09T23:59:01.000Z,coinmarketcap_data_api_listings_historical
2017-08-09,699,NSR,NuShares,nushares,311,2702268334.0,0.00066853,1806537.39115496,5994.45458984,2017-08-09T00:00:00.000Z,2017-08-09T23:59:05.000Z,coinmarketcap_data_api_listings_historical
2017-08-09,1590,MER,Mercury,mercury,312,100000000.0,0.01753936,1753935.77665091,1384.13977051,2017-08-09T00:00:00.000Z,2017-08-09T23:59:19.000Z,coinmarketcap_data_api_listings_historical
2017-08-09,1725,ADL,Adelphoi,adelphoi,313,23472224.0,0.07338519,1722513.53565478,669.38647461,2017-08-09T00:00:00.000Z,2017-08-09T23:59:21.000Z,coinmarketcap_data_api_listings_historical
2017-08-09,1510,CCRB,CryptoCarbon,cryptocarbon,314,3562110.999995,0.48097694,1713293.24587307,48508.85546875,2017-08-09T00:00:00.000Z,2017-08-09T23:59:16.000Z,coinmarketcap_data_api_listings_historical
2017-08-09,1751,ATCC,ATC Coin,atc-coin,315,10525960.0,0.16148926,1699829.52462971,1729509.125,2017-08-09T00:00:00.000Z,2017-08-09T23:59:21.000Z,coinmarketcap_data_api_listings_historical
2017-08-09,1434,ARC,Advanced Technology Coin,arcticcoin,316,24038330.2056019,0.0706178,1697534.05347361,14236.78710938,2017-08-09T00:00:00.000Z,2017-08-09T23:59:17.000Z,coinmarketcap_data_api_listings_historical
2017-08-09,1820,LNK,Link Platform,link-platform,317,47503.2535,35.55371475,1688917.12474032,2420.12060547,2017-08-09T00:00:00.000Z,2017-08-09T23:59:23.000Z,coinmarketcap_data_api_listings_historical
2017-08-09,416,THC,HempCoin,hempcoin,318,224041896.945619,0.007521,1685019.78332497,47349.6953125,2017-08-09T00:00:00.000Z,2017-08-09T23:59:05.000Z,coinmarketcap_data_api_listings_historical
2017-08-09,1777,PING,CryptoPing,cryptoping,319,9952089.0,0.16914535,1683349.53422141,52183.30078125,2017-08-09T00:00:00.000Z,2017-08-09T23:59:22.000Z,coinmarketcap_data_api_listings_historical
2017-08-09,1559,RNS,Renos,renos,320,33356076.8071656,0.04943806,1649059.70420824,11109.16992188,2017-08-09T00:00:00.000Z,2017-08-09T23:59:18.000Z,coinmarketcap_data_api_listings_historical
2017-08-09,506,CANN,CannabisCoin,cannabiscoin,321,77231175.5326082,0.02116913,1634916.92014982,25309.05664063,2017-08-09T00:00:00.000Z,2017-08-09T23:59:04.000Z,coinmarketcap_data_api_listings_historical
2017-08-09,1109,1337,Elite,1337coin,322,23271420877.722,6.961e-05,1619993.95186912,3896.15258789,2017-08-09T00:00:00.000Z,2017-08-09T23:59:08.000Z,coinmarketcap_data_api_listings_historical
2017-08-09,1477,HKG,Hacker Gold,hacker-gold,323,16110893.0,0.10053785,1619754.56720639,171236.75,2017-08-09T00:00:00.000Z,2017-08-09T23:59:15.000Z,coinmarketcap_data_api_listings_historical
2017-08-09,1626,INPAY,InPay,inpay,324,10000000.0,0.16183512,1618351.19128227,34323.640625,2017-08-09T00:00:00.000Z,2017-08-09T23:59:18.000Z,coinmarketcap_data_api_listings_historical
2017-08-09,543,BTM,Bitmark,bitmark,325,3901179.79333005,0.41202474,1607382.57601306,33122.01171875,2017-08-09T00:00:00.000Z,2017-08-09T23:59:04.000Z,coinmarketcap_data_api_listings_historical
2017-08-09,1582,NETKO,Netko,netko,326,3577340.0,0.44367599,1587179.88349915,9321.08105469,2017-08-09T00:00:00.000Z,2017-08-09T23:59:18.000Z,coinmarketcap_data_api_listings_historical
2017-08-09,894,NTRN,Neutron,neutron,327,29995624.7617,0.0518452,1555129.06394594,7434.20849609,2017-08-09T00:00:00.000Z,2017-08-09T23:59:08.000Z,coinmarketcap_data_api_listings_historical
2017-08-09,59,TIX,Tickets,tickets,328,66876281414.0,2.297e-05,1535952.69147824,10637.81542969,2017-08-09T00:00:00.000Z,2017-08-09T23:59:00.000Z,coinmarketcap_data_api_listings_historical
2017-08-09,1813,FUCK,FuckToken,fucktoken,329,43193632.8862,0.03551209,1533896.16678957,1854.32299805,2017-08-09T00:00:00.000Z,2017-08-09T23:59:23.000Z,coinmarketcap_data_api_listings_historical
2017-08-09,1466,HUSH,Hush,hush,330,1100887.5,1.36455643,1502223.11878055,18294.00390625,2017-08-09T00:00:00.000Z,2017-08-09T23:59:15.000Z,coinmarketcap_data_api_listings_historical
2017-08-09,751,PANGEA,Pangea Poker,pangea-poker,331,999352.3046,1.50225878,1501285.77151854,743.9307251,2017-08-09T00:00:00.000Z,2017-08-09T23:59:10.000Z,coinmarketcap_data_api_listings_historical
2017-08-09,234,EFL,e-Gulden,e-gulden,332,15421788.025,0.09453095,1457836.23424653,304060.0625,2017-08-09T00:00:00.000Z,2017-08-09T23:59:17.000Z,coinmarketcap_data_api_listings_historical
2017-08-09,1676,CREA,CREA,crea,333,10654706.0427669,0.1366895,1456386.43119731,3883.13867188,2017-08-09T00:00:00.000Z,2017-08-09T23:59:20.000Z,coinmarketcap_data_api_listings_historical
2017-08-09,1673,MNE,Minereum,minereum,334,849054.75072,1.7138809,1455178.71739957,12154.03222656,2017-08-09T00:00:00.000Z,2017-08-09T23:59:20.000Z,coinmarketcap_data_api_listings_historical
2017-08-09,1814,MRX,Metrix Coin,metrix-coin,335,5695060209.97744,0.00024146,1375143.67059242,15902.65136719,2017-08-09T00:00:00.000Z,2017-08-09T23:59:23.000Z,coinmarketcap_data_api_listings_historical
2017-08-09,948,ADC,AudioCoin,audiocoin,336,819973820.74577,0.00167377,1372448.07622372,1935.68469238,2017-08-09T00:00:00.000Z,2017-08-09T23:59:07.000Z,coinmarketcap_data_api_listings_historical
2017-08-09,1588,TKS,Tokes,tokes,337,960309.0,1.42668414,1370057.62091232,3437.9621582,2017-08-09T00:00:00.000Z,2017-08-09T23:59:18.000Z,coinmarketcap_data_api_listings_historical
2017-08-09,616,HTML5,HTML5COIN,htmlcoin5,338,40659020000.0,3.365e-05,1368124.90763958,38295.93359375,2017-08-09T00:00:00.000Z,2017-08-09T23:59:04.000Z,coinmarketcap_data_api_listings_historical
2017-08-09,629,XMG,Magi,magi,339,7186165.63614024,0.18378918,1320739.48047719,74022.1328125,2017-08-09T00:00:00.000Z,2017-08-09T23:59:07.000Z,coinmarketcap_data_api_listings_historical
2017-08-09,1662,RAIN,Condensate,condensate,340,51725407.1143512,0.02541597,1314651.39610506,24767.0,2017-08-09T00:00:00.000Z,2017-08-09T23:59:20.000Z,coinmarketcap_data_api_listings_historical
2017-08-09,1850,CRM,Cream,cream,341,43435276.1101046,0.03008401,1306707.37103202,3392.80810547,2017-08-09T00:00:00.000Z,2017-08-09T23:59:24.000Z,coinmarketcap_data_api_listings_historical
2017-08-09,1735,ICE,iDice,idice,342,1571012.812959,0.80710167,1267967.06010342,21519.671875,2017-08-09T00:00:00.000Z,2017-08-09T23:59:21.000Z,coinmarketcap_data_api_listings_historical
2017-08-09,450,TRUST,TrustPlus,trustplus,343,32086595.2637433,0.03877495,1244156.08104667,16393.0703125,2017-08-09T00:00:00.000Z,2017-08-09T23:59:05.000Z,coinmarketcap_data_api_listings_historical
2017-08-09,934,PKB,ParkByte,parkbyte,344,4764026.33477015,0.26056662,1241346.24925973,26884.14453125,2017-08-09T00:00:00.000Z,2017-08-09T23:59:07.000Z,coinmarketcap_data_api_listings_historical
2017-08-09,58,SXC,Sexcoin,sexcoin,345,123853276.183046,0.00971431,1203149.70321125,6250.79736328,2017-08-09T00:00:00.000Z,2017-08-09T23:59:01.000Z,coinmarketcap_data_api_listings_historical
2017-08-09,1670,FUNC,FUNCoin,funcoin,346,5848581.4093,0.19366711,1132677.8812522,1368.7779541,2017-08-09T00:00:00.000Z,2017-08-09T23:59:19.000Z,coinmarketcap_data_api_listings_historical
2017-08-09,49,CBX,Bullion,bullion,347,999388.17494362,1.12277365,1122086.70625828,2729.109375,2017-08-09T00:00:00.000Z,2017-08-09T23:59:00.000Z,coinmarketcap_data_api_listings_historical
2017-08-09,1867,CTR,Centra,centra,348,3238711.25,0.34624287,1121380.6940439,2286.09082031,2017-08-09T00:00:00.000Z,2017-08-09T23:59:24.000Z,coinmarketcap_data_api_listings_historical
2017-08-09,1295,DRACO,DT Token,dt-token,349,88888888.0,0.01236867,1099437.05028895,403411.0,2017-08-09T00:00:00.000Z,2017-08-09T23:59:12.000Z,coinmarketcap_data_api_listings_historical
2017-08-09,853,LDOGE,LiteDoge,litedoge,350,14819661500.9146,7.231e-05,1071591.74557597,2995.3659668,2017-08-09T00:00:00.000Z,2017-08-09T23:59:07.000Z,coinmarketcap_data_api_listings_historical
2017-08-09,161,PND,Pandacoin,pandacoin-pnd,351,32514916897.7707,3.119e-05,1014104.66292826,531.45843506,2017-08-09T00:00:00.000Z,2017-08-09T23:59:02.000Z,coinmarketcap_data_api_listings_historical
2017-08-09,1391,XTO,Tao,tao,352,30423860.4480991,0.03315927,1008832.91655542,715.71789551,2017-08-09T00:00:00.000Z,2017-08-09T23:59:15.000Z,coinmarketcap_data_api_listings_historical
2017-08-09,1642,ALT,Altcoin,altcoin-alt,353,122175.26848381,8.24201679,1006970.614447,5075.61865234,2017-08-09T00:00:00.000Z,2017-08-09T23:59:20.000Z,coinmarketcap_data_api_listings_historical
2017-08-09,694,XTC,TileCoin,tilecoin,354,100000000.0,0.00989558,989558.3614707,24213.95117188,2017-08-09T00:00:00.000Z,2017-08-09T23:59:06.000Z,coinmarketcap_data_api_listings_historical
2017-08-09,525,HYP,HyperStake,hyperstake,355,959363330.86278,0.00102811,986327.16384463,2455.19091797,2017-08-09T00:00:00.000Z,2017-08-09T23:59:06.000Z,coinmarketcap_data_api_listings_historical
2017-08-09,1008,CPC,Capricoin,capricoin,356,1990045.0,0.45744386,910333.87264922,79193.4296875,2017-08-09T00:00:00.000Z,2017-08-09T23:59:08.000Z,coinmarketcap_data_api_listings_historical
2017-08-09,1683,RLT,RouletteToken,roulettetoken,357,10092589.7331914,0.08674031,875434.41222393,7920.87011719,2017-08-09T00:00:00.000Z,2017-08-09T23:59:20.000Z,coinmarketcap_data_api_listings_historical
2017-08-09,1474,ENT,Eternity,eternity,358,3728935.0,0.22736377,847824.70193416,3352.53149414,2017-08-09T00:00:00.000Z,2017-08-09T23:59:15.000Z,coinmarketcap_data_api_listings_historical
2017-08-09,781,UIS,Unitus,unitus,359,46785866.2768488,0.01793562,839133.72225016,130755.859375,2017-08-09T00:00:00.000Z,2017-08-09T23:59:05.000Z,coinmarketcap_data_api_listings_historical
2017-08-09,1141,MOIN,Moin,moin,360,7074443.07560759,0.11753166,831471.01857717,1815.67871094,2017-08-09T00:00:00.000Z,2017-08-09T23:59:09.000Z,coinmarketcap_data_api_listings_historical
2017-08-09,1250,ZUR,Zurcoin,zurcoin,361,82003782.0003,0.01009285,827652.01104781,330863.1875,2017-08-09T00:00:00.000Z,2017-08-09T23:59:10.000Z,coinmarketcap_data_api_listings_historical
2017-08-09,1569,XVP,Virtacoinplus,virtacoinplus,362,9134750.42784684,0.09011447,823173.16457659,1967.45654297,2017-08-09T00:00:00.000Z,2017-08-09T23:59:17.000Z,coinmarketcap_data_api_listings_historical
2017-08-09,1249,EL,Elcoin,elcoin-el,363,11208967.0,0.07226299,809993.52566022,3451.13598633,2017-08-09T00:00:00.000Z,2017-08-09T23:59:10.000Z,coinmarketcap_data_api_listings_historical
2017-08-09,1185,TRUMP,TrumpCoin,trumpcoin,364,6542612.43424637,0.1233089,806762.322886,5449.25488281,2017-08-09T00:00:00.000Z,2017-08-09T23:59:11.000Z,coinmarketcap_data_api_listings_historical
2017-08-09,1069,INFX,Influxcoin,influxcoin,365,1673383.42986624,0.46464795,777534.17814606,63647.79296875,2017-08-09T00:00:00.000Z,2017-08-09T23:59:18.000Z,coinmarketcap_data_api_listings_historical
2017-08-09,1654,BTX,Bitcore,bitcore,366,373280.52648598,2.07545757,774727.89552524,18034.05273438,2017-08-09T00:00:00.000Z,2017-08-09T23:59:19.000Z,coinmarketcap_data_api_listings_historical
2017-08-09,960,FJC,FujiCoin,fujicoin,367,1049096053.0,0.00073111,766999.96461997,2030.27209473,2017-08-09T00:00:00.000Z,2017-08-09T23:59:09.000Z,coinmarketcap_data_api_listings_historical
2017-08-09,734,BYC,Bytecent,bytecent,368,1719250.33213393,0.44554421,766002.03627785,7483.02050781,2017-08-09T00:00:00.000Z,2017-08-09T23:59:06.000Z,coinmarketcap_data_api_listings_historical
2017-08-09,1628,HPAY,HappyPay,happypay,369,11670091.9236466,0.06531854,762273.36306847,2876.44433594,2017-08-09T00:00:00.000Z,2017-08-09T23:59:19.000Z,coinmarketcap_data_api_listings_historical
2017-08-09,1854,MNY,Monkey,monkey,370,1000000000.0,0.00076069,760685.71070209,59818.63671875,2017-08-09T00:00:00.000Z,2017-08-09T23:59:24.000Z,coinmarketcap_data_api_listings_historical
2017-08-09,1563,PIE,PIECoin,piecoin,371,74646644.598501,0.01014085,756980.23289513,22351.53710938,2017-08-09T00:00:00.000Z,2017-08-09T23:59:17.000Z,coinmarketcap_data_api_listings_historical
2017-08-09,1805,HERO,Sovereign Hero,sovereign-hero,372,4773.0,157.87394714,753532.34971619,1176.04931641,2017-08-09T00:00:00.000Z,2017-08-09T23:59:22.000Z,coinmarketcap_data_api_listings_historical
2017-08-09,75,NET,NetCoin,netcoin,373,787126711.55196,0.00093589,736661.50865985,14567.88867188,2017-08-09T00:00:00.000Z,2017-08-09T23:59:01.000Z,coinmarketcap_data_api_listings_historical
2017-08-09,1792,VUC,Virta Unique Coin,virta-unique-coin,374,60366025.0,0.01182878,714056.49593884,14078.91601563,2017-08-09T00:00:00.000Z,2017-08-09T23:59:24.000Z,coinmarketcap_data_api_listings_historical
2017-08-09,1613,RBX,Ripto Bux,ripto-bux,375,381236123.0,0.00174866,666653.15666676,4734.76904297,2017-08-09T00:00:00.000Z,2017-08-09T23:59:19.000Z,coinmarketcap_data_api_listings_historical
2017-08-09,1852,KEK,KekCoin,kekcoin,376,9812390.0,0.06745504,661895.14452353,5831.48583984,2017-08-09T00:00:00.000Z,2017-08-09T23:59:24.000Z,coinmarketcap_data_api_listings_historical
2017-08-09,1156,YOC,Yocoin,yocoin,377,105618830.07,0.00612256,646657.94471218,9307.40722656,2017-08-09T00:00:00.000Z,2017-08-09T23:59:09.000Z,coinmarketcap_data_api_listings_historical
2017-08-09,114,TES,TeslaCoin,teslacoin,378,72706010.6591137,0.00885629,643905.44888511,691.98040771,2017-08-09T00:00:00.000Z,2017-08-09T23:59:02.000Z,coinmarketcap_data_api_listings_historical
2017-08-09,444,FIMK,FIMKrypto,fimkrypto,379,577004618.0,0.00110308,636482.51937078,816.95141602,2017-08-09T00:00:00.000Z,2017-08-09T23:59:05.000Z,coinmarketcap_data_api_listings_historical
2017-08-09,1739,MRT,Miners' Reward Token,miners-reward-token,380,10000000.0,0.06249162,624916.18096829,4069.62792969,2017-08-09T00:00:00.000Z,2017-08-09T23:59:22.000Z,coinmarketcap_data_api_listings_historical
2017-08-09,854,CV2,Colossuscoin V2,colossuscoin-v2,381,22440166189.788,2.779e-05,623504.16927101,6695.46972656,2017-08-09T00:00:00.000Z,2017-08-09T23:59:06.000Z,coinmarketcap_data_api_listings_historical
2017-08-09,1066,PAK,Pakcoin,pakcoin,382,39489900.0,0.0150128,592854.03488455,2735.07910156,2017-08-09T00:00:00.000Z,2017-08-09T23:59:08.000Z,coinmarketcap_data_api_listings_historical
2017-08-09,1843,EMB,EmberCoin,embercoin,383,5851080065.5243,0.00010034,587105.82046823,27157.81640625,2017-08-09T00:00:00.000Z,2017-08-09T23:59:24.000Z,coinmarketcap_data_api_listings_historical
2017-08-09,1769,D,Denarius,denarius-d,384,789332.62001,0.68821371,543229.52769683,7977.26416016,2017-08-09T00:00:00.000Z,2017-08-09T23:59:22.000Z,coinmarketcap_data_api_listings_historical
2017-08-09,1234,FANS,Fantasy Cash,fantasy-cash,385,4107694.39345588,0.13146713,540026.80827152,601.87634277,2017-08-09T00:00:00.000Z,2017-08-09T23:59:11.000Z,coinmarketcap_data_api_listings_historical
2017-08-09,1671,ITI,iTicoin,iticoin,386,32000.0,16.86820221,539782.47070313,89062.390625,2017-08-09T00:00:00.000Z,2017-08-09T23:59:19.000Z,coinmarketcap_data_api_listings_historical
2017-08-09,334,UNB,UnbreakableCoin,unbreakablecoin,387,2278150.0,0.23091151,526051.05241165,48811.33984375,2017-08-09T00:00:00.000Z,2017-08-09T23:59:04.000Z,coinmarketcap_data_api_listings_historical
2017-08-09,626,USNBT,NuBits,nubits,388,523851.1593,1.00107396,524413.75265209,83990.0390625,2017-08-09T00:00:00.000Z,2017-08-09T23:59:06.000Z,coinmarketcap_data_api_listings_historical
2017-08-09,129,Q2C,QubitCoin,qubitcoin,389,247891573.66843,0.0020056,497171.54741849,123037.6953125,2017-08-09T00:00:00.000Z,2017-08-09T23:59:02.000Z,coinmarketcap_data_api_listings_historical
2017-08-09,1089,DUO,ParallelCoin,parallelcoin,390,296008.14014812,1.5972147,472788.55240651,1056.30517578,2017-08-09T00:00:00.000Z,2017-08-09T23:59:11.000Z,coinmarketcap_data_api_listings_historical
2017-08-09,1578,ZER,Zero,zero,391,1234550.0,0.36435083,449809.3116805,2492.23681641,2017-08-09T00:00:00.000Z,2017-08-09T23:59:19.000Z,coinmarketcap_data_api_listings_historical
2017-08-09,477,TRI,Triangles,triangles,392,72891.44241,6.12948227,446786.80383486,1324.7734375,2017-08-09T00:00:00.000Z,2017-08-09T23:59:04.000Z,coinmarketcap_data_api_listings_historical
2017-08-09,1218,POST,PostCoin,postcoin,393,15868232.6971792,0.02784568,441861.65250495,3316.67602539,2017-08-09T00:00:00.000Z,2017-08-09T23:59:10.000Z,coinmarketcap_data_api_listings_historical
2017-08-09,1002,SPRTS,Sprouts,sprouts,394,326027584471.836,1.35e-06,439773.12760206,681.14343262,2017-08-09T00:00:00.000Z,2017-08-09T23:59:09.000Z,coinmarketcap_data_api_listings_historical
2017-08-09,730,GCN,GCN Coin,gcn-coin,395,142275710000.0,3.08e-06,438234.89662881,704.8059082,2017-08-09T00:00:00.000Z,2017-08-09T23:59:05.000Z,coinmarketcap_data_api_listings_historical
2017-08-09,1546,CNT,Centurion,centurion,396,26565104.2293967,0.01648536,437935.24441908,15549.08984375,2017-08-09T00:00:00.000Z,2017-08-09T23:59:20.000Z,coinmarketcap_data_api_listings_historical
2017-08-09,1733,OTX,Octanox,octanox,397,7907643.93091026,0.05428789,429289.28893248,4249.20800781,2017-08-09T00:00:00.000Z,2017-08-09T23:59:21.000Z,coinmarketcap_data_api_listings_historical
2017-08-09,1340,KRB,Karbo,karbo,398,4057506.96370795,0.10313608,418475.38299082,3351.76904297,2017-08-09T00:00:00.000Z,2017-08-09T23:59:12.000Z,coinmarketcap_data_api_listings_historical
2017-08-09,93,42,42-coin,42-coin,399,41.99999945,9692.296875,407076.46341924,4692.23876953,2017-08-09T00:00:00.000Z,2017-08-09T23:59:01.000Z,coinmarketcap_data_api_listings_historical
2017-08-09,1004,HNC,Hellenic Coin,helleniccoin,400,55200000.0,0.00735387,405933.60923231,1569.10681152,2017-08-09T00:00:00.000Z,2017-08-09T23:59:07.000Z,coinmarketcap_data_api_listings_historical
2017-08-09,1868,IOU,IOU1,iou1,401,78725319.0,0.00511428,402623.48314282,412461.78125,2017-08-09T00:00:00.000Z,2017-08-09T23:59:24.000Z,coinmarketcap_data_api_listings_historical
2017-08-09,1736,UNIFY,Unify,unify,402,16055251.3536419,0.02503452,401935.52356187,16479.54492188,2017-08-09T00:00:00.000Z,2017-08-09T23:59:21.000Z,coinmarketcap_data_api_listings_historical
2017-08-09,1448,ZOI,Zoin,zoin,403,12567800.0,0.03188019,400663.78914416,2772.54980469,2017-08-09T00:00:00.000Z,2017-08-09T23:59:14.000Z,coinmarketcap_data_api_listings_historical
2017-08-09,113,SMC,SmartCoin,smartcoin,404,23122333.972,0.01699279,392912.89379854,514.99542236,2017-08-09T00:00:00.000Z,2017-08-09T23:59:02.000Z,coinmarketcap_data_api_listings_historical
2017-08-09,11,CNC,CHNCoin,chncoin,405,34035871.0,0.01145516,389886.36729758,69829.03125,2017-08-09T00:00:00.000Z,2017-08-09T23:59:01.000Z,coinmarketcap_data_api_listings_historical
2017-08-09,1713,CFT,CryptoForecast,cryptoforecast,406,46000000.0,0.00835667,384406.81621432,1773.50952148,2017-08-09T00:00:00.000Z,2017-08-09T23:59:21.000Z,coinmarketcap_data_api_listings_historical
2017-08-09,117,NOBL,NobleCoin,noblecoin,407,2298580178.06079,0.00016711,384107.51328098,629.34985352,2017-08-09T00:00:00.000Z,2017-08-09T23:59:01.000Z,coinmarketcap_data_api_listings_historical
2017-08-09,1694,SUMO,Sumokoin,sumokoin,408,1101575.0,0.34813887,383501.07440799,2585.46972656,2017-08-09T00:00:00.000Z,2017-08-09T23:59:21.000Z,coinmarketcap_data_api_listings_historical
2017-08-09,1650,PROC,ProCurrency,procurrency,409,2815205.0,0.13528566,380856.86821841,16820.90039063,2017-08-09T00:00:00.000Z,2017-08-09T23:59:20.000Z,coinmarketcap_data_api_listings_historical
2017-08-09,18,DGC,Digitalcoin,digitalcoin,410,26396379.6240378,0.01287362,339816.88148964,1552.96142578,2017-08-09T00:00:00.000Z,2017-08-09T23:59:00.000Z,coinmarketcap_data_api_listings_historical
2017-08-09,78,HBN,HoboNickels,hobonickels,411,55798545.8301789,0.00581618,324534.29680491,903.34912109,2017-08-09T00:00:00.000Z,2017-08-09T23:59:02.000Z,coinmarketcap_data_api_listings_historical
2017-08-09,1244,XHI,HiCoin,hicoin,412,189729990.084181,0.0017091,324268.02940027,86840.9296875,2017-08-09T00:00:00.000Z,2017-08-09T23:59:10.000Z,coinmarketcap_data_api_listings_historical
2017-08-09,386,PIGGY,Piggycoin,piggycoin,413,484379736.010882,0.00066891,324006.52545695,521.77093506,2017-08-09T00:00:00.000Z,2017-08-09T23:59:04.000Z,coinmarketcap_data_api_listings_historical
2017-08-09,1801,GTC,Global Tour Coin,global-tour-coin,414,28463533.5469,0.01123136,319684.32541259,603.87213135,2017-08-09T00:00:00.000Z,2017-08-09T23:59:23.000Z,coinmarketcap_data_api_listings_historical
2017-08-09,412,XGR,GoldReserve,goldreserve,415,17171382.059993,0.0184181,316264.2592878,1899.66479492,2017-08-09T00:00:00.000Z,2017-08-09T23:59:04.000Z,coinmarketcap_data_api_listings_historical
2017-08-09,1257,LANA,LanaCoin,lanacoin,416,778835510.505624,0.00039584,308290.67080399,2464.84594727,2017-08-09T00:00:00.000Z,2017-08-09T23:59:11.000Z,coinmarketcap_data_api_listings_historical
2017-08-09,35,PXC,Phoenixcoin,phoenixcoin,417,59555625.0,0.00508064,302580.6816874,505.28231812,2017-08-09T00:00:00.000Z,2017-08-09T23:59:01.000Z,coinmarketcap_data_api_listings_historical
2017-08-09,965,FUNK,The Cypherfunks,the-cypherfunks,418,44935219999.526,6.66e-06,299288.16397975,617.69696045,2017-08-09T00:00:00.000Z,2017-08-09T23:59:07.000Z,coinmarketcap_data_api_listings_historical
2017-08-09,1367,XP,Experience Points,experience-points,419,141244567946.082,1.96e-06,276560.74778165,1485.80615234,2017-08-09T00:00:00.000Z,2017-08-09T23:59:14.000Z,coinmarketcap_data_api_listings_historical
2017-08-09,644,BSTY,GlobalBoost-Y,globalboost-y,420,12420760.8226864,0.0216465,268865.99459966,556.05865479,2017-08-09T00:00:00.000Z,2017-08-09T23:59:04.000Z,coinmarketcap_data_api_listings_historical
2017-08-09,1164,FRN,Francs,francs,421,3727619.99785,0.07209869,268756.50856521,4370.40576172,2017-08-09T00:00:00.000Z,2017-08-09T23:59:19.000Z,coinmarketcap_data_api_listings_historical
2017-08-09,1724,LINX,Linx,linx,422,4566050.0,0.05723756,261349.56902098,13916.63671875,2017-08-09T00:00:00.000Z,2017-08-09T23:59:21.000Z,coinmarketcap_data_api_listings_historical
2017-08-09,1420,ATOM,Atomic Coin,atomic-coin,423,11532297.9019525,0.02249537,259423.31238585,2282.60571289,2017-08-09T00:00:00.000Z,2017-08-09T23:59:14.000Z,coinmarketcap_data_api_listings_historical
2017-08-09,1275,NEWB,Newbium,newbium,424,30000000.0,0.0086318,258953.89728248,3892.98608398,2017-08-09T00:00:00.000Z,2017-08-09T23:59:12.000Z,coinmarketcap_data_api_listings_historical
2017-08-09,1829,DAS,DAS,das,425,1586846.54913016,0.15814163,250946.49651924,9232.44921875,2017-08-09T00:00:00.000Z,2017-08-09T23:59:24.000Z,coinmarketcap_data_api_listings_historical
2017-08-09,157,CAGE,CageCoin,cagecoin,426,101168328395.0,2.46e-06,249001.26192026,1256.69616699,2017-08-09T00:00:00.000Z,2017-08-09T23:59:02.000Z,coinmarketcap_data_api_listings_historical
2017-08-09,1870,RUSTBITS,Rustbits,rustbits,427,23000866.3407,0.01067965,245641.22640684,1062.71948242,2017-08-09T00:00:00.000Z,2017-08-09T23:59:24.000Z,coinmarketcap_data_api_listings_historical
2017-08-09,1322,808,808Coin,808coin,428,384970618.11617,0.00063526,244554.8282424,4881.68554688,2017-08-09T00:00:00.000Z,2017-08-09T23:59:13.000Z,coinmarketcap_data_api_listings_historical
2017-08-09,72,DEM,Deutsche eMark,deutsche-emark,429,27793415.652468,0.00877708,243945.16496185,533.72906494,2017-08-09T00:00:00.000Z,2017-08-09T23:59:01.000Z,coinmarketcap_data_api_listings_historical
2017-08-09,625,BITBTC,bitBTC,bitbtc,430,71.0041,3348.71435547,237772.44896714,21236.19921875,2017-08-09T00:00:00.000Z,2017-08-09T23:59:07.000Z,coinmarketcap_data_api_listings_historical
2017-08-09,279,CCN,CannaCoin,cannacoin,431,4698515.9917036,0.04939028,232061.01457267,2194.60546875,2017-08-09T00:00:00.000Z,2017-08-09T23:59:03.000Z,coinmarketcap_data_api_listings_historical
2017-08-09,1142,BUCKS,SwagBucks,swagbucks,432,238863.9997,0.94922858,226736.53638687,578.51605225,2017-08-09T00:00:00.000Z,2017-08-09T23:59:09.000Z,coinmarketcap_data_api_listings_historical
2017-08-09,276,BITS,Bitstar,bitstar,433,23079736.725703,0.00964723,222655.47830466,939.98046875,2017-08-09T00:00:00.000Z,2017-08-09T23:59:02.000Z,coinmarketcap_data_api_listings_historical
2017-08-09,325,TEK,TEKcoin,tekcoin,434,1414054561.51664,0.0001518,214650.30185045,947.50787354,2017-08-09T00:00:00.000Z,2017-08-09T23:59:03.000Z,coinmarketcap_data_api_listings_historical
2017-08-09,1622,OLV,OldV,vsync,435,106748455.0,0.00200333,213852.61019225,3475.4074707,2017-08-09T00:00:00.000Z,2017-08-09T23:59:19.000Z,coinmarketcap_data_api_listings_historical
2017-08-09,43,ANC,Anoncoin,anoncoin,436,2110316.862,0.10011207,211268.1960022,781.23425293,2017-08-09T00:00:00.000Z,2017-08-09T23:59:00.000Z,coinmarketcap_data_api_listings_historical
2017-08-09,1766,KAYI,Kayicoin,kayicoin,437,879010000.0,0.00023391,205606.39195188,3347.75341797,2017-08-09T00:00:00.000Z,2017-08-09T23:59:22.000Z,coinmarketcap_data_api_listings_historical
2017-08-09,1524,TSE,Tattoocoin (Standard Edition),tattoocoin,438,90421856.2402962,0.00223958,202506.85749607,1237.03808594,2017-08-09T00:00:00.000Z,2017-08-09T23:59:16.000Z,coinmarketcap_data_api_listings_historical
2017-08-09,513,TIT,Titcoin,titcoin,439,49898202.15,0.00402276,200728.2518929,1573.07836914,2017-08-09T00:00:00.000Z,2017-08-09T23:59:05.000Z,coinmarketcap_data_api_listings_historical
2017-08-09,654,DP,DigitalPrice,digitalprice,440,23160777.5444444,0.00863018,199881.60980805,967.09094238,2017-08-09T00:00:00.000Z,2017-08-09T23:59:05.000Z,coinmarketcap_data_api_listings_historical
2017-08-09,818,CON,PayCon,paycon,441,23042604.0,0.00841862,193986.83258303,3717.19067383,2017-08-09T00:00:00.000Z,2017-08-09T23:59:06.000Z,coinmarketcap_data_api_listings_historical
2017-08-09,978,XRA,Ratecoin,ratecoin,442,109342555.14127,0.00177016,193553.64407128,928.1262207,2017-08-09T00:00:00.000Z,2017-08-09T23:59:07.000Z,coinmarketcap_data_api_listings_historical
2017-08-09,1223,BERN,BERNcash,berncash,443,71234300.811892,0.00253609,180656.48832046,667.59631348,2017-08-09T00:00:00.000Z,2017-08-09T23:59:11.000Z,coinmarketcap_data_api_listings_historical
2017-08-09,1531,GCC,Global Cryptocurrency,global-cryptocurrency,444,17720177.521459,0.01006143,178290.3389182,912.54840088,2017-08-09T00:00:00.000Z,2017-08-09T23:59:17.000Z,coinmarketcap_data_api_listings_historical
2017-08-09,1468,KURT,Kurrent,kurrent,445,9919485.0297,0.01741167,172714.83404527,8607.05957031,2017-08-09T00:00:00.000Z,2017-08-09T23:59:14.000Z,coinmarketcap_data_api_listings_historical
2017-08-09,29,CAP,Bottlecaps,bottlecaps,446,163239517.09097,0.00103623,169153.21118284,564.56079102,2017-08-09T00:00:00.000Z,2017-08-09T23:59:01.000Z,coinmarketcap_data_api_listings_historical
2017-08-09,904,BTX,BitcoinTX,bitcointx,447,81651175.683973,0.00203903,166488.98448754,681.32659912,2017-08-09T00:00:00.000Z,2017-08-09T23:59:07.000Z,coinmarketcap_data_api_listings_historical
2017-08-09,1575,PASL,Pascal Lite,pascal-lite,448,2833600.0,0.05702592,161588.63805532,1217.67224121,2017-08-09T00:00:00.000Z,2017-08-09T23:59:19.000Z,coinmarketcap_data_api_listings_historical
2017-08-09,653,BVC,BeaverCoin,beavercoin,449,3115257.99999997,0.05183271,161472.25120622,102134.0390625,2017-08-09T00:00:00.000Z,2017-08-09T23:59:05.000Z,coinmarketcap_data_api_listings_historical
2017-08-09,1502,UNITS,GameUnits,gameunits,450,3472982.51210426,0.04566893,158607.4075329,713.5411377,2017-08-09T00:00:00.000Z,2017-08-09T23:59:15.000Z,coinmarketcap_data_api_listings_historical
2017-08-09,134,CACH,CacheCoin,cachecoin,451,4195132.12728,0.03608389,151376.67892724,6587.84082031,2017-08-09T00:00:00.000Z,2017-08-09T23:59:02.000Z,coinmarketcap_data_api_listings_historical
2017-08-09,1193,XCT,C-Bit,c-bit,452,145279000.0,0.00103731,150699.32479144,637.55731201,2017-08-09T00:00:00.000Z,2017-08-09T23:59:09.000Z,coinmarketcap_data_api_listings_historical
2017-08-09,1555,PRC,PRCoin,prcoin,453,11721000.0,0.01263554,148101.19963344,17178.70898438,2017-08-09T00:00:00.000Z,2017-08-09T23:59:17.000Z,coinmarketcap_data_api_listings_historical
2017-08-09,1701,KIC,KibiCoin,kibicoin,454,14701000.0,0.01003386,147507.76027702,649.50097656,2017-08-09T00:00:00.000Z,2017-08-09T23:59:21.000Z,coinmarketcap_data_api_listings_historical
2017-08-09,813,BITSILVER,bitSilver,bitsilver,455,8703.03,16.75914574,145855.34812082,1089.20385742,2017-08-09T00:00:00.000Z,2017-08-09T23:59:06.000Z,coinmarketcap_data_api_listings_historical
2017-08-09,1851,ERA,ERA,blakestar,456,243382560.015481,0.0005357,130379.25933703,1881.98828125,2017-08-09T00:00:00.000Z,2017-08-09T23:59:24.000Z,coinmarketcap_data_api_listings_historical
2017-08-09,174,LTB,LiteBar,litebar,457,705104.88972789,0.17978933,126770.33890197,702.34387207,2017-08-09T00:00:00.000Z,2017-08-09T23:59:02.000Z,coinmarketcap_data_api_listings_historical
2017-08-09,954,BITEUR,bitEUR,biteur,458,103272.0,1.19951391,123876.20074081,3207.90820313,2017-08-09T00:00:00.000Z,2017-08-09T23:59:07.000Z,coinmarketcap_data_api_listings_historical
2017-08-09,1610,SCORE,Scorecoin,scorecoin,459,27244250.0,0.00454084,123711.82269312,548.70037842,2017-08-09T00:00:00.000Z,2017-08-09T23:59:20.000Z,coinmarketcap_data_api_listings_historical
2017-08-09,719,VIP,Limitless VIP,limitless-vip,460,1259816434.0,9.492e-05,119575.82269133,645.91357422,2017-08-09T00:00:00.000Z,2017-08-09T23:59:07.000Z,coinmarketcap_data_api_listings_historical
2017-08-09,1550,MSCN,Master Swiscoin,master-swiscoin,461,42114180.0,0.00271139,114188.11970401,4943.14501953,2017-08-09T00:00:00.000Z,2017-08-09T23:59:17.000Z,coinmarketcap_data_api_listings_historical
2017-08-09,656,PXI,Prime-XI,prime-xi,462,15903635.0,0.00708401,112661.48984551,631.28686523,2017-08-09T00:00:00.000Z,2017-08-09T23:59:05.000Z,coinmarketcap_data_api_listings_historical
2017-08-09,1212,MOJO,MojoCoin,mojocoin,463,12085306.0,0.00912221,110244.67218497,1554.23535156,2017-08-09T00:00:00.000Z,2017-08-09T23:59:11.000Z,coinmarketcap_data_api_listings_historical
2017-08-09,1621,TOR,Torcoin,torcoin-tor,464,316178.50000589,0.31750613,100388.61335205,736.46081543,2017-08-09T00:00:00.000Z,2017-08-09T23:59:19.000Z,coinmarketcap_data_api_listings_historical
2017-08-09,1514,ICOB,ICOBID,icobid,465,105159873.761263,0.00095042,99945.66605952,645.10174561,2017-08-09T00:00:00.000Z,2017-08-09T23:59:19.000Z,coinmarketcap_data_api_listings_historical
2017-08-09,1606,XLR,Solaris,solaris,466,370166.16384324,0.26861709,99432.95906697,2082.47827148,2017-08-09T00:00:00.000Z,2017-08-09T23:59:19.000Z,coinmarketcap_data_api_listings_historical
2017-08-09,1439,ASAFE,AllSafe,allsafe,467,8030000.0092,0.01222217,98143.99448292,2185.3371582,2017-08-09T00:00:00.000Z,2017-08-09T23:59:13.000Z,coinmarketcap_data_api_listings_historical
2017-08-09,1010,FLAX,Flaxscript,flaxscript,468,5550635.90625,0.01753859,97350.32937895,809.1829834,2017-08-09T00:00:00.000Z,2017-08-09T23:59:08.000Z,coinmarketcap_data_api_listings_historical
2017-08-09,1799,RUP,Rupee,rupee,469,21861700.0,0.00431164,94259.76597588,559.38275146,2017-08-09T00:00:00.000Z,2017-08-09T23:59:23.000Z,coinmarketcap_data_api_listings_historical
2017-08-09,1612,DIBC,DIBCOIN,dibcoin,470,5000000.0,0.01806327,90316.33846462,2462.0859375,2017-08-09T00:00:00.000Z,2017-08-09T23:59:19.000Z,coinmarketcap_data_api_listings_historical
2017-08-09,1535,ERY,Eryllium,eryllium,471,4685342.26224872,0.01915583,89751.60309201,2836.03930664,2017-08-09T00:00:00.000Z,2017-08-09T23:59:17.000Z,coinmarketcap_data_api_listings_historical
2017-08-09,1182,KLC,KiloCoin,kilocoin,472,196297971.01,0.00043505,85400.03114411,556.97558594,2017-08-09T00:00:00.000Z,2017-08-09T23:59:10.000Z,coinmarketcap_data_api_listings_historical
2017-08-09,144,CORG,CorgiCoin,corgicoin,473,1251855418.0,6.759e-05,84618.82942121,4194.86816406,2017-08-09T00:00:00.000Z,2017-08-09T23:59:04.000Z,coinmarketcap_data_api_listings_historical
2017-08-09,703,RBT,Rimbit,rimbit,474,115499623.421782,0.00069247,79979.80228003,557.80493164,2017-08-09T00:00:00.000Z,2017-08-09T23:59:09.000Z,coinmarketcap_data_api_listings_historical
2017-08-09,1630,CXT,Coinonat,coinonat,475,2948003.34816,0.0252979,74578.2903614,5721.83007813,2017-08-09T00:00:00.000Z,2017-08-09T23:59:19.000Z,coinmarketcap_data_api_listings_historical
2017-08-09,1465,VRS,Veros,veros,476,122273700.2271,0.00056849,69511.73289818,5222.82568359,2017-08-09T00:00:00.000Z,2017-08-09T23:59:14.000Z,coinmarketcap_data_api_listings_historical
2017-08-09,1581,HONEY,Honey,honey,477,192609.0,0.35509527,68394.54433858,886.03936768,2017-08-09T00:00:00.000Z,2017-08-09T23:59:18.000Z,coinmarketcap_data_api_listings_historical
2017-08-09,1251,611,SixEleven,sixeleven,478,419381.8522638,0.15746285,66037.06178509,7875.52148438,2017-08-09T00:00:00.000Z,2017-08-09T23:59:11.000Z,coinmarketcap_data_api_listings_historical
2017-08-09,1806,MNC,MantraCoin,mantracoin,479,4650380.063,0.01320354,61401.47431393,17759.59570313,2017-08-09T00:00:00.000Z,2017-08-09T23:59:23.000Z,coinmarketcap_data_api_listings_historical
2017-08-09,1548,MAR,Marijuanacoin,marijuanacoin,480,1077483.72883333,0.05149133,55481.06764756,1543.97229004,2017-08-09T00:00:00.000Z,2017-08-09T23:59:17.000Z,coinmarketcap_data_api_listings_historical
2017-08-09,1717,NRO,Neuro,neuro,481,17389348.4895568,0.00307525,53476.67420124,1084.97998047,2017-08-09T00:00:00.000Z,2017-08-09T23:59:21.000Z,coinmarketcap_data_api_listings_historical
2017-08-09,1035,AMS,AmsterdamCoin,amsterdamcoin,482,9603706.824823,0.00533724,51257.30777702,12607.73730469,2017-08-09T00:00:00.000Z,2017-08-09T23:59:18.000Z,coinmarketcap_data_api_listings_historical
2017-08-09,1554,ALL,Allion,allion,483,6199359.339803,0.00806203,49979.39328032,897.46405029,2017-08-09T00:00:00.000Z,2017-08-09T23:59:17.000Z,coinmarketcap_data_api_listings_historical
2017-08-09,1379,JWL,Jewels,jewels,484,20181635.8671004,0.00240672,48571.56692338,5952.96386719,2017-08-09T00:00:00.000Z,2017-08-09T23:59:13.000Z,coinmarketcap_data_api_listings_historical
2017-08-09,986,CREVA,CrevaCoin,crevacoin,485,36390750.0,0.00130225,47389.78080204,10307.94335938,2017-08-09T00:00:00.000Z,2017-08-09T23:59:07.000Z,coinmarketcap_data_api_listings_historical
2017-08-09,1685,ECO,EcoCoin,ecocoin,486,400010.10196729,0.11146703,44587.93650588,17931.36132813,2017-08-09T00:00:00.000Z,2017-08-09T23:59:21.000Z,coinmarketcap_data_api_listings_historical
2017-08-09,1840,300,300 Token,300-token,487,300.0,143.73475647,43120.42694092,531.97247314,2017-08-09T00:00:00.000Z,2017-08-09T23:59:24.000Z,coinmarketcap_data_api_listings_historical
2017-08-09,1644,MCRN,MACRON,macron,488,401421400.685127,0.00010366,41611.50911904,717.26855469,2017-08-09T00:00:00.000Z,2017-08-09T23:59:19.000Z,coinmarketcap_data_api_listings_historical
2017-08-09,1824,COAL,BitCoal,bitcoal,489,4500000.0,0.00785527,35348.71526062,685.1529541,2017-08-09T00:00:00.000Z,2017-08-09T23:59:23.000Z,coinmarketcap_data_api_listings_historical
2017-08-09,1187,VIP,VIP Tokens,vip-tokens,490,83450402.630487,0.00040112,33473.63945818,12270.10449219,2017-08-09T00:00:00.000Z,2017-08-09T23:59:09.000Z,coinmarketcap_data_api_listings_historical
2017-08-09,1012,CHAO,23 Skidoo,23-skidoo,491,0.25257293,124640.2265625,31480.74721875,1014.53210449,2017-08-09T00:00:00.000Z,2017-08-09T23:59:20.000Z,coinmarketcap_data_api_listings_historical
2017-08-09,1825,LBTC,LiteBitcoin,litebitcoin,492,3188280.0,0.00966146,30803.42875309,986.46862793,2017-08-09T00:00:00.000Z,2017-08-09T23:59:23.000Z,coinmarketcap_data_api_listings_historical
2017-08-09,1763,BRIA,BriaCoin,briacoin,493,33671.01559844,0.89242631,30048.90027079,837.31292725,2017-08-09T00:00:00.000Z,2017-08-09T23:59:22.000Z,coinmarketcap_data_api_listings_historical
2017-08-09,1774,SOCC,SocialCoin,socialcoin-socc,494,1372278.59273447,0.02067612,28373.39071963,771.47021484,2017-08-09T00:00:00.000Z,2017-08-09T23:59:23.000Z,coinmarketcap_data_api_listings_historical
2017-08-09,1842,CC,CampusCoin,campuscoin,495,68908500.0,0.00037956,26155.07411957,1768.5078125,2017-08-09T00:00:00.000Z,2017-08-09T23:59:23.000Z,coinmarketcap_data_api_listings_historical
2017-08-09,1869,MAO,Mao Zedong,mao-zedong,496,5203744.55395278,0.00387749,20177.49322825,2633.29174805,2017-08-09T00:00:00.000Z,2017-08-09T23:59:24.000Z,coinmarketcap_data_api_listings_historical
2017-08-09,415,BLZ,BlazeCoin,blazecoin,497,608557393.5,3.11e-05,18929.03095197,1819.13659668,2017-08-09T00:00:00.000Z,2017-08-09T23:59:05.000Z,coinmarketcap_data_api_listings_historical
2017-08-09,1397,XBTS,Beatcoin,beatcoin,498,1524686.0958465,0.01187882,18111.46905676,3845.15722656,2017-08-09T00:00:00.000Z,2017-08-09T23:59:14.000Z,coinmarketcap_data_api_listings_historical
2017-08-09,1837,CTIC2,Coimatic 2.0,coimatic-2,499,2193500.0199,0.00802842,17610.33670329,2993.47094727,2017-08-09T00:00:00.000Z,2017-08-09T23:59:24.000Z,coinmarketcap_data_api_listings_historical
2017-08-09,1634,EBT,Ebittree Coin,ebittree-coin,500,1058230.44309998,0.01303641,13795.52134612,778.8416748,2017-08-09T00:00:00.000Z,2017-08-09T23:59:18.000Z,coinmarketcap_data_api_listings_historical
2017-08-09,1822,RSGP,RSGPcoin,rsgpcoin,501,1721.67523364,7.02097321,12087.83568407,3098.4753418,2017-08-09T00:00:00.000Z,2017-08-09T23:59:23.000Z,coinmarketcap_data_api_listings_historical
2017-08-09,1568,LVPS,LevoPlus,levoplus,502,535420.520848796,0.01978859,10595.21979704,20180.13671875,2017-08-09T00:00:00.000Z,2017-08-09T23:59:17.000Z,coinmarketcap_data_api_listings_historical
2017-08-09,1472,XRC,Rawcoin,rawcoin2,503,704882.0,0.01373837,9683.92679277,517.29107666,2017-08-09T00:00:00.000Z,2017-08-09T23:59:14.000Z,coinmarketcap_data_api_listings_historical
2017-08-09,643,UNITY,SuperNET,supernet-unity,504,816060.7785,21.34799957,17421265.15075922,426.95999146,2017-08-09T00:00:00.000Z,2017-08-09T23:59:04.000Z,coinmarketcap_data_api_listings_historical
2017-08-09,920,XSD,SounDAC,bitshares-music,505,1374840478.2993,0.00838927,11533911.72867127,1.01670432,2017-08-09T00:00:00.000Z,2017-08-09T23:59:06.000Z,coinmarketcap_data_api_listings_historical
2017-08-09,1597,B@,Bankcoin,bankcoin,506,11422939.0,0.99661648,11384289.2886728,198.62280273,2017-08-09T00:00:00.000Z,2017-08-09T23:59:18.000Z,coinmarketcap_data_api_listings_historical
2017-08-09,335,XC,XCurrency,xcurrency,507,5833065.50909079,0.6801995,3967648.26549171,404.46282959,2017-08-09T00:00:00.000Z,2017-08-09T23:59:04.000Z,coinmarketcap_data_api_listings_historical
2017-08-09,1445,INSANE,InsaneCoin,insanecoin,508,18342714.389497,0.17694566,3245663.64033875,91.34339142,2017-08-09T00:00:00.000Z,2017-08-09T23:59:14.000Z,coinmarketcap_data_api_listings_historical
2017-08-09,269,AC,AsiaCoin,asiacoin,509,945667696.164596,0.00274098,2592053.27842717,117.48619843,2017-08-09T00:00:00.000Z,2017-08-09T23:59:04.000Z,coinmarketcap_data_api_listings_historical
2017-08-09,402,GRE,Greencoin,greencoin,510,3254800640.87,0.00070257,2286732.54375837,110.08876801,2017-08-09T00:00:00.000Z,2017-08-09T23:59:04.000Z,coinmarketcap_data_api_listings_historical
2017-08-09,1374,BLOCKPAY,BlockPay,blockpay,511,5428300.0,0.30001345,1628563.0256623,90.38314056,2017-08-09T00:00:00.000Z,2017-08-09T23:59:12.000Z,coinmarketcap_data_api_listings_historical
2017-08-09,1499,YASH,YashCoin,yashcoin,512,10000173.303805,0.13378483,1337871.4911224,57.95977783,2017-08-09T00:00:00.000Z,2017-08-09T23:59:15.000Z,coinmarketcap_data_api_listings_historical
2017-08-09,797,NKA,IncaKoin,incakoin,513,9150507916.18272,0.00013453,1231024.99312807,382.8241272,2017-08-09T00:00:00.000Z,2017-08-09T23:59:07.000Z,coinmarketcap_data_api_listings_historical
2017-08-09,842,BITZ,Bitz,bitz,514,1990890.81120387,0.59713423,1188829.05658145,22.41101837,2017-08-09T00:00:00.000Z,2017-08-09T23:59:10.000Z,coinmarketcap_data_api_listings_historical
2017-08-09,51,GLC,GlobalCoin,globalcoin,515,65171009.975,0.01795013,1169827.89933512,26.40620804,2017-08-09T00:00:00.000Z,2017-08-09T23:59:00.000Z,coinmarketcap_data_api_listings_historical
2017-08-09,1780,E4ROW,E4ROW,ether-for-the-rest-of-the-world,516,4168000.0,0.26634067,1110107.9249382,184.3669281,2017-08-09T00:00:00.000Z,2017-08-09T23:59:22.000Z,coinmarketcap_data_api_listings_historical
2017-08-09,1643,WGO,WavesGo,wavesgo,517,9996929.0,0.10835224,1083189.68926197,365.82922363,2017-08-09T00:00:00.000Z,2017-08-09T23:59:22.000Z,coinmarketcap_data_api_listings_historical
2017-08-09,502,CARBON,Carboncoin,carboncoin,518,15391977686.9715,6.685e-05,1029005.44395512,21.44217873,2017-08-09T00:00:00.000Z,2017-08-09T23:59:04.000Z,coinmarketcap_data_api_listings_historical
2017-08-09,63,I0C,I0Coin,i0coin,519,20979910.59375,0.04709819,988115.88493149,28.8671875,2017-08-09T00:00:00.000Z,2017-08-09T23:59:16.000Z,coinmarketcap_data_api_listings_historical
2017-08-09,341,SUPER,SuperCoin,supercoin,520,43691907.4044741,0.02175674,950593.40065793,420.15881348,2017-08-09T00:00:00.000Z,2017-08-09T23:59:03.000Z,coinmarketcap_data_api_listings_historical
2017-08-09,493,SDC,ShadowCash,shadowcash,521,6691073.68293,0.1331719,891063.00280169,124.83598328,2017-08-09T00:00:00.000Z,2017-08-09T23:59:03.000Z,coinmarketcap_data_api_listings_historical
2017-08-09,1147,RC,RussiaCoin,russiacoin,522,8216445.572195,0.10362271,851410.37479279,9.56032276,2017-08-09T00:00:00.000Z,2017-08-09T23:59:13.000Z,coinmarketcap_data_api_listings_historical
2017-08-09,80,ORB,Orbitcoin,orbitcoin,523,3005441.279225,0.26848382,806912.34815092,430.03649902,2017-08-09T00:00:00.000Z,2017-08-09T23:59:01.000Z,coinmarketcap_data_api_listings_historical
2017-08-09,859,LOG,Woodcoin,woodcoin,524,8035193.05359805,0.09733849,782133.56020732,45.69898605,2017-08-09T00:00:00.000Z,2017-08-09T23:59:06.000Z,coinmarketcap_data_api_listings_historical
2017-08-09,304,CDN,Canada eCoin,canada-ecoin,525,97415544.2207731,0.00762624,742914.33376102,161.17224121,2017-08-09T00:00:00.000Z,2017-08-09T23:59:03.000Z,coinmarketcap_data_api_listings_historical
2017-08-09,1220,HTC,HitCoin,hitcoin,526,10996318099.0,6.685e-05,735140.82578946,36.39844513,2017-08-09T00:00:00.000Z,2017-08-09T23:59:10.000Z,coinmarketcap_data_api_listings_historical
2017-08-09,1201,BTSR,BTSR,btsr,527,3283689.7536,0.21969485,721409.73715318,28.86890984,2017-08-09T00:00:00.000Z,2017-08-09T23:59:09.000Z,coinmarketcap_data_api_listings_historical
2017-08-09,290,BLU,BlueCoin,bluecoin,528,574683675.009956,0.00118229,679445.3867743,214.05099487,2017-08-09T00:00:00.000Z,2017-08-09T23:59:03.000Z,coinmarketcap_data_api_listings_historical
2017-08-09,1573,CASINO,Casino,casino,529,1000000.0,0.66316462,663164.6156311,27.8529129,2017-08-09T00:00:00.000Z,2017-08-09T23:59:16.000Z,coinmarketcap_data_api_listings_historical
2017-08-09,337,CRYPT,CryptCoin,cryptcoin,530,6048007.92403208,0.09371445,566785.75603361,0.28114337,2017-08-09T00:00:00.000Z,2017-08-09T17:44:04.000Z,coinmarketcap_data_api_listings_historical
2017-08-09,815,KOBO,Kobocoin,kobocoin,531,24700247.6844529,0.0223221,551361.34432915,425.96096802,2017-08-09T00:00:00.000Z,2017-08-09T23:59:06.000Z,coinmarketcap_data_api_listings_historical
2017-08-09,1266,MXT,MarteXcoin,martexcoin,532,2739538.93662527,0.19888875,544863.47162495,35.18465805,2017-08-09T00:00:00.000Z,2017-08-09T23:59:11.000Z,coinmarketcap_data_api_listings_historical
2017-08-09,370,FCN,Fantomcoin,fantomcoin,533,6152459.90996884,0.08690937,534706.40632277,455.05776978,2017-08-09T00:00:00.000Z,2017-08-09T23:59:03.000Z,coinmarketcap_data_api_listings_historical
2017-08-09,799,SMLY,SmileyCoin,smileycoin,534,25960250000.0,2.059e-05,534473.65516058,38.21040726,2017-08-09T00:00:00.000Z,2017-08-09T23:59:05.000Z,coinmarketcap_data_api_listings_historical
2017-08-09,1381,BTDX,Bitcloud,bitcloud,535,11276937.3786455,0.04676393,527353.87347685,166.66030884,2017-08-09T00:00:00.000Z,2017-08-09T23:59:13.000Z,coinmarketcap_data_api_listings_historical
2017-08-09,1699,ETBS,Ethbits,ethbits,536,304464.878554114,1.71641767,522588.89752078,59.18681717,2017-08-09T00:00:00.000Z,2017-08-09T23:59:20.000Z,coinmarketcap_data_api_listings_historical
2017-08-09,14,BTB,BitBar,bitbar,537,33689.290157,14.17920589,477687.38157465,490.85540771,2017-08-09T00:00:00.000Z,2017-08-09T23:59:00.000Z,coinmarketcap_data_api_listings_historical
2017-08-09,7,DVC,Devcoin,devcoin,538,14440977500.0,3.205e-05,462846.3621269,143.02186584,2017-08-09T00:00:00.000Z,2017-08-09T23:59:01.000Z,coinmarketcap_data_api_listings_historical
2017-08-09,1745,DCY,Dinastycoin,dinastycoin,539,1233579560.44823,0.0003681,454074.47208836,315.6602478,2017-08-09T00:00:00.000Z,2017-08-09T23:59:22.000Z,coinmarketcap_data_api_listings_historical
2017-08-09,168,UFO,Uniform Fiscal Object,uniform-fiscal-object,540,3368721262.0,0.00013371,450420.67864996,467.32476807,2017-08-09T00:00:00.000Z,2017-08-09T23:59:02.000Z,coinmarketcap_data_api_listings_historical
2017-08-09,638,TROLL,Trollcoin,trollcoin,541,558560003.0,0.00080292,448479.66199405,161.3014679,2017-08-09T00:00:00.000Z,2017-08-09T23:59:06.000Z,coinmarketcap_data_api_listings_historical
2017-08-09,1787,JET,Jetcoin,jetcoin,542,1633215.0,0.26392034,431038.65313098,382.96151733,2017-08-09T00:00:00.000Z,2017-08-09T23:59:22.000Z,coinmarketcap_data_api_listings_historical
2017-08-09,1311,TOKEN,SwapToken,swaptoken,543,15320585365.0,2.672e-05,409298.11700698,16.68011665,2017-08-09T00:00:00.000Z,2017-08-09T23:59:12.000Z,coinmarketcap_data_api_listings_historical
2017-08-09,1752,GOOD,Goodomy,goodomy,544,441349000.0,0.00092293,407335.91099374,39.59412003,2017-08-09T00:00:00.000Z,2017-08-09T23:59:22.000Z,coinmarketcap_data_api_listings_historical
2017-08-09,1702,V,Version,version,545,449842678.238874,0.00083694,376490.00319272,149.18962097,2017-08-09T00:00:00.000Z,2017-08-09T23:59:21.000Z,coinmarketcap_data_api_listings_historical
2017-08-09,1482,SHORTY,Shorty,shorty,546,100000000.13047,0.00347637,347637.47871575,4.75300646,2017-08-09T00:00:00.000Z,2017-08-09T23:59:15.000Z,coinmarketcap_data_api_listings_historical
2017-08-09,164,MAZA,MAZA,mazacoin,547,1092618136.84421,0.00030032,328136.68069712,467.14822388,2017-08-09T00:00:00.000Z,2017-08-09T23:59:02.000Z,coinmarketcap_data_api_listings_historical
2017-08-09,817,SLM,Slimcoin,slimcoin,548,14830041.7767,0.02176077,322713.11615716,207.24542236,2017-08-09T00:00:00.000Z,2017-08-09T23:59:06.000Z,coinmarketcap_data_api_listings_historical
2017-08-09,660,DSH,Dashcoin,dashcoin,549,17396723.4107727,0.01781826,309979.42200597,66.98858643,2017-08-09T00:00:00.000Z,2017-08-09T23:59:06.000Z,coinmarketcap_data_api_listings_historical
2017-08-09,1062,FLY,Flycoin,flycoin,550,210805.55394135,1.46709704,309272.20504426,21.78901482,2017-08-09T00:00:00.000Z,2017-08-09T23:59:08.000Z,coinmarketcap_data_api_listings_historical
2017-08-09,1175,RBIES,Rubies,rubies,551,10415251.8921257,0.02966961,309016.45045112,288.17608643,2017-08-09T00:00:00.000Z,2017-08-09T23:59:09.000Z,coinmarketcap_data_api_listings_historical
2017-08-09,812,MAC,Machinecoin,machinecoin,552,19809299.9999997,0.01521706,301439.27418217,229.56066895,2017-08-09T00:00:00.000Z,2017-08-09T23:59:05.000Z,coinmarketcap_data_api_listings_historical
2017-08-09,890,8BIT,8Bit,8bit,553,1164414.78618273,0.25029838,291451.13562137,470.6234436,2017-08-09T00:00:00.000Z,2017-08-09T23:59:06.000Z,coinmarketcap_data_api_listings_historical
2017-08-09,426,BRIT,BritCoin,britcoin,554,21268092.1527636,0.01361801,289629.03424199,2.03863597,2017-08-09T00:00:00.000Z,2017-08-09T06:49:05.000Z,coinmarketcap_data_api_listings_historical
2017-08-09,1183,STS,Stress,stress,555,565134331.92926,0.0005014,283358.47216049,26.3520565,2017-08-09T00:00:00.000Z,2017-08-09T23:59:09.000Z,coinmarketcap_data_api_listings_historical
2017-08-09,121,UTC,UltraCoin,ultracoin,556,43692154.070699,0.00638322,278896.6607693,45.02812576,2017-08-09T00:00:00.000Z,2017-08-09T23:59:02.000Z,coinmarketcap_data_api_listings_historical
2017-08-09,1617,USC,Ultimate Secure Cash,ultimate-secure-cash,557,10343113.0054,0.02674134,276588.74789062,379.77130127,2017-08-09T00:00:00.000Z,2017-08-09T23:59:17.000Z,coinmarketcap_data_api_listings_historical
2017-08-09,298,NYC,NewYorkCoin,newyorkcoin,558,59719935819.0571,4.55e-06,271899.22221802,338.86697388,2017-08-09T00:00:00.000Z,2017-08-09T23:59:03.000Z,coinmarketcap_data_api_listings_historical
2017-08-09,1711,ECA,Electra,electra,559,20013298164.9,1.337e-05,267645.17179251,42.94349289,2017-08-09T00:00:00.000Z,2017-08-09T23:59:21.000Z,coinmarketcap_data_api_listings_historical
2017-08-09,671,GAIA,GAIA,gaia,560,24101381.448726,0.01105931,266544.74557717,14.59870434,2017-08-09T00:00:00.000Z,2017-08-09T23:59:05.000Z,coinmarketcap_data_api_listings_historical
2017-08-09,1307,REE,ReeCoin,reecoin,561,12367704.2414951,0.02065769,255488.180188,16.39251137,2017-08-09T00:00:00.000Z,2017-08-09T23:59:11.000Z,coinmarketcap_data_api_listings_historical
2017-08-09,218,FLT,FlutterCoin,fluttercoin,562,322214524.198844,0.00074541,240181.24788043,197.79888916,2017-08-09T00:00:00.000Z,2017-08-09T23:59:03.000Z,coinmarketcap_data_api_listings_historical
2017-08-09,350,BOST,BoostCoin,boostcoin,563,11855487.1681898,0.0197295,233902.84163033,29.31537247,2017-08-09T00:00:00.000Z,2017-08-09T16:04:04.000Z,coinmarketcap_data_api_listings_historical
2017-08-09,120,NYAN,Nyancoin,nyancoin,564,297891209.218906,0.00077396,230556.56426907,120.79249573,2017-08-09T00:00:00.000Z,2017-08-09T23:59:02.000Z,coinmarketcap_data_api_listings_historical
2017-08-09,468,TRK,Truckcoin,truckcoin,565,135137817.524132,0.00167133,225860.43318243,117.92017365,2017-08-09T00:00:00.000Z,2017-08-09T23:59:04.000Z,coinmarketcap_data_api_listings_historical
2017-08-09,1195,HODL,HOdlcoin,hodlcoin,566,115889685.0,0.00187189,216933.2191923,58.26464462,2017-08-09T00:00:00.000Z,2017-08-09T23:59:10.000Z,coinmarketcap_data_api_listings_historical
2017-08-09,1511,VIDZ,PureVidz,purevidz,567,125274803.5061,0.00172318,215870.86833302,187.50692749,2017-08-09T00:00:00.000Z,2017-08-09T23:59:16.000Z,coinmarketcap_data_api_listings_historical
2017-08-09,666,AU,Aurum Coin,aurum-coin,568,296215.6562529,0.71989375,213243.80063384,200.58824158,2017-08-09T00:00:00.000Z,2017-08-09T23:59:06.000Z,coinmarketcap_data_api_listings_historical
2017-08-09,1404,PSB,Pesobit,pesobit,569,33039126.8826131,0.00608366,200998.67049296,309.54556274,2017-08-09T00:00:00.000Z,2017-08-09T23:59:16.000Z,coinmarketcap_data_api_listings_historical
2017-08-09,1297,CHESS,ChessCoin,chesscoin,570,54032768.6522569,0.00364125,196747.06207907,219.34494019,2017-08-09T00:00:00.000Z,2017-08-09T23:59:11.000Z,coinmarketcap_data_api_listings_historical
2017-08-09,57,SRC,SecureCoin,securecoin,571,7989210.95,0.02456625,196264.92311449,109.64424896,2017-08-09T00:00:00.000Z,2017-08-09T23:59:00.000Z,coinmarketcap_data_api_listings_historical
2017-08-09,295,TALK,BTCtalkcoin,btctalkcoin,572,65290634.7332338,0.00300322,196081.97764887,47.09864807,2017-08-09T00:00:00.000Z,2017-08-09T23:59:03.000Z,coinmarketcap_data_api_listings_historical
2017-08-09,1085,SWING,Swing,swing,573,2463760.59773871,0.07911322,194916.02239003,177.97068787,2017-08-09T00:00:00.000Z,2017-08-09T23:59:10.000Z,coinmarketcap_data_api_listings_historical
2017-08-09,594,BUN,BunnyCoin,bunnycoin,574,101814396112.534,1.91e-06,194457.51364655,73.73310089,2017-08-09T00:00:00.000Z,2017-08-09T23:59:05.000Z,coinmarketcap_data_api_listings_historical
2017-08-09,1285,GB,GoldBlocks,goldblocks,575,15014881.750189,0.01275347,191491.84199506,318.39782715,2017-08-09T00:00:00.000Z,2017-08-09T23:59:12.000Z,coinmarketcap_data_api_listings_historical
2017-08-09,1254,XPTX,PlatinumBAR,platinumbar,576,238970.92924485,0.79786146,190665.69375712,243.62908936,2017-08-09T00:00:00.000Z,2017-08-09T23:59:10.000Z,coinmarketcap_data_api_listings_historical
2017-08-09,1366,AGLC,AgrolifeCoin,agrolifecoin,577,5703841.88316232,0.03342668,190660.49552142,287.4694519,2017-08-09T00:00:00.000Z,2017-08-09T23:59:13.000Z,coinmarketcap_data_api_listings_historical
2017-08-09,367,C2,Coin2.1,coin2-1,578,99976323.0,0.00184085,184041.44802052,86.51696014,2017-08-09T00:00:00.000Z,2017-08-09T23:59:04.000Z,coinmarketcap_data_api_listings_historical
2017-08-09,138,ICN,iCoin,icoin,579,28850937.5,0.00611708,176483.56969657,42.03000641,2017-08-09T00:00:00.000Z,2017-08-09T23:59:03.000Z,coinmarketcap_data_api_listings_historical
2017-08-09,1359,BXT,BitTokens,bittokens,580,557990.99999998,0.31417736,175308.14157763,40.27430344,2017-08-09T00:00:00.000Z,2017-08-09T23:59:14.000Z,coinmarketcap_data_api_listings_historical
2017-08-09,82,LOT,LottoCoin,lottocoin,581,14491014421.1776,1.176e-05,170431.38725894,0.04704471,2017-08-09T00:00:00.000Z,2017-08-09T23:59:01.000Z,coinmarketcap_data_api_listings_historical
2017-08-09,381,FC2,FuelCoin,fuelcoin,582,101506491.237792,0.00160448,162865.20295915,246.69491577,2017-08-09T00:00:00.000Z,2017-08-09T23:59:04.000Z,coinmarketcap_data_api_listings_historical
2017-08-09,50,EMD,Emerald Crypto,emerald,583,19117129.3733062,0.00849071,162317.9224468,377.38302612,2017-08-09T00:00:00.000Z,2017-08-09T23:59:01.000Z,coinmarketcap_data_api_listings_historical
2017-08-09,1368,VLT,Veltor,veltor,584,554855.0,0.28596526,158669.25646991,319.63897705,2017-08-09T00:00:00.000Z,2017-08-09T23:59:12.000Z,coinmarketcap_data_api_listings_historical
2017-08-09,959,UNIC,UniCoin,unicoin,585,2939451.8718,0.05228306,153683.52705878,268.68930054,2017-08-09T00:00:00.000Z,2017-08-09T23:59:07.000Z,coinmarketcap_data_api_listings_historical
2017-08-09,1049,020,020LondonCoin,o2olondoncoin,586,155792140248.347,9.6e-07,149100.74690986,38.0905571,2017-08-09T00:00:00.000Z,2017-08-09T23:59:08.000Z,coinmarketcap_data_api_listings_historical
2017-08-09,1306,CJ,Cryptojacks,cryptojacks,587,406568580.90842,0.00036621,148887.68395516,329.65057373,2017-08-09T00:00:00.000Z,2017-08-09T23:59:11.000Z,coinmarketcap_data_api_listings_historical
2017-08-09,1334,ELE,Elementrem,elementrem,588,25404520.1874995,0.00584967,148608.03983512,6.40532064,2017-08-09T00:00:00.000Z,2017-08-09T23:59:12.000Z,coinmarketcap_data_api_listings_historical
2017-08-09,45,CSC,CasinoCoin,casinocoin,589,38601187.0,0.00374379,144514.66945577,3.34266806,2017-08-09T00:00:00.000Z,2017-08-09T23:59:01.000Z,coinmarketcap_data_api_listings_historical
2017-08-09,804,AMBER,AmberCoin,ambercoin,590,43699480.8066037,0.00327581,143151.40156534,0.78933764,2017-08-09T00:00:00.000Z,2017-08-09T23:59:11.000Z,coinmarketcap_data_api_listings_historical
2017-08-09,125,BLC,Blakecoin,blakecoin,591,15122697.140248,0.00935397,141457.2298846,279.09222412,2017-08-09T00:00:00.000Z,2017-08-09T23:59:02.000Z,coinmarketcap_data_api_listings_historical
2017-08-09,764,XPY,PayCoin,paycoin2,592,11731823.7120778,0.01182252,138699.70748053,473.70690918,2017-08-09T00:00:00.000Z,2017-08-09T23:59:05.000Z,coinmarketcap_data_api_listings_historical
2017-08-09,1173,HMP,HempCoin,hempcoin-hmp,593,1356645469.993,0.00010028,136044.46444736,1.00280046,2017-08-09T00:00:00.000Z,2017-08-09T23:59:11.000Z,coinmarketcap_data_api_listings_historical
2017-08-09,1283,MNM,Mineum,mineum,594,9436366.84876144,0.01436051,135511.06509402,253.73039246,2017-08-09T00:00:00.000Z,2017-08-09T23:59:11.000Z,coinmarketcap_data_api_listings_historical
2017-08-09,536,J,Joincoin,joincoin,595,2448401.5,0.05511209,134936.53285153,30.33467865,2017-08-09T00:00:00.000Z,2017-08-09T23:59:05.000Z,coinmarketcap_data_api_listings_historical
2017-08-09,1053,BOLI,Bolivarcoin,bolivarcoin,596,7249024.9999,0.01853206,134339.35336597,440.10546875,2017-08-09T00:00:00.000Z,2017-08-09T23:59:08.000Z,coinmarketcap_data_api_listings_historical
2017-08-09,10,FRC,Freicoin,freicoin,597,28517508.4039242,0.00464631,132501.14797302,37.17046738,2017-08-09T00:00:00.000Z,2017-08-09T23:59:00.000Z,coinmarketcap_data_api_listings_historical
2017-08-09,1038,EUC,Eurocoin,eurocoin,598,11894100.6610777,0.01095929,130350.93128523,123.6496048,2017-08-09T00:00:00.000Z,2017-08-09T23:59:08.000Z,coinmarketcap_data_api_listings_historical
2017-08-09,1417,SAC,SACoin,sacoin,599,6999978.96186975,0.01841598,128911.4728494,358.97409058,2017-08-09T00:00:00.000Z,2017-08-09T23:59:13.000Z,coinmarketcap_data_api_listings_historical
2017-08-09,1605,UNI,Universe,universe,600,5469144.87475252,0.02339868,127970.75377337,23.7215786,2017-08-09T00:00:00.000Z,2017-08-09T23:59:19.000Z,coinmarketcap_data_api_listings_historical
2017-08-09,68,XJO,Joulecoin,joulecoin,601,33318719.8649,0.00366734,122191.2342009,211.98306274,2017-08-09T00:00:00.000Z,2017-08-09T23:59:02.000Z,coinmarketcap_data_api_listings_historical
2017-08-09,1395,DLC,Dollarcoin,dollarcoin,602,9106714.077459,0.0134041,122067.29952415,126.03356171,2017-08-09T00:00:00.000Z,2017-08-09T23:59:12.000Z,coinmarketcap_data_api_listings_historical
2017-08-09,1705,OHM,OHM,ohm-wallet,603,28365151.115089,0.00424519,120415.41481466,43.45468521,2017-08-09T00:00:00.000Z,2017-08-09T23:59:21.000Z,coinmarketcap_data_api_listings_historical
2017-08-09,1362,WAY,WayGuide,wayguide,604,100040708.431887,0.00120336,120385.0370867,0.3393811,2017-08-09T00:00:00.000Z,2017-08-09T23:59:12.000Z,coinmarketcap_data_api_listings_historical
2017-08-09,1731,GLT,GlobalToken,globaltoken,605,22328200.0,0.00532178,118825.77310093,231.97480774,2017-08-09T00:00:00.000Z,2017-08-09T23:59:21.000Z,coinmarketcap_data_api_listings_historical
2017-08-09,1176,ADCN,Asiadigicoin,asiadigicoin,606,24931054.0,0.00469529,117058.46471147,233.92562866,2017-08-09T00:00:00.000Z,2017-08-09T23:59:09.000Z,coinmarketcap_data_api_listings_historical
2017-08-09,1215,VAL,Valorbit,valorbit,607,3484423951.125,3.343e-05,116472.72649668,3.34266806,2017-08-09T00:00:00.000Z,2017-08-09T23:59:10.000Z,coinmarketcap_data_api_listings_historical
2017-08-09,1778,UET,Useless Ethereum Token,useless-ethereum-token,608,3965716.09795462,0.02900154,115011.87235041,391.60073853,2017-08-09T00:00:00.000Z,2017-08-09T23:59:23.000Z,coinmarketcap_data_api_listings_historical
2017-08-09,79,TGC,Tigercoin,tigercoin,609,43536799.955768,0.00264071,114967.96074992,3.67475963,2017-08-09T00:00:00.000Z,2017-08-09T23:59:01.000Z,coinmarketcap_data_api_listings_historical
2017-08-09,627,SLG,Sterlingcoin,sterlingcoin,610,4175736.01778916,0.02738473,114351.4191878,7.47040939,2017-08-09T00:00:00.000Z,2017-08-09T23:59:06.000Z,coinmarketcap_data_api_listings_historical
2017-08-09,778,BITGOLD,bitGold,bitgold,611,89.9694,1232.91467285,110924.59336765,386.3742981,2017-08-09T00:00:00.000Z,2017-08-09T23:59:06.000Z,coinmarketcap_data_api_listings_historical
2017-08-09,1247,ARCO,AquariusCoin,aquariuscoin,612,1323966.14350552,0.08316948,110113.57919932,144.70503235,2017-08-09T00:00:00.000Z,2017-08-09T23:59:11.000Z,coinmarketcap_data_api_listings_historical
2017-08-09,1371,KB3,B3Coin,b3coin,613,569466.867723,0.19280575,109796.48776049,133.17616272,2017-08-09T00:00:00.000Z,2017-08-09T23:59:13.000Z,coinmarketcap_data_api_listings_historical
2017-08-09,221,888,OctoCoin,octocoin,614,49632540.3991026,0.00220363,109371.6997334,432.15170288,2017-08-09T00:00:00.000Z,2017-08-09T23:59:03.000Z,coinmarketcap_data_api_listings_historical
2017-08-09,154,MARS,Marscoin,marscoin,615,28279074.0,0.00384839,108828.83189843,101.92220306,2017-08-09T00:00:00.000Z,2017-08-09T23:59:02.000Z,coinmarketcap_data_api_listings_historical
2017-08-09,312,GUN,Guncoin,guncoin,616,187817428.0,0.00056707,106506.05068846,175.43917847,2017-08-09T00:00:00.000Z,2017-08-09T23:59:03.000Z,coinmarketcap_data_api_listings_historical
2017-08-09,1051,MI,Xiaomicoin,xiaomicoin,617,406141854.574941,0.00026032,105726.07817754,192.41220093,2017-08-09T00:00:00.000Z,2017-08-09T23:59:07.000Z,coinmarketcap_data_api_listings_historical
2017-08-09,1802,TRADE,Tradecoin,tradecoin-v2,618,16791170.185092,0.00621736,104396.78947514,300.84011841,2017-08-09T00:00:00.000Z,2017-08-09T23:59:23.000Z,coinmarketcap_data_api_listings_historical
2017-08-09,1614,KED,Darsek,darsek,619,10488544.21684,0.00972661,102017.99896539,58.96002579,2017-08-09T00:00:00.000Z,2017-08-09T23:59:18.000Z,coinmarketcap_data_api_listings_historical
2017-08-09,1529,KUSH,KushCoin,kushcoin,620,5432524.61647779,0.01874385,101826.40787448,6.04613352,2017-08-09T00:00:00.000Z,2017-08-09T23:59:16.000Z,coinmarketcap_data_api_listings_historical
2017-08-09,680,STV,Sativacoin,sativacoin,621,7080962.6521855,0.01411463,99945.17077259,231.56391907,2017-08-09T00:00:00.000Z,2017-08-09T23:59:19.000Z,coinmarketcap_data_api_listings_historical
2017-08-09,84,CAT,Catcoin,catcoin,622,5835899.98899,0.01704761,99488.12605223,186.28401184,2017-08-09T00:00:00.000Z,2017-08-09T23:59:01.000Z,coinmarketcap_data_api_listings_historical
2017-08-09,1572,MTM,MTMGaming,mtmgaming,623,3000000.0,0.03315823,99474.68340397,53.38475037,2017-08-09T00:00:00.000Z,2017-08-09T23:59:16.000Z,coinmarketcap_data_api_listings_historical
2017-08-09,17,YAC,Yacoin,yacoin,624,117761569.0,0.00083567,98409.45885423,184.926651,2017-08-09T00:00:00.000Z,2017-08-09T23:59:01.000Z,coinmarketcap_data_api_listings_historical
2017-08-09,837,XCO,X-Coin,x-coin,625,12384976.0,0.00778991,96477.8694748,102.70223236,2017-08-09T00:00:00.000Z,2017-08-09T23:59:06.000Z,coinmarketcap_data_api_listings_historical
2017-08-09,1184,SPEX,SproutsExtreme,sproutsextreme,626,2866607585.84296,3.343e-05,95821.17618363,100.28000641,2017-08-09T00:00:00.000Z,2017-08-09T23:59:09.000Z,coinmarketcap_data_api_listings_historical
2017-08-09,1206,BUMBA,BumbaCoin,bumbacoin,627,22139113.6653158,0.00431834,95604.31766776,481.55810547,2017-08-09T00:00:00.000Z,2017-08-09T23:59:09.000Z,coinmarketcap_data_api_listings_historical
2017-08-09,1284,XRE,RevolverCoin,revolvercoin,628,21988930.001379,0.00424519,93347.15393207,40.68953705,2017-08-09T00:00:00.000Z,2017-08-09T23:59:13.000Z,coinmarketcap_data_api_listings_historical
2017-08-09,47,SPT,Spots,spots,629,22406021.2405395,0.00414319,92832.34288364,174.9777832,2017-08-09T00:00:00.000Z,2017-08-09T23:59:01.000Z,coinmarketcap_data_api_listings_historical
2017-08-09,1019,MANNA,Manna,manna,630,42003992.5573044,0.00220765,92729.9816427,130.44207764,2017-08-09T00:00:00.000Z,2017-08-09T23:59:08.000Z,coinmarketcap_data_api_listings_historical
2017-08-09,205,BTCS,Bitcoin Scrypt,bitcoin-scrypt,631,16242912.5,0.00564911,91757.98165249,98.40353394,2017-08-09T00:00:00.000Z,2017-08-09T23:59:02.000Z,coinmarketcap_data_api_listings_historical
2017-08-09,1268,NLX,Nullex,nullex,632,40477041.6133,0.00224123,90718.51497812,498.61016846,2017-08-09T00:00:00.000Z,2017-08-09T23:59:11.000Z,coinmarketcap_data_api_listings_historical
2017-08-09,1718,PUTIC,Putin Classic,putin-classic,633,34181843.6649276,0.00264071,90264.2560965,20.05600739,2017-08-09T00:00:00.000Z,2017-08-09T23:59:21.000Z,coinmarketcap_data_api_listings_historical
2017-08-09,1315,CRX,Chronos,chronos,634,73729961.9114544,0.0011879,87583.707581,143.96124268,2017-08-09T00:00:00.000Z,2017-08-09T23:59:11.000Z,coinmarketcap_data_api_listings_historical
2017-08-09,1457,BTCR,Bitcurrency,bitcurrency,635,169598616.14145,0.00050127,85014.51049106,194.78622437,2017-08-09T00:00:00.000Z,2017-08-09T23:59:14.000Z,coinmarketcap_data_api_listings_historical
2017-08-09,1093,PR,Prototanium,prototanium,636,195069.483375,0.42037395,82002.12855408,182.05427551,2017-08-09T00:00:00.000Z,2017-08-09T23:59:08.000Z,coinmarketcap_data_api_listings_historical
2017-08-09,461,QTL,Quatloo,quatloo,637,7576572.93549331,0.01081692,81955.16630579,41.48389435,2017-08-09T00:00:00.000Z,2017-08-09T23:59:04.000Z,coinmarketcap_data_api_listings_historical
2017-08-09,520,VTA,Virtacoin,virtacoin,638,5201011099.44954,1.565e-05,81402.83884918,149.84262085,2017-08-09T00:00:00.000Z,2017-08-09T23:59:18.000Z,coinmarketcap_data_api_listings_historical
2017-08-09,1100,CUBE,DigiCube,digicube,639,2429126009.1729,3.343e-05,81197.61925096,1.00280046,2017-08-09T00:00:00.000Z,2017-08-09T23:59:08.000Z,coinmarketcap_data_api_listings_historical
2017-08-09,338,QCN,QuazarCoin,quazarcoin-old,640,6006032.86099118,0.01337067,80304.69685211,55.46519089,2017-08-09T00:00:00.000Z,2017-08-09T23:59:04.000Z,coinmarketcap_data_api_listings_historical
2017-08-09,601,ACOIN,Acoin,acoin,641,1220084.95665668,0.06525055,79611.20927117,343.44485474,2017-08-09T00:00:00.000Z,2017-08-09T23:59:06.000Z,coinmarketcap_data_api_listings_historical
2017-08-09,1261,WMC,WMCoin,wmcoin,642,11527489.225305,0.00678562,78221.11853917,0.45236325,2017-08-09T00:00:00.000Z,2017-08-09T23:59:14.000Z,coinmarketcap_data_api_listings_historical
2017-08-09,708,GAP,Gapcoin,gapcoin,643,11316232.667032,0.00681802,77154.31929347,42.54893494,2017-08-09T00:00:00.000Z,2017-08-09T23:59:05.000Z,coinmarketcap_data_api_listings_historical
2017-08-09,1058,SPACE,SpaceCoin,spacecoin,644,18830152.6966563,0.00400672,75447.14343164,136.80130005,2017-08-09T00:00:00.000Z,2017-08-09T23:59:08.000Z,coinmarketcap_data_api_listings_historical
2017-08-09,142,ARI,Aricoin,aricoin,645,140262505.130972,0.00053318,74785.82664334,64.33889771,2017-08-09T00:00:00.000Z,2017-08-09T23:59:02.000Z,coinmarketcap_data_api_listings_historical
2017-08-09,1194,IMS,Independent Money System,independent-money-system,646,5368933.59730747,0.01383865,74298.77146199,1.81877911,2017-08-09T00:00:00.000Z,2017-08-09T23:59:09.000Z,coinmarketcap_data_api_listings_historical
2017-08-09,1198,BIGUP,BigUp,bigup,647,2080265563.03933,3.551e-05,73862.70399009,42.90868759,2017-08-09T00:00:00.000Z,2017-08-09T23:59:10.000Z,coinmarketcap_data_api_listings_historical
2017-08-09,882,CYP,Cypher,cypher,648,6365284.67510838,0.0113985,72554.68444077,0.33520275,2017-08-09T00:00:00.000Z,2017-08-09T23:59:06.000Z,coinmarketcap_data_api_listings_historical
2017-08-09,1602,WORM,WORM,worm,649,107362739.459642,0.00066853,71775.60000975,33.97905731,2017-08-09T00:00:00.000Z,2017-08-09T23:59:17.000Z,coinmarketcap_data_api_listings_historical
2017-08-09,1674,CNNC,Cannation,cannation,650,2476892.71923001,0.02871352,71120.30554438,140.19969177,2017-08-09T00:00:00.000Z,2017-08-09T23:59:20.000Z,coinmarketcap_data_api_listings_historical
2017-08-09,1165,EVIL,Evil Coin,evil-coin,651,21020382.7858368,0.00335932,70614.23861482,73.84235382,2017-08-09T00:00:00.000Z,2017-08-09T23:59:09.000Z,coinmarketcap_data_api_listings_historical
2017-08-09,1560,UNIBURST,UniBURST,uniburst,652,999999.0,0.0705137,70513.63241532,110.28343201,2017-08-09T00:00:00.000Z,2017-08-09T23:59:17.000Z,coinmarketcap_data_api_listings_historical
2017-08-09,260,XPD,PetroDollar,petrodollar,653,63993274.8872568,0.00109856,70300.41074813,19.4076004,2017-08-09T00:00:00.000Z,2017-08-09T23:59:03.000Z,coinmarketcap_data_api_listings_historical
2017-08-09,1353,TAJ,TajCoin,tajcoin,654,6733633.30473727,0.01008508,67909.22934991,334.82589722,2017-08-09T00:00:00.000Z,2017-08-09T23:59:13.000Z,coinmarketcap_data_api_listings_historical
2017-08-09,103,RED,RedCoin,redcoin,655,74107896.0,0.00090257,66887.31984481,182.75997925,2017-08-09T00:00:00.000Z,2017-08-09T23:59:01.000Z,coinmarketcap_data_api_listings_historical
2017-08-09,1288,DBTC,Debitcoin,debitcoin,656,17998034.4963428,0.00358707,64560.20399198,48.92131805,2017-08-09T00:00:00.000Z,2017-08-09T23:59:11.000Z,coinmarketcap_data_api_listings_historical
2017-08-09,1200,NEVA,NevaCoin,nevacoin,657,2076580.0,0.03097015,64312.00307887,185.54890442,2017-08-09T00:00:00.000Z,2017-08-09T23:59:10.000Z,coinmarketcap_data_api_listings_historical
2017-08-09,76,PHS,Philosopher Stones,philosopher-stones,658,2429218.6911,0.02623994,63742.563929,64.71827698,2017-08-09T00:00:00.000Z,2017-08-09T23:59:01.000Z,coinmarketcap_data_api_listings_historical
2017-08-09,1130,EVO,Evotion,evotion,659,2469219.98044374,0.02508839,61948.75929272,78.97776031,2017-08-09T00:00:00.000Z,2017-08-09T23:59:10.000Z,coinmarketcap_data_api_listings_historical
2017-08-09,19,FRK,Franko,franko,660,636949.64912876,0.09570058,60956.45362443,2.88706231,2017-08-09T00:00:00.000Z,2017-08-09T23:59:00.000Z,coinmarketcap_data_api_listings_historical
2017-08-09,545,HAL,Halcyon,halcyon,661,4892028.08934567,0.0124013,60667.50119246,7.53969812,2017-08-09T00:00:00.000Z,2017-08-09T23:59:09.000Z,coinmarketcap_data_api_listings_historical
2017-08-09,990,ZNY,Bitzeny,bitzeny,662,75614500.0,0.00080224,60661.00176936,98.56150818,2017-08-09T00:00:00.000Z,2017-08-09T23:59:18.000Z,coinmarketcap_data_api_listings_historical
2017-08-09,1748,BTPL,Bitcoin Planet,bitcoin-planet,663,4990059.47151379,0.01190024,59382.92203886,120.11252594,2017-08-09T00:00:00.000Z,2017-08-09T23:59:22.000Z,coinmarketcap_data_api_listings_historical
2017-08-09,275,POP,PopularCoin,popularcoin,664,3359769525.47596,1.764e-05,59272.13684136,5.02381659,2017-08-09T00:00:00.000Z,2017-08-09T23:59:03.000Z,coinmarketcap_data_api_listings_historical
2017-08-09,1501,DIX,Dix Asset,dix-asset,665,100000000000.0,5.8e-07,58080.43397337,420.19689941,2017-08-09T00:00:00.000Z,2017-08-09T23:59:15.000Z,coinmarketcap_data_api_listings_historical
2017-08-09,785,GP,GoldPieces,goldpieces,666,1220160.94807913,0.0466638,56937.34903219,365.10223389,2017-08-09T00:00:00.000Z,2017-08-09T23:59:06.000Z,coinmarketcap_data_api_listings_historical
2017-08-09,875,URC,Unrealcoin,unrealcoin,667,7024402.0,0.00805583,56587.39099332,11.25352669,2017-08-09T00:00:00.000Z,2017-08-09T23:59:07.000Z,coinmarketcap_data_api_listings_historical
2017-08-09,1442,BIP,BipCoin,bipcoin,668,1538251.40667724,0.03644452,56060.83217924,397.16577148,2017-08-09T00:00:00.000Z,2017-08-09T23:59:21.000Z,coinmarketcap_data_api_listings_historical
2017-08-09,1357,PX,PX,px,669,84258814.2715402,0.00066507,56038.37941633,33.06687927,2017-08-09T00:00:00.000Z,2017-08-09T23:59:12.000Z,coinmarketcap_data_api_listings_historical
2017-08-09,31,ARG,Argentum,argentum,670,7896019.44495494,0.00681844,53838.57010431,143.64918518,2017-08-09T00:00:00.000Z,2017-08-09T23:59:01.000Z,coinmarketcap_data_api_listings_historical
2017-08-09,1361,ATX,Artex Coin,artex-coin,671,18769594.88124,0.00284709,53438.75893405,215.44029236,2017-08-09T00:00:00.000Z,2017-08-09T23:59:12.000Z,coinmarketcap_data_api_listings_historical
2017-08-09,1396,MST,MustangCoin,mustangcoin,672,629741.66396967,0.08175623,51485.30694548,69.08363342,2017-08-09T00:00:00.000Z,2017-08-09T23:59:17.000Z,coinmarketcap_data_api_listings_historical
2017-08-09,316,DRM,Dreamcoin,dreamcoin,673,2448188.29616483,0.02059083,50410.23958949,6.18393564,2017-08-09T00:00:00.000Z,2017-08-09T23:59:03.000Z,coinmarketcap_data_api_listings_historical
2017-08-09,893,SLING,Sling,sling,674,1074095.017,0.04515944,48505.53399958,20.95488548,2017-08-09T00:00:00.000Z,2017-08-09T23:59:06.000Z,coinmarketcap_data_api_listings_historical
2017-08-09,1620,WYV,Wyvern,wyvern,675,1419980.15128831,0.03366067,47797.48168833,61.53835297,2017-08-09T00:00:00.000Z,2017-08-09T23:59:18.000Z,coinmarketcap_data_api_listings_historical
2017-08-09,1496,LUNA,Luna Coin,luna-coin,676,1445097.35906525,0.03289185,47531.93228054,26.60179329,2017-08-09T00:00:00.000Z,2017-08-09T23:59:16.000Z,coinmarketcap_data_api_listings_historical
2017-08-09,1036,AUM,Alexium,alexium,677,20297335.9504382,0.00227301,46136.13448049,14.59619427,2017-08-09T00:00:00.000Z,2017-08-09T23:59:09.000Z,coinmarketcap_data_api_listings_historical
2017-08-09,102,MEOW,Kittehcoin,kittehcoin,678,23905669975.52,1.92e-06,45867.97291267,461.48129272,2017-08-09T00:00:00.000Z,2017-08-09T23:59:02.000Z,coinmarketcap_data_api_listings_historical
2017-08-09,1259,PONZI,PonziCoin,ponzicoin,679,861099.0018,0.05319648,45807.43785978,2.0970614,2017-08-09T00:00:00.000Z,2017-08-09T11:04:13.000Z,coinmarketcap_data_api_listings_historical
2017-08-09,1263,BLRY,BillaryCoin,billarycoin,680,8983157.57129066,0.00504743,45341.84902484,220.71875,2017-08-09T00:00:00.000Z,2017-08-09T23:59:12.000Z,coinmarketcap_data_api_listings_historical
2017-08-09,725,U,UCoin,ucoin,681,2689812.1443019,0.01667991,44865.83203028,17.03594017,2017-08-09T00:00:00.000Z,2017-08-09T23:59:05.000Z,coinmarketcap_data_api_listings_historical
2017-08-09,1113,SCRT,SecretCoin,secretcoin,682,4228671.77935119,0.01029542,43535.94000028,59.07049179,2017-08-09T00:00:00.000Z,2017-08-09T23:59:08.000Z,coinmarketcap_data_api_listings_historical
2017-08-09,380,URO,Uro,uro,683,1207310.4,0.03543228,42777.76356273,111.30526733,2017-08-09T00:00:00.000Z,2017-08-09T23:59:03.000Z,coinmarketcap_data_api_listings_historical
2017-08-09,230,HIRO,Hirocoin,hirocoin,684,319585003.2703,0.00013215,42231.94042632,3.30365467,2017-08-09T00:00:00.000Z,2017-08-09T13:54:03.000Z,coinmarketcap_data_api_listings_historical
2017-08-09,1084,ISL,IslaCoin,islacoin,685,1513704.20190432,0.02740988,41490.44693932,6.3435483,2017-08-09T00:00:00.000Z,2017-08-09T23:59:10.000Z,coinmarketcap_data_api_listings_historical
2017-08-09,1110,$$$,Money,money,686,45887217.5418592,0.0009033,41450.06561154,305.41009521,2017-08-09T00:00:00.000Z,2017-08-09T23:59:09.000Z,coinmarketcap_data_api_listings_historical
2017-08-09,977,GXX,GravityCoin,gravitycoin,687,1417152.091,0.02852764,40427.99912345,12.72055149,2017-08-09T00:00:00.000Z,2017-08-09T23:59:07.000Z,coinmarketcap_data_api_listings_historical
2017-08-09,1291,CMT,Comet,comet,688,872830.0,0.04570744,39894.82648425,156.39666748,2017-08-09T00:00:00.000Z,2017-08-09T23:59:13.000Z,coinmarketcap_data_api_listings_historical
2017-08-09,88,RPC,RonPaulCoin,ronpaulcoin,689,837448.92169891,0.04707981,39426.9321695,19.2917099,2017-08-09T00:00:00.000Z,2017-08-09T23:59:02.000Z,coinmarketcap_data_api_listings_historical
2017-08-09,1192,PULSE,Pulse,pulse,690,14298971.520004,0.00270756,38715.33780437,0.45888147,2017-08-09T00:00:00.000Z,2017-08-09T23:59:09.000Z,coinmarketcap_data_api_listings_historical
2017-08-09,1773,BNX,BnrtxCoin,bnrtxcoin,691,20558001.0015,0.00187657,38578.52899886,101.29046631,2017-08-09T00:00:00.000Z,2017-08-09T23:59:22.000Z,coinmarketcap_data_api_listings_historical
2017-08-09,892,LEA,LeaCoin,leacoin,692,286997489.448941,0.00013406,38475.73519966,28.86237335,2017-08-09T00:00:00.000Z,2017-08-09T23:59:07.000Z,coinmarketcap_data_api_listings_historical
2017-08-09,1161,FLVR,FlavorCoin,flavorcoin,693,20898106.169,0.00180504,37721.93328543,120.70430756,2017-08-09T00:00:00.000Z,2017-08-09T23:59:09.000Z,coinmarketcap_data_api_listings_historical
2017-08-09,747,BCF,Bitcoin Fast,bitcoinfast,694,3762169.243874,0.00999438,37600.54970998,92.07872009,2017-08-09T00:00:00.000Z,2017-08-09T23:59:05.000Z,coinmarketcap_data_api_listings_historical
2017-08-09,1132,ANTI,AntiBitcoin,antibitcoin,695,17465158.7896695,0.00213931,37363.34620978,0.04552714,2017-08-09T00:00:00.000Z,2017-08-09T23:59:09.000Z,coinmarketcap_data_api_listings_historical
2017-08-09,1608,TSTR,Tristar Coin,tristar-coin,696,5027856.6437,0.00735387,36974.2027913,26.04138947,2017-08-09T00:00:00.000Z,2017-08-09T23:59:19.000Z,coinmarketcap_data_api_listings_historical
2017-08-09,175,PHO,Photon,photon,697,18804689882.0422,1.91e-06,35994.02771348,181.31463623,2017-08-09T00:00:00.000Z,2017-08-09T23:59:02.000Z,coinmarketcap_data_api_listings_historical
2017-08-09,933,CTO,Crypto,crypto,698,10746600.4575277,0.00334267,35922.31810525,0.33426681,2017-08-09T00:00:00.000Z,2017-08-09T23:59:07.000Z,coinmarketcap_data_api_listings_historical
2017-08-09,692,MRJA,GanjaCoin,ganjacoin,699,972649.43359632,0.03676518,35759.63564019,3.34318709,2017-08-09T00:00:00.000Z,2017-08-09T23:59:05.000Z,coinmarketcap_data_api_listings_historical
2017-08-09,476,FIRE,Firecoin,firecoin,700,98411.93592072,0.35709724,35142.63053327,11.47487831,2017-08-09T00:00:00.000Z,2017-08-09T23:59:04.000Z,coinmarketcap_data_api_listings_historical
2017-08-09,1139,MND,MindCoin,mindcoin,701,12546625.0,0.00274099,34390.1461738,2.87746882,2017-08-09T00:00:00.000Z,2017-08-09T23:59:09.000Z,coinmarketcap_data_api_listings_historical
2017-08-09,1469,XCRE,Creatio,creatio,702,20520514.0,0.0016753,34377.9802626,45.25263977,2017-08-09T00:00:00.000Z,2017-08-09T23:59:15.000Z,coinmarketcap_data_api_listings_historical
2017-08-09,1248,XBTC21,Bitcoin 21,bitcoin-21,703,793107.50107699,0.04318727,34252.1492185,19.22117615,2017-08-09T00:00:00.000Z,2017-08-09T23:59:12.000Z,coinmarketcap_data_api_listings_historical
2017-08-09,1607,IMX,Impact,impact,704,109451115.766216,0.00031205,34154.3214696,20.1179142,2017-08-09T00:00:00.000Z,2017-08-09T23:59:19.000Z,coinmarketcap_data_api_listings_historical
2017-08-09,1520,DRS,Digital Rupees,digital-rupees,705,510802960.940331,6.685e-05,34148.89485195,48.49866867,2017-08-09T00:00:00.000Z,2017-08-09T23:59:17.000Z,coinmarketcap_data_api_listings_historical
2017-08-09,519,VC,VirtualCoin,virtualcoin,706,10064286.6495148,0.00337609,33977.98405585,4.72168589,2017-08-09T00:00:00.000Z,2017-08-09T23:59:04.000Z,coinmarketcap_data_api_listings_historical
2017-08-09,249,CESC,CryptoEscudo,cryptoescudo,707,144105100.0,0.00023399,33718.68605587,31.66633034,2017-08-09T00:00:00.000Z,2017-08-09T23:59:08.000Z,coinmarketcap_data_api_listings_historical
2017-08-09,1018,BIOS,BiosCrypto,bios-crypto,708,20821709.0153291,0.00160219,33360.36231808,0.40054783,2017-08-09T00:00:00.000Z,2017-08-09T08:14:08.000Z,coinmarketcap_data_api_listings_historical
2017-08-09,1128,GBC,GBCGoldCoin,gbcgoldcoin,709,11361816.7107787,0.00293069,33297.91578043,85.49590302,2017-08-09T00:00:00.000Z,2017-08-09T23:59:10.000Z,coinmarketcap_data_api_listings_historical
2017-08-09,998,CPN,CompuCoin,compucoin,710,19615019.309,0.00168768,33103.79172711,391.88095093,2017-08-09T00:00:00.000Z,2017-08-09T23:59:07.000Z,coinmarketcap_data_api_listings_historical
2017-08-09,1544,CWXT,CryptoWorldX Token,cryptoworldx-token,711,57193850.0,0.00054771,31325.36010635,28.05609322,2017-08-09T00:00:00.000Z,2017-08-09T23:59:18.000Z,coinmarketcap_data_api_listings_historical
2017-08-09,1033,GCC,GuccioneCoin,guccionecoin,712,20285537.0,0.00153763,31191.59564252,136.66651917,2017-08-09T00:00:00.000Z,2017-08-09T23:59:08.000Z,coinmarketcap_data_api_listings_historical
2017-08-09,1155,LTCR,Litecred,litecred,713,30227750.0256,0.0010028,30312.40036281,18.8336277,2017-08-09T00:00:00.000Z,2017-08-09T23:59:09.000Z,coinmarketcap_data_api_listings_historical
2017-08-09,1519,PRX,Printerium,printerium,714,11821727.8828,0.00254043,30032.24527988,55.28689194,2017-08-09T00:00:00.000Z,2017-08-09T23:59:17.000Z,coinmarketcap_data_api_listings_historical
2017-08-09,983,MTLMC3,Metal Music Coin,metal-music-coin,715,79719140.463331,0.00037028,29518.21789905,88.28314209,2017-08-09T00:00:00.000Z,2017-08-09T23:59:07.000Z,coinmarketcap_data_api_listings_historical
2017-08-09,857,SONG,SongCoin,songcoin,716,32565300.0,0.00090216,29379.20434121,47.24289703,2017-08-09T00:00:00.000Z,2017-08-09T23:59:08.000Z,coinmarketcap_data_api_listings_historical
2017-08-09,938,ARB,ARbit,arbit,717,6974885.0,0.0040112,27977.67037579,48.94561768,2017-08-09T00:00:00.000Z,2017-08-09T23:59:07.000Z,coinmarketcap_data_api_listings_historical
2017-08-09,994,ACP,AnarchistsPrime,anarchistsprime,718,4394873.8010189,0.00631581,27757.19670356,108.5333252,2017-08-09T00:00:00.000Z,2017-08-09T23:59:07.000Z,coinmarketcap_data_api_listings_historical
2017-08-09,1073,STEPS,Steps,steps,719,18625017.0077707,0.00147077,27393.18976803,1.08158708,2017-08-09T00:00:00.000Z,2017-08-09T23:59:09.000Z,coinmarketcap_data_api_listings_historical
2017-08-09,12,BQC,BBQCoin,bbqcoin,720,50765853.56,0.00053483,27150.94355912,12.51420307,2017-08-09T00:00:00.000Z,2017-08-09T23:59:01.000Z,coinmarketcap_data_api_listings_historical
2017-08-09,1547,RIDE,Ride My Car,ride-my-car,721,101245931.845559,0.00026741,27074.52340853,54.83553314,2017-08-09T00:00:00.000Z,2017-08-09T23:59:16.000Z,coinmarketcap_data_api_listings_historical
2017-08-09,1509,BENJI,BenjiRolls,benjirolls,722,19723021.0799736,0.00137036,27027.70399073,233.66558838,2017-08-09T00:00:00.000Z,2017-08-09T23:59:16.000Z,coinmarketcap_data_api_listings_historical
2017-08-09,1743,KNC,KingN Coin,kingn-coin,723,2005.02980718,13.33714485,26741.3729703,291.83282471,2017-08-09T00:00:00.000Z,2017-08-09T23:59:23.000Z,coinmarketcap_data_api_listings_historical
2017-08-09,1525,SFC,Solarflarecoin,solarflarecoin,724,14083450.0,0.00188021,26479.8862847,36.32705688,2017-08-09T00:00:00.000Z,2017-08-09T23:59:17.000Z,coinmarketcap_data_api_listings_historical
2017-08-09,1210,CAB,Cabbage,cabbage,725,10499995.91,0.00233987,24568.60067251,85.94434357,2017-08-09T00:00:00.000Z,2017-08-09T23:59:13.000Z,coinmarketcap_data_api_listings_historical
2017-08-09,1341,VPRC,VapersCoin,vaperscoin,726,780124964.0,3.037e-05,23694.77762705,12.22875977,2017-08-09T00:00:00.000Z,2017-08-09T23:59:13.000Z,coinmarketcap_data_api_listings_historical
2017-08-09,1576,MILO,MiloCoin,milocoin,727,10789953.7140508,0.00213931,23083.02953673,47.72995758,2017-08-09T00:00:00.000Z,2017-08-09T23:59:18.000Z,coinmarketcap_data_api_listings_historical
2017-08-09,1486,VLTC,Vault Coin,vault-coin,728,29931080.1063589,0.0007478,22382.56941479,387.69418335,2017-08-09T00:00:00.000Z,2017-08-09T23:59:19.000Z,coinmarketcap_data_api_listings_historical
2017-08-09,1485,DOLLAR,Dollar International,dollar-international,729,751317.810741349,0.02971632,22326.39933859,89.73535919,2017-08-09T00:00:00.000Z,2017-08-09T23:59:15.000Z,coinmarketcap_data_api_listings_historical
2017-08-09,1241,FUZZ,FuzzBalls,fuzzballs,730,4829945.0,0.00461288,22279.96485548,17.43749619,2017-08-09T00:00:00.000Z,2017-08-09T23:59:11.000Z,coinmarketcap_data_api_listings_historical
2017-08-09,1232,ORLY,Orlycoin,orlycoin,731,36646778.9274415,0.00060168,22049.64313748,7.59638023,2017-08-09T00:00:00.000Z,2017-08-09T23:59:11.000Z,coinmarketcap_data_api_listings_historical
2017-08-09,356,BTQ,BitQuark,bitquark,732,7155671.0,0.00307525,22005.51026901,33.32543182,2017-08-09T00:00:00.000Z,2017-08-09T23:59:04.000Z,coinmarketcap_data_api_listings_historical
2017-08-09,1389,ZYD,Zayedcoin,zayedcoin,733,6243840.00056,0.00347637,21705.92792467,171.0688324,2017-08-09T00:00:00.000Z,2017-08-09T23:59:13.000Z,coinmarketcap_data_api_listings_historical
2017-08-09,1225,GBT,GameBet Coin,gamebet-coin,734,21262780.234466,0.0010028,21322.32490833,124.78964996,2017-08-09T00:00:00.000Z,2017-08-09T23:59:11.000Z,coinmarketcap_data_api_listings_historical
2017-08-09,1491,BSTAR,Blackstar,blackstar,735,630795971.027775,3.343e-05,21085.41544866,25.18954468,2017-08-09T00:00:00.000Z,2017-08-09T23:59:15.000Z,coinmarketcap_data_api_listings_historical
2017-08-09,958,G3N,G3N,genstake,736,7561891.0,0.00277441,20979.81908171,15.06186199,2017-08-09T00:00:00.000Z,2017-08-09T23:59:07.000Z,coinmarketcap_data_api_listings_historical
2017-08-09,159,CASH,Cashcoin,cashcoin,737,27251500.368005,0.00076881,20951.3255708,31.4194088,2017-08-09T00:00:00.000Z,2017-08-09T23:59:02.000Z,coinmarketcap_data_api_listings_historical
2017-08-09,1180,DES,Destiny,destiny,738,1600000.0247,0.01291885,20670.16693077,0.5169915,2017-08-09T00:00:00.000Z,2017-08-09T01:14:10.000Z,coinmarketcap_data_api_listings_historical
2017-08-09,993,BSC,BowsCoin,bowscoin,739,5550102.41646465,0.00371036,20592.88594094,26.94645119,2017-08-09T00:00:00.000Z,2017-08-09T23:59:08.000Z,coinmarketcap_data_api_listings_historical
2017-08-09,1456,ZMC,ZetaMicron,zetamicron,740,600344291.449841,3.379e-05,20288.51113375,4.0553751,2017-08-09T00:00:00.000Z,2017-08-09T06:04:14.000Z,coinmarketcap_data_api_listings_historical
2017-08-09,1011,OFF,Cthulhu Offerings,cthulhu-offerings,741,2620526.47056807,0.00769315,20160.1107503,3.61992073,2017-08-09T00:00:00.000Z,2017-08-09T13:44:22.000Z,coinmarketcap_data_api_listings_historical
2017-08-09,1407,EGO,EGO,ego,742,60000000.5615,0.00033427,20056.00854897,20.65782166,2017-08-09T00:00:00.000Z,2017-08-09T23:59:14.000Z,coinmarketcap_data_api_listings_historical
2017-08-09,263,PLNC,PLNcoin,plncoin,743,17089600.0,0.00113651,19422.45242782,22.31264305,2017-08-09T00:00:00.000Z,2017-08-09T23:59:03.000Z,coinmarketcap_data_api_listings_historical
2017-08-09,1365,XOC,Xonecoin,xonecoin,744,420000.0,0.04512602,18952.92721689,3.22764683,2017-08-09T00:00:00.000Z,2017-08-09T23:59:14.000Z,coinmarketcap_data_api_listings_historical
2017-08-09,1716,AMMO,Ammo Reloaded,ammo-reloaded,745,77777777.0,0.00023399,18198.97036806,0.46797353,2017-08-09T00:00:00.000Z,2017-08-09T23:59:21.000Z,coinmarketcap_data_api_listings_historical
2017-08-09,1401,WEX,Wexcoin,wexcoin,746,210409.243968964,0.08207939,17270.26201686,481.67810059,2017-08-09T00:00:00.000Z,2017-08-09T23:59:14.000Z,coinmarketcap_data_api_listings_historical
2017-08-09,1534,BOAT,BOAT,doubloon,747,18547845.1,0.00090274,16743.9312327,111.55454254,2017-08-09T00:00:00.000Z,2017-08-09T23:59:16.000Z,coinmarketcap_data_api_listings_historical
2017-08-09,1310,DLISK,DAPPSTER,dappster,748,100000000.0,0.00016713,16713.34030107,3.07859731,2017-08-09T00:00:00.000Z,2017-08-09T23:59:14.000Z,coinmarketcap_data_api_listings_historical
2017-08-09,1347,ZNE,Zonecoin,zonecoin,749,2581970.38365409,0.0063845,16484.57987425,24.61035919,2017-08-09T00:00:00.000Z,2017-08-09T23:59:12.000Z,coinmarketcap_data_api_listings_historical
2017-08-09,1693,MAY,Theresa May Coin,theresa-may-coin,750,17552900.0,0.00093595,16428.58509435,62.69585037,2017-08-09T00:00:00.000Z,2017-08-09T23:59:21.000Z,coinmarketcap_data_api_listings_historical
2017-08-09,1166,WARP,WARP,warp,751,1095224.0,0.01409911,15441.68866073,2.83392215,2017-08-09T00:00:00.000Z,2017-08-09T22:29:11.000Z,coinmarketcap_data_api_listings_historical
2017-08-09,1282,HVCO,High Voltage,high-voltage,752,1494170.72041553,0.01016171,15183.33090066,2.29741573,2017-08-09T00:00:00.000Z,2017-08-09T23:59:12.000Z,coinmarketcap_data_api_listings_historical
2017-08-09,1515,IBANK,iBank,ibank,753,4526324.0,0.00320896,14524.79871838,25.34557915,2017-08-09T00:00:00.000Z,2017-08-09T23:59:17.000Z,coinmarketcap_data_api_listings_historical
2017-08-09,1528,ICON,Iconic,iconic,754,592893.53,0.02373294,14071.10862549,1.18661368,2017-08-09T00:00:00.000Z,2017-08-09T23:59:17.000Z,coinmarketcap_data_api_listings_historical
2017-08-09,1781,SLEVIN,Slevin,slevin,755,70000000.02447,0.00020056,14039.2058578,159.1605072,2017-08-09T00:00:00.000Z,2017-08-09T23:59:22.000Z,coinmarketcap_data_api_listings_historical
2017-08-09,1632,CONX,Concoin,concoin,756,744265.71135655,0.01858523,13832.35305902,0.39192784,2017-08-09T00:00:00.000Z,2017-08-09T23:59:18.000Z,coinmarketcap_data_api_listings_historical
2017-08-09,1394,SH,Shilling,shilling,757,3917250.0,0.00340952,13355.94778805,33.86326599,2017-08-09T00:00:00.000Z,2017-08-09T23:59:12.000Z,coinmarketcap_data_api_listings_historical
2017-08-09,1438,IMPS,ImpulseCoin,impulsecoin,758,20245510.0266215,0.00063511,12858.06374846,8.24315357,2017-08-09T00:00:00.000Z,2017-08-09T23:59:13.000Z,coinmarketcap_data_api_listings_historical
2017-08-09,308,CRT,CRTCoin,crtcoin,759,79270.3032220006,0.16044806,12718.76632316,1.72026789,2017-08-09T00:00:00.000Z,2017-08-09T23:59:03.000Z,coinmarketcap_data_api_listings_historical
2017-08-09,997,TAGR,TAGRcoin,tagrcoin,760,38669633.7973801,0.00030084,11633.37748152,0.38905314,2017-08-09T00:00:00.000Z,2017-08-09T23:59:07.000Z,coinmarketcap_data_api_listings_historical
2017-08-09,1558,ARGUS,Argus,argus,761,1148324.048,0.00991009,11379.99882226,218.39187622,2017-08-09T00:00:00.000Z,2017-08-09T23:59:19.000Z,coinmarketcap_data_api_listings_historical
2017-08-09,1309,LIR,LetItRide,letitride,762,35675078.2452253,0.00030084,10732.49501363,41.68778229,2017-08-09T00:00:00.000Z,2017-08-09T23:59:12.000Z,coinmarketcap_data_api_listings_historical
2017-08-09,1427,DPAY,DPAY,dpay,763,79541000.94159,0.00013424,10677.9710754,13.42445374,2017-08-09T00:00:00.000Z,2017-08-09T21:59:13.000Z,coinmarketcap_data_api_listings_historical
2017-08-09,1421,JOBS,JobsCoin,jobscoin,764,106019269.7,0.00010028,10631.6167978,2.65287495,2017-08-09T00:00:00.000Z,2017-08-09T23:59:14.000Z,coinmarketcap_data_api_listings_historical
2017-08-09,1657,VOLT,Bitvolt,bitvolt,765,15112554.0337841,0.00060168,9092.92530186,29.2681675,2017-08-09T00:00:00.000Z,2017-08-09T23:59:19.000Z,coinmarketcap_data_api_listings_historical
2017-08-09,1571,OCEAN,BurstOcean,burstocean,766,211827.0,0.04197243,8890.89441375,16.32727623,2017-08-09T00:00:00.000Z,2017-08-09T23:59:18.000Z,coinmarketcap_data_api_listings_historical
2017-08-09,1651,SCS,SpeedCash,speedcash,767,261830.680974,0.03379437,8848.40376738,27.60956955,2017-08-09T00:00:00.000Z,2017-08-09T23:59:20.000Z,coinmarketcap_data_api_listings_historical
2017-08-09,1538,CCM100,CCMiner,ccminer,768,2475732.0,0.00335779,8312.98052222,26.11686707,2017-08-09T00:00:00.000Z,2017-08-09T23:59:17.000Z,coinmarketcap_data_api_listings_historical
2017-08-09,1493,JIO,JIO Token,jio-token,769,1908127.7126,0.00434547,8291.70838336,237.64070129,2017-08-09T00:00:00.000Z,2017-08-09T23:59:16.000Z,coinmarketcap_data_api_listings_historical
2017-08-09,1570,GEERT,GeertCoin,geertcoin,770,5091199.615,0.00161176,8205.79664606,55.74017715,2017-08-09T00:00:00.000Z,2017-08-09T23:59:18.000Z,coinmarketcap_data_api_listings_historical
2017-08-09,1209,PEX,PosEx,posex,771,2453240.13869128,0.00334267,8200.36745564,6.43420124,2017-08-09T00:00:00.000Z,2017-08-09T23:59:10.000Z,coinmarketcap_data_api_listings_historical
2017-08-09,1090,SANDG,Save and Gain,save-and-gain,772,3064800.039,0.00264071,8093.24091224,254.63716125,2017-08-09T00:00:00.000Z,2017-08-09T23:59:08.000Z,coinmarketcap_data_api_listings_historical
2017-08-09,1682,QBK,Qibuck Asset,qibuck-asset,773,1494228.0,0.00503669,7525.96780716,5.0366931,2017-08-09T00:00:00.000Z,2017-08-09T23:59:20.000Z,coinmarketcap_data_api_listings_historical
2017-08-09,1196,ALTC,Antilitecoin,antilitecoin,774,31512613.2577524,0.00023399,7373.53440814,189.71572876,2017-08-09T00:00:00.000Z,2017-08-09T23:59:10.000Z,coinmarketcap_data_api_listings_historical
2017-08-09,884,P7C,P7Coin,p7coin,775,35220238.0,0.00020056,7063.77387814,20.6107235,2017-08-09T00:00:00.000Z,2017-08-09T23:59:06.000Z,coinmarketcap_data_api_listings_historical
2017-08-09,1523,MGM,Magnum,magnum,776,3748685.40567076,0.00183847,6891.83603533,1.30531192,2017-08-09T00:00:00.000Z,2017-08-09T23:59:18.000Z,coinmarketcap_data_api_listings_historical
2017-08-09,1040,SDP,SydPak,sydpak,777,158988.22943459,0.04208419,6690.8910134,10.50440121,2017-08-09T00:00:00.000Z,2017-08-09T23:59:07.000Z,coinmarketcap_data_api_listings_historical
2017-08-09,1574,LEX,Lex4All,lex4all,778,1000000.0,0.00646376,6463.75631914,2.22999597,2017-08-09T00:00:00.000Z,2017-08-09T23:59:17.000Z,coinmarketcap_data_api_listings_historical
2017-08-09,1579,BIOB,BioBar,biobar,779,885756.274,0.00715331,6336.08869511,109.51165771,2017-08-09T00:00:00.000Z,2017-08-09T23:59:18.000Z,coinmarketcap_data_api_listings_historical
2017-08-09,1539,ELS,Elysium,elysium,780,4005012.07735968,0.00157105,6292.09019733,67.21430206,2017-08-09T00:00:00.000Z,2017-08-09T23:59:18.000Z,coinmarketcap_data_api_listings_historical
2017-08-09,1512,ABN,Abncoin,abncoin,781,67700.0089999996,0.09219079,6241.3171229,384.51174927,2017-08-09T00:00:00.000Z,2017-08-09T23:59:17.000Z,coinmarketcap_data_api_listings_historical
2017-08-09,1747,ONX,Onix,onix,782,2975409.98540764,0.00197217,5868.02632893,172.64372253,2017-08-09T00:00:00.000Z,2017-08-09T23:59:22.000Z,coinmarketcap_data_api_listings_historical
2017-08-09,1479,NODC,NodeCoin,nodecoin,783,1678439.03711966,0.00284127,4768.89468094,0.34095213,2017-08-09T00:00:00.000Z,2017-08-09T23:59:15.000Z,coinmarketcap_data_api_listings_historical
2017-08-09,1661,ENV,Environ,environ,784,132626612.727357,3.261e-05,4324.35480429,13.37767601,2017-08-09T00:00:00.000Z,2017-08-09T23:59:19.000Z,coinmarketcap_data_api_listings_historical
2017-08-09,1228,XNG,Enigma [XNG],enigma-xng,785,16626.64074583,0.25039926,4163.29856752,214.93101501,2017-08-09T00:00:00.000Z,2017-08-09T23:59:10.000Z,coinmarketcap_data_api_listings_historical
2017-08-09,898,CF,Californium,californium,786,111110.0,0.03686963,4096.58461347,57.40781784,2017-08-09T00:00:00.000Z,2017-08-09T23:59:06.000Z,coinmarketcap_data_api_listings_historical
2017-08-09,865,SLFI,Selfiecoin,selfiecoin,787,107829280.730784,3.343e-05,3604.37492655,7.35386992,2017-08-09T00:00:00.000Z,2017-08-09T23:59:16.000Z,coinmarketcap_data_api_listings_historical
2017-08-09,1197,1CR,1CRedit,1credit,788,88213.0,0.03359381,2963.41118672,30.08401299,2017-08-09T00:00:00.000Z,2017-08-09T23:59:10.000Z,coinmarketcap_data_api_listings_historical
2017-08-09,1355,PIZZA,PizzaCoin,pizzacoin,789,1377917.18436082,0.00193875,2671.43346183,1.91140449,2017-08-09T00:00:00.000Z,2017-08-09T23:59:12.000Z,coinmarketcap_data_api_listings_historical
2017-08-09,1462,ZHS,Zcashshare,zcashshare,790,2826000.027,0.00060168,1700.34840511,1.34164667,2017-08-09T00:00:00.000Z,2017-08-09T23:59:15.000Z,coinmarketcap_data_api_listings_historical
2017-08-09,1279,PWR,PWR Coin,powercoin,791,49983870.0,3.343e-05,1670.79485775,212.56082153,2017-08-09T00:00:00.000Z,2017-08-09T23:59:11.000Z,coinmarketcap_data_api_listings_historical
2017-08-09,1114,DGCS,Digital Credits,digital-credits,792,5826388.00984588,0.00023399,1363.29767748,105.30731201,2017-08-09T00:00:00.000Z,2017-08-09T23:59:08.000Z,coinmarketcap_data_api_listings_historical
2017-08-09,1540,MUG,MikeTheMug,mikethemug,793,999279.0,0.00083945,838.84358239,0.08394489,2017-08-09T00:00:00.000Z,2017-08-09T23:59:16.000Z,coinmarketcap_data_api_listings_historical
2017-08-09,1687,DMB,Digital Money Bits,digital-money-bits,794,421300.0,0.00093472,393.79733188,167.4151001,2017-08-09T00:00:00.000Z,2017-08-09T23:59:21.000Z,coinmarketcap_data_api_listings_historical
2017-08-09,1411,CALC,CaliphCoin,caliphcoin,795,87140.0242300034,0.0012573,109.5613882,133.46327209,2017-08-09T00:00:00.000Z,2017-08-09T23:59:20.000Z,coinmarketcap_data_api_listings_historical
2017-08-09,1470,XEN,Xenixcoin,xenixcoin,796,10099.5438415296,0.00330924,33.42182722,36.76934814,2017-08-09T00:00:00.000Z,2017-08-09T23:59:14.000Z,coinmarketcap_data_api_listings_historical
2017-08-09,1691,NANOX,Project-X,project-x,797,,237329.421875,0.0,71.19873047,2017-08-09T00:00:00.000Z,2017-08-09T23:59:20.000Z,coinmarketcap_data_api_listings_historical
2017-08-09,1818,BTWTY,Bit20,bit20,798,,107176.09375,0.0,52.51628494,2017-08-09T00:00:00.000Z,2017-08-09T23:59:23.000Z,coinmarketcap_data_api_listings_historical
2017-08-09,1639,AMIS,AMIS,amis,799,,1488.5324707,0.0,80.49407196,2017-08-09T00:00:00.000Z,2017-08-09T23:59:20.000Z,coinmarketcap_data_api_listings_historical
2017-08-09,1631,XOT,Internet of Things,internet-of-things,800,,1002.79901123,0.0,648.82775879,2017-08-09T00:00:00.000Z,2017-08-09T23:59:18.000Z,coinmarketcap_data_api_listings_historical
2017-08-09,1809,TER,TerraNova,terranova,801,,371.60934448,0.0,26715.13085938,2017-08-09T00:00:00.000Z,2017-08-09T23:59:23.000Z,coinmarketcap_data_api_listings_historical
2017-08-09,1589,BTU,Bitcoin Unlimited (Futures),bitcoin-unlimited,802,,238.0,0.0,8054.30908203,2017-08-09T00:00:00.000Z,2017-08-09T23:59:18.000Z,coinmarketcap_data_api_listings_historical
2017-08-09,329,SYNC,Sync,sync,803,,165.09967041,0.0,3.30200529,2017-08-09T00:00:00.000Z,2017-08-09T10:59:03.000Z,coinmarketcap_data_api_listings_historical
2017-08-09,1653,MALC,Malcoin,malcoin,804,,43.56779861,0.0,57992.7265625,2017-08-09T00:00:00.000Z,2017-08-09T23:59:20.000Z,coinmarketcap_data_api_listings_historical
2017-08-09,1497,FRGC,Fargocoin,fargocoin,805,,7.77606678,0.0,891523.0,2017-08-09T00:00:00.000Z,2017-08-09T23:59:17.000Z,coinmarketcap_data_api_listings_historical
2017-08-09,1256,ABC,Alphabit,alphabitcoinfund,806,,6.66249132,0.0,976.33966064,2017-08-09T00:00:00.000Z,2017-08-09T23:59:11.000Z,coinmarketcap_data_api_listings_historical
2017-08-09,1762,ERG,Ergo,ergo,807,,6.05120039,0.0,2169.11938477,2017-08-09T00:00:00.000Z,2017-08-09T23:59:22.000Z,coinmarketcap_data_api_listings_historical
2017-08-09,1862,ETX,Etherx,etherx,808,,4.3053565,0.0,31.38939095,2017-08-09T00:00:00.000Z,2017-08-09T23:59:24.000Z,coinmarketcap_data_api_listings_historical
2017-08-09,1874,STCN,Stakecoin,stakecoin-stcn,809,,4.11148167,0.0,4368.8671875,2017-08-09T00:00:00.000Z,2017-08-09T23:59:24.000Z,coinmarketcap_data_api_listings_historical
2017-08-09,1522,FRST,FirstCoin,firstcoin,810,,4.03217554,0.0,364548.6875,2017-08-09T00:00:00.000Z,2017-08-09T23:59:16.000Z,coinmarketcap_data_api_listings_historical
2017-08-09,1750,GXC,GXChain,gxchain,811,,3.89071321,0.0,20129156.0,2017-08-09T00:00:00.000Z,2017-08-09T23:59:21.000Z,coinmarketcap_data_api_listings_historical
2017-08-09,1601,XDE2,XDE II,xde-ii,812,,1.90512025,0.0,24.31459999,2017-08-09T00:00:00.000Z,2017-08-09T23:59:19.000Z,coinmarketcap_data_api_listings_historical
2017-08-09,1796,FAL,Falcoin,falcoin,813,,1.6706655,0.0,2777.75708008,2017-08-09T00:00:00.000Z,2017-08-09T23:59:23.000Z,coinmarketcap_data_api_listings_historical
2017-08-09,1857,FYN,FundYourselfNow,fundyourselfnow,814,,1.50074399,0.0,3490.28662109,2017-08-09T00:00:00.000Z,2017-08-09T23:59:24.000Z,coinmarketcap_data_api_listings_historical
2017-08-09,828,VOYA,Voyacoin,voyacoin,815,,1.26346171,0.0,18.95189095,2017-08-09T00:00:00.000Z,2017-08-09T23:59:06.000Z,coinmarketcap_data_api_listings_historical
2017-08-09,34,BTG,Bitgem,bitgem,816,,1.26048672,0.0,228.83197021,2017-08-09T00:00:00.000Z,2017-08-09T23:59:00.000Z,coinmarketcap_data_api_listings_historical
2017-08-09,1798,FXE,FuturXe,futurexe,817,,1.2367872,0.0,26534.42382813,2017-08-09T00:00:00.000Z,2017-08-09T23:59:23.000Z,coinmarketcap_data_api_listings_historical
2017-08-09,1436,DMC,DynamicCoin,dynamiccoin,818,,0.99979776,0.0,913633.0625,2017-08-09T00:00:00.000Z,2017-08-09T23:59:13.000Z,coinmarketcap_data_api_listings_historical
2017-08-09,1804,OCN,OperaCoin,operacoin,819,,0.86431038,0.0,50709.35546875,2017-08-09T00:00:00.000Z,2017-08-09T12:14:22.000Z,coinmarketcap_data_api_listings_historical
2017-08-09,1464,IOP,Internet of People,internet-of-people,820,,0.77466333,0.0,126003.4609375,2017-08-09T00:00:00.000Z,2017-08-09T23:59:18.000Z,coinmarketcap_data_api_listings_historical
2017-08-09,1700,AE,Aeternity,aeternity,821,,0.68190426,0.0,9484.359375,2017-08-09T00:00:00.000Z,2017-08-09T23:59:20.000Z,coinmarketcap_data_api_listings_historical
2017-08-09,1360,THS,TechShares,techshares,822,,0.66859138,0.0,29325.36914063,2017-08-09T00:00:00.000Z,2017-08-09T23:59:12.000Z,coinmarketcap_data_api_listings_historical
2017-08-09,1863,MINEX,Minex,minex,823,,0.62517923,0.0,2760.63330078,2017-08-09T00:00:00.000Z,2017-08-09T23:59:24.000Z,coinmarketcap_data_api_listings_historical
2017-08-09,1770,RMC,Remicoin,remicoin,824,,0.5849669,0.0,1614.2010498,2017-08-09T00:00:00.000Z,2017-08-09T23:59:22.000Z,coinmarketcap_data_api_listings_historical
2017-08-09,549,SJCX,Storjcoin X,storjcoin-x,825,,0.52810812,0.0,296803.6875,2017-08-09T00:00:00.000Z,2017-08-09T23:59:06.000Z,coinmarketcap_data_api_listings_historical
2017-08-09,1094,IVZ,InvisibleCoin,invisiblecoin,826,,0.4527978,0.0,160.54872131,2017-08-09T00:00:00.000Z,2017-08-09T23:59:12.000Z,coinmarketcap_data_api_listings_historical
2017-08-09,1648,GUC,GoldUnionCoin,goldunioncoin,827,,0.43959427,0.0,267.36755371,2017-08-09T00:00:00.000Z,2017-08-09T23:59:19.000Z,coinmarketcap_data_api_listings_historical
2017-08-09,1264,TESLA,TeslaCoilCoin,teslacoilcoin,828,,0.42278066,0.0,1454.0892334,2017-08-09T00:00:00.000Z,2017-08-09T23:59:12.000Z,coinmarketcap_data_api_listings_historical
2017-08-09,1526,ZBC,Zilbercoin,zilbercoin,829,,0.4032501,0.0,3501.40600586,2017-08-09T00:00:00.000Z,2017-08-09T23:59:16.000Z,coinmarketcap_data_api_listings_historical
2017-08-09,1695,ZENGOLD,ZenGold,zengold,830,,0.36774042,0.0,63.51887894,2017-08-09T00:00:00.000Z,2017-08-09T23:59:20.000Z,coinmarketcap_data_api_listings_historical
2017-08-09,1640,DEUS,DeusCoin,deuscoin,831,,0.33757603,0.0,24060.84179688,2017-08-09T00:00:00.000Z,2017-08-09T23:59:20.000Z,coinmarketcap_data_api_listings_historical
2017-08-09,1135,CLUB,ClubCoin,clubcoin,832,,0.31984186,0.0,31135.60351563,2017-08-09T00:00:00.000Z,2017-08-09T23:59:09.000Z,coinmarketcap_data_api_listings_historical
2017-08-09,1157,APC,AlpaCoin,alpacoin,833,,0.28874323,0.0,7405.41503906,2017-08-09T00:00:00.000Z,2017-08-09T23:59:09.000Z,coinmarketcap_data_api_listings_historical
2017-08-09,1707,STEX,STEX,stex,834,,0.28464001,0.0,313.10400391,2017-08-09T00:00:00.000Z,2017-08-09T23:59:21.000Z,coinmarketcap_data_api_listings_historical
2017-08-09,1810,CVN,CVCoin,cvcoin,835,,0.26070955,0.0,923.78747559,2017-08-09T00:00:00.000Z,2017-08-09T23:59:23.000Z,coinmarketcap_data_api_listings_historical
2017-08-09,1120,DFT,DraftCoin,draftcoin,836,,0.25070012,0.0,7.32739592,2017-08-09T00:00:00.000Z,2017-08-09T23:59:09.000Z,coinmarketcap_data_api_listings_historical
2017-08-09,1665,GPL,Gold Pressed Latinum,gold-pressed-latinum,837,0.0,0.20844878,0.0,479.60787964,2017-08-09T00:00:00.000Z,2017-08-09T23:59:20.000Z,coinmarketcap_data_api_listings_historical
2017-08-09,1872,NDC,NEVERDIE,neverdie,838,,0.20182705,0.0,43022.1171875,2017-08-09T00:00:00.000Z,2017-08-09T23:59:24.000Z,coinmarketcap_data_api_listings_historical
2017-08-09,1873,TIX,Blocktix,blocktix,839,,0.19827583,0.0,11878.20214844,2017-08-09T00:00:00.000Z,2017-08-09T23:59:25.000Z,coinmarketcap_data_api_listings_historical
2017-08-09,1795,XID,Sphere Identity,sphere-identity,840,,0.17666379,0.0,143191.53125,2017-08-09T00:00:00.000Z,2017-08-09T23:59:23.000Z,coinmarketcap_data_api_listings_historical
2017-08-09,1821,DHG,DHG,dhg,841,,0.17665327,0.0,19637.04296875,2017-08-09T00:00:00.000Z,2017-08-09T23:59:23.000Z,coinmarketcap_data_api_listings_historical
2017-08-09,344,QORA,Qora,qora,842,,0.17473614,0.0,117.69919586,2017-08-09T00:00:00.000Z,2017-08-09T23:59:04.000Z,coinmarketcap_data_api_listings_historical
2017-08-09,1400,OMC,Omicron,omicron,843,,0.16753452,0.0,16.75341797,2017-08-09T00:00:00.000Z,2017-08-09T23:59:13.000Z,coinmarketcap_data_api_listings_historical
2017-08-09,1652,TYC,Tyrocoin,tyrocoin,844,,0.16713341,0.0,50.14002228,2017-08-09T00:00:00.000Z,2017-08-09T23:59:20.000Z,coinmarketcap_data_api_listings_historical
2017-08-09,1838,OCT,OracleChain,oraclechain,845,,0.16369411,0.0,371.59875488,2017-08-09T00:00:00.000Z,2017-08-09T23:59:24.000Z,coinmarketcap_data_api_listings_historical
2017-08-09,1835,XRY,Royalties,royalties,846,,0.13963348,0.0,1708.55053711,2017-08-09T00:00:00.000Z,2017-08-09T23:59:23.000Z,coinmarketcap_data_api_listings_historical
2017-08-09,1704,EBST,eBoost,eboostcoin,847,,0.13945611,0.0,40754.48828125,2017-08-09T00:00:00.000Z,2017-08-09T23:59:21.000Z,coinmarketcap_data_api_listings_historical
2017-08-09,1398,PROUD,PROUD Money,proud-money,848,,0.12982923,0.0,1204.80700684,2017-08-09T00:00:00.000Z,2017-08-09T23:59:15.000Z,coinmarketcap_data_api_listings_historical
2017-08-09,1487,PCS,Pabyosi Coin (Special),pabyosi-coin-special,849,,0.11543456,0.0,11694.45410156,2017-08-09T00:00:00.000Z,2017-08-09T23:59:15.000Z,coinmarketcap_data_api_listings_historical
2017-08-09,1352,GARY,President Johnson,president-johnson,850,,0.11284848,0.0,1106.65734863,2017-08-09T00:00:00.000Z,2017-08-09T23:59:12.000Z,coinmarketcap_data_api_listings_historical
2017-08-09,1345,WEC,Wowecoin,wowecoin,851,,0.102,0.0,89.91300201,2017-08-09T00:00:00.000Z,2017-08-09T23:59:13.000Z,coinmarketcap_data_api_listings_historical
2017-08-09,20,ELC,Elacoin,elacoin,852,,0.09703765,0.0,5.43346405,2017-08-09T00:00:00.000Z,2017-08-09T23:59:00.000Z,coinmarketcap_data_api_listings_historical
2017-08-09,1744,EMP,EMoneyPower,emoneypower,853,,0.09585548,0.0,261.31997681,2017-08-09T00:00:00.000Z,2017-08-09T23:59:21.000Z,coinmarketcap_data_api_listings_historical
2017-08-09,1749,TYCHO,Tychocoin,tychocoin,854,,0.09359471,0.0,2075.796875,2017-08-09T00:00:00.000Z,2017-08-09T23:59:22.000Z,coinmarketcap_data_api_listings_historical
2017-08-09,1542,GBG,Golos Gold,golos-gold,855,,0.08670881,0.0,94651.5,2017-08-09T00:00:00.000Z,2017-08-09T23:59:18.000Z,coinmarketcap_data_api_listings_historical
2017-08-09,1754,BRO,Bitradio,bitradio,856,,0.0835667,0.0,1.18856919,2017-08-09T00:00:00.000Z,2017-08-09T23:59:21.000Z,coinmarketcap_data_api_listings_historical
2017-08-09,1045,DCRE,DeltaCredits,deltacredits,857,,0.08012375,0.0,19.19941521,2017-08-09T00:00:00.000Z,2017-08-09T23:59:10.000Z,coinmarketcap_data_api_listings_historical
2017-08-09,1460,AXF,AxFunds,axfunds,858,,0.07641003,0.0,23655.10351563,2017-08-09T00:00:00.000Z,2017-08-09T23:59:20.000Z,coinmarketcap_data_api_listings_historical
2017-08-09,1858,FBC,FiboCoins,fibocoins,859,,0.06435867,0.0,31180.203125,2017-08-09T00:00:00.000Z,2017-08-09T23:59:24.000Z,coinmarketcap_data_api_listings_historical
2017-08-09,1864,CDT,Blox,blox,860,,0.06243235,0.0,1430415.5,2017-08-09T00:00:00.000Z,2017-08-09T23:59:25.000Z,coinmarketcap_data_api_listings_historical
2017-08-09,1647,TLE,Tattoocoin (Limited Edition),tattoocoin-limited,861,,0.06016802,0.0,60.16802597,2017-08-09T00:00:00.000Z,2017-08-09T23:59:19.000Z,coinmarketcap_data_api_listings_historical
2017-08-09,1746,XLC,Leviar,leviar,862,,0.05682536,0.0,188.36929321,2017-08-09T00:00:00.000Z,2017-08-09T23:59:22.000Z,coinmarketcap_data_api_listings_historical
2017-08-09,1871,BITCF,First Bitcoin Capital,first-bitcoin-capital,863,,0.05665822,0.0,9764.55761719,2017-08-09T00:00:00.000Z,2017-08-09T23:59:24.000Z,coinmarketcap_data_api_listings_historical
2017-08-09,1663,TOPAZ,Topaz Coin,topaz,864,,0.05070828,0.0,10.02800369,2017-08-09T00:00:00.000Z,2017-08-09T23:59:20.000Z,coinmarketcap_data_api_listings_historical
2017-08-09,1146,AV,AvatarCoin,avatarcoin,865,,0.04332098,0.0,391.61633301,2017-08-09T00:00:00.000Z,2017-08-09T23:59:09.000Z,coinmarketcap_data_api_listings_historical
2017-08-09,1664,SNAKE,SnakeEyes,snakeeyes,866,0.0,0.03567658,0.0,68.67740631,2017-08-09T00:00:00.000Z,2017-08-09T23:59:20.000Z,coinmarketcap_data_api_listings_historical
2017-08-09,1832,HMC,HarmonyCoin,harmonycoin-hmc,867,,0.0353889,0.0,17237.34960938,2017-08-09T00:00:00.000Z,2017-08-09T23:59:23.000Z,coinmarketcap_data_api_listings_historical
2017-08-09,1449,WA,WA Space,wa-space,868,,0.03449633,0.0,3967.88085938,2017-08-09T00:00:00.000Z,2017-08-09T23:59:14.000Z,coinmarketcap_data_api_listings_historical
2017-08-09,353,HYPER,Hyper,hyper,869,,0.03356621,0.0,102.52410889,2017-08-09T00:00:00.000Z,2017-08-09T23:59:04.000Z,coinmarketcap_data_api_listings_historical
2017-08-09,1507,LDCN,LandCoin,landcoin,870,,0.0321437,0.0,62.69979477,2017-08-09T00:00:00.000Z,2017-08-09T23:59:17.000Z,coinmarketcap_data_api_listings_historical
2017-08-09,899,TP1,KolschCoin,kolschcoin,871,,0.03025115,0.0,0.41131529,2017-08-09T00:00:00.000Z,2017-08-09T23:59:07.000Z,coinmarketcap_data_api_listings_historical
2017-08-09,1594,YOG,Yogold,yogold,872,,0.02600596,0.0,174.9896698,2017-08-09T00:00:00.000Z,2017-08-09T23:59:21.000Z,coinmarketcap_data_api_listings_historical
2017-08-09,1490,HLB,Lepaoquan,lepaoquan,873,,0.02444133,0.0,282134.40625,2017-08-09T00:00:00.000Z,2017-08-09T23:59:15.000Z,coinmarketcap_data_api_listings_historical
2017-08-09,1846,GSR,GeyserCoin,geysercoin,874,,0.02174787,0.0,756.8894043,2017-08-09T00:00:00.000Z,2017-08-09T23:59:24.000Z,coinmarketcap_data_api_listings_historical
2017-08-09,1600,UTA,UtaCoin,utacoin,875,,0.02159364,0.0,866.91845703,2017-08-09T00:00:00.000Z,2017-08-09T23:59:19.000Z,coinmarketcap_data_api_listings_historical
2017-08-09,1859,FEI,Fuda Energy,fuda-energy,876,,0.02065945,0.0,33526.16796875,2017-08-09T00:00:00.000Z,2017-08-09T23:59:24.000Z,coinmarketcap_data_api_listings_historical
2017-08-09,969,SHELL,ShellPay,shellpay,877,,0.02006062,0.0,21393.51367188,2017-08-09T00:00:00.000Z,2017-08-09T23:59:07.000Z,coinmarketcap_data_api_listings_historical
2017-08-09,1452,NBIT,netBit,netbit,878,,0.01788327,0.0,54.61642075,2017-08-09T00:00:00.000Z,2017-08-09T23:59:15.000Z,coinmarketcap_data_api_listings_historical
2017-08-09,841,SAK,Sharkcoin,sharkcoin,879,,0.01718161,0.0,329.13500977,2017-08-09T00:00:00.000Z,2017-08-09T23:59:19.000Z,coinmarketcap_data_api_listings_historical
2017-08-09,1329,GYC,Gycoin,gycoin,880,,0.0164406,0.0,111646.6171875,2017-08-09T00:00:00.000Z,2017-08-09T23:59:11.000Z,coinmarketcap_data_api_listings_historical
2017-08-09,924,SHELL,ShellCoin,shellcoin,881,,0.01581394,0.0,8.65714359,2017-08-09T00:00:00.000Z,2017-08-09T11:49:06.000Z,coinmarketcap_data_api_listings_historical
2017-08-09,1111,SOIL,SOILcoin,soilcoin,882,,0.01510742,0.0,262.85131836,2017-08-09T00:00:00.000Z,2017-08-09T23:59:08.000Z,coinmarketcap_data_api_listings_historical
2017-08-09,1860,HBC,HBCoin,hbcoin,883,,0.01429694,0.0,26658.38867188,2017-08-09T00:00:00.000Z,2017-08-09T23:59:24.000Z,coinmarketcap_data_api_listings_historical
2017-08-09,1645,DASHS,Dashs,dashs,884,,0.01393893,0.0,3.81913185,2017-08-09T00:00:00.000Z,2017-08-09T23:59:20.000Z,coinmarketcap_data_api_listings_historical
2017-08-09,912,EGG,EggCoin,eggcoin,885,,0.01278078,0.0,1.45683861,2017-08-09T00:00:00.000Z,2017-08-09T03:14:18.000Z,coinmarketcap_data_api_listings_historical
2017-08-09,1319,XID,International Diamond,international-diamond,886,,0.01169934,0.0,1.16759396,2017-08-09T00:00:00.000Z,2017-08-09T23:59:13.000Z,coinmarketcap_data_api_listings_historical
2017-08-09,1203,PSY,Psilocybin,psilocybin,887,,0.01166591,0.0,84.4270401,2017-08-09T00:00:00.000Z,2017-08-09T23:59:10.000Z,coinmarketcap_data_api_listings_historical
2017-08-09,1406,MG,Mind Gene,mind-gene,888,,0.01136507,0.0,2840.93359375,2017-08-09T00:00:00.000Z,2017-08-09T23:59:16.000Z,coinmarketcap_data_api_listings_historical
2017-08-09,597,OPAL,Opal,opal,889,,0.01076035,0.0,28.7458477,2017-08-09T00:00:00.000Z,2017-08-09T23:59:05.000Z,coinmarketcap_data_api_listings_historical
2017-08-09,1790,WOMEN,WomenCoin,women,890,,0.01015701,0.0,732.92767334,2017-08-09T00:00:00.000Z,2017-08-09T23:59:23.000Z,coinmarketcap_data_api_listings_historical
2017-08-09,1216,EDRC,EDRCoin,edrcoin,891,,0.00980124,0.0,3348.38134766,2017-08-09T00:00:00.000Z,2017-08-09T23:59:10.000Z,coinmarketcap_data_api_listings_historical
2017-08-09,1233,BRAIN,Braincoin,braincoin,892,,0.00885807,0.0,285.92279053,2017-08-09T00:00:00.000Z,2017-08-09T23:59:11.000Z,coinmarketcap_data_api_listings_historical
2017-08-09,1364,DTF,Digitalfund,digitalfund,893,,0.00853325,0.0,33858.3984375,2017-08-09T00:00:00.000Z,2017-08-09T23:59:14.000Z,coinmarketcap_data_api_listings_historical
2017-08-09,70,BET,BetaCoin,betacoin,894,,0.0069874,0.0,271.54919434,2017-08-09T00:00:00.000Z,2017-08-09T23:59:01.000Z,coinmarketcap_data_api_listings_historical
2017-08-09,1020,AXIOM,Axiom,axiom,895,,0.00668534,0.0,35.00435257,2017-08-09T00:00:00.000Z,2017-08-09T23:59:09.000Z,coinmarketcap_data_api_listings_historical
2017-08-09,1875,NXX,Nexxus,nexxus,896,,0.00605251,0.0,15769.43945313,2017-08-09T00:00:00.000Z,2017-08-09T23:59:25.000Z,coinmarketcap_data_api_listings_historical
2017-08-09,911,AIB,Advanced Internet Blocks,advanced-internet-blocks,897,,0.00570146,0.0,7.41758108,2017-08-09T00:00:00.000Z,2017-08-09T23:59:08.000Z,coinmarketcap_data_api_listings_historical
2017-08-09,1598,ZSE,ZSEcoin,zsecoin,898,,0.00553263,0.0,66.03046417,2017-08-09T00:00:00.000Z,2017-08-09T23:59:17.000Z,coinmarketcap_data_api_listings_historical
2017-08-09,1323,BIT,First Bitcoin,first-bitcoin,899,,0.00541512,0.0,1097.51306152,2017-08-09T00:00:00.000Z,2017-08-09T23:59:11.000Z,coinmarketcap_data_api_listings_historical
2017-08-09,1599,MAVRO,Mavro,mavro,900,,0.0053817,0.0,5.4117794,2017-08-09T00:00:00.000Z,2017-08-09T23:59:17.000Z,coinmarketcap_data_api_listings_historical
2017-08-09,1675,GP,Goldpay Coin,goldpay-coin,901,,0.00530708,0.0,248793.328125,2017-08-09T00:00:00.000Z,2017-08-09T23:59:20.000Z,coinmarketcap_data_api_listings_historical
2017-08-09,1269,RICHX,RichCoin,richcoin,902,,0.00518114,0.0,6.27722979,2017-08-09T00:00:00.000Z,2017-08-09T23:59:11.000Z,coinmarketcap_data_api_listings_historical
2017-08-09,796,METAL,MetalCoin,metalcoin,903,,0.00514771,0.0,50.57951355,2017-08-09T00:00:00.000Z,2017-08-09T23:59:07.000Z,coinmarketcap_data_api_listings_historical
2017-08-09,1348,PRES,President Trump,president-trump,904,,0.00512559,0.0,571.44805908,2017-08-09T00:00:00.000Z,2017-08-09T23:59:13.000Z,coinmarketcap_data_api_listings_historical
2017-08-09,1655,XBG,BTCGold,btcgold,905,0.0,0.00457946,0.0,20.87255478,2017-08-09T00:00:00.000Z,2017-08-09T23:59:20.000Z,coinmarketcap_data_api_listings_historical
2017-08-09,733,XQN,Quotient,quotient,906,,0.00454603,0.0,141.67230225,2017-08-09T00:00:00.000Z,2017-08-09T23:59:06.000Z,coinmarketcap_data_api_listings_historical
2017-08-09,1317,BGC,BagCoin,bagcoin,907,,0.00438789,0.0,171689.3125,2017-08-09T00:00:00.000Z,2017-08-09T23:59:11.000Z,coinmarketcap_data_api_listings_historical
2017-08-09,1440,RYCN,RoyalCoin 2,royalcoin-2,908,,0.00436387,0.0,107.95713806,2017-08-09T00:00:00.000Z,2017-08-09T23:59:14.000Z,coinmarketcap_data_api_listings_historical
2017-08-09,1117,RUBIT,RubleBit,rublebit,909,,0.00434554,0.0,2585.69287109,2017-08-09T00:00:00.000Z,2017-08-09T23:59:09.000Z,coinmarketcap_data_api_listings_historical
2017-08-09,1741,BITOK,Bitok,bitok,910,,0.00401456,0.0,2128.61425781,2017-08-09T00:00:00.000Z,2017-08-09T23:59:22.000Z,coinmarketcap_data_api_listings_historical
2017-08-09,419,GML,GameLeagueCoin,gameleaguecoin,911,,0.00384407,0.0,17.74936676,2017-08-09T00:00:00.000Z,2017-08-09T23:59:04.000Z,coinmarketcap_data_api_listings_historical
2017-08-09,876,TRICK,TrickyCoin,trickycoin,912,,0.00381064,0.0,32.52733612,2017-08-09T00:00:00.000Z,2017-08-09T23:59:06.000Z,coinmarketcap_data_api_listings_historical
2017-08-09,1246,CLINT,Clinton,clinton,913,,0.00357665,0.0,3.89534473,2017-08-09T00:00:00.000Z,2017-08-09T23:59:11.000Z,coinmarketcap_data_api_listings_historical
2017-08-09,1783,UNRC,UniversalRoyalCoin,universalroyalcoin,914,,0.00354323,0.0,242.12059021,2017-08-09T00:00:00.000Z,2017-08-09T23:59:22.000Z,coinmarketcap_data_api_listings_historical
2017-08-09,1755,FLASH,Flash,flash,915,,0.0035098,0.0,69.26320648,2017-08-09T00:00:00.000Z,2017-08-09T23:59:22.000Z,coinmarketcap_data_api_listings_historical
2017-08-09,1635,FAZZ,Fazzcoin,fazzcoin,916,,0.00349257,0.0,51.36812592,2017-08-09T00:00:00.000Z,2017-08-09T23:59:20.000Z,coinmarketcap_data_api_listings_historical
2017-08-09,1761,MGC,GulfCoin,gulfcoin,917,,0.00348946,0.0,2965.86987305,2017-08-09T00:00:00.000Z,2017-08-09T23:59:22.000Z,coinmarketcap_data_api_listings_historical
2017-08-09,1242,OCOW,OCOW,ocow,918,,0.00344295,0.0,0.43050221,2017-08-09T00:00:00.000Z,2017-08-09T23:59:12.000Z,coinmarketcap_data_api_listings_historical
2017-08-09,795,SOON,SoonCoin,sooncoin,919,,0.00330924,0.0,8.04984474,2017-08-09T00:00:00.000Z,2017-08-09T23:59:07.000Z,coinmarketcap_data_api_listings_historical
2017-08-09,360,MOTO,Motocoin,motocoin,920,,0.00308985,0.0,67.39112854,2017-08-09T00:00:00.000Z,2017-08-09T23:59:03.000Z,coinmarketcap_data_api_listings_historical
2017-08-09,199,SKC,Skeincoin,skeincoin,921,,0.00287469,0.0,57.4295311,2017-08-09T00:00:00.000Z,2017-08-09T23:59:02.000Z,coinmarketcap_data_api_listings_historical
2017-08-09,1158,BAC,BitAlphaCoin,bitalphacoin,922,,0.00277441,0.0,104.33252716,2017-08-09T00:00:00.000Z,2017-08-09T23:59:09.000Z,coinmarketcap_data_api_listings_historical
2017-08-09,1756,SKULL,Pirate Blocks,pirate-blocks,923,,0.00270774,0.0,826.0557251,2017-08-09T00:00:00.000Z,2017-08-09T23:59:22.000Z,coinmarketcap_data_api_listings_historical
2017-08-09,1273,CTL,Citadel,citadel,924,,0.00240101,0.0,132.7051239,2017-08-09T00:00:00.000Z,2017-08-09T23:59:10.000Z,coinmarketcap_data_api_listings_historical
2017-08-09,1174,MMXVI,MMXVI,mmxvi,925,,0.00227915,0.0,0.45579705,2017-08-09T00:00:00.000Z,2017-08-09T23:04:09.000Z,coinmarketcap_data_api_listings_historical
2017-08-09,1356,TODAY,TodayCoin,todaycoin,926,,0.00217273,0.0,92.88645935,2017-08-09T00:00:00.000Z,2017-08-09T23:59:19.000Z,coinmarketcap_data_api_listings_historical
2017-08-09,385,DON,Donationcoin,donationcoin,927,,0.00193875,0.0,100023.515625,2017-08-09T00:00:00.000Z,2017-08-09T23:59:04.000Z,coinmarketcap_data_api_listings_historical
2017-08-09,1287,DBG,Digital Bullion Gold,digital-bullion-gold,928,,0.00183847,0.0,0.91341746,2017-08-09T00:00:00.000Z,2017-08-09T23:59:11.000Z,coinmarketcap_data_api_listings_historical
2017-08-09,1385,SPORT,SportsCoin,sportscoin,929,,0.00170476,0.0,99.860672,2017-08-09T00:00:00.000Z,2017-08-09T23:59:12.000Z,coinmarketcap_data_api_listings_historical
2017-08-09,1006,FUTC,FutCoin,futcoin,930,,0.0015042,0.0,79.08217621,2017-08-09T00:00:00.000Z,2017-08-09T23:59:07.000Z,coinmarketcap_data_api_listings_historical
2017-08-09,1435,QBT,Cubits,cubits,931,,0.00150376,0.0,84.03855896,2017-08-09T00:00:00.000Z,2017-08-09T23:59:14.000Z,coinmarketcap_data_api_listings_historical
2017-08-09,1565,MARX,MarxCoin,marxcoin,932,,0.00141184,0.0,1851.99157715,2017-08-09T00:00:00.000Z,2017-08-09T23:59:19.000Z,coinmarketcap_data_api_listings_historical
2017-08-09,1672,9COIN,9COIN,9coin,933,,0.00140392,0.0,1235.30627441,2017-08-09T00:00:00.000Z,2017-08-09T23:59:20.000Z,coinmarketcap_data_api_listings_historical
2017-08-09,1151,OPES,Opescoin,opescoin,934,,0.00137049,0.0,4.01217079,2017-08-09T00:00:00.000Z,2017-08-09T23:59:09.000Z,coinmarketcap_data_api_listings_historical
2017-08-09,584,N8V,NativeCoin,native-coin,935,,0.00133707,0.0,15.16935253,2017-08-09T00:00:00.000Z,2017-08-09T23:59:05.000Z,coinmarketcap_data_api_listings_historical
2017-08-09,1231,COXST,CoExistCoin,coexistcoin,936,,0.00133707,0.0,2.07713389,2017-08-09T00:00:00.000Z,2017-08-09T23:59:10.000Z,coinmarketcap_data_api_listings_historical
2017-08-09,1428,ROYAL,RoyalCoin,royalcoin,937,,0.00133707,0.0,67.72786713,2017-08-09T00:00:00.000Z,2017-08-09T23:59:13.000Z,coinmarketcap_data_api_listings_historical
2017-08-09,1844,MEN,PeopleCoin,peoplecoin,938,,0.00133707,0.0,34802.234375,2017-08-09T00:00:00.000Z,2017-08-09T23:59:23.000Z,coinmarketcap_data_api_listings_historical
2017-08-09,980,DUB,Dubstep,dubstep,939,,0.00116993,0.0,5.61157084,2017-08-09T00:00:00.000Z,2017-08-09T23:59:07.000Z,coinmarketcap_data_api_listings_historical
2017-08-09,988,IRL,IrishCoin,irishcoin,940,,0.00113651,0.0,51.83836365,2017-08-09T00:00:00.000Z,2017-08-09T23:59:17.000Z,coinmarketcap_data_api_listings_historical
2017-08-09,1328,FRWC,FrankyWillCoin,frankywillcoin,941,,0.00113651,0.0,5.08379698,2017-08-09T00:00:00.000Z,2017-08-09T23:59:12.000Z,coinmarketcap_data_api_listings_historical
2017-08-09,1446,CBD,CBD Crystals,cbd-crystals,942,,0.00110308,0.0,0.89289349,2017-08-09T00:00:00.000Z,2017-08-09T23:59:15.000Z,coinmarketcap_data_api_listings_historical
2017-08-09,1584,GMB,Gambleo,gambleo,943,,0.00106965,0.0,0.34228921,2017-08-09T00:00:00.000Z,2017-08-09T23:59:17.000Z,coinmarketcap_data_api_listings_historical
2017-08-09,1604,BEST,BestChain,bestchain,944,,0.00100916,0.0,491.38018799,2017-08-09T00:00:00.000Z,2017-08-09T23:59:19.000Z,coinmarketcap_data_api_listings_historical
2017-08-09,411,SHA,SHACoin,shacoin,945,,0.0010028,0.0,163.02217102,2017-08-09T00:00:00.000Z,2017-08-09T23:59:05.000Z,coinmarketcap_data_api_listings_historical
2017-08-09,1561,UR,UR,ur,946,,0.00097786,0.0,831.94622803,2017-08-09T00:00:00.000Z,2017-08-09T23:59:17.000Z,coinmarketcap_data_api_listings_historical
2017-08-09,278,QBC,Quebecoin,quebecoin,947,,0.00096937,0.0,9.70944786,2017-08-09T00:00:00.000Z,2017-08-09T23:59:03.000Z,coinmarketcap_data_api_listings_historical
2017-08-09,1402,LAZ,Lazaruscoin,lazaruscoin,948,,0.00096937,0.0,486.82775879,2017-08-09T00:00:00.000Z,2017-08-09T23:59:14.000Z,coinmarketcap_data_api_listings_historical
2017-08-09,1425,SKR,Sakuracoin,sakuracoin,949,,0.00092814,0.0,42.5805397,2017-08-09T00:00:00.000Z,2017-08-09T23:59:14.000Z,coinmarketcap_data_api_listings_historical
2017-08-09,1557,TERA,TeraCoin,teracoin,950,,0.00080224,0.0,617.30523682,2017-08-09T00:00:00.000Z,2017-08-09T23:59:16.000Z,coinmarketcap_data_api_listings_historical
2017-08-09,1222,OP,Operand,operand,951,,0.00073539,0.0,2.00560093,2017-08-09T00:00:00.000Z,2017-08-09T23:59:10.000Z,coinmarketcap_data_api_listings_historical
2017-08-09,992,CYC,Cycling Coin,cycling-coin,952,,0.00066853,0.0,1.26376247,2017-08-09T00:00:00.000Z,2017-08-09T23:59:07.000Z,coinmarketcap_data_api_listings_historical
2017-08-09,1742,HNC,Huncoin,huncoin,953,,0.00066116,0.0,3.12181449,2017-08-09T00:00:00.000Z,2017-08-09T12:29:20.000Z,coinmarketcap_data_api_listings_historical
2017-08-09,1623,BLAZR,BlazerCoin,blazercoin,954,,0.00063511,0.0,79.10992432,2017-08-09T00:00:00.000Z,2017-08-09T23:59:19.000Z,coinmarketcap_data_api_listings_historical
2017-08-09,1633,RHFC,RHFCoin,rhfcoin,955,,0.00060168,0.0,76.58701324,2017-08-09T00:00:00.000Z,2017-08-09T23:59:18.000Z,coinmarketcap_data_api_listings_historical
2017-08-09,1336,GAIN,UGAIN,ugain,956,,0.00056825,0.0,0.48080936,2017-08-09T00:00:00.000Z,2017-08-09T23:59:13.000Z,coinmarketcap_data_api_listings_historical
2017-08-09,1243,DISK,DarkLisk,darklisk,957,,0.0005014,0.0,0.50160074,2017-08-09T00:00:00.000Z,2017-08-09T23:59:19.000Z,coinmarketcap_data_api_listings_historical
2017-08-09,1271,PRM,PrismChain,prismchain,958,,0.0005014,0.0,173.88458252,2017-08-09T00:00:00.000Z,2017-08-09T23:59:10.000Z,coinmarketcap_data_api_listings_historical
2017-08-09,86,ASC,AsicCoin,asiccoin,959,,0.00047852,0.0,0.4785246,2017-08-09T00:00:00.000Z,2017-08-09T23:59:01.000Z,coinmarketcap_data_api_listings_historical
2017-08-09,1553,NTCC,Neptune Classic,neptune-classic,960,,0.00043455,0.0,242.30662537,2017-08-09T00:00:00.000Z,2017-08-09T23:59:17.000Z,coinmarketcap_data_api_listings_historical
2017-08-09,1865,WINK,Wink,wink,961,,0.00038673,0.0,7213.24804688,2017-08-09T00:00:00.000Z,2017-08-09T23:59:24.000Z,coinmarketcap_data_api_listings_historical
2017-08-09,1065,FONZ,Fonziecoin,fonziecoin,962,,0.00036769,0.0,18.72089005,2017-08-09T00:00:00.000Z,2017-08-09T23:59:08.000Z,coinmarketcap_data_api_listings_historical
2017-08-09,1533,ACN,Avoncoin,avoncoin,963,,0.00033427,0.0,318.59112549,2017-08-09T00:00:00.000Z,2017-08-09T23:59:17.000Z,coinmarketcap_data_api_listings_historical
2017-08-09,1099,MONETA,Moneta,moneta2,964,,0.00030084,0.0,26.58146477,2017-08-09T00:00:00.000Z,2017-08-09T23:59:08.000Z,coinmarketcap_data_api_listings_historical
2017-08-09,1422,LTH,LAthaan,lathaan,965,,0.00030084,0.0,12.18816948,2017-08-09T00:00:00.000Z,2017-08-09T23:59:14.000Z,coinmarketcap_data_api_listings_historical
2017-08-09,303,VGC,VegasCoin,vegascoin,966,,0.00026741,0.0,10.02800369,2017-08-09T00:00:00.000Z,2017-08-09T23:59:03.000Z,coinmarketcap_data_api_listings_historical
2017-08-09,1236,TCR,TheCreed,thecreed,967,,0.00026741,0.0,503.97506714,2017-08-09T00:00:00.000Z,2017-08-09T23:59:10.000Z,coinmarketcap_data_api_listings_historical
2017-08-09,1827,PRIMU,Primulon,primulon,968,,0.00026683,0.0,1619.43737793,2017-08-09T00:00:00.000Z,2017-08-09T23:59:24.000Z,coinmarketcap_data_api_listings_historical
2017-08-09,1416,MBL,MobileCash,mobilecash,969,,0.00023399,0.0,2.81967425,2017-08-09T00:00:00.000Z,2017-08-09T23:59:14.000Z,coinmarketcap_data_api_listings_historical
2017-08-09,1627,XVE,The Vegan Initiative,the-vegan-initiative,970,,0.00023399,0.0,33.42664719,2017-08-09T00:00:00.000Z,2017-08-09T23:59:19.000Z,coinmarketcap_data_api_listings_historical
2017-08-09,1679,HALLO,Halloween Coin,halloween-coin,971,,0.00016722,0.0,286.96282959,2017-08-09T00:00:00.000Z,2017-08-09T23:59:20.000Z,coinmarketcap_data_api_listings_historical
2017-08-09,1313,LKC,LinkedCoin,linkedcoin,972,,0.00016713,0.0,27.47335434,2017-08-09T00:00:00.000Z,2017-08-09T23:59:12.000Z,coinmarketcap_data_api_listings_historical
2017-08-09,1393,TELL,Tellurion,tellurion,973,,0.00013349,0.0,83.24082184,2017-08-09T00:00:00.000Z,2017-08-09T23:59:13.000Z,coinmarketcap_data_api_listings_historical
2017-08-09,700,FFC,FireFlyCoin,fireflycoin,974,,0.00013081,0.0,874.28637695,2017-08-09T00:00:00.000Z,2017-08-09T23:59:08.000Z,coinmarketcap_data_api_listings_historical
2017-08-09,1849,BIRDS,Birds,birds,975,,0.00012975,0.0,169.40324402,2017-08-09T00:00:00.000Z,2017-08-09T23:59:23.000Z,coinmarketcap_data_api_listings_historical
2017-08-09,150,ANI,Animecoin,animecoin,976,,0.00010028,0.0,165.93161011,2017-08-09T00:00:00.000Z,2017-08-09T23:59:02.000Z,coinmarketcap_data_api_listings_historical
2017-08-09,1330,POKE,PokeCoin,pokecoin,977,,0.00010028,0.0,3.01799464,2017-08-09T00:00:00.000Z,2017-08-09T23:59:12.000Z,coinmarketcap_data_api_listings_historical
2017-08-09,1431,TEAM,TeamUp,teamup,978,,0.00010028,0.0,0.40112016,2017-08-09T00:00:00.000Z,2017-08-09T23:59:14.000Z,coinmarketcap_data_api_listings_historical
2017-08-09,1489,TCOIN,T-coin,t-coin,979,,0.00010028,0.0,2095.12841797,2017-08-09T00:00:00.000Z,2017-08-09T23:59:15.000Z,coinmarketcap_data_api_listings_historical
2017-08-09,1728,CHEAP,Cheapcoin,cheapcoin,980,,0.00010028,0.0,110.65892792,2017-08-09T00:00:00.000Z,2017-08-09T23:59:21.000Z,coinmarketcap_data_api_listings_historical
2017-08-09,1530,LEPEN,LePen,lepen,981,,9.842e-05,0.0,199.22993469,2017-08-09T00:00:00.000Z,2017-08-09T23:59:16.000Z,coinmarketcap_data_api_listings_historical
2017-08-09,1351,ACES,Aces,aces,982,,9.222e-05,0.0,2.84143496,2017-08-09T00:00:00.000Z,2017-08-09T23:59:16.000Z,coinmarketcap_data_api_listings_historical
2017-08-09,1551,KASHH,KashhCoin,kashhcoin,983,,9.112e-05,0.0,68.18521118,2017-08-09T00:00:00.000Z,2017-08-09T23:59:19.000Z,coinmarketcap_data_api_listings_historical
2017-08-09,878,CC,CyberCoin,cybercoin,984,,6.685e-05,0.0,9.2844944,2017-08-09T00:00:00.000Z,2017-08-09T23:59:06.000Z,coinmarketcap_data_api_listings_historical
2017-08-09,1119,CME,Cashme,cashme,985,,6.685e-05,0.0,14.25537586,2017-08-09T00:00:00.000Z,2017-08-09T23:59:18.000Z,coinmarketcap_data_api_listings_historical
2017-08-09,1131,X2,X2,x2,986,,6.685e-05,0.0,7.36115694,2017-08-09T00:00:00.000Z,2017-08-09T23:59:09.000Z,coinmarketcap_data_api_listings_historical
2017-08-09,1207,PAYP,PayPeer,paypeer,987,,6.685e-05,0.0,7.92820692,2017-08-09T00:00:00.000Z,2017-08-09T23:59:12.000Z,coinmarketcap_data_api_listings_historical
2017-08-09,1301,HCC,Happy Creator Coin,happy-creator-coin,988,,6.685e-05,0.0,97.24586487,2017-08-09T00:00:00.000Z,2017-08-09T23:59:12.000Z,coinmarketcap_data_api_listings_historical
2017-08-09,1450,GBRC,Global Business Revolution,global-business-revolution,989,,6.685e-05,0.0,82.78966522,2017-08-09T00:00:00.000Z,2017-08-09T23:59:14.000Z,coinmarketcap_data_api_listings_historical
2017-08-09,1451,WOW,Wowcoin,wowcoin,990,,6.655e-05,0.0,6.73124361,2017-08-09T00:00:00.000Z,2017-08-09T23:59:14.000Z,coinmarketcap_data_api_listings_historical
2017-08-09,1484,MONEY,MoneyCoin,moneycoin,991,,4.606e-05,0.0,27.16438675,2017-08-09T00:00:00.000Z,2017-08-09T23:59:15.000Z,coinmarketcap_data_api_listings_historical
2017-08-09,1504,IFLT,InflationCoin,inflationcoin,992,,4.19e-05,0.0,1206.82263184,2017-08-09T00:00:00.000Z,2017-08-09T23:59:17.000Z,coinmarketcap_data_api_listings_historical
2017-08-09,586,BGR,Bongger,bongger,993,,3.493e-05,0.0,0.30549055,2017-08-09T00:00:00.000Z,2017-08-09T23:59:04.000Z,coinmarketcap_data_api_listings_historical
2017-08-09,116,KARMA,Karmacoin,karmacoin,994,,3.343e-05,0.0,1.43400455,2017-08-09T00:00:00.000Z,2017-08-09T23:59:02.000Z,coinmarketcap_data_api_listings_historical
2017-08-09,855,UNC,UNCoin,uncoin,995,,3.343e-05,0.0,58.58818817,2017-08-09T00:00:00.000Z,2017-08-09T23:59:06.000Z,coinmarketcap_data_api_listings_historical
2017-08-09,1167,STRB,SuperTurboStake,superturbostake,996,,3.343e-05,0.0,7.01963615,2017-08-09T00:00:00.000Z,2017-08-09T23:59:09.000Z,coinmarketcap_data_api_listings_historical
2017-08-09,1258,SOUL,SoulCoin,soulcoin,997,,3.343e-05,0.0,29.17955399,2017-08-09T00:00:00.000Z,2017-08-09T23:59:10.000Z,coinmarketcap_data_api_listings_historical
2017-08-09,1262,SFE,SafeCoin,safecoin-old,998,,3.343e-05,0.0,0.35098013,2017-08-09T00:00:00.000Z,2017-08-09T23:59:12.000Z,coinmarketcap_data_api_listings_historical
2017-08-09,1331,HILL,President Clinton,president-clinton,999,,3.343e-05,0.0,1.67233682,2017-08-09T00:00:00.000Z,2017-08-09T23:59:11.000Z,coinmarketcap_data_api_listings_historical
2017-08-09,1418,RCN,Rcoin,rcoin,1000,,3.343e-05,0.0,7.0195694,2017-08-09T00:00:00.000Z,2017-08-09T23:59:13.000Z,coinmarketcap_data_api_listings_historical
2017-08-09,1508,BURN,President Sanders,president-sanders,1001,,3.343e-05,0.0,506.90542603,2017-08-09T00:00:00.000Z,2017-08-09T23:59:15.000Z,coinmarketcap_data_api_listings_historical
2017-08-09,1689,QRZ,Quartz,quartz-qrz,1002,,3.343e-05,0.0,41.27155304,2017-08-09T00:00:00.000Z,2017-08-09T23:59:20.000Z,coinmarketcap_data_api_listings_historical
2017-08-09,1740,MIU,MIYUCoin,miyucoin,1003,,3.343e-05,0.0,56.4034462,2017-08-09T00:00:00.000Z,2017-08-09T23:59:22.000Z,coinmarketcap_data_api_listings_historical
2017-08-09,1767,TURBO,TurboCoin,turbocoin,1004,,3.343e-05,0.0,71.54981232,2017-08-09T00:00:00.000Z,2017-08-09T23:59:22.000Z,coinmarketcap_data_api_listings_historical
2017-08-09,155,MRC,microCoin,microcoin,1005,,3.34e-05,0.0,2.00427008,2017-08-09T00:00:00.000Z,2017-08-09T22:39:02.000Z,coinmarketcap_data_api_listings_historical
2017-08-09,1549,PDG,PinkDog,pinkdog,1006,,3.309e-05,0.0,0.90051478,2017-08-09T00:00:00.000Z,2017-08-09T11:09:16.000Z,coinmarketcap_data_api_listings_historical
2017-08-09,1753,ANTX,Antimatter,antimatter,1007,,3.293e-05,0.0,4.60306978,2017-08-09T00:00:00.000Z,2017-08-09T23:59:23.000Z,coinmarketcap_data_api_listings_historical
2017-08-09,1517,YES,Yescoin,yescoin,1008,,3.068e-05,0.0,8.17659283,2017-08-09T00:00:00.000Z,2017-08-09T23:59:17.000Z,coinmarketcap_data_api_listings_historical
2017-08-09,1738,COUPE,Coupecoin,coupecoin,1009,,2.503e-05,0.0,183.15815735,2017-08-09T00:00:00.000Z,2017-08-09T23:59:22.000Z,coinmarketcap_data_api_listings_historical
2017-08-09,1384,FEDS,FedoraShare,fedorashare,1010,,2.101e-05,0.0,2185.70996094,2017-08-09T00:00:00.000Z,2017-08-09T23:59:12.000Z,coinmarketcap_data_api_listings_historical
2017-08-09,1413,VTY,Victoriouscoin,victoriouscoin,1011,,3.3e-06,0.0,18.72094345,2017-08-09T00:00:00.000Z,2017-08-09T23:59:13.000Z,coinmarketcap_data_api_listings_historical
2017-08-09,600,NBE,BitCentavo,bitcentavo,1012,,3.23e-06,0.0,0.29031485,2017-08-09T00:00:00.000Z,2017-08-09T23:59:05.000Z,coinmarketcap_data_api_listings_historical
2017-08-09,572,RBBT,RabbitCoin,rabbitcoin,1013,,1.95e-06,0.0,120.59471893,2017-08-09T00:00:00.000Z,2017-08-09T23:59:05.000Z,coinmarketcap_data_api_listings_historical
2017-08-09,171,BAT,BatCoin,batcoin,1014,,1.32e-06,0.0,51.21294403,2017-08-09T00:00:00.000Z,2017-08-09T23:59:02.000Z,coinmarketcap_data_api_listings_historical
2017-08-09,1803,PCN,PeepCoin,peepcoin,1015,,9.2e-07,0.0,82.76995087,2017-08-09T00:00:00.000Z,2017-08-09T23:59:23.000Z,coinmarketcap_data_api_listings_historical
2017-08-09,1107,PAC,PAC Global,pac-global,1016,,1.4e-07,0.0,1757.24072266,2017-08-09T00:00:00.000Z,2017-08-09T23:59:08.000Z,coinmarketcap_data_api_listings_historical
2017-08-09,1106,SHND,StrongHands,stronghands,1017,,1.2e-07,0.0,867.24279785,2017-08-09T00:00:00.000Z,2017-08-09T23:59:18.000Z,coinmarketcap_data_api_listings_historical
