snapshot_date,asset_id,symbol,asset_name,slug,cmc_rank,circulating_supply,price,market_cap,volume,quote_last_updated,item_last_updated,source
2018-03-07,1,BTC,Bitcoin,bitcoin,1,16906175.0,9965.5703125,168479675677.9297,8797910016.0,2018-03-07T00:00:00.000Z,2018-03-07T23:59:26.000Z,coinmarketcap_data_api_listings_historical
2018-03-07,1027,ETH,Ethereum,ethereum,2,98048457.499,752.83148193,73813965560.27518,2175416576.0,2018-03-07T00:00:00.000Z,2018-03-07T23:59:11.000Z,coinmarketcap_data_api_listings_historical
2018-03-07,52,XRP,XRP,xrp,3,39091956706.0,0.87121028,34057314433.45458,809597632.0,2018-03-07T00:00:00.000Z,2018-03-07T23:59:00.000Z,coinmarketcap_data_api_listings_historical
2018-03-07,1831,BCH,Bitcoin Cash,bitcoin-cash,4,17005387.5,1092.15734863,18572558924.47353,455224672.0,2018-03-07T00:00:00.000Z,2018-03-07T23:59:11.000Z,coinmarketcap_data_api_listings_historical
2018-03-07,2,LTC,Litecoin,litecoin,5,55529030.7770325,185.83920288,10319470816.350407,755924992.0,2018-03-07T00:00:00.000Z,2018-03-07T23:59:01.000Z,coinmarketcap_data_api_listings_historical
2018-03-07,1376,NEO,Neo,neo,6,65000000.0,100.44338226,6528819847.10696,297578784.0,2018-03-07T00:00:00.000Z,2018-03-07T23:59:07.000Z,coinmarketcap_data_api_listings_historical
2018-03-07,2010,ADA,Cardano,cardano,7,25927070538.0,0.24728064,6411262657.9339905,190793120.0,2018-03-07T00:00:00.000Z,2018-03-07T23:59:13.000Z,coinmarketcap_data_api_listings_historical
2018-03-07,512,XLM,Stellar,stellar,8,18468393381.6353,0.32910311,6078005739.613537,62389128.0,2018-03-07T00:00:00.000Z,2018-03-07T23:59:03.000Z,coinmarketcap_data_api_listings_historical
2018-03-07,328,XMR,Monero,monero,9,15799584.0676453,339.14767456,5358392195.565771,162103424.0,2018-03-07T00:00:00.000Z,2018-03-07T23:59:02.000Z,coinmarketcap_data_api_listings_historical
2018-03-07,1765,EOS,EOS,eos,10,714365792.81492,6.50743818,4648691236.672013,423460032.0,2018-03-07T00:00:00.000Z,2018-03-07T23:59:10.000Z,coinmarketcap_data_api_listings_historical
2018-03-07,1720,MIOTA,IOTA,iota,11,2779530283.0,1.53036988,4253709419.578497,68445496.0,2018-03-07T00:00:00.000Z,2018-03-07T23:59:10.000Z,coinmarketcap_data_api_listings_historical
2018-03-07,131,DASH,Dash,dash,12,7932635.22202069,513.73999023,4075311941.4937687,108980784.0,2018-03-07T00:00:00.000Z,2018-03-07T23:59:01.000Z,coinmarketcap_data_api_listings_historical
2018-03-07,873,XEM,NEM,nem,13,8999999999.0,0.29704693,2673422366.083648,24604994.0,2018-03-07T00:00:00.000Z,2018-03-07T23:59:04.000Z,coinmarketcap_data_api_listings_historical
2018-03-07,1958,TRX,TRON,tron,14,65748192475.494,0.03860123,2537960909.4676914,290193792.0,2018-03-07T00:00:00.000Z,2018-03-07T23:59:13.000Z,coinmarketcap_data_api_listings_historical
2018-03-07,825,USDT,Tether,tether,15,2217140813.52,1.00247753,2222633839.0049567,3037384960.0,2018-03-07T00:00:00.000Z,2018-03-07T23:59:05.000Z,coinmarketcap_data_api_listings_historical
2018-03-07,1321,ETC,Ethereum Classic,ethereum-classic,16,100352240.0,22.1170311,2219493612.7749624,417289184.0,2018-03-07T00:00:00.000Z,2018-03-07T23:59:06.000Z,coinmarketcap_data_api_listings_historical
2018-03-07,1904,VEN,Vechain [Token],vechainold,17,476884666.715945,4.09717131,1953878173.0308952,91903368.0,2018-03-07T00:00:00.000Z,2018-03-07T23:59:13.000Z,coinmarketcap_data_api_listings_historical
2018-03-07,1684,QTUM,Qtum,qtum,18,73932376.0,21.9276104,1621160336.677569,116396984.0,2018-03-07T00:00:00.000Z,2018-03-07T23:59:11.000Z,coinmarketcap_data_api_listings_historical
2018-03-07,1214,LSK,Lisk,lisk,19,102580461.901795,15.62180328,1602491796.5800416,34286656.0,2018-03-07T00:00:00.000Z,2018-03-07T23:59:06.000Z,coinmarketcap_data_api_listings_historical
2018-03-07,1567,NANO,Nano,nano,20,133248289.2182,11.93332767,1590095497.3560548,59894596.0,2018-03-07T00:00:00.000Z,2018-03-07T23:59:09.000Z,coinmarketcap_data_api_listings_historical
2018-03-07,2083,BTG,Bitcoin Gold,bitcoin-gold,21,16866748.588994,91.59976959,1544990284.522852,28628060.0,2018-03-07T00:00:00.000Z,2018-03-07T23:59:14.000Z,coinmarketcap_data_api_listings_historical
2018-03-07,1808,OMG,OmiseGO,omisego,22,102042551.763159,14.50066757,1479685121.318365,52446036.0,2018-03-07T00:00:00.000Z,2018-03-07T23:59:12.000Z,coinmarketcap_data_api_listings_historical
2018-03-07,1437,ZEC,Zcash,zcash,23,3430581.25,347.57867432,1192396883.0097191,59469252.0,2018-03-07T00:00:00.000Z,2018-03-07T23:59:08.000Z,coinmarketcap_data_api_listings_historical
2018-03-07,2099,ICX,ICON,icon,24,385966359.479,3.00231075,1158790951.3093684,33020698.0,2018-03-07T00:00:00.000Z,2018-03-07T23:59:14.000Z,coinmarketcap_data_api_listings_historical
2018-03-07,1839,BNB,Binance Coin,binance-coin,25,99014000.0,9.03487778,894579388.2217407,79740752.0,2018-03-07T00:00:00.000Z,2018-03-07T23:59:12.000Z,coinmarketcap_data_api_listings_historical
2018-03-07,1229,DGD,DigixDAO,digixdao,26,2000000.0,414.95098877,829901977.539062,41196984.0,2018-03-07T00:00:00.000Z,2018-03-07T23:59:06.000Z,coinmarketcap_data_api_listings_historical
2018-03-07,1230,STEEM,Steem,steem,27,251196323.554,2.77157378,696209144.4888061,6464229.0,2018-03-07T00:00:00.000Z,2018-03-07T23:59:06.000Z,coinmarketcap_data_api_listings_historical
2018-03-07,1789,PPT,Populous,populous,28,37004026.8943896,17.7906723,658326516.3415868,2858345.75,2018-03-07T00:00:00.000Z,2018-03-07T23:59:11.000Z,coinmarketcap_data_api_listings_historical
2018-03-07,693,XVG,Verge,verge,29,14681223098.1537,0.04327501,635330074.0465084,23510824.0,2018-03-07T00:00:00.000Z,2018-03-07T23:59:03.000Z,coinmarketcap_data_api_listings_historical
2018-03-07,372,BCN,Bytecoin,bytecoin-bcn,30,183769012481.07,0.00339305,623537328.6928701,2994276.75,2018-03-07T00:00:00.000Z,2018-03-07T23:59:02.000Z,coinmarketcap_data_api_listings_historical
2018-03-07,1274,WAVES,Waves,waves,31,100000000.0,6.2056365,620563650.1312261,27654560.0,2018-03-07T00:00:00.000Z,2018-03-07T23:59:06.000Z,coinmarketcap_data_api_listings_historical
2018-03-07,1343,STRAT,Stratis,stratis,32,98767923.2074382,6.20514679,612869461.6012331,12706037.0,2018-03-07T00:00:00.000Z,2018-03-07T23:59:07.000Z,coinmarketcap_data_api_listings_historical
2018-03-07,1759,SNT,Status,status,33,3470483788.0,0.16073087,557813873.6309583,51239756.0,2018-03-07T00:00:00.000Z,2018-03-07T23:59:10.000Z,coinmarketcap_data_api_listings_historical
2018-03-07,2021,RHOC,RChain,rchain,34,359409272.399917,1.53827071,552868757.3176501,864986.875,2018-03-07T00:00:00.000Z,2018-03-07T23:59:14.000Z,coinmarketcap_data_api_listings_historical
2018-03-07,1518,MKR,Maker,maker,35,618227.770105802,856.10076904,529265269.4312969,885247.5,2018-03-07T00:00:00.000Z,2018-03-07T23:59:09.000Z,coinmarketcap_data_api_listings_historical
2018-03-07,1042,SC,Siacoin,siacoin,36,32952672075.0,0.01543836,508735281.17587954,12180502.0,2018-03-07T00:00:00.000Z,2018-03-07T23:59:05.000Z,coinmarketcap_data_api_listings_historical
2018-03-07,1925,WTC,Waltonchain,waltonchain,37,24898178.0,18.64731598,464284192.46748334,49911648.0,2018-03-07T00:00:00.000Z,2018-03-07T23:59:14.000Z,coinmarketcap_data_api_listings_historical
2018-03-07,463,BTS,BitShares,bitshares,38,2610170000.0,0.17659801,460950834.14971787,18907434.0,2018-03-07T00:00:00.000Z,2018-03-07T23:59:03.000Z,coinmarketcap_data_api_listings_historical
2018-03-07,1168,DCR,Decred,decred,39,6889768.47290722,66.77820587,460086377.4913335,1668376.375,2018-03-07T00:00:00.000Z,2018-03-07T23:59:06.000Z,coinmarketcap_data_api_listings_historical
2018-03-07,74,DOGE,Dogecoin,dogecoin,40,113488697113.972,0.00402424,456705881.5385066,17585536.0,2018-03-07T00:00:00.000Z,2018-03-07T23:59:01.000Z,coinmarketcap_data_api_listings_historical
2018-03-07,1700,AE,Aeternity,aeternity,41,233020472.114,1.88482678,439203225.9808682,4148770.75,2018-03-07T00:00:00.000Z,2018-03-07T23:59:09.000Z,coinmarketcap_data_api_listings_historical
2018-03-07,1104,REP,Augur,augur,42,11000000.0,39.20572662,431262992.8588872,2803188.75,2018-03-07T00:00:00.000Z,2018-03-07T23:59:05.000Z,coinmarketcap_data_api_listings_historical
2018-03-07,1521,KMD,Komodo,komodo,43,103853089.611478,3.63076568,377066233.1596679,2016659.75,2018-03-07T00:00:00.000Z,2018-03-07T23:59:08.000Z,coinmarketcap_data_api_listings_historical
2018-03-07,1866,BTM,Bytom,bytom,44,987000000.0,0.37121025,366384514.0635972,14768749.0,2018-03-07T00:00:00.000Z,2018-03-07T23:59:12.000Z,coinmarketcap_data_api_listings_historical
2018-03-07,2137,ETN,Electroneum,electroneum,45,6358748440.99,0.05668969,360475506.67348444,1686280.75,2018-03-07T00:00:00.000Z,2018-03-07T23:59:15.000Z,coinmarketcap_data_api_listings_historical
2018-03-07,1896,ZRX,0x,0x,46,517001109.677798,0.69655693,360120703.57871765,7856390.5,2018-03-07T00:00:00.000Z,2018-03-07T23:59:12.000Z,coinmarketcap_data_api_listings_historical
2018-03-07,1586,ARK,Ark,ark,47,101086826.0,3.49668694,353468983.81776,2534420.75,2018-03-07T00:00:00.000Z,2018-03-07T23:59:09.000Z,coinmarketcap_data_api_listings_historical
2018-03-07,1710,VERI,Veritaseum,veritaseum,48,2036645.44,173.33618164,353024343.9253906,1106167.375,2018-03-07T00:00:00.000Z,2018-03-07T23:59:10.000Z,coinmarketcap_data_api_listings_historical
2018-03-07,1320,ARDR,Ardor,ardor,49,998999495.0,0.34527081,344925367.3371722,3929615.0,2018-03-07T00:00:00.000Z,2018-03-07T23:59:07.000Z,coinmarketcap_data_api_listings_historical
2018-03-07,541,SYS,Syscoin,syscoin,50,531434225.732134,0.59336543,315334698.3103696,6680308.5,2018-03-07T00:00:00.000Z,2018-03-07T23:59:02.000Z,coinmarketcap_data_api_listings_historical
2018-03-07,1455,GNT,Golem,golem-network-tokens,51,834262000.0,0.37084356,309380689.6385548,6024949.0,2018-03-07T00:00:00.000Z,2018-03-07T23:59:08.000Z,coinmarketcap_data_api_listings_historical
2018-03-07,2027,CNX,Cryptonex,cryptonex,52,45152312.2930054,6.7485404,304712203.72862905,187585.328125,2018-03-07T00:00:00.000Z,2018-03-07T23:59:13.000Z,coinmarketcap_data_api_listings_historical
2018-03-07,2243,DRGN,Dragonchain,dragonchain,53,238421940.0,1.2652775,301669917.3616148,2077981.125,2018-03-07T00:00:00.000Z,2018-03-07T23:59:16.000Z,coinmarketcap_data_api_listings_historical
2018-03-07,1697,BAT,Basic Attention Token,basic-attention-token,54,1000000000.0,0.29993525,299935251.47438,4940185.5,2018-03-07T00:00:00.000Z,2018-03-07T23:59:10.000Z,coinmarketcap_data_api_listings_historical
2018-03-07,1817,VGX,Voyager Token,voyager-token,55,75875162.3384532,3.94546461,299362767.8643042,2897947.25,2018-03-07T00:00:00.000Z,2018-03-07T23:59:11.000Z,coinmarketcap_data_api_listings_historical
2018-03-07,2087,KCS,KuCoin Shares,kucoin-shares,56,91043076.000076,3.21753669,292934437.20504683,1121248.75,2018-03-07T00:00:00.000Z,2018-03-07T23:59:14.000Z,coinmarketcap_data_api_listings_historical
2018-03-07,1169,PIVX,PIVX,pivx,57,55715566.869839,5.02686834,280074819.3299759,3504567.0,2018-03-07T00:00:00.000Z,2018-03-07T23:59:06.000Z,coinmarketcap_data_api_listings_historical
2018-03-07,109,DGB,DigiByte,digibyte,58,9940637228.0074,0.02778316,276182306.32290554,4314093.5,2018-03-07T00:00:00.000Z,2018-03-07T23:59:01.000Z,coinmarketcap_data_api_listings_historical
2018-03-07,2469,ZIL,Zilliqa,zilliqa,59,6605326965.64,0.04139943,273456749.9285665,15166224.0,2018-03-07T00:00:00.000Z,2018-03-07T23:59:19.000Z,coinmarketcap_data_api_listings_historical
2018-03-07,1903,HC,HyperCash,hypercash,60,42709970.017052,6.33211899,270444612.12347066,36359800.0,2018-03-07T00:00:00.000Z,2018-03-07T23:59:12.000Z,coinmarketcap_data_api_listings_historical
2018-03-07,1785,GAS,Gas,gas,61,9836942.99315296,27.4176178,269705543.28552216,8314559.5,2018-03-07T00:00:00.000Z,2018-03-07T23:59:11.000Z,coinmarketcap_data_api_listings_historical
2018-03-07,2062,AION,Aion,aion,62,96154302.9318761,2.63045311,252929385.1621518,3815488.0,2018-03-07T00:00:00.000Z,2018-03-07T23:59:14.000Z,coinmarketcap_data_api_listings_historical
2018-03-07,213,MONA,MonaCoin,monacoin,63,57908024.8935333,4.27430201,247516386.9524822,4746546.5,2018-03-07T00:00:00.000Z,2018-03-07T23:59:02.000Z,coinmarketcap_data_api_listings_historical
2018-03-07,1087,FCT,Factom,factom,64,8745102.0,28.10710144,245799469.02090466,2408721.0,2018-03-07T00:00:00.000Z,2018-03-07T23:59:05.000Z,coinmarketcap_data_api_listings_historical
2018-03-07,2213,QASH,QASH,qash,65,350000000.0,0.68842983,240950441.3604736,5937714.0,2018-03-07T00:00:00.000Z,2018-03-07T23:59:16.000Z,coinmarketcap_data_api_listings_historical
2018-03-07,1934,LRC,Loopring,loopring,66,568576642.457919,0.40979362,232999077.91138408,2699712.0,2018-03-07T00:00:00.000Z,2018-03-07T23:59:12.000Z,coinmarketcap_data_api_listings_historical
2018-03-07,1492,GBYTE,Obyte,obyte,67,645222.052937914,359.71133423,232093685.53595924,1083409.375,2018-03-07T00:00:00.000Z,2018-03-07T23:59:08.000Z,coinmarketcap_data_api_listings_historical
2018-03-07,1826,PART,Particl,particl,68,8892401.29220396,25.79193497,229352235.82935587,685298.375,2018-03-07T00:00:00.000Z,2018-03-07T23:59:12.000Z,coinmarketcap_data_api_listings_historical
2018-03-07,1908,NAS,Nebulas,nebulas-token,69,35500000.0,6.41721392,227811094.0456389,6587543.0,2018-03-07T00:00:00.000Z,2018-03-07T23:59:12.000Z,coinmarketcap_data_api_listings_historical
2018-03-07,2299,ELF,aelf,aelf,70,250000000.0,0.89926022,224815055.72795877,16407689.0,2018-03-07T00:00:00.000Z,2018-03-07T23:59:17.000Z,coinmarketcap_data_api_listings_historical
2018-03-07,1757,FUN,FunFair,funfair,71,4605074688.66342,0.04876213,224553257.45470613,3166000.75,2018-03-07T00:00:00.000Z,2018-03-07T23:59:11.000Z,coinmarketcap_data_api_listings_historical
2018-03-07,2135,R,Revain,revain,72,184450000.0,1.10891914,204540136.0511784,4913491.5,2018-03-07T00:00:00.000Z,2018-03-07T23:59:15.000Z,coinmarketcap_data_api_listings_historical
2018-03-07,1982,KNC,Kyber Network,kyber-network,73,134132696.93,1.51864612,203700099.8953785,6734158.5,2018-03-07T00:00:00.000Z,2018-03-07T23:59:13.000Z,coinmarketcap_data_api_listings_historical
2018-03-07,118,RDD,ReddCoin,reddcoin,74,28774151776.5138,0.00693368,199510621.06588328,8351070.5,2018-03-07T00:00:00.000Z,2018-03-07T23:59:01.000Z,coinmarketcap_data_api_listings_historical
2018-03-07,789,NXS,Nexus,nexus,75,56012980.768032,3.5298233,197715924.79796204,71717544.0,2018-03-07T00:00:00.000Z,2018-03-07T23:59:04.000Z,coinmarketcap_data_api_listings_historical
2018-03-07,1993,KIN,Kin,kin,76,756097560976.0,0.00025641,193871690.4545157,373233.125,2018-03-07T00:00:00.000Z,2018-03-07T23:59:14.000Z,coinmarketcap_data_api_listings_historical
2018-03-07,1750,GXC,GXChain,gxchain,77,60000000.0,3.18177938,190906763.0767824,5743093.0,2018-03-07T00:00:00.000Z,2018-03-07T23:59:10.000Z,coinmarketcap_data_api_listings_historical
2018-03-07,1414,XZC,Zcoin,zcoin,78,4258903.82957307,44.32691193,188784054.95593736,5079778.0,2018-03-07T00:00:00.000Z,2018-03-07T23:59:07.000Z,coinmarketcap_data_api_listings_historical
2018-03-07,1408,ICN,Iconomi,iconomi,79,99735686.8829087,1.83520877,183035807.60983106,24776166.0,2018-03-07T00:00:00.000Z,2018-03-07T23:59:07.000Z,coinmarketcap_data_api_listings_historical
2018-03-07,1996,SALT,SALT,salt,80,54225595.5784894,3.36989093,182734342.61990413,5285930.0,2018-03-07T00:00:00.000Z,2018-03-07T23:59:15.000Z,coinmarketcap_data_api_listings_historical
2018-03-07,1975,LINK,Chainlink,chainlink,81,350000000.0,0.52114815,182401850.8195877,5364653.5,2018-03-07T00:00:00.000Z,2018-03-07T23:59:13.000Z,coinmarketcap_data_api_listings_historical
2018-03-07,1886,DENT,Dent,dent,82,10614760961.1859,0.01705617,181047156.72489637,2859079.0,2018-03-07T00:00:00.000Z,2018-03-07T23:59:12.000Z,coinmarketcap_data_api_listings_historical
2018-03-07,66,NXT,Nxt,nxt,83,998999941.507691,0.17827702,178098728.24251467,21469470.0,2018-03-07T00:00:00.000Z,2018-03-07T23:59:01.000Z,coinmarketcap_data_api_listings_historical
2018-03-07,707,BLOCK,Blocknet,blocknet,84,5044608.89181094,34.96910858,176405476.08915403,1265633.375,2018-03-07T00:00:00.000Z,2018-03-07T23:59:03.000Z,coinmarketcap_data_api_listings_historical
2018-03-07,1955,NEBL,Neblio,neblio,85,12882936.089493,13.09404373,168689728.54838225,6447583.0,2018-03-07T00:00:00.000Z,2018-03-07T23:59:13.000Z,coinmarketcap_data_api_listings_historical
2018-03-07,1727,BNT,Bancor,bancor,86,39109447.9653456,4.22461462,165222345.66269198,6757667.5,2018-03-07T00:00:00.000Z,2018-03-07T23:59:10.000Z,coinmarketcap_data_api_listings_historical
2018-03-07,2405,IOST,IOST,iostoken,87,6794109921.69,0.02424444,164719382.58306387,33781568.0,2018-03-07T00:00:00.000Z,2018-03-07T23:59:18.000Z,coinmarketcap_data_api_listings_historical
2018-03-07,1876,DCN,Dentacoin,dentacoin,88,325226613094.0,0.00050565,164450101.39934498,156445.765625,2018-03-07T00:00:00.000Z,2018-03-07T23:59:13.000Z,coinmarketcap_data_api_listings_historical
2018-03-07,2132,POWR,Power Ledger,power-ledger,89,363932643.919905,0.44103274,160506210.21124834,5167323.5,2018-03-07T00:00:00.000Z,2018-03-07T23:59:16.000Z,coinmarketcap_data_api_listings_historical
2018-03-07,291,MAID,MaidSafeCoin,maidsafecoin,90,452552412.0,0.34843037,157683002.2414264,2821224.5,2018-03-07T00:00:00.000Z,2018-03-07T23:59:02.000Z,coinmarketcap_data_api_listings_historical
2018-03-07,1758,PAY,TenX,tenx,91,104661310.0,1.49993908,156985589.4571913,2659683.5,2018-03-07T00:00:00.000Z,2018-03-07T23:59:10.000Z,coinmarketcap_data_api_listings_historical
2018-03-07,2496,POLY,Polymath,polymath-network,92,239999750.0,0.64741391,155379176.4109879,1655770.875,2018-03-07T00:00:00.000Z,2018-03-07T23:59:20.000Z,coinmarketcap_data_api_listings_historical
2018-03-07,2071,REQ,Request,request,93,641645495.584592,0.23954636,153703841.9699864,3236684.25,2018-03-07T00:00:00.000Z,2018-03-07T23:59:14.000Z,coinmarketcap_data_api_listings_historical
2018-03-07,558,EMC,Emercoin,emercoin,94,41454209.584318,3.69434953,153146339.58486655,763435.5,2018-03-07T00:00:00.000Z,2018-03-07T23:59:02.000Z,coinmarketcap_data_api_listings_historical
2018-03-07,2044,ENG,Enigma,enigma,95,74836171.09,2.03206682,152072100.36139607,4448302.5,2018-03-07T00:00:00.000Z,2018-03-07T23:59:14.000Z,coinmarketcap_data_api_listings_historical
2018-03-07,2043,CND,Cindicator,cindicator,96,1445976590.32706,0.10443445,151009763.41732797,3095554.75,2018-03-07T00:00:00.000Z,2018-03-07T23:59:14.000Z,coinmarketcap_data_api_listings_historical
2018-03-07,1828,SMART,SmartCash,smartcash,97,770827172.171014,0.19209205,148069768.72389197,163600.3125,2018-03-07T00:00:00.000Z,2018-03-07T23:59:11.000Z,coinmarketcap_data_api_listings_historical
2018-03-07,1834,PLR,Pillar,pillar,98,227384800.0,0.64673603,147057941.88165674,505456.46875,2018-03-07T00:00:00.000Z,2018-03-07T23:59:11.000Z,coinmarketcap_data_api_listings_historical
2018-03-07,2092,NULS,NULS,nuls,99,40000000.0,3.64447808,145779123.30627438,11730184.0,2018-03-07T00:00:00.000Z,2018-03-07T23:59:15.000Z,coinmarketcap_data_api_listings_historical
2018-03-07,2424,AGI,SingularityNET,singularitynet,100,462194082.5,0.30172709,139456473.82042342,554380.4375,2018-03-07T00:00:00.000Z,2018-03-07T23:59:19.000Z,coinmarketcap_data_api_listings_historical
2018-03-07,2313,SRN,SIRIN LABS Token,sirin-labs-token,101,229258029.0,0.60309976,138265463.0459377,11931490.0,2018-03-07T00:00:00.000Z,2018-03-07T23:59:17.000Z,coinmarketcap_data_api_listings_historical
2018-03-07,1659,GNO,Gnosis,gnosis-gno,102,1104590.0,122.8835144,135735901.17584243,800653.375,2018-03-07T00:00:00.000Z,2018-03-07T23:59:09.000Z,coinmarketcap_data_api_listings_historical
2018-03-07,2181,GVT,Genesis Vision,genesis-vision,103,3726780.899968,36.39883423,135650480.1839334,17616962.0,2018-03-07T00:00:00.000Z,2018-03-07T23:59:15.000Z,coinmarketcap_data_api_listings_historical
2018-03-07,99,VTC,Vertcoin,vertcoin,104,43236575.0,3.07402492,132910308.81932376,2627776.5,2018-03-07T00:00:00.000Z,2018-03-07T23:59:01.000Z,coinmarketcap_data_api_listings_historical
2018-03-07,576,GAME,GameCredits,gamecredits,105,64355352.0,2.01671219,129786222.78781109,3362915.0,2018-03-07T00:00:00.000Z,2018-03-07T23:59:03.000Z,coinmarketcap_data_api_listings_historical
2018-03-07,1772,STORJ,Storj,storj,106,133425492.589612,0.9712581,129590590.93750575,9642870.0,2018-03-07T00:00:00.000Z,2018-03-07T23:59:10.000Z,coinmarketcap_data_api_listings_historical
2018-03-07,467,BTCD,BitcoinDark,bitcoindark,107,1288862.18407817,95.08110809,122546444.64165385,103621.4609375,2018-03-07T00:00:00.000Z,2018-03-07T23:59:03.000Z,coinmarketcap_data_api_listings_historical
2018-03-07,1654,BTX,Bitcore,bitcore,108,12042176.8725683,10.06012344,121145785.86774422,1193969.625,2018-03-07T00:00:00.000Z,2018-03-07T23:59:09.000Z,coinmarketcap_data_api_listings_historical
2018-03-07,1637,RLC,iExec RLC,rlc,109,80070793.2387674,1.5087074,120803398.61442399,36756400.0,2018-03-07T00:00:00.000Z,2018-03-07T23:59:09.000Z,coinmarketcap_data_api_listings_historical
2018-03-07,1680,ANT,Aragon,aragon,110,26700016.708132,4.43925428,118528163.55191086,3118939.75,2018-03-07T00:00:00.000Z,2018-03-07T23:59:10.000Z,coinmarketcap_data_api_listings_historical
2018-03-07,2212,QSP,Quantstamp,quantstamp,111,617314170.818554,0.19108848,117961628.2741007,3215202.5,2018-03-07T00:00:00.000Z,2018-03-07T23:59:16.000Z,coinmarketcap_data_api_listings_historical
2018-03-07,2130,ENJ,Enjin Coin,enjin-coin,112,756192535.064264,0.15070887,113964921.78110771,5148416.0,2018-03-07T00:00:00.000Z,2018-03-07T23:59:15.000Z,coinmarketcap_data_api_listings_historical
2018-03-07,1807,SAN,Santiment Network Token,santiment,113,62660370.9569795,1.73993981,109025273.86507629,5147987.5,2018-03-07T00:00:00.000Z,2018-03-07T23:59:11.000Z,coinmarketcap_data_api_listings_historical
2018-03-07,2161,RDN,Raiden Network Token,raiden-network-token,114,50168936.0,2.17235255,108984616.17149161,3996125.75,2018-03-07T00:00:00.000Z,2018-03-07T23:59:15.000Z,coinmarketcap_data_api_listings_historical
2018-03-07,2300,WAXP,WAX,wax,115,492954537.351,0.22041614,108655138.06176049,7918682.5,2018-03-07T00:00:00.000Z,2018-03-07T23:59:17.000Z,coinmarketcap_data_api_listings_historical
2018-03-07,2276,IGNIS,Ignis,ignis,116,761143950.0,0.14208855,108149838.17896162,7589501.0,2018-03-07T00:00:00.000Z,2018-03-07T23:59:17.000Z,coinmarketcap_data_api_listings_historical
2018-03-07,1816,CVC,Civic,civic,117,342699966.0,0.30841288,105693083.38901262,5230742.5,2018-03-07T00:00:00.000Z,2018-03-07T23:59:11.000Z,coinmarketcap_data_api_listings_historical
2018-03-07,1788,MTL,Metal,metal,118,22242464.1598,4.65070057,103443040.72734329,13601575.0,2018-03-07T00:00:00.000Z,2018-03-07T23:59:11.000Z,coinmarketcap_data_api_listings_historical
2018-03-07,588,UBQ,Ubiq,ubiq,119,39885240.7602163,2.5775013,102804259.79049791,487260.5625,2018-03-07T00:00:00.000Z,2018-03-07T23:59:02.000Z,coinmarketcap_data_api_listings_historical
2018-03-07,870,PURA,Pura,pura,120,173008521.599748,0.58488995,101190945.26571323,224798.8125,2018-03-07T00:00:00.000Z,2018-03-07T23:59:04.000Z,coinmarketcap_data_api_listings_historical
2018-03-07,1619,SKY,Skycoin,skycoin,121,7679294.0,13.15617085,101030103.83322686,957382.75,2018-03-07T00:00:00.000Z,2018-03-07T23:59:09.000Z,coinmarketcap_data_api_listings_historical
2018-03-07,1698,ZEN,Horizen,horizen,122,3366550.0,29.95190239,100834576.9894601,1025445.75,2018-03-07T00:00:00.000Z,2018-03-07T23:59:10.000Z,coinmarketcap_data_api_listings_historical
2018-03-07,2416,THETA,THETA,theta,123,588083732.0,0.16880441,99271125.71703054,16380959.0,2018-03-07T00:00:00.000Z,2018-03-07T23:59:18.000Z,coinmarketcap_data_api_listings_historical
2018-03-07,2139,MNX,MinexCoin,minexcoin,124,3448955.1121391,28.09280396,96890819.81518814,192954.6875,2018-03-07T00:00:00.000Z,2018-03-07T23:59:16.000Z,coinmarketcap_data_api_listings_historical
2018-03-07,377,NAV,NavCoin,nav-coin,125,62535172.1075948,1.5487169,96849278.05833994,8767074.0,2018-03-07T00:00:00.000Z,2018-03-07T23:59:02.000Z,coinmarketcap_data_api_listings_historical
2018-03-07,1966,MANA,Decentraland,decentraland,126,1050141509.426,0.09154083,96130823.65464139,7111887.5,2018-03-07T00:00:00.000Z,2018-03-07T23:59:14.000Z,coinmarketcap_data_api_listings_historical
2018-03-07,405,XDN,DigitalNote,digitalnote,127,6896856120.97238,0.01371597,94597073.9251243,4751611.0,2018-03-07T00:00:00.000Z,2018-03-07T23:59:02.000Z,coinmarketcap_data_api_listings_historical
2018-03-07,643,UNITY,SuperNET,supernet-unity,128,777777.0,121.57568359,94558770.4584961,8820.80175781,2018-03-07T00:00:00.000Z,2018-03-07T23:59:04.000Z,coinmarketcap_data_api_listings_historical
2018-03-07,1776,MCO,MCO,crypto-com,129,13205542.2149625,7.13827085,94264737.11687802,6880781.0,2018-03-07T00:00:00.000Z,2018-03-07T23:59:10.000Z,coinmarketcap_data_api_listings_historical
2018-03-07,1984,SUB,Substratum,substratum,130,226091448.88,0.41073614,92863929.81142525,2351316.0,2018-03-07T00:00:00.000Z,2018-03-07T23:59:14.000Z,coinmarketcap_data_api_listings_historical
2018-03-07,1159,SLS,SaluS,salus,131,1009998.383771,91.12275696,92033837.25234552,127000928.0,2018-03-07T00:00:00.000Z,2018-03-07T23:59:06.000Z,coinmarketcap_data_api_listings_historical
2018-03-07,2298,DTR,Dynamic Trading Rights,dynamic-trading-rights,132,1189228953.0,0.07568294,90004341.23532757,45317.6171875,2018-03-07T00:00:00.000Z,2018-03-07T23:59:17.000Z,coinmarketcap_data_api_listings_historical
2018-03-07,2297,STORM,Storm,storm,133,4084706883.25387,0.0217641,88899959.82713187,626274.0,2018-03-07T00:00:00.000Z,2018-03-07T23:59:17.000Z,coinmarketcap_data_api_listings_historical
2018-03-07,2556,CS,Credits,credits,134,127557436.15955,0.6764589,86287362.3398566,8965272.0,2018-03-07T00:00:00.000Z,2018-03-07T23:59:20.000Z,coinmarketcap_data_api_listings_historical
2018-03-07,2309,SPHTX,SophiaTX,sophiatx,135,191753770.972054,0.44802278,85910058.0837886,186628.046875,2018-03-07T00:00:00.000Z,2018-03-07T23:59:17.000Z,coinmarketcap_data_api_listings_historical
2018-03-07,1937,POE,Po.et,poet,136,2236813969.0,0.03836889,85824065.09925926,3679656.0,2018-03-07T00:00:00.000Z,2018-03-07T23:59:12.000Z,coinmarketcap_data_api_listings_historical
2018-03-07,2036,PPP,PayPie,paypie,137,82500000.0,1.02884007,84879305.36270131,110683.1796875,2018-03-07T00:00:00.000Z,2018-03-07T23:59:14.000Z,coinmarketcap_data_api_listings_historical
2018-03-07,2033,BCO,BridgeCoin,bridgecoin,138,27000000.0,3.13824797,84732695.10269172,118287.1796875,2018-03-07T00:00:00.000Z,2018-03-07T23:59:15.000Z,coinmarketcap_data_api_listings_historical
2018-03-07,2345,HPB,High Performance Blockchain,high-performance-blockchain,139,22216600.0,3.75326347,83384753.28559871,3618293.5,2018-03-07T00:00:00.000Z,2018-03-07T23:59:18.000Z,coinmarketcap_data_api_listings_historical
2018-03-07,2545,ABT,Arcblock,arcblock,140,92276717.5132,0.89194292,82305564.70992637,27884066.0,2018-03-07T00:00:00.000Z,2018-03-07T23:59:19.000Z,coinmarketcap_data_api_listings_historical
2018-03-07,2235,TNB,Time New Bank,time-new-bank,141,2261619182.21859,0.03460795,78270013.35490151,4966555.0,2018-03-07T00:00:00.000Z,2018-03-07T23:59:16.000Z,coinmarketcap_data_api_listings_historical
2018-03-07,1367,XP,Experience Points,experience-points,142,217532426310.417,0.00035611,77466349.62234733,273523.9375,2018-03-07T00:00:00.000Z,2018-03-07T23:59:07.000Z,coinmarketcap_data_api_listings_historical
2018-03-07,1609,XAS,Asch,asch,143,93241100.0,0.82585031,77003191.14779831,1738948.25,2018-03-07T00:00:00.000Z,2018-03-07T23:59:10.000Z,coinmarketcap_data_api_listings_historical
2018-03-07,2223,VEE,BLOCKv,blockv,144,1494971208.89211,0.05150212,76994186.22284155,3175425.75,2018-03-07T00:00:00.000Z,2018-03-07T23:59:16.000Z,coinmarketcap_data_api_listings_historical
2018-03-07,1918,ACT,Achain,achain,145,300000000.0,0.25555494,76666483.28304301,4990134.0,2018-03-07T00:00:00.000Z,2018-03-07T23:59:12.000Z,coinmarketcap_data_api_listings_historical
2018-03-07,2530,FSN,Fusion,fusion,146,27588200.0,2.71861672,75001741.90545076,691527.375,2018-03-07T00:00:00.000Z,2018-03-07T23:59:20.000Z,coinmarketcap_data_api_listings_historical
2018-03-07,1768,ADX,AdEx,adx-net,147,73430701.0,0.99773246,73264193.98488243,9642892.0,2018-03-07T00:00:00.000Z,2018-03-07T23:59:10.000Z,coinmarketcap_data_api_listings_historical
2018-03-07,2274,MDS,MediShares,medishares,148,483511857.01745,0.14902845,72057022.72911283,2944389.25,2018-03-07T00:00:00.000Z,2018-03-07T23:59:17.000Z,coinmarketcap_data_api_listings_historical
2018-03-07,2303,MED,MediBloc,medibloc,149,2966384100.0,0.02413482,71593136.22421032,8546214.0,2018-03-07T00:00:00.000Z,2018-03-07T23:59:17.000Z,coinmarketcap_data_api_listings_historical
2018-03-07,1037,AGRS,Agoras Tokens,agoras-tokens,150,41990981.0,1.68118155,70594462.5246898,3919168.75,2018-03-07T00:00:00.000Z,2018-03-07T23:59:05.000Z,coinmarketcap_data_api_listings_historical
2018-03-07,2239,LEND,Aave,aave,151,1078032485.02317,0.06537919,70480887.93138143,4696944.0,2018-03-07T00:00:00.000Z,2018-03-07T23:59:16.000Z,coinmarketcap_data_api_listings_historical
2018-03-07,1281,ION,ION,ion,152,20212429.99941,3.4392848,69516303.29801288,16448154.0,2018-03-07T00:00:00.000Z,2018-03-07T23:59:07.000Z,coinmarketcap_data_api_listings_historical
2018-03-07,2296,OST,OST,ost,153,288515752.980373,0.24046934,69379191.69178824,3746095.25,2018-03-07T00:00:00.000Z,2018-03-07T23:59:17.000Z,coinmarketcap_data_api_listings_historical
2018-03-07,2081,AMB,Ambrosus,amber,154,144590975.0,0.47891638,69246985.86919378,4479274.5,2018-03-07T00:00:00.000Z,2018-03-07T23:59:15.000Z,coinmarketcap_data_api_listings_historical
2018-03-07,2202,PRL,Oyster,oyster,155,71266926.2205424,0.9677189,68966351.39507647,1310554.25,2018-03-07T00:00:00.000Z,2018-03-07T23:59:16.000Z,coinmarketcap_data_api_listings_historical
2018-03-07,1596,EDG,Edgeless,edgeless,156,82046276.0,0.83671802,68649597.83473755,2257164.0,2018-03-07T00:00:00.000Z,2018-03-07T23:59:09.000Z,coinmarketcap_data_api_listings_historical
2018-03-07,2394,TEL,Telcoin,telcoin,157,26859377000.56,0.00249379,66981736.49187538,779936.8125,2018-03-07T00:00:00.000Z,2018-03-07T23:59:18.000Z,coinmarketcap_data_api_listings_historical
2018-03-07,2444,C20,CRYPTO20,c20,158,39487609.1261672,1.69500446,66931673.70978461,7071608.5,2018-03-07T00:00:00.000Z,2018-03-07T23:59:19.000Z,coinmarketcap_data_api_listings_historical
2018-03-07,1712,QRL,Quantum Resistant Ledger,quantum-resistant-ledger,159,52000000.0,1.27239573,66164577.96096823,2270060.25,2018-03-07T00:00:00.000Z,2018-03-07T23:59:10.000Z,coinmarketcap_data_api_listings_historical
2018-03-07,2112,PHX,Red Pulse Phoenix,red-pulse,160,543348500.0,0.11874795,64521520.29335514,3509022.0,2018-03-07T00:00:00.000Z,2018-03-07T23:59:16.000Z,coinmarketcap_data_api_listings_historical
2018-03-07,2304,DEW,DEW,dew,161,103244552.962,0.61819738,63825512.29487778,228627.96875,2018-03-07T00:00:00.000Z,2018-03-07T23:59:17.000Z,coinmarketcap_data_api_listings_historical
2018-03-07,723,BAY,BitBay,bitbay,162,1010076886.18565,0.06292566,63559753.82519298,1100634.75,2018-03-07T00:00:00.000Z,2018-03-07T23:59:04.000Z,coinmarketcap_data_api_listings_historical
2018-03-07,1552,MLN,Melon,melon,163,599400.0,105.00904846,62942423.64807125,392592.0625,2018-03-07T00:00:00.000Z,2018-03-07T23:59:09.000Z,coinmarketcap_data_api_listings_historical
2018-03-07,2307,BIX,Bibox Token,bibox-token,164,105378066.048683,0.59717906,62929573.92322342,4369357.5,2018-03-07T00:00:00.000Z,2018-03-07T23:59:17.000Z,coinmarketcap_data_api_listings_historical
2018-03-07,2219,SPANK,SpankChain,spankchain,165,300043386.0,0.20970123,62919465.64582046,613044.375,2018-03-07T00:00:00.000Z,2018-03-07T23:59:16.000Z,coinmarketcap_data_api_listings_historical
2018-03-07,362,CLOAK,CloakCoin,cloakcoin,166,5101697.89247452,12.21834946,62334327.67320795,5138803.5,2018-03-07T00:00:00.000Z,2018-03-07T23:59:02.000Z,coinmarketcap_data_api_listings_historical
2018-03-07,470,VIA,Viacoin,viacoin,167,22994586.71875,2.70371699,62170854.86612862,222738656.0,2018-03-07T00:00:00.000Z,2018-03-07T23:59:03.000Z,coinmarketcap_data_api_listings_historical
2018-03-07,5,PPC,Peercoin,peercoin,168,24644766.5046833,2.51906514,62081772.22673782,577519.6875,2018-03-07T00:00:00.000Z,2018-03-07T23:59:00.000Z,coinmarketcap_data_api_listings_historical
2018-03-07,2548,POA,POA,poa,169,176722560.0,0.35119748,62064517.93533334,4888975.0,2018-03-07T00:00:00.000Z,2018-03-07T23:59:19.000Z,coinmarketcap_data_api_listings_historical
2018-03-07,2505,BLZ,Bluzelle,bluzelle,170,165000000.0,0.3760612,62050098.18077087,6132211.5,2018-03-07T00:00:00.000Z,2018-03-07T23:59:20.000Z,coinmarketcap_data_api_listings_historical
2018-03-07,1298,LBC,LBRY Credits,library-credit,171,152667824.0013,0.40452769,61758362.78924272,1326434.75,2018-03-07T00:00:00.000Z,2018-03-07T23:59:07.000Z,coinmarketcap_data_api_listings_historical
2018-03-07,2096,RCN,Ripio Credit Network,ripio-credit-network,172,488733008.75309,0.12552166,61346578.48269734,7089785.5,2018-03-07T00:00:00.000Z,2018-03-07T23:59:14.000Z,coinmarketcap_data_api_listings_historical
2018-03-07,1500,WINGS,Wings,wings,173,89708333.0,0.67879623,60893678.3966758,10092851.0,2018-03-07T00:00:00.000Z,2018-03-07T23:59:09.000Z,coinmarketcap_data_api_listings_historical
2018-03-07,2057,EDO,Eidoo,eidoo,174,29261461.2776,2.06665754,60473419.67389087,3621580.0,2018-03-07T00:00:00.000Z,2018-03-07T23:59:14.000Z,coinmarketcap_data_api_listings_historical
2018-03-07,1715,MGO,MobileGo,mobilego,175,98028877.0,0.61071819,59868018.39485325,293293.0625,2018-03-07T00:00:00.000Z,2018-03-07T23:59:10.000Z,coinmarketcap_data_api_listings_historical
2018-03-07,1779,WGR,Wagerr,wagerr,176,183000000.0,0.32696232,59834104.92539409,74877.7578125,2018-03-07T00:00:00.000Z,2018-03-07T23:59:11.000Z,coinmarketcap_data_api_listings_historical
2018-03-07,1983,VIBE,VIBE,vibe,177,199913906.559954,0.29589072,59152669.48984996,2366167.5,2018-03-07T00:00:00.000Z,2018-03-07T23:59:14.000Z,coinmarketcap_data_api_listings_historical
2018-03-07,2061,BCPT,Blockmason Credit Protocol,blockmason,178,69617174.0418,0.8411634,58559418.59507665,14104893.0,2018-03-07T00:00:00.000Z,2018-03-07T23:59:15.000Z,coinmarketcap_data_api_listings_historical
2018-03-07,2526,EVN,Envion,envion,179,104415058.409387,0.55650628,58107635.327375,271313.90625,2018-03-07T00:00:00.000Z,2018-03-07T23:59:19.000Z,coinmarketcap_data_api_listings_historical
2018-03-07,2315,HTML,HTMLCOIN,html-coin,180,65565272810.0064,0.0008773,57520359.50927784,141961.65625,2018-03-07T00:00:00.000Z,2018-03-07T23:59:17.000Z,coinmarketcap_data_api_listings_historical
2018-03-07,2316,DBC,DeepBrain Chain,deepbrain-chain,181,900000000.0,0.0638359,57452313.60197064,6864511.5,2018-03-07T00:00:00.000Z,2018-03-07T23:59:17.000Z,coinmarketcap_data_api_listings_historical
2018-03-07,8,FTC,Feathercoin,feathercoin,182,193935160.0,0.29125443,56484474.6784962,7011792.0,2018-03-07T00:00:00.000Z,2018-03-07T23:59:01.000Z,coinmarketcap_data_api_listings_historical
2018-03-07,1723,SNM,SONM,sonm,183,359600000.0,0.15603885,56111570.65629953,1139582.25,2018-03-07T00:00:00.000Z,2018-03-07T23:59:10.000Z,coinmarketcap_data_api_listings_historical
2018-03-07,573,BURST,Burst,burst,184,1800339818.0,0.03102859,55862008.04729136,1321706.375,2018-03-07T00:00:00.000Z,2018-03-07T23:59:04.000Z,coinmarketcap_data_api_listings_historical
2018-03-07,2209,INK,Ink,ink,185,463910526.92,0.12004146,55688496.86751334,20050500.0,2018-03-07T00:00:00.000Z,2018-03-07T23:59:16.000Z,coinmarketcap_data_api_listings_historical
2018-03-07,2251,ITC,IoT Chain,iot-chain,186,48602629.08,1.14315188,55560186.7722385,8511712.0,2018-03-07T00:00:00.000Z,2018-03-07T23:59:17.000Z,coinmarketcap_data_api_listings_historical
2018-03-07,2143,DATA,Streamr DATAcoin,streamr-datacoin,187,677154514.0,0.08136513,55096765.63167944,363760.21875,2018-03-07T00:00:00.000Z,2018-03-07T23:59:15.000Z,coinmarketcap_data_api_listings_historical
2018-03-07,2498,JNT,Jibrel Network,jibrel-network,188,150000000.0,0.36634323,54951484.50136185,3487793.5,2018-03-07T00:00:00.000Z,2018-03-07T23:59:19.000Z,coinmarketcap_data_api_listings_historical
2018-03-07,2524,UTNP,Universa,universa,189,1698389232.18,0.03117685,52950432.99945128,553479.25,2018-03-07T00:00:00.000Z,2018-03-07T23:59:19.000Z,coinmarketcap_data_api_listings_historical
2018-03-07,201,EMC2,Einsteinium,einsteinium,190,216586541.999999,0.24179627,52369817.99058253,1460412.125,2018-03-07T00:00:00.000Z,2018-03-07T23:59:01.000Z,coinmarketcap_data_api_listings_historical
2018-03-07,2006,COB,Cobinhood,cobinhood,191,358344512.008283,0.14438914,51741055.06177613,336370.09375,2018-03-07T00:00:00.000Z,2018-03-07T23:59:14.000Z,coinmarketcap_data_api_listings_historical
2018-03-07,2410,SPC,SpaceChain,spacechain,192,514991706.6169,0.10004853,51524161.72683115,434261.9375,2018-03-07T00:00:00.000Z,2018-03-07T23:59:18.000Z,coinmarketcap_data_api_listings_historical
2018-03-07,2320,UTK,Utrust,utrust,193,285631829.532631,0.1786503,51028213.37091132,1414620.0,2018-03-07T00:00:00.000Z,2018-03-07T23:59:17.000Z,coinmarketcap_data_api_listings_historical
2018-03-07,1703,ETP,Metaverse ETP,metaverse,194,37531138.3814408,1.33508539,50107274.59812796,1950876.875,2018-03-07T00:00:00.000Z,2018-03-07T23:59:10.000Z,coinmarketcap_data_api_listings_historical
2018-03-07,2369,XNS,Insolar,insolar,195,28082221.767063,1.7830503,50072013.90966296,9080847.0,2018-03-07T00:00:00.000Z,2018-03-07T23:59:18.000Z,coinmarketcap_data_api_listings_historical
2018-03-07,2246,CMT,CyberMiles,cybermiles,196,445197758.912,0.11125906,49532283.33273435,12311155.0,2018-03-07T00:00:00.000Z,2018-03-07T23:59:16.000Z,coinmarketcap_data_api_listings_historical
2018-03-07,2344,APPC,AppCoins,appcoins,197,100054311.844948,0.49411049,49437885.53779018,3652082.0,2018-03-07T00:00:00.000Z,2018-03-07T23:59:17.000Z,coinmarketcap_data_api_listings_historical
2018-03-07,2467,TRAC,OriginTrail,origintrail,198,254507605.599,0.1937425,49308939.46101809,900819.6875,2018-03-07T00:00:00.000Z,2018-03-07T23:59:19.000Z,coinmarketcap_data_api_listings_historical
2018-03-07,254,NLG,Gulden,gulden,199,393395799.999999,0.12349846,48583776.31255519,467671.375,2018-03-07T00:00:00.000Z,2018-03-07T23:59:02.000Z,coinmarketcap_data_api_listings_historical
2018-03-07,2162,DPY,Delphy,delphy,200,34178578.6176923,1.41996408,48532353.77471104,5494396.0,2018-03-07T00:00:00.000Z,2018-03-07T23:59:15.000Z,coinmarketcap_data_api_listings_historical
2018-03-07,1409,SNGLS,SingularDTV,singulardtv,201,600000000.0,0.08072267,48433600.36611558,1557388.125,2018-03-07T00:00:00.000Z,2018-03-07T23:59:08.000Z,coinmarketcap_data_api_listings_historical
2018-03-07,2306,BRD,Bread,bread,202,74388399.6930047,0.64928323,48299140.44987258,8085627.5,2018-03-07T00:00:00.000Z,2018-03-07T23:59:17.000Z,coinmarketcap_data_api_listings_historical
2018-03-07,1294,RISE,Rise,rise,203,121546670.41,0.39700013,48254044.43895921,700.16149902,2018-03-07T00:00:00.000Z,2018-03-07T23:59:06.000Z,coinmarketcap_data_api_listings_historical
2018-03-07,2267,WABI,Tael,tael,204,45248032.811,1.06624794,48245621.7766535,2201967.0,2018-03-07T00:00:00.000Z,2018-03-07T23:59:16.000Z,coinmarketcap_data_api_listings_historical
2018-03-07,1592,TAAS,TaaS,taas,205,8146000.779398,5.9033761,48088906.33161694,121737.5234375,2018-03-07T00:00:00.000Z,2018-03-07T23:59:09.000Z,coinmarketcap_data_api_listings_historical
2018-03-07,1636,XBY,XTRABYTES,xtrabytes,206,430000000.0,0.11167356,48019629.19533245,102219.015625,2018-03-07T00:00:00.000Z,2018-03-07T23:59:09.000Z,coinmarketcap_data_api_listings_historical
2018-03-07,1447,ZCL,ZClassic,zclassic,207,3467550.0,13.7397337,47643213.57750897,46283020.0,2018-03-07T00:00:00.000Z,2018-03-07T23:59:07.000Z,coinmarketcap_data_api_listings_historical
2018-03-07,2305,NGC,NAGA,naga,208,57672338.0,0.81097436,46770787.37112855,188522.953125,2018-03-07T00:00:00.000Z,2018-03-07T23:59:17.000Z,coinmarketcap_data_api_listings_historical
2018-03-07,2058,AST,AirSwap,airswap,209,150000000.0,0.30766353,46149529.51669695,2468030.5,2018-03-07T00:00:00.000Z,2018-03-07T23:59:14.000Z,coinmarketcap_data_api_listings_historical
2018-03-07,132,XCP,Counterparty,counterparty,210,2617081.7553785,17.45790672,45688769.17192184,505035.84375,2018-03-07T00:00:00.000Z,2018-03-07T23:59:01.000Z,coinmarketcap_data_api_listings_historical
2018-03-07,2176,HST,Decision Token,decision-token,211,31796539.6457696,1.43630195,45669431.78963513,374419.9375,2018-03-07T00:00:00.000Z,2018-03-07T23:59:15.000Z,coinmarketcap_data_api_listings_historical
2018-03-07,2289,GTO,Gifto,gifto,212,157861326.54,0.28842345,45530908.2329741,5074693.5,2018-03-07T00:00:00.000Z,2018-03-07T23:59:17.000Z,coinmarketcap_data_api_listings_historical
2018-03-07,2446,DTA,DATA,data,213,4254336773.40088,0.01067429,45412029.96649811,11213717.0,2018-03-07T00:00:00.000Z,2018-03-07T23:59:19.000Z,coinmarketcap_data_api_listings_historical
2018-03-07,1125,AMP,HyperSpace,synereo,214,100728564.0,0.44691786,45017394.43499744,15590558.0,2018-03-07T00:00:00.000Z,2018-03-07T23:59:05.000Z,coinmarketcap_data_api_listings_historical
2018-03-07,2429,MOBI,Mobius,mobius,215,376657502.4,0.11949457,45008527.14603299,977764.375,2018-03-07T00:00:00.000Z,2018-03-07T23:59:19.000Z,coinmarketcap_data_api_listings_historical
2018-03-07,2511,WPR,WePower,wepower,216,355695760.02,0.12592635,44791467.20002982,6250689.0,2018-03-07T00:00:00.000Z,2018-03-07T23:59:20.000Z,coinmarketcap_data_api_listings_historical
2018-03-07,1026,AEON,Aeon,aeon,217,15571424.384935,2.81367493,43812926.36579676,139962.109375,2018-03-07T00:00:00.000Z,2018-03-07T23:59:04.000Z,coinmarketcap_data_api_listings_historical
2018-03-07,2482,CPC,CPChain,cpchain,218,226715852.26693,0.19301136,43758734.61239166,1896123.25,2018-03-07T00:00:00.000Z,2018-03-07T23:59:20.000Z,coinmarketcap_data_api_listings_historical
2018-03-07,2120,FUEL,Etherparty,etherparty,219,485151252.55412,0.08962248,43480456.10360482,973639.5,2018-03-07T00:00:00.000Z,2018-03-07T23:59:15.000Z,coinmarketcap_data_api_listings_historical
2018-03-07,1856,DNT,district0x,district0x,220,600000000.0,0.07163694,42982162.5351906,2599743.5,2018-03-07T00:00:00.000Z,2018-03-07T23:59:11.000Z,coinmarketcap_data_api_listings_historical
2018-03-07,2443,TNC,Trinity Network Credit,trinity-network-credit,221,333333333.0,0.12797709,42659029.32192697,1715037.25,2018-03-07T00:00:00.000Z,2018-03-07T23:59:19.000Z,coinmarketcap_data_api_listings_historical
2018-03-07,1775,ADT,adToken,adtoken,222,600000000.0,0.07102674,42616045.4750061,14656565.0,2018-03-07T00:00:00.000Z,2018-03-07T23:59:10.000Z,coinmarketcap_data_api_listings_historical
2018-03-07,2080,MOD,Modum,modum,223,18266200.0,2.26239061,41325279.42533496,644455.5,2018-03-07T00:00:00.000Z,2018-03-07T23:59:14.000Z,coinmarketcap_data_api_listings_historical
2018-03-07,1729,CFI,Cofound.it,cofound-it,224,325000000.0,0.12329873,40072086.26717335,2357560.75,2018-03-07T00:00:00.000Z,2018-03-07T23:59:10.000Z,coinmarketcap_data_api_listings_historical
2018-03-07,1658,LUN,Lunyr,lunyr,225,2297853.07853158,17.28536034,39719218.46230312,5805328.5,2018-03-07T00:00:00.000Z,2018-03-07T23:59:10.000Z,coinmarketcap_data_api_listings_historical
2018-03-07,2149,UKG,Unikoin Gold,unikoin-gold,226,140450804.35,0.2815792,39548024.63006371,831865.5,2018-03-07T00:00:00.000Z,2018-03-07T23:59:16.000Z,coinmarketcap_data_api_listings_historical
2018-03-07,2392,BTO,Bottos,bottos,227,355419546.26,0.11074954,39362549.57153383,714979.4375,2018-03-07T00:00:00.000Z,2018-03-07T23:59:18.000Z,coinmarketcap_data_api_listings_historical
2018-03-07,258,GRS,Groestlcoin,groestlcoin,228,69574183.8873666,0.56318969,39183462.73164001,619304.875,2018-03-07T00:00:00.000Z,2018-03-07T23:59:02.000Z,coinmarketcap_data_api_listings_historical
2018-03-07,720,CRW,Crown,crown,229,17489298.9069242,2.15449095,37680536.17699677,154225.078125,2018-03-07T00:00:00.000Z,2018-03-07T23:59:04.000Z,coinmarketcap_data_api_listings_historical
2018-03-07,1050,SHIFT,Shift,shift,230,11793254.1,3.17919588,37493064.8570078,880366.25,2018-03-07T00:00:00.000Z,2018-03-07T23:59:04.000Z,coinmarketcap_data_api_listings_historical
2018-03-07,2019,VIB,Viberate,viberate,231,165166467.431597,0.22608985,37342461.85788617,9653420.0,2018-03-07T00:00:00.000Z,2018-03-07T23:59:14.000Z,coinmarketcap_data_api_listings_historical
2018-03-07,1478,DCT,DECENT,decent,232,51306089.0,0.72492522,37193077.85631438,505623.8125,2018-03-07T00:00:00.000Z,2018-03-07T23:59:08.000Z,coinmarketcap_data_api_listings_historical
2018-03-07,1755,FLASH,Flash,flash,233,900000000.0,0.04063346,36570116.1324978,112296.078125,2018-03-07T00:00:00.000Z,2018-03-07T23:59:11.000Z,coinmarketcap_data_api_listings_historical
2018-03-07,1669,HMQ,Humaniq,humaniq,234,162862944.035598,0.22198842,36153688.38175264,1879244.875,2018-03-07T00:00:00.000Z,2018-03-07T23:59:09.000Z,coinmarketcap_data_api_listings_historical
2018-03-07,1923,TNT,Tierion,tierion,235,428481269.49942,0.0834075,35738551.01278183,2217934.0,2018-03-07T00:00:00.000Z,2018-03-07T23:59:12.000Z,coinmarketcap_data_api_listings_historical
2018-03-07,1660,TKN,Monolith,monolith,236,24777374.1954934,1.44006217,35680959.13342716,160081.203125,2018-03-07T00:00:00.000Z,2018-03-07T23:59:10.000Z,coinmarketcap_data_api_listings_historical
2018-03-07,1423,TRIG,Triggers,triggers,237,32105577.5103,1.10346997,35427540.58284279,1073228.125,2018-03-07T00:00:00.000Z,2018-03-07T23:59:07.000Z,coinmarketcap_data_api_listings_historical
2018-03-07,2459,IDH,indaHash,indahash,238,399936258.539634,0.08835649,35336965.98940782,120045.28125,2018-03-07T00:00:00.000Z,2018-03-07T23:59:19.000Z,coinmarketcap_data_api_listings_historical
2018-03-07,212,ECC,ECC,eccoin,239,24999999999.983,0.00139191,34797808.62105509,37037.921875,2018-03-07T00:00:00.000Z,2018-03-07T23:59:02.000Z,coinmarketcap_data_api_listings_historical
2018-03-07,1867,CTR,Centra,centra,240,68000000.0,0.50875783,34595532.41729739,1145902.125,2018-03-07T00:00:00.000Z,2018-03-07T23:59:15.000Z,coinmarketcap_data_api_listings_historical
2018-03-07,1864,CDT,Blox,blox,241,656173039.17,0.05268831,34572649.67300148,1441529.5,2018-03-07T00:00:00.000Z,2018-03-07T23:59:11.000Z,coinmarketcap_data_api_listings_historical
2018-03-07,2512,UCASH,UNIVERSAL CASH,ucash,242,1844678440.9378,0.01869481,34485910.5785973,14383.22460938,2018-03-07T00:00:00.000Z,2018-03-07T23:59:19.000Z,coinmarketcap_data_api_listings_historical
2018-03-07,2015,ATM,ATMChain,attention-token-of-media,243,4660285459.8,0.00739472,34461529.35558112,160775.625,2018-03-07T00:00:00.000Z,2018-03-07T23:59:15.000Z,coinmarketcap_data_api_listings_historical
2018-03-07,1082,SIB,SIBCoin,sibcoin,244,16472044.3265497,2.09050608,34434908.76218097,2309101.25,2018-03-07T00:00:00.000Z,2018-03-07T23:59:05.000Z,coinmarketcap_data_api_listings_historical
2018-03-07,1950,HVN,Hiveterminal Token,hiveterminal-token,245,375000000.0,0.09124739,34217770.21139861,118004.796875,2018-03-07T00:00:00.000Z,2018-03-07T23:59:12.000Z,coinmarketcap_data_api_listings_historical
2018-03-07,2497,MTN,Medicalchain,medical-chain,246,185000000.0,0.18362397,33970434.36765669,15007552.0,2018-03-07T00:00:00.000Z,2018-03-07T23:59:19.000Z,coinmarketcap_data_api_listings_historical
2018-03-07,624,BITCNY,bitCNY,bitcny,247,198302000.0,0.17119603,33948514.86149424,40619944.0,2018-03-07T00:00:00.000Z,2018-03-07T23:59:04.000Z,coinmarketcap_data_api_listings_historical
2018-03-07,2017,KICK,KickToken,kick-token,248,444854622.645727,0.07451049,33146336.97282457,15660883.0,2018-03-07T00:00:00.000Z,2018-03-07T23:59:13.000Z,coinmarketcap_data_api_listings_historical
2018-03-07,67,UNO,Unobtanium,unobtanium,249,198316.28151896,166.46720886,33013157.85641239,39602.78515625,2018-03-07T00:00:00.000Z,2018-03-07T23:59:13.000Z,coinmarketcap_data_api_listings_historical
2018-03-07,2381,SXDT,Spectre.ai Dividend Token,spectre-dividend,250,82073518.6243884,0.3929801,32253259.45166816,58928.9765625,2018-03-07T00:00:00.000Z,2018-03-07T23:59:18.000Z,coinmarketcap_data_api_listings_historical
2018-03-07,2245,PRE,Presearch,presearch,251,155000000.0,0.20796245,32234180.27162553,25440.41992188,2018-03-07T00:00:00.000Z,2018-03-07T23:59:16.000Z,coinmarketcap_data_api_listings_historical
2018-03-07,2283,DAT,Datum,datum,252,831335544.990374,0.03868269,32158296.63010058,1475595.625,2018-03-07T00:00:00.000Z,2018-03-07T23:59:16.000Z,coinmarketcap_data_api_listings_historical
2018-03-07,122,POT,PotCoin,potcoin,253,219501733.825129,0.1460107,32049601.12392478,244978.875,2018-03-07T00:00:00.000Z,2018-03-07T23:59:01.000Z,coinmarketcap_data_api_listings_historical
2018-03-07,1172,SFT,Safex Token,safex-token,254,1543157590.0,0.02011872,31046359.62346873,10741.28710938,2018-03-07T00:00:00.000Z,2018-03-07T23:59:05.000Z,coinmarketcap_data_api_listings_historical
2018-03-07,1732,NMR,Numeraire,numeraire,255,1287551.40734679,23.8925209,30762848.91570437,5717690.0,2018-03-07T00:00:00.000Z,2018-03-07T23:59:10.000Z,coinmarketcap_data_api_listings_historical
2018-03-07,495,IOC,I/O Coin,iocoin,256,16576958.9743456,1.84820116,30637554.73375605,71861.09375,2018-03-07T00:00:00.000Z,2018-03-07T23:59:02.000Z,coinmarketcap_data_api_listings_historical
2018-03-07,323,VRC,VeriCoin,vericoin,257,30848201.0479571,0.99007809,30542128.02351461,8779396.0,2018-03-07T00:00:00.000Z,2018-03-07T23:59:03.000Z,coinmarketcap_data_api_listings_historical
2018-03-07,2553,RFR,Refereum,refereum,258,2329157066.71,0.01310087,30513986.001748,537552.75,2018-03-07T00:00:00.000Z,2018-03-07T23:59:20.000Z,coinmarketcap_data_api_listings_historical
2018-03-07,2535,DADI,Edge,edge,259,74068324.7780262,0.41089517,30434316.81101381,1219457.25,2018-03-07T00:00:00.000Z,2018-03-07T23:59:19.000Z,coinmarketcap_data_api_listings_historical
2018-03-07,1312,SBD,Steem Dollars,steem-dollars,260,10296371.46,2.93098545,30178514.94472225,3873317.25,2018-03-07T00:00:00.000Z,2018-03-07T23:59:07.000Z,coinmarketcap_data_api_listings_historical
2018-03-07,3,NMC,Namecoin,namecoin,261,14736400.0,2.04766989,30175282.53078454,263050.40625,2018-03-07T00:00:00.000Z,2018-03-07T23:59:01.000Z,coinmarketcap_data_api_listings_historical
2018-03-07,1998,ORMEUS,Ormeus Coin,ormeus-coin,262,17029321.0837,1.76075006,29984378.04006949,3583857.25,2018-03-07T00:00:00.000Z,2018-03-07T23:59:13.000Z,coinmarketcap_data_api_listings_historical
2018-03-07,2321,QLC,QLC Chain,qlink,263,240000000.0,0.12419637,29807127.7141572,440126.75,2018-03-07T00:00:00.000Z,2018-03-07T23:59:17.000Z,coinmarketcap_data_api_listings_historical
2018-03-07,2447,CRPT,Crypterium,crpt,264,72781576.9895587,0.40635145,29574899.13232084,53677.171875,2018-03-07T00:00:00.000Z,2018-03-07T23:59:19.000Z,coinmarketcap_data_api_listings_historical
2018-03-07,1454,LKK,Lykke,lykke,265,274324905.25,0.10746592,29480577.05474643,74200.4140625,2018-03-07T00:00:00.000Z,2018-03-07T23:59:07.000Z,coinmarketcap_data_api_listings_historical
2018-03-07,1947,MTH,Monetha,monetha,266,217029967.83,0.13476299,29247606.8405993,2658795.5,2018-03-07T00:00:00.000Z,2018-03-07T23:59:12.000Z,coinmarketcap_data_api_listings_historical
2018-03-07,2465,BPT,Blockport,blockport,267,51980933.4494366,0.56263804,29246450.73985797,618308.8125,2018-03-07T00:00:00.000Z,2018-03-07T23:59:19.000Z,coinmarketcap_data_api_listings_historical
2018-03-07,1405,PEPECASH,Pepe Cash,pepe-cash,268,701884009.0,0.04076387,28611508.41487275,316305.375,2018-03-07T00:00:00.000Z,2018-03-07T23:59:07.000Z,coinmarketcap_data_api_listings_historical
2018-03-07,1989,COS,COS,cos,269,64923655.1722346,0.43978316,28552329.96538517,1569626.375,2018-03-07T00:00:00.000Z,2018-03-07T23:59:13.000Z,coinmarketcap_data_api_listings_historical
2018-03-07,2001,COLX,ColossusXT,colossusxt,270,10724738923.7729,0.00266023,28530272.60214992,39398.6953125,2018-03-07T00:00:00.000Z,2018-03-07T23:59:14.000Z,coinmarketcap_data_api_listings_historical
2018-03-07,2034,EVX,Everex,everex,271,16500000.0,1.72719765,28498761.17706304,1989164.75,2018-03-07T00:00:00.000Z,2018-03-07T23:59:14.000Z,coinmarketcap_data_api_listings_historical
2018-03-07,1590,MER,Mercury,mercury,272,100000000.0,0.28437746,28437745.5711365,1339452.875,2018-03-07T00:00:00.000Z,2018-03-07T23:59:09.000Z,coinmarketcap_data_api_listings_historical
2018-03-07,1208,RVR,RevolutionVR,revolutionvr,273,210000000.0,0.13528179,28409175.12774474,5076283.0,2018-03-07T00:00:00.000Z,2018-03-07T23:59:06.000Z,coinmarketcap_data_api_listings_historical
2018-03-07,170,BLK,BlackCoin,blackcoin,274,76708214.3928222,0.36718836,28166363.76876951,1548992.625,2018-03-07T00:00:00.000Z,2018-03-07T23:59:01.000Z,coinmarketcap_data_api_listings_historical
2018-03-07,2340,BLT,Bloom,bloomtoken,275,39496568.6434258,0.70746839,27942573.84704627,916820.25,2018-03-07T00:00:00.000Z,2018-03-07T23:59:17.000Z,coinmarketcap_data_api_listings_historical
2018-03-07,268,XWC,WhiteCoin,whitecoin,276,248772403.19257,0.11215332,27900651.31672654,163765.4375,2018-03-07T00:00:00.000Z,2018-03-07T23:59:02.000Z,coinmarketcap_data_api_listings_historical
2018-03-07,2458,OCN,Odyssey,odyssey,277,2000000000.0,0.013901,27802001.684904,44614576.0,2018-03-07T00:00:00.000Z,2018-03-07T23:59:19.000Z,coinmarketcap_data_api_listings_historical
2018-03-07,819,BITB,Bean Cash,bean-cash,278,2398600000.0,0.01153308,27663235.95829305,3362144.25,2018-03-07T00:00:00.000Z,2018-03-07T23:59:03.000Z,coinmarketcap_data_api_listings_historical
2018-03-07,2399,INT,INT Chain,int-chain,279,150000000.0,0.18379037,27568555.62329295,1666814.125,2018-03-07T00:00:00.000Z,2018-03-07T23:59:18.000Z,coinmarketcap_data_api_listings_historical
2018-03-07,2242,QBT,Qbao,qbao,280,65351403.0,0.418852,27372565.94271728,4247574.5,2018-03-07T00:00:00.000Z,2018-03-07T23:59:17.000Z,coinmarketcap_data_api_listings_historical
2018-03-07,1595,SOAR,Soarcoin,soarcoin,281,1080963623.04658,0.02528172,27328621.51385715,8205.05371094,2018-03-07T00:00:00.000Z,2018-03-07T23:59:09.000Z,coinmarketcap_data_api_listings_historical
2018-03-07,2506,SWM,Swarm,swarm-fund,282,51113355.2494965,0.5329771,27242248.06615865,8141.12402344,2018-03-07T00:00:00.000Z,2018-03-07T23:59:20.000Z,coinmarketcap_data_api_listings_historical
2018-03-07,1811,NET,Nimiq Exchange Token,nimiq-exchange-token,283,10500000.0,2.55565596,26834387.54081726,331486.9375,2018-03-07T00:00:00.000Z,2018-03-07T23:59:11.000Z,coinmarketcap_data_api_listings_historical
2018-03-07,1403,1ST,FirstBlood,firstblood,284,85558370.5,0.31244841,26732577.01142862,3851629.25,2018-03-07T00:00:00.000Z,2018-03-07T23:59:07.000Z,coinmarketcap_data_api_listings_historical
2018-03-07,77,DMD,Diamond,diamond,285,2679665.41575546,9.8011961,26263926.21772593,28763.53710938,2018-03-07T00:00:00.000Z,2018-03-07T23:59:01.000Z,coinmarketcap_data_api_listings_historical
2018-03-07,1638,TRST,WeTrust,trust,286,92147500.0,0.28432792,26200107.39997026,256571.15625,2018-03-07T00:00:00.000Z,2018-03-07T23:59:10.000Z,coinmarketcap_data_api_listings_historical
2018-03-07,2248,CAPP,Cappasity,cappasity,287,330992078.46,0.07745412,25636700.13785271,270998.625,2018-03-07T00:00:00.000Z,2018-03-07T23:59:16.000Z,coinmarketcap_data_api_listings_historical
2018-03-07,1022,LEO,LEOcoin,leocoin,288,99142560.8879649,0.25717363,25496852.03459647,23736.56640625,2018-03-07T00:00:00.000Z,2018-03-07T23:59:05.000Z,coinmarketcap_data_api_listings_historical
2018-03-07,1070,EXP,Expanse,expanse,289,7906396.53078092,3.18856978,25210097.07967052,1358839.125,2018-03-07T00:00:00.000Z,2018-03-07T23:59:05.000Z,coinmarketcap_data_api_listings_historical
2018-03-07,2493,STK,STK,stk,290,332620986.531485,0.07539435,25077742.18117163,2885349.75,2018-03-07T00:00:00.000Z,2018-03-07T23:59:19.000Z,coinmarketcap_data_api_listings_historical
2018-03-07,2468,LET,LinkEye,linkeye,291,600000000.0,0.04157746,24946477.26416586,5294670.0,2018-03-07T00:00:00.000Z,2018-03-07T23:59:19.000Z,coinmarketcap_data_api_listings_historical
2018-03-07,1737,XEL,XEL,xel,292,89570123.0,0.27792349,24893641.59388827,511201.75,2018-03-07T00:00:00.000Z,2018-03-07T23:59:10.000Z,coinmarketcap_data_api_listings_historical
2018-03-07,1616,GUP,Matchpool,guppy,293,75000000.0,0.33170682,24878011.6438866,8432217.0,2018-03-07T00:00:00.000Z,2018-03-07T23:59:09.000Z,coinmarketcap_data_api_listings_historical
2018-03-07,1786,SNC,SunContract,suncontract,294,115115192.15437,0.21584094,24846570.78870092,4514020.5,2018-03-07T00:00:00.000Z,2018-03-07T23:59:11.000Z,coinmarketcap_data_api_listings_historical
2018-03-07,141,MINT,MintCoin,mintcoin,295,24947260807.9822,0.00099062,24713377.46377409,116793.875,2018-03-07T00:00:00.000Z,2018-03-07T23:59:01.000Z,coinmarketcap_data_api_listings_historical
2018-03-07,2337,TAU,Lamden,lamden,296,142215728.19,0.17031358,24221270.0597904,224252.96875,2018-03-07T00:00:00.000Z,2018-03-07T23:59:17.000Z,coinmarketcap_data_api_listings_historical
2018-03-07,2134,GRID,Grid+,grid,297,39236491.0,0.60829341,23867299.06831802,14684.22851563,2018-03-07T00:00:00.000Z,2018-03-07T23:59:15.000Z,coinmarketcap_data_api_listings_historical
2018-03-07,2153,ARN,Aeron,aeron,298,13000000.0,1.82856071,23771289.22939303,2378452.0,2018-03-07T00:00:00.000Z,2018-03-07T23:59:15.000Z,coinmarketcap_data_api_listings_historical
2018-03-07,1881,ONION,DeepOnion,deeponion,299,9720490.87274844,2.43103814,23630884.06332989,110102.8828125,2018-03-07T00:00:00.000Z,2018-03-07T23:59:12.000Z,coinmarketcap_data_api_listings_historical
2018-03-07,2363,ZAP,Zap,zap,300,108131803.315768,0.21790919,23562913.35786866,14380.14453125,2018-03-07T00:00:00.000Z,2018-03-07T23:59:17.000Z,coinmarketcap_data_api_listings_historical
2018-03-07,1847,MSP,Mothership,mothership,301,140000000.0,0.16740507,23436709.64241026,77466.3046875,2018-03-07T00:00:00.000Z,2018-03-07T23:59:11.000Z,coinmarketcap_data_api_listings_historical
2018-03-07,2273,UQC,Uquid Coin,uquid-coin,302,10000000.0,2.34148717,23414871.6926575,149285.390625,2018-03-07T00:00:00.000Z,2018-03-07T23:59:16.000Z,coinmarketcap_data_api_listings_historical
2018-03-07,1448,ZOI,Zoin,zoin,303,17272150.0,1.347772,23278920.18814676,93641.71875,2018-03-07T00:00:00.000Z,2018-03-07T23:59:08.000Z,coinmarketcap_data_api_listings_historical
2018-03-07,224,FAIR,FairCoin,faircoin,304,53193831.469966,0.43749663,23272122.12924238,11834.27832031,2018-03-07T00:00:00.000Z,2018-03-07T23:59:02.000Z,coinmarketcap_data_api_listings_historical
2018-03-07,1899,YOYOW,YOYOW,yoyow,305,249999999.108328,0.09208824,23022059.26909332,3193584.5,2018-03-07T00:00:00.000Z,2018-03-07T23:59:12.000Z,coinmarketcap_data_api_listings_historical
2018-03-07,2484,HMC,Hi Mutual Society,hi-mutual-society,306,403600000.0,0.05627863,22714055.50837519,392932.6875,2018-03-07T00:00:00.000Z,2018-03-07T23:59:19.000Z,coinmarketcap_data_api_listings_historical
2018-03-07,90,DIME,Dimecoin,dimecoin,307,539096740559.918,4.171e-05,22488014.7787215,28411.71289063,2018-03-07T00:00:00.000Z,2018-03-07T23:59:01.000Z,coinmarketcap_data_api_listings_historical
2018-03-07,89,MOON,Mooncoin,mooncoin,308,223689029800.9,9.964e-05,22288921.25955437,17063.48046875,2018-03-07T00:00:00.000Z,2018-03-07T23:59:01.000Z,coinmarketcap_data_api_listings_historical
2018-03-07,1495,POSW,PoSW Coin,posw-coin,309,44100000.0,0.50521725,22280080.90853693,78042.71875,2018-03-07T00:00:00.000Z,2018-03-07T23:59:08.000Z,coinmarketcap_data_api_listings_historical
2018-03-07,833,GRC,GridCoin,gridcoin,310,390312753.15085,0.05678138,22162495.83567281,92757.8984375,2018-03-07T00:00:00.000Z,2018-03-07T23:59:04.000Z,coinmarketcap_data_api_listings_historical
2018-03-07,2398,KEY,Selfkey,selfkey,311,1886446090.8134,0.01164225,21962486.22362875,212455.09375,2018-03-07T00:00:00.000Z,2018-03-07T23:59:18.000Z,coinmarketcap_data_api_listings_historical
2018-03-07,1382,NLC2,NoLimitCoin,nolimitcoin,312,205603329.741558,0.10599376,21792670.52493398,99418.1953125,2018-03-07T00:00:00.000Z,2018-03-07T23:59:07.000Z,coinmarketcap_data_api_listings_historical
2018-03-07,2373,TIO,Trade Token,trade-token,313,84285535.961,0.25839096,21778620.81046984,474215.96875,2018-03-07T00:00:00.000Z,2018-03-07T23:59:18.000Z,coinmarketcap_data_api_listings_historical
2018-03-07,1391,XTO,Tao,tao,314,32817863.1846755,0.65964741,21648218.29225857,9777.08984375,2018-03-07T00:00:00.000Z,2018-03-07T23:59:07.000Z,coinmarketcap_data_api_listings_historical
2018-03-07,1976,BMC,Blackmoon,blackmoon,315,21083343.6962278,1.02475679,21605299.59190374,1115355.125,2018-03-07T00:00:00.000Z,2018-03-07T23:59:13.000Z,coinmarketcap_data_api_listings_historical
2018-03-07,2481,ZPT,Zeepin,zeepin,316,234565044.0,0.09158939,21483669.58415867,1840256.375,2018-03-07T00:00:00.000Z,2018-03-07T23:59:19.000Z,coinmarketcap_data_api_listings_historical
2018-03-07,2066,EVR,Everus,everus,317,53088111.7233417,0.39897996,21181092.79124071,556412.0,2018-03-07T00:00:00.000Z,2018-03-07T23:59:14.000Z,coinmarketcap_data_api_listings_historical
2018-03-07,2308,SAI,Single Collateral DAI ,single-collateral-dai,318,20950617.8309966,1.00376594,21029516.61466837,2174266.5,2018-03-07T00:00:00.000Z,2018-03-07T23:59:17.000Z,coinmarketcap_data_api_listings_historical
2018-03-07,1711,ECA,Electra,electra,319,23508279694.3402,0.00088674,20845806.92209409,65305.25,2018-03-07T00:00:00.000Z,2018-03-07T23:59:10.000Z,coinmarketcap_data_api_listings_historical
2018-03-07,2215,TSL,Energo,energo,320,582029028.5,0.03571311,20786066.78733585,1233501.0,2018-03-07T00:00:00.000Z,2018-03-07T23:59:16.000Z,coinmarketcap_data_api_listings_historical
2018-03-07,1873,TIX,Blocktix,blocktix,321,40000000.0,0.51587254,20634901.52359008,1253757.0,2018-03-07T00:00:00.000Z,2018-03-07T23:59:12.000Z,coinmarketcap_data_api_listings_historical
2018-03-07,2047,ZSC,Zeusshield,zeusshield,322,1153170765.0,0.01788087,20619700.86648426,127000.875,2018-03-07T00:00:00.000Z,2018-03-07T23:59:14.000Z,coinmarketcap_data_api_listings_historical
2018-03-07,706,MUE,MonetaryUnit,monetaryunit,323,126204216.947601,0.16277413,20542781.70457477,1162597.375,2018-03-07T00:00:00.000Z,2018-03-07T23:59:04.000Z,coinmarketcap_data_api_listings_historical
2018-03-07,2473,SOC,All Sports,all-sports,324,439951479.697306,0.04664871,20523171.05445911,2277628.0,2018-03-07T00:00:00.000Z,2018-03-07T23:59:19.000Z,coinmarketcap_data_api_listings_historical
2018-03-07,2423,AURA,Aurora DAO,aurora-dao,325,101907520.0,0.20066138,20448903.20003987,55586.84375,2018-03-07T00:00:00.000Z,2018-03-07T23:59:18.000Z,coinmarketcap_data_api_listings_historical
2018-03-07,1556,TIME,Chrono.tech,chrono-tech,326,710112.8108,28.68909645,20372494.91999394,12877375.0,2018-03-07T00:00:00.000Z,2018-03-07T23:59:09.000Z,coinmarketcap_data_api_listings_historical
2018-03-07,1949,DLT,Agrello,agrello-delta,327,85978873.0,0.23545796,20244409.76376634,781924.75,2018-03-07T00:00:00.000Z,2018-03-07T23:59:12.000Z,coinmarketcap_data_api_listings_historical
2018-03-07,2336,GTC,Game.com,game,328,300000000.0,0.06714044,20142131.29878045,2741249.25,2018-03-07T00:00:00.000Z,2018-03-07T23:59:17.000Z,coinmarketcap_data_api_listings_historical
2018-03-07,1954,MDA,Moeda Loyalty Points,moeda-loyalty-points,329,19628888.0,1.02161658,20053197.39050957,1275051.375,2018-03-07T00:00:00.000Z,2018-03-07T23:59:14.000Z,coinmarketcap_data_api_listings_historical
2018-03-07,1154,RADS,Radium,radium,330,3461072.26360892,5.79190207,20046191.59166979,910887.8125,2018-03-07T00:00:00.000Z,2018-03-07T23:59:06.000Z,coinmarketcap_data_api_listings_historical
2018-03-07,2499,CHSB,SwissBorg,swissborg,331,575821132.878,0.03476145,20016380.34678669,367255.59375,2018-03-07T00:00:00.000Z,2018-03-07T23:59:19.000Z,coinmarketcap_data_api_listings_historical
2018-03-07,2082,ICOS,ICOS,icos,332,565232.68852,35.30214691,19953927.40938361,299370.75,2018-03-07T00:00:00.000Z,2018-03-07T23:59:15.000Z,coinmarketcap_data_api_listings_historical
2018-03-07,1473,PASC,Pascal,pascal,333,18500900.0,1.07167935,19827032.55512716,51729.3671875,2018-03-07T00:00:00.000Z,2018-03-07T23:59:08.000Z,coinmarketcap_data_api_listings_historical
2018-03-07,2341,SWFTC,SwftCoin,swftcoin,334,1750000000.0,0.01119274,19587290.007621,8832691.0,2018-03-07T00:00:00.000Z,2018-03-07T23:59:17.000Z,coinmarketcap_data_api_listings_historical
2018-03-07,2375,QUN,QunQun,qunqun,335,462424418.65,0.0422595,19541824.45666129,3599425.25,2018-03-07T00:00:00.000Z,2018-03-07T23:59:18.000Z,coinmarketcap_data_api_listings_historical
2018-03-07,2064,ART,Maecenas,maecenas,336,30150150.1476253,0.64380002,19410667.27461377,5695.84716797,2018-03-07T00:00:00.000Z,2018-03-07T23:59:14.000Z,coinmarketcap_data_api_listings_historical
2018-03-07,2450,CV,carVertical,carvertical,337,5254397527.7213,0.00369068,19392293.87302357,194405.921875,2018-03-07T00:00:00.000Z,2018-03-07T23:59:19.000Z,coinmarketcap_data_api_listings_historical
2018-03-07,2407,AIT,AICHAIN,aichain,338,533067071.0,0.03634994,19376954.61807571,97852.2890625,2018-03-07T00:00:00.000Z,2018-03-07T23:59:18.000Z,coinmarketcap_data_api_listings_historical
2018-03-07,2199,XLQ,ALQO,alqo,339,29845645.9021195,0.64721972,19316690.50945224,122452.6328125,2018-03-07T00:00:00.000Z,2018-03-07T23:59:16.000Z,coinmarketcap_data_api_listings_historical
2018-03-07,233,SLR,SolarCoin,solarcoin,340,41925935.3919067,0.45976818,19276210.84553438,119492.546875,2018-03-07T00:00:00.000Z,2018-03-07T23:59:01.000Z,coinmarketcap_data_api_listings_historical
2018-03-07,83,OMNI,Omni,omni,341,560699.04593153,34.21284103,19183107.32633473,89719.3828125,2018-03-07T00:00:00.000Z,2018-03-07T23:59:01.000Z,coinmarketcap_data_api_listings_historical
2018-03-07,1888,IFT,InvestFeed,investfeed,342,191381257.0,0.10011399,19159940.85192302,246975.671875,2018-03-07T00:00:00.000Z,2018-03-07T23:59:12.000Z,coinmarketcap_data_api_listings_historical
2018-03-07,1358,EDC,EDC Blockchain,edc-blockchain,343,886211987.679001,0.02159744,19139911.37071241,20413.99023438,2018-03-07T00:00:00.000Z,2018-03-07T23:59:07.000Z,coinmarketcap_data_api_listings_historical
2018-03-07,1527,WCT,Waves Community Token,waves-community-token,344,9969597.0,1.9170922,19112636.68665823,88149.0,2018-03-07T00:00:00.000Z,2018-03-07T23:59:08.000Z,coinmarketcap_data_api_listings_historical
2018-03-07,2342,COV,Covesting,covesting,345,17500000.0,1.0821681,18937941.789627,117739.3828125,2018-03-07T00:00:00.000Z,2018-03-07T23:59:17.000Z,coinmarketcap_data_api_listings_historical
2018-03-07,1974,PRO,Propy,propy,346,17426790.3910539,1.081357,18844581.81625379,7785468.5,2018-03-07T00:00:00.000Z,2018-03-07T23:59:14.000Z,coinmarketcap_data_api_listings_historical
2018-03-07,1513,BCC,BitConnect,bitconnect,347,9290450.47206906,2.01362824,18707513.47375776,61458.96484375,2018-03-07T00:00:00.000Z,2018-03-07T23:59:08.000Z,coinmarketcap_data_api_listings_historical
2018-03-07,2090,LA,LATOKEN,latoken,348,77839404.0,0.24027415,18702796.33675662,811678.25,2018-03-07T00:00:00.000Z,2018-03-07T23:59:14.000Z,coinmarketcap_data_api_listings_historical
2018-03-07,2495,PARETO,PARETO Rewards,pareto-rewards,349,440727932.72938,0.04195937,18492667.02357395,62406.36328125,2018-03-07T00:00:00.000Z,2018-03-07T23:59:19.000Z,coinmarketcap_data_api_listings_historical
2018-03-07,1794,NVST,NVO,nvo,350,15000000.0,1.22246158,18336923.7184524,3148.13549805,2018-03-07T00:00:00.000Z,2018-03-07T23:59:10.000Z,coinmarketcap_data_api_listings_historical
2018-03-07,1603,DTB,Databits,databits,351,22747808.5,0.79236925,18024663.88028115,44440.77734375,2018-03-07T00:00:00.000Z,2018-03-07T23:59:09.000Z,coinmarketcap_data_api_listings_historical
2018-03-07,42,XPM,Primecoin,primecoin,352,22771574.9702737,0.78980339,17985067.01003049,244867.8125,2018-03-07T00:00:00.000Z,2018-03-07T23:59:00.000Z,coinmarketcap_data_api_listings_historical
2018-03-07,2070,DRT,DomRaider,domraider,353,591500000.0,0.03030917,17927875.4433617,8361.3828125,2018-03-07T00:00:00.000Z,2018-03-07T23:59:15.000Z,coinmarketcap_data_api_listings_historical
2018-03-07,416,THC,HempCoin,hempcoin,354,230478759.762653,0.07755314,17874351.09348605,254043.5625,2018-03-07T00:00:00.000Z,2018-03-07T23:59:02.000Z,coinmarketcap_data_api_listings_historical
2018-03-07,2343,CAN,CanYaCoin,canyacoin,355,37500780.090571,0.47631291,17862105.52533158,533432.875,2018-03-07T00:00:00.000Z,2018-03-07T23:59:18.000Z,coinmarketcap_data_api_listings_historical
2018-03-07,2421,IPL,VouchForMe,insurepal,356,201000000.0,0.08856571,17801708.64611865,41738.97265625,2018-03-07T00:00:00.000Z,2018-03-07T23:59:18.000Z,coinmarketcap_data_api_listings_historical
2018-03-07,2457,TRUE,TrueChain,truechain,357,25000000.0,0.7089259,17723147.57108688,38843912.0,2018-03-07T00:00:00.000Z,2018-03-07T23:59:19.000Z,coinmarketcap_data_api_listings_historical
2018-03-07,366,BSD,BitSend,bitsend,358,18404300.0,0.93115556,17137266.31709338,316302.28125,2018-03-07T00:00:00.000Z,2018-03-07T23:59:02.000Z,coinmarketcap_data_api_listings_historical
2018-03-07,1853,OAX,OAX,oax,359,25009249.58,0.68253142,17069598.53934285,2170123.25,2018-03-07T00:00:00.000Z,2018-03-07T23:59:12.000Z,coinmarketcap_data_api_listings_historical
2018-03-07,1562,SWT,Swarm City,swarm-city,360,8143170.6109372,2.08646417,16990433.68256652,1742993.875,2018-03-07T00:00:00.000Z,2018-03-07T23:59:08.000Z,coinmarketcap_data_api_listings_historical
2018-03-07,2158,PHR,Phore,phore,361,6980248.80619631,2.41025805,16824200.90917702,115016.921875,2018-03-07T00:00:00.000Z,2018-03-07T23:59:15.000Z,coinmarketcap_data_api_listings_historical
2018-03-07,1991,RVT,Rivetz,rivetz,362,26244468.18,0.6399495,16795134.30427376,8303.1171875,2018-03-07T00:00:00.000Z,2018-03-07T23:59:13.000Z,coinmarketcap_data_api_listings_historical
2018-03-07,760,OK,OKCash,okcash,363,73883581.9521176,0.22728838,16792879.67009063,1376756.625,2018-03-07T00:00:00.000Z,2018-03-07T23:59:04.000Z,coinmarketcap_data_api_listings_historical
2018-03-07,2031,HBT,Hubii Network,hubii-network,364,13516418.137861,1.23466063,16688189.27204007,11943.6484375,2018-03-07T00:00:00.000Z,2018-03-07T23:59:13.000Z,coinmarketcap_data_api_listings_historical
2018-03-07,148,AUR,Auroracoin,auroracoin,365,8658139.13596773,1.92049396,16627903.9187605,79403.0078125,2018-03-07T00:00:00.000Z,2018-03-07T23:59:01.000Z,coinmarketcap_data_api_listings_historical
2018-03-07,2546,REM,Remme,remme,366,590578710.0229,0.02786568,16456876.20966082,514583.875,2018-03-07T00:00:00.000Z,2018-03-07T23:59:19.000Z,coinmarketcap_data_api_listings_historical
2018-03-07,2144,XSH,SHIELD,shield-xsh,367,481720686.685579,0.03384484,16303759.46031857,34273.4140625,2018-03-07T00:00:00.000Z,2018-03-07T23:59:16.000Z,coinmarketcap_data_api_listings_historical
2018-03-07,215,RBY,Rubycoin,rubycoin,368,25380578.3918338,0.64205223,16295657.03687052,8458.66601563,2018-03-07T00:00:00.000Z,2018-03-07T23:59:01.000Z,coinmarketcap_data_api_listings_historical
2018-03-07,64,FLO,FLO,flo,369,142549218.342723,0.11427037,16289151.45685632,257284.484375,2018-03-07T00:00:00.000Z,2018-03-07T23:59:01.000Z,coinmarketcap_data_api_listings_historical
2018-03-07,1833,TOA,ToaCoin,toacoin,370,2307232085.45076,0.0069779,16099645.35461096,29786.95507813,2018-03-07T00:00:00.000Z,2018-03-07T23:59:11.000Z,coinmarketcap_data_api_listings_historical
2018-03-07,2327,MOT,Olympus Labs,olympus-labs,371,37021123.3037829,0.42945758,15899001.84088317,1210723.125,2018-03-07T00:00:00.000Z,2018-03-07T23:59:18.000Z,coinmarketcap_data_api_listings_historical
2018-03-07,2211,BOT,Bodhi,bodhi,372,40000000.0,0.3932521,15730084.18083192,787392.6875,2018-03-07T00:00:00.000Z,2018-03-07T23:59:16.000Z,coinmarketcap_data_api_listings_historical
2018-03-07,322,ENRG,Energycoin,energycoin,373,121690541.250917,0.12885904,15680926.70251088,15349.00292969,2018-03-07T00:00:00.000Z,2018-03-07T23:59:02.000Z,coinmarketcap_data_api_listings_historical
2018-03-07,2208,DNA,EncrypGen,encrypgen,374,62163444.0825422,0.25117895,15614148.61747109,240831.53125,2018-03-07T00:00:00.000Z,2018-03-07T23:59:16.000Z,coinmarketcap_data_api_listings_historical
2018-03-07,1845,IXT,IXT,ixledger,375,35778843.8311976,0.43548447,15581130.80500608,432582.71875,2018-03-07T00:00:00.000Z,2018-03-07T23:59:11.000Z,coinmarketcap_data_api_listings_historical
2018-03-07,2229,DIVX,Divi Exchange Token,divi-exchange-token,376,5143106.61545752,3.02021432,15533284.24532687,75733.2109375,2018-03-07T00:00:00.000Z,2018-03-07T23:59:17.000Z,coinmarketcap_data_api_listings_historical
2018-03-07,623,BITUSD,bitUSD,bitusd,377,14125900.0,1.09666789,15491420.88774436,2658630.75,2018-03-07T00:00:00.000Z,2018-03-07T23:59:03.000Z,coinmarketcap_data_api_listings_historical
2018-03-07,2094,PRG,Paragon,paragon,378,64936610.252873,0.23847,15485433.64238663,344453.25,2018-03-07T00:00:00.000Z,2018-03-07T23:59:15.000Z,coinmarketcap_data_api_listings_historical
2018-03-07,1475,INCNT,Incent,incent,379,46016602.0,0.33635697,15478004.71200747,93218.7890625,2018-03-07T00:00:00.000Z,2018-03-07T23:59:08.000Z,coinmarketcap_data_api_listings_historical
2018-03-07,2334,CAT,BitClave,bitclave,380,501394405.74,0.03032098,15202771.44330728,1266734.75,2018-03-07T00:00:00.000Z,2018-03-07T23:59:17.000Z,coinmarketcap_data_api_listings_historical
2018-03-07,2374,BDG,BitDegree,bitdegree,381,350569198.325215,0.04327453,15170715.73101507,47671.44921875,2018-03-07T00:00:00.000Z,2018-03-07T23:59:18.000Z,coinmarketcap_data_api_listings_historical
2018-03-07,2360,HKN,Hacken,hacken,382,4071971.94793479,3.72133565,15153174.37357444,146414.765625,2018-03-07T00:00:00.000Z,2018-03-07T23:59:17.000Z,coinmarketcap_data_api_listings_historical
2018-03-07,2397,HAC,Hackspace Capital,hackspace-capital,383,324308731.3145,0.04654679,15095530.65451605,420108.5,2018-03-07T00:00:00.000Z,2018-03-07T23:59:18.000Z,coinmarketcap_data_api_listings_historical
2018-03-07,1380,LMC,LoMoCoin,lomocoin,384,227269400.014821,0.06607266,15016293.27385302,198647.1875,2018-03-07T00:00:00.000Z,2018-03-07T23:59:07.000Z,coinmarketcap_data_api_listings_historical
2018-03-07,1861,STX,Stox,stox,385,42184336.6087163,0.35128784,14818844.56490886,745993.0,2018-03-07T00:00:00.000Z,2018-03-07T23:59:12.000Z,coinmarketcap_data_api_listings_historical
2018-03-07,2318,NEU,Neumark,neumark,386,28727330.7710462,0.51482046,14789417.54171502,110654.1640625,2018-03-07T00:00:00.000Z,2018-03-07T23:59:17.000Z,coinmarketcap_data_api_listings_historical
2018-03-07,2040,ALIS,ALIS,alis,387,38538647.0864453,0.38236225,14735723.67755905,21814.1171875,2018-03-07T00:00:00.000Z,2018-03-07T23:59:14.000Z,coinmarketcap_data_api_listings_historical
2018-03-07,2258,SNOV,Snovian.Space,snov,388,404999427.0,0.03622106,14669508.91059363,442641.3125,2018-03-07T00:00:00.000Z,2018-03-07T23:59:17.000Z,coinmarketcap_data_api_listings_historical
2018-03-07,921,UNIT,Universal Currency,universal-currency,389,13166600.6608337,1.10861373,14596674.26314026,36376.12890625,2018-03-07T00:00:00.000Z,2018-03-07T23:59:04.000Z,coinmarketcap_data_api_listings_historical
2018-03-07,2175,DBET,DecentBet,decent-bet,390,118276529.748371,0.12297671,14545258.83960614,54921.08984375,2018-03-07T00:00:00.000Z,2018-03-07T23:59:15.000Z,coinmarketcap_data_api_listings_historical
2018-03-07,2009,BIS,Bismuth,bismuth,391,8150786.63170498,1.77015281,14428137.83729195,74758.4921875,2018-03-07T00:00:00.000Z,2018-03-07T23:59:13.000Z,coinmarketcap_data_api_listings_historical
2018-03-07,460,CLAM,Clams,clams,392,2906514.39819279,4.92977524,14328462.70920915,91619.890625,2018-03-07T00:00:00.000Z,2018-03-07T23:59:02.000Z,coinmarketcap_data_api_listings_historical
2018-03-07,182,XMY,Myriad,myriad,393,1558003500.0,0.00918973,14317627.94580543,286961.53125,2018-03-07T00:00:00.000Z,2018-03-07T23:59:02.000Z,coinmarketcap_data_api_listings_historical
2018-03-07,2037,AIR,AirToken,airtoken,394,1050000000.0,0.01354943,14226900.83272752,194120.6875,2018-03-07T00:00:00.000Z,2018-03-07T23:59:15.000Z,coinmarketcap_data_api_listings_historical
2018-03-07,1995,TGT,Target Coin,target-coin,395,952429892.0,0.01487549,14167859.76811975,533.65679932,2018-03-07T00:00:00.000Z,2018-03-07T23:59:13.000Z,coinmarketcap_data_api_listings_historical
2018-03-07,298,NYC,NewYorkCoin,newyorkcoin,396,132185463284.0,0.00010677,14113782.32364809,39776.44140625,2018-03-07T00:00:00.000Z,2018-03-07T23:59:02.000Z,coinmarketcap_data_api_listings_historical
2018-03-07,1681,PZM,PRIZM,prizm,397,15156300.79,0.92899179,14080079.07019007,11190.46191406,2018-03-07T00:00:00.000Z,2018-03-07T23:59:09.000Z,coinmarketcap_data_api_listings_historical
2018-03-07,1677,DICE,Etheroll,etheroll,398,7001622.64879442,2.00874257,14064457.4798505,84516.0703125,2018-03-07T00:00:00.000Z,2018-03-07T23:59:11.000Z,coinmarketcap_data_api_listings_historical
2018-03-07,1304,SYNX,Syndicate,syndicate,399,19531650.0,0.71733785,14010791.75459146,759755.4375,2018-03-07T00:00:00.000Z,2018-03-07T23:59:06.000Z,coinmarketcap_data_api_listings_historical
2018-03-07,1709,QAU,Quantum,quantum,400,75487506.5495834,0.185293,13987306.84675689,24907.4921875,2018-03-07T00:00:00.000Z,2018-03-07T23:59:10.000Z,coinmarketcap_data_api_listings_historical
2018-03-07,1480,GOLOS,Golos,golos,401,124518891.448,0.11193858,13938468.0002729,25668.08984375,2018-03-07T00:00:00.000Z,2018-03-07T23:59:08.000Z,coinmarketcap_data_api_listings_historical
2018-03-07,1990,CSNO,BitDice,bitdice,402,70000000.0,0.19809231,13866461.81344984,811.18798828,2018-03-07T00:00:00.000Z,2018-03-07T23:59:13.000Z,coinmarketcap_data_api_listings_historical
2018-03-07,2069,OTN,Open Trading Network,open-trading-network,403,3592379.31018507,3.85949826,13864781.70556039,73608.921875,2018-03-07T00:00:00.000Z,2018-03-07T23:59:14.000Z,coinmarketcap_data_api_listings_historical
2018-03-07,1812,XRL,Rialto,rialto,404,73064104.0598381,0.18772392,13715880.00708063,29338.93164063,2018-03-07T00:00:00.000Z,2018-03-07T23:59:12.000Z,coinmarketcap_data_api_listings_historical
2018-03-07,2091,XUC,Exchange Union,exchange-union,405,2000000.0,6.85764122,13715282.44018554,556115.125,2018-03-07T00:00:00.000Z,2018-03-07T23:59:14.000Z,coinmarketcap_data_api_listings_historical
2018-03-07,85,EAC,EarthCoin,earthcoin,406,11785041030.1981,0.00116173,13690994.95021009,116739.6015625,2018-03-07T00:00:00.000Z,2018-03-07T23:59:01.000Z,coinmarketcap_data_api_listings_historical
2018-03-07,1838,OCT,OracleChain,oraclechain,407,30000000.0,0.4536396,13609187.90102004,11908.0546875,2018-03-07T00:00:00.000Z,2018-03-07T23:59:12.000Z,coinmarketcap_data_api_listings_historical
2018-03-07,551,DONU,Donu,donu,408,3718169.5667,3.65420127,13586939.94954923,188951.78125,2018-03-07T00:00:00.000Z,2018-03-07T23:59:03.000Z,coinmarketcap_data_api_listings_historical
2018-03-07,1577,MUSIC,Musicoin,musicoin,409,659484152.0,0.02042914,13472695.26890559,171735.359375,2018-03-07T00:00:00.000Z,2018-03-07T23:59:08.000Z,coinmarketcap_data_api_listings_historical
2018-03-07,1930,PST,Primas,primas,410,51200000.0,0.26245716,13437806.70166016,4635328.5,2018-03-07T00:00:00.000Z,2018-03-07T23:59:12.000Z,coinmarketcap_data_api_listings_historical
2018-03-07,2125,RMC,Russian Miner Coin,russian-mining-coin,411,1507.0,8914.15332031,13433629.05371094,4617.53173828,2018-03-07T00:00:00.000Z,2018-03-07T23:59:14.000Z,coinmarketcap_data_api_listings_historical
2018-03-07,1481,NXC,Nexium,nexium,412,66520968.5,0.20154756,13407139.09463162,99692.15625,2018-03-07T00:00:00.000Z,2018-03-07T23:59:08.000Z,coinmarketcap_data_api_listings_historical
2018-03-07,939,GAM,Gambit,gambit,413,1200279.34882794,11.1312027,13360552.72573186,33377.9765625,2018-03-07T00:00:00.000Z,2018-03-07T23:59:04.000Z,coinmarketcap_data_api_listings_historical
2018-03-07,1032,TX,TransferCoin,transfercoin,414,6364130.99999998,2.07971883,13235603.06583946,12423228.0,2018-03-07T00:00:00.000Z,2018-03-07T23:59:04.000Z,coinmarketcap_data_api_listings_historical
2018-03-07,606,FLDC,FoldingCoin,foldingcoin,415,575764018.0,0.02295009,13213835.22883474,118807.6015625,2018-03-07T00:00:00.000Z,2018-03-07T23:59:03.000Z,coinmarketcap_data_api_listings_historical
2018-03-07,1505,XSPEC,Spectrecoin,spectrecoin,416,20785264.0911937,0.63315666,13160328.33139293,167788.0625,2018-03-07T00:00:00.000Z,2018-03-07T23:59:08.000Z,coinmarketcap_data_api_listings_historical
2018-03-07,1970,ATB,ATBCoin,atbcoin,417,41055171.179045,0.31951153,13117600.67210597,2856441.0,2018-03-07T00:00:00.000Z,2018-03-07T23:59:12.000Z,coinmarketcap_data_api_listings_historical
2018-03-07,2333,FDX,FidentiaX,fidentiax,418,105000000.0,0.12416813,13037653.41639516,40580.04296875,2018-03-07T00:00:00.000Z,2018-03-07T23:59:17.000Z,coinmarketcap_data_api_listings_historical
2018-03-07,1587,DYN,Dynamic,dynamic,419,4807216.41541921,2.71148753,13034707.37241003,3016132.0,2018-03-07T00:00:00.000Z,2018-03-07T23:59:08.000Z,coinmarketcap_data_api_listings_historical
2018-03-07,895,XAUR,Xaurum,xaurum,420,127134211.723583,0.10225222,12999754.76970635,67070.6875,2018-03-07T00:00:00.000Z,2018-03-07T23:59:04.000Z,coinmarketcap_data_api_listings_historical
2018-03-07,2166,TIE,Ties.DB,tiesdb,421,39885788.369723,0.32586184,12997256.44545209,93162.53125,2018-03-07T00:00:00.000Z,2018-03-07T23:59:16.000Z,coinmarketcap_data_api_listings_historical
2018-03-07,1238,ESP,Espers,espers,422,21247081052.1267,0.00061023,12965528.88477483,20156.4921875,2018-03-07T00:00:00.000Z,2018-03-07T23:59:06.000Z,coinmarketcap_data_api_listings_historical
2018-03-07,1708,PTOY,Patientory,patientory,423,70000000.0,0.18074669,12652268.2607174,909893.625,2018-03-07T00:00:00.000Z,2018-03-07T23:59:10.000Z,coinmarketcap_data_api_listings_historical
2018-03-07,1784,PLBT,Polybius,polybius,424,3820953.606409,3.29259944,12580869.70328,76463.03125,2018-03-07T00:00:00.000Z,2018-03-07T23:59:12.000Z,coinmarketcap_data_api_listings_historical
2018-03-07,161,PND,Pandacoin,pandacoin-pnd,425,32514916897.7707,0.00038397,12484845.62442424,9801.6875,2018-03-07T00:00:00.000Z,2018-03-07T23:59:02.000Z,coinmarketcap_data_api_listings_historical
2018-03-07,894,NTRN,Neutron,neutron,426,34372213.75924,0.35864612,12327461.25872111,35122.8671875,2018-03-07T00:00:00.000Z,2018-03-07T23:59:04.000Z,coinmarketcap_data_api_listings_historical
2018-03-07,406,BBR,Boolberry,boolberry,427,11185845.8215926,1.08529878,12139984.7857081,9972.19433594,2018-03-07T00:00:00.000Z,2018-03-07T23:59:02.000Z,coinmarketcap_data_api_listings_historical
2018-03-07,2348,MDT,Measurable Data Token,measurable-data-token,428,157835094.475896,0.07684369,12128630.50311117,891460.8125,2018-03-07T00:00:00.000Z,2018-03-07T23:59:18.000Z,coinmarketcap_data_api_listings_historical
2018-03-07,1044,GCR,Global Currency Reserve,global-currency-reserve,429,103888931.704605,0.11567313,12017158.13541931,70756.046875,2018-03-07T00:00:00.000Z,2018-03-07T23:59:05.000Z,coinmarketcap_data_api_listings_historical
2018-03-07,2204,B2B,B2BX,b2bx,430,16474230.2755126,0.7291984,12012982.2956305,445775.15625,2018-03-07T00:00:00.000Z,2018-03-07T23:59:16.000Z,coinmarketcap_data_api_listings_historical
2018-03-07,2430,HOT,Hydro Protocol,hydro-protocol,431,230169301.0,0.05198297,11964883.64913937,212222.8125,2018-03-07T00:00:00.000Z,2018-03-07T23:59:18.000Z,coinmarketcap_data_api_listings_historical
2018-03-07,2275,PRA,ProChain,prochain,432,49562749.45,0.2397134,11880855.21386131,499629.25,2018-03-07T00:00:00.000Z,2018-03-07T23:59:17.000Z,coinmarketcap_data_api_listings_historical
2018-03-07,1721,MYST,Mysterium,mysterium,433,19429024.2166521,0.60758764,11804834.88420051,162168.734375,2018-03-07T00:00:00.000Z,2018-03-07T23:59:10.000Z,coinmarketcap_data_api_listings_historical
2018-03-07,2107,LUX,LUXCoin,luxcoin,434,1223229.28715663,9.63629913,11787403.31965557,242257.59375,2018-03-07T00:00:00.000Z,2018-03-07T23:59:15.000Z,coinmarketcap_data_api_listings_historical
2018-03-07,1606,XLR,Solaris,solaris,435,1068226.90376883,10.89103603,11634097.70103976,70110.390625,2018-03-07T00:00:00.000Z,2018-03-07T23:59:09.000Z,coinmarketcap_data_api_listings_historical
2018-03-07,2466,AXPR,aXpire,axpire,436,256338118.650974,0.04488936,11506853.30570406,173615.4375,2018-03-07T00:00:00.000Z,2018-03-07T23:59:19.000Z,coinmarketcap_data_api_listings_historical
2018-03-07,1611,DBIX,DubaiCoin,dubaicoin-dbix,437,2187429.973,5.25721359,11499786.5867616,97557.84375,2018-03-07T00:00:00.000Z,2018-03-07T23:59:10.000Z,coinmarketcap_data_api_listings_historical
2018-03-07,2400,RNT,OneRoot Network,oneroot-network,438,190311479.891,0.06024178,11464701.81774452,559126.25,2018-03-07T00:00:00.000Z,2018-03-07T23:59:18.000Z,coinmarketcap_data_api_listings_historical
2018-03-07,2287,LOC,LockTrip,lockchain,439,9292966.0,1.20990169,11243575.27300188,72157.1953125,2018-03-07T00:00:00.000Z,2018-03-07T23:59:17.000Z,coinmarketcap_data_api_listings_historical
2018-03-07,1882,CAT,BlockCAT,blockcat,440,7360121.11184614,1.51119566,11122583.07862785,66173.1484375,2018-03-07T00:00:00.000Z,2018-03-07T23:59:12.000Z,coinmarketcap_data_api_listings_historical
2018-03-07,1894,TCC,The ChampCoin,the-champcoin,441,164925727.0,0.06705424,11058969.59307817,11129.3671875,2018-03-07T00:00:00.000Z,2018-03-07T23:59:13.000Z,coinmarketcap_data_api_listings_historical
2018-03-07,1464,IOP,Internet of People,internet-of-people,442,3525843.44063,3.12537074,11019567.92630569,3325230.5,2018-03-07T00:00:00.000Z,2018-03-07T23:59:08.000Z,coinmarketcap_data_api_listings_historical
2018-03-07,2490,CXO,CargoX,cargox,443,129071409.349828,0.08527878,11007052.22778783,145155.890625,2018-03-07T00:00:00.000Z,2018-03-07T23:59:19.000Z,coinmarketcap_data_api_listings_historical
2018-03-07,2377,LEV,Leverj,leverj,444,118090510.57721,0.09299412,10981723.54809213,836935.75,2018-03-07T00:00:00.000Z,2018-03-07T23:59:18.000Z,coinmarketcap_data_api_listings_historical
2018-03-07,2419,PUT,Profile Utility Token,profile-utility-token,445,20923342.6892223,0.51967615,10873362.1506711,2018463.375,2018-03-07T00:00:00.000Z,2018-03-07T23:59:18.000Z,coinmarketcap_data_api_listings_historical
2018-03-07,1917,BQ,bitqy,bitqy,446,2913157084.81,0.00370213,10784881.30359052,1755.69116211,2018-03-07T00:00:00.000Z,2018-03-07T23:59:12.000Z,coinmarketcap_data_api_listings_historical
2018-03-07,333,CURE,Curecoin,curecoin,447,23851490.171226,0.45092914,10755331.83337909,55181.734375,2018-03-07T00:00:00.000Z,2018-03-07T23:59:02.000Z,coinmarketcap_data_api_listings_historical
2018-03-07,2478,COFI,CoinFi,coinfi,448,170470573.070712,0.06284478,10713184.91395122,160524.875,2018-03-07T00:00:00.000Z,2018-03-07T23:59:19.000Z,coinmarketcap_data_api_listings_historical
2018-03-07,626,USNBT,NuBits,nubits,449,10708343.8314,0.99849933,10692274.18238057,18710682.0,2018-03-07T00:00:00.000Z,2018-03-07T23:59:03.000Z,coinmarketcap_data_api_listings_historical
2018-03-07,2368,REBL,REBL,rebl,450,168045455.863227,0.06309558,10602925.01019874,1128325.75,2018-03-07T00:00:00.000Z,2018-03-07T23:59:18.000Z,coinmarketcap_data_api_listings_historical
2018-03-07,788,COVAL,Circuits of Value,circuits-of-value,451,1000000000.0,0.01059794,10597938.6717081,59346.87890625,2018-03-07T00:00:00.000Z,2018-03-07T23:59:04.000Z,coinmarketcap_data_api_listings_historical
2018-03-07,1618,ECN,E-coin,e-coin,452,350363.27,30.12191582,10553612.92440018,1010.82727051,2018-03-07T00:00:00.000Z,2018-03-07T23:59:10.000Z,coinmarketcap_data_api_listings_historical
2018-03-07,914,SPHR,Sphere,sphere,453,3082940.27603443,3.38474655,10434971.46783014,3766798.5,2018-03-07T00:00:00.000Z,2018-03-07T23:59:04.000Z,coinmarketcap_data_api_listings_historical
2018-03-07,1902,MYB,MyBit,mybit,454,2799476.19933237,3.68358207,10312100.32622472,9733.9375,2018-03-07T00:00:00.000Z,2018-03-07T23:59:12.000Z,coinmarketcap_data_api_listings_historical
2018-03-07,2288,WRC,Worldcore,worldcore,455,175109299.0,0.05855415,10253375.53644811,651755.9375,2018-03-07T00:00:00.000Z,2018-03-07T23:59:17.000Z,coinmarketcap_data_api_listings_historical
2018-03-07,2244,PFR,Payfair,payfair,456,77999687.0384966,0.13069212,10193944.79900356,69450.1796875,2018-03-07T00:00:00.000Z,2018-03-07T23:59:16.000Z,coinmarketcap_data_api_listings_historical
2018-03-07,1392,PLU,Pluton,pluton,457,849999.5,11.91204929,10125235.94346574,13579.77441406,2018-03-07T00:00:00.000Z,2018-03-07T23:59:07.000Z,coinmarketcap_data_api_listings_historical
2018-03-07,2413,HORSE,Ethouse,ethouse,458,100365600.0,0.10006785,10043369.4523752,20596.04492188,2018-03-07T00:00:00.000Z,2018-03-07T23:59:18.000Z,coinmarketcap_data_api_listings_historical
2018-03-07,2127,EBTC,eBitcoin,ebtcnew,459,18897126.0,0.52853417,9987776.8807311,186415.296875,2018-03-07T00:00:00.000Z,2018-03-07T23:59:15.000Z,coinmarketcap_data_api_listings_historical
2018-03-07,2310,BNTY,Bounty0x,bounty0x,460,123187897.938699,0.08031475,9893804.97826316,98185.6796875,2018-03-07T00:00:00.000Z,2018-03-07T23:59:17.000Z,coinmarketcap_data_api_listings_historical
2018-03-07,87,TIPS,FedoraCoin,fedoracoin,461,443168182457.772,2.209e-05,9788668.65147404,2911.25146484,2018-03-07T00:00:00.000Z,2018-03-07T23:59:01.000Z,coinmarketcap_data_api_listings_historical
2018-03-07,2170,OXY[OLD],Oxycoin [OLD],oxycoin-old,462,96268821.1448545,0.10123599,9745869.72341835,85814.1875,2018-03-07T00:00:00.000Z,2018-03-07T23:59:16.000Z,coinmarketcap_data_api_listings_historical
2018-03-07,836,XVC,Vcash,vcash,463,15398843.365695,0.63280588,9744478.68682652,1020728.25,2018-03-07T00:00:00.000Z,2018-03-07T23:59:04.000Z,coinmarketcap_data_api_listings_historical
2018-03-07,2378,KRM,Karma,karma,464,1005414013.0,0.00955264,9604358.02574074,34569.00390625,2018-03-07T00:00:00.000Z,2018-03-07T23:59:18.000Z,coinmarketcap_data_api_listings_historical
2018-03-07,6,NVC,Novacoin,novacoin,465,2005796.365444,4.76564407,9558911.56159862,46337.984375,2018-03-07T00:00:00.000Z,2018-03-07T23:59:00.000Z,coinmarketcap_data_api_listings_historical
2018-03-07,2012,VOISE,Voise,voisecom,466,498887536.722647,0.01912018,9538819.06123918,622535.25,2018-03-07T00:00:00.000Z,2018-03-07T23:59:13.000Z,coinmarketcap_data_api_listings_historical
2018-03-07,2042,HGT,HelloGold,hellogold,467,263034654.050843,0.03602972,9477063.64450902,7703.32519531,2018-03-07T00:00:00.000Z,2018-03-07T23:59:13.000Z,coinmarketcap_data_api_listings_historical
2018-03-07,313,PINK,Pinkcoin,pinkcoin,468,381906699.4907,0.0248071,9473998.82234154,89666.5859375,2018-03-07T00:00:00.000Z,2018-03-07T23:59:02.000Z,coinmarketcap_data_api_listings_historical
2018-03-07,2382,SXUT,Spectre.ai Utility Token,spectre-utility,469,24529557.5130552,0.38543344,9454511.62208147,6345665.0,2018-03-07T00:00:00.000Z,2018-03-07T23:59:18.000Z,coinmarketcap_data_api_listings_historical
2018-03-07,2164,DRP,DCORP,dcorp,470,8094002.47,1.16408944,9422142.81317859,12798.65527344,2018-03-07T00:00:00.000Z,2018-03-07T23:59:15.000Z,coinmarketcap_data_api_listings_historical
2018-03-07,400,KORE,Kore,korecoin,471,2022464.886973,4.64447212,9393281.78565906,9552811.0,2018-03-07T00:00:00.000Z,2018-03-07T23:59:02.000Z,coinmarketcap_data_api_listings_historical
2018-03-07,1063,BCY,BitCrystals,bitcrystals,472,23183276.9616348,0.40126494,9302636.14006495,88359.140625,2018-03-07T00:00:00.000Z,2018-03-07T23:59:04.000Z,coinmarketcap_data_api_listings_historical
2018-03-07,1123,OBITS,OBITS,obits,473,15674599.9451,0.58730221,9205727.15643966,16515.41796875,2018-03-07T00:00:00.000Z,2018-03-07T23:59:05.000Z,coinmarketcap_data_api_listings_historical
2018-03-07,448,XST,Stealth,stealth,474,28283414.1443802,0.32463077,9181666.4300954,8357.59960938,2018-03-07T00:00:00.000Z,2018-03-07T23:59:03.000Z,coinmarketcap_data_api_listings_historical
2018-03-07,2200,GBX,GoByte,gobyte,475,932365.21578794,9.69248772,9036938.40147946,214539.078125,2018-03-07T00:00:00.000Z,2018-03-07T23:59:16.000Z,coinmarketcap_data_api_listings_historical
2018-03-07,1624,ATMOS,Atmos,atmos,476,100429891.889,0.08983486,9022105.42402474,32014.42773438,2018-03-07T00:00:00.000Z,2018-03-07T23:59:09.000Z,coinmarketcap_data_api_listings_historical
2018-03-07,2231,FLIXX,Flixxo,flixxo,477,75253354.8734097,0.11945172,8989142.41519143,490730.28125,2018-03-07T00:00:00.000Z,2018-03-07T23:59:16.000Z,coinmarketcap_data_api_listings_historical
2018-03-07,2151,NIO,Autonio,autonio,478,65828135.0,0.13617165,8963926.01391488,5874.66992188,2018-03-07T00:00:00.000Z,2018-03-07T23:59:15.000Z,coinmarketcap_data_api_listings_historical
2018-03-07,2270,SPF,SportyCo,sportyco,479,51195775.4959041,0.17410326,8913351.41412734,1249438.5,2018-03-07T00:00:00.000Z,2018-03-07T23:59:17.000Z,coinmarketcap_data_api_listings_historical
2018-03-07,2391,EKO,EchoLink,echolink,480,249895761.0,0.03549779,8870747.76193882,931072.5,2018-03-07T00:00:00.000Z,2018-03-07T23:59:18.000Z,coinmarketcap_data_api_listings_historical
2018-03-07,2521,BIO,BioCoin,biocoin,481,616373709.406263,0.01432954,8832352.05873549,15501.10449219,2018-03-07T00:00:00.000Z,2018-03-07T23:59:19.000Z,coinmarketcap_data_api_listings_historical
2018-03-07,2549,XNK,Ink Protocol,ink-protocol,482,160957819.639,0.05474706,8811967.39979597,65472.26953125,2018-03-07T00:00:00.000Z,2018-03-07T23:59:20.000Z,coinmarketcap_data_api_listings_historical
2018-03-07,1948,AVT,Aventus,aventus,483,6000000.0,1.43878114,8632686.8534088,266751.0625,2018-03-07T00:00:00.000Z,2018-03-07T23:59:13.000Z,coinmarketcap_data_api_listings_historical
2018-03-07,2190,ASTRO,Astro,astro,484,3313833.18,2.59087467,8585726.45308327,12521.77246094,2018-03-07T00:00:00.000Z,2018-03-07T23:59:15.000Z,coinmarketcap_data_api_listings_historical
2018-03-07,2279,PKT,Playkey,playkey,485,13631512.4213135,0.62813783,8562468.5899508,1689.8963623,2018-03-07T00:00:00.000Z,2018-03-07T23:59:17.000Z,coinmarketcap_data_api_listings_historical
2018-03-07,2105,PIRL,Pirl,pirl,486,11651064.0,0.73363495,8547627.74029541,55199.53515625,2018-03-07T00:00:00.000Z,2018-03-07T23:59:15.000Z,coinmarketcap_data_api_listings_historical
2018-03-07,1399,SEQ,Sequence,sequence,487,45444448.1801312,0.18719722,8507074.51398042,10581.0625,2018-03-07T00:00:00.000Z,2018-03-07T23:59:07.000Z,coinmarketcap_data_api_listings_historical
2018-03-07,2359,POLIS,Polis,polis,488,1130263.42634415,7.50113678,8478260.5581961,116148.6796875,2018-03-07T00:00:00.000Z,2018-03-07T23:59:18.000Z,coinmarketcap_data_api_listings_historical
2018-03-07,1986,CHIPS,CHIPS,chips,489,20875021.5268048,0.40567887,8468555.10860209,690.30761719,2018-03-07T00:00:00.000Z,2018-03-07T23:59:13.000Z,coinmarketcap_data_api_listings_historical
2018-03-07,1980,ELIX,Elixir,elixir,490,31370524.7707818,0.26848522,8422522.19084585,59645.37109375,2018-03-07T00:00:00.000Z,2018-03-07T23:59:13.000Z,coinmarketcap_data_api_listings_historical
2018-03-07,1810,CVN,CVCoin,cvcoin,491,9837033.0,0.85470366,8407748.15565848,2927.46240234,2018-03-07T00:00:00.000Z,2018-03-07T23:59:11.000Z,coinmarketcap_data_api_listings_historical
2018-03-07,2462,AID,AidCoin,aidcoin,492,33412976.1506,0.24837524,8298955.86988194,158777.015625,2018-03-07T00:00:00.000Z,2018-03-07T23:59:19.000Z,coinmarketcap_data_api_listings_historical
2018-03-07,2445,ARY,Block Array,block-array,493,68430738.22,0.12067827,8258102.99187656,129836.5859375,2018-03-07T00:00:00.000Z,2018-03-07T23:59:19.000Z,coinmarketcap_data_api_listings_historical
2018-03-07,2041,BTCZ,BitcoinZ,bitcoinz,494,1281800149.09946,0.00643371,8246725.64966591,88325.1171875,2018-03-07T00:00:00.000Z,2018-03-07T23:59:13.000Z,coinmarketcap_data_api_listings_historical
2018-03-07,2076,BLUE,Blue Protocol,ethereum-blue,495,36645278.3876,0.22012576,8066569.9243575,29275.70703125,2018-03-07T00:00:00.000Z,2018-03-07T23:59:14.000Z,coinmarketcap_data_api_listings_historical
2018-03-07,525,HYP,HyperStake,hyperstake,496,1157425208.5767,0.00678762,7856161.43848829,3143.10473633,2018-03-07T00:00:00.000Z,2018-03-07T23:59:03.000Z,coinmarketcap_data_api_listings_historical
2018-03-07,2060,CAG,Change,change,497,37109886.8162571,0.21122909,7838687.47087581,376670.71875,2018-03-07T00:00:00.000Z,2018-03-07T23:59:15.000Z,coinmarketcap_data_api_listings_historical
2018-03-07,2527,RMT,SureRemit,sureremit,498,500000000.0,0.01566992,7834961.6378546,16573.67382813,2018-03-07T00:00:00.000Z,2018-03-07T23:59:19.000Z,coinmarketcap_data_api_listings_historical
2018-03-07,1814,MRX,Metrix Coin,metrix-coin,499,8515899901.56639,0.00090103,7673110.76660312,261210.265625,2018-03-07T00:00:00.000Z,2018-03-07T23:59:11.000Z,coinmarketcap_data_api_listings_historical
2018-03-07,2518,LOCI,LOCIcoin,locicoin,500,36518110.0894516,0.20622845,7531073.23851075,29857.73828125,2018-03-07T00:00:00.000Z,2018-03-07T23:59:19.000Z,coinmarketcap_data_api_listings_historical
2018-03-07,374,ABY,ArtByte,artbyte,501,792537250.0,0.00949647,7526304.72800112,45211.71484375,2018-03-07T00:00:00.000Z,2018-03-07T23:59:02.000Z,coinmarketcap_data_api_listings_historical
2018-03-07,2470,MEET,CoinMeet,coinmeet,502,194929698.0,0.03820064,7446438.33421054,3472602.25,2018-03-07T00:00:00.000Z,2018-03-07T23:59:19.000Z,coinmarketcap_data_api_listings_historical
2018-03-07,2354,GET,GET Protocol,get-protocol,503,10384393.4012235,0.71657932,7441241.54177604,16133.453125,2018-03-07T00:00:00.000Z,2018-03-07T23:59:18.000Z,coinmarketcap_data_api_listings_historical
2018-03-07,145,DOPE,DopeCoin,dopecoin,504,116845228.0,0.06362609,7434404.78271077,44139.7265625,2018-03-07T00:00:00.000Z,2018-03-07T23:59:01.000Z,coinmarketcap_data_api_listings_historical
2018-03-07,1303,BRX,Breakout Stake,breakout-stake,505,6268082.4940254,1.18084955,7401662.40593761,11447.69238281,2018-03-07T00:00:00.000Z,2018-03-07T23:59:06.000Z,coinmarketcap_data_api_listings_historical
2018-03-07,2464,EVE,Devery,devery,506,62918410.0,0.11741855,7387788.46766731,54168.0,2018-03-07T00:00:00.000Z,2018-03-07T23:59:19.000Z,coinmarketcap_data_api_listings_historical
2018-03-07,2089,POLL,ClearPoll,clearpoll,507,6999991.0,1.04969573,7347860.66420388,346260.375,2018-03-07T00:00:00.000Z,2018-03-07T23:59:14.000Z,coinmarketcap_data_api_listings_historical
2018-03-07,1109,1337,Elite,1337coin,508,25742559604.8952,0.00028475,7330222.69175112,10103.93261719,2018-03-07T00:00:00.000Z,2018-03-07T23:59:05.000Z,coinmarketcap_data_api_listings_historical
2018-03-07,1308,HEAT,HEAT,heat-ledger,509,32786344.0,0.22338507,7323979.61158442,1528.62890625,2018-03-07T00:00:00.000Z,2018-03-07T23:59:06.000Z,coinmarketcap_data_api_listings_historical
2018-03-07,1191,MEME,Memetic / PepeCoin,memetic,510,21758155.2994612,0.33658257,7323415.8567429,1836743.125,2018-03-07T00:00:00.000Z,2018-03-07T23:59:06.000Z,coinmarketcap_data_api_listings_historical
2018-03-07,1226,QWARK,Qwark,qwark,511,51770378.9858595,0.14048779,7273106.13676291,21042.8671875,2018-03-07T00:00:00.000Z,2018-03-07T23:59:06.000Z,coinmarketcap_data_api_listings_historical
2018-03-07,2551,BEZ,Bezop,bezop,512,42129450.0,0.171223,7213530.80437257,29111.25585938,2018-03-07T00:00:00.000Z,2018-03-07T23:59:20.000Z,coinmarketcap_data_api_listings_historical
2018-03-07,1688,APX,APX,apx,513,703179.0,10.17718983,7156386.16533563,3118.15356445,2018-03-07T00:00:00.000Z,2018-03-07T23:59:09.000Z,coinmarketcap_data_api_listings_historical
2018-03-07,964,ERC,EuropeCoin,europecoin,514,10023708.7432632,0.71134949,7130360.0754118,15314.54882813,2018-03-07T00:00:00.000Z,2018-03-07T23:59:05.000Z,coinmarketcap_data_api_listings_historical
2018-03-07,1988,PIX,Lampix,lampix,515,135322017.0,0.05241595,7093031.8551998,25720.45898438,2018-03-07T00:00:00.000Z,2018-03-07T23:59:13.000Z,coinmarketcap_data_api_listings_historical
2018-03-07,951,SNRG,Synergy,synergy,516,3474032.46427866,2.03388524,7065783.35430462,3624.64404297,2018-03-07T00:00:00.000Z,2018-03-07T23:59:05.000Z,coinmarketcap_data_api_listings_historical
2018-03-07,2295,STAR,Starbase,starbase,517,187500000.0,0.03762401,7054501.67879462,945.04162598,2018-03-07T00:00:00.000Z,2018-03-07T23:59:17.000Z,coinmarketcap_data_api_listings_historical
2018-03-07,1769,D,Denarius,denarius-d,518,2426872.00012788,2.90534925,7050910.75660093,21349.96679688,2018-03-07T00:00:00.000Z,2018-03-07T23:59:11.000Z,coinmarketcap_data_api_listings_historical
2018-03-07,1905,TFL,TrueFlip,trueflip,519,6247267.0,1.08976758,6808069.01061668,238966.640625,2018-03-07T00:00:00.000Z,2018-03-07T23:59:12.000Z,coinmarketcap_data_api_listings_historical
2018-03-07,2425,GAT,Global Awards Token,global-awards-token,520,529861448.67,0.01274466,6752903.28270337,64263.23828125,2018-03-07T00:00:00.000Z,2018-03-07T23:59:18.000Z,coinmarketcap_data_api_listings_historical
2018-03-07,2198,VIU,Viuly,viuly,521,667476920.980199,0.01009085,6735412.17061379,606663.1875,2018-03-07T00:00:00.000Z,2018-03-07T23:59:15.000Z,coinmarketcap_data_api_listings_historical
2018-03-07,402,GRE,Greencoin,greencoin,522,3856136640.89,0.00174466,6727664.28253848,4466.49023438,2018-03-07T00:00:00.000Z,2018-03-07T23:59:03.000Z,coinmarketcap_data_api_listings_historical
2018-03-07,2167,BPL,Blockpool,blockpool,523,22293890.0011,0.29986212,6685093.04242545,1651.61474609,2018-03-07T00:00:00.000Z,2018-03-07T23:59:16.000Z,coinmarketcap_data_api_listings_historical
2018-03-07,2323,PLAY,HEROcoin,herocoin,524,119057249.331619,0.05556482,6615394.72005784,120354.5625,2018-03-07T00:00:00.000Z,2018-03-07T23:59:17.000Z,coinmarketcap_data_api_listings_historical
2018-03-07,1387,VRM,VeriumReserve,veriumreserve,525,1524901.91493271,4.28779221,6538462.54547406,37946.734375,2018-03-07T00:00:00.000Z,2018-03-07T23:59:07.000Z,coinmarketcap_data_api_listings_historical
2018-03-07,543,BTM,Bitmark,bitmark,526,8354100.0,0.77525294,6476540.57160616,27583.66992188,2018-03-07T00:00:00.000Z,2018-03-07T23:59:03.000Z,coinmarketcap_data_api_listings_historical
2018-03-07,293,XBC,Bitcoin Plus,bitcoin-plus,527,106255.12966,60.88097763,6468916.17196858,67466.296875,2018-03-07T00:00:00.000Z,2018-03-07T23:59:02.000Z,coinmarketcap_data_api_listings_historical
2018-03-07,2491,CXP,CaixaPay,caixapay,528,75599028.7800533,0.08539669,6455906.98808265,16967.7578125,2018-03-07T00:00:00.000Z,2018-03-07T23:59:19.000Z,coinmarketcap_data_api_listings_historical
2018-03-07,2452,TBX,Tokenbox,tokenbox,529,11090912.8584671,0.58070683,6440568.90100642,52658.4140625,2018-03-07T00:00:00.000Z,2018-03-07T23:59:19.000Z,coinmarketcap_data_api_listings_historical
2018-03-07,2110,DOV,Dovu,dovu,530,63793250.3446827,0.10090876,6437298.02511292,10394.0859375,2018-03-07T00:00:00.000Z,2018-03-07T23:59:15.000Z,coinmarketcap_data_api_listings_historical
2018-03-07,766,VTR,vTorrent,vtorrent,531,11480983.4881554,0.55832314,6410098.80779793,25827.19726563,2018-03-07T00:00:00.000Z,2018-03-07T23:59:04.000Z,coinmarketcap_data_api_listings_historical
2018-03-07,1771,BET,DAO.Casino,dao-casino,532,167270820.687909,0.03829989,6406453.76031021,2947.47314453,2018-03-07T00:00:00.000Z,2018-03-07T23:59:10.000Z,coinmarketcap_data_api_listings_historical
2018-03-07,151,PTC,Pesetacoin,pesetacoin,533,133015414.41397,0.04805519,6392081.5869918,45888.38671875,2018-03-07T00:00:00.000Z,2018-03-07T23:59:01.000Z,coinmarketcap_data_api_listings_historical
2018-03-07,25,GLC,GoldCoin,goldcoin,534,40872347.9999788,0.15608954,6379746.17363505,26014.66796875,2018-03-07T00:00:00.000Z,2018-03-07T23:59:01.000Z,coinmarketcap_data_api_listings_historical
2018-03-07,168,UFO,Uniform Fiscal Object,uniform-fiscal-object,535,3572174387.0,0.00178197,6365511.85704292,2722.73120117,2018-03-07T00:00:00.000Z,2018-03-07T23:59:02.000Z,coinmarketcap_data_api_listings_historical
2018-03-07,2367,AIX,Aigang,aigang,536,17857485.7019222,0.35409364,6323222.13206175,71397.640625,2018-03-07T00:00:00.000Z,2018-03-07T23:59:18.000Z,coinmarketcap_data_api_listings_historical
2018-03-07,2022,INXT,Internxt,internxt,537,629609.543,9.96297073,6272781.45053108,36975.84765625,2018-03-07T00:00:00.000Z,2018-03-07T23:59:13.000Z,coinmarketcap_data_api_listings_historical
2018-03-07,814,DOT,Dotcoin,dotcoin,538,286881750.000001,0.02164641,6209960.04708859,46367.26171875,2018-03-07T00:00:00.000Z,2018-03-07T23:59:04.000Z,coinmarketcap_data_api_listings_historical
2018-03-07,2249,ERO,Eroscoin,eroscoin,539,186744000.0,0.03301163,6164723.17019106,130734.96875,2018-03-07T00:00:00.000Z,2018-03-07T23:59:16.000Z,coinmarketcap_data_api_listings_historical
2018-03-07,2504,ING,Iungo,iungo,540,40000000.0,0.15237224,6094889.64080812,19815.57226563,2018-03-07T00:00:00.000Z,2018-03-07T23:59:20.000Z,coinmarketcap_data_api_listings_historical
2018-03-07,1694,SUMO,Sumokoin,sumokoin,541,2827061.45,2.15499759,6092310.60362739,41914.75390625,2018-03-07T00:00:00.000Z,2018-03-07T23:59:09.000Z,coinmarketcap_data_api_listings_historical
2018-03-07,2314,CPAY,Cryptopay,cryptopay,542,66248721.0,0.09011738,5970161.16639487,5554.25732422,2018-03-07T00:00:00.000Z,2018-03-07T23:59:17.000Z,coinmarketcap_data_api_listings_historical
2018-03-07,633,EXCL,ExclusiveCoin,exclusivecoin,543,4486392.0,1.31824577,5914167.27004338,2903898.25,2018-03-07T00:00:00.000Z,2018-03-07T23:59:04.000Z,coinmarketcap_data_api_listings_historical
2018-03-07,2501,ADB,adbank,adbank,544,388247926.404208,0.01520197,5902134.4158876,75212.9375,2018-03-07T00:00:00.000Z,2018-03-07T23:59:19.000Z,coinmarketcap_data_api_listings_historical
2018-03-07,1726,ZRC,ZrCoin,zrcoin,545,3807146.0,1.54456043,5880367.07209968,96399.5078125,2018-03-07T00:00:00.000Z,2018-03-07T23:59:10.000Z,coinmarketcap_data_api_listings_historical
2018-03-07,2159,FRD,Farad,farad,546,135817498.53588,0.04292373,5829794.1242905,38360.20703125,2018-03-07T00:00:00.000Z,2018-03-07T23:59:16.000Z,coinmarketcap_data_api_listings_historical
2018-03-07,1252,2GIVE,2GIVE,2give,547,519365620.860941,0.01119405,5813805.37395935,76531.6328125,2018-03-07T00:00:00.000Z,2018-03-07T23:59:06.000Z,coinmarketcap_data_api_listings_historical
2018-03-07,1466,HUSH,Hush,hush,548,3370800.0,1.69589961,5716538.39106561,31749.67578125,2018-03-07T00:00:00.000Z,2018-03-07T23:59:08.000Z,coinmarketcap_data_api_listings_historical
2018-03-07,2230,MONK,Monkey Project,monkey-project,549,641817.11433785,8.90424919,5714899.52129515,24780.04492188,2018-03-07T00:00:00.000Z,2018-03-07T23:59:16.000Z,coinmarketcap_data_api_listings_historical
2018-03-07,269,AC,AsiaCoin,asiacoin,550,1356589438.49146,0.00415994,5643328.69361137,2810.60473633,2018-03-07T00:00:00.000Z,2018-03-07T23:59:04.000Z,coinmarketcap_data_api_listings_historical
2018-03-07,1147,RC,RussiaCoin,russiacoin,551,8377872.942872,0.66360921,5559633.61725566,7380.10839844,2018-03-07T00:00:00.000Z,2018-03-07T23:59:05.000Z,coinmarketcap_data_api_listings_historical
2018-03-07,2025,FLIK,FLiK,flik,552,60123682.1680834,0.09234968,5552402.70510939,6223.63378906,2018-03-07T00:00:00.000Z,2018-03-07T23:59:13.000Z,coinmarketcap_data_api_listings_historical
2018-03-07,1931,OPT,Opus,opus,553,140080548.897509,0.03961846,5549775.94884116,5079.23486328,2018-03-07T00:00:00.000Z,2018-03-07T23:59:12.000Z,coinmarketcap_data_api_listings_historical
2018-03-07,1286,BRK,Breakout,breakout,554,18677626.866503,0.2948778,5507617.47040328,31947.5546875,2018-03-07T00:00:00.000Z,2018-03-07T23:59:06.000Z,coinmarketcap_data_api_listings_historical
2018-03-07,2384,VZT,Vezt,vezt,555,43080987.9265719,0.12616436,5435285.34895686,31013.81835938,2018-03-07T00:00:00.000Z,2018-03-07T23:59:18.000Z,coinmarketcap_data_api_listings_historical
2018-03-07,2500,ZLA,Zilla,zilla,556,37266692.4272914,0.14492811,5400991.39730382,1246985.375,2018-03-07T00:00:00.000Z,2018-03-07T23:59:20.000Z,coinmarketcap_data_api_listings_historical
2018-03-07,1182,KLC,KiloCoin,kilocoin,557,196297971.01,0.02738134,5374901.49373169,1878.35180664,2018-03-07T00:00:00.000Z,2018-03-07T23:59:05.000Z,coinmarketcap_data_api_listings_historical
2018-03-07,2217,PBL,Publica,publica,558,18582932.5,0.28822061,5355984.21869181,63204.84765625,2018-03-07T00:00:00.000Z,2018-03-07T23:59:16.000Z,coinmarketcap_data_api_listings_historical
2018-03-07,217,BELA,Bela,belacoin,559,40368525.0,0.13244626,5346660.12810098,36215.0859375,2018-03-07T00:00:00.000Z,2018-03-07T23:59:02.000Z,coinmarketcap_data_api_listings_historical
2018-03-07,1969,SCL,Sociall,sociall,560,16714019.6643,0.31812343,5317121.26492283,8981.9609375,2018-03-07T00:00:00.000Z,2018-03-07T23:59:12.000Z,coinmarketcap_data_api_listings_historical
2018-03-07,1153,CRB,Creditbit,creditbit,561,16560414.2971483,0.32082027,5312916.61872782,86518.09375,2018-03-07T00:00:00.000Z,2018-03-07T23:59:05.000Z,coinmarketcap_data_api_listings_historical
2018-03-07,1968,XPA,XPA,xpa,562,57177751.25186,0.09237032,5281526.97338706,66357.9765625,2018-03-07T00:00:00.000Z,2018-03-07T23:59:13.000Z,coinmarketcap_data_api_listings_historical
2018-03-07,1819,STA,Starta,starta,563,5200017.0,1.01050937,5254665.91179837,1668.12536621,2018-03-07T00:00:00.000Z,2018-03-07T23:59:11.000Z,coinmarketcap_data_api_listings_historical
2018-03-07,1690,MCAP,MCAP,mcap,564,10490000.0,0.49706754,5214238.50387335,334746.46875,2018-03-07T00:00:00.000Z,2018-03-07T23:59:10.000Z,coinmarketcap_data_api_listings_historical
2018-03-07,2098,GMT,Mercury Protocol,mercury-protocol,565,171809624.822032,0.03003913,5161011.29724576,2213.23779297,2018-03-07T00:00:00.000Z,2018-03-07T23:59:15.000Z,coinmarketcap_data_api_listings_historical
2018-03-07,2236,WISH,MyWish,mywish,566,18825061.5576875,0.27294189,5138147.8315753,20778.7734375,2018-03-07T00:00:00.000Z,2018-03-07T23:59:16.000Z,coinmarketcap_data_api_listings_historical
2018-03-07,1841,PBT,Primalbase Token,primalbase,567,1250.0,4105.20849609,5131510.62011719,1221579.5,2018-03-07T00:00:00.000Z,2018-03-07T23:59:11.000Z,coinmarketcap_data_api_listings_historical
2018-03-07,506,CANN,CannabisCoin,cannabiscoin,568,77231175.5326082,0.06551228,5059590.75430353,123465.6015625,2018-03-07T00:00:00.000Z,2018-03-07T23:59:03.000Z,coinmarketcap_data_api_listings_historical
2018-03-07,594,BUN,BunnyCoin,bunnycoin,569,102743457869.119,4.907e-05,5041447.3365632,855.38220215,2018-03-07T00:00:00.000Z,2018-03-07T23:59:03.000Z,coinmarketcap_data_api_listings_historical
2018-03-07,2207,DGPT,DigiPulse,digipulse,570,1402641.39,3.58510661,5028618.92050446,22799.23828125,2018-03-07T00:00:00.000Z,2018-03-07T23:59:16.000Z,coinmarketcap_data_api_listings_historical
2018-03-07,1946,MTNC,Masternodecoin,masternodecoin,571,48985694.9988,0.10251277,5021659.25536328,1798.04199219,2018-03-07T00:00:00.000Z,2018-03-07T23:59:14.000Z,coinmarketcap_data_api_listings_historical
2018-03-07,2029,WILD,Wild Crypto,wild-crypto,572,24373456.49291,0.20478006,4991197.81167559,20243.72851563,2018-03-07T00:00:00.000Z,2018-03-07T23:59:15.000Z,coinmarketcap_data_api_listings_historical
2018-03-07,160,RIC,Riecoin,riecoin,573,42054849.9998258,0.11727065,4931799.53118607,159143.84375,2018-03-07T00:00:00.000Z,2018-03-07T23:59:01.000Z,coinmarketcap_data_api_listings_historical
2018-03-07,2260,BWK,Bulwark,bulwark,574,3195747.9984656,1.53673863,4911029.41412019,105189.7421875,2018-03-07T00:00:00.000Z,2018-03-07T23:59:16.000Z,coinmarketcap_data_api_listings_historical
2018-03-07,1642,ALT,Altcoin,altcoin-alt,575,123175.26848381,39.66456223,4885693.10139926,2188.14990234,2018-03-07T00:00:00.000Z,2018-03-07T23:59:09.000Z,coinmarketcap_data_api_listings_historical
2018-03-07,2256,BON,Bonpay,bonpay,576,11290301.06,0.43265226,4884774.3242605,145489.9375,2018-03-07T00:00:00.000Z,2018-03-07T23:59:16.000Z,coinmarketcap_data_api_listings_historical
2018-03-07,2179,HAT,Hat.Exchange,hat-exchange,577,1494633.0,3.25939322,4871596.65938329,35180.53125,2018-03-07T00:00:00.000Z,2018-03-07T23:59:15.000Z,coinmarketcap_data_api_listings_historical
2018-03-07,1588,TKS,Tokes,tokes,578,1525553.0,3.16669011,4830953.5991509,21469.8125,2018-03-07T00:00:00.000Z,2018-03-07T23:59:10.000Z,coinmarketcap_data_api_listings_historical
2018-03-07,729,BLITZ,Blitzcash,blitzcash,579,4131657.49722485,1.16725886,4822713.81467036,38945.4765625,2018-03-07T00:00:00.000Z,2018-03-07T23:59:03.000Z,coinmarketcap_data_api_listings_historical
2018-03-07,2178,UFR,Upfiring,upfiring,580,16085000.0057881,0.2972371,4781058.72654104,15424.90039063,2018-03-07T00:00:00.000Z,2018-03-07T23:59:15.000Z,coinmarketcap_data_api_listings_historical
2018-03-07,2401,GJC,Global Jobcoin,global-jobcoin,581,13449994.7564017,0.3529605,4747316.83576183,2256.4987793,2018-03-07T00:00:00.000Z,2018-03-07T23:59:18.000Z,coinmarketcap_data_api_listings_historical
2018-03-07,450,TRUST,TrustPlus,trustplus,582,32086595.2637433,0.14698449,4716231.76918841,24624.00390625,2018-03-07T00:00:00.000Z,2018-03-07T23:59:02.000Z,coinmarketcap_data_api_listings_historical
2018-03-07,2271,CRED,Verify,verify,583,12411282.0,0.37692454,4678116.81541496,8345.04394531,2018-03-07T00:00:00.000Z,2018-03-07T23:59:17.000Z,coinmarketcap_data_api_listings_historical
2018-03-07,2471,SLT,Smartlands,smartlands,584,5100895.65,0.91466755,4665623.71040873,113096.453125,2018-03-07T00:00:00.000Z,2018-03-07T23:59:19.000Z,coinmarketcap_data_api_listings_historical
2018-03-07,1922,XMCC,Monoeci,monacocoin,585,3127707.32366,1.4760294,4616587.95198533,28847.89257813,2018-03-07T00:00:00.000Z,2018-03-07T23:59:13.000Z,coinmarketcap_data_api_listings_historical
2018-03-07,1277,PDC,Project Decorum,project-decorum,586,50000000.0,0.09231102,4615550.8607626,11126.59960938,2018-03-07T00:00:00.000Z,2018-03-07T23:59:06.000Z,coinmarketcap_data_api_listings_historical
2018-03-07,2063,TRCT,Tracto,tracto,587,17309042.8880733,0.26557171,4596792.17792312,20761.29882813,2018-03-07T00:00:00.000Z,2018-03-07T23:59:15.000Z,coinmarketcap_data_api_listings_historical
2018-03-07,1483,VSL,vSlice,vslice,588,33390496.0333756,0.13736944,4586833.70823193,43930.1484375,2018-03-07T00:00:00.000Z,2018-03-07T23:59:08.000Z,coinmarketcap_data_api_listings_historical
2018-03-07,130,HUC,HunterCoin,huntercoin,589,21671820.0,0.2111664,4576360.140135,4982.14453125,2018-03-07T00:00:00.000Z,2018-03-07T23:59:01.000Z,coinmarketcap_data_api_listings_historical
2018-03-07,2520,JC,Jesus Coin,jesus-coin,590,15393833822.1018,0.00029703,4572359.18589571,55417.359375,2018-03-07T00:00:00.000Z,2018-03-07T23:59:19.000Z,coinmarketcap_data_api_listings_historical
2018-03-07,1120,DFT,DraftCoin,draftcoin,591,2796186.40631775,1.61859906,4525904.68101457,341351.5625,2018-03-07T00:00:00.000Z,2018-03-07T23:59:05.000Z,coinmarketcap_data_api_listings_historical
2018-03-07,1381,BTDX,Bitcloud,bitcloud,592,19679373.3234473,0.22650412,4457459.08266935,4493.59472656,2018-03-07T00:00:00.000Z,2018-03-07T23:59:07.000Z,coinmarketcap_data_api_listings_historical
2018-03-07,2177,SSS,Sharechain,sharechain,593,2244023561.00666,0.00198139,4446296.16214793,3745.37817383,2018-03-07T00:00:00.000Z,2018-03-07T23:59:15.000Z,coinmarketcap_data_api_listings_historical
2018-03-07,2002,TZC,TrezarCoin,trezarcoin,594,94384000.0,0.04665199,4403201.35068894,9339.75,2018-03-07T00:00:00.000Z,2018-03-07T23:59:13.000Z,coinmarketcap_data_api_listings_historical
2018-03-07,2402,SENSE,Sense,sense,595,124848234.86,0.03497252,4366257.22611599,4097.47363281,2018-03-07T00:00:00.000Z,2018-03-07T23:59:18.000Z,coinmarketcap_data_api_listings_historical
2018-03-07,1340,KRB,Karbo,karbo,596,5455902.22689821,0.79966605,4362899.76712733,30651.38476563,2018-03-07T00:00:00.000Z,2018-03-07T23:59:07.000Z,coinmarketcap_data_api_listings_historical
2018-03-07,1299,PUT,PutinCoin,putincoin,597,390397766.16742,0.01108635,4328085.30399221,7323.62646484,2018-03-07T00:00:00.000Z,2018-03-07T23:59:07.000Z,coinmarketcap_data_api_listings_historical
2018-03-07,114,TES,TeslaCoin,teslacoin,598,74631271.1094175,0.057942,4324285.05736598,13296.6953125,2018-03-07T00:00:00.000Z,2018-03-07T23:59:01.000Z,coinmarketcap_data_api_listings_historical
2018-03-07,1951,VSX,Vsync,vsync-vsx,599,174623819.75719,0.02476063,4323795.13648425,6025.97753906,2018-03-07T00:00:00.000Z,2018-03-07T23:59:12.000Z,coinmarketcap_data_api_listings_historical
2018-03-07,948,ADC,AudioCoin,audiocoin,600,857726000.35456,0.00499762,4286589.32127955,522.18939209,2018-03-07T00:00:00.000Z,2018-03-07T23:59:05.000Z,coinmarketcap_data_api_listings_historical
2018-03-07,699,NSR,NuShares,nushares,601,2777600756.0,0.0015274,4242517.06438883,3209.38891602,2018-03-07T00:00:00.000Z,2018-03-07T23:59:03.000Z,coinmarketcap_data_api_listings_historical
2018-03-07,659,BITS,Bitswift,bitswift,602,3884634.745,1.0895077,4232339.46252997,20068.76953125,2018-03-07T00:00:00.000Z,2018-03-07T23:59:04.000Z,coinmarketcap_data_api_listings_historical
2018-03-07,2489,BTW,BitWhite,bitwhite,603,35999393.6183854,0.11677564,4203852.20618585,14023.84472656,2018-03-07T00:00:00.000Z,2018-03-07T23:59:19.000Z,coinmarketcap_data_api_listings_historical
2018-03-07,1762,ERG,Ergo,ergo,604,397300.0,10.53713131,4186402.26926805,5194.62158203,2018-03-07T00:00:00.000Z,2018-03-07T23:59:10.000Z,coinmarketcap_data_api_listings_historical
2018-03-07,1002,SPRTS,Sprouts,sprouts,605,3670072560620.64,1.13e-06,4134189.12477465,8566.21484375,2018-03-07T00:00:00.000Z,2018-03-07T23:59:05.000Z,coinmarketcap_data_api_listings_historical
2018-03-07,1148,EGC,EverGreenCoin,evergreencoin,606,13321300.5675361,0.3049137,4061847.03988966,10654.98828125,2018-03-07T00:00:00.000Z,2018-03-07T23:59:05.000Z,coinmarketcap_data_api_listings_historical
2018-03-07,1883,ADS,Adshares,adshares,607,19379103.0,0.20950222,4059965.10308934,14065.72460938,2018-03-07T00:00:00.000Z,2018-03-07T23:59:12.000Z,coinmarketcap_data_api_listings_historical
2018-03-07,1676,CREA,CREA,crea,608,13659584.4259693,0.2960414,4043802.48650761,9941.03320313,2018-03-07T00:00:00.000Z,2018-03-07T23:59:09.000Z,coinmarketcap_data_api_listings_historical
2018-03-07,1965,AHT,Bowhead,bowhead,609,8000000.0,0.50389534,4031162.73880005,2270.88916016,2018-03-07T00:00:00.000Z,2018-03-07T23:59:13.000Z,coinmarketcap_data_api_listings_historical
2018-03-07,2255,SEND,Social Send,social-send,610,32074754.0966241,0.12548573,4024924.0334669,14813.29785156,2018-03-07T00:00:00.000Z,2018-03-07T23:59:16.000Z,coinmarketcap_data_api_listings_historical
2018-03-07,2030,REAL,REAL,real,611,10055817.0,0.39564127,3978496.18161338,1979.1361084,2018-03-07T00:00:00.000Z,2018-03-07T23:59:13.000Z,coinmarketcap_data_api_listings_historical
2018-03-07,184,NOTE,DNotes,dnotes,612,132425284.362604,0.0299276,3963171.21014484,4911.5234375,2018-03-07T00:00:00.000Z,2018-03-07T23:59:02.000Z,coinmarketcap_data_api_listings_historical
2018-03-07,53,QRK,Quark,quark,613,254718660.15083,0.01540061,3922821.77869759,4699.63085938,2018-03-07T00:00:00.000Z,2018-03-07T23:59:01.000Z,coinmarketcap_data_api_listings_historical
2018-03-07,702,SPR,SpreadCoin,spreadcoin,614,9688448.70046511,0.39992815,3874683.38996085,28925.54296875,2018-03-07T00:00:00.000Z,2018-03-07T23:59:04.000Z,coinmarketcap_data_api_listings_historical
2018-03-07,977,GXX,GravityCoin,gravitycoin,615,1539321.179,2.51046968,3864419.1400634,72866.4140625,2018-03-07T00:00:00.000Z,2018-03-07T23:59:04.000Z,coinmarketcap_data_api_listings_historical
2018-03-07,181,ZEIT,Zeitcoin,zeitcoin,616,36971186970.8658,0.00010441,3860287.7574871,4348.57958984,2018-03-07T00:00:00.000Z,2018-03-07T23:59:02.000Z,coinmarketcap_data_api_listings_historical
2018-03-07,1962,BUZZ,BUZZCoin,buzzcoin,617,18539943580.0845,0.00020288,3761391.72851594,13125.40527344,2018-03-07T00:00:00.000Z,2018-03-07T23:59:14.000Z,coinmarketcap_data_api_listings_historical
2018-03-07,2005,ODN,Obsidian,obsidian,618,25000000.0,0.1487845,3719612.58351803,48163.04296875,2018-03-07T00:00:00.000Z,2018-03-07T23:59:13.000Z,coinmarketcap_data_api_listings_historical
2018-03-07,502,CARBON,Carboncoin,carboncoin,619,15392017520.5443,0.00024134,3714710.51286898,1936.21447754,2018-03-07T00:00:00.000Z,2018-03-07T23:59:03.000Z,coinmarketcap_data_api_listings_historical
2018-03-07,2136,ATL,ATLANT,atlant,620,13225026.3121559,0.27673343,3659806.86992475,43804.94921875,2018-03-07T00:00:00.000Z,2018-03-07T23:59:16.000Z,coinmarketcap_data_api_listings_historical
2018-03-07,164,MAZA,MAZA,mazacoin,621,1055345279.88094,0.00346662,3658476.2558684,11821.76367188,2018-03-07T00:00:00.000Z,2018-03-07T23:59:01.000Z,coinmarketcap_data_api_listings_historical
2018-03-07,4,TRC,Terracoin,terracoin,622,22388408.7293739,0.16279235,3644661.77777576,4483.47119141,2018-03-07T00:00:00.000Z,2018-03-07T23:59:00.000Z,coinmarketcap_data_api_listings_historical
2018-03-07,58,SXC,Sexcoin,sexcoin,623,126260294.933046,0.02868857,3622227.60576098,3547.36010742,2018-03-07T00:00:00.000Z,2018-03-07T23:59:01.000Z,coinmarketcap_data_api_listings_historical
2018-03-07,1578,ZER,Zero,zero,624,2684820.0,1.34484863,3610676.50634766,13695.50390625,2018-03-07T00:00:00.000Z,2018-03-07T23:59:09.000Z,coinmarketcap_data_api_listings_historical
2018-03-07,234,EFL,e-Gulden,e-gulden,625,16558453.0,0.21779588,3606362.82019916,9397.35839844,2018-03-07T00:00:00.000Z,2018-03-07T23:59:02.000Z,coinmarketcap_data_api_listings_historical
2018-03-07,290,BLU,BlueCoin,bluecoin,626,574683675.009956,0.0062744,3605795.94599251,1206.22387695,2018-03-07T00:00:00.000Z,2018-03-07T23:59:02.000Z,coinmarketcap_data_api_listings_historical
2018-03-07,2184,PRIX,Privatix,privatix,627,1182667.78060023,2.95820928,3498578.79923369,1405.10839844,2018-03-07T00:00:00.000Z,2018-03-07T23:59:15.000Z,coinmarketcap_data_api_listings_historical
2018-03-07,999,CHC,ChainCoin,chaincoin,628,14845130.3219695,0.23226322,3447977.80458991,10197.61621094,2018-03-07T00:00:00.000Z,2018-03-07T23:59:04.000Z,coinmarketcap_data_api_listings_historical
2018-03-07,389,START,Startcoin,startcoin,629,45079785.0,0.07555214,3405874.03391496,41984.5703125,2018-03-07T00:00:00.000Z,2018-03-07T23:59:03.000Z,coinmarketcap_data_api_listings_historical
2018-03-07,1967,IND,Indorse Token,indorse-token,630,46508191.665079,0.07290651,3390749.89614721,126439.796875,2018-03-07T00:00:00.000Z,2018-03-07T23:59:13.000Z,coinmarketcap_data_api_listings_historical
2018-03-07,2513,MNTP,GoldMint,goldmint,631,1714996.0,1.94131267,3329343.46501302,55107.37109375,2018-03-07T00:00:00.000Z,2018-03-07T23:59:19.000Z,coinmarketcap_data_api_listings_historical
2018-03-07,629,XMG,Magi,magi,632,7760892.90299631,0.41623008,3230317.09338019,14575.57324219,2018-03-07T00:00:00.000Z,2018-03-07T23:59:03.000Z,coinmarketcap_data_api_listings_historical
2018-03-07,2122,ELLA,Ellaism,ellaism,633,5463220.0,0.58872396,3216328.49930406,18436.57226563,2018-03-07T00:00:00.000Z,2018-03-07T23:59:14.000Z,coinmarketcap_data_api_listings_historical
2018-03-07,2163,ZEPH,Zephyr,zephyr,634,125990535.381,0.02542836,3203732.96627122,10967.81835938,2018-03-07T00:00:00.000Z,2018-03-07T23:59:15.000Z,coinmarketcap_data_api_listings_historical
2018-03-07,2078,LIFE,LIFE,life,635,14154082587.92,0.00022496,3184130.94846065,36573.59765625,2018-03-07T00:00:00.000Z,2018-03-07T23:59:14.000Z,coinmarketcap_data_api_listings_historical
2018-03-07,730,GCN,GCN Coin,gcn-coin,636,152683160000.0,2.081e-05,3176925.10762011,32503.66210938,2018-03-07T00:00:00.000Z,2018-03-07T23:59:03.000Z,coinmarketcap_data_api_listings_historical
2018-03-07,2160,INN,Innova,innova,637,2143929.82239441,1.48024476,3173540.87628449,24981.94921875,2018-03-07T00:00:00.000Z,2018-03-07T23:59:15.000Z,coinmarketcap_data_api_listings_historical
2018-03-07,1940,WTT,Giga Watt Token,giga-watt-token,638,2900000.0,1.08891833,3157863.15202714,5427.20214844,2018-03-07T00:00:00.000Z,2018-03-07T23:59:13.000Z,coinmarketcap_data_api_listings_historical
2018-03-07,2126,FYP,FlypMe,flypme,639,17638681.0,0.17828308,3144678.3839073,9199.70800781,2018-03-07T00:00:00.000Z,2018-03-07T23:59:15.000Z,coinmarketcap_data_api_listings_historical
2018-03-07,934,PKB,ParkByte,parkbyte,640,4764026.33477015,0.66004354,3144464.79530095,29719.296875,2018-03-07T00:00:00.000Z,2018-03-07T23:59:05.000Z,coinmarketcap_data_api_listings_historical
2018-03-07,990,ZNY,Bitzeny,bitzeny,641,75614500.0,0.04035872,3051704.60054278,6719.03857422,2018-03-07T00:00:00.000Z,2018-03-07T23:59:05.000Z,coinmarketcap_data_api_listings_historical
2018-03-07,1799,RUP,Rupee,rupee,642,22916450.0,0.1312671,3008175.94691664,3113.93334961,2018-03-07T00:00:00.000Z,2018-03-07T23:59:11.000Z,coinmarketcap_data_api_listings_historical
2018-03-07,2486,SMS,Speed Mining Service,speed-mining-service,643,104680.087,28.44468307,2977591.89897332,5733.91845703,2018-03-07T00:00:00.000Z,2018-03-07T23:59:19.000Z,coinmarketcap_data_api_listings_historical
2018-03-07,2173,HOLD,Stellar Holdings,interstellar-holdings,644,161232303.941747,0.01822989,2939247.56474043,20635.31445313,2018-03-07T00:00:00.000Z,2018-03-07T23:59:16.000Z,coinmarketcap_data_api_listings_historical
2018-03-07,1156,YOC,Yocoin,yocoin,645,111420800.277,0.02633031,2933744.09906057,35754.91015625,2018-03-07T00:00:00.000Z,2018-03-07T23:59:05.000Z,coinmarketcap_data_api_listings_historical
2018-03-07,2332,STAK,STRAKS,straks,646,2252701.0002712,1.29699993,2921753.04267105,26707.33203125,2018-03-07T00:00:00.000Z,2018-03-07T23:59:17.000Z,coinmarketcap_data_api_listings_historical
2018-03-07,2278,HWC,HollyWoodCoin,hollywoodcoin,647,951604.850984931,3.06910467,2920574.89355923,99933.9296875,2018-03-07T00:00:00.000Z,2018-03-07T23:59:17.000Z,coinmarketcap_data_api_listings_historical
2018-03-07,1959,OCL,Oceanlab,oceanlab,648,46500000.0,0.06264608,2913042.88432002,12048.04882813,2018-03-07T00:00:00.000Z,2018-03-07T23:59:13.000Z,coinmarketcap_data_api_listings_historical
2018-03-07,2286,AMM,MicroMoney,micromoney,649,10051559.479143,0.28924024,2907315.48668297,630902.875,2018-03-07T00:00:00.000Z,2018-03-07T23:59:17.000Z,coinmarketcap_data_api_listings_historical
2018-03-07,2180,STU,bitJob,student-coin,650,48043990.7945167,0.06033482,2898725.7300762,1145542.625,2018-03-07T00:00:00.000Z,2018-03-07T23:59:15.000Z,coinmarketcap_data_api_listings_historical
2018-03-07,2261,SAGA,SagaCoin,sagacoin,651,1903352.04394796,1.51222968,2878305.45427869,53397.22265625,2018-03-07T00:00:00.000Z,2018-03-07T23:59:16.000Z,coinmarketcap_data_api_listings_historical
2018-03-07,2065,XGOX,XGOX,xgox,652,1597066915.38363,0.00177706,2838085.37508486,33577.68359375,2018-03-07T00:00:00.000Z,2018-03-07T23:59:14.000Z,coinmarketcap_data_api_listings_historical
2018-03-07,2218,MAG,Magnet,magnet,653,18352780.3708233,0.15422198,2830402.15966487,19240.88085938,2018-03-07T00:00:00.000Z,2018-03-07T23:59:16.000Z,coinmarketcap_data_api_listings_historical
2018-03-07,1504,IFLT,InflationCoin,inflationcoin,654,40170693100.8118,6.961e-05,2796172.18054912,526.72943115,2018-03-07T00:00:00.000Z,2018-03-07T23:59:08.000Z,coinmarketcap_data_api_listings_historical
2018-03-07,1724,LINX,Linx,linx,655,18876482.5,0.1481052,2795705.29345408,24746.61523438,2018-03-07T00:00:00.000Z,2018-03-07T23:59:10.000Z,coinmarketcap_data_api_listings_historical
2018-03-07,2007,REC,Regalcoin,regalcoin,656,12799009.4529194,0.21733326,2781650.41331524,3376.390625,2018-03-07T00:00:00.000Z,2018-03-07T23:59:13.000Z,coinmarketcap_data_api_listings_historical
2018-03-07,1793,BDL,Bitdeal,bitdeal,657,175583793.0,0.01574557,2764666.4045141,22109.51367188,2018-03-07T00:00:00.000Z,2018-03-07T23:59:11.000Z,coinmarketcap_data_api_listings_historical
2018-03-07,2124,QVT,Qvolta,qvolta,658,6937631.04,0.39604524,2747615.73486405,17792.43164063,2018-03-07T00:00:00.000Z,2018-03-07T23:59:14.000Z,coinmarketcap_data_api_listings_historical
2018-03-07,1857,FYN,FundYourselfNow,fundyourselfnow,659,904375.971332088,3.00241089,2715308.26378067,679.92596436,2018-03-07T00:00:00.000Z,2018-03-07T23:59:12.000Z,coinmarketcap_data_api_listings_historical
2018-03-07,2365,LCT,LendConnect,lendconnect,660,2161058.821,1.25153375,2704638.04312705,195122.484375,2018-03-07T00:00:00.000Z,2018-03-07T23:59:18.000Z,coinmarketcap_data_api_listings_historical
2018-03-07,2185,LTHN,Lethean,lethean,661,384902197.304339,0.00695429,2676721.13274727,5577.53466797,2018-03-07T00:00:00.000Z,2018-03-07T23:59:15.000Z,coinmarketcap_data_api_listings_historical
2018-03-07,2352,CL,Coinlancer,coinlancer,662,70666779.0,0.03689011,2606905.38235123,29224.51367188,2018-03-07T00:00:00.000Z,2018-03-07T23:59:17.000Z,coinmarketcap_data_api_listings_historical
2018-03-07,1662,RAIN,Condensate,condensate,663,145835774.389602,0.01733291,2527758.56977388,3414.97973633,2018-03-07T00:00:00.000Z,2018-03-07T23:59:09.000Z,coinmarketcap_data_api_listings_historical
2018-03-07,1625,EMV,Ethereum Movie Venture,ethereum-movie-venture,664,6566666.0,0.38299885,2515025.55208784,3679.51953125,2018-03-07T00:00:00.000Z,2018-03-07T23:59:09.000Z,coinmarketcap_data_api_listings_historical
2018-03-07,1650,PROC,ProCurrency,procurrency,665,97239958.6800003,0.02555369,2484839.60481287,18913.83398438,2018-03-07T00:00:00.000Z,2018-03-07T23:59:09.000Z,coinmarketcap_data_api_listings_historical
2018-03-07,1842,CC,CampusCoin,campuscoin,666,358436547.648064,0.00672862,2411783.08562164,18510.72460938,2018-03-07T00:00:00.000Z,2018-03-07T23:59:14.000Z,coinmarketcap_data_api_listings_historical
2018-03-07,2395,IC,Ignition,ignition,667,358750.71865,6.65086794,2386003.65276083,37341.65234375,2018-03-07T00:00:00.000Z,2018-03-07T23:59:18.000Z,coinmarketcap_data_api_listings_historical
2018-03-07,334,UNB,UnbreakableCoin,unbreakablecoin,668,2278150.0,1.04097509,2371497.41003513,13487919.0,2018-03-07T00:00:00.000Z,2018-03-07T23:59:03.000Z,coinmarketcap_data_api_listings_historical
2018-03-07,2330,PYLNT,Pylon Network,pylon-network,669,340267.452346494,6.93323088,2359152.80702051,31728.36328125,2018-03-07T00:00:00.000Z,2018-03-07T23:59:18.000Z,coinmarketcap_data_api_listings_historical
2018-03-07,2240,ONG,SoMee.Social,ongsocial,670,13661735.48,0.17085004,2334108.03312338,18661.875,2018-03-07T00:00:00.000Z,2018-03-07T23:59:16.000Z,coinmarketcap_data_api_listings_historical
2018-03-07,2056,PIPL,PiplCoin,piplcoin,671,83444258.0716209,0.02785874,2324651.55579114,12951.09472656,2018-03-07T00:00:00.000Z,2018-03-07T23:59:14.000Z,coinmarketcap_data_api_listings_historical
2018-03-07,1704,EBST,eBoost,eboostcoin,672,12000000.0,0.19214953,2305794.41785812,211677.609375,2018-03-07T00:00:00.000Z,2018-03-07T23:59:10.000Z,coinmarketcap_data_api_listings_historical
2018-03-07,2142,FOR,FORCE,force,673,116035368.358072,0.01986724,2305302.23982316,507.8213501,2018-03-07T00:00:00.000Z,2018-03-07T23:59:15.000Z,coinmarketcap_data_api_listings_historical
2018-03-07,1546,CNT,Centurion,centurion,674,73877868.5780067,0.03113321,2300055.3555656,1060.33068848,2018-03-07T00:00:00.000Z,2018-03-07T23:59:08.000Z,coinmarketcap_data_api_listings_historical
2018-03-07,1739,MRT,Miners' Reward Token,miners-reward-token,675,10000000.0,0.22777188,2277718.78242493,29146.76953125,2018-03-07T00:00:00.000Z,2018-03-07T23:59:10.000Z,coinmarketcap_data_api_listings_historical
2018-03-07,2165,ERC20,ERC20,erc20,676,1574741156.0,0.00143006,2251967.57974362,170778.734375,2018-03-07T00:00:00.000Z,2018-03-07T23:59:15.000Z,coinmarketcap_data_api_listings_historical
2018-03-07,692,MRJA,GanjaCoin,ganjacoin,677,10766217.8203774,0.20799692,2239340.14400862,39845.1171875,2018-03-07T00:00:00.000Z,2018-03-07T23:59:03.000Z,coinmarketcap_data_api_listings_historical
2018-03-07,2225,ACC,Accelerator Network,accelerator-network,678,294568.085950378,7.52823067,2217576.49820478,3783.01611328,2018-03-07T00:00:00.000Z,2018-03-07T23:59:16.000Z,coinmarketcap_data_api_listings_historical
2018-03-07,1531,GCC,Global Cryptocurrency,global-cryptocurrency,679,590383126.857903,0.00366471,2163581.62931121,4633.85009766,2018-03-07T00:00:00.000Z,2018-03-07T23:59:10.000Z,coinmarketcap_data_api_listings_historical
2018-03-07,1985,DAY,Chronologic,chronologic,680,642510.159565419,3.36272907,2160587.59299274,947.88891602,2018-03-07T00:00:00.000Z,2018-03-07T23:59:13.000Z,coinmarketcap_data_api_listings_historical
2018-03-07,1136,ADZ,Adzcoin,adzcoin,681,43461205.3840617,0.04942092,2147892.8845388,11540.32617188,2018-03-07T00:00:00.000Z,2018-03-07T23:59:05.000Z,coinmarketcap_data_api_listings_historical
2018-03-07,1699,ETBS,Ethbits,ethbits,682,1391603.61019296,1.49701452,2083250.81409534,4272.67382813,2018-03-07T00:00:00.000Z,2018-03-07T23:59:10.000Z,coinmarketcap_data_api_listings_historical
2018-03-07,2355,OPC,OP Coin,op-coin,683,142772092.539,0.01457979,2081586.82017343,36095.17578125,2018-03-07T00:00:00.000Z,2018-03-07T23:59:17.000Z,coinmarketcap_data_api_listings_historical
2018-03-07,93,42,42-coin,42-coin,684,41.99997076,49265.13671875,2069134.3016749,2795.22851563,2018-03-07T00:00:00.000Z,2018-03-07T23:59:01.000Z,coinmarketcap_data_api_listings_historical
2018-03-07,734,BYC,Bytecent,bytecent,685,2027850.33213393,1.00214899,2032208.15382942,37320.1953125,2018-03-07T00:00:00.000Z,2018-03-07T23:59:04.000Z,coinmarketcap_data_api_listings_historical
2018-03-07,2250,MAGE,MagicCoin,magiccoin,686,7319768.9624,0.27515021,2014035.9647059,2716.12353516,2018-03-07T00:00:00.000Z,2018-03-07T23:59:17.000Z,coinmarketcap_data_api_listings_historical
2018-03-07,1956,VIVO,VIVO,vivo,687,1419240.0,1.41594827,2009570.42520046,45208.41796875,2018-03-07T00:00:00.000Z,2018-03-07T23:59:13.000Z,coinmarketcap_data_api_listings_historical
2018-03-07,1559,RNS,Renos,renos,688,33356076.8071656,0.06016824,2006976.44210878,4200.98046875,2018-03-07T00:00:00.000Z,2018-03-07T23:59:08.000Z,coinmarketcap_data_api_listings_historical
2018-03-07,2224,AI,POLY AI,poly-ai,689,2962487.93002445,0.67536432,2000758.633067,228448.59375,2018-03-07T00:00:00.000Z,2018-03-07T23:59:16.000Z,coinmarketcap_data_api_listings_historical
2018-03-07,1234,FANS,Fantasy Cash,fantasy-cash,690,4593647.0,0.43233645,1986001.03480184,4011.53686523,2018-03-07T00:00:00.000Z,2018-03-07T23:59:06.000Z,coinmarketcap_data_api_listings_historical
2018-03-07,1830,SKIN,SkinCoin,skincoin,691,88183483.0,0.02245736,1980368.16723002,139883.96875,2018-03-07T00:00:00.000Z,2018-03-07T23:59:11.000Z,coinmarketcap_data_api_listings_historical
2018-03-07,1815,MBRS,Embers,embers,692,50000000.0,0.03932132,1966066.09970331,2129.17211914,2018-03-07T00:00:00.000Z,2018-03-07T23:59:11.000Z,coinmarketcap_data_api_listings_historical
2018-03-07,1686,EQT,EquiTrader,equitrader,693,10289511.3213137,0.18800391,1934468.38682065,5971.20654297,2018-03-07T00:00:00.000Z,2018-03-07T23:59:09.000Z,coinmarketcap_data_api_listings_historical
2018-03-07,654,DP,DigitalPrice,digitalprice,694,18784324.0,0.10277151,1930493.40124365,28622.140625,2018-03-07T00:00:00.000Z,2018-03-07T23:59:03.000Z,coinmarketcap_data_api_listings_historical
2018-03-07,1900,GRWI,Growers International,growers-international,695,1176711.64540558,1.63426149,1923054.52564354,6467.70751953,2018-03-07T00:00:00.000Z,2018-03-07T23:59:12.000Z,coinmarketcap_data_api_listings_historical
2018-03-07,1777,PING,CryptoPing,cryptoping,696,9952089.0,0.19237161,1914499.35221314,180348.734375,2018-03-07T00:00:00.000Z,2018-03-07T23:59:11.000Z,coinmarketcap_data_api_listings_historical
2018-03-07,2186,PLC,PlusCoin,pluscoin,697,5172323624.01,0.00036944,1910850.33242972,17924.93359375,2018-03-07T00:00:00.000Z,2018-03-07T23:59:16.000Z,coinmarketcap_data_api_listings_historical
2018-03-07,2147,ELTCOIN,ELTCOIN,eltcoin,698,90000000.0,0.02098326,1888493.74651909,6104.29248047,2018-03-07T00:00:00.000Z,2018-03-07T23:59:15.000Z,coinmarketcap_data_api_listings_historical
2018-03-07,2146,PURE,Pure,pure,699,3448500.842,0.5457443,1881999.67768258,13464.12402344,2018-03-07T00:00:00.000Z,2018-03-07T23:59:15.000Z,coinmarketcap_data_api_listings_historical
2018-03-07,799,SMLY,SmileyCoin,smileycoin,700,25960250000.0,7.217e-05,1873480.92563661,634.13397217,2018-03-07T00:00:00.000Z,2018-03-07T23:59:04.000Z,coinmarketcap_data_api_listings_historical
2018-03-07,117,NOBL,NobleCoin,noblecoin,701,2322425517.65412,0.00079237,1840218.55743614,3435.03637695,2018-03-07T00:00:00.000Z,2018-03-07T23:59:01.000Z,coinmarketcap_data_api_listings_historical
2018-03-07,1872,NDC,NEVERDIE,neverdie,702,41004200.0,0.04430771,1816802.30347887,2648.78466797,2018-03-07T00:00:00.000Z,2018-03-07T23:59:12.000Z,coinmarketcap_data_api_listings_historical
2018-03-07,1850,CRM,Cream,cream,703,45058892.5600342,0.03928911,1770323.59177559,7414.90673828,2018-03-07T00:00:00.000Z,2018-03-07T23:59:12.000Z,coinmarketcap_data_api_listings_historical
2018-03-07,666,AU,Aurum Coin,aurum-coin,704,297781.33394006,5.94413424,1770052.22173085,540.83898926,2018-03-07T00:00:00.000Z,2018-03-07T23:59:03.000Z,coinmarketcap_data_api_listings_historical
2018-03-07,1736,UNIFY,Unify,unify,705,17860830.75,0.09870834,1763012.93712688,4260.06054688,2018-03-07T00:00:00.000Z,2018-03-07T23:59:11.000Z,coinmarketcap_data_api_listings_historical
2018-03-07,2285,BTCA,Bitair,bitair,706,700000000.0,0.00249269,1744882.01737404,3677.43164063,2018-03-07T00:00:00.000Z,2018-03-07T23:59:16.000Z,coinmarketcap_data_api_listings_historical
2018-03-07,1754,BRO,Bitradio,bitradio,707,6178322.6924651,0.27975187,1728397.3084909,891.77392578,2018-03-07T00:00:00.000Z,2018-03-07T23:59:10.000Z,coinmarketcap_data_api_listings_historical
2018-03-07,2509,ESZ,EtherSportz,ethersportz,708,5750000.0,0.29288149,1684068.56060028,2973.87353516,2018-03-07T00:00:00.000Z,2018-03-07T23:59:19.000Z,coinmarketcap_data_api_listings_historical
2018-03-07,16,WDC,WorldCoin,worldcoin,709,118171401.1,0.01407965,1663811.73943123,9660.63671875,2018-03-07T00:00:00.000Z,2018-03-07T23:59:01.000Z,coinmarketcap_data_api_listings_historical
2018-03-07,2172,EPY,Emphy,emphy,710,7666897.92,0.21628171,1658209.8082901,1098.90258789,2018-03-07T00:00:00.000Z,2018-03-07T23:59:16.000Z,coinmarketcap_data_api_listings_historical
2018-03-07,32,FST,Fastcoin,fastcoin,711,156913423.581737,0.01039985,1631875.49708538,2079.66333008,2018-03-07T00:00:00.000Z,2018-03-07T23:59:00.000Z,coinmarketcap_data_api_listings_historical
2018-03-07,1434,ARC,Advanced Technology Coin,arcticcoin,712,24653015.1092552,0.06517541,1606770.28451976,13956.7890625,2018-03-07T00:00:00.000Z,2018-03-07T23:59:07.000Z,coinmarketcap_data_api_listings_historical
2018-03-07,1141,MOIN,Moin,moin,713,7464464.61428454,0.21464799,1602232.35160034,3689.79150391,2018-03-07T00:00:00.000Z,2018-03-07T23:59:05.000Z,coinmarketcap_data_api_listings_historical
2018-03-07,1629,ZENI,Zennies,zennies,714,1000812835.5488,0.00158263,1583919.77535252,6014.58642578,2018-03-07T00:00:00.000Z,2018-03-07T23:59:09.000Z,coinmarketcap_data_api_listings_historical
2018-03-07,853,LDOGE,LiteDoge,litedoge,715,14957979540.3147,0.00010586,1583446.53207407,2353.52807617,2018-03-07T00:00:00.000Z,2018-03-07T23:59:04.000Z,coinmarketcap_data_api_listings_historical
2018-03-07,1276,ICOO,ICO OpenLedger,ico-openledger,716,465951.5866,3.30966496,1542143.64140517,589.81976318,2018-03-07T00:00:00.000Z,2018-03-07T23:59:06.000Z,coinmarketcap_data_api_listings_historical
2018-03-07,426,BRIT,BritCoin,britcoin,717,21268092.1527636,0.07202553,1531845.61024798,1657.10974121,2018-03-07T00:00:00.000Z,2018-03-07T23:59:03.000Z,coinmarketcap_data_api_listings_historical
2018-03-07,960,FJC,FujiCoin,fujicoin,718,1310942755.0,0.00115275,1511186.34576061,5488.29785156,2018-03-07T00:00:00.000Z,2018-03-07T23:59:05.000Z,coinmarketcap_data_api_listings_historical
2018-03-07,129,Q2C,QubitCoin,qubitcoin,719,248482819.10362,0.00604182,1501287.34904515,1284.35559082,2018-03-07T00:00:00.000Z,2018-03-07T23:59:01.000Z,coinmarketcap_data_api_listings_historical
2018-03-07,1745,DCY,Dinastycoin,dinastycoin,720,1509669495.60195,0.00099046,1495269.60083532,3502.03588867,2018-03-07T00:00:00.000Z,2018-03-07T23:59:10.000Z,coinmarketcap_data_api_listings_historical
2018-03-07,1813,FUCK,FuckToken,fucktoken,721,51392877.2948,0.02893366,1486983.80529106,590.96105957,2018-03-07T00:00:00.000Z,2018-03-07T23:59:11.000Z,coinmarketcap_data_api_listings_historical
2018-03-07,1999,KLN,Kolion,kolion,722,700524.0,2.10774446,1476525.57683086,53538.84375,2018-03-07T00:00:00.000Z,2018-03-07T23:59:14.000Z,coinmarketcap_data_api_listings_historical
2018-03-07,2268,CRC,CrowdCoin,crowdcoin,723,1389300.0,1.0562222,1467409.50300694,26211.56835938,2018-03-07T00:00:00.000Z,2018-03-07T23:59:16.000Z,coinmarketcap_data_api_listings_historical
2018-03-07,781,UIS,Unitus,unitus,724,46785866.2768488,0.0309024,1445795.58270553,2377.1784668,2018-03-07T00:00:00.000Z,2018-03-07T23:59:03.000Z,coinmarketcap_data_api_listings_historical
2018-03-07,1722,MORE,More Coin,more-coin,725,2000000.0,0.70908397,1418167.94872284,22745.38085938,2018-03-07T00:00:00.000Z,2018-03-07T23:59:10.000Z,coinmarketcap_data_api_listings_historical
2018-03-07,260,XPD,PetroDollar,petrodollar,726,63993274.8872568,0.02119031,1356037.56458258,3971.1027832,2018-03-07T00:00:00.000Z,2018-03-07T23:59:02.000Z,coinmarketcap_data_api_listings_historical
2018-03-07,945,BTA,Bata,bata,727,5003786.41015163,0.2694104,1348072.1061931,4192.30322266,2018-03-07T00:00:00.000Z,2018-03-07T23:59:04.000Z,coinmarketcap_data_api_listings_historical
2018-03-07,2479,EQL,Equal,equal,728,319281093.747599,0.00421896,1347034.2210285,15260.984375,2018-03-07T00:00:00.000Z,2018-03-07T23:59:19.000Z,coinmarketcap_data_api_listings_historical
2018-03-07,56,ZET,Zetacoin,zetacoin,729,167677569.754849,0.00803185,1346760.73428938,824.56518555,2018-03-07T00:00:00.000Z,2018-03-07T23:59:01.000Z,coinmarketcap_data_api_listings_historical
2018-03-07,2372,CDX,CDX Network,cdx-network,730,32550000.0,0.03808595,1239697.7506578,900.66204834,2018-03-07T00:00:00.000Z,2018-03-07T23:59:18.000Z,coinmarketcap_data_api_listings_historical
2018-03-07,2272,SCT,Soma,soma,731,4165705.03573702,0.29733655,1238616.35767346,9435.83398438,2018-03-07T00:00:00.000Z,2018-03-07T23:59:16.000Z,coinmarketcap_data_api_listings_historical
2018-03-07,1746,XLC,Leviar,leviar,732,10940823.870094,0.11320975,1238607.98139165,1938.82800293,2018-03-07T00:00:00.000Z,2018-03-07T23:59:11.000Z,coinmarketcap_data_api_listings_historical
2018-03-07,1916,BBP,BiblePay,biblepay,733,447260495.0,0.00276351,1236008.84302206,3709.10351563,2018-03-07T00:00:00.000Z,2018-03-07T23:59:13.000Z,coinmarketcap_data_api_listings_historical
2018-03-07,1610,SCORE,Scorecoin,scorecoin,734,41737500.0,0.02960831,1235776.96359716,2532.10717773,2018-03-07T00:00:00.000Z,2018-03-07T23:59:09.000Z,coinmarketcap_data_api_listings_historical
2018-03-07,1254,XPTX,PlatinumBAR,platinumbar,735,632388.46511898,1.92091775,1214766.22716598,1761.15319824,2018-03-07T00:00:00.000Z,2018-03-07T23:59:06.000Z,coinmarketcap_data_api_listings_historical
2018-03-07,386,PIGGY,Piggycoin,piggycoin,736,489458139.985492,0.00246076,1204438.13239627,650.66021729,2018-03-07T00:00:00.000Z,2018-03-07T23:59:02.000Z,coinmarketcap_data_api_listings_historical
2018-03-07,2206,XCPO,Copico,copico,737,15746668.2851,0.07606005,1197692.36506484,8360.18945313,2018-03-07T00:00:00.000Z,2018-03-07T23:59:16.000Z,coinmarketcap_data_api_listings_historical
2018-03-07,175,PHO,Photon,photon,738,21803849495.3467,5.491e-05,1197280.08366964,559.91595459,2018-03-07T00:00:00.000Z,2018-03-07T23:59:01.000Z,coinmarketcap_data_api_listings_historical
2018-03-07,1678,INSN,InsaneCoin,insanecoin-insn,739,18405871.6040933,0.06467447,1190389.93287435,5155.91650391,2018-03-07T00:00:00.000Z,2018-03-07T23:59:11.000Z,coinmarketcap_data_api_listings_historical
2018-03-07,2269,WAND,WandX,wandx,740,12244134.9651,0.09600025,1175439.97732208,1529.11657715,2018-03-07T00:00:00.000Z,2018-03-07T23:59:17.000Z,coinmarketcap_data_api_listings_historical
2018-03-07,1851,ERA,ERA,blakestar,741,304593305.889796,0.00385646,1174653.13595302,15540.65136719,2018-03-07T00:00:00.000Z,2018-03-07T23:59:11.000Z,coinmarketcap_data_api_listings_historical
2018-03-07,205,BTCS,Bitcoin Scrypt,bitcoin-scrypt,742,16806412.5,0.06982753,1173550.34460397,3319.54443359,2018-03-07T00:00:00.000Z,2018-03-07T23:59:02.000Z,coinmarketcap_data_api_listings_historical
2018-03-07,812,MAC,Machinecoin,machinecoin,743,20667099.9999997,0.05512469,1139267.38084106,834.72540283,2018-03-07T00:00:00.000Z,2018-03-07T23:59:03.000Z,coinmarketcap_data_api_listings_historical
2018-03-07,312,GUN,Guncoin,guncoin,744,204070078.0,0.00554658,1131891.97754189,811.3392334,2018-03-07T00:00:00.000Z,2018-03-07T23:59:03.000Z,coinmarketcap_data_api_listings_historical
2018-03-07,2263,KBR,Kubera Coin,kubera-coin,745,114423294.0,0.0097358,1114001.91675239,72368.296875,2018-03-07T00:00:00.000Z,2018-03-07T23:59:16.000Z,coinmarketcap_data_api_listings_historical
2018-03-07,2048,ECASH,Ethereum Cash,ethereumcash,746,14100000.0,0.07853306,1107316.15796685,3764.92602539,2018-03-07T00:00:00.000Z,2018-03-07T23:59:14.000Z,coinmarketcap_data_api_listings_historical
2018-03-07,2415,ARCT,ArbitrageCT,arbitragect,747,85955112.0,0.01282512,1102384.96688908,34080.00390625,2018-03-07T00:00:00.000Z,2018-03-07T23:59:18.000Z,coinmarketcap_data_api_listings_historical
2018-03-07,75,NET,NetCoin,netcoin,748,787126711.55196,0.00138665,1091466.24880816,14042.10644531,2018-03-07T00:00:00.000Z,2018-03-07T23:59:01.000Z,coinmarketcap_data_api_listings_historical
2018-03-07,18,DGC,Digitalcoin,digitalcoin,749,28335083.3440365,0.0379225,1074537.24243103,957.86248779,2018-03-07T00:00:00.000Z,2018-03-07T23:59:00.000Z,coinmarketcap_data_api_listings_historical
2018-03-07,1510,CCRB,CryptoCarbon,cryptocarbon,750,3562111.0,0.30145121,1073802.6575942,3884.88916016,2018-03-07T00:00:00.000Z,2018-03-07T23:59:08.000Z,coinmarketcap_data_api_listings_historical
2018-03-07,2523,TIG,Tigereum,tigereum,751,5396793.39754847,0.19852594,1071403.45747066,16547.24609375,2018-03-07T00:00:00.000Z,2018-03-07T23:59:19.000Z,coinmarketcap_data_api_listings_historical
2018-03-07,72,DEM,Deutsche eMark,deutsche-emark,752,35493426.121581,0.02971868,1054817.91614026,4671.88720703,2018-03-07T00:00:00.000Z,2018-03-07T23:59:01.000Z,coinmarketcap_data_api_listings_historical
2018-03-07,1683,RLT,RouletteToken,roulettetoken,753,10217247.9329205,0.10039109,1025720.65593023,121206.453125,2018-03-07T00:00:00.000Z,2018-03-07T23:59:09.000Z,coinmarketcap_data_api_listings_historical
2018-03-07,275,POP,PopularCoin,popularcoin,754,3423928944.00415,0.00029937,1025038.46115659,3962.52832031,2018-03-07T00:00:00.000Z,2018-03-07T23:59:01.000Z,coinmarketcap_data_api_listings_historical
2018-03-07,638,TROLL,Trollcoin,trollcoin,755,570376216.0,0.00179389,1023194.92813,608.81872559,2018-03-07T00:00:00.000Z,2018-03-07T23:59:03.000Z,coinmarketcap_data_api_listings_historical
2018-03-07,1818,BTWTY,Bit20,bit20,756,1.016,1005800.625,1021893.435,10386.55175781,2018-03-07T00:00:00.000Z,2018-03-07T23:59:11.000Z,coinmarketcap_data_api_listings_historical
2018-03-07,199,SKC,Skeincoin,skeincoin,757,13210534.0669,0.07715695,1019284.56288993,1379.86218262,2018-03-07T00:00:00.000Z,2018-03-07T23:59:02.000Z,coinmarketcap_data_api_listings_historical
2018-03-07,1249,EL,Elcoin,elcoin-el,758,11208967.0,0.0905392,1014850.92847885,3501.64819336,2018-03-07T00:00:00.000Z,2018-03-07T23:59:06.000Z,coinmarketcap_data_api_listings_historical
2018-03-07,597,OPAL,Opal,opal,759,15145892.7117342,0.06675711,1011095.95448176,794.76104736,2018-03-07T00:00:00.000Z,2018-03-07T23:59:03.000Z,coinmarketcap_data_api_listings_historical
2018-03-07,1877,RUPX,Rupaya,rupaya,760,7014080.0,0.14349075,1006455.57603359,18963.94921875,2018-03-07T00:00:00.000Z,2018-03-07T23:59:12.000Z,coinmarketcap_data_api_listings_historical
2018-03-07,1933,SUR,Suretly,suretly,761,221488.90261074,4.47579956,991339.93297116,5304.28515625,2018-03-07T00:00:00.000Z,2018-03-07T23:59:13.000Z,coinmarketcap_data_api_listings_historical
2018-03-07,1640,DEUS,DeusCoin,deuscoin,762,8079837.45140382,0.12143058,981139.37467866,3378.47070313,2018-03-07T00:00:00.000Z,2018-03-07T23:59:10.000Z,coinmarketcap_data_api_listings_historical
2018-03-07,14,BTB,BitBar,bitbar,763,36508.062122,26.64988518,972935.66360844,906.52380371,2018-03-07T00:00:00.000Z,2018-03-07T23:59:00.000Z,coinmarketcap_data_api_listings_historical
2018-03-07,37,MEC,Megacoin,megacoin,764,36884587.4930999,0.02625452,968387.06469509,3565.2331543,2018-03-07T00:00:00.000Z,2018-03-07T23:59:01.000Z,coinmarketcap_data_api_listings_historical
2018-03-07,1008,CPC,Capricoin,capricoin,765,1990045.0,0.47955671,954339.43201259,197261.5,2018-03-07T00:00:00.000Z,2018-03-07T23:59:04.000Z,coinmarketcap_data_api_listings_historical
2018-03-07,2196,SGR,Sugar Exchange,sugar-exchange,766,3500000.0,0.25900778,906527.23610401,5140.05419922,2018-03-07T00:00:00.000Z,2018-03-07T23:59:16.000Z,coinmarketcap_data_api_listings_historical
2018-03-07,1805,HERO,Sovereign Hero,sovereign-hero,767,4773.0,189.23660278,903226.30508423,1111.45471191,2018-03-07T00:00:00.000Z,2018-03-07T23:59:12.000Z,coinmarketcap_data_api_listings_historical
2018-03-07,1522,FRST,FirstCoin,firstcoin,768,1869936.2,0.47512439,888452.29436904,56488.0,2018-03-07T00:00:00.000Z,2018-03-07T23:59:08.000Z,coinmarketcap_data_api_listings_historical
2018-03-07,2311,ACE,ACE (TokenStars),ace,769,3850914.0,0.23039107,887216.19788799,531309.375,2018-03-07T00:00:00.000Z,2018-03-07T23:59:17.000Z,coinmarketcap_data_api_listings_historical
2018-03-07,1643,WGO,WavesGo,wavesgo,770,9497509.0,0.09310586,884273.74382029,1878.85314941,2018-03-07T00:00:00.000Z,2018-03-07T23:59:09.000Z,coinmarketcap_data_api_listings_historical
2018-03-07,31,ARG,Argentum,argentum,771,9094795.44495494,0.09497483,863776.65806001,3609.20996094,2018-03-07T00:00:00.000Z,2018-03-07T23:59:01.000Z,coinmarketcap_data_api_listings_historical
2018-03-07,1019,MANNA,Manna,manna,772,43673072.8607769,0.01951073,852093.33690026,10305.12011719,2018-03-07T00:00:00.000Z,2018-03-07T23:59:04.000Z,coinmarketcap_data_api_listings_historical
2018-03-07,1671,ITI,iTicoin,iticoin,773,32000.0,26.34846878,843151.00097656,1120.02905273,2018-03-07T00:00:00.000Z,2018-03-07T23:59:09.000Z,coinmarketcap_data_api_listings_historical
2018-03-07,1334,ELE,Elementrem,elementrem,774,26025392.1249997,0.03169477,824868.81390027,700.78759766,2018-03-07T00:00:00.000Z,2018-03-07T23:59:07.000Z,coinmarketcap_data_api_listings_historical
2018-03-07,2026,EBET,EthBet,ethbet,775,8502500.0,0.09535284,810737.48769239,1175.8815918,2018-03-07T00:00:00.000Z,2018-03-07T23:59:13.000Z,coinmarketcap_data_api_listings_historical
2018-03-07,1978,DFS,DFSCoin,dfscoin,776,17151801.5794001,0.04660472,799354.89317425,7171.58154297,2018-03-07T00:00:00.000Z,2018-03-07T23:59:13.000Z,coinmarketcap_data_api_listings_historical
2018-03-07,2051,ATS,Authorship,authorship,777,80000000.0,0.0096666,773327.79765129,1706.01940918,2018-03-07T00:00:00.000Z,2018-03-07T23:59:14.000Z,coinmarketcap_data_api_listings_historical
2018-03-07,2152,CTX,CarTaxi Token,cartaxi-token,778,39928144.0,0.01924574,768446.53041017,825.55297852,2018-03-07T00:00:00.000Z,2018-03-07T23:59:15.000Z,coinmarketcap_data_api_listings_historical
2018-03-07,1306,CJ,Cryptojacks,cryptojacks,779,406568580.90842,0.00188841,767769.33902162,1898.50146484,2018-03-07T00:00:00.000Z,2018-03-07T23:59:07.000Z,coinmarketcap_data_api_listings_historical
2018-03-07,1787,JET,Jetcoin,jetcoin,780,6823721.25404222,0.10873306,741964.07872626,1513.57019043,2018-03-07T00:00:00.000Z,2018-03-07T23:59:11.000Z,coinmarketcap_data_api_listings_historical
2018-03-07,2232,GLS,GlassCoin,glasscoin,781,2820686.49401389,0.25732189,725824.39149616,922.18206787,2018-03-07T00:00:00.000Z,2018-03-07T23:59:16.000Z,coinmarketcap_data_api_listings_historical
2018-03-07,1100,CUBE,DigiCube,digicube,782,2429126009.1729,0.00029714,721786.77956258,615.74279785,2018-03-07T00:00:00.000Z,2018-03-07T23:59:16.000Z,coinmarketcap_data_api_listings_historical
2018-03-07,1628,HPAY,HappyPay,happypay,783,13795220.5298833,0.05207606,718400.6851184,16601.57226563,2018-03-07T00:00:00.000Z,2018-03-07T23:59:09.000Z,coinmarketcap_data_api_listings_historical
2018-03-07,882,CYP,Cypher,cypher,784,6365284.67510838,0.10885172,692872.20664489,1640.46154785,2018-03-07T00:00:00.000Z,2018-03-07T23:59:04.000Z,coinmarketcap_data_api_listings_historical
2018-03-07,2024,WHL,WhaleCoin,whalecoin,785,7376580.0,0.0937623,691645.11363611,56748.7265625,2018-03-07T00:00:00.000Z,2018-03-07T23:59:13.000Z,coinmarketcap_data_api_listings_historical
2018-03-07,1185,TRUMP,TrumpCoin,trumpcoin,786,6598466.25004279,0.10477985,691386.28389156,3529.56079102,2018-03-07T00:00:00.000Z,2018-03-07T23:59:06.000Z,coinmarketcap_data_api_listings_historical
2018-03-07,1673,MNE,Minereum,minereum,787,2320262.3488,0.28844464,669267.23384995,6316.86523438,2018-03-07T00:00:00.000Z,2018-03-07T23:59:09.000Z,coinmarketcap_data_api_listings_historical
2018-03-07,2171,ABJC,Abjcoin Commerce,abjcoin,788,8265187.03914836,0.08090425,668688.72029864,17125.05859375,2018-03-07T00:00:00.000Z,2018-03-07T23:59:16.000Z,coinmarketcap_data_api_listings_historical
2018-03-07,1474,ENT,Eternity,eternity,789,4148312.20067551,0.16083649,667199.96551946,1268.4901123,2018-03-07T00:00:00.000Z,2018-03-07T23:59:08.000Z,coinmarketcap_data_api_listings_historical
2018-03-07,121,UTC,UltraCoin,ultracoin,790,45911134.92192,0.01426265,654814.28489858,1969.49084473,2018-03-07T00:00:00.000Z,2018-03-07T23:59:01.000Z,coinmarketcap_data_api_listings_historical
2018-03-07,2193,AERM,Aerium,aerium,791,96174764.5678,0.00670722,645064.97866,3463.82861328,2018-03-07T00:00:00.000Z,2018-03-07T23:59:16.000Z,coinmarketcap_data_api_listings_historical
2018-03-07,1582,NETKO,Netko,netko,792,4930940.0,0.12974592,639769.32473391,1503.13793945,2018-03-07T00:00:00.000Z,2018-03-07T23:59:08.000Z,coinmarketcap_data_api_listings_historical
2018-03-07,1212,MOJO,MojoCoin,mojocoin,793,12175436.0,0.05218991,635434.94127925,3464.45239258,2018-03-07T00:00:00.000Z,2018-03-07T23:59:06.000Z,coinmarketcap_data_api_listings_historical
2018-03-07,2093,BTCRED,Bitcoin Red,bitcoin-red,794,20550000.999,0.02996724,615826.71743342,4224.57421875,2018-03-07T00:00:00.000Z,2018-03-07T23:59:15.000Z,coinmarketcap_data_api_listings_historical
2018-03-07,703,RBT,Rimbit,rimbit,795,197581050.118245,0.00308502,609541.07686419,2855.63378906,2018-03-07T00:00:00.000Z,2018-03-07T23:59:04.000Z,coinmarketcap_data_api_listings_historical
2018-03-07,2074,ETG,Ethereum Gold,ethereum-gold,796,12000000.0,0.05031349,603761.89649105,1808.61572266,2018-03-07T00:00:00.000Z,2018-03-07T23:59:14.000Z,coinmarketcap_data_api_listings_historical
2018-03-07,1066,PAK,Pakcoin,pakcoin,797,50102200.0,0.01204476,603468.94777976,4892.89355469,2018-03-07T00:00:00.000Z,2018-03-07T23:59:05.000Z,coinmarketcap_data_api_listings_historical
2018-03-07,2187,EBCH,EBCH,ebitcoin-cash,798,9285500.0,0.06459713,599816.64896011,624.21539307,2018-03-07T00:00:00.000Z,2018-03-07T23:59:16.000Z,coinmarketcap_data_api_listings_historical
2018-03-07,2053,RKC,Royal Kingdom Coin,royal-kingdom-coin,799,2700000.0,0.21761353,587556.53947592,29674.265625,2018-03-07T00:00:00.000Z,2018-03-07T23:59:15.000Z,coinmarketcap_data_api_listings_historical
2018-03-07,278,QBC,Quebecoin,quebecoin,800,15479693.0,0.03783563,585683.96038385,11646.32226563,2018-03-07T00:00:00.000Z,2018-03-07T23:59:02.000Z,coinmarketcap_data_api_listings_historical
2018-03-07,341,SUPER,SuperCoin,supercoin,801,48129393.1368112,0.01182035,568906.21975119,1225.76245117,2018-03-07T00:00:00.000Z,2018-03-07T23:59:02.000Z,coinmarketcap_data_api_listings_historical
2018-03-07,911,AIB,Advanced Internet Blocks,advanced-internet-blocks,802,32234319.0,0.01713626,552375.51913463,1012.28027344,2018-03-07T00:00:00.000Z,2018-03-07T23:59:04.000Z,coinmarketcap_data_api_listings_historical
2018-03-07,2104,IETH,iEthereum,iethereum,803,17982000.0,0.03062324,550667.07531363,3392.88671875,2018-03-07T00:00:00.000Z,2018-03-07T23:59:14.000Z,coinmarketcap_data_api_listings_historical
2018-03-07,1733,OTX,Octanox,octanox,804,8500001.0,0.06296487,535201.47093387,1392.81030273,2018-03-07T00:00:00.000Z,2018-03-07T23:59:11.000Z,coinmarketcap_data_api_listings_historical
2018-03-07,2362,STN,Steneum Coin,steneum-coin,805,2298508.51904599,0.23022704,529178.80876516,13891.21582031,2018-03-07T00:00:00.000Z,2018-03-07T23:59:17.000Z,coinmarketcap_data_api_listings_historical
2018-03-07,1417,SAC,SACoin,sacoin,806,7017394.7507709,0.07527508,528234.9401394,1153.73193359,2018-03-07T00:00:00.000Z,2018-03-07T23:59:07.000Z,coinmarketcap_data_api_listings_historical
2018-03-07,1981,XBL,Billionaire Token,billionaire-token,807,3268273.63529652,0.16117848,526775.39166142,4560.4609375,2018-03-07T00:00:00.000Z,2018-03-07T23:59:14.000Z,coinmarketcap_data_api_listings_historical
2018-03-07,2265,PCOIN,Pioneer Coin,pioneer-coin,808,2291392.30420218,0.22503287,515638.57734755,2913.96191406,2018-03-07T00:00:00.000Z,2018-03-07T23:59:17.000Z,coinmarketcap_data_api_listings_historical
2018-03-07,1247,ARCO,AquariusCoin,aquariuscoin,809,1626402.11432615,0.31237519,508047.66602104,4779.83496094,2018-03-07T00:00:00.000Z,2018-03-07T23:59:06.000Z,coinmarketcap_data_api_listings_historical
2018-03-07,708,GAP,Gapcoin,gapcoin,810,12656885.8285171,0.04011369,507714.41019202,651.87060547,2018-03-07T00:00:00.000Z,2018-03-07T23:59:03.000Z,coinmarketcap_data_api_listings_historical
2018-03-07,890,8BIT,8Bit,8bit,811,1467840.78618273,0.34095284,500464.48974809,2258.93676758,2018-03-07T00:00:00.000Z,2018-03-07T23:59:04.000Z,coinmarketcap_data_api_listings_historical
2018-03-07,1566,VISIO,Visio,visio,812,50968445.6958,0.00968988,493878.14984727,863.33557129,2018-03-07T00:00:00.000Z,2018-03-07T23:59:09.000Z,coinmarketcap_data_api_listings_historical
2018-03-07,625,BITBTC,bitBTC,bitbtc,813,42.0253,11745.05761719,493589.56987959,14000.18066406,2018-03-07T00:00:00.000Z,2018-03-07T23:59:03.000Z,coinmarketcap_data_api_listings_historical
2018-03-07,1142,BUCKS,SwagBucks,swagbucks,814,369194.99789999,1.32038939,487481.15806518,1604.61083984,2018-03-07T00:00:00.000Z,2018-03-07T23:59:05.000Z,coinmarketcap_data_api_listings_historical
2018-03-07,34,BTG,Bitgem,bitgem,815,60264.45994,8.07928658,486893.84216199,95367.1171875,2018-03-07T00:00:00.000Z,2018-03-07T23:59:00.000Z,coinmarketcap_data_api_listings_historical
2018-03-07,1468,KURT,Kurrent,kurrent,816,61364813.1,0.00776928,476760.45064818,540.96728516,2018-03-07T00:00:00.000Z,2018-03-07T23:59:08.000Z,coinmarketcap_data_api_listings_historical
2018-03-07,2475,GRLC,Garlicoin,garlicoin,817,4774396.13112537,0.0996216,475632.98831385,11410.99609375,2018-03-07T00:00:00.000Z,2018-03-07T23:59:19.000Z,coinmarketcap_data_api_listings_historical
2018-03-07,125,BLC,Blakecoin,blakecoin,818,15122697.140248,0.03141235,475039.42755473,1010.12341309,2018-03-07T00:00:00.000Z,2018-03-07T23:59:01.000Z,coinmarketcap_data_api_listings_historical
2018-03-07,331,LCP,Litecoin Plus,litecoin-plus,819,1119745.474908,0.42292708,473570.68582077,5931.27001953,2018-03-07T00:00:00.000Z,2018-03-07T23:59:02.000Z,coinmarketcap_data_api_listings_historical
2018-03-07,501,XCN,Cryptonite,cryptonite,820,397946412.1739,0.00118855,472980.74813218,9978.95703125,2018-03-07T00:00:00.000Z,2018-03-07T23:59:03.000Z,coinmarketcap_data_api_listings_historical
2018-03-07,1244,XHI,HiCoin,hicoin,821,189729990.084011,0.00248352,471198.04036799,17276.47460938,2018-03-07T00:00:00.000Z,2018-03-07T23:59:06.000Z,coinmarketcap_data_api_listings_historical
2018-03-07,1987,TKR,CryptoInsight,trackr,822,12529746.9481503,0.03754891,470478.35083401,808.42803955,2018-03-07T00:00:00.000Z,2018-03-07T23:59:13.000Z,coinmarketcap_data_api_listings_historical
2018-03-07,1797,DAXX,DaxxCoin,daxxcoin,823,510370900.0,0.00089142,454952.48114225,4695.02246094,2018-03-07T00:00:00.000Z,2018-03-07T23:59:11.000Z,coinmarketcap_data_api_listings_historical
2018-03-07,1964,DRXNE,DROXNE,droxne,824,68335509.1083986,0.00663609,453480.75532954,677.27624512,2018-03-07T00:00:00.000Z,2018-03-07T23:59:13.000Z,coinmarketcap_data_api_listings_historical
2018-03-07,1511,VIDZ,PureVidz,purevidz,825,125279774.5061,0.00355805,445752.12791205,1288.91113281,2018-03-07T00:00:00.000Z,2018-03-07T23:59:08.000Z,coinmarketcap_data_api_listings_historical
2018-03-07,813,BITSILVER,bitSilver,bitsilver,826,21946.9,19.78136063,434139.5435276,14407.22558594,2018-03-07T00:00:00.000Z,2018-03-07T23:59:03.000Z,coinmarketcap_data_api_listings_historical
2018-03-07,2205,PNX,Phantomx,phantomx,827,15380623.7475297,0.02800275,430699.76362266,2319.64526367,2018-03-07T00:00:00.000Z,2018-03-07T23:59:16.000Z,coinmarketcap_data_api_listings_historical
2018-03-07,1915,ACC,AdCoin,adcoin,828,5821315.85305524,0.07387019,430021.70513431,4778.48388672,2018-03-07T00:00:00.000Z,2018-03-07T23:59:14.000Z,coinmarketcap_data_api_listings_historical
2018-03-07,1275,NEWB,Newbium,newbium,829,50000000.0,0.00832084,416041.86408222,2287.19775391,2018-03-07T00:00:00.000Z,2018-03-07T23:59:07.000Z,coinmarketcap_data_api_listings_historical
2018-03-07,1218,POST,PostCoin,postcoin,830,15868232.6971792,0.02604677,413316.20250619,5382.21777344,2018-03-07T00:00:00.000Z,2018-03-07T23:59:06.000Z,coinmarketcap_data_api_listings_historical
2018-03-07,61,TAG,TagCoin,tagcoin,831,6347255.762894,0.06510593,413243.98920536,1537.39782715,2018-03-07T00:00:00.000Z,2018-03-07T23:59:00.000Z,coinmarketcap_data_api_listings_historical
2018-03-07,2404,TOKC,TOKYO,tokyo,832,126370652.545476,0.00316798,400339.47934411,8199.6640625,2018-03-07T00:00:00.000Z,2018-03-07T23:59:18.000Z,coinmarketcap_data_api_listings_historical
2018-03-07,1529,KUSH,KushCoin,kushcoin,833,5498338.01055777,0.07235601,397837.78904135,522.73223877,2018-03-07T00:00:00.000Z,2018-03-07T23:59:08.000Z,coinmarketcap_data_api_listings_historical
2018-03-07,2148,DSR,Desire,desire,834,1012637.0,0.39200082,396954.53862861,6269.44921875,2018-03-07T00:00:00.000Z,2018-03-07T23:59:15.000Z,coinmarketcap_data_api_listings_historical
2018-03-07,154,MARS,Marscoin,marscoin,835,28279074.0,0.01386646,392130.69974072,1376.04492188,2018-03-07T00:00:00.000Z,2018-03-07T23:59:02.000Z,coinmarketcap_data_api_listings_historical
2018-03-07,1322,808,808Coin,808coin,836,3978187849.10457,9.834e-05,391203.13471324,8338.98730469,2018-03-07T00:00:00.000Z,2018-03-07T23:59:06.000Z,coinmarketcap_data_api_listings_historical
2018-03-07,1889,XCXT,CoinonatX,coinonatx,837,18361219.7892582,0.02120258,389305.21570086,1160.29528809,2018-03-07T00:00:00.000Z,2018-03-07T23:59:12.000Z,coinmarketcap_data_api_listings_historical
2018-03-07,1053,BOLI,Bolivarcoin,bolivarcoin,838,9377299.9988,0.04047347,379531.85707019,1150.69812012,2018-03-07T00:00:00.000Z,2018-03-07T23:59:04.000Z,coinmarketcap_data_api_listings_historical
2018-03-07,2155,CFD,Confido,confido,839,9000000.0,0.04205478,378493.01844835,689.03289795,2018-03-07T00:00:00.000Z,2018-03-07T23:59:15.000Z,coinmarketcap_data_api_listings_historical
2018-03-07,2317,HBC,HomeBlockCoin,homeblockcoin,840,5000000.0,0.07489533,374476.64886713,23624.5703125,2018-03-07T00:00:00.000Z,2018-03-07T23:59:17.000Z,coinmarketcap_data_api_listings_historical
2018-03-07,159,CASH,Cashcoin,cashcoin,841,47675905.250849,0.00782465,373047.09605015,2816.87255859,2018-03-07T00:00:00.000Z,2018-03-07T23:59:01.000Z,coinmarketcap_data_api_listings_historical
2018-03-07,747,BCF,Bitcoin Fast,bitcoinfast,842,8476105.91466,0.04150034,351761.2554821,2505.34350586,2018-03-07T00:00:00.000Z,2018-03-07T23:59:03.000Z,coinmarketcap_data_api_listings_historical
2018-03-07,1644,MCRN,MACRON,macron,843,401421400.685127,0.00085544,343390.0468507,6125.59765625,2018-03-07T00:00:00.000Z,2018-03-07T23:59:11.000Z,coinmarketcap_data_api_listings_historical
2018-03-07,1085,SWING,Swing,swing,844,3066101.89767582,0.11132454,341332.38724808,599.2489624,2018-03-07T00:00:00.000Z,2018-03-07T23:59:05.000Z,coinmarketcap_data_api_listings_historical
2018-03-07,1731,GLT,GlobalToken,globaltoken,845,27971200.0,0.0120166,336118.74791086,1213.12475586,2018-03-07T00:00:00.000Z,2018-03-07T23:59:10.000Z,coinmarketcap_data_api_listings_historical
2018-03-07,1420,ATOM,Atomic Coin,atomic-coin,846,14863041.1143201,0.02259367,335810.69545823,1121.41455078,2018-03-07T00:00:00.000Z,2018-03-07T23:59:07.000Z,coinmarketcap_data_api_listings_historical
2018-03-07,778,BITGOLD,bitGold,bitgold,847,194.16,1722.83642578,334505.92042969,6785.24072266,2018-03-07T00:00:00.000Z,2018-03-07T23:59:04.000Z,coinmarketcap_data_api_listings_historical
2018-03-07,1004,HNC,Hellenic Coin,helleniccoin,848,65626380.5724598,0.0050662,332476.44084228,6368.77685547,2018-03-07T00:00:00.000Z,2018-03-07T23:59:05.000Z,coinmarketcap_data_api_listings_historical
2018-03-07,2411,ORE,Galactrum,galactrum,849,666058.938502,0.49632028,330578.55715701,2393.46948242,2018-03-07T00:00:00.000Z,2018-03-07T23:59:18.000Z,coinmarketcap_data_api_listings_historical
2018-03-07,2032,CCT,Crystal Clear ,crystal-clear,850,5123098.86739335,0.06422149,329013.06266049,1812.62255859,2018-03-07T00:00:00.000Z,2018-03-07T23:59:15.000Z,coinmarketcap_data_api_listings_historical
2018-03-07,1375,GOLF,Golfcoin,golfcoin,851,1106703871.44,0.00029714,328844.29225971,3493.27050781,2018-03-07T00:00:00.000Z,2018-03-07T23:59:07.000Z,coinmarketcap_data_api_listings_historical
2018-03-07,1938,NTO,Fujinto,fujinto,852,65802448.0342397,0.00496249,326544.13962043,1348.51342773,2018-03-07T00:00:00.000Z,2018-03-07T23:59:12.000Z,coinmarketcap_data_api_listings_historical
2018-03-07,1193,XCT,C-Bit,c-bit,853,157625875.0,0.00205014,323154.33141313,9583.93945313,2018-03-07T00:00:00.000Z,2018-03-07T23:59:06.000Z,coinmarketcap_data_api_listings_historical
2018-03-07,1035,AMS,AmsterdamCoin,amsterdamcoin,854,50201886.1653873,0.00637079,319825.82982483,1670.76416016,2018-03-07T00:00:00.000Z,2018-03-07T23:59:05.000Z,coinmarketcap_data_api_listings_historical
2018-03-07,1763,BRIA,BriaCoin,briacoin,855,708400.34852977,0.44960001,318496.80456953,2119.26171875,2018-03-07T00:00:00.000Z,2018-03-07T23:59:11.000Z,coinmarketcap_data_api_listings_historical
2018-03-07,1251,611,SixEleven,sixeleven,856,439900.38673444,0.72162455,317442.92003132,1302.25927734,2018-03-07T00:00:00.000Z,2018-03-07T23:59:06.000Z,coinmarketcap_data_api_listings_historical
2018-03-07,2241,CCO,Ccore,ccore,857,1199999.0,0.26363882,316366.32543054,501.75775146,2018-03-07T00:00:00.000Z,2018-03-07T23:59:17.000Z,coinmarketcap_data_api_listings_historical
2018-03-07,174,LTB,LiteBar,litebar,858,892451.44696434,0.35418904,316096.51970892,530.05792236,2018-03-07T00:00:00.000Z,2018-03-07T23:59:01.000Z,coinmarketcap_data_api_listings_historical
2018-03-07,1766,KAYI,Kayicoin,kayicoin,859,284345719.224056,0.00108908,309674.87291186,2682.62011719,2018-03-07T00:00:00.000Z,2018-03-07T23:59:12.000Z,coinmarketcap_data_api_listings_historical
2018-03-07,1869,MAO,Mao Zedong,mao-zedong,860,6246072.48538137,0.04952308,309324.73429493,627.61553955,2018-03-07T00:00:00.000Z,2018-03-07T23:59:12.000Z,coinmarketcap_data_api_listings_historical
2018-03-07,1973,ETHD,Ethereum Dark,ethereum-dark,861,1500000.0,0.2000882,300132.30443001,4284.93652344,2018-03-07T00:00:00.000Z,2018-03-07T23:59:13.000Z,coinmarketcap_data_api_listings_historical
2018-03-07,1200,NEVA,NevaCoin,nevacoin,862,2660620.0,0.11248323,299275.12012914,742.10778809,2018-03-07T00:00:00.000Z,2018-03-07T23:59:06.000Z,coinmarketcap_data_api_listings_historical
2018-03-07,2039,SDRN,Senderon,senderon,863,43922901.0,0.00663609,291476.43123795,642.51068115,2018-03-07T00:00:00.000Z,2018-03-07T23:59:15.000Z,coinmarketcap_data_api_listings_historical
2018-03-07,1747,ONX,Onix,onix,864,27432814.0,0.01059794,290731.28036438,6608.49804688,2018-03-07T00:00:00.000Z,2018-03-07T23:59:10.000Z,coinmarketcap_data_api_listings_historical
2018-03-07,76,PHS,Philosopher Stones,philosopher-stones,865,6014340.46076,0.04714597,283551.91592953,8060.89355469,2018-03-07T00:00:00.000Z,2018-03-07T23:59:01.000Z,coinmarketcap_data_api_listings_historical
2018-03-07,680,STV,Sativacoin,sativacoin,866,7090062.89823417,0.03967068,281267.61441814,9445.06347656,2018-03-07T00:00:00.000Z,2018-03-07T23:59:04.000Z,coinmarketcap_data_api_listings_historical
2018-03-07,1607,IMX,Impact,impact,867,109570104.528277,0.00247615,271312.44113162,683.17779541,2018-03-07T00:00:00.000Z,2018-03-07T23:59:09.000Z,coinmarketcap_data_api_listings_historical
2018-03-07,892,LEA,LeaCoin,leacoin,868,340103895.262324,0.00079237,269487.86721489,577.49835205,2018-03-07T00:00:00.000Z,2018-03-07T23:59:03.000Z,coinmarketcap_data_api_listings_historical
2018-03-07,1223,BERN,BERNcash,berncash,869,71234300.811892,0.00377846,269156.07020082,575.29589844,2018-03-07T00:00:00.000Z,2018-03-07T23:59:06.000Z,coinmarketcap_data_api_listings_historical
2018-03-07,221,888,OctoCoin,octocoin,870,52921774.2591025,0.00505135,267326.61325041,1151.57617188,2018-03-07T00:00:00.000Z,2018-03-07T23:59:02.000Z,coinmarketcap_data_api_listings_historical
2018-03-07,1685,ECO,EcoCoin,ecocoin,871,1156011.75367716,0.23115626,267219.35323614,917.16363525,2018-03-07T00:00:00.000Z,2018-03-07T23:59:10.000Z,coinmarketcap_data_api_listings_historical
2018-03-07,50,EMD,Emerald Crypto,emerald,872,19117129.3733062,0.01386646,265086.94443773,503.33602905,2018-03-07T00:00:00.000Z,2018-03-07T23:59:00.000Z,coinmarketcap_data_api_listings_historical
2018-03-07,1069,INFX,Influxcoin,influxcoin,873,1673383.42986624,0.15765324,263814.32341255,4310.00390625,2018-03-07T00:00:00.000Z,2018-03-07T23:59:05.000Z,coinmarketcap_data_api_listings_historical
2018-03-07,1089,DUO,ParallelCoin,parallelcoin,874,314426.64114544,0.7871905,247513.66388865,884.55792236,2018-03-07T00:00:00.000Z,2018-03-07T23:59:06.000Z,coinmarketcap_data_api_listings_historical
2018-03-07,1581,HONEY,Honey,honey,875,455955.0,0.53410941,243529.85768884,1939.98803711,2018-03-07T00:00:00.000Z,2018-03-07T23:59:08.000Z,coinmarketcap_data_api_listings_historical
2018-03-07,2460,QBIC,Qbic,qbic,876,206729.95958363,1.17544425,242999.54133163,22025.5078125,2018-03-07T00:00:00.000Z,2018-03-07T23:59:19.000Z,coinmarketcap_data_api_listings_historical
2018-03-07,1439,ASAFE,AllSafe,allsafe,877,8200310.17690433,0.0283128,232173.76095839,3642.65429688,2018-03-07T00:00:00.000Z,2018-03-07T23:59:08.000Z,coinmarketcap_data_api_listings_historical
2018-03-07,1824,COAL,BitCoal,bitcoal,878,4500000.0,0.04969785,223640.30778408,2678.77661133,2018-03-07T00:00:00.000Z,2018-03-07T23:59:12.000Z,coinmarketcap_data_api_listings_historical
2018-03-07,1912,DALC,Dalecoin,dalecoin,879,463527.0,0.46594509,215978.13196841,1296.27075195,2018-03-07T00:00:00.000Z,2018-03-07T23:59:13.000Z,coinmarketcap_data_api_listings_historical
2018-03-07,1878,SHDW,Shadow Token,shadow-token,880,7000000.0,0.03076709,215369.59521472,708.83551025,2018-03-07T00:00:00.000Z,2018-03-07T23:59:12.000Z,coinmarketcap_data_api_listings_historical
2018-03-07,84,CAT,Catcoin,catcoin,881,6316349.97599,0.03318046,209579.39983289,4369.35351563,2018-03-07T00:00:00.000Z,2018-03-07T23:59:01.000Z,coinmarketcap_data_api_listings_historical
2018-03-07,1038,EUC,Eurocoin,eurocoin,882,12416554.4504077,0.01685416,209270.54331422,3135.71875,2018-03-07T00:00:00.000Z,2018-03-07T23:59:05.000Z,coinmarketcap_data_api_listings_historical
2018-03-07,2038,POS,PoSToken,postoken,883,978868.502716931,0.21377215,209254.82233149,820.82836914,2018-03-07T00:00:00.000Z,2018-03-07T23:59:14.000Z,coinmarketcap_data_api_listings_historical
2018-03-07,1307,REE,ReeCoin,reecoin,884,2560000000.0,7.938e-05,203219.81981397,1675.57617188,2018-03-07T00:00:00.000Z,2018-03-07T23:59:07.000Z,coinmarketcap_data_api_listings_historical
2018-03-07,88,RPC,RonPaulCoin,ronpaulcoin,885,912146.92169891,0.22176807,202285.05899484,10415.96582031,2018-03-07T00:00:00.000Z,2018-03-07T23:59:01.000Z,coinmarketcap_data_api_listings_historical
2018-03-07,1928,EOT,EOT,eot,886,22880180.4512536,0.00882495,201916.51432378,5749.93847656,2018-03-07T00:00:00.000Z,2018-03-07T23:59:12.000Z,coinmarketcap_data_api_listings_historical
2018-03-07,1442,BIP,BipCoin,bipcoin,887,1627261.18746696,0.11410117,185672.40781593,1141.81921387,2018-03-07T00:00:00.000Z,2018-03-07T23:59:07.000Z,coinmarketcap_data_api_listings_historical
2018-03-07,1825,LBTC,LiteBitcoin,litebitcoin,888,28940332.9695,0.00628745,181960.85525605,2266.14355469,2018-03-07T00:00:00.000Z,2018-03-07T23:59:11.000Z,coinmarketcap_data_api_listings_historical
2018-03-07,1651,SCS,SpeedCash,speedcash,889,380272.0,0.47535461,180764.04896641,521.27844238,2018-03-07T00:00:00.000Z,2018-03-07T23:59:09.000Z,coinmarketcap_data_api_listings_historical
2018-03-07,134,CACH,CacheCoin,cachecoin,890,4195132.12728,0.04188997,175733.97147939,551.09515381,2018-03-07T00:00:00.000Z,2018-03-07T23:59:01.000Z,coinmarketcap_data_api_listings_historical
2018-03-07,350,BOST,BoostCoin,boostcoin,891,11855487.1681898,0.01475788,174961.82396096,506.09503174,2018-03-07T00:00:00.000Z,2018-03-07T23:59:02.000Z,coinmarketcap_data_api_listings_historical
2018-03-07,1110,$$$,Money,money,892,45887217.5418592,0.00376375,172708.19493748,1112.25476074,2018-03-07T00:00:00.000Z,2018-03-07T23:59:05.000Z,coinmarketcap_data_api_listings_historical
2018-03-07,1353,TAJ,TajCoin,tajcoin,893,8610520.91398672,0.01834472,157957.61836802,1851.30493164,2018-03-07T00:00:00.000Z,2018-03-07T23:59:07.000Z,coinmarketcap_data_api_listings_historical
2018-03-07,954,BITEUR,bitEUR,biteur,894,107706.0,1.37950373,148580.82841587,1040.41333008,2018-03-07T00:00:00.000Z,2018-03-07T23:59:04.000Z,coinmarketcap_data_api_listings_historical
2018-03-07,1514,ICOB,ICOBID,icobid,895,107048455.121438,0.00138099,147832.35039373,1081.19543457,2018-03-07T00:00:00.000Z,2018-03-07T23:59:08.000Z,coinmarketcap_data_api_listings_historical
2018-03-07,2169,ZCG,Zlancer,zcash-gold,896,2007615.0,0.07273193,146017.72265676,553.47827148,2018-03-07T00:00:00.000Z,2018-03-07T23:59:15.000Z,coinmarketcap_data_api_listings_historical
2018-03-07,1748,BTPL,Bitcoin Planet,bitcoin-planet,897,6323098.36035608,0.02268157,143417.79605752,638.14862061,2018-03-07T00:00:00.000Z,2018-03-07T23:59:11.000Z,coinmarketcap_data_api_listings_historical
2018-03-07,1693,MAY,Theresa May Coin,theresa-may-coin,898,34427999.9999999,0.00410949,141481.54453933,10875.59472656,2018-03-07T00:00:00.000Z,2018-03-07T23:59:10.000Z,coinmarketcap_data_api_listings_historical
2018-03-07,2182,EAGLE,EagleCoin,eaglecoin,899,2093420.57292626,0.06670065,139632.51763039,3635.51513672,2018-03-07T00:00:00.000Z,2018-03-07T23:59:16.000Z,coinmarketcap_data_api_listings_historical
2018-03-07,1535,ERY,Eryllium,eryllium,900,5616315.05796258,0.02389403,134196.38293621,1229.95739746,2018-03-07T00:00:00.000Z,2018-03-07T23:59:09.000Z,coinmarketcap_data_api_listings_historical
2018-03-07,1674,CNNC,Cannation,cannation,901,2476892.71923001,0.05402776,133820.96176088,29478.85742188,2018-03-07T00:00:00.000Z,2018-03-07T23:59:09.000Z,coinmarketcap_data_api_listings_historical
2018-03-07,2326,MDC,Madcoin,madcoin,902,1819611.59961393,0.07336932,133503.67338345,1039.55981445,2018-03-07T00:00:00.000Z,2018-03-07T23:59:18.000Z,coinmarketcap_data_api_listings_historical
2018-03-07,1800,FNC,FinCoin,fincoin,903,12878667.0,0.0095778,123349.27949809,1051.02929688,2018-03-07T00:00:00.000Z,2018-03-07T23:59:11.000Z,coinmarketcap_data_api_listings_historical
2018-03-07,1790,WOMEN,WomenCoin,women,904,44220400.2887482,0.0026237,116021.03649523,42741.41015625,2018-03-07T00:00:00.000Z,2018-03-07T23:59:11.000Z,coinmarketcap_data_api_listings_historical
2018-03-07,1717,NRO,Neuro,neuro,905,48491734.0298712,0.00237711,115270.07626169,1190.27624512,2018-03-07T00:00:00.000Z,2018-03-07T23:59:10.000Z,coinmarketcap_data_api_listings_historical
2018-03-07,1361,ATX,Artex Coin,artex-coin,906,18781749.8844428,0.00578754,108700.11550108,1354.3770752,2018-03-07T00:00:00.000Z,2018-03-07T23:59:07.000Z,coinmarketcap_data_api_listings_historical
2018-03-07,1548,MAR,Marijuanacoin,marijuanacoin,907,1631600.72883333,0.06636092,108274.52652739,535.9284668,2018-03-07T00:00:00.000Z,2018-03-07T23:59:09.000Z,coinmarketcap_data_api_listings_historical
2018-03-07,1803,PCN,PeepCoin,peepcoin,908,10729504006.028,9.85e-06,105671.82059493,3894.36962891,2018-03-07T00:00:00.000Z,2018-03-07T23:59:11.000Z,coinmarketcap_data_api_listings_historical
2018-03-07,1630,CXT,Coinonat,coinonat,909,8623200.0,0.0114658,98871.90257683,7546.50585938,2018-03-07T00:00:00.000Z,2018-03-07T23:59:09.000Z,coinmarketcap_data_api_listings_historical
2018-03-07,1394,SH,Shilling,shilling,910,6018450.0,0.01584738,95376.69382989,1173.87426758,2018-03-07T00:00:00.000Z,2018-03-07T23:59:07.000Z,coinmarketcap_data_api_listings_historical
2018-03-07,1943,KRONE,Kronecoin,kronecoin,911,5694236.88734374,0.01465883,83470.85654681,885.28283691,2018-03-07T00:00:00.000Z,2018-03-07T23:59:12.000Z,coinmarketcap_data_api_listings_historical
2018-03-07,1550,MSCN,Master Swiscoin,master-swiscoin,912,45143320.3102462,0.00174997,78999.54118088,4691.56640625,2018-03-07T00:00:00.000Z,2018-03-07T23:59:08.000Z,coinmarketcap_data_api_listings_historical
2018-03-07,1341,VPRC,VapersCoin,vaperscoin,913,780124964.0,9.905e-05,77268.37873589,1763.20336914,2018-03-07T00:00:00.000Z,2018-03-07T23:59:07.000Z,coinmarketcap_data_api_listings_historical
2018-03-07,1781,SLEVIN,Slevin,slevin,914,70000000.02447,0.00108951,76265.54000063,2415.84472656,2018-03-07T00:00:00.000Z,2018-03-07T23:59:11.000Z,coinmarketcap_data_api_listings_historical
2018-03-07,338,QCN,QuazarCoin,quazarcoin-old,915,6870600.34317828,0.00990462,68050.65521011,7294.63964844,2018-03-07T00:00:00.000Z,2018-03-07T23:59:02.000Z,coinmarketcap_data_api_listings_historical
2018-03-07,1935,LTCU,LiteCoin Ultra,litecoin-ultra,916,999302.3663,0.06704757,67000.79153379,1962.73828125,2018-03-07T00:00:00.000Z,2018-03-07T23:59:13.000Z,coinmarketcap_data_api_listings_historical
2018-03-07,1090,SANDG,Save and Gain,save-and-gain,917,3064800.039,0.02030446,62229.11574903,1166.15136719,2018-03-07T00:00:00.000Z,2018-03-07T23:59:05.000Z,coinmarketcap_data_api_listings_historical
2018-03-07,1528,ICON,Iconic,iconic,918,592893.53,0.10311671,61137.22783042,896.07171631,2018-03-07T00:00:00.000Z,2018-03-07T23:59:08.000Z,coinmarketcap_data_api_listings_historical
2018-03-07,2140,SONO,SONO,altcommunity-coin,919,208673.94182176,0.27445689,57272.00077034,2520.61962891,2018-03-07T00:00:00.000Z,2018-03-07T23:59:15.000Z,coinmarketcap_data_api_listings_historical
2018-03-07,2150,CRDNC,Credence Coin,credence-coin,920,3427006.1759109,0.01631463,55910.32316883,1377.39599609,2018-03-07T00:00:00.000Z,2018-03-07T23:59:15.000Z,coinmarketcap_data_api_listings_historical
2018-03-07,1534,BOAT,BOAT,doubloon,921,18547845.1,0.0025752,47764.41164874,642.45318604,2018-03-07T00:00:00.000Z,2018-03-07T23:59:09.000Z,coinmarketcap_data_api_listings_historical
2018-03-07,994,ACP,AnarchistsPrime,anarchistsprime,922,4394873.8010189,0.01066177,46857.12805083,597.10180664,2018-03-07T00:00:00.000Z,2018-03-07T23:59:04.000Z,coinmarketcap_data_api_listings_historical
2018-03-07,1472,XRC,Rawcoin,rawcoin2,923,704882.0,0.063147,44511.18433665,2588.28540039,2018-03-07T00:00:00.000Z,2018-03-07T23:59:08.000Z,coinmarketcap_data_api_listings_historical
2018-03-07,1570,GEERT,GeertCoin,geertcoin,924,5091199.615,0.00752751,38324.045025,633.93859863,2018-03-07T00:00:00.000Z,2018-03-07T23:59:09.000Z,coinmarketcap_data_api_listings_historical
2018-03-07,1465,VRS,Veros,veros,925,486609040.0,6.695e-05,32580.2315695,2439.49438477,2018-03-07T00:00:00.000Z,2018-03-07T23:59:08.000Z,coinmarketcap_data_api_listings_historical
2018-03-07,1128,GBC,GBCGoldCoin,gbcgoldcoin,926,11361816.7107787,0.00275415,31292.16554003,959.8727417,2018-03-07T00:00:00.000Z,2018-03-07T23:59:05.000Z,coinmarketcap_data_api_listings_historical
2018-03-07,1657,VOLT,Bitvolt,bitvolt,927,16547908.3525829,0.00188188,31141.12747148,617.74731445,2018-03-07T00:00:00.000Z,2018-03-07T23:59:09.000Z,coinmarketcap_data_api_listings_historical
2018-03-07,1579,BIOB,BioBar,biobar,928,885756.274,0.02842625,25178.72637636,541.59259033,2018-03-07T00:00:00.000Z,2018-03-07T23:59:10.000Z,coinmarketcap_data_api_listings_historical
2018-03-07,1558,ARGUS,Argus,argus,929,1148324.048,0.01718113,19729.50917348,3600.84887695,2018-03-07T00:00:00.000Z,2018-03-07T23:59:09.000Z,coinmarketcap_data_api_listings_historical
2018-03-07,1738,COUPE,Coupecoin,coupecoin,930,218281462.450906,7.125e-05,15552.71074141,1489.68945313,2018-03-07T00:00:00.000Z,2018-03-07T23:59:10.000Z,coinmarketcap_data_api_listings_historical
2018-03-07,1691,NANOX,Project-X,project-x,931,0.078264,146469.4375,11463.2840565,946.86053467,2018-03-07T00:00:00.000Z,2018-03-07T23:59:10.000Z,coinmarketcap_data_api_listings_historical
2018-03-07,1555,PRC,PRCoin,prcoin,932,18761400.0,0.00059428,11149.46728572,9523.16601563,2018-03-07T00:00:00.000Z,2018-03-07T23:59:08.000Z,coinmarketcap_data_api_listings_historical
2018-03-07,1837,CTIC2,Coimatic 2.0,coimatic-2,933,13532750.0,0.00079237,10722.93492034,702.91876221,2018-03-07T00:00:00.000Z,2018-03-07T23:59:13.000Z,coinmarketcap_data_api_listings_historical
2018-03-07,1632,CONX,Concoin,concoin,934,744265.71135655,0.01337123,9951.74877753,2440.2409668,2018-03-07T00:00:00.000Z,2018-03-07T23:59:09.000Z,coinmarketcap_data_api_listings_historical
2018-03-07,1486,VLTC,Vault Coin,vault-coin,935,30385540.181959,0.00029714,9028.71284173,3201.89086914,2018-03-07T00:00:00.000Z,2018-03-07T23:59:08.000Z,coinmarketcap_data_api_listings_historical
2018-03-07,2088,EXRN,EXRNchain,exrnchain,936,150000000.0,4.317e-05,6476.06029816,2801.63720703,2018-03-07T00:00:00.000Z,2018-03-07T23:59:14.000Z,coinmarketcap_data_api_listings_historical
2018-03-07,1832,HMC,HarmonyCoin,harmonycoin-hmc,937,561235.032413483,0.00678278,3806.7360692,3022.25805664,2018-03-07T00:00:00.000Z,2018-03-07T23:59:11.000Z,coinmarketcap_data_api_listings_historical
2018-03-07,1608,TSTR,Tristar Coin,tristar-coin,938,5027856.6437,0.00069332,3485.92910767,1176.76953125,2018-03-07T00:00:00.000Z,2018-03-07T23:59:09.000Z,coinmarketcap_data_api_listings_historical
2018-03-07,1355,PIZZA,PizzaCoin,pizzacoin,939,1377917.18436082,0.00158474,2183.63840218,626.11657715,2018-03-07T00:00:00.000Z,2018-03-07T23:59:07.000Z,coinmarketcap_data_api_listings_historical
2018-03-07,1512,ABN,Abncoin,abncoin,940,67700.0089999996,0.02872339,1944.57343554,782.5536499,2018-03-07T00:00:00.000Z,2018-03-07T23:59:08.000Z,coinmarketcap_data_api_listings_historical
2018-03-07,1634,EBT,Ebittree Coin,ebittree-coin,941,1264510.7069,0.00079237,1001.959396,598.65576172,2018-03-07T00:00:00.000Z,2018-03-07T23:59:10.000Z,coinmarketcap_data_api_listings_historical
2018-03-07,1719,PPY,Peerplays,peerplays-ppy,942,3958689.53868,4.91853285,19470944.53244935,9.85638428,2018-03-07T00:00:00.000Z,2018-03-07T23:59:10.000Z,coinmarketcap_data_api_listings_historical
2018-03-07,2079,HDG,Hedge,hedge,943,3709674.34,5.22953796,19399882.79461396,45.4438591,2018-03-07T00:00:00.000Z,2018-03-07T23:59:14.000Z,coinmarketcap_data_api_listings_historical
2018-03-07,1963,CREDO,Credo,credo,944,549891702.891,0.02030533,11165732.45504031,491.92904663,2018-03-07T00:00:00.000Z,2018-03-07T23:59:14.000Z,coinmarketcap_data_api_listings_historical
2018-03-07,1782,ECOB,Ecobit,ecobit,945,444444444.4,0.02273386,10103937.65136556,40.24066162,2018-03-07T00:00:00.000Z,2018-03-07T23:59:11.000Z,coinmarketcap_data_api_listings_historical
2018-03-07,2023,PGL,Prospectors Gold,prospectors-gold,946,64500000.0,0.10895077,7027324.75474478,68.88154602,2018-03-07T00:00:00.000Z,2018-03-07T23:59:13.000Z,coinmarketcap_data_api_listings_historical
2018-03-07,2106,XNN,Xenon,xenon,947,300000000.0,0.02190368,6571102.51486302,395.21664429,2018-03-07T00:00:00.000Z,2018-03-07T23:59:16.000Z,coinmarketcap_data_api_listings_historical
2018-03-07,2237,EVC,EventChain,eventchain,948,31250497.0,0.18996412,5936473.02527981,411.85470581,2018-03-07T00:00:00.000Z,2018-03-07T23:59:16.000Z,coinmarketcap_data_api_listings_historical
2018-03-07,1463,BASH,LuckChain,luckchain,949,715868298.825578,0.00793117,5677671.8806873,198.78414917,2018-03-07T00:00:00.000Z,2018-03-07T23:59:08.000Z,coinmarketcap_data_api_listings_historical
2018-03-07,1714,ETT,EncryptoTel [WAVES],encryptotel,950,62131189.6,0.07715066,4793462.14586009,40.95628738,2018-03-07T00:00:00.000Z,2018-03-07T23:59:10.000Z,coinmarketcap_data_api_listings_historical
2018-03-07,13,IXC,Ixcoin,ixcoin,951,20999087.999,0.20312174,4265371.22233274,273.38607788,2018-03-07T00:00:00.000Z,2018-03-07T23:59:01.000Z,coinmarketcap_data_api_listings_historical
2018-03-07,2195,BBT,BitBoost,bitboost,952,12949968.5883,0.29532629,3824466.21136577,105.41510773,2018-03-07T00:00:00.000Z,2018-03-07T21:24:15.000Z,coinmarketcap_data_api_listings_historical
2018-03-07,1266,MXT,MarteXcoin,martexcoin,953,2906638.53951428,1.19720876,3479853.12796425,252.93766785,2018-03-07T00:00:00.000Z,2018-03-07T23:59:06.000Z,coinmarketcap_data_api_listings_historical
2018-03-07,1503,JUP,Jupiter,jupiter,954,13600388.07,0.22285384,3030898.6986945,97.53352356,2018-03-07T00:00:00.000Z,2018-03-07T23:59:08.000Z,coinmarketcap_data_api_listings_historical
2018-03-07,1752,GOOD,Goodomy,goodomy,955,457350000.0,0.0063763,2916202.72498112,93.38563538,2018-03-07T00:00:00.000Z,2018-03-07T23:59:10.000Z,coinmarketcap_data_api_listings_historical
2018-03-07,1961,REX,imbrex,imbrex,956,8660756.0,0.31946707,2766826.32354546,287.80151367,2018-03-07T00:00:00.000Z,2018-03-07T23:59:12.000Z,coinmarketcap_data_api_listings_historical
2018-03-07,1667,UNY,Unity Ingot,unity-ingot,957,202000000.0,0.01347028,2720995.9924221,447.25787354,2018-03-07T00:00:00.000Z,2018-03-07T23:59:10.000Z,coinmarketcap_data_api_listings_historical
2018-03-07,797,NKA,IncaKoin,incakoin,958,13516502701.414,0.00019707,2663671.16901048,423.22943115,2018-03-07T00:00:00.000Z,2018-03-07T23:59:03.000Z,coinmarketcap_data_api_listings_historical
2018-03-07,49,CBX,Bullion,bullion,959,1010294.34978762,2.56272006,2589101.59705749,110.46511841,2018-03-07T00:00:00.000Z,2018-03-07T23:59:00.000Z,coinmarketcap_data_api_listings_historical
2018-03-07,1870,RUSTBITS,Rustbits,rustbits,960,35300866.3407406,0.06726862,2374640.73658285,33.6343956,2018-03-07T00:00:00.000Z,2018-03-07T23:54:12.000Z,coinmarketcap_data_api_listings_historical
2018-03-07,1702,V,Version,version,961,484068094.656624,0.00442241,2140745.96859809,331.76803589,2018-03-07T00:00:00.000Z,2018-03-07T23:59:10.000Z,coinmarketcap_data_api_listings_historical
2018-03-07,520,VTA,Virtacoin,virtacoin,962,5201310113.21,0.00040297,2095960.92051655,3.95101094,2018-03-07T00:00:00.000Z,2018-03-07T23:59:03.000Z,coinmarketcap_data_api_listings_historical
2018-03-07,43,ANC,Anoncoin,anoncoin,963,2110316.862,0.99115485,2091650.79181468,74.21924591,2018-03-07T00:00:00.000Z,2018-03-07T23:59:00.000Z,coinmarketcap_data_api_listings_historical
2018-03-07,107,LEAF,LeafCoin,leafcoin,964,21080296750.0,9.905e-05,2087922.35642904,4.95726013,2018-03-07T00:00:00.000Z,2018-03-07T23:59:01.000Z,coinmarketcap_data_api_listings_historical
2018-03-07,1499,YASH,YashCoin,yashcoin,965,10000305.488118,0.19809231,1980983.63105459,80.78283691,2018-03-07T00:00:00.000Z,2018-03-07T23:59:08.000Z,coinmarketcap_data_api_listings_historical
2018-03-07,80,ORB,Orbitcoin,orbitcoin,966,3158856.279225,0.57902384,1829053.08662376,116.01255798,2018-03-07T00:00:00.000Z,2018-03-07T23:59:01.000Z,coinmarketcap_data_api_listings_historical
2018-03-07,1942,STRC,StarCredits,starcredits,967,4500000.0,0.39469892,1776145.13039589,270.61633301,2018-03-07T00:00:00.000Z,2018-03-07T23:59:14.000Z,coinmarketcap_data_api_listings_historical
2018-03-07,1852,KEK,KekCoin,kekcoin,968,10564487.0,0.16144523,1705586.03614154,484.68566895,2018-03-07T00:00:00.000Z,2018-03-07T23:59:12.000Z,coinmarketcap_data_api_listings_historical
2018-03-07,2103,ITT,Intelligent Trading Foundation,intelligent-trading-foundation,969,9799899.14423827,0.17231946,1688713.29855221,267.09515381,2018-03-07T00:00:00.000Z,2018-03-07T23:59:14.000Z,coinmarketcap_data_api_listings_historical
2018-03-07,304,CDN,Canada eCoin,canada-ecoin,970,97415544.2207731,0.01670987,1627801.05336188,383.73327637,2018-03-07T00:00:00.000Z,2018-03-07T23:59:02.000Z,coinmarketcap_data_api_listings_historical
2018-03-07,1359,BXT,BitTokens,bittokens,971,579805.49999998,2.72006726,1577109.95925409,153.08049011,2018-03-07T00:00:00.000Z,2018-03-07T23:59:07.000Z,coinmarketcap_data_api_listings_historical
2018-03-07,1890,RIYA,Etheriya,etheriya,972,1581531.0,0.98830056,1563027.97597003,374.66873169,2018-03-07T00:00:00.000Z,2018-03-07T23:59:12.000Z,coinmarketcap_data_api_listings_historical
2018-03-07,218,FLT,FlutterCoin,fluttercoin,973,436450711.18893,0.00346662,1513006.78003858,24.82386398,2018-03-07T00:00:00.000Z,2018-03-07T23:59:02.000Z,coinmarketcap_data_api_listings_historical
2018-03-07,493,SDC,ShadowCash,shadowcash,974,6695133.25917,0.22008055,1473468.64003125,3.7711823,2018-03-07T00:00:00.000Z,2018-03-07T23:59:03.000Z,coinmarketcap_data_api_listings_historical
2018-03-07,859,LOG,Woodcoin,woodcoin,975,8035193.05359805,0.18274015,1468352.39901708,368.10928345,2018-03-07T00:00:00.000Z,2018-03-07T23:59:04.000Z,coinmarketcap_data_api_listings_historical
2018-03-07,1482,SHORTY,Shorty,shorty,976,100000000.13047,0.01356932,1356932.33637227,16.49920654,2018-03-07T00:00:00.000Z,2018-03-07T23:59:08.000Z,coinmarketcap_data_api_listings_historical
2018-03-07,63,I0C,I0Coin,i0coin,977,20989276.546875,0.06239908,1309711.50778132,72.91556549,2018-03-07T00:00:00.000Z,2018-03-07T23:59:01.000Z,coinmarketcap_data_api_listings_historical
2018-03-07,1494,BPC,Bitpark Coin,bitpark-coin,978,75000000.0,0.01671581,1253686.00711226,60.6771698,2018-03-07T00:00:00.000Z,2018-03-07T23:59:08.000Z,coinmarketcap_data_api_listings_historical
2018-03-07,370,FCN,Fantomcoin,fantomcoin,979,7008007.19951243,0.17828308,1249409.11140541,192.84335327,2018-03-07T00:00:00.000Z,2018-03-07T23:59:02.000Z,coinmarketcap_data_api_listings_historical
2018-03-07,1605,UNI,Universe,universe,980,17319992.2601672,0.07211325,1249000.98686747,259.66903687,2018-03-07T00:00:00.000Z,2018-03-07T23:59:09.000Z,coinmarketcap_data_api_listings_historical
2018-03-07,444,FIMK,FIMKrypto,fimkrypto,981,577004618.0,0.0018927,1092095.82083498,275.22625732,2018-03-07T00:00:00.000Z,2018-03-07T16:59:04.000Z,coinmarketcap_data_api_listings_historical
2018-03-07,1617,USC,Ultimate Secure Cash,ultimate-secure-cash,982,10343113.0054,0.10538511,1090010.09956398,28.08958817,2018-03-07T00:00:00.000Z,2018-03-07T23:59:09.000Z,coinmarketcap_data_api_listings_historical
2018-03-07,1220,HTC,HitCoin,hitcoin,983,10996318099.0,9.905e-05,1089143.03577379,14.41062069,2018-03-07T00:00:00.000Z,2018-03-07T23:59:06.000Z,coinmarketcap_data_api_listings_historical
2018-03-07,128,MAX,Maxcoin,maxcoin,984,61445805.0,0.01765564,1084865.17868899,210.74357605,2018-03-07T00:00:00.000Z,2018-03-07T23:59:01.000Z,coinmarketcap_data_api_listings_historical
2018-03-07,1887,MBI,Monster Byte,monster-byte,985,16822736.0,0.06206189,1044050.74460691,37.4276619,2018-03-07T00:00:00.000Z,2018-03-07T23:59:12.000Z,coinmarketcap_data_api_listings_historical
2018-03-07,2168,GRIM,Grimcoin,grimcoin,986,81299760.5044141,0.01206921,981223.99153629,49.61873627,2018-03-07T00:00:00.000Z,2018-03-07T23:59:16.000Z,coinmarketcap_data_api_listings_historical
2018-03-07,1195,HODL,HOdlcoin,hodlcoin,987,164342925.0,0.00594277,976652.09735278,254.25909424,2018-03-07T00:00:00.000Z,2018-03-07T23:59:06.000Z,coinmarketcap_data_api_listings_historical
2018-03-07,78,HBN,HoboNickels,hobonickels,988,64151405.0,0.01475788,946738.55820741,255.68902588,2018-03-07T00:00:00.000Z,2018-03-07T23:59:01.000Z,coinmarketcap_data_api_listings_historical
2018-03-07,815,KOBO,Kobocoin,kobocoin,989,24700247.6844529,0.0381874,943238.22623741,275.08578491,2018-03-07T00:00:00.000Z,2018-03-07T23:59:04.000Z,coinmarketcap_data_api_listings_historical
2018-03-07,854,CV2,Colossuscoin V2,colossuscoin-v2,990,2358819008.9897,0.00039618,934527.8203713,112.43847656,2018-03-07T00:00:00.000Z,2018-03-07T23:59:04.000Z,coinmarketcap_data_api_listings_historical
2018-03-07,1820,LNK,Link Platform,link-platform,991,16415.26,56.85189819,933238.69033752,238.78204346,2018-03-07T00:00:00.000Z,2018-03-07T23:59:11.000Z,coinmarketcap_data_api_listings_historical
2018-03-07,142,ARI,Aricoin,aricoin,992,232432480.0,0.00396185,920861.7451787,471.98706055,2018-03-07T00:00:00.000Z,2018-03-07T23:59:01.000Z,coinmarketcap_data_api_listings_historical
2018-03-07,1713,CFT,CryptoForecast,cryptoforecast,993,46000000.0,0.01990828,915780.75662255,153.4046936,2018-03-07T00:00:00.000Z,2018-03-07T23:59:10.000Z,coinmarketcap_data_api_listings_historical
2018-03-07,959,UNIC,UniCoin,unicoin,994,2991778.8718,0.29733655,889565.20381614,317.29150391,2018-03-07T00:00:00.000Z,2018-03-07T23:59:04.000Z,coinmarketcap_data_api_listings_historical
2018-03-07,113,SMC,SmartCoin,smartcoin,995,24059739.5883479,0.03431851,825694.51394742,224.19651794,2018-03-07T00:00:00.000Z,2018-03-07T23:59:01.000Z,coinmarketcap_data_api_listings_historical
2018-03-07,1257,LANA,LanaCoin,lanacoin,996,878579717.829436,0.00085553,751653.48031762,233.90982056,2018-03-07T00:00:00.000Z,2018-03-07T23:59:06.000Z,coinmarketcap_data_api_listings_historical
2018-03-07,719,VIP,Limitless VIP,limitless-vip,997,1259816434.0,0.00059056,744000.01318318,301.72103882,2018-03-07T00:00:00.000Z,2018-03-07T23:59:04.000Z,coinmarketcap_data_api_listings_historical
2018-03-07,477,TRI,Triangles,triangles,998,106488.032445,6.93323088,738306.11457041,208.21786499,2018-03-07T00:00:00.000Z,2018-03-07T23:59:03.000Z,coinmarketcap_data_api_listings_historical
2018-03-07,415,BLZ,BlazeCoin,blazecoin,999,608557393.5,0.00118855,723303.24499374,313.25247192,2018-03-07T00:00:00.000Z,2018-03-07T23:59:03.000Z,coinmarketcap_data_api_listings_historical
2018-03-07,545,HAL,Halcyon,halcyon,1000,5606030.84504674,0.12885904,722387.77040143,231.8789978,2018-03-07T00:00:00.000Z,2018-03-07T23:59:03.000Z,coinmarketcap_data_api_listings_historical
2018-03-07,381,FC2,FuelCoin,fuelcoin,1001,101685822.181062,0.00693323,705011.28512147,52.22749329,2018-03-07T00:00:00.000Z,2018-03-07T23:59:02.000Z,coinmarketcap_data_api_listings_historical
2018-03-07,671,GAIA,GAIA,gaia,1002,24101381.448726,0.02892148,697047.56120688,80.62506866,2018-03-07T00:00:00.000Z,2018-03-07T23:59:03.000Z,coinmarketcap_data_api_listings_historical
2018-03-07,120,NYAN,Nyancoin,nyancoin,1003,318929300.957027,0.00217972,695177.82974509,296.5668335,2018-03-07T00:00:00.000Z,2018-03-07T23:59:01.000Z,coinmarketcap_data_api_listings_historical
2018-03-07,57,SRC,SecureCoin,securecoin,1004,8500660.95,0.08105353,689008.53660762,157.71896362,2018-03-07T00:00:00.000Z,2018-03-07T23:59:01.000Z,coinmarketcap_data_api_listings_historical
2018-03-07,1062,FLY,Flycoin,flycoin,1005,210805.55394135,3.10717678,655010.12244931,38.10028076,2018-03-07T00:00:00.000Z,2018-03-07T23:59:04.000Z,coinmarketcap_data_api_listings_historical
2018-03-07,513,TIT,Titcoin,titcoin,1006,49898202.15,0.01266676,632048.36580434,381.12155151,2018-03-07T00:00:00.000Z,2018-03-07T23:59:02.000Z,coinmarketcap_data_api_listings_historical
2018-03-07,295,TALK,BTCtalkcoin,btctalkcoin,1007,65290634.7332338,0.00960748,627278.27893226,443.60195923,2018-03-07T00:00:00.000Z,2018-03-07T23:59:02.000Z,coinmarketcap_data_api_listings_historical
2018-03-07,764,XPY,PayCoin,paycoin2,1008,11870024.1614748,0.05259351,624286.19731509,29.55883408,2018-03-07T00:00:00.000Z,2018-03-07T23:59:04.000Z,coinmarketcap_data_api_listings_historical
2018-03-07,1457,BTCR,Bitcurrency,bitcurrency,1009,169598616.14145,0.00366471,621529.36550397,98.40948486,2018-03-07T00:00:00.000Z,2018-03-07T23:59:08.000Z,coinmarketcap_data_api_listings_historical
2018-03-07,138,ICN,iCoin,icoin,1010,29470975.0,0.02070065,610068.23738222,211.08378601,2018-03-07T00:00:00.000Z,2018-03-07T23:59:02.000Z,coinmarketcap_data_api_listings_historical
2018-03-07,1215,VAL,Valorbit,valorbit,1011,6111514013.125,9.905e-05,605321.96918115,1.98092306,2018-03-07T00:00:00.000Z,2018-03-07T23:59:06.000Z,coinmarketcap_data_api_listings_historical
2018-03-07,412,XGR,GoldReserve,goldreserve,1012,17171382.059993,0.03457383,593680.51958014,7.6753912,2018-03-07T00:00:00.000Z,2018-03-07T20:14:02.000Z,coinmarketcap_data_api_listings_historical
2018-03-07,1836,SIGT,Signatum,signatum,1013,107972765.6561,0.0051504,556102.94326336,38.5114212,2018-03-07T00:00:00.000Z,2018-03-07T23:59:11.000Z,coinmarketcap_data_api_listings_historical
2018-03-07,35,PXC,Phoenixcoin,phoenixcoin,1014,64660065.2495205,0.00822083,531559.46448518,321.59240723,2018-03-07T00:00:00.000Z,2018-03-07T23:59:00.000Z,coinmarketcap_data_api_listings_historical
2018-03-07,627,SLG,Sterlingcoin,sterlingcoin,1015,4225991.84939389,0.12516659,528953.01021094,136.16563416,2018-03-07T00:00:00.000Z,2018-03-07T23:59:02.000Z,coinmarketcap_data_api_listings_historical
2018-03-07,360,MOTO,Motocoin,motocoin,1016,19134169.714064,0.02754887,527124.75538392,157.70727539,2018-03-07T00:00:00.000Z,2018-03-07T23:59:02.000Z,coinmarketcap_data_api_listings_historical
2018-03-07,1357,PX,PX,px,1017,98341177.4921055,0.00534849,525977.04177668,5.94267035,2018-03-07T00:00:00.000Z,2018-03-07T23:59:07.000Z,coinmarketcap_data_api_listings_historical
2018-03-07,468,TRK,Truckcoin,truckcoin,1018,174114097.416871,0.00297138,517359.96064593,149.00698853,2018-03-07T00:00:00.000Z,2018-03-07T23:59:02.000Z,coinmarketcap_data_api_listings_historical
2018-03-07,79,TGC,Tigercoin,tigercoin,1019,43536799.955768,0.01168745,508834.01528459,112.57718658,2018-03-07T00:00:00.000Z,2018-03-07T23:59:03.000Z,coinmarketcap_data_api_listings_historical
2018-03-07,68,XJO,Joulecoin,joulecoin,1020,35186563.362088,0.01423485,500875.35960839,316.35949707,2018-03-07T00:00:00.000Z,2018-03-07T23:59:30.000Z,coinmarketcap_data_api_listings_historical
2018-03-07,1285,GB,GoldBlocks,goldblocks,1021,15428223.992065,0.03208041,494943.72324617,413.26275635,2018-03-07T00:00:00.000Z,2018-03-07T23:59:07.000Z,coinmarketcap_data_api_listings_historical
2018-03-07,1315,CRX,Chronos,chronos,1022,73729961.9114544,0.00663318,489063.98569341,275.31082153,2018-03-07T00:00:00.000Z,2018-03-07T23:59:06.000Z,coinmarketcap_data_api_listings_historical
2018-03-07,1374,BLOCKPAY,BlockPay,blockpay,1023,5428300.0,0.08890003,482576.03099942,43.41320801,2018-03-07T00:00:00.000Z,2018-03-07T23:59:07.000Z,coinmarketcap_data_api_listings_historical
2018-03-07,1198,BIGUP,BigUp,bigup,1024,2137572488.8765,0.00022405,478924.33663933,445.21975708,2018-03-07T00:00:00.000Z,2018-03-07T23:59:06.000Z,coinmarketcap_data_api_listings_historical
2018-03-07,1884,DDF,DigitalDevelopersFund,digital-developers-fund,1025,5118307.0,0.0917083,469391.20849857,34.9826889,2018-03-07T00:00:00.000Z,2018-03-07T23:59:13.000Z,coinmarketcap_data_api_listings_historical
2018-03-07,1524,TSE,Tattoocoin (Standard Edition),tattoocoin,1026,90421856.2402962,0.00505135,456752.80035374,46.06101608,2018-03-07T00:00:00.000Z,2018-03-07T23:59:08.000Z,coinmarketcap_data_api_listings_historical
2018-03-07,206,CNO,Coin(O),coin,1027,105255321.935863,0.00425898,448280.80570213,16.34575462,2018-03-07T00:00:00.000Z,2018-03-07T23:59:02.000Z,coinmarketcap_data_api_listings_historical
2018-03-07,2214,ZZC,ZoZoCoin,zozocoin,1028,590750.97109594,0.72511691,428363.51788415,73.9392395,2018-03-07T00:00:00.000Z,2018-03-07T23:59:16.000Z,coinmarketcap_data_api_listings_historical
2018-03-07,1093,PR,Prototanium,prototanium,1029,196478.6630625,2.05867434,404485.58111614,480.10733032,2018-03-07T00:00:00.000Z,2018-03-07T23:59:05.000Z,coinmarketcap_data_api_listings_historical
2018-03-07,1048,MAD,SatoshiMadness,satoshimadness,1030,2000683485.05154,0.00019809,396320.01637524,228.60585022,2018-03-07T00:00:00.000Z,2018-03-07T23:59:05.000Z,coinmarketcap_data_api_listings_historical
2018-03-07,1297,CHESS,ChessCoin,chesscoin,1031,54032768.6522569,0.00730754,394846.47589885,431.62670898,2018-03-07T00:00:00.000Z,2018-03-07T23:59:06.000Z,coinmarketcap_data_api_listings_historical
2018-03-07,279,CCN,CannaCoin,cannacoin,1032,4701343.32141939,0.08220831,386489.4684851,294.6428833,2018-03-07T00:00:00.000Z,2018-03-07T23:59:02.000Z,coinmarketcap_data_api_listings_historical
2018-03-07,1283,MNM,Mineum,mineum,1033,9436366.84876144,0.03803372,358900.17069546,146.58303833,2018-03-07T00:00:00.000Z,2018-03-07T23:59:06.000Z,coinmarketcap_data_api_listings_historical
2018-03-07,660,DSH,Dashcoin,dashcoin,1034,17574970.3837598,0.02034408,357546.61057541,156.50721741,2018-03-07T00:00:00.000Z,2018-03-07T23:59:04.000Z,coinmarketcap_data_api_listings_historical
2018-03-07,1716,AMMO,Ammo Reloaded,ammo-reloaded,1035,77777777.0,0.00455612,354365.13168896,229.10435486,2018-03-07T00:00:00.000Z,2018-03-07T23:59:10.000Z,coinmarketcap_data_api_listings_historical
2018-03-07,1284,XRE,RevolverCoin,revolvercoin,1036,22583748.1102977,0.01515406,342235.5154195,132.45170593,2018-03-07T00:00:00.000Z,2018-03-07T23:59:07.000Z,coinmarketcap_data_api_listings_historical
2018-03-07,988,IRL,IrishCoin,irishcoin,1037,35171849.3398182,0.00970652,341396.3740453,353.00009155,2018-03-07T00:00:00.000Z,2018-03-07T23:59:04.000Z,coinmarketcap_data_api_listings_historical
2018-03-07,978,XRA,Ratecoin,ratecoin,1038,121623720.3425,0.00277329,337298.1347478,398.55810547,2018-03-07T00:00:00.000Z,2018-03-07T23:59:04.000Z,coinmarketcap_data_api_listings_historical
2018-03-07,1792,VUC,Virta Unique Coin,virta-unique-coin,1039,61734750.0,0.00544754,336302.43170774,61.95207977,2018-03-07T00:00:00.000Z,2018-03-07T23:59:11.000Z,coinmarketcap_data_api_listings_historical
2018-03-07,519,VC,VirtualCoin,virtualcoin,1040,10064286.6495148,0.03327951,334934.51161226,309.29348755,2018-03-07T00:00:00.000Z,2018-03-07T23:59:03.000Z,coinmarketcap_data_api_listings_historical
2018-03-07,367,C2,Coin2.1,coin2-1,1041,78245974.52,0.00425898,333248.40830517,92.50286102,2018-03-07T00:00:00.000Z,2018-03-07T23:59:03.000Z,coinmarketcap_data_api_listings_historical
2018-03-07,1175,RBIES,Rubies,rubies,1042,10415251.8921257,0.03152369,328327.20684097,37.22937393,2018-03-07T00:00:00.000Z,2018-03-07T23:59:05.000Z,coinmarketcap_data_api_listings_historical
2018-03-07,1670,FUNC,FUNCoin,funcoin,1043,5848581.4093,0.0559922,327474.92387507,280.11422729,2018-03-07T00:00:00.000Z,2018-03-07T23:59:10.000Z,coinmarketcap_data_api_listings_historical
2018-03-07,1165,EVIL,Evil Coin,evil-coin,1044,21020382.7858368,0.01505502,316462.1925071,176.55699158,2018-03-07T00:00:00.000Z,2018-03-07T23:59:06.000Z,coinmarketcap_data_api_listings_historical
2018-03-07,1569,XVP,Virtacoinplus,virtacoinplus,1045,10928643.0,0.0280689,306755.02939905,88.32079315,2018-03-07T00:00:00.000Z,2018-03-07T23:59:09.000Z,coinmarketcap_data_api_listings_historical
2018-03-07,1502,UNITS,GameUnits,gameunits,1046,3472982.51210426,0.0826768,287135.07397627,107.26045227,2018-03-07T00:00:00.000Z,2018-03-07T23:59:08.000Z,coinmarketcap_data_api_listings_historical
2018-03-07,1184,SPEX,SproutsExtreme,sproutsextreme,1047,2866607585.84296,9.905e-05,283926.46159455,0.99046153,2018-03-07T00:00:00.000Z,2018-03-07T23:59:06.000Z,coinmarketcap_data_api_listings_historical
2018-03-07,325,TEK,TEKcoin,tekcoin,1048,1414054561.51664,0.00019921,281688.7685964,422.64086914,2018-03-07T00:00:00.000Z,2018-03-07T23:59:02.000Z,coinmarketcap_data_api_listings_historical
2018-03-07,1760,CHAN,ChanCoin,chancoin,1049,7522164.62748736,0.03714291,279395.0562176,266.61715698,2018-03-07T00:00:00.000Z,2018-03-07T23:59:10.000Z,coinmarketcap_data_api_listings_historical
2018-03-07,2257,NUKO,Nekonium,nekonium,1050,11014916.83,0.02535582,279292.20315707,118.60824585,2018-03-07T00:00:00.000Z,2018-03-07T23:59:17.000Z,coinmarketcap_data_api_listings_historical
2018-03-07,103,RED,RedCoin,redcoin,1051,74107896.0,0.00376375,278923.88413176,350.21179199,2018-03-07T00:00:00.000Z,2018-03-07T23:59:01.000Z,coinmarketcap_data_api_listings_historical
2018-03-07,804,AMBER,AmberCoin,ambercoin,1052,43699480.8066037,0.00633895,277008.99742736,437.19537354,2018-03-07T00:00:00.000Z,2018-03-07T23:59:04.000Z,coinmarketcap_data_api_listings_historical
2018-03-07,10,FRC,Freicoin,freicoin,1053,30370100.4879825,0.0090132,273731.79514671,175.352005,2018-03-07T00:00:00.000Z,2018-03-07T23:59:00.000Z,coinmarketcap_data_api_listings_historical
2018-03-07,1597,B@,Bankcoin,bankcoin,1054,10291781.26,0.02651396,272875.8405032,123.89648438,2018-03-07T00:00:00.000Z,2018-03-07T23:59:09.000Z,coinmarketcap_data_api_listings_historical
2018-03-07,2097,XIOS,Xios,xios,1055,2149688.36999048,0.1260234,270911.03055435,139.59384155,2018-03-07T00:00:00.000Z,2018-03-07T23:59:14.000Z,coinmarketcap_data_api_listings_historical
2018-03-07,1084,ISL,IslaCoin,islacoin,1056,1513704.20190432,0.17808498,269567.98921524,3.77207375,2018-03-07T00:00:00.000Z,2018-03-07T23:59:05.000Z,coinmarketcap_data_api_listings_historical
2018-03-07,1801,GTC,Global Tour Coin,global-tour-coin,1057,29887402.1779,0.00881511,263460.67406624,335.87728882,2018-03-07T00:00:00.000Z,2018-03-07T23:59:11.000Z,coinmarketcap_data_api_listings_historical
2018-03-07,1395,DLC,Dollarcoin,dollarcoin,1058,9106714.077459,0.02753483,250751.83595931,48.45228958,2018-03-07T00:00:00.000Z,2018-03-07T23:59:07.000Z,coinmarketcap_data_api_listings_historical
2018-03-07,1575,PASL,Pascal Lite,pascal-lite,1059,5022100.0,0.04991926,250699.52834398,304.41412354,2018-03-07T00:00:00.000Z,2018-03-07T23:59:09.000Z,coinmarketcap_data_api_listings_historical
2018-03-07,656,PXI,Prime-XI,prime-xi,1060,19350649.949,0.0128853,249338.9023086,377.20809937,2018-03-07T00:00:00.000Z,2018-03-07T23:59:04.000Z,coinmarketcap_data_api_listings_historical
2018-03-07,644,BSTY,GlobalBoost-Y,globalboost-y,1061,13853962.1240181,0.01733551,240165.49729714,437.5145874,2018-03-07T00:00:00.000Z,2018-03-07T23:59:02.000Z,coinmarketcap_data_api_listings_historical
2018-03-07,1058,SPACE,SpaceCoin,spacecoin,1062,21829962.3588835,0.01096993,239473.26780286,108.1349411,2018-03-07T00:00:00.000Z,2018-03-07T23:59:05.000Z,coinmarketcap_data_api_listings_historical
2018-03-07,2117,ROOFS,Roofs,roofs,1063,130000000.0,0.00178283,231768.00459623,490.96118164,2018-03-07T00:00:00.000Z,2018-03-07T23:59:16.000Z,coinmarketcap_data_api_listings_historical
2018-03-07,476,FIRE,Firecoin,firecoin,1064,98411.93592072,2.27806163,224188.45499181,156.95794678,2018-03-07T00:00:00.000Z,2018-03-07T23:59:03.000Z,coinmarketcap_data_api_listings_historical
2018-03-07,461,QTL,Quatloo,quatloo,1065,7718882.84599331,0.02882243,222476.97085643,365.07409668,2018-03-07T00:00:00.000Z,2018-03-07T23:59:04.000Z,coinmarketcap_data_api_listings_historical
2018-03-07,51,GLC,GlobalCoin,globalcoin,1066,65171009.975,0.00336757,219467.89228227,381.58700562,2018-03-07T00:00:00.000Z,2018-03-07T23:59:01.000Z,coinmarketcap_data_api_listings_historical
2018-03-07,1206,BUMBA,BumbaCoin,bumbacoin,1067,22725865.6653158,0.00941935,214062.9240288,314.48834229,2018-03-07T00:00:00.000Z,2018-03-07T23:59:06.000Z,coinmarketcap_data_api_listings_historical
2018-03-07,1501,DIX,Dix Asset,dix-asset,1068,100000000000.0,2.06e-06,206064.12363122,431.88989258,2018-03-07T00:00:00.000Z,2018-03-07T23:59:08.000Z,coinmarketcap_data_api_listings_historical
2018-03-07,536,J,Joincoin,joincoin,1069,3065697.5,0.06556855,201013.34417049,18.89503479,2018-03-07T00:00:00.000Z,2018-03-07T23:59:03.000Z,coinmarketcap_data_api_listings_historical
2018-03-07,1368,VLT,Veltor,veltor,1070,554855.0,0.34785008,193006.35852695,23.91172218,2018-03-07T00:00:00.000Z,2018-03-07T23:59:07.000Z,coinmarketcap_data_api_listings_historical
2018-03-07,2221,VOT,VoteCoin,votecoin,1071,16474625.0,0.01168676,192534.91176362,445.75305176,2018-03-07T00:00:00.000Z,2018-03-07T23:59:17.000Z,coinmarketcap_data_api_listings_historical
2018-03-07,257,PLC,Polcoin,polcoin,1072,77493943.9581028,0.00247615,191886.93119083,100.41765594,2018-03-07T00:00:00.000Z,2018-03-07T23:59:02.000Z,coinmarketcap_data_api_listings_historical
2018-03-07,1248,XBTC21,Bitcoin 21,bitcoin-21,1073,793107.50107699,0.24143893,191487.02268064,2.64608598,2018-03-07T00:00:00.000Z,2018-03-07T12:29:07.000Z,coinmarketcap_data_api_listings_historical
2018-03-07,1228,XNG,Enigma [XNG],enigma-xng,1074,650663.22450755,0.29262003,190397.09424404,83.28551483,2018-03-07T00:00:00.000Z,2018-03-07T20:54:06.000Z,coinmarketcap_data_api_listings_historical
2018-03-07,1396,MST,MustangCoin,mustangcoin,1075,630343.24367006,0.29971877,188925.70003458,180.45074463,2018-03-07T00:00:00.000Z,2018-03-07T23:59:07.000Z,coinmarketcap_data_api_listings_historical
2018-03-07,1397,XBTS,Beatcoin,beatcoin,1076,1524686.0958465,0.11979682,182652.54575762,191.40605164,2018-03-07T00:00:00.000Z,2018-03-07T23:59:07.000Z,coinmarketcap_data_api_listings_historical
2018-03-07,818,CON,PayCon,paycon,1077,23042604.0,0.00792369,182582.50768483,178.56053162,2018-03-07T00:00:00.000Z,2018-03-07T23:59:04.000Z,coinmarketcap_data_api_listings_historical
2018-03-07,1250,ZUR,Zurcoin,zurcoin,1078,87653034.0003,0.00207997,182315.61731973,8.48320389,2018-03-07T00:00:00.000Z,2018-03-07T23:59:06.000Z,coinmarketcap_data_api_listings_historical
2018-03-07,1194,IMS,Independent Money System,independent-money-system,1079,5368933.59730747,0.0334776,179739.01496166,72.16668701,2018-03-07T00:00:00.000Z,2018-03-07T23:59:05.000Z,coinmarketcap_data_api_listings_historical
2018-03-07,1614,KED,Darsek,darsek,1080,17955914.322054,0.00990462,177846.42876596,328.13430786,2018-03-07T00:00:00.000Z,2018-03-07T23:59:09.000Z,coinmarketcap_data_api_listings_historical
2018-03-07,1130,EVO,Evotion,evotion,1081,3254765.66587199,0.05322479,173234.20967867,105.35350037,2018-03-07T00:00:00.000Z,2018-03-07T23:59:05.000Z,coinmarketcap_data_api_listings_historical
2018-03-07,2290,YTN,YENTEN,yenten,1082,4362777.51023829,0.03961846,172846.53641799,375.26681519,2018-03-07T00:00:00.000Z,2018-03-07T23:59:17.000Z,coinmarketcap_data_api_listings_historical
2018-03-07,601,ACOIN,Acoin,acoin,1083,1220084.95665668,0.13827312,168704.95353225,37.30039215,2018-03-07T00:00:00.000Z,2018-03-07T23:59:03.000Z,coinmarketcap_data_api_listings_historical
2018-03-07,9,MNC,Mincoin,mincoin,1084,4277304.88794916,0.03878985,165915.99791166,45.28921509,2018-03-07T00:00:00.000Z,2018-03-07T23:59:01.000Z,coinmarketcap_data_api_listings_historical
2018-03-07,1926,BRAT,BROTHER,brat,1085,160000000.0,0.00099962,159938.9873445,66.16151428,2018-03-07T00:00:00.000Z,2018-03-07T23:59:14.000Z,coinmarketcap_data_api_listings_historical
2018-03-07,19,FRK,Franko,franko,1086,930767.0,0.17006224,158288.32460386,3.53089619,2018-03-07T00:00:00.000Z,2018-03-07T23:59:01.000Z,coinmarketcap_data_api_listings_historical
2018-03-07,17,YAC,Yacoin,yacoin,1087,121154584.0,0.0012876,155998.64545204,88.63283539,2018-03-07T00:00:00.000Z,2018-03-07T23:59:01.000Z,coinmarketcap_data_api_listings_historical
2018-03-07,1176,ADCN,Asiadigicoin,asiadigicoin,1088,24931054.0,0.00602178,150129.22853043,89.84191895,2018-03-07T00:00:00.000Z,2018-03-07T23:59:06.000Z,coinmarketcap_data_api_listings_historical
2018-03-07,1268,NLX,Nullex,nullex,1089,40477041.6133,0.0037034,149902.54506371,442.00628662,2018-03-07T00:00:00.000Z,2018-03-07T23:59:06.000Z,coinmarketcap_data_api_listings_historical
2018-03-07,1496,LUNA,Luna Coin,luna-coin,1090,1706429.49506231,0.08619334,147082.85430342,77.27867126,2018-03-07T00:00:00.000Z,2018-03-07T23:59:08.000Z,coinmarketcap_data_api_listings_historical
2018-03-07,20,ELC,Elacoin,elacoin,1091,407774.25144423,0.34369016,140147.99647359,74.86288452,2018-03-07T00:00:00.000Z,2018-03-07T23:59:00.000Z,coinmarketcap_data_api_listings_historical
2018-03-07,1390,JIN,Jin Coin,jin-coin,1092,9960523.71131494,0.01406455,140090.32485184,12.71950722,2018-03-07T00:00:00.000Z,2018-03-07T23:59:07.000Z,coinmarketcap_data_api_listings_historical
2018-03-07,1111,SOIL,SOILcoin,soilcoin,1093,5702048.0,0.02436535,138932.41992295,355.81768799,2018-03-07T00:00:00.000Z,2018-03-07T23:59:05.000Z,coinmarketcap_data_api_listings_historical
2018-03-07,1897,BLN,Bolenum,bolenum,1094,10000000.0,0.01366837,136683.69501829,27.26463318,2018-03-07T00:00:00.000Z,2018-03-07T23:59:12.000Z,coinmarketcap_data_api_listings_historical
2018-03-07,1173,HMP,HempCoin,hempcoin-hmp,1095,1356645469.993,9.905e-05,134370.51860034,159.01196289,2018-03-07T00:00:00.000Z,2018-03-07T23:59:05.000Z,coinmarketcap_data_api_listings_historical
2018-03-07,933,CTO,Crypto,crypto,1096,13328870.338714,0.01000366,133337.51020277,172.32455444,2018-03-07T00:00:00.000Z,2018-03-07T23:59:05.000Z,coinmarketcap_data_api_listings_historical
2018-03-07,1241,FUZZ,FuzzBalls,fuzzballs,1097,4829945.0,0.02745893,132625.13252979,125.54830933,2018-03-07T00:00:00.000Z,2018-03-07T23:59:06.000Z,coinmarketcap_data_api_listings_historical
2018-03-07,837,XCO,X-Coin,x-coin,1098,12384976.0,0.01061745,131496.90807825,381.36526489,2018-03-07T00:00:00.000Z,2018-03-07T23:59:04.000Z,coinmarketcap_data_api_listings_historical
2018-03-07,998,CPN,CompuCoin,compucoin,1099,19615019.309,0.00663609,130167.08133306,139.70401001,2018-03-07T00:00:00.000Z,2018-03-07T23:59:05.000Z,coinmarketcap_data_api_listings_historical
2018-03-07,1469,XCRE,Creatio,creatio,1100,20520514.0,0.00630532,129388.5067567,198.42155457,2018-03-07T00:00:00.000Z,2018-03-07T23:59:08.000Z,coinmarketcap_data_api_listings_historical
2018-03-07,1033,GCC,GuccioneCoin,guccionecoin,1101,20285537.0,0.00623991,126579.88087912,256.79141235,2018-03-07T00:00:00.000Z,2018-03-07T23:59:05.000Z,coinmarketcap_data_api_listings_historical
2018-03-07,1010,FLAX,Flaxscript,flaxscript,1102,5604837.5625,0.02258252,126571.37610762,30.97477341,2018-03-07T00:00:00.000Z,2018-03-07T23:59:05.000Z,coinmarketcap_data_api_listings_historical
2018-03-07,69,DTC,Datacoin,datacoin,1103,30350127.0978646,0.00415994,126254.66353077,417.46588135,2018-03-07T00:00:00.000Z,2018-03-07T23:59:05.000Z,coinmarketcap_data_api_listings_historical
2018-03-07,1491,BSTAR,Blackstar,blackstar,1104,630795971.027775,0.00019809,124955.83206192,55.82280731,2018-03-07T00:00:00.000Z,2018-03-07T23:59:08.000Z,coinmarketcap_data_api_listings_historical
2018-03-07,1554,ALL,Allion,allion,1105,6199359.339803,0.02013625,124831.82754609,63.14560318,2018-03-07T00:00:00.000Z,2018-03-07T23:59:09.000Z,coinmarketcap_data_api_listings_historical
2018-03-07,1132,ANTI,AntiBitcoin,antibitcoin,1106,17465158.7896695,0.00683418,119360.12187266,19.23198891,2018-03-07T00:00:00.000Z,2018-03-07T23:59:06.000Z,coinmarketcap_data_api_listings_historical
2018-03-07,1509,BENJI,BenjiRolls,benjirolls,1107,20276099.146524,0.00588635,119352.11828647,291.0602417,2018-03-07T00:00:00.000Z,2018-03-07T23:59:08.000Z,coinmarketcap_data_api_listings_historical
2018-03-07,1456,ZMC,ZetaMicron,zetamicron,1108,600344291.449841,0.00019809,118923.5884616,40.44816971,2018-03-07T00:00:00.000Z,2018-03-07T23:59:08.000Z,coinmarketcap_data_api_listings_historical
2018-03-07,1011,OFF,Cthulhu Offerings,cthulhu-offerings,1109,2623127.5345487,0.04526409,118733.48432733,49.14264297,2018-03-07T00:00:00.000Z,2018-03-07T23:59:04.000Z,coinmarketcap_data_api_listings_historical
2018-03-07,1891,SOJ,Sojourn,sojourn,1110,485214.0,0.24138422,117123.00442895,0.00482768,2018-03-07T00:00:00.000Z,2018-03-07T23:59:12.000Z,coinmarketcap_data_api_listings_historical
2018-03-07,1291,CMT,Comet,comet,1111,872830.0,0.13353504,116553.39106247,170.04638672,2018-03-07T00:00:00.000Z,2018-03-07T23:59:06.000Z,coinmarketcap_data_api_listings_historical
2018-03-07,1773,BNX,BnrtxCoin,bnrtxcoin,1112,28649501.0015,0.00406089,116342.54054342,20.30446053,2018-03-07T00:00:00.000Z,2018-03-07T23:59:11.000Z,coinmarketcap_data_api_listings_historical
2018-03-07,2284,TRDT,Trident Group,trident,1113,843274.0,0.13780238,116205.16195169,23.44454575,2018-03-07T00:00:00.000Z,2018-03-07T14:14:41.000Z,coinmarketcap_data_api_listings_historical
2018-03-07,1735,ICE,iDice,idice,1114,1571012.812959,0.07148604,112305.48627988,373.54870605,2018-03-07T00:00:00.000Z,2018-03-07T23:59:12.000Z,coinmarketcap_data_api_listings_historical
2018-03-07,1770,RMC,Remicoin,remicoin,1115,1874725.94375363,0.05949216,111531.50210124,105.89280701,2018-03-07T00:00:00.000Z,2018-03-07T23:59:11.000Z,coinmarketcap_data_api_listings_historical
2018-03-07,1288,DBTC,Debitcoin,debitcoin,1116,17999629.1767828,0.00613308,110393.20752066,72.78178406,2018-03-07T00:00:00.000Z,2018-03-07T23:59:06.000Z,coinmarketcap_data_api_listings_historical
2018-03-07,2157,STARS,StarCash Network,starcash-network,1117,919064.41597208,0.11885539,109235.75681295,374.45785522,2018-03-07T00:00:00.000Z,2018-03-07T23:59:16.000Z,coinmarketcap_data_api_listings_historical
2018-03-07,785,GP,GoldPieces,goldpieces,1118,1220160.94807913,0.0873503,106581.42662556,93.58768463,2018-03-07T00:00:00.000Z,2018-03-07T23:59:04.000Z,coinmarketcap_data_api_listings_historical
2018-03-07,1665,GPL,Gold Pressed Latinum,gold-pressed-latinum,1119,256526.823088,0.40608922,104172.77659153,240.36724854,2018-03-07T00:00:00.000Z,2018-03-07T23:59:10.000Z,coinmarketcap_data_api_listings_historical
2018-03-07,857,SONG,SongCoin,songcoin,1120,32565300.0,0.00307043,99989.50111214,176.16287231,2018-03-07T00:00:00.000Z,2018-03-07T23:59:04.000Z,coinmarketcap_data_api_listings_historical
2018-03-07,356,BTQ,BitQuark,bitquark,1121,9621768.425,0.01020175,98158.91498315,75.45583344,2018-03-07T00:00:00.000Z,2018-03-07T23:59:02.000Z,coinmarketcap_data_api_listings_historical
2018-03-07,47,SPT,Spots,spots,1122,22406021.2405395,0.00425719,95386.77395806,256.23321533,2018-03-07T00:00:00.000Z,2018-03-07T23:59:01.000Z,coinmarketcap_data_api_listings_historical
2018-03-07,1263,BLRY,BillaryCoin,billarycoin,1123,8993307.68757719,0.01059794,95310.52332874,5.65959644,2018-03-07T00:00:00.000Z,2018-03-07T23:59:06.000Z,coinmarketcap_data_api_listings_historical
2018-03-07,1155,LTCR,Litecred,litecred,1124,30227750.0256,0.00307043,92812.21560379,177.25408936,2018-03-07T00:00:00.000Z,2018-03-07T23:59:06.000Z,coinmarketcap_data_api_listings_historical
2018-03-07,1885,BAS,BitAsean,bitasean,1125,5000000.0,0.01802348,90117.380023,17.19169235,2018-03-07T00:00:00.000Z,2018-03-07T23:59:13.000Z,coinmarketcap_data_api_listings_historical
2018-03-07,1613,RBX,Ripto Bux,ripto-bux,1126,381236123.0,0.00023367,89081.66887727,1.16832674,2018-03-07T00:00:00.000Z,2018-03-07T23:59:09.000Z,coinmarketcap_data_api_listings_historical
2018-03-07,1052,VEC2,VectorAI,vector,1127,17000371.9978,0.00505135,85874.89618013,0.99531478,2018-03-07T00:00:00.000Z,2018-03-07T23:59:05.000Z,coinmarketcap_data_api_listings_historical
2018-03-07,898,CF,Californium,californium,1128,2432230.62499988,0.03417092,83111.56271003,27.87574768,2018-03-07T00:00:00.000Z,2018-03-07T23:59:04.000Z,coinmarketcap_data_api_listings_historical
2018-03-07,1273,CTL,Citadel,citadel,1129,5756370.905265,0.01406455,80960.79016108,227.74815369,2018-03-07T00:00:00.000Z,2018-03-07T23:59:06.000Z,coinmarketcap_data_api_listings_historical
2018-03-07,993,BSC,BowsCoin,bowscoin,1130,5550102.41646465,0.01446074,80258.58107087,13.53663731,2018-03-07T00:00:00.000Z,2018-03-07T23:59:04.000Z,coinmarketcap_data_api_listings_historical
2018-03-07,1310,DLISK,DAPPSTER,dappster,1131,100000000.0,0.00079237,79236.92464828,3.88251019,2018-03-07T00:00:00.000Z,2018-03-07T23:59:07.000Z,coinmarketcap_data_api_listings_historical
2018-03-07,983,MTLMC3,Metal Music Coin,metal-music-coin,1132,79719140.463331,0.00099046,78958.74407399,1.04057884,2018-03-07T00:00:00.000Z,2018-03-07T23:59:05.000Z,coinmarketcap_data_api_listings_historical
2018-03-07,1602,WORM,WORM,worm,1133,113762797.439642,0.00069332,78874.3743244,1.0895077,2018-03-07T00:00:00.000Z,2018-03-07T23:59:09.000Z,coinmarketcap_data_api_listings_historical
2018-03-07,1210,CAB,Cabbage,cabbage,1134,10499995.91,0.00723037,75918.84885643,306.67294312,2018-03-07T00:00:00.000Z,2018-03-07T23:59:06.000Z,coinmarketcap_data_api_listings_historical
2018-03-07,380,URO,Uro,uro,1135,1207310.4,0.06259717,75574.21492159,21.14982033,2018-03-07T00:00:00.000Z,2018-03-07T23:59:03.000Z,coinmarketcap_data_api_listings_historical
2018-03-07,316,DRM,Dreamcoin,dreamcoin,1136,2462753.03977231,0.03060526,75373.20238161,482.1055603,2018-03-07T00:00:00.000Z,2018-03-07T23:59:02.000Z,coinmarketcap_data_api_listings_historical
2018-03-07,2109,NTWK,Network Token,network-token,1137,11671310.0,0.00638331,74501.64502665,365.07580566,2018-03-07T00:00:00.000Z,2018-03-07T23:59:14.000Z,coinmarketcap_data_api_listings_historical
2018-03-07,831,WBB,Wild Beast Block,wild-beast-block,1138,181919.2435974,0.39846268,72488.02988631,22.03113365,2018-03-07T00:00:00.000Z,2018-03-07T23:59:04.000Z,coinmarketcap_data_api_listings_historical
2018-03-07,1139,MND,MindCoin,mindcoin,1139,15867695.0,0.00445708,70723.53860945,1.11426926,2018-03-07T00:00:00.000Z,2018-03-07T23:59:05.000Z,coinmarketcap_data_api_listings_historical
2018-03-07,1547,RIDE,Ride My Car,ride-my-car,1140,101276975.652563,0.00069332,70217.6657734,402.56567383,2018-03-07T00:00:00.000Z,2018-03-07T23:59:08.000Z,coinmarketcap_data_api_listings_historical
2018-03-07,1187,VIP,VIP Tokens,vip-tokens,1141,83450402.630487,0.00084005,70102.33047929,4.01080847,2018-03-07T00:00:00.000Z,2018-03-07T10:44:06.000Z,coinmarketcap_data_api_listings_historical
2018-03-07,1389,ZYD,Zayedcoin,zayedcoin,1142,6243840.00056,0.01109317,69263.97514964,1.26630509,2018-03-07T00:00:00.000Z,2018-03-07T23:59:08.000Z,coinmarketcap_data_api_listings_historical
2018-03-07,1576,MILO,MiloCoin,milocoin,1143,10789953.7140508,0.00640503,69109.95116039,48.19892883,2018-03-07T00:00:00.000Z,2018-03-07T23:59:09.000Z,coinmarketcap_data_api_listings_historical
2018-03-07,1525,SFC,Solarflarecoin,solarflarecoin,1144,14083450.0,0.0048166,67834.34698195,433.82598877,2018-03-07T00:00:00.000Z,2018-03-07T23:59:08.000Z,coinmarketcap_data_api_listings_historical
2018-03-07,2100,JS,JavaScript Token,javascript-token,1145,7991996.0,0.00831842,66480.7759157,47.22101593,2018-03-07T00:00:00.000Z,2018-03-07T23:59:14.000Z,coinmarketcap_data_api_listings_historical
2018-03-07,1519,PRX,Printerium,printerium,1146,11821727.8828,0.00543755,64281.28208391,3.90073466,2018-03-07T00:00:00.000Z,2018-03-07T23:59:09.000Z,coinmarketcap_data_api_listings_historical
2018-03-07,1421,JOBS,JobsCoin,jobscoin,1147,106019269.7,0.00059428,63004.80663364,71.20497131,2018-03-07T00:00:00.000Z,2018-03-07T23:59:07.000Z,coinmarketcap_data_api_listings_historical
2018-03-07,1379,JWL,Jewels,jewels,1148,20181635.8671004,0.00307043,61966.31696862,8.02263927,2018-03-07T00:00:00.000Z,2018-03-07T23:59:07.000Z,coinmarketcap_data_api_listings_historical
2018-03-07,958,G3N,G3N,genstake,1149,7561891.0,0.00802274,60667.07497076,26.33855057,2018-03-07T00:00:00.000Z,2018-03-07T23:59:04.000Z,coinmarketcap_data_api_listings_historical
2018-03-07,1209,PEX,PosEx,posex,1150,2453240.13869128,0.02466249,60503.01724924,343.92807007,2018-03-07T00:00:00.000Z,2018-03-07T23:59:06.000Z,coinmarketcap_data_api_listings_historical
2018-03-07,1778,UET,Useless Ethereum Token,useless-ethereum-token,1151,3965716.09795462,0.01501956,59563.32657269,24.87133789,2018-03-07T00:00:00.000Z,2018-03-07T23:59:10.000Z,coinmarketcap_data_api_listings_historical
2018-03-07,1407,EGO,EGO,ego,1152,60000000.5615,0.00099046,59427.69404236,12.09294128,2018-03-07T00:00:00.000Z,2018-03-07T23:59:07.000Z,coinmarketcap_data_api_listings_historical
2018-03-07,1231,COXST,CoExistCoin,coexistcoin,1153,27100000.0,0.00216566,58689.41203225,4.33344555,2018-03-07T00:00:00.000Z,2018-03-07T15:09:10.000Z,coinmarketcap_data_api_listings_historical
2018-03-07,1192,PULSE,Pulse,pulse,1154,14298971.520004,0.00406089,58066.58460502,10.95143414,2018-03-07T00:00:00.000Z,2018-03-07T23:59:06.000Z,coinmarketcap_data_api_listings_historical
2018-03-07,938,ARB,ARbit,arbit,1155,8203320.0,0.00703228,57688.01907264,12.9430542,2018-03-07T00:00:00.000Z,2018-03-07T23:59:04.000Z,coinmarketcap_data_api_listings_historical
2018-03-07,249,CESC,CryptoEscudo,cryptoescudo,1156,144105100.0,0.00039618,57092.22475067,146.2088623,2018-03-07T00:00:00.000Z,2018-03-07T23:59:02.000Z,coinmarketcap_data_api_listings_historical
2018-03-07,1233,BRAIN,Braincoin,braincoin,1157,10094424.2872137,0.00564563,56989.39348373,2.21853471,2018-03-07T00:00:00.000Z,2018-03-07T23:59:06.000Z,coinmarketcap_data_api_listings_historical
2018-03-07,875,URC,Unrealcoin,unrealcoin,1158,7024402.0,0.00802274,56354.94121229,1.08475351,2018-03-07T00:00:00.000Z,2018-03-07T23:59:04.000Z,coinmarketcap_data_api_listings_historical
2018-03-07,1232,ORLY,Orlycoin,orlycoin,1159,36646778.9274415,0.00148569,54445.83863393,7.52988482,2018-03-07T00:00:00.000Z,2018-03-07T23:59:06.000Z,coinmarketcap_data_api_listings_historical
2018-03-07,1621,TOR,Torcoin,torcoin-tor,1160,316178.50000589,0.16540708,52298.16133117,48.93900299,2018-03-07T00:00:00.000Z,2018-03-07T23:59:09.000Z,coinmarketcap_data_api_listings_historical
2018-03-07,1743,KNC,KingN Coin,kingn-coin,1161,2009.0370017,26.01140213,52257.86934552,256.70681763,2018-03-07T00:00:00.000Z,2018-03-07T23:59:10.000Z,coinmarketcap_data_api_listings_historical
2018-03-07,1520,DRS,Digital Rupees,digital-rupees,1162,510802960.940331,9.905e-05,50593.06965769,4.9523077,2018-03-07T00:00:00.000Z,2018-03-07T23:59:08.000Z,coinmarketcap_data_api_listings_historical
2018-03-07,2055,EXN,ExchangeN,exchangen,1163,5100000.0,0.00990462,50513.53946328,381.2286377,2018-03-07T00:00:00.000Z,2018-03-07T23:59:14.000Z,coinmarketcap_data_api_listings_historical
2018-03-07,2115,PEC,PlayerCoin,playercoin,1164,35120000.0045,0.00138665,48699.01389508,307.92260742,2018-03-07T00:00:00.000Z,2018-03-07T23:59:15.000Z,coinmarketcap_data_api_listings_historical
2018-03-07,997,TAGR,TAGRcoin,tagrcoin,1165,38669633.7973801,0.00118855,45960.9428907,103.43032837,2018-03-07T00:00:00.000Z,2018-03-07T23:59:05.000Z,coinmarketcap_data_api_listings_historical
2018-03-07,1822,RSGP,RSGPcoin,rsgpcoin,1166,1730.16260208,25.30271721,43777.81504578,11.27419949,2018-03-07T00:00:00.000Z,2018-03-07T21:49:11.000Z,coinmarketcap_data_api_listings_historical
2018-03-07,1309,LIR,LetItRide,letitride,1167,36777050.5854462,0.00118855,43711.50579038,221.23750305,2018-03-07T00:00:00.000Z,2018-03-07T23:59:07.000Z,coinmarketcap_data_api_listings_historical
2018-03-07,1347,ZNE,Zonecoin,zonecoin,1168,2581970.38365409,0.01624357,41940.41551041,6.16265154,2018-03-07T00:00:00.000Z,2018-03-07T23:59:07.000Z,coinmarketcap_data_api_listings_historical
2018-03-07,1544,CWXT,CryptoWorldX Token,cryptoworldx-token,1169,59630200.0,0.00069332,41342.99456142,43.93310928,2018-03-07T00:00:00.000Z,2018-03-07T23:59:08.000Z,coinmarketcap_data_api_listings_historical
2018-03-07,263,PLNC,PLNcoin,plncoin,1170,17089600.0,0.00227806,38931.16123974,68.80409241,2018-03-07T00:00:00.000Z,2018-03-07T23:59:02.000Z,coinmarketcap_data_api_listings_historical
2018-03-07,308,CRT,CRTCoin,crtcoin,1171,79270.3032220006,0.47542155,37686.81025949,19.8206501,2018-03-07T00:00:00.000Z,2018-03-07T23:59:02.000Z,coinmarketcap_data_api_listings_historical
2018-03-07,1096,OS76,OsmiumCoin,osmiumcoin,1172,894026.0,0.04206824,37610.10304022,11.61273766,2018-03-07T00:00:00.000Z,2018-03-07T08:24:06.000Z,coinmarketcap_data_api_listings_historical
2018-03-07,1018,BIOS,BiosCrypto,bios-crypto,1173,20821709.0153291,0.00178283,37121.58423666,49.69125748,2018-03-07T00:00:00.000Z,2018-03-07T23:59:05.000Z,coinmarketcap_data_api_listings_historical
2018-03-07,1180,DES,Destiny,destiny,1174,1600000.0247,0.02297871,36765.93360438,3.6765933,2018-03-07T00:00:00.000Z,2018-03-07T23:59:05.000Z,coinmarketcap_data_api_listings_historical
2018-03-07,1563,PIE,PIECoin,piecoin,1175,11043970.1404206,0.00326852,36097.47198067,12.0912571,2018-03-07T00:00:00.000Z,2018-03-07T23:59:09.000Z,coinmarketcap_data_api_listings_historical
2018-03-07,1515,IBANK,iBank,ibank,1176,4526324.0,0.00792369,35865.19937217,275.45230103,2018-03-07T00:00:00.000Z,2018-03-07T23:59:08.000Z,coinmarketcap_data_api_listings_historical
2018-03-07,1365,XOC,Xonecoin,xonecoin,1177,420000.0,0.08254217,34667.71289706,15.1065979,2018-03-07T00:00:00.000Z,2018-03-07T13:34:07.000Z,coinmarketcap_data_api_listings_historical
2018-03-07,1040,SDP,SydPak,sydpak,1178,160369.46212098,0.20965226,33621.82015997,35.93966293,2018-03-07T00:00:00.000Z,2018-03-07T07:09:05.000Z,coinmarketcap_data_api_listings_historical
2018-03-07,1282,HVCO,High Voltage,high-voltage,1179,1494170.72041553,0.02179015,32558.21051594,3.92212868,2018-03-07T00:00:00.000Z,2018-03-07T23:59:06.000Z,coinmarketcap_data_api_listings_historical
2018-03-07,1366,AGLC,AgrolifeCoin,agrolifecoin,1180,8650422.53506073,0.00326852,28274.10624169,24.69963455,2018-03-07T00:00:00.000Z,2018-03-07T23:59:07.000Z,coinmarketcap_data_api_listings_historical
2018-03-07,1485,DOLLAR,Dollar International,dollar-international,1181,753776.04646255,0.03298237,24861.31897075,39.68857193,2018-03-07T00:00:00.000Z,2018-03-07T23:59:08.000Z,coinmarketcap_data_api_listings_historical
2018-03-07,2045,CTIC3,Coimatic 3.0,coimatic-3,1182,2259512.152,0.00997319,22534.54774135,169.20471191,2018-03-07T00:00:00.000Z,2018-03-07T23:59:14.000Z,coinmarketcap_data_api_listings_historical
2018-03-07,1774,SOCC,SocialCoin,socialcoin-socc,1183,1384878.63473447,0.01267791,17557.3638444,239.49795532,2018-03-07T00:00:00.000Z,2018-03-07T23:59:10.000Z,coinmarketcap_data_api_listings_historical
2018-03-07,884,P7C,P7Coin,p7coin,1184,35220238.0,0.00049523,17442.14590313,0.99046153,2018-03-07T00:00:00.000Z,2018-03-07T23:59:04.000Z,coinmarketcap_data_api_listings_historical
2018-03-07,1539,ELS,Elysium,elysium,1185,4005012.07735968,0.00415994,16660.60410993,19.7656498,2018-03-07T00:00:00.000Z,2018-03-07T23:59:08.000Z,coinmarketcap_data_api_listings_historical
2018-03-07,1196,ALTC,Antilitecoin,antilitecoin,1186,31512613.2577524,0.00049523,15606.01601359,116.91823578,2018-03-07T00:00:00.000Z,2018-03-07T23:59:06.000Z,coinmarketcap_data_api_listings_historical
2018-03-07,986,CREVA,CrevaCoin,crevacoin,1187,36390750.0,0.00042338,15407.2014909,196.94979858,2018-03-07T00:00:00.000Z,2018-03-07T23:59:04.000Z,coinmarketcap_data_api_listings_historical
2018-03-07,1927,ULA,Ulatech,ulatech,1188,213186.594999999,0.06962945,14844.06443456,14.42478466,2018-03-07T00:00:00.000Z,2018-03-07T23:59:12.000Z,coinmarketcap_data_api_listings_historical
2018-03-07,1749,TYCHO,Tychocoin,tychocoin,1189,5024368.0,0.00227806,11445.81972286,39.96720123,2018-03-07T00:00:00.000Z,2018-03-07T23:59:10.000Z,coinmarketcap_data_api_listings_historical
2018-03-07,865,SLFI,Selfiecoin,selfiecoin,1190,107829280.730784,9.905e-05,10680.07574018,1.87078369,2018-03-07T00:00:00.000Z,2018-03-07T23:59:04.000Z,coinmarketcap_data_api_listings_historical
2018-03-07,1846,GSR,GeyserCoin,geysercoin,1191,46863.9,0.2212691,10369.53301788,233.32104492,2018-03-07T00:00:00.000Z,2018-03-07T23:59:11.000Z,coinmarketcap_data_api_listings_historical
2018-03-07,1479,NODC,NodeCoin,nodecoin,1192,1678439.03711966,0.00594277,9974.57606332,3.71205163,2018-03-07T00:00:00.000Z,2018-03-07T23:59:08.000Z,coinmarketcap_data_api_listings_historical
2018-03-07,1523,MGM,Magnum,magnum,1193,4125141.36431184,0.00237711,9805.90546343,7.64329243,2018-03-07T00:00:00.000Z,2018-03-07T23:59:09.000Z,coinmarketcap_data_api_listings_historical
2018-03-07,1568,LVPS,LevoPlus,levoplus,1194,2052425.86617929,0.00336757,6911.68633245,377.42953491,2018-03-07T00:00:00.000Z,2018-03-07T23:59:10.000Z,coinmarketcap_data_api_listings_historical
2018-03-07,1411,CALC,CaliphCoin,caliphcoin,1195,6651807.52976999,0.00062368,4148.62262387,123.21588898,2018-03-07T00:00:00.000Z,2018-03-07T23:59:07.000Z,coinmarketcap_data_api_listings_historical
2018-03-07,1114,DGCS,Digital Credits,digital-credits,1196,5826388.00984588,0.00059428,3462.48800781,71.01678467,2018-03-07T00:00:00.000Z,2018-03-07T23:59:05.000Z,coinmarketcap_data_api_listings_historical
2018-03-07,1538,CCM100,CCMiner,ccminer,1197,3360417.0,0.00092938,3123.11886078,5.11161375,2018-03-07T00:00:00.000Z,2018-03-07T23:59:09.000Z,coinmarketcap_data_api_listings_historical
2018-03-07,1687,DMB,Digital Money Bits,digital-money-bits,1198,421300.0,0.00277329,1168.3880724,174.68412781,2018-03-07T00:00:00.000Z,2018-03-07T23:59:09.000Z,coinmarketcap_data_api_listings_historical
2018-03-07,2422,IDXM,IDEX Membership,idex-membership,1199,,3754.13989258,0.0,11436.22070313,2018-03-07T00:00:00.000Z,2018-03-07T23:59:18.000Z,coinmarketcap_data_api_listings_historical
2018-03-07,1631,XOT,Internet of Things,internet-of-things,1200,,1867.43823242,0.0,660.71905518,2018-03-07T00:00:00.000Z,2018-03-07T23:59:09.000Z,coinmarketcap_data_api_listings_historical
2018-03-07,2353,CEFS,CryptopiaFeeShares,cryptopiafeeshares,1201,,1503.39685059,0.0,7182.48876953,2018-03-07T00:00:00.000Z,2018-03-07T23:59:18.000Z,coinmarketcap_data_api_listings_historical
2018-03-07,2396,WETH,WETH,weth,1202,,795.25939941,0.0,460301.0,2018-03-07T00:00:00.000Z,2018-03-07T23:59:18.000Z,coinmarketcap_data_api_listings_historical
2018-03-07,2349,XIN,Mixin,mixin,1203,,533.84295654,0.0,184126.125,2018-03-07T00:00:00.000Z,2018-03-07T23:59:18.000Z,coinmarketcap_data_api_listings_historical
2018-03-07,2335,LBTC,Lightning Bitcoin,lightning-bitcoin,1204,,290.71585083,0.0,3910257.75,2018-03-07T00:00:00.000Z,2018-03-07T23:59:17.000Z,coinmarketcap_data_api_listings_historical
2018-03-07,1256,ABC,Alphabit,alphabitcoinfund,1205,,72.90062714,0.0,2013.23022461,2018-03-07T00:00:00.000Z,2018-03-07T23:59:06.000Z,coinmarketcap_data_api_listings_historical
2018-03-07,2114,BT2,BT2 [CST],bt2-cst,1206,,59.42769241,0.0,4184.03466797,2018-03-07T00:00:00.000Z,2018-03-07T23:59:14.000Z,coinmarketcap_data_api_listings_historical
2018-03-07,2492,ELA,Elastos,elastos,1207,,45.88214493,0.0,18339398.0,2018-03-07T00:00:00.000Z,2018-03-07T23:59:19.000Z,coinmarketcap_data_api_listings_historical
2018-03-07,1706,ADK,Aidos Kuneen,aidos-kuneen,1208,,41.79747772,0.0,282602.25,2018-03-07T00:00:00.000Z,2018-03-07T23:59:11.000Z,coinmarketcap_data_api_listings_historical
2018-03-07,2370,GOD,Bitcoin God,bitcoin-god,1209,,30.26574326,0.0,2907.75195313,2018-03-07T00:00:00.000Z,2018-03-07T23:59:18.000Z,coinmarketcap_data_api_listings_historical
2018-03-07,2293,UBTC,United Bitcoin,united-bitcoin,1210,,29.99979782,0.0,800945.4375,2018-03-07T00:00:00.000Z,2018-03-07T23:59:17.000Z,coinmarketcap_data_api_listings_historical
2018-03-07,1809,TER,TerraNova,terranova,1211,,20.21955299,0.0,4597.7578125,2018-03-07T00:00:00.000Z,2018-03-07T23:59:11.000Z,coinmarketcap_data_api_listings_historical
2018-03-07,2436,REF,RefToken,reftoken,1212,,20.19822311,0.0,380541.46875,2018-03-07T00:00:00.000Z,2018-03-07T23:59:18.000Z,coinmarketcap_data_api_listings_historical
2018-03-07,2282,SBTC,Super Bitcoin,super-bitcoin,1213,,15.60176182,0.0,728805.75,2018-03-07T00:00:00.000Z,2018-03-07T23:59:17.000Z,coinmarketcap_data_api_listings_historical
2018-03-07,2387,BCA,Bitcoin Atom,bitcoin-atom,1214,,14.92293167,0.0,542.51019287,2018-03-07T00:00:00.000Z,2018-03-07T23:59:18.000Z,coinmarketcap_data_api_listings_historical
2018-03-07,2280,FIL,Filecoin [Futures],filecoin,1215,,14.07518673,0.0,144725.515625,2018-03-07T00:00:00.000Z,2018-03-07T23:59:17.000Z,coinmarketcap_data_api_listings_historical
2018-03-07,2226,TRIA,Triaconta,triaconta,1216,,12.01565075,0.0,7285.58349609,2018-03-07T00:00:00.000Z,2018-03-07T23:59:17.000Z,coinmarketcap_data_api_listings_historical
2018-03-07,1855,CMP,Compcoin,compcoin,1217,,9.8055687,0.0,66.77375031,2018-03-07T00:00:00.000Z,2018-03-07T23:59:11.000Z,coinmarketcap_data_api_listings_historical
2018-03-07,2403,MOAC,MOAC,moac,1218,,9.09124851,0.0,460222.78125,2018-03-07T00:00:00.000Z,2018-03-07T23:59:18.000Z,coinmarketcap_data_api_listings_historical
2018-03-07,1497,FRGC,Fargocoin,fargocoin,1219,,8.56811333,0.0,1054611.5,2018-03-07T00:00:00.000Z,2018-03-07T23:59:08.000Z,coinmarketcap_data_api_listings_historical
2018-03-07,1910,ATMC,ATMCoin,atmcoin,1220,,6.80271864,0.0,23053742.0,2018-03-07T00:00:00.000Z,2018-03-07T23:59:13.000Z,coinmarketcap_data_api_listings_historical
2018-03-07,2222,BCD,Bitcoin Diamond,bitcoin-diamond,1221,,4.67185116,0.0,11110525.0,2018-03-07T00:00:00.000Z,2018-03-07T23:59:16.000Z,coinmarketcap_data_api_listings_historical
2018-03-07,2386,KZC,KZ Cash,kz-cash,1222,,4.60334206,0.0,24418.8984375,2018-03-07T00:00:00.000Z,2018-03-07T23:59:18.000Z,coinmarketcap_data_api_listings_historical
2018-03-07,2011,XTZ,Tezos,tezos,1223,,3.39619017,0.0,371407.5625,2018-03-07T00:00:00.000Z,2018-03-07T23:59:13.000Z,coinmarketcap_data_api_listings_historical
2018-03-07,2351,NMS,Numus,numus,1224,,2.83509016,0.0,77307.8203125,2018-03-07T00:00:00.000Z,2018-03-07T23:59:17.000Z,coinmarketcap_data_api_listings_historical
2018-03-07,2072,B2X,SegWit2x,segwit2x,1225,,1.92194819,0.0,35488.16015625,2018-03-07T00:00:00.000Z,2018-03-07T23:59:14.000Z,coinmarketcap_data_api_listings_historical
2018-03-07,823,GEO,GeoCoin,geocoin,1226,,1.90901554,0.0,33409.8046875,2018-03-07T00:00:00.000Z,2018-03-07T23:59:04.000Z,coinmarketcap_data_api_listings_historical
2018-03-07,2502,HT,Huobi Token,huobi-token,1227,,1.80730641,0.0,130962552.0,2018-03-07T00:00:00.000Z,2018-03-07T23:59:19.000Z,coinmarketcap_data_api_listings_historical
2018-03-07,2324,ONE,BigONE Token,bigone-token,1228,,1.54647243,0.0,562021.0625,2018-03-07T00:00:00.000Z,2018-03-07T23:59:17.000Z,coinmarketcap_data_api_listings_historical
2018-03-07,2560,EZT,EZToken,eztoken,1229,,1.32172155,0.0,90581.0546875,2018-03-07T00:00:00.000Z,2018-03-07T23:59:20.000Z,coinmarketcap_data_api_listings_historical
2018-03-07,1264,TESLA,TeslaCoilCoin,teslacoilcoin,1230,,1.30592358,0.0,1336.39013672,2018-03-07T00:00:00.000Z,2018-03-07T23:59:07.000Z,coinmarketcap_data_api_listings_historical
2018-03-07,920,XSD,SounDAC,bitshares-music,1231,,1.28850353,0.0,197.00650024,2018-03-07T00:00:00.000Z,2018-03-07T23:59:05.000Z,coinmarketcap_data_api_listings_historical
2018-03-07,1135,CLUB,ClubCoin,clubcoin,1232,,1.13086998,0.0,182446.640625,2018-03-07T00:00:00.000Z,2018-03-07T23:59:06.000Z,coinmarketcap_data_api_listings_historical
2018-03-07,2451,PXS,Pundi X,pundi-x-old,1233,,1.11431217,0.0,1582087.875,2018-03-07T00:00:00.000Z,2018-03-07T23:59:19.000Z,coinmarketcap_data_api_listings_historical
2018-03-07,2201,WC,WINCOIN,win-coin,1234,,1.04404545,0.0,358139.0,2018-03-07T00:00:00.000Z,2018-03-07T23:59:16.000Z,coinmarketcap_data_api_listings_historical
2018-03-07,2563,TUSD,TrueUSD,trueusd,1235,,1.00492227,0.0,6274622.0,2018-03-07T00:00:00.000Z,2018-03-07T23:59:20.000Z,coinmarketcap_data_api_listings_historical
2018-03-07,2442,TMC,TimesCoin,timescoin,1236,,0.97065228,0.0,61965.98046875,2018-03-07T00:00:00.000Z,2018-03-07T23:59:18.000Z,coinmarketcap_data_api_listings_historical
2018-03-07,1707,STEX,STEX,stex,1237,,0.95127493,0.0,45892.23046875,2018-03-07T00:00:00.000Z,2018-03-07T23:59:10.000Z,coinmarketcap_data_api_listings_historical
2018-03-07,2380,ATN,ATN,atn,1238,,0.94142127,0.0,165563.671875,2018-03-07T00:00:00.000Z,2018-03-07T23:59:18.000Z,coinmarketcap_data_api_listings_historical
2018-03-07,2028,SND,Sand Coin,sand-coin,1239,,0.93994796,0.0,0.99046153,2018-03-07T00:00:00.000Z,2018-03-07T23:59:14.000Z,coinmarketcap_data_api_listings_historical
2018-03-07,549,SJCX,Storjcoin X,storjcoin-x,1240,,0.89996815,0.0,1980.57177734,2018-03-07T00:00:00.000Z,2018-03-07T23:59:03.000Z,coinmarketcap_data_api_listings_historical
2018-03-07,828,VOYA,Voyacoin,voyacoin,1241,,0.82218212,0.0,8.22182083,2018-03-07T00:00:00.000Z,2018-03-07T23:59:04.000Z,coinmarketcap_data_api_listings_historical
2018-03-07,2534,GLA,Gladius Token,gladius-token,1242,,0.81029797,0.0,16601.50195313,2018-03-07T00:00:00.000Z,2018-03-07T23:59:20.000Z,coinmarketcap_data_api_listings_historical
2018-03-07,2474,MAN,Matrix AI Network,matrix-ai-network,1243,,0.72847199,0.0,618612.0625,2018-03-07T00:00:00.000Z,2018-03-07T23:59:19.000Z,coinmarketcap_data_api_listings_historical
2018-03-07,1932,UGT,UG Token,ug-token,1244,,0.71342927,0.0,665716.3125,2018-03-07T00:00:00.000Z,2018-03-07T23:59:13.000Z,coinmarketcap_data_api_listings_historical
2018-03-07,2515,ACC,ACChain,acchain,1245,,0.70051938,0.0,13071.12011719,2018-03-07T00:00:00.000Z,2018-03-07T23:59:19.000Z,coinmarketcap_data_api_listings_historical
2018-03-07,2371,UTT,United Traders Token,uttoken,1246,,0.6931234,0.0,6895.15185547,2018-03-07T00:00:00.000Z,2018-03-07T23:59:18.000Z,coinmarketcap_data_api_listings_historical
2018-03-07,2532,ECH,Etherecash,etherecash,1247,,0.67609102,0.0,87578.015625,2018-03-07T00:00:00.000Z,2018-03-07T23:59:20.000Z,coinmarketcap_data_api_listings_historical
2018-03-07,1094,IVZ,InvisibleCoin,invisiblecoin,1248,,0.6635102,0.0,3.77306414,2018-03-07T00:00:00.000Z,2018-03-07T23:59:05.000Z,coinmarketcap_data_api_listings_historical
2018-03-07,2508,DRPU,DCORP Utility,drp-utility,1249,,0.63763565,0.0,5809.04101563,2018-03-07T00:00:00.000Z,2018-03-07T23:59:19.000Z,coinmarketcap_data_api_listings_historical
2018-03-07,2262,CMS,COMSA [ETH],comsa-eth,1250,,0.60660446,0.0,887319.75,2018-03-07T00:00:00.000Z,2018-03-07T23:59:17.000Z,coinmarketcap_data_api_listings_historical
2018-03-07,2049,COR,CORION,corion,1251,,0.59922922,0.0,10595.39746094,2018-03-07T00:00:00.000Z,2018-03-07T23:59:13.000Z,coinmarketcap_data_api_listings_historical
2018-03-07,2266,CMS,COMSA [XEM],comsa-xem,1252,,0.5946669,0.0,530798.3125,2018-03-07T00:00:00.000Z,2018-03-07T23:59:16.000Z,coinmarketcap_data_api_listings_historical
2018-03-07,2433,IPC,IPChain,ipchain,1253,,0.58548951,0.0,191046.484375,2018-03-07T00:00:00.000Z,2018-03-07T23:59:19.000Z,coinmarketcap_data_api_listings_historical
2018-03-07,2264,TOK,Tokugawa,tokugawa,1254,,0.54970616,0.0,10537.08007813,2018-03-07T00:00:00.000Z,2018-03-07T23:59:16.000Z,coinmarketcap_data_api_listings_historical
2018-03-07,2390,BKX,BANKEX,bankex,1255,,0.52448225,0.0,1482878.375,2018-03-07T00:00:00.000Z,2018-03-07T23:59:18.000Z,coinmarketcap_data_api_listings_historical
2018-03-07,2540,LCC,Litecoin Cash,litecoin-cash,1256,,0.52370423,0.0,314957.53125,2018-03-07T00:00:00.000Z,2018-03-07T23:59:20.000Z,coinmarketcap_data_api_listings_historical
2018-03-07,1952,MAGN,Magnetcoin,magnetcoin,1257,,0.51652569,0.0,31429.13476563,2018-03-07T00:00:00.000Z,2018-03-07T23:59:12.000Z,coinmarketcap_data_api_listings_historical
2018-03-07,2325,MTX,Matryx,matryx,1258,,0.49383983,0.0,2442104.75,2018-03-07T00:00:00.000Z,2018-03-07T23:59:17.000Z,coinmarketcap_data_api_listings_historical
2018-03-07,2503,DMT,DMarket,dmarket,1259,,0.47015542,0.0,137962.984375,2018-03-07T00:00:00.000Z,2018-03-07T23:59:19.000Z,coinmarketcap_data_api_listings_historical
2018-03-07,2555,SETH,Sether,sether,1260,,0.42613673,0.0,105897.3203125,2018-03-07T00:00:00.000Z,2018-03-07T23:59:20.000Z,coinmarketcap_data_api_listings_historical
2018-03-07,2542,TDX,Tidex Token,tidex-token,1261,,0.42366624,0.0,148125.296875,2018-03-07T00:00:00.000Z,2018-03-07T23:59:20.000Z,coinmarketcap_data_api_listings_historical
2018-03-07,2346,WICC,WaykiChain,waykichain,1262,,0.39778286,0.0,2986125.0,2018-03-07T00:00:00.000Z,2018-03-07T23:59:18.000Z,coinmarketcap_data_api_listings_historical
2018-03-07,2412,HC,Harvest Masternode Coin,harvest-masternode-coin,1263,,0.39638269,0.0,250.25003052,2018-03-07T00:00:00.000Z,2018-03-07T23:59:18.000Z,coinmarketcap_data_api_listings_historical
2018-03-07,2441,MOF,Molecular Future,molecular-future,1264,,0.38410079,0.0,630945.375,2018-03-07T00:00:00.000Z,2018-03-07T23:59:19.000Z,coinmarketcap_data_api_listings_historical
2018-03-07,2101,ELITE,Ethereum Lite,ethereum-lite,1265,,0.37508777,0.0,892.11932373,2018-03-07T00:00:00.000Z,2018-03-07T23:59:14.000Z,coinmarketcap_data_api_listings_historical
2018-03-07,1663,TOPAZ,Topaz Coin,topaz,1266,,0.35761338,0.0,146.58932495,2018-03-07T00:00:00.000Z,2018-03-07T18:04:25.000Z,coinmarketcap_data_api_listings_historical
2018-03-07,2016,MCR,Macro,macro1,1267,,0.34288979,0.0,2331.63208008,2018-03-07T00:00:00.000Z,2018-03-07T23:59:13.000Z,coinmarketcap_data_api_listings_historical
2018-03-07,1360,THS,TechShares,techshares,1268,,0.33759364,0.0,2336.7121582,2018-03-07T00:00:00.000Z,2018-03-07T23:59:07.000Z,coinmarketcap_data_api_listings_historical
2018-03-07,2536,NTK,Neurotoken,neurotoken,1269,,0.31810215,0.0,89004.515625,2018-03-07T00:00:00.000Z,2018-03-07T23:59:20.000Z,coinmarketcap_data_api_listings_historical
2018-03-07,869,CRAVE,Crave,crave,1270,,0.29214999,0.0,8242.01269531,2018-03-07T00:00:00.000Z,2018-03-07T23:59:04.000Z,coinmarketcap_data_api_listings_historical
2018-03-07,2291,GNX,Genaro Network,genaro-network,1271,,0.28522515,0.0,2346550.25,2018-03-07T00:00:00.000Z,2018-03-07T23:59:17.000Z,coinmarketcap_data_api_listings_historical
2018-03-07,2561,TUBE,BitTube,bit-tube,1272,,0.27966374,0.0,120141.546875,2018-03-07T00:00:00.000Z,2018-03-07T23:59:20.000Z,coinmarketcap_data_api_listings_historical
2018-03-07,2547,EXY,Experty,experty,1273,,0.2659919,0.0,80505.234375,2018-03-07T00:00:00.000Z,2018-03-07T23:59:20.000Z,coinmarketcap_data_api_listings_historical
2018-03-07,1871,BITCF,First Bitcoin Capital,first-bitcoin-capital,1274,,0.25643048,0.0,1490.38708496,2018-03-07T00:00:00.000Z,2018-03-07T23:59:12.000Z,coinmarketcap_data_api_listings_historical
2018-03-07,1045,DCRE,DeltaCredits,deltacredits,1275,,0.25266674,0.0,4575.63476563,2018-03-07T00:00:00.000Z,2018-03-07T23:59:05.000Z,coinmarketcap_data_api_listings_historical
2018-03-07,1400,OMC,Omicron,omicron,1276,,0.24761538,0.0,8.70932674,2018-03-07T00:00:00.000Z,2018-03-07T23:59:07.000Z,coinmarketcap_data_api_listings_historical
2018-03-07,2183,EAG,EA Coin,ea-coin,1277,,0.24455065,0.0,150392.53125,2018-03-07T00:00:00.000Z,2018-03-07T23:59:15.000Z,coinmarketcap_data_api_listings_historical
2018-03-07,1146,AV,AvatarCoin,avatarcoin,1278,,0.23979074,0.0,69657.4375,2018-03-07T00:00:00.000Z,2018-03-07T23:59:06.000Z,coinmarketcap_data_api_listings_historical
2018-03-07,2543,CEN,Concensum,concensum,1279,,0.23559088,0.0,33997.296875,2018-03-07T00:00:00.000Z,2018-03-07T23:59:20.000Z,coinmarketcap_data_api_listings_historical
2018-03-07,2095,BOS,BOScoin,boscoin,1280,,0.22911547,0.0,661677.6875,2018-03-07T00:00:00.000Z,2018-03-07T23:59:15.000Z,coinmarketcap_data_api_listings_historical
2018-03-07,344,QORA,Qora,qora,1281,,0.22647908,0.0,34.55897522,2018-03-07T00:00:00.000Z,2018-03-07T21:19:03.000Z,coinmarketcap_data_api_listings_historical
2018-03-07,2428,DDD,Scry.info,scryinfo,1282,,0.21460751,0.0,615972.3125,2018-03-07T00:00:00.000Z,2018-03-07T23:59:18.000Z,coinmarketcap_data_api_listings_historical
2018-03-07,1795,XID,Sphere Identity,sphere-identity,1283,,0.19285016,0.0,101591.9453125,2018-03-07T00:00:00.000Z,2018-03-07T23:59:11.000Z,coinmarketcap_data_api_listings_historical
2018-03-07,1649,MGC,MergeCoin,mergecoin,1284,,0.1865039,0.0,976209.6875,2018-03-07T00:00:00.000Z,2018-03-07T23:59:10.000Z,coinmarketcap_data_api_listings_historical
2018-03-07,2557,BEE,Bee Token,bee-token,1285,,0.17423521,0.0,219825.734375,2018-03-07T00:00:00.000Z,2018-03-07T23:59:20.000Z,coinmarketcap_data_api_listings_historical
2018-03-07,2480,HLC,Qitmeer,qitmeer,1286,,0.1722222,0.0,1491925.875,2018-03-07T00:00:00.000Z,2018-03-07T23:59:19.000Z,coinmarketcap_data_api_listings_historical
2018-03-07,1487,PCS,Pabyosi Coin (Special),pabyosi-coin-special,1287,,0.16819076,0.0,20870.47851563,2018-03-07T00:00:00.000Z,2018-03-07T23:59:08.000Z,coinmarketcap_data_api_listings_historical
2018-03-07,2455,PRS,PressOne,pressone,1288,,0.167841,0.0,1123985.875,2018-03-07T00:00:00.000Z,2018-03-07T23:59:19.000Z,coinmarketcap_data_api_listings_historical
2018-03-07,2438,AAC,Acute Angle Cloud,acute-angle-cloud,1289,,0.15173082,0.0,1686794.25,2018-03-07T00:00:00.000Z,2018-03-07T23:59:18.000Z,coinmarketcap_data_api_listings_historical
2018-03-07,2550,RKT,Rock,rock,1290,,0.15087627,0.0,1781093.5,2018-03-07T00:00:00.000Z,2018-03-07T23:59:20.000Z,coinmarketcap_data_api_listings_historical
2018-03-07,2338,ESC,Escroco,escoro,1291,,0.14431025,0.0,5511.21923828,2018-03-07T00:00:00.000Z,2018-03-07T23:59:17.000Z,coinmarketcap_data_api_listings_historical
2018-03-07,2453,EKT,EDUCare,educare,1292,,0.13372757,0.0,18266796.0,2018-03-07T00:00:00.000Z,2018-03-07T23:59:19.000Z,coinmarketcap_data_api_listings_historical
2018-03-07,2059,BSR,BitSoar,bitsoar,1293,,0.12885904,0.0,202897.984375,2018-03-07T00:00:00.000Z,2018-03-07T23:59:14.000Z,coinmarketcap_data_api_listings_historical
2018-03-07,1352,GARY,President Johnson,president-johnson,1294,,0.12876,0.0,1086.17285156,2018-03-07T00:00:00.000Z,2018-03-07T23:59:07.000Z,coinmarketcap_data_api_listings_historical
2018-03-07,2427,CHAT,ChatCoin,chatcoin,1295,,0.12738536,0.0,4405327.0,2018-03-07T00:00:00.000Z,2018-03-07T23:59:19.000Z,coinmarketcap_data_api_listings_historical
2018-03-07,2448,SPK,SparksPay,sparkspay,1296,,0.12583907,0.0,2938.85839844,2018-03-07T00:00:00.000Z,2018-03-07T23:59:19.000Z,coinmarketcap_data_api_listings_historical
2018-03-07,2379,KCASH,Kcash,kcash,1297,,0.11018405,0.0,1500139.875,2018-03-07T00:00:00.000Z,2018-03-07T23:59:18.000Z,coinmarketcap_data_api_listings_historical
2018-03-07,2420,NOX,Nitro,nitro,1298,,0.10959293,0.0,500.83901978,2018-03-07T00:00:00.000Z,2018-03-07T23:59:19.000Z,coinmarketcap_data_api_listings_historical
2018-03-07,1216,EDRC,EDRCoin,edrcoin,1299,,0.10831209,0.0,458.81381226,2018-03-07T00:00:00.000Z,2018-03-07T23:59:05.000Z,coinmarketcap_data_api_listings_historical
2018-03-07,2552,IHT,IHT Real Estate Protocol,iht-real-estate-protocol,1300,,0.10803083,0.0,3628273.0,2018-03-07T00:00:00.000Z,2018-03-07T23:59:20.000Z,coinmarketcap_data_api_listings_historical
2018-03-07,2558,INSTAR,Insights Network,insights-network,1301,,0.10725401,0.0,114565.6328125,2018-03-07T00:00:00.000Z,2018-03-07T23:59:20.000Z,coinmarketcap_data_api_listings_historical
2018-03-07,1971,IQT,iQuant,iquant,1302,,0.10606279,0.0,410122.65625,2018-03-07T00:00:00.000Z,2018-03-07T23:59:13.000Z,coinmarketcap_data_api_listings_historical
2018-03-07,2516,MLM,MktCoin,mktcoin,1303,,0.10301212,0.0,730386.5,2018-03-07T00:00:00.000Z,2018-03-07T23:59:19.000Z,coinmarketcap_data_api_listings_historical
2018-03-07,1542,GBG,Golos Gold,golos-gold,1304,,0.10186925,0.0,47062.48828125,2018-03-07T00:00:00.000Z,2018-03-07T23:59:08.000Z,coinmarketcap_data_api_listings_historical
2018-03-07,2004,HDLB,HODL Bucks,hodl-bucks,1305,,0.08795299,0.0,310.2975769,2018-03-07T00:00:00.000Z,2018-03-07T23:59:14.000Z,coinmarketcap_data_api_listings_historical
2018-03-07,2487,EPC,Electronic PK Chain,electronic-pk-chain,1306,,0.08410681,0.0,13023052.0,2018-03-07T00:00:00.000Z,2018-03-07T23:59:19.000Z,coinmarketcap_data_api_listings_historical
2018-03-07,2018,ETT,EncryptoTel [ETH],encryptotel-eth,1307,,0.07875146,0.0,3813.23608398,2018-03-07T00:00:00.000Z,2018-03-07T23:59:13.000Z,coinmarketcap_data_api_listings_historical
2018-03-07,2488,VLC,ValueChain,valuechain,1308,,0.07735075,0.0,575776.125,2018-03-07T00:00:00.000Z,2018-03-07T23:59:19.000Z,coinmarketcap_data_api_listings_historical
2018-03-07,2247,BCDN,BlockCDN,blockcdn,1309,,0.07698663,0.0,120789.0390625,2018-03-07T00:00:00.000Z,2018-03-07T23:59:16.000Z,coinmarketcap_data_api_listings_historical
2018-03-07,2476,RUFF,Ruff,ruff,1310,,0.07606437,0.0,10715894.0,2018-03-07T00:00:00.000Z,2018-03-07T23:59:19.000Z,coinmarketcap_data_api_listings_historical
2018-03-07,2510,DXT,Datawallet,datawallet,1311,,0.07509782,0.0,13756.27734375,2018-03-07T00:00:00.000Z,2018-03-07T23:59:19.000Z,coinmarketcap_data_api_listings_historical
2018-03-07,2528,DTH,Dether,dether,1312,,0.07342314,0.0,21450.046875,2018-03-07T00:00:00.000Z,2018-03-07T23:59:20.000Z,coinmarketcap_data_api_listings_historical
2018-03-07,2000,MCI,Musiconomi,musiconomi,1313,,0.07131323,0.0,4782.41503906,2018-03-07T00:00:00.000Z,2018-03-07T23:59:13.000Z,coinmarketcap_data_api_listings_historical
2018-03-07,2385,CLD,Cloud,cloud,1314,,0.07111559,0.0,2222.61108398,2018-03-07T00:00:00.000Z,2018-03-07T23:59:18.000Z,coinmarketcap_data_api_listings_historical
2018-03-07,2439,SSC,SelfSell,selfsell,1315,,0.06632517,0.0,587137.8125,2018-03-07T00:00:00.000Z,2018-03-07T23:59:18.000Z,coinmarketcap_data_api_listings_historical
2018-03-07,851,XAU,Xaucoin,xaucoin,1316,,0.06457809,0.0,34.87821198,2018-03-07T00:00:00.000Z,2018-03-07T23:59:04.000Z,coinmarketcap_data_api_listings_historical
2018-03-07,2418,MVC,Maverick Chain,maverick-chain,1317,,0.0633131,0.0,38678.52734375,2018-03-07T00:00:00.000Z,2018-03-07T23:59:18.000Z,coinmarketcap_data_api_listings_historical
2018-03-07,2539,REN,Ren,ren,1318,,0.06277946,0.0,564320.5625,2018-03-07T00:00:00.000Z,2018-03-07T23:59:20.000Z,coinmarketcap_data_api_listings_historical
2018-03-07,2389,UGC,ugChain,ugchain,1319,,0.05630219,0.0,570779.0625,2018-03-07T00:00:00.000Z,2018-03-07T23:59:18.000Z,coinmarketcap_data_api_listings_historical
2018-03-07,2414,RCT,RealChain,realchain,1320,,0.05376391,0.0,902213.125,2018-03-07T00:00:00.000Z,2018-03-07T23:59:18.000Z,coinmarketcap_data_api_listings_historical
2018-03-07,2192,GRX,GOLD Reward Token,gold-reward-token,1321,,0.05195129,0.0,1824.88439941,2018-03-07T00:00:00.000Z,2018-03-07T23:59:15.000Z,coinmarketcap_data_api_listings_historical
2018-03-07,2406,IDT,InvestDigital,investdigital,1322,,0.05031549,0.0,166396.78125,2018-03-07T00:00:00.000Z,2018-03-07T23:59:18.000Z,coinmarketcap_data_api_listings_historical
2018-03-07,2529,CAS,Cashaa,cashaa,1323,,0.04949681,0.0,56682.05078125,2018-03-07T00:00:00.000Z,2018-03-07T23:59:19.000Z,coinmarketcap_data_api_listings_historical
2018-03-07,2472,FOTA,Fortuna,fortuna,1324,,0.04816963,0.0,115449.390625,2018-03-07T00:00:00.000Z,2018-03-07T23:59:19.000Z,coinmarketcap_data_api_listings_historical
2018-03-07,2533,MWAT,Restart Energy MWAT,restart-energy-mwat,1325,,0.04724563,0.0,281009.9375,2018-03-07T00:00:00.000Z,2018-03-07T23:59:20.000Z,coinmarketcap_data_api_listings_historical
2018-03-07,2432,STC,StarChain,starchain,1326,,0.0454295,0.0,425632.34375,2018-03-07T00:00:00.000Z,2018-03-07T23:59:19.000Z,coinmarketcap_data_api_listings_historical
2018-03-07,2477,NKC,Nework,nework,1327,,0.04510146,0.0,5088689.5,2018-03-07T00:00:00.000Z,2018-03-07T23:59:19.000Z,coinmarketcap_data_api_listings_historical
2018-03-07,1695,ZENGOLD,ZenGold,zengold,1328,,0.04496698,0.0,50315.04296875,2018-03-07T00:00:00.000Z,2018-03-07T23:59:11.000Z,coinmarketcap_data_api_listings_historical
2018-03-07,2253,JIYO,Jiyo [OLD],jiyo-old,1329,,0.04466981,0.0,266.87200928,2018-03-07T00:00:00.000Z,2018-03-07T23:59:16.000Z,coinmarketcap_data_api_listings_historical
2018-03-07,2357,AIDOC,AI Doctor,aidoc,1330,,0.04397998,0.0,6501434.5,2018-03-07T00:00:00.000Z,2018-03-07T23:59:17.000Z,coinmarketcap_data_api_listings_historical
2018-03-07,1203,PSY,Psilocybin,psilocybin,1331,,0.04388711,0.0,1.21128428,2018-03-07T00:00:00.000Z,2018-03-07T20:59:06.000Z,coinmarketcap_data_api_listings_historical
2018-03-07,1898,SMOKE,Smoke,smoke,1332,,0.04335217,0.0,194.89193726,2018-03-07T00:00:00.000Z,2018-03-07T23:59:12.000Z,coinmarketcap_data_api_listings_historical
2018-03-07,1645,DASHS,Dashs,dashs,1333,,0.04258985,0.0,71.45476532,2018-03-07T00:00:00.000Z,2018-03-07T23:59:09.000Z,coinmarketcap_data_api_listings_historical
2018-03-07,2331,ENT,ENTCash,entcash,1334,,0.04209896,0.0,58776.83984375,2018-03-07T00:00:00.000Z,2018-03-07T23:59:17.000Z,coinmarketcap_data_api_listings_historical
2018-03-07,1164,FRN,Francs,francs,1335,,0.04052624,0.0,198.7706604,2018-03-07T00:00:00.000Z,2018-03-07T23:59:06.000Z,coinmarketcap_data_api_listings_historical
2018-03-07,924,SHELL,ShellCoin,shellcoin,1336,,0.04021274,0.0,85.23238373,2018-03-07T00:00:00.000Z,2018-03-07T23:59:04.000Z,coinmarketcap_data_api_listings_historical
2018-03-07,1929,FID,BITFID,bitfid,1337,,0.03912323,0.0,171.90473938,2018-03-07T00:00:00.000Z,2018-03-07T23:59:12.000Z,coinmarketcap_data_api_listings_historical
2018-03-07,353,HYPER,Hyper,hyper,1338,,0.03882609,0.0,117.62760925,2018-03-07T00:00:00.000Z,2018-03-07T23:59:03.000Z,coinmarketcap_data_api_listings_historical
2018-03-07,2562,LEDU,Education Ecosystem,education-ecosystem,1339,,0.03440977,0.0,5735038.5,2018-03-07T00:00:00.000Z,2018-03-07T23:59:20.000Z,coinmarketcap_data_api_listings_historical
2018-03-07,2454,UIP,UnlimitedIP,unlimitedip,1340,,0.03375691,0.0,140590.953125,2018-03-07T00:00:00.000Z,2018-03-07T23:59:18.000Z,coinmarketcap_data_api_listings_historical
2018-03-07,2277,SMT,SmartMesh,smartmesh,1341,,0.03360539,0.0,3901462.5,2018-03-07T00:00:00.000Z,2018-03-07T23:59:17.000Z,coinmarketcap_data_api_listings_historical
2018-03-07,2408,QUBE,Qube,qube,1342,,0.03278548,0.0,136068.078125,2018-03-07T00:00:00.000Z,2018-03-07T23:59:18.000Z,coinmarketcap_data_api_listings_historical
2018-03-07,1398,PROUD,PROUD Money,proud-money,1343,,0.03199191,0.0,102.78517914,2018-03-07T00:00:00.000Z,2018-03-07T23:59:07.000Z,coinmarketcap_data_api_listings_historical
2018-03-07,1323,BIT,First Bitcoin,first-bitcoin,1344,,0.03139763,0.0,184.29779053,2018-03-07T00:00:00.000Z,2018-03-07T23:59:07.000Z,coinmarketcap_data_api_listings_historical
2018-03-07,1921,SIGMA,SIGMAcoin,sigmacoin,1345,,0.03003913,0.0,144.15657043,2018-03-07T00:00:00.000Z,2018-03-07T23:59:12.000Z,coinmarketcap_data_api_listings_historical
2018-03-07,1452,NBIT,netBit,netbit,1346,,0.02972671,0.0,137.71159363,2018-03-07T00:00:00.000Z,2018-03-07T23:59:07.000Z,coinmarketcap_data_api_listings_historical
2018-03-07,2116,NTC,Natcoin,natcoin,1347,,0.02971385,0.0,102.87953949,2018-03-07T00:00:00.000Z,2018-03-07T23:59:16.000Z,coinmarketcap_data_api_listings_historical
2018-03-07,2329,HPY,Hyper Pay,hyper-pay,1348,,0.02949529,0.0,2002535.375,2018-03-07T00:00:00.000Z,2018-03-07T23:59:17.000Z,coinmarketcap_data_api_listings_historical
2018-03-07,912,EGG,EggCoin,eggcoin,1349,,0.02911957,0.0,16.58924103,2018-03-07T00:00:00.000Z,2018-03-07T23:59:03.000Z,coinmarketcap_data_api_listings_historical
2018-03-07,2292,DAV,DavorCoin,davorcoin,1350,,0.02892148,0.0,4256.00683594,2018-03-07T00:00:00.000Z,2018-03-07T23:59:17.000Z,coinmarketcap_data_api_listings_historical
2018-03-07,2358,CAN,Content and AD Network,content-and-ad-network,1351,,0.02728133,0.0,197345.40625,2018-03-07T00:00:00.000Z,2018-03-07T23:59:18.000Z,coinmarketcap_data_api_listings_historical
2018-03-07,2440,READ,Read,read,1352,,0.02685914,0.0,322848.46875,2018-03-07T00:00:00.000Z,2018-03-07T23:59:19.000Z,coinmarketcap_data_api_listings_historical
2018-03-07,1635,FAZZ,Fazzcoin,fazzcoin,1353,,0.02681321,0.0,36.11896133,2018-03-07T00:00:00.000Z,2018-03-07T23:59:09.000Z,coinmarketcap_data_api_listings_historical
2018-03-07,2366,FAIR,FairGame,fairgame,1354,,0.02619404,0.0,601906.1875,2018-03-07T00:00:00.000Z,2018-03-07T23:59:18.000Z,coinmarketcap_data_api_listings_historical
2018-03-07,1598,ZSE,ZSEcoin,zsecoin,1355,,0.02617212,0.0,160.65829468,2018-03-07T00:00:00.000Z,2018-03-07T23:59:08.000Z,coinmarketcap_data_api_listings_historical
2018-03-07,2544,NCASH,Nucleus Vision,nucleus-vision,1356,,0.02606374,0.0,11586770.0,2018-03-07T00:00:00.000Z,2018-03-07T23:59:20.000Z,coinmarketcap_data_api_listings_historical
2018-03-07,1664,SNAKE,SnakeEyes,snakeeyes,1357,,0.02478358,0.0,171.4776001,2018-03-07T00:00:00.000Z,2018-03-07T23:59:09.000Z,coinmarketcap_data_api_listings_historical
2018-03-07,2194,BTE,BitSerial,bitserial,1358,,0.02473795,0.0,1038.78979492,2018-03-07T00:00:00.000Z,2018-03-07T23:59:16.000Z,coinmarketcap_data_api_listings_historical
2018-03-07,1526,ZBC,Zilbercoin,zilbercoin,1359,,0.02378158,0.0,1284.13000488,2018-03-07T00:00:00.000Z,2018-03-07T23:59:08.000Z,coinmarketcap_data_api_listings_historical
2018-03-07,1348,PRES,President Trump,president-trump,1360,,0.022521,0.0,4197.33837891,2018-03-07T00:00:00.000Z,2018-03-07T23:59:07.000Z,coinmarketcap_data_api_listings_historical
2018-03-07,2364,TCT,TokenClub,tokenclub,1361,,0.02232741,0.0,306485.65625,2018-03-07T00:00:00.000Z,2018-03-07T23:59:18.000Z,coinmarketcap_data_api_listings_historical
2018-03-07,2376,TOPC,TopChain,topchain,1362,,0.02152504,0.0,2119158.25,2018-03-07T00:00:00.000Z,2018-03-07T23:59:18.000Z,coinmarketcap_data_api_listings_historical
2018-03-07,2228,PLX,PlexCoin,plexcoin,1363,,0.02117826,0.0,500.75488281,2018-03-07T00:00:00.000Z,2018-03-07T23:59:16.000Z,coinmarketcap_data_api_listings_historical
2018-03-07,2514,JEW,Shekel,shekel,1364,,0.01990073,0.0,5669.91601563,2018-03-07T00:00:00.000Z,2018-03-07T23:59:19.000Z,coinmarketcap_data_api_listings_historical
2018-03-07,796,METAL,MetalCoin,metalcoin,1365,,0.01971019,0.0,38.37414551,2018-03-07T00:00:00.000Z,2018-03-07T23:59:03.000Z,coinmarketcap_data_api_listings_historical
2018-03-07,2537,GEM,Gems ,gems-protocol,1366,,0.0194485,0.0,800979.1875,2018-03-07T00:00:00.000Z,2018-03-07T23:59:20.000Z,coinmarketcap_data_api_listings_historical
2018-03-07,2393,AT,AWARE,aware,1367,,0.01929604,0.0,1223573.5,2018-03-07T00:00:00.000Z,2018-03-07T23:59:18.000Z,coinmarketcap_data_api_listings_historical
2018-03-07,2013,XIN,Infinity Economics,infinity-economics,1368,,0.01921495,0.0,166725.171875,2018-03-07T00:00:00.000Z,2018-03-07T23:59:13.000Z,coinmarketcap_data_api_listings_historical
2018-03-07,101,KDC,KlondikeCoin,klondikecoin,1369,,0.01881877,0.0,117.11683655,2018-03-07T00:00:00.000Z,2018-03-07T23:59:01.000Z,coinmarketcap_data_api_listings_historical
2018-03-07,2554,LYM,Lympo,lympo,1370,,0.018812,0.0,878493.875,2018-03-07T00:00:00.000Z,2018-03-07T23:59:20.000Z,coinmarketcap_data_api_listings_historical
2018-03-07,2507,TKY,THEKEY,thekey,1371,,0.01859721,0.0,732700.0,2018-03-07T00:00:00.000Z,2018-03-07T23:59:20.000Z,coinmarketcap_data_api_listings_historical
2018-03-07,2431,BAR,Titanium Blockchain,titanium-blockchain,1372,,0.0180795,0.0,146779.25,2018-03-07T00:00:00.000Z,2018-03-07T23:59:19.000Z,coinmarketcap_data_api_listings_historical
2018-03-07,2461,GUESS,Peerguess,guess,1373,,0.01782831,0.0,184.53903198,2018-03-07T00:00:00.000Z,2018-03-07T23:59:19.000Z,coinmarketcap_data_api_listings_historical
2018-03-07,2519,INDI,Indicoin,indicoin,1374,,0.01782831,0.0,478.88815308,2018-03-07T00:00:00.000Z,2018-03-07T23:59:20.000Z,coinmarketcap_data_api_listings_historical
2018-03-07,795,SOON,SoonCoin,sooncoin,1375,,0.01683785,0.0,386.97235107,2018-03-07T00:00:00.000Z,2018-03-07T23:59:04.000Z,coinmarketcap_data_api_listings_historical
2018-03-07,2434,MAG,Maggie,maggie,1376,,0.01634883,0.0,96668.71875,2018-03-07T00:00:00.000Z,2018-03-07T23:59:18.000Z,coinmarketcap_data_api_listings_historical
2018-03-07,1863,MINEX,Minex,minex,1377,,0.01634569,0.0,1062.49621582,2018-03-07T00:00:00.000Z,2018-03-07T23:59:11.000Z,coinmarketcap_data_api_listings_historical
2018-03-07,2426,SEXC,ShareX,sharex,1378,,0.01577054,0.0,360825.46875,2018-03-07T00:00:00.000Z,2018-03-07T23:59:18.000Z,coinmarketcap_data_api_listings_historical
2018-03-07,2517,AVH,Animation Vision Cash,animation-vision-cash,1379,,0.01561644,0.0,2681103.0,2018-03-07T00:00:00.000Z,2018-03-07T23:59:19.000Z,coinmarketcap_data_api_listings_historical
2018-03-07,1020,AXIOM,Axiom,axiom,1380,,0.01436169,0.0,78.32064819,2018-03-07T00:00:00.000Z,2018-03-07T23:59:05.000Z,coinmarketcap_data_api_listings_historical
2018-03-07,2559,AUTO,Cube,cube,1381,,0.01419471,0.0,6701354.0,2018-03-07T00:00:00.000Z,2018-03-07T23:59:20.000Z,coinmarketcap_data_api_listings_historical
2018-03-07,1507,LDCN,LandCoin,landcoin,1382,,0.01358848,0.0,1274.7532959,2018-03-07T00:00:00.000Z,2018-03-07T23:59:09.000Z,coinmarketcap_data_api_listings_historical
2018-03-07,2437,YEE,YEE,yee,1383,,0.0127923,0.0,1582023.75,2018-03-07T00:00:00.000Z,2018-03-07T23:59:19.000Z,coinmarketcap_data_api_listings_historical
2018-03-07,2350,GCS,GameChain System,gamechain,1384,,0.0125192,0.0,12936.31152344,2018-03-07T00:00:00.000Z,2018-03-07T23:59:17.000Z,coinmarketcap_data_api_listings_historical
2018-03-07,2234,RYZ,ANRYZE,anryze,1385,,0.01238077,0.0,163.91993713,2018-03-07T00:00:00.000Z,2018-03-07T23:59:16.000Z,coinmarketcap_data_api_listings_historical
2018-03-07,382,GRN,Granite,granitecoin,1386,,0.01229496,0.0,7.40643549,2018-03-07T00:00:00.000Z,2018-03-07T19:04:02.000Z,coinmarketcap_data_api_listings_historical
2018-03-07,1371,KB3,B3Coin,b3coin,1387,,0.01187504,0.0,11825.06445313,2018-03-07T00:00:00.000Z,2018-03-07T23:59:07.000Z,coinmarketcap_data_api_listings_historical
2018-03-07,876,TRICK,TrickyCoin,trickycoin,1388,,0.01170531,0.0,1.60471892,2018-03-07T00:00:00.000Z,2018-03-07T21:49:04.000Z,coinmarketcap_data_api_listings_historical
2018-03-07,2356,CFUN,CFun,cfun,1389,,0.01164057,0.0,325829.03125,2018-03-07T00:00:00.000Z,2018-03-07T23:59:18.000Z,coinmarketcap_data_api_listings_historical
2018-03-07,2008,MSD,MSD,msd,1390,,0.01128563,0.0,18917.515625,2018-03-07T00:00:00.000Z,2018-03-07T23:59:14.000Z,coinmarketcap_data_api_listings_historical
2018-03-07,2189,SISA,SISA,sisa,1391,,0.0108138,0.0,209.82377625,2018-03-07T00:00:00.000Z,2018-03-07T23:59:16.000Z,coinmarketcap_data_api_listings_historical
2018-03-07,1449,WA,WA Space,wa-space,1392,,0.01059794,0.0,5582.96484375,2018-03-07T00:00:00.000Z,2018-03-07T23:59:08.000Z,coinmarketcap_data_api_listings_historical
2018-03-07,2525,ACAT,Alphacat,alphacat,1393,,0.00973617,0.0,226978.03125,2018-03-07T00:00:00.000Z,2018-03-07T23:59:20.000Z,coinmarketcap_data_api_listings_historical
2018-03-07,1880,INF,InfChain,infchain,1394,,0.00966021,0.0,421637.03125,2018-03-07T00:00:00.000Z,2018-03-07T23:59:12.000Z,coinmarketcap_data_api_listings_historical
2018-03-07,2133,EGOLD,eGold,egold,1395,,0.00950843,0.0,17.42380333,2018-03-07T00:00:00.000Z,2018-03-07T23:59:15.000Z,coinmarketcap_data_api_listings_historical
2018-03-07,1269,RICHX,RichCoin,richcoin,1396,,0.00931034,0.0,5.35027504,2018-03-07T00:00:00.000Z,2018-03-07T23:59:06.000Z,coinmarketcap_data_api_listings_historical
2018-03-07,2483,OC,OceanChain,oceanchain,1397,,0.00781306,0.0,9889984.0,2018-03-07T00:00:00.000Z,2018-03-07T23:59:19.000Z,coinmarketcap_data_api_listings_historical
2018-03-07,1336,GAIN,UGAIN,ugain,1398,,0.00759379,0.0,428.03677368,2018-03-07T00:00:00.000Z,2018-03-07T23:59:07.000Z,coinmarketcap_data_api_listings_historical
2018-03-07,1623,BLAZR,BlazerCoin,blazercoin,1399,,0.00738799,0.0,10146.70214844,2018-03-07T00:00:00.000Z,2018-03-07T23:59:09.000Z,coinmarketcap_data_api_listings_historical
2018-03-07,2119,BTCM,BTCMoon,btcmoon,1400,,0.00699792,0.0,136.00471497,2018-03-07T00:00:00.000Z,2018-03-07T23:59:15.000Z,coinmarketcap_data_api_listings_historical
2018-03-07,1604,BEST,BestChain,bestchain,1401,,0.00695689,0.0,171.69937134,2018-03-07T00:00:00.000Z,2018-03-07T23:59:09.000Z,coinmarketcap_data_api_listings_historical
2018-03-07,2383,SWTC,Jingtum Tech,jingtum-tech,1402,,0.00688366,0.0,187422.1875,2018-03-07T00:00:00.000Z,2018-03-07T23:59:18.000Z,coinmarketcap_data_api_listings_historical
2018-03-07,1158,BAC,BitAlphaCoin,bitalphacoin,1403,,0.006438,0.0,18.95683861,2018-03-07T00:00:00.000Z,2018-03-07T23:59:05.000Z,coinmarketcap_data_api_listings_historical
2018-03-07,2145,RUPX,Rupaya [OLD],rupaya-old,1404,,0.006438,0.0,246.01361084,2018-03-07T00:00:00.000Z,2018-03-07T23:59:16.000Z,coinmarketcap_data_api_listings_historical
2018-03-07,1157,APC,AlpaCoin,alpacoin,1405,,0.00631379,0.0,1072.19555664,2018-03-07T00:00:00.000Z,2018-03-07T23:59:06.000Z,coinmarketcap_data_api_listings_historical
2018-03-07,584,N8V,NativeCoin,native-coin,1406,,0.00604182,0.0,62.20592499,2018-03-07T00:00:00.000Z,2018-03-07T23:59:03.000Z,coinmarketcap_data_api_listings_historical
2018-03-07,2054,AKY,Akuya Coin,akuya-coin,1407,,0.00594277,0.0,328.6774292,2018-03-07T00:00:00.000Z,2018-03-07T23:59:15.000Z,coinmarketcap_data_api_listings_historical
2018-03-07,2281,BCX,BitcoinX,bitcoinx,1408,,0.00577861,0.0,1213932.5,2018-03-07T00:00:00.000Z,2018-03-07T23:59:17.000Z,coinmarketcap_data_api_listings_historical
2018-03-07,1848,ASN,Aseancoin,aseancoin,1409,,0.00574468,0.0,17.23402977,2018-03-07T00:00:00.000Z,2018-03-07T23:59:12.000Z,coinmarketcap_data_api_listings_historical
2018-03-07,1117,RUBIT,RubleBit,rublebit,1410,,0.00554658,0.0,54.74914932,2018-03-07T00:00:00.000Z,2018-03-07T23:59:05.000Z,coinmarketcap_data_api_listings_historical
2018-03-07,2312,DIM,DIMCOIN,dimcoin,1411,,0.00535797,0.0,17151.03515625,2018-03-07T00:00:00.000Z,2018-03-07T23:59:17.000Z,coinmarketcap_data_api_listings_historical
2018-03-07,150,ANI,Animecoin,animecoin,1412,,0.00534849,0.0,4793.21679688,2018-03-07T00:00:00.000Z,2018-03-07T23:59:02.000Z,coinmarketcap_data_api_listings_historical
2018-03-07,1945,CYDER,Cyder,cyder,1413,,0.00534849,0.0,2073.40625,2018-03-07T00:00:00.000Z,2018-03-07T23:59:13.000Z,coinmarketcap_data_api_listings_historical
2018-03-07,733,XQN,Quotient,quotient,1414,,0.00524945,0.0,49.21276474,2018-03-07T00:00:00.000Z,2018-03-07T23:59:04.000Z,coinmarketcap_data_api_listings_historical
2018-03-07,70,BET,BetaCoin,betacoin,1415,,0.0051504,0.0,58.75932693,2018-03-07T00:00:00.000Z,2018-03-07T23:59:01.000Z,coinmarketcap_data_api_listings_historical
2018-03-07,1428,ROYAL,RoyalCoin,royalcoin,1416,,0.00485326,0.0,215.97251892,2018-03-07T00:00:00.000Z,2018-03-07T23:59:07.000Z,coinmarketcap_data_api_listings_historical
2018-03-07,2522,SUP,Superior Coin,superior-coin,1417,,0.00465517,0.0,1937.27124023,2018-03-07T00:00:00.000Z,2018-03-07T23:59:20.000Z,coinmarketcap_data_api_listings_historical
2018-03-07,1174,MMXVI,MMXVI,mmxvi,1418,,0.0046395,0.0,1.01413333,2018-03-07T00:00:00.000Z,2018-03-07T16:54:06.000Z,coinmarketcap_data_api_listings_historical
2018-03-07,735,VASH,VPNCoin,vpncoin,1419,,0.00455612,0.0,9254.32910156,2018-03-07T00:00:00.000Z,2018-03-07T23:59:04.000Z,coinmarketcap_data_api_listings_historical
2018-03-07,1435,QBT,Cubits,cubits,1420,,0.00425898,0.0,197.15763855,2018-03-07T00:00:00.000Z,2018-03-07T23:59:07.000Z,coinmarketcap_data_api_listings_historical
2018-03-07,1319,XID,International Diamond,international-diamond,1421,,0.00396185,0.0,52.46425247,2018-03-07T00:00:00.000Z,2018-03-07T23:59:07.000Z,coinmarketcap_data_api_listings_historical
2018-03-07,841,SAK,Sharkcoin,sharkcoin,1422,,0.00366609,0.0,496.54745483,2018-03-07T00:00:00.000Z,2018-03-07T23:59:04.000Z,coinmarketcap_data_api_listings_historical
2018-03-07,1151,OPES,Opescoin,opescoin,1423,,0.00366471,0.0,2.37710762,2018-03-07T00:00:00.000Z,2018-03-07T23:59:05.000Z,coinmarketcap_data_api_listings_historical
2018-03-07,1425,SKR,Sakuracoin,sakuracoin,1424,,0.00366471,0.0,1846.11035156,2018-03-07T00:00:00.000Z,2018-03-07T23:59:07.000Z,coinmarketcap_data_api_listings_historical
2018-03-07,1756,SKULL,Pirate Blocks,pirate-blocks,1425,,0.00348908,0.0,23.94430923,2018-03-07T00:00:00.000Z,2018-03-07T23:59:10.000Z,coinmarketcap_data_api_listings_historical
2018-03-07,2123,VULC,Vulcano [OLD],vulcano-old,1426,,0.00328384,0.0,1502.11975098,2018-03-07T00:00:00.000Z,2018-03-07T23:59:15.000Z,coinmarketcap_data_api_listings_historical
2018-03-07,2118,FAP,FAPcoin,fapcoin,1427,,0.00310387,0.0,810.30621338,2018-03-07T00:00:00.000Z,2018-03-07T23:59:16.000Z,coinmarketcap_data_api_listings_historical
2018-03-07,1328,FRWC,FrankyWillCoin,frankywillcoin,1428,,0.00277329,0.0,32.11254501,2018-03-07T00:00:00.000Z,2018-03-07T23:59:07.000Z,coinmarketcap_data_api_listings_historical
2018-03-07,2174,NEOG,NEO GOLD,neo-gold,1429,,0.0027408,0.0,1349.47058105,2018-03-07T00:00:00.000Z,2018-03-07T23:59:15.000Z,coinmarketcap_data_api_listings_historical
2018-03-07,411,SHA,SHACoin,shacoin,1430,,0.00267425,0.0,614.29376221,2018-03-07T00:00:00.000Z,2018-03-07T23:59:03.000Z,coinmarketcap_data_api_listings_historical
2018-03-07,317,CFC,CoffeeCoin,coffeecoin,1431,,0.0025752,0.0,93.57510376,2018-03-07T00:00:00.000Z,2018-03-07T23:59:02.000Z,coinmarketcap_data_api_listings_historical
2018-03-07,2456,OF,OFCOIN,ofcoin,1432,,0.00251515,0.0,1822878.5,2018-03-07T00:00:00.000Z,2018-03-07T23:59:19.000Z,coinmarketcap_data_api_listings_historical
2018-03-07,2259,SBC,StrikeBitClub,strikebitclub,1433,,0.00247615,0.0,77994.671875,2018-03-07T00:00:00.000Z,2018-03-07T23:59:17.000Z,coinmarketcap_data_api_listings_historical
2018-03-07,2361,SHOW,Show,show,1434,,0.00244118,0.0,1538502.875,2018-03-07T00:00:00.000Z,2018-03-07T23:59:18.000Z,coinmarketcap_data_api_listings_historical
2018-03-07,1006,FUTC,FutCoin,futcoin,1435,,0.00237711,0.0,15.00301647,2018-03-07T00:00:00.000Z,2018-03-07T23:59:05.000Z,coinmarketcap_data_api_listings_historical
2018-03-07,1979,WIC,Wi Coin,wi-coin,1436,,0.00232011,0.0,1240.03796387,2018-03-07T00:00:00.000Z,2018-03-07T23:59:13.000Z,coinmarketcap_data_api_listings_historical
2018-03-07,1429,LEVO,Levocoin,levocoin,1437,,0.00227806,0.0,104.34264374,2018-03-07T00:00:00.000Z,2018-03-07T23:59:07.000Z,coinmarketcap_data_api_listings_historical
2018-03-07,1565,MARX,MarxCoin,marxcoin,1438,,0.00209515,0.0,108.9788208,2018-03-07T00:00:00.000Z,2018-03-07T23:59:10.000Z,coinmarketcap_data_api_listings_historical
2018-03-07,1436,DMC,DynamicCoin,dynamiccoin,1439,,0.00204338,0.0,3040.65405273,2018-03-07T00:00:00.000Z,2018-03-07T23:59:08.000Z,coinmarketcap_data_api_listings_historical
2018-03-07,135,TOP,TopCoin,topcoin,1440,,0.00198092,0.0,7717.37255859,2018-03-07T00:00:00.000Z,2018-03-07T23:59:03.000Z,coinmarketcap_data_api_listings_historical
2018-03-07,1287,DBG,Digital Bullion Gold,digital-bullion-gold,1441,,0.00198092,0.0,16.28199959,2018-03-07T00:00:00.000Z,2018-03-07T23:59:07.000Z,coinmarketcap_data_api_listings_historical
2018-03-07,980,DUB,Dubstep,dubstep,1442,,0.00188188,0.0,1.22787511,2018-03-07T00:00:00.000Z,2018-03-07T23:59:05.000Z,coinmarketcap_data_api_listings_historical
2018-03-07,1742,HNC,Huncoin,huncoin,1443,,0.00178283,0.0,275.90365601,2018-03-07T00:00:00.000Z,2018-03-07T23:59:10.000Z,coinmarketcap_data_api_listings_historical
2018-03-07,1271,PRM,PrismChain,prismchain,1444,,0.00168378,0.0,20.79959297,2018-03-07T00:00:00.000Z,2018-03-07T23:59:06.000Z,coinmarketcap_data_api_listings_historical
2018-03-07,45,CSC,CasinoCoin,casinocoin,1445,,0.00158474,0.0,748.40313721,2018-03-07T00:00:00.000Z,2018-03-07T23:59:00.000Z,coinmarketcap_data_api_listings_historical
2018-03-07,2435,LIGHT,LightChain,lightchain,1446,,0.00153611,0.0,1544329.5,2018-03-07T00:00:00.000Z,2018-03-07T23:59:18.000Z,coinmarketcap_data_api_listings_historical
2018-03-07,1865,WINK,Wink,wink,1447,,0.00153537,0.0,1285.49694824,2018-03-07T00:00:00.000Z,2018-03-07T23:59:13.000Z,coinmarketcap_data_api_listings_historical
2018-03-07,1385,SPORT,SportsCoin,sportscoin,1448,,0.00150245,0.0,1.5024457,2018-03-07T00:00:00.000Z,2018-03-07T22:24:07.000Z,coinmarketcap_data_api_listings_historical
2018-03-07,1561,UR,UR,ur,1449,,0.00148569,0.0,234.91766357,2018-03-07T00:00:00.000Z,2018-03-07T23:59:09.000Z,coinmarketcap_data_api_listings_historical
2018-03-07,2129,BTBc,Bitbase,bitbase,1450,,0.00148569,0.0,56.82782745,2018-03-07T00:00:00.000Z,2018-03-07T23:59:14.000Z,coinmarketcap_data_api_listings_historical
2018-03-07,992,CYC,Cycling Coin,cycling-coin,1451,,0.00146963,0.0,2.61594892,2018-03-07T00:00:00.000Z,2018-03-07T18:24:05.000Z,coinmarketcap_data_api_listings_historical
2018-03-07,1402,LAZ,Lazaruscoin,lazaruscoin,1452,,0.00138665,0.0,1.30394256,2018-03-07T00:00:00.000Z,2018-03-07T23:59:07.000Z,coinmarketcap_data_api_listings_historical
2018-03-07,1065,FONZ,Fonziecoin,fonziecoin,1453,,0.0012876,0.0,117.27249908,2018-03-07T00:00:00.000Z,2018-03-07T23:59:05.000Z,coinmarketcap_data_api_listings_historical
2018-03-07,1459,REGA,Regacoin,regacoin,1454,,0.0012876,0.0,55.98257065,2018-03-07T00:00:00.000Z,2018-03-07T23:59:08.000Z,coinmarketcap_data_api_listings_historical
2018-03-07,385,DON,Donationcoin,donationcoin,1455,,0.00118855,0.0,154.53930664,2018-03-07T00:00:00.000Z,2018-03-07T23:59:02.000Z,coinmarketcap_data_api_listings_historical
2018-03-07,1243,DISK,DarkLisk,darklisk,1456,,0.00118855,0.0,12.66463566,2018-03-07T00:00:00.000Z,2018-03-07T23:59:06.000Z,coinmarketcap_data_api_listings_historical
2018-03-07,2050,SIC,Swisscoin,swisscoin,1457,,0.00118855,0.0,18744.83007813,2018-03-07T00:00:00.000Z,2018-03-07T23:59:15.000Z,coinmarketcap_data_api_listings_historical
2018-03-07,1351,ACES,Aces,aces,1458,,0.00109875,0.0,147.80003357,2018-03-07T00:00:00.000Z,2018-03-07T23:59:07.000Z,coinmarketcap_data_api_listings_historical
2018-03-07,2046,BSN,Bastonet,bastonet,1459,,0.00108951,0.0,657.26544189,2018-03-07T00:00:00.000Z,2018-03-07T23:59:14.000Z,coinmarketcap_data_api_listings_historical
2018-03-07,1028,SJW,SJWCoin,sjwcoin,1460,,0.00099046,0.0,636.09100342,2018-03-07T00:00:00.000Z,2018-03-07T23:59:05.000Z,coinmarketcap_data_api_listings_historical
2018-03-07,1356,TODAY,TodayCoin,todaycoin,1461,,0.00089142,0.0,20.73422241,2018-03-07T00:00:00.000Z,2018-03-07T23:59:07.000Z,coinmarketcap_data_api_listings_historical
2018-03-07,2067,DUTCH,Dutch Coin,dutch-coin,1462,,0.00089142,0.0,45.9010582,2018-03-07T00:00:00.000Z,2018-03-07T23:59:15.000Z,coinmarketcap_data_api_listings_historical
2018-03-07,1627,XVE,The Vegan Initiative,the-vegan-initiative,1463,,0.00084699,0.0,1.10108435,2018-03-07T00:00:00.000Z,2018-03-07T06:59:10.000Z,coinmarketcap_data_api_listings_historical
2018-03-07,1213,GMX,GoldMaxCoin,goldmaxcoin,1464,,0.00081095,0.0,355.2258606,2018-03-07T00:00:00.000Z,2018-03-07T23:59:06.000Z,coinmarketcap_data_api_listings_historical
2018-03-07,2531,W3C,W3Coin,w3coin,1465,,0.0008055,0.0,1738587.0,2018-03-07T00:00:00.000Z,2018-03-07T23:59:19.000Z,coinmarketcap_data_api_listings_historical
2018-03-07,1236,TCR,TheCreed,thecreed,1466,,0.00069567,0.0,1.11306727,2018-03-07T00:00:00.000Z,2018-03-07T23:04:07.000Z,coinmarketcap_data_api_listings_historical
2018-03-07,1728,CHEAP,Cheapcoin,cheapcoin,1467,,0.00069332,0.0,2.27806163,2018-03-07T00:00:00.000Z,2018-03-07T23:59:10.000Z,coinmarketcap_data_api_listings_historical
2018-03-07,1783,UNRC,UniversalRoyalCoin,universalroyalcoin,1468,,0.00059507,0.0,7.07945871,2018-03-07T00:00:00.000Z,2018-03-07T23:59:10.000Z,coinmarketcap_data_api_listings_historical
2018-03-07,1099,MONETA,Moneta,moneta2,1469,,0.00059428,0.0,23.15907097,2018-03-07T00:00:00.000Z,2018-03-07T23:59:05.000Z,coinmarketcap_data_api_listings_historical
2018-03-07,1997,INDIA,India Coin,india-coin,1470,,0.00059428,0.0,501.61962891,2018-03-07T00:00:00.000Z,2018-03-07T23:59:13.000Z,coinmarketcap_data_api_listings_historical
2018-03-07,1506,XSTC,Safe Trade Coin,safe-trade-coin,1471,,0.00049523,0.0,395.77416992,2018-03-07T00:00:00.000Z,2018-03-07T23:59:08.000Z,coinmarketcap_data_api_listings_historical
2018-03-07,1533,ACN,Avoncoin,avoncoin,1472,,0.00049523,0.0,1.27648723,2018-03-07T00:00:00.000Z,2018-03-07T23:59:09.000Z,coinmarketcap_data_api_listings_historical
2018-03-07,1633,RHFC,RHFCoin,rhfcoin,1473,,0.00049523,0.0,54.93624496,2018-03-07T00:00:00.000Z,2018-03-07T23:59:09.000Z,coinmarketcap_data_api_listings_historical
2018-03-07,2077,RUNNERS,Runners,runners,1474,,0.00049523,0.0,60.4362793,2018-03-07T00:00:00.000Z,2018-03-07T23:59:14.000Z,coinmarketcap_data_api_listings_historical
2018-03-07,1393,TELL,Tellurion,tellurion,1475,,0.00039903,0.0,131.21173096,2018-03-07T00:00:00.000Z,2018-03-07T23:59:07.000Z,coinmarketcap_data_api_listings_historical
2018-03-07,71,GDC,GrandCoin,grandcoin,1476,,0.00039618,0.0,636.71691895,2018-03-07T00:00:00.000Z,2018-03-07T23:59:01.000Z,coinmarketcap_data_api_listings_historical
2018-03-07,616,HTML5,HTML5COIN,htmlcoin5,1477,,0.00039618,0.0,338.02609253,2018-03-07T00:00:00.000Z,2018-03-07T23:59:02.000Z,coinmarketcap_data_api_listings_historical
2018-03-07,1119,CME,Cashme,cashme,1478,,0.00039618,0.0,231.91429138,2018-03-07T00:00:00.000Z,2018-03-07T23:59:05.000Z,coinmarketcap_data_api_listings_historical
2018-03-07,1416,MBL,MobileCash,mobilecash,1479,,0.00039618,0.0,7.75372887,2018-03-07T00:00:00.000Z,2018-03-07T23:59:08.000Z,coinmarketcap_data_api_listings_historical
2018-03-07,1530,LEPEN,LePen,lepen,1480,,0.00039618,0.0,7976.05957031,2018-03-07T00:00:00.000Z,2018-03-07T23:59:08.000Z,coinmarketcap_data_api_listings_historical
2018-03-07,2138,HIGH,High Gain,high-gain,1481,,0.00039618,0.0,892.31420898,2018-03-07T00:00:00.000Z,2018-03-07T23:59:15.000Z,coinmarketcap_data_api_listings_historical
2018-03-07,1914,OX,OX Fina,ox-fina,1482,,0.00039618,0.0,5608.08837891,2018-03-07T00:00:00.000Z,2018-03-07T23:59:12.000Z,coinmarketcap_data_api_listings_historical
2018-03-07,2485,CANDY,Candy,candy,1483,,0.00030039,0.0,121718.203125,2018-03-07T00:00:00.000Z,2018-03-07T23:59:20.000Z,coinmarketcap_data_api_listings_historical
2018-03-07,878,CC,CyberCoin,cybercoin,1484,,0.00029714,0.0,25.31451225,2018-03-07T00:00:00.000Z,2018-03-07T23:59:04.000Z,coinmarketcap_data_api_listings_historical
2018-03-07,1131,X2,X2,x2,1485,,0.00029714,0.0,2.17465734,2018-03-07T00:00:00.000Z,2018-03-07T23:59:05.000Z,coinmarketcap_data_api_listings_historical
2018-03-07,1431,TEAM,TeamUp,teamup,1486,,0.00029714,0.0,16.40204239,2018-03-07T00:00:00.000Z,2018-03-07T23:59:07.000Z,coinmarketcap_data_api_listings_historical
2018-03-07,1827,PRIMU,Primulon,primulon,1487,,0.00029714,0.0,24.9373455,2018-03-07T00:00:00.000Z,2018-03-07T23:59:11.000Z,coinmarketcap_data_api_listings_historical
2018-03-07,1849,BIRDS,Birds,birds,1488,,0.00029714,0.0,1.81254458,2018-03-07T00:00:00.000Z,2018-03-07T23:59:12.000Z,coinmarketcap_data_api_listings_historical
2018-03-07,1679,HALLO,Halloween Coin,halloween-coin,1489,,0.00029685,0.0,74.07862854,2018-03-07T00:00:00.000Z,2018-03-07T23:59:10.000Z,coinmarketcap_data_api_listings_historical
2018-03-07,700,FFC,FireFlyCoin,fireflycoin,1490,,0.00019809,0.0,16.45929146,2018-03-07T00:00:00.000Z,2018-03-07T23:59:03.000Z,coinmarketcap_data_api_listings_historical
2018-03-07,1313,LKC,LinkedCoin,linkedcoin,1491,,0.00019809,0.0,1007.69573975,2018-03-07T00:00:00.000Z,2018-03-07T23:59:06.000Z,coinmarketcap_data_api_listings_historical
2018-03-07,1330,POKE,PokeCoin,pokecoin,1492,,0.00019809,0.0,237.99195862,2018-03-07T00:00:00.000Z,2018-03-07T23:59:07.000Z,coinmarketcap_data_api_listings_historical
2018-03-07,1489,TCOIN,T-coin,t-coin,1493,,0.00019809,0.0,4540.93164063,2018-03-07T00:00:00.000Z,2018-03-07T23:59:08.000Z,coinmarketcap_data_api_listings_historical
2018-03-07,1753,ANTX,Antimatter,antimatter,1494,,0.00019809,0.0,413.30770874,2018-03-07T00:00:00.000Z,2018-03-07T23:59:10.000Z,coinmarketcap_data_api_listings_historical
2018-03-07,1920,NAMO,NamoCoin,namocoin,1495,,0.00019809,0.0,618.6885376,2018-03-07T00:00:00.000Z,2018-03-07T23:59:12.000Z,coinmarketcap_data_api_listings_historical
2018-03-07,2494,XMRG,Monero Gold,monero-gold,1496,,0.00019809,0.0,253.66204834,2018-03-07T00:00:00.000Z,2018-03-07T23:59:19.000Z,coinmarketcap_data_api_listings_historical
2018-03-07,41,IFC,Infinitecoin,infinitecoin,1497,,0.00012678,0.0,24756.42382813,2018-03-07T00:00:00.000Z,2018-03-07T23:59:00.000Z,coinmarketcap_data_api_listings_historical
2018-03-07,1549,PDG,PinkDog,pinkdog,1498,,0.00010584,0.0,10.58397198,2018-03-07T00:00:00.000Z,2018-03-07T08:29:08.000Z,coinmarketcap_data_api_listings_historical
2018-03-07,116,KARMA,Karmacoin,karmacoin,1499,,9.905e-05,0.0,1.88653207,2018-03-07T00:00:00.000Z,2018-03-07T23:59:01.000Z,coinmarketcap_data_api_listings_historical
2018-03-07,171,BAT,BatCoin,batcoin,1500,,9.905e-05,0.0,119.41265869,2018-03-07T00:00:00.000Z,2018-03-07T23:59:01.000Z,coinmarketcap_data_api_listings_historical
2018-03-07,855,UNC,UNCoin,uncoin,1501,,9.905e-05,0.0,46.05290222,2018-03-07T00:00:00.000Z,2018-03-07T23:59:03.000Z,coinmarketcap_data_api_listings_historical
2018-03-07,1207,PAYP,PayPeer,paypeer,1502,,9.905e-05,0.0,404.37670898,2018-03-07T00:00:00.000Z,2018-03-07T23:59:05.000Z,coinmarketcap_data_api_listings_historical
2018-03-07,1262,SFE,SafeCoin,safecoin-old,1503,,9.905e-05,0.0,200.05758667,2018-03-07T00:00:00.000Z,2018-03-07T23:59:06.000Z,coinmarketcap_data_api_listings_historical
2018-03-07,1301,HCC,Happy Creator Coin,happy-creator-coin,1504,,9.905e-05,0.0,23.54277611,2018-03-07T00:00:00.000Z,2018-03-07T23:59:07.000Z,coinmarketcap_data_api_listings_historical
2018-03-07,1418,RCN,Rcoin,rcoin,1505,,9.905e-05,0.0,0.99046153,2018-03-07T00:00:00.000Z,2018-03-07T23:59:07.000Z,coinmarketcap_data_api_listings_historical
2018-03-07,1484,MONEY,MoneyCoin,moneycoin,1506,,9.905e-05,0.0,121.19762421,2018-03-07T00:00:00.000Z,2018-03-07T23:59:08.000Z,coinmarketcap_data_api_listings_historical
2018-03-07,1517,YES,Yescoin,yescoin,1507,,9.905e-05,0.0,3.56566143,2018-03-07T00:00:00.000Z,2018-03-07T23:59:08.000Z,coinmarketcap_data_api_listings_historical
2018-03-07,1551,KASHH,KashhCoin,kashhcoin,1508,,9.905e-05,0.0,1.88653207,2018-03-07T00:00:00.000Z,2018-03-07T23:59:08.000Z,coinmarketcap_data_api_listings_historical
2018-03-07,1741,BITOK,Bitok,bitok,1509,,9.905e-05,0.0,243.04380798,2018-03-07T00:00:00.000Z,2018-03-07T23:59:10.000Z,coinmarketcap_data_api_listings_historical
2018-03-07,1767,TURBO,TurboCoin,turbocoin,1510,,9.905e-05,0.0,9.9046154,2018-03-07T00:00:00.000Z,2018-03-07T23:59:11.000Z,coinmarketcap_data_api_listings_historical
2018-03-07,1835,XRY,Royalties,royalties,1511,,9.905e-05,0.0,1705.56225586,2018-03-07T00:00:00.000Z,2018-03-07T23:59:12.000Z,coinmarketcap_data_api_listings_historical
2018-03-07,1907,XTD,XTD Coin,xtd-coin,1512,,9.905e-05,0.0,5247.58349609,2018-03-07T00:00:00.000Z,2018-03-07T23:59:12.000Z,coinmarketcap_data_api_listings_historical
2018-03-07,2347,NUMUS,NumusCash,numuscash,1513,,9.905e-05,0.0,70.98736572,2018-03-07T00:00:00.000Z,2018-03-07T23:59:18.000Z,coinmarketcap_data_api_listings_historical
2018-03-07,287,SLOTH,Slothcoin,slothcoin,1514,,9.226e-05,0.0,749.68206787,2018-03-07T00:00:00.000Z,2018-03-07T23:59:02.000Z,coinmarketcap_data_api_listings_historical
2018-03-07,152,FLAP,FlappyCoin,flappycoin,1515,,6.207e-05,0.0,715.39471436,2018-03-07T00:00:00.000Z,2018-03-07T23:59:01.000Z,coinmarketcap_data_api_listings_historical
2018-03-07,572,RBBT,RabbitCoin,rabbitcoin,1516,,5.484e-05,0.0,1971.40869141,2018-03-07T00:00:00.000Z,2018-03-07T23:59:03.000Z,coinmarketcap_data_api_listings_historical
2018-03-07,1913,PRN,IronCoin,ironcoin,1517,,3.004e-05,0.0,13.21721649,2018-03-07T00:00:00.000Z,2018-03-07T23:59:12.000Z,coinmarketcap_data_api_listings_historical
2018-03-07,1451,WOW,Wowcoin,wowcoin,1518,,1.529e-05,0.0,109.04799652,2018-03-07T00:00:00.000Z,2018-03-07T23:59:07.000Z,coinmarketcap_data_api_listings_historical
2018-03-07,1311,TOKEN,SwapToken,swaptoken,1519,,1.62e-06,0.0,6219.78466797,2018-03-07T00:00:00.000Z,2018-03-07T23:59:06.000Z,coinmarketcap_data_api_listings_historical
2018-03-07,1106,SHND,StrongHands,stronghands,1520,,4.1e-07,0.0,75580.9140625,2018-03-07T00:00:00.000Z,2018-03-07T23:59:05.000Z,coinmarketcap_data_api_listings_historical
