snapshot_date,asset_id,symbol,asset_name,slug,cmc_rank,circulating_supply,price,market_cap,volume,quote_last_updated,item_last_updated,source
2018-05-02,1,BTC,Bitcoin,bitcoin,1,17011825.0,9235.92285156,157119903264.28223,7558159872.0,2018-05-02T00:00:00.000Z,2018-05-02T23:59:31.000Z,coinmarketcap_data_api_listings_historical
2018-05-02,1027,ETH,Ethereum,ethereum,2,99192430.249,687.14935303,68160014270.810295,2822268672.0,2018-05-02T00:00:00.000Z,2018-05-02T23:59:16.000Z,coinmarketcap_data_api_listings_historical
2018-05-02,52,XRP,XRP,xrp,3,39153851043.0,0.85909384,33636832434.804466,544426304.0,2018-05-02T00:00:00.000Z,2018-05-02T23:59:01.000Z,coinmarketcap_data_api_listings_historical
2018-05-02,1831,BCH,Bitcoin Cash,bitcoin-cash,4,17106575.0,1458.7199707,24953702582.830727,1165138944.0,2018-05-02T00:00:00.000Z,2018-05-02T23:59:13.000Z,coinmarketcap_data_api_listings_historical
2018-05-02,1765,EOS,EOS,eos,5,830902867.045928,19.20939255,15961139342.017672,2410371328.0,2018-05-02T00:00:00.000Z,2018-05-02T23:59:13.000Z,coinmarketcap_data_api_listings_historical
2018-05-02,2010,ADA,Cardano,cardano,6,25927070538.0,0.3724204,9655769990.47067,272854976.0,2018-05-02T00:00:00.000Z,2018-05-02T23:59:15.000Z,coinmarketcap_data_api_listings_historical
2018-05-02,2,LTC,Litecoin,litecoin,7,56354487.6508717,151.57743835,8542068877.898985,354656928.0,2018-05-02T00:00:00.000Z,2018-05-02T23:59:01.000Z,coinmarketcap_data_api_listings_historical
2018-05-02,512,XLM,Stellar,stellar,8,18571900022.7512,0.43922701,8157280205.78646,68610936.0,2018-05-02T00:00:00.000Z,2018-05-02T23:59:03.000Z,coinmarketcap_data_api_listings_historical
2018-05-02,1720,MIOTA,IOTA,iota,9,2779530283.0,2.25831151,6277045230.731664,166059024.0,2018-05-02T00:00:00.000Z,2018-05-02T23:59:12.000Z,coinmarketcap_data_api_listings_historical
2018-05-02,1958,TRX,TRON,tron,10,65748111645.1,0.09139691,6009174435.496649,401506016.0,2018-05-02T00:00:00.000Z,2018-05-02T23:59:15.000Z,coinmarketcap_data_api_listings_historical
2018-05-02,1376,NEO,Neo,neo,11,65000000.0,84.78984833,5511340141.296386,137843888.0,2018-05-02T00:00:00.000Z,2018-05-02T23:59:08.000Z,coinmarketcap_data_api_listings_historical
2018-05-02,328,XMR,Monero,monero,12,15991607.9819527,249.66389465,3992527130.5434303,83039272.0,2018-05-02T00:00:00.000Z,2018-05-02T23:59:03.000Z,coinmarketcap_data_api_listings_historical
2018-05-02,131,DASH,Dash,dash,13,8043209.2707178,481.48962402,3872721807.699744,129693544.0,2018-05-02T00:00:00.000Z,2018-05-02T23:59:05.000Z,coinmarketcap_data_api_listings_historical
2018-05-02,873,XEM,NEM,nem,14,8999999999.0,0.4206208,3785587191.1611032,30572516.0,2018-05-02T00:00:00.000Z,2018-05-02T23:59:05.000Z,coinmarketcap_data_api_listings_historical
2018-05-02,1904,VEN,Vechain [Token],vechainold,15,525779137.696634,4.82611609,2537471153.6227536,133091176.0,2018-05-02T00:00:00.000Z,2018-05-02T23:59:15.000Z,coinmarketcap_data_api_listings_historical
2018-05-02,825,USDT,Tether,tether,16,2317140813.52,0.99746448,2311265652.047065,3711892480.0,2018-05-02T00:00:00.000Z,2018-05-02T23:59:06.000Z,coinmarketcap_data_api_listings_historical
2018-05-02,1321,ETC,Ethereum Classic,ethereum-classic,17,101499773.0,21.66823769,2199321206.4550014,193014832.0,2018-05-02T00:00:00.000Z,2018-05-02T23:59:08.000Z,coinmarketcap_data_api_listings_historical
2018-05-02,1684,QTUM,Qtum,qtum,18,88566536.0,22.35670662,1980056061.636368,195646208.0,2018-05-02T00:00:00.000Z,2018-05-02T23:59:12.000Z,coinmarketcap_data_api_listings_historical
2018-05-02,1808,OMG,OmiseGO,omisego,19,102042551.763159,17.24298286,1759517971.4897497,73425112.0,2018-05-02T00:00:00.000Z,2018-05-02T23:59:13.000Z,coinmarketcap_data_api_listings_historical
2018-05-02,2099,ICX,ICON,icon,20,387231348.4573,4.37453461,1693956934.716019,46918436.0,2018-05-02T00:00:00.000Z,2018-05-02T23:59:17.000Z,coinmarketcap_data_api_listings_historical
2018-05-02,1839,BNB,Binance Coin,binance-coin,21,114041290.1095,14.4092083,1643244703.7295845,80730288.0,2018-05-02T00:00:00.000Z,2018-05-02T23:59:13.000Z,coinmarketcap_data_api_listings_historical
2018-05-02,1214,LSK,Lisk,lisk,22,105479698.432327,14.19488335,1497272014.6769562,51579356.0,2018-05-02T00:00:00.000Z,2018-05-02T23:59:07.000Z,coinmarketcap_data_api_listings_historical
2018-05-02,2083,BTG,Bitcoin Gold,bitcoin-gold,23,16980148.588994,75.82386017,1287500412.2515035,33903172.0,2018-05-02T00:00:00.000Z,2018-05-02T23:59:17.000Z,coinmarketcap_data_api_listings_historical
2018-05-02,693,XVG,Verge,verge,24,14949532665.4607,0.08113655,1212953571.555697,155714784.0,2018-05-02T00:00:00.000Z,2018-05-02T23:59:04.000Z,coinmarketcap_data_api_listings_historical
2018-05-02,1567,NANO,Nano,nano,25,133248289.204,8.54792881,1138996890.1860242,22923864.0,2018-05-02T00:00:00.000Z,2018-05-02T23:59:10.000Z,coinmarketcap_data_api_listings_historical
2018-05-02,1437,ZEC,Zcash,zcash,26,3831556.25,293.37121582,1124068315.5464153,60617992.0,2018-05-02T00:00:00.000Z,2018-05-02T23:59:09.000Z,coinmarketcap_data_api_listings_historical
2018-05-02,1700,AE,Aeternity,aeternity,27,233020472.114,4.64174032,1081620521.289371,46875860.0,2018-05-02T00:00:00.000Z,2018-05-02T23:59:11.000Z,coinmarketcap_data_api_listings_historical
2018-05-02,1230,STEEM,Steem,steem,28,254057220.449,4.05587769,1030425011.2711637,13520000.0,2018-05-02T00:00:00.000Z,2018-05-02T23:59:07.000Z,coinmarketcap_data_api_listings_historical
2018-05-02,372,BCN,Bytecoin,bytecoin-bcn,29,183869992494.16,0.00551384,1013830127.1685424,6643491.5,2018-05-02T00:00:00.000Z,2018-05-02T23:59:03.000Z,coinmarketcap_data_api_listings_historical
2018-05-02,463,BTS,BitShares,bitshares,30,2620990000.0,0.37682632,987658006.282746,24063416.0,2018-05-02T00:00:00.000Z,2018-05-02T23:59:04.000Z,coinmarketcap_data_api_listings_historical
2018-05-02,2566,ONT,Ontology,ontology,31,112619657.893,8.5824461,966552143.4787716,86668200.0,2018-05-02T00:00:00.000Z,2018-05-02T23:59:23.000Z,coinmarketcap_data_api_listings_historical
2018-05-02,1866,BTM,Bytom,bytom,32,987000000.0,0.97455639,961887153.4466747,103855992.0,2018-05-02T00:00:00.000Z,2018-05-02T23:59:14.000Z,coinmarketcap_data_api_listings_historical
2018-05-02,1042,SC,Siacoin,siacoin,33,34175133770.0,0.02794183,954915793.6212398,40373556.0,2018-05-02T00:00:00.000Z,2018-05-02T23:59:05.000Z,coinmarketcap_data_api_listings_historical
2018-05-02,2606,WAN,Wanchain,wanchain,34,106152492.636,8.78959084,933036976.4464346,24585254.0,2018-05-02T00:00:00.000Z,2018-05-02T23:59:24.000Z,coinmarketcap_data_api_listings_historical
2018-05-02,2469,ZIL,Zilliqa,zilliqa,35,7284298186.24,0.12430162,905450063.8579514,83086720.0,2018-05-02T00:00:00.000Z,2018-05-02T23:59:22.000Z,coinmarketcap_data_api_listings_historical
2018-05-02,1789,PPT,Populous,populous,36,37004026.8943896,23.99710274,887989435.0831716,9548275.0,2018-05-02T00:00:00.000Z,2018-05-02T23:59:13.000Z,coinmarketcap_data_api_listings_historical
2018-05-02,2222,BCD,Bitcoin Diamond,bitcoin-diamond,37,153423125.0,5.55003643,851503933.0095059,7183267.0,2018-05-02T00:00:00.000Z,2018-05-02T23:59:19.000Z,coinmarketcap_data_api_listings_historical
2018-05-02,2575,BTCP,Bitcoin Private,bitcoin-private,38,20422403.0883125,39.87876129,814420137.7576861,798811.875,2018-05-02T00:00:00.000Z,2018-05-02T23:59:23.000Z,coinmarketcap_data_api_listings_historical
2018-05-02,1343,STRAT,Stratis,stratis,39,98840148.2034662,7.61509991,752677603.3843119,25944072.0,2018-05-02T00:00:00.000Z,2018-05-02T23:59:08.000Z,coinmarketcap_data_api_listings_historical
2018-05-02,1274,WAVES,Waves,waves,40,100000000.0,7.46436882,746436882.019043,43600160.0,2018-05-02T00:00:00.000Z,2018-05-02T23:59:08.000Z,coinmarketcap_data_api_listings_historical
2018-05-02,1896,ZRX,0x,0x,41,525683213.189335,1.31514442,691349344.3402015,18363984.0,2018-05-02T00:00:00.000Z,2018-05-02T23:59:14.000Z,coinmarketcap_data_api_listings_historical
2018-05-02,2021,RHOC,RChain,rchain,42,360077589.330717,1.79593611,646676344.229382,1153712.75,2018-05-02T00:00:00.000Z,2018-05-02T23:59:17.000Z,coinmarketcap_data_api_listings_historical
2018-05-02,1518,MKR,Maker,maker,43,618227.770105802,1038.96936035,642319710.8583964,176260.8125,2018-05-02T00:00:00.000Z,2018-05-02T23:59:09.000Z,coinmarketcap_data_api_listings_historical
2018-05-02,74,DOGE,Dogecoin,dogecoin,44,114267361005.937,0.00527289,602519488.4197215,49958432.0,2018-05-02T00:00:00.000Z,2018-05-02T23:59:02.000Z,coinmarketcap_data_api_listings_historical
2018-05-02,1168,DCR,Decred,decred,45,7145742.91082172,81.47499847,582199392.7556612,2131862.5,2018-05-02T00:00:00.000Z,2018-05-02T23:59:06.000Z,coinmarketcap_data_api_listings_historical
2018-05-02,1455,GNT,Golem,golem-network-tokens,46,834262000.0,0.69752604,581919467.2578576,115785280.0,2018-05-02T00:00:00.000Z,2018-05-02T23:59:09.000Z,coinmarketcap_data_api_listings_historical
2018-05-02,1759,SNT,Status,status,47,3470483788.0,0.16247998,563884142.6422058,36960500.0,2018-05-02T00:00:00.000Z,2018-05-02T23:59:12.000Z,coinmarketcap_data_api_listings_historical
2018-05-02,1903,HC,HyperCash,hypercash,48,42936179.473052,12.83976173,551290314.2026272,79826192.0,2018-05-02T00:00:00.000Z,2018-05-02T23:59:14.000Z,coinmarketcap_data_api_listings_historical
2018-05-02,1229,DGD,DigixDAO,digixdao,49,2000000.0,274.68917847,549378356.933594,8781738.0,2018-05-02T00:00:00.000Z,2018-05-02T23:59:07.000Z,coinmarketcap_data_api_listings_historical
2018-05-02,1934,LRC,Loopring,loopring,50,572074043.309184,0.94850075,542612660.5353234,22035294.0,2018-05-02T00:00:00.000Z,2018-05-02T23:59:14.000Z,coinmarketcap_data_api_listings_historical
2018-05-02,2405,IOST,IOST,iostoken,51,8400000000.0,0.06433527,540416282.4153904,99467368.0,2018-05-02T00:00:00.000Z,2018-05-02T23:59:21.000Z,coinmarketcap_data_api_listings_historical
2018-05-02,2349,XIN,Mixin,mixin,52,419998.284431096,1270.71923828,533699900.0717141,504187.96875,2018-05-02T00:00:00.000Z,2018-05-02T23:59:20.000Z,coinmarketcap_data_api_listings_historical
2018-05-02,2062,AION,Aion,aion,53,133073438.978463,3.9220686,521923155.96401227,23939944.0,2018-05-02T00:00:00.000Z,2018-05-02T23:59:17.000Z,coinmarketcap_data_api_listings_historical
2018-05-02,2299,ELF,aelf,aelf,54,250000000.0,1.98478019,496195048.093795,131963472.0,2018-05-02T00:00:00.000Z,2018-05-02T23:59:20.000Z,coinmarketcap_data_api_listings_historical
2018-05-02,109,DGB,DigiByte,digibyte,55,10197907430.16,0.04829503,492508268.04872537,11232764.0,2018-05-02T00:00:00.000Z,2018-05-02T23:59:02.000Z,coinmarketcap_data_api_listings_historical
2018-05-02,1697,BAT,Basic Attention Token,basic-attention-token,56,1000000000.0,0.49136448,491364479.064941,12751176.0,2018-05-02T00:00:00.000Z,2018-05-02T23:59:11.000Z,coinmarketcap_data_api_listings_historical
2018-05-02,1925,WTC,Waltonchain,waltonchain,57,31144099.4106683,15.47020817,481805701.08885276,4294409.0,2018-05-02T00:00:00.000Z,2018-05-02T23:59:16.000Z,coinmarketcap_data_api_listings_historical
2018-05-02,1104,REP,Augur,augur,58,11000000.0,39.31453705,432459907.5317378,5720968.5,2018-05-02T00:00:00.000Z,2018-05-02T23:59:06.000Z,coinmarketcap_data_api_listings_historical
2018-05-02,1320,ARDR,Ardor,ardor,59,998999495.0,0.42379633,423372315.5789454,5799823.5,2018-05-02T00:00:00.000Z,2018-05-02T23:59:07.000Z,coinmarketcap_data_api_listings_historical
2018-05-02,1521,KMD,Komodo,komodo,60,104059329.531911,4.01540709,417840569.10635483,4310942.5,2018-05-02T00:00:00.000Z,2018-05-02T23:59:10.000Z,coinmarketcap_data_api_listings_historical
2018-05-02,1908,NAS,Nebulas,nebulas-token,61,35500000.0,11.17969704,396879244.8043836,87955192.0,2018-05-02T00:00:00.000Z,2018-05-02T23:59:14.000Z,coinmarketcap_data_api_listings_historical
2018-05-02,2608,MITH,Mithril,mithril,62,305054520.126309,1.27071345,387636881.25768244,169856640.0,2018-05-02T00:00:00.000Z,2018-05-02T23:59:23.000Z,coinmarketcap_data_api_listings_historical
2018-05-02,1586,ARK,Ark,ark,63,102290816.0,3.74178052,382749782.63107264,2541656.0,2018-05-02T00:00:00.000Z,2018-05-02T23:59:10.000Z,coinmarketcap_data_api_listings_historical
2018-05-02,1982,KNC,Kyber Network,kyber-network,64,134132696.93,2.6475184,355118782.67791086,15831746.0,2018-05-02T00:00:00.000Z,2018-05-02T23:59:15.000Z,coinmarketcap_data_api_listings_historical
2018-05-02,1169,PIVX,PIVX,pivx,65,56113192.607368,5.99307537,336290592.5915324,4279685.0,2018-05-02T00:00:00.000Z,2018-05-02T23:59:07.000Z,coinmarketcap_data_api_listings_historical
2018-05-02,1984,SUB,Substratum,substratum,66,383020999.96,0.82599193,316372254.4426134,26637736.0,2018-05-02T00:00:00.000Z,2018-05-02T23:59:16.000Z,coinmarketcap_data_api_listings_historical
2018-05-02,2087,KCS,KuCoin Shares,kucoin-shares,67,75730576.000076,4.09274101,309945634.3013058,821589.0625,2018-05-02T00:00:00.000Z,2018-05-02T23:59:17.000Z,coinmarketcap_data_api_listings_historical
2018-05-02,541,SYS,Syscoin,syscoin,68,533092717.279175,0.57747984,307850296.7196795,18596674.0,2018-05-02T00:00:00.000Z,2018-05-02T23:59:03.000Z,coinmarketcap_data_api_listings_historical
2018-05-02,213,MONA,MonaCoin,monacoin,69,59187324.8935333,5.16429853,305661015.20233464,4632399.0,2018-05-02T00:00:00.000Z,2018-05-02T23:59:10.000Z,coinmarketcap_data_api_listings_historical
2018-05-02,1785,GAS,Gas,gas,70,10128375.105773,29.89812851,302819460.5050396,2586018.5,2018-05-02T00:00:00.000Z,2018-05-02T23:59:16.000Z,coinmarketcap_data_api_listings_historical
2018-05-02,2213,QASH,QASH,qash,71,350000000.0,0.85232627,298314195.8713532,6115579.5,2018-05-02T00:00:00.000Z,2018-05-02T23:59:18.000Z,coinmarketcap_data_api_listings_historical
2018-05-02,2638,CTXC,Cortex,cortex,72,149792458.0,1.98954725,298019173.282344,186579472.0,2018-05-02T00:00:00.000Z,2018-05-02T23:59:24.000Z,coinmarketcap_data_api_listings_historical
2018-05-02,2346,WICC,WaykiChain,waykichain,73,143400000.0,2.06455779,296057587.1944434,42204444.0,2018-05-02T00:00:00.000Z,2018-05-02T23:59:20.000Z,coinmarketcap_data_api_listings_historical
2018-05-02,118,RDD,ReddCoin,reddcoin,74,28808713173.7887,0.01014089,292146025.5298021,84687568.0,2018-05-02T00:00:00.000Z,2018-05-02T23:59:01.000Z,coinmarketcap_data_api_listings_historical
2018-05-02,2027,CNX,Cryptonex,cryptonex,75,45249742.931755,6.29554605,284871840.5965384,1701055.125,2018-05-02T00:00:00.000Z,2018-05-02T23:59:16.000Z,coinmarketcap_data_api_listings_historical
2018-05-02,2297,STORM,Storm,storm,76,4091706233.59987,0.06696141,273986409.138928,58744232.0,2018-05-02T00:00:00.000Z,2018-05-02T23:59:20.000Z,coinmarketcap_data_api_listings_historical
2018-05-02,2585,CENNZ,Centrality,centrality,77,688089106.563339,0.39650342,272829683.1115872,408418.125,2018-05-02T00:00:00.000Z,2018-05-02T23:59:23.000Z,coinmarketcap_data_api_listings_historical
2018-05-02,1817,VGX,Voyager Token,voyager-token,78,76496755.5884532,3.5216856,269397522.6240524,10794171.0,2018-05-02T00:00:00.000Z,2018-05-02T23:59:13.000Z,coinmarketcap_data_api_listings_historical
2018-05-02,1750,GXC,GXChain,gxchain,79,60000000.0,4.43405867,266043519.973755,20429220.0,2018-05-02T00:00:00.000Z,2018-05-02T23:59:12.000Z,coinmarketcap_data_api_listings_historical
2018-05-02,2243,DRGN,Dragonchain,dragonchain,80,238421940.0,1.10820782,264221058.8077001,4374527.0,2018-05-02T00:00:00.000Z,2018-05-02T23:59:18.000Z,coinmarketcap_data_api_listings_historical
2018-05-02,1087,FCT,Factom,factom,81,8745102.0,28.74075699,251340851.42186746,1396709.125,2018-05-02T00:00:00.000Z,2018-05-02T23:59:06.000Z,coinmarketcap_data_api_listings_historical
2018-05-02,2530,FSN,Fusion,fusion,82,29684331.2,8.44718361,250748995.95702824,10397754.0,2018-05-02T00:00:00.000Z,2018-05-02T23:59:23.000Z,coinmarketcap_data_api_listings_historical
2018-05-02,1876,DCN,Dentacoin,dentacoin,83,325226613094.0,0.00076693,249426972.59618446,317300.875,2018-05-02T00:00:00.000Z,2018-05-02T23:59:14.000Z,coinmarketcap_data_api_listings_historical
2018-05-02,66,NXT,Nxt,nxt,84,998999941.507691,0.24924827,248999003.3747663,18600466.0,2018-05-02T00:00:00.000Z,2018-05-02T23:59:01.000Z,coinmarketcap_data_api_listings_historical
2018-05-02,2588,LOOM,Loom Network,loom-network,85,569090988.145878,0.43549204,247834594.64870152,46744520.0,2018-05-02T00:00:00.000Z,2018-05-02T23:59:23.000Z,coinmarketcap_data_api_listings_historical
2018-05-02,1727,BNT,Bancor,bancor,86,51718026.2824533,4.71428728,243813633.50367478,16824656.0,2018-05-02T00:00:00.000Z,2018-05-02T23:59:12.000Z,coinmarketcap_data_api_listings_historical
2018-05-02,1996,SALT,SALT,salt,87,58036257.9569711,4.1960721,243524322.89410236,9666767.0,2018-05-02T00:00:00.000Z,2018-05-02T23:59:15.000Z,coinmarketcap_data_api_listings_historical
2018-05-02,1710,VERI,Veritaseum,veritaseum,88,2036645.44,118.8811264,242118703.99238122,1197215.25,2018-05-02T00:00:00.000Z,2018-05-02T23:59:16.000Z,coinmarketcap_data_api_listings_historical
2018-05-02,2492,ELA,Elastos,elastos,89,5129269.8723608,47.00313568,241091767.75582144,18024892.0,2018-05-02T00:00:00.000Z,2018-05-02T23:59:22.000Z,coinmarketcap_data_api_listings_historical
2018-05-02,2289,GTO,Gifto,gifto,90,429699460.99267,0.55500942,238487250.6336117,42560592.0,2018-05-02T00:00:00.000Z,2018-05-02T23:59:19.000Z,coinmarketcap_data_api_listings_historical
2018-05-02,1757,FUN,FunFair,funfair,91,4723473188.66342,0.05025983,237400952.7054292,8826397.0,2018-05-02T00:00:00.000Z,2018-05-02T23:59:12.000Z,coinmarketcap_data_api_listings_historical
2018-05-02,2300,WAXP,WAX,wax,92,621779038.012148,0.37864652,235434470.66860083,6319724.0,2018-05-02T00:00:00.000Z,2018-05-02T23:59:20.000Z,coinmarketcap_data_api_listings_historical
2018-05-02,2044,ENG,Enigma,enigma,93,74836171.09,2.83063626,211833979.66346964,9709804.0,2018-05-02T00:00:00.000Z,2018-05-02T23:59:16.000Z,coinmarketcap_data_api_listings_historical
2018-05-02,2132,POWR,Power Ledger,power-ledger,94,367993567.919905,0.56888962,209347720.25094363,10694343.0,2018-05-02T00:00:00.000Z,2018-05-02T23:59:18.000Z,coinmarketcap_data_api_listings_historical
2018-05-02,1955,NEBL,Neblio,neblio,95,13058699.8794235,15.96336269,208460762.48454466,15069914.0,2018-05-02T00:00:00.000Z,2018-05-02T23:59:15.000Z,coinmarketcap_data_api_listings_historical
2018-05-02,1414,XZC,Zcoin,zcoin,96,4665628.6533994,43.80420303,204374144.81217667,1885052.75,2018-05-02T00:00:00.000Z,2018-05-02T23:59:09.000Z,coinmarketcap_data_api_listings_historical
2018-05-02,2544,NCASH,Nucleus Vision,nucleus-vision,97,4118538426.49973,0.04895687,201630769.93217868,17878812.0,2018-05-02T00:00:00.000Z,2018-05-02T23:59:23.000Z,coinmarketcap_data_api_listings_historical
2018-05-02,1975,LINK,Chainlink,chainlink,98,350000000.0,0.56470096,197645336.3895416,12012662.0,2018-05-02T00:00:00.000Z,2018-05-02T23:59:15.000Z,coinmarketcap_data_api_listings_historical
2018-05-02,2071,REQ,Request,request,99,662961235.45721,0.29148468,193243046.05711982,6012129.0,2018-05-02T00:00:00.000Z,2018-05-02T23:59:17.000Z,coinmarketcap_data_api_listings_historical
2018-05-02,1966,MANA,Decentraland,decentraland,100,1050141509.426,0.17979519,188810392.94077778,20626314.0,2018-05-02T00:00:00.000Z,2018-05-02T23:59:15.000Z,coinmarketcap_data_api_listings_historical
2018-05-02,2137,ETN,Electroneum,electroneum,101,6875517713.91,0.02698961,185567534.79209197,1574311.625,2018-05-02T00:00:00.000Z,2018-05-02T23:59:18.000Z,coinmarketcap_data_api_listings_historical
2018-05-02,1776,MCO,MCO,crypto-com,102,15793831.0949625,11.61501789,183445630.73431915,23399414.0,2018-05-02T00:00:00.000Z,2018-05-02T23:59:13.000Z,coinmarketcap_data_api_listings_historical
2018-05-02,1918,ACT,Achain,achain,103,476722250.51136,0.38166389,181947667.9565755,71398640.0,2018-05-02T00:00:00.000Z,2018-05-02T23:59:14.000Z,coinmarketcap_data_api_listings_historical
2018-05-02,1993,KIN,Kin,kin,104,756097560976.0,0.00024023,181640123.89460015,372674.03125,2018-05-02T00:00:00.000Z,2018-05-02T23:59:15.000Z,coinmarketcap_data_api_listings_historical
2018-05-02,2246,CMT,CyberMiles,cybermiles,105,633879773.727,0.28595299,181259813.6101018,71150440.0,2018-05-02T00:00:00.000Z,2018-05-02T23:59:19.000Z,coinmarketcap_data_api_listings_historical
2018-05-02,1758,PAY,TenX,tenx,106,109004760.533775,1.64456785,179265724.37123814,3618740.5,2018-05-02T00:00:00.000Z,2018-05-02T23:59:12.000Z,coinmarketcap_data_api_listings_historical
2018-05-02,2392,BTO,Bottos,bottos,107,474465294.26,0.37582764,178317171.94362238,22602390.0,2018-05-02T00:00:00.000Z,2018-05-02T23:59:21.000Z,coinmarketcap_data_api_listings_historical
2018-05-02,2135,R,Revain,revain,108,186450000.0,0.94196117,175628660.00533107,2684641.75,2018-05-02T00:00:00.000Z,2018-05-02T23:59:18.000Z,coinmarketcap_data_api_listings_historical
2018-05-02,291,MAID,MaidSafeCoin,maidsafecoin,109,452552412.0,0.37485704,169642456.81951573,1977555.125,2018-05-02T00:00:00.000Z,2018-05-02T23:59:02.000Z,coinmarketcap_data_api_listings_historical
2018-05-02,2043,CND,Cindicator,cindicator,110,1445976590.32706,0.11688069,169006734.5030025,4708133.5,2018-05-02T00:00:00.000Z,2018-05-02T23:59:16.000Z,coinmarketcap_data_api_listings_historical
2018-05-02,2496,POLY,Polymath,polymath-network,111,239999750.0,0.69933075,167839204.47792113,7963742.0,2018-05-02T00:00:00.000Z,2018-05-02T23:59:22.000Z,coinmarketcap_data_api_listings_historical
2018-05-02,1492,GBYTE,Obyte,obyte,112,645946.01293515,256.70239258,165815886.99675348,143239.40625,2018-05-02T00:00:00.000Z,2018-05-02T23:59:09.000Z,coinmarketcap_data_api_listings_historical
2018-05-02,2235,TNB,Time New Bank,time-new-bank,113,2361679677.21869,0.0686606,162154348.3064958,27200484.0,2018-05-02T00:00:00.000Z,2018-05-02T23:59:19.000Z,coinmarketcap_data_api_listings_historical
2018-05-02,2316,DBC,DeepBrain Chain,deepbrain-chain,114,1500000000.0,0.10723045,160845670.8490845,1620023.125,2018-05-02T00:00:00.000Z,2018-05-02T23:59:20.000Z,coinmarketcap_data_api_listings_historical
2018-05-02,1772,STORJ,Storj,storj,115,135787538.700013,1.17752051,159892612.3016319,8808293.0,2018-05-02T00:00:00.000Z,2018-05-02T23:59:12.000Z,coinmarketcap_data_api_listings_historical
2018-05-02,2092,NULS,NULS,nuls,116,40000000.0,3.99278998,159711599.34997562,16656664.0,2018-05-02T00:00:00.000Z,2018-05-02T23:59:17.000Z,coinmarketcap_data_api_listings_historical
2018-05-02,1408,ICN,Iconomi,iconomi,117,99735686.8829087,1.58908093,158488078.04176182,2453577.75,2018-05-02T00:00:00.000Z,2018-05-02T23:59:08.000Z,coinmarketcap_data_api_listings_historical
2018-05-02,2476,RUFF,Ruff,ruff,118,921800000.0,0.16818838,155036047.03843585,19461984.0,2018-05-02T00:00:00.000Z,2018-05-02T23:59:21.000Z,coinmarketcap_data_api_listings_historical
2018-05-02,1619,SKY,Skycoin,skycoin,119,8069274.0,18.99153328,153247885.71174964,1275929.625,2018-05-02T00:00:00.000Z,2018-05-02T23:59:11.000Z,coinmarketcap_data_api_listings_historical
2018-05-02,1698,ZEN,Horizen,horizen,120,3759250.0,40.75793457,153219265.53344727,1082970.625,2018-05-02T00:00:00.000Z,2018-05-02T23:59:11.000Z,coinmarketcap_data_api_listings_historical
2018-05-02,558,EMC,Emercoin,emercoin,121,41683803.017941,3.64171481,151800522.8427924,1970737.375,2018-05-02T00:00:00.000Z,2018-05-02T23:59:04.000Z,coinmarketcap_data_api_listings_historical
2018-05-02,1816,CVC,Civic,civic,122,342699966.0,0.44126272,151220719.83173853,4894835.0,2018-05-02T00:00:00.000Z,2018-05-02T23:59:13.000Z,coinmarketcap_data_api_listings_historical
2018-05-02,2548,POA,POA,poa,123,204347940.956647,0.72567904,148291017.61022905,14350498.0,2018-05-02T00:00:00.000Z,2018-05-02T23:59:23.000Z,coinmarketcap_data_api_listings_historical
2018-05-02,1826,PART,Particl,particl,124,8954703.92620351,16.54408455,148147378.86592716,1768784.125,2018-05-02T00:00:00.000Z,2018-05-02T23:59:13.000Z,coinmarketcap_data_api_listings_historical
2018-05-02,2474,MAN,Matrix AI Network,matrix-ai-network,125,150000000.0,0.96147209,144220814.1088485,1053295.125,2018-05-02T00:00:00.000Z,2018-05-02T23:59:22.000Z,coinmarketcap_data_api_listings_historical
2018-05-02,2313,SRN,SIRIN LABS Token,sirin-labs-token,126,229258029.0,0.61933082,141986563.8765551,64862856.0,2018-05-02T00:00:00.000Z,2018-05-02T23:59:20.000Z,coinmarketcap_data_api_listings_historical
2018-05-02,2502,HT,Huobi Token,huobi-token,127,50000200.0,2.79096341,139548728.75924125,51712492.0,2018-05-02T00:00:00.000Z,2018-05-02T23:59:22.000Z,coinmarketcap_data_api_listings_historical
2018-05-02,1937,POE,Po.et,poet,128,2277026355.0,0.06072733,138277734.9486202,6897813.5,2018-05-02T00:00:00.000Z,2018-05-02T23:59:14.000Z,coinmarketcap_data_api_listings_historical
2018-05-02,2277,SMT,SmartMesh,smartmesh,129,1413716693.85,0.0970483,137198798.3200397,2935159.75,2018-05-02T00:00:00.000Z,2018-05-02T23:59:19.000Z,coinmarketcap_data_api_listings_historical
2018-05-02,789,NXS,Nexus,nexus,130,57040973.151118,2.38971019,136311394.66764098,1242235.625,2018-05-02T00:00:00.000Z,2018-05-02T23:59:05.000Z,coinmarketcap_data_api_listings_historical
2018-05-02,1637,RLC,iExec RLC,rlc,131,80070793.2387674,1.67094743,133794086.38199882,3700998.5,2018-05-02T00:00:00.000Z,2018-05-02T23:59:11.000Z,coinmarketcap_data_api_listings_historical
2018-05-02,467,BTCD,BitcoinDark,bitcoindark,132,1288862.18407817,103.67069244,133617235.08807416,280794.3125,2018-05-02T00:00:00.000Z,2018-05-02T23:59:03.000Z,coinmarketcap_data_api_listings_historical
2018-05-02,2212,QSP,Quantstamp,quantstamp,133,617314170.818554,0.21486817,132641168.05276617,3948251.5,2018-05-02T00:00:00.000Z,2018-05-02T23:59:18.000Z,coinmarketcap_data_api_listings_historical
2018-05-02,1788,MTL,Metal,metal,134,24212368.2058,5.45050716,131969686.36315408,24919088.0,2018-05-02T00:00:00.000Z,2018-05-02T23:59:13.000Z,coinmarketcap_data_api_listings_historical
2018-05-02,2191,PAYX,Paypex,paypex,135,68428768.29,1.92443597,131686783.29681405,41589.02734375,2018-05-02T00:00:00.000Z,2018-05-02T23:59:18.000Z,coinmarketcap_data_api_listings_historical
2018-05-02,2095,BOS,BOScoin,boscoin,136,444162696.35612,0.29600194,131473020.22594905,954365.9375,2018-05-02T00:00:00.000Z,2018-05-02T23:59:17.000Z,coinmarketcap_data_api_listings_historical
2018-05-02,1828,SMART,SmartCash,smartcash,137,929158984.825284,0.14031711,130376905.53225532,296465.6875,2018-05-02T00:00:00.000Z,2018-05-02T23:59:13.000Z,coinmarketcap_data_api_listings_historical
2018-05-02,1654,BTX,Bitcore,bitcore,138,15486647.8834063,8.41224957,130277546.92242105,1323099.5,2018-05-02T00:00:00.000Z,2018-05-02T23:59:11.000Z,coinmarketcap_data_api_listings_historical
2018-05-02,2291,GNX,Genaro Network,genaro-network,139,241136888.797501,0.53801227,129734603.99648827,6002665.5,2018-05-02T00:00:00.000Z,2018-05-02T23:59:19.000Z,coinmarketcap_data_api_listings_historical
2018-05-02,1659,GNO,Gnosis,gnosis-gno,140,1104590.0,115.37100983,127437663.74443036,688103.5625,2018-05-02T00:00:00.000Z,2018-05-02T23:59:11.000Z,coinmarketcap_data_api_listings_historical
2018-05-02,2641,CPX,Apex,apex,141,407036833.0,0.30648866,124752174.72088774,2432821.0,2018-05-02T00:00:00.000Z,2018-05-02T23:59:24.000Z,coinmarketcap_data_api_listings_historical
2018-05-02,2545,ABT,Arcblock,arcblock,142,93080732.3671905,1.32613754,123437853.69643308,41099344.0,2018-05-02T00:00:00.000Z,2018-05-02T23:59:23.000Z,coinmarketcap_data_api_listings_historical
2018-05-02,2627,TPAY,TokenPay,tokenpay,143,15338929.3217331,7.98821402,122530650.19769874,718092.25,2018-05-02T00:00:00.000Z,2018-05-02T23:59:24.000Z,coinmarketcap_data_api_listings_historical
2018-05-02,1680,ANT,Aragon,aragon,144,26369501.7344602,4.55272245,120053022.64914218,443266.5625,2018-05-02T00:00:00.000Z,2018-05-02T23:59:11.000Z,coinmarketcap_data_api_listings_historical
2018-05-02,1886,DENT,Dent,dent,145,10614760961.1859,0.01130904,120042773.72623971,5082541.5,2018-05-02T00:00:00.000Z,2018-05-02T23:59:14.000Z,coinmarketcap_data_api_listings_historical
2018-05-02,2130,ENJ,Enjin Coin,enjin-coin,146,756192535.064264,0.15865865,119976489.3983054,13289816.0,2018-05-02T00:00:00.000Z,2018-05-02T23:59:18.000Z,coinmarketcap_data_api_listings_historical
2018-05-02,2336,GTC,Game.com,game,147,598256071.740761,0.19961062,119418265.83989799,12383177.0,2018-05-02T00:00:00.000Z,2018-05-02T23:59:20.000Z,coinmarketcap_data_api_listings_historical
2018-05-02,99,VTC,Vertcoin,vertcoin,148,44040675.0,2.67333817,117735617.7223386,1825030.0,2018-05-02T00:00:00.000Z,2018-05-02T23:59:02.000Z,coinmarketcap_data_api_listings_historical
2018-05-02,2276,IGNIS,Ignis,ignis,149,761143950.0,0.15457238,117651833.82971804,13104764.0,2018-05-02T00:00:00.000Z,2018-05-02T23:59:20.000Z,coinmarketcap_data_api_listings_historical
2018-05-02,576,GAME,GameCredits,gamecredits,150,64355352.0,1.80994081,116479378.24668479,517985.59375,2018-05-02T00:00:00.000Z,2018-05-02T23:59:03.000Z,coinmarketcap_data_api_listings_historical
2018-05-02,2428,DDD,Scry.info,scryinfo,151,300056960.0,0.38691118,116095393.53971471,1566613.0,2018-05-02T00:00:00.000Z,2018-05-02T23:59:21.000Z,coinmarketcap_data_api_listings_historical
2018-05-02,2112,PHX,Red Pulse Phoenix,red-pulse,152,805539487.5,0.14372267,115774284.55657026,5367008.0,2018-05-02T00:00:00.000Z,2018-05-02T23:59:18.000Z,coinmarketcap_data_api_listings_historical
2018-05-02,2424,AGI,SingularityNET,singularitynet,153,539673260.161062,0.2121457,114489362.11521661,605999.625,2018-05-02T00:00:00.000Z,2018-05-02T23:59:21.000Z,coinmarketcap_data_api_listings_historical
2018-05-02,1807,SAN,Santiment Network Token,santiment,154,62660370.9569795,1.81086564,113469512.79576701,2064761.25,2018-05-02T00:00:00.000Z,2018-05-02T23:59:13.000Z,coinmarketcap_data_api_listings_historical
2018-05-02,2161,RDN,Raiden Network Token,raiden-network-token,155,50168936.0,2.25520635,113141302.86494632,6711150.0,2018-05-02T00:00:00.000Z,2018-05-02T23:59:18.000Z,coinmarketcap_data_api_listings_historical
2018-05-02,2505,BLZ,Bluzelle,bluzelle,156,165000000.0,0.67859858,111968766.15285866,5969081.0,2018-05-02T00:00:00.000Z,2018-05-02T23:59:22.000Z,coinmarketcap_data_api_listings_historical
2018-05-02,2081,AMB,Ambrosus,amber,157,144590975.0,0.76892644,111179823.90426843,3650680.0,2018-05-02T00:00:00.000Z,2018-05-02T23:59:17.000Z,coinmarketcap_data_api_listings_historical
2018-05-02,2540,LCC,Litecoin Cash,litecoin-cash,158,567671207.208514,0.19299917,109560071.38729608,284910.65625,2018-05-02T00:00:00.000Z,2018-05-02T23:59:22.000Z,coinmarketcap_data_api_listings_historical
2018-05-02,2298,DTR,Dynamic Trading Rights,dynamic-trading-rights,159,1202053264.0,0.08973547,107866815.46615827,18454.49804688,2018-05-02T00:00:00.000Z,2018-05-02T23:59:20.000Z,coinmarketcap_data_api_listings_historical
2018-05-02,2591,DROP,Dropil,dropil,160,18761657691.8235,0.00572537,107417480.5542816,71787.1953125,2018-05-02T00:00:00.000Z,2018-05-02T23:59:23.000Z,coinmarketcap_data_api_listings_historical
2018-05-02,2036,PPP,PayPie,paypie,161,82500000.0,1.2939992,106754933.5956576,733453.0625,2018-05-02T00:00:00.000Z,2018-05-02T23:59:17.000Z,coinmarketcap_data_api_listings_historical
2018-05-02,2303,MED,MediBloc,medibloc,162,2966384100.0,0.03597914,106727961.50952488,1881947.75,2018-05-02T00:00:00.000Z,2018-05-02T23:59:20.000Z,coinmarketcap_data_api_listings_historical
2018-05-02,2570,TOMO,TomoChain,tomochain,163,55000000.0,1.91674125,105420768.8570025,478949.28125,2018-05-02T00:00:00.000Z,2018-05-02T23:59:23.000Z,coinmarketcap_data_api_listings_historical
2018-05-02,2345,HPB,High Performance Blockchain,high-performance-blockchain,164,29702631.937,3.53567672,105018904.19579145,3686047.5,2018-05-02T00:00:00.000Z,2018-05-02T23:59:20.000Z,coinmarketcap_data_api_listings_historical
2018-05-02,1723,SNM,SONM,sonm,165,359600000.0,0.28688315,103163179.1472435,4739363.5,2018-05-02T00:00:00.000Z,2018-05-02T23:59:12.000Z,coinmarketcap_data_api_listings_historical
2018-05-02,2033,BCO,BridgeCoin,bridgecoin,166,27000000.0,3.77914643,102036953.68766794,45478.828125,2018-05-02T00:00:00.000Z,2018-05-02T23:59:16.000Z,coinmarketcap_data_api_listings_historical
2018-05-02,2239,LEND,Aave,aave,167,1086339145.84917,0.09388912,101995423.42801818,7623668.0,2018-05-02T00:00:00.000Z,2018-05-02T23:59:19.000Z,coinmarketcap_data_api_listings_historical
2018-05-02,258,GRS,Groestlcoin,groestlcoin,168,69957648.8873666,1.45757937,101968826.09368083,13130547.0,2018-05-02T00:00:00.000Z,2018-05-02T23:59:02.000Z,coinmarketcap_data_api_listings_historical
2018-05-02,2473,SOC,All Sports,all-sports,169,740755038.297306,0.13739729,101777734.2796805,37867256.0,2018-05-02T00:00:00.000Z,2018-05-02T23:59:22.000Z,coinmarketcap_data_api_listings_historical
2018-05-02,2309,SPHTX,SophiaTX,sophiatx,170,191971866.649944,0.51367855,98611830.2397976,1086503.0,2018-05-02T00:00:00.000Z,2018-05-02T23:59:20.000Z,coinmarketcap_data_api_listings_historical
2018-05-02,707,BLOCK,Blocknet,blocknet,171,5124440.66971665,18.94269562,97070719.81728122,371908.5,2018-05-02T00:00:00.000Z,2018-05-02T23:59:04.000Z,coinmarketcap_data_api_listings_historical
2018-05-02,588,UBQ,Ubiq,ubiq,172,40652611.6039663,2.38031197,96765897.84772904,541592.3125,2018-05-02T00:00:00.000Z,2018-05-02T23:59:05.000Z,coinmarketcap_data_api_listings_historical
2018-05-02,2304,DEW,DEW,dew,173,103244552.962,0.93708438,96748857.57162733,140215.828125,2018-05-02T00:00:00.000Z,2018-05-02T23:59:20.000Z,coinmarketcap_data_api_listings_historical
2018-05-02,2181,GVT,Genesis Vision,genesis-vision,174,3726780.899968,25.76564217,96022903.1001721,29511074.0,2018-05-02T00:00:00.000Z,2018-05-02T23:59:18.000Z,coinmarketcap_data_api_listings_historical
2018-05-02,405,XDN,DigitalNote,digitalnote,175,6906173983.90783,0.01390308,96017073.4513129,4445839.5,2018-05-02T00:00:00.000Z,2018-05-02T23:59:03.000Z,coinmarketcap_data_api_listings_historical
2018-05-02,2446,DTA,DATA,data,176,4626502186.40088,0.02029419,93891120.49364813,22468070.0,2018-05-02T00:00:00.000Z,2018-05-02T23:59:21.000Z,coinmarketcap_data_api_listings_historical
2018-05-02,2416,THETA,THETA,theta,177,628596079.0,0.14672774,92232482.52516735,6558443.5,2018-05-02T00:00:00.000Z,2018-05-02T23:59:21.000Z,coinmarketcap_data_api_listings_historical
2018-05-02,377,NAV,NavCoin,nav-coin,178,62784005.3913106,1.46904194,92232337.30391152,1694618.25,2018-05-02T00:00:00.000Z,2018-05-02T23:59:04.000Z,coinmarketcap_data_api_listings_historical
2018-05-02,1447,ZCL,ZClassic,zclassic,179,3870750.0,23.47786903,90876961.5626336,5419194.5,2018-05-02T00:00:00.000Z,2018-05-02T23:59:09.000Z,coinmarketcap_data_api_listings_historical
2018-05-02,2296,OST,OST,ost,180,321762988.365381,0.27526525,88570168.34871073,3721513.25,2018-05-02T00:00:00.000Z,2018-05-02T23:59:19.000Z,coinmarketcap_data_api_listings_historical
2018-05-02,2507,TKY,THEKEY,thekey,181,4504993286.99993,0.0196364,88461850.37890476,1285039.625,2018-05-02T00:00:00.000Z,2018-05-02T23:59:22.000Z,coinmarketcap_data_api_listings_historical
2018-05-02,2559,AUTO,Cube,cube,182,6274940000.0,0.01408738,88397440.31680733,3398851.0,2018-05-02T00:00:00.000Z,2018-05-02T23:59:23.000Z,coinmarketcap_data_api_listings_historical
2018-05-02,1609,XAS,Asch,asch,183,93355331.0,0.93265665,87068469.87566003,5393702.0,2018-05-02T00:00:00.000Z,2018-05-02T23:59:11.000Z,coinmarketcap_data_api_listings_historical
2018-05-02,2556,CS,Credits,credits,184,137509438.01779,0.63200176,86906206.51682442,2797256.5,2018-05-02T00:00:00.000Z,2018-05-02T23:59:23.000Z,coinmarketcap_data_api_listings_historical
2018-05-02,2552,IHT,IHT Real Estate Protocol,iht-real-estate-protocol,185,467883825.2078,0.18518248,86643888.04158378,10795190.0,2018-05-02T00:00:00.000Z,2018-05-02T23:59:23.000Z,coinmarketcap_data_api_listings_historical
2018-05-02,2223,VEE,BLOCKv,blockv,186,1531433921.30411,0.05600525,85768340.63579182,794472.25,2018-05-02T00:00:00.000Z,2018-05-02T23:59:19.000Z,coinmarketcap_data_api_listings_historical
2018-05-02,2058,AST,AirSwap,airswap,187,150000000.0,0.57150644,85725966.09592439,3937749.25,2018-05-02T00:00:00.000Z,2018-05-02T23:59:16.000Z,coinmarketcap_data_api_listings_historical
2018-05-02,1834,PLR,Pillar,pillar,188,227384800.0,0.3738969,85018471.10838895,103713.7265625,2018-05-02T00:00:00.000Z,2018-05-02T23:59:13.000Z,coinmarketcap_data_api_listings_historical
2018-05-02,42,XPM,Primecoin,primecoin,189,23496323.5402737,3.54296756,83246712.03327861,2662213.5,2018-05-02T00:00:00.000Z,2018-05-02T23:59:01.000Z,coinmarketcap_data_api_listings_historical
2018-05-02,2595,NANJ,NANJCOIN,nanjcoin,190,19361889557.3,0.00424943,82276900.22871809,1421274.75,2018-05-02T00:00:00.000Z,2018-05-02T23:59:23.000Z,coinmarketcap_data_api_listings_historical
2018-05-02,2057,EDO,Eidoo,eidoo,191,29261461.2776,2.77766871,81278645.5320251,21165898.0,2018-05-02T00:00:00.000Z,2018-05-02T23:59:16.000Z,coinmarketcap_data_api_listings_historical
2018-05-02,1768,ADX,AdEx,adx-net,192,73430701.0,1.06483614,78191664.5369047,5251353.5,2018-05-02T00:00:00.000Z,2018-05-02T23:59:13.000Z,coinmarketcap_data_api_listings_historical
2018-05-02,2251,ITC,IoT Chain,iot-chain,193,48603729.08,1.58997893,77278905.31869012,17768236.0,2018-05-02T00:00:00.000Z,2018-05-02T23:59:19.000Z,coinmarketcap_data_api_listings_historical
2018-05-02,2444,C20,CRYPTO20,c20,194,39632641.9306994,1.89638281,75158660.82015853,1902568.875,2018-05-02T00:00:00.000Z,2018-05-02T23:59:21.000Z,coinmarketcap_data_api_listings_historical
2018-05-02,1409,SNGLS,SingularDTV,singulardtv,195,600000000.0,0.12433831,74602988.3623122,4067274.5,2018-05-02T00:00:00.000Z,2018-05-02T23:59:08.000Z,coinmarketcap_data_api_listings_historical
2018-05-02,2096,RCN,Ripio Credit Network,ripio-credit-network,196,491280790.76109,0.1514346,74396910.21012987,7942159.5,2018-05-02T00:00:00.000Z,2018-05-02T23:59:17.000Z,coinmarketcap_data_api_listings_historical
2018-05-02,2307,BIX,Bibox Token,bibox-token,197,104342466.048683,0.711245,74213057.30260883,38827712.0,2018-05-02T00:00:00.000Z,2018-05-02T23:59:20.000Z,coinmarketcap_data_api_listings_historical
2018-05-02,2306,BRD,Bread,bread,198,88862717.6930047,0.82109267,72964525.70706142,1402754.125,2018-05-02T00:00:00.000Z,2018-05-02T23:59:20.000Z,coinmarketcap_data_api_listings_historical
2018-05-02,2344,APPC,AppCoins,appcoins,199,100054311.844948,0.71102756,71141373.48056027,5168253.0,2018-05-02T00:00:00.000Z,2018-05-02T23:59:20.000Z,coinmarketcap_data_api_listings_historical
2018-05-02,723,BAY,BitBay,bitbay,200,1011842446.18565,0.06987137,70698821.45488828,1399021.375,2018-05-02T00:00:00.000Z,2018-05-02T23:59:04.000Z,coinmarketcap_data_api_listings_historical
2018-05-02,201,EMC2,Einsteinium,einsteinium,201,216878181.599999,0.32407272,70284301.92053881,3679003.0,2018-05-02T00:00:00.000Z,2018-05-02T23:59:02.000Z,coinmarketcap_data_api_listings_historical
2018-05-02,2209,INK,Ink,ink,202,463910526.92,0.14992578,69552149.11872175,4224366.0,2018-05-02T00:00:00.000Z,2018-05-02T23:59:19.000Z,coinmarketcap_data_api_listings_historical
2018-05-02,1712,QRL,Quantum Resistant Ledger,quantum-resistant-ledger,203,52000000.0,1.33286667,69309066.77246085,621204.3125,2018-05-02T00:00:00.000Z,2018-05-02T23:59:12.000Z,coinmarketcap_data_api_listings_historical
2018-05-02,5,PPC,Peercoin,peercoin,204,24740442.7860494,2.70968962,67038920.94122437,426472.3125,2018-05-02T00:00:00.000Z,2018-05-02T23:59:02.000Z,coinmarketcap_data_api_listings_historical
2018-05-02,2267,WABI,Tael,tael,205,45248032.811,1.46582532,66325712.14243571,9155209.0,2018-05-02T00:00:00.000Z,2018-05-02T23:59:20.000Z,coinmarketcap_data_api_listings_historical
2018-05-02,2143,DATA,Streamr DATAcoin,streamr-datacoin,206,677154514.0,0.09772036,66171784.40461879,1151782.875,2018-05-02T00:00:00.000Z,2018-05-02T23:59:18.000Z,coinmarketcap_data_api_listings_historical
2018-05-02,1856,DNT,district0x,district0x,207,600000000.0,0.11020936,66125616.4312362,5247328.5,2018-05-02T00:00:00.000Z,2018-05-02T23:59:14.000Z,coinmarketcap_data_api_listings_historical
2018-05-02,362,CLOAK,CloakCoin,cloakcoin,208,5129492.45687049,12.72521877,65273913.70755677,2161908.25,2018-05-02T00:00:00.000Z,2018-05-02T23:59:03.000Z,coinmarketcap_data_api_listings_historical
2018-05-02,1983,VIBE,VIBE,vibe,209,199913906.559954,0.32391447,64755006.74682878,1918447.125,2018-05-02T00:00:00.000Z,2018-05-02T23:59:17.000Z,coinmarketcap_data_api_listings_historical
2018-05-02,2511,WPR,WePower,wepower,210,409865825.8136,0.15738045,64504866.79117256,8208496.0,2018-05-02T00:00:00.000Z,2018-05-02T23:59:22.000Z,coinmarketcap_data_api_listings_historical
2018-05-02,2162,DPY,Delphy,delphy,211,40041672.5983923,1.5974282,63963697.0891123,4916062.0,2018-05-02T00:00:00.000Z,2018-05-02T23:59:18.000Z,coinmarketcap_data_api_listings_historical
2018-05-02,2458,OCN,Odyssey,odyssey,212,2000000000.0,0.03112612,62252230.9422492,40293048.0,2018-05-02T00:00:00.000Z,2018-05-02T23:59:21.000Z,coinmarketcap_data_api_listings_historical
2018-05-02,2394,TEL,Telcoin,telcoin,213,29259751256.55,0.0020986,61404634.11035784,920546.5625,2018-05-02T00:00:00.000Z,2018-05-02T23:59:21.000Z,coinmarketcap_data_api_listings_historical
2018-05-02,2369,XNS,Insolar,insolar,214,30300918.13437,2.02564979,61379048.33435314,9391093.0,2018-05-02T00:00:00.000Z,2018-05-02T23:59:20.000Z,coinmarketcap_data_api_listings_historical
2018-05-02,1281,ION,ION,ion,215,20928777.149146,2.9173553,61056678.91756686,690732.1875,2018-05-02T00:00:00.000Z,2018-05-02T23:59:07.000Z,coinmarketcap_data_api_listings_historical
2018-05-02,573,BURST,Burst,burst,216,1933877841.0,0.03148722,60892442.3719659,5571159.5,2018-05-02T00:00:00.000Z,2018-05-02T23:59:04.000Z,coinmarketcap_data_api_listings_historical
2018-05-02,1159,SLS,SaluS,salus,217,1010448.4753099,60.16341019,60792026.09266343,3428571.5,2018-05-02T00:00:00.000Z,2018-05-02T23:59:06.000Z,coinmarketcap_data_api_listings_historical
2018-05-02,1923,TNT,Tierion,tierion,218,428481269.49942,0.14145832,60612239.52254419,2507316.5,2018-05-02T00:00:00.000Z,2018-05-02T23:59:14.000Z,coinmarketcap_data_api_listings_historical
2018-05-02,2320,UTK,Utrust,utrust,219,292532782.910882,0.20488216,59934748.38361044,1572011.125,2018-05-02T00:00:00.000Z,2018-05-02T23:59:20.000Z,coinmarketcap_data_api_listings_historical
2018-05-02,2447,CRPT,Crypterium,crpt,220,78706576.9895587,0.75850129,59699040.27841736,174368.390625,2018-05-02T00:00:00.000Z,2018-05-02T23:59:21.000Z,coinmarketcap_data_api_listings_historical
2018-05-02,2498,JNT,Jibrel Network,jibrel-network,221,150000000.0,0.39553276,59329913.55657585,1415851.0,2018-05-02T00:00:00.000Z,2018-05-02T23:59:22.000Z,coinmarketcap_data_api_listings_historical
2018-05-02,470,VIA,Viacoin,viacoin,222,23026032.5,2.55956101,58936535.09813618,7623978.5,2018-05-02T00:00:00.000Z,2018-05-02T23:59:03.000Z,coinmarketcap_data_api_listings_historical
2018-05-02,1500,WINGS,Wings,wings,223,89708333.0,0.65301681,58581049.05573919,3175859.25,2018-05-02T00:00:00.000Z,2018-05-02T23:59:09.000Z,coinmarketcap_data_api_listings_historical
2018-05-02,1596,EDG,Edgeless,edgeless,224,82046297.0,0.70309877,57686650.82835437,1741000.25,2018-05-02T00:00:00.000Z,2018-05-02T23:59:10.000Z,coinmarketcap_data_api_listings_historical
2018-05-02,2430,HOT,Hydro Protocol,hydro-protocol,225,702000000.0,0.08108333,56920495.92733385,1239492.125,2018-05-02T00:00:00.000Z,2018-05-02T23:59:21.000Z,coinmarketcap_data_api_listings_historical
2018-05-02,2573,ELEC,Electrify.Asia,electrifyasia,226,357147878.709269,0.15866809,56667970.30973523,1168641.375,2018-05-02T00:00:00.000Z,2018-05-02T23:59:23.000Z,coinmarketcap_data_api_listings_historical
2018-05-02,2080,MOD,Modum,modum,227,18266200.0,3.05317712,55769943.87831685,4680777.5,2018-05-02T00:00:00.000Z,2018-05-02T23:59:17.000Z,coinmarketcap_data_api_listings_historical
2018-05-02,2219,SPANK,SpankChain,spankchain,228,300043386.0,0.18563098,55697346.93170819,138635.828125,2018-05-02T00:00:00.000Z,2018-05-02T23:59:19.000Z,coinmarketcap_data_api_listings_historical
2018-05-02,2321,QLC,QLC Chain,qlink,229,240000000.0,0.22863865,54873275.75683584,10158993.0,2018-05-02T00:00:00.000Z,2018-05-02T23:59:20.000Z,coinmarketcap_data_api_listings_historical
2018-05-02,1899,YOYOW,YOYOW,yoyow,230,263343445.106969,0.20574148,54180670.14272813,20505930.0,2018-05-02T00:00:00.000Z,2018-05-02T23:59:14.000Z,coinmarketcap_data_api_listings_historical
2018-05-02,132,XCP,Counterparty,counterparty,231,2616474.6349785,20.70200539,54166271.9865796,407376.46875,2018-05-02T00:00:00.000Z,2018-05-02T23:59:02.000Z,coinmarketcap_data_api_listings_historical
2018-05-02,1298,LBC,LBRY Credits,library-credit,232,163727659.0013,0.32802159,53706206.36806525,377276.21875,2018-05-02T00:00:00.000Z,2018-05-02T23:59:08.000Z,coinmarketcap_data_api_listings_historical
2018-05-02,2139,MNX,MinexCoin,minexcoin,233,3698535.2941862,14.44468498,53424177.22043718,78061.9609375,2018-05-02T00:00:00.000Z,2018-05-02T23:59:18.000Z,coinmarketcap_data_api_listings_historical
2018-05-02,1423,TRIG,Triggers,triggers,234,32105577.5103,1.64215684,52722393.69048624,7844099.5,2018-05-02T00:00:00.000Z,2018-05-02T23:59:08.000Z,coinmarketcap_data_api_listings_historical
2018-05-02,2612,RNTB,BitRent,bitrent,235,841749999.999996,0.06222463,52377579.39100241,515828.34375,2018-05-02T00:00:00.000Z,2018-05-02T23:59:24.000Z,coinmarketcap_data_api_listings_historical
2018-05-02,2274,MDS,MediShares,medishares,236,506750987.45545,0.10214408,51761612.09543002,5642255.0,2018-05-02T00:00:00.000Z,2018-05-02T23:59:19.000Z,coinmarketcap_data_api_listings_historical
2018-05-02,870,PURA,Pura,pura,237,173603429.799698,0.29718739,51592749.84016474,2482976.75,2018-05-02T00:00:00.000Z,2018-05-02T23:59:05.000Z,coinmarketcap_data_api_listings_historical
2018-05-02,1864,CDT,Blox,blox,238,657023039.17,0.07816506,51356246.44226462,9851919.0,2018-05-02T00:00:00.000Z,2018-05-02T23:59:17.000Z,coinmarketcap_data_api_listings_historical
2018-05-02,2467,TRAC,OriginTrail,origintrail,239,268257242.428917,0.1888478,50659788.76003885,798825.9375,2018-05-02T00:00:00.000Z,2018-05-02T23:59:22.000Z,coinmarketcap_data_api_listings_historical
2018-05-02,2202,PRL,Oyster,oyster,240,77966926.2205424,0.6480487,50526365.09462087,726027.75,2018-05-02T00:00:00.000Z,2018-05-02T23:59:19.000Z,coinmarketcap_data_api_listings_historical
2018-05-02,2120,FUEL,Etherparty,etherparty,241,435720852.55412,0.11234491,48951021.35293125,4089434.75,2018-05-02T00:00:00.000Z,2018-05-02T23:59:17.000Z,coinmarketcap_data_api_listings_historical
2018-05-02,2017,KICK,KickToken,kick-token,242,465621698.284718,0.10381867,48340225.39957552,2270555.5,2018-05-02T00:00:00.000Z,2018-05-02T23:59:16.000Z,coinmarketcap_data_api_listings_historical
2018-05-02,8,FTC,Feathercoin,feathercoin,243,199465960.0,0.24093044,48057421.11720562,283624.875,2018-05-02T00:00:00.000Z,2018-05-02T23:59:01.000Z,coinmarketcap_data_api_listings_historical
2018-05-02,1660,TKN,Monolith,monolith,244,23954622.0785134,1.99199915,47717586.80274091,457431.53125,2018-05-02T00:00:00.000Z,2018-05-02T23:59:11.000Z,coinmarketcap_data_api_listings_historical
2018-05-02,1592,TAAS,TaaS,taas,245,8146000.779398,5.83453369,47528115.9976192,553193.625,2018-05-02T00:00:00.000Z,2018-05-02T23:59:10.000Z,coinmarketcap_data_api_listings_historical
2018-05-02,2399,INT,INT Chain,int-chain,246,150000000.0,0.31353003,47029504.1799546,8387112.5,2018-05-02T00:00:00.000Z,2018-05-02T23:59:21.000Z,coinmarketcap_data_api_listings_historical
2018-05-02,1711,ECA,Electra,electra,247,24709692822.7142,0.00189804,46899946.66650252,304834.5625,2018-05-02T00:00:00.000Z,2018-05-02T23:59:12.000Z,coinmarketcap_data_api_listings_historical
2018-05-02,2443,TNC,Trinity Network Credit,trinity-network-credit,248,333333333.0,0.13937172,46457240.93241943,1146763.375,2018-05-02T00:00:00.000Z,2018-05-02T23:59:21.000Z,coinmarketcap_data_api_listings_historical
2018-05-02,2592,BANCA,Banca,banca,249,11675255731.8444,0.00394845,46099213.45810405,2781926.75,2018-05-02T00:00:00.000Z,2018-05-02T23:59:23.000Z,coinmarketcap_data_api_listings_historical
2018-05-02,2061,BCPT,Blockmason Credit Protocol,blockmason,250,72351752.286741,0.63397527,45869221.50358882,7051106.5,2018-05-02T00:00:00.000Z,2018-05-02T23:59:17.000Z,coinmarketcap_data_api_listings_historical
2018-05-02,2526,EVN,Envion,envion,251,108563219.576413,0.4212164,45728608.35710457,157596.796875,2018-05-02T00:00:00.000Z,2018-05-02T23:59:23.000Z,coinmarketcap_data_api_listings_historical
2018-05-02,2567,DATX,DATx,datx,252,1292868388.26,0.03485652,45064898.41594848,5334.23486328,2018-05-02T00:00:00.000Z,2018-05-02T23:59:24.000Z,coinmarketcap_data_api_listings_historical
2018-05-02,1367,XP,Experience Points,experience-points,253,226460527368.358,0.00019849,44950351.30537289,188928.375,2018-05-02T00:00:00.000Z,2018-05-02T23:59:08.000Z,coinmarketcap_data_api_listings_historical
2018-05-02,2375,QUN,QunQun,qunqun,254,804304194.098,0.05585073,44920978.85290809,3429094.75,2018-05-02T00:00:00.000Z,2018-05-02T23:59:21.000Z,coinmarketcap_data_api_listings_historical
2018-05-02,1552,MLN,Melon,melon,255,599400.0,74.13032532,44433716.99523925,369545.6875,2018-05-02T00:00:00.000Z,2018-05-02T23:59:10.000Z,coinmarketcap_data_api_listings_historical
2018-05-02,2550,RKT,Rock,rock,256,302930855.332897,0.14660534,44411281.83823988,171794.40625,2018-05-02T00:00:00.000Z,2018-05-02T23:59:23.000Z,coinmarketcap_data_api_listings_historical
2018-05-02,1312,SBD,Steem Dollars,steem-dollars,257,12794208.497,3.45390439,44189972.89865068,10055977.0,2018-05-02T00:00:00.000Z,2018-05-02T23:59:08.000Z,coinmarketcap_data_api_listings_historical
2018-05-02,254,NLG,Gulden,gulden,258,396699599.999999,0.10870387,43122780.39906599,121080.59375,2018-05-02T00:00:00.000Z,2018-05-02T23:59:02.000Z,coinmarketcap_data_api_listings_historical
2018-05-02,624,BITCNY,bitCNY,bitcny,259,273607000.0,0.15719676,43010133.96191589,11188497.0,2018-05-02T00:00:00.000Z,2018-05-02T23:59:04.000Z,coinmarketcap_data_api_listings_historical
2018-05-02,2572,BAX,BABB,babb,260,20814593334.0,0.00205715,42818803.80962753,515862.34375,2018-05-02T00:00:00.000Z,2018-05-02T23:59:23.000Z,coinmarketcap_data_api_listings_historical
2018-05-02,1172,SFT,Safex Token,safex-token,261,1543157590.0,0.02768664,42724846.74035778,84756.0546875,2018-05-02T00:00:00.000Z,2018-05-02T23:59:07.000Z,coinmarketcap_data_api_listings_historical
2018-05-02,1779,WGR,Wagerr,wagerr,262,183000000.0,0.23222868,42497848.70445732,212891.734375,2018-05-02T00:00:00.000Z,2018-05-02T23:59:12.000Z,coinmarketcap_data_api_listings_historical
2018-05-02,2539,REN,Ren,ren,263,466993253.059822,0.0908922,42446045.62781061,3083344.0,2018-05-02T00:00:00.000Z,2018-05-02T23:59:23.000Z,coinmarketcap_data_api_listings_historical
2018-05-02,2429,MOBI,Mobius,mobius,264,376657502.4,0.11256272,42397594.28096174,1073646.5,2018-05-02T00:00:00.000Z,2018-05-02T23:59:21.000Z,coinmarketcap_data_api_listings_historical
2018-05-02,2482,CPC,CPChain,cpchain,265,283765852.26693,0.14853883,42150247.09267276,2121439.0,2018-05-02T00:00:00.000Z,2018-05-02T23:59:22.000Z,coinmarketcap_data_api_listings_historical
2018-05-02,2577,RVN,Ravencoin,ravencoin,266,971090172.539948,0.0431902,41941582.27283713,749478.375,2018-05-02T00:00:00.000Z,2018-05-02T23:59:23.000Z,coinmarketcap_data_api_listings_historical
2018-05-02,2283,DAT,Datum,datum,267,880811506.299214,0.04730222,41664342.94550069,1393542.25,2018-05-02T00:00:00.000Z,2018-05-02T23:59:19.000Z,coinmarketcap_data_api_listings_historical
2018-05-02,1595,SOAR,Soarcoin,soarcoin,268,1081269353.04658,0.03825829,41367518.40265358,68732.046875,2018-05-02T00:00:00.000Z,2018-05-02T23:59:10.000Z,coinmarketcap_data_api_listings_historical
2018-05-02,2245,PRE,Presearch,presearch,269,155000000.0,0.26645678,41300801.33676536,80317.140625,2018-05-02T00:00:00.000Z,2018-05-02T23:59:19.000Z,coinmarketcap_data_api_listings_historical
2018-05-02,1703,ETP,Metaverse ETP,metaverse,270,35520237.988474,1.16272092,41300123.74481692,6567696.5,2018-05-02T00:00:00.000Z,2018-05-02T23:59:12.000Z,coinmarketcap_data_api_listings_historical
2018-05-02,1478,DCT,DECENT,decent,271,51306089.0,0.7856077,40306458.34848823,1786876.125,2018-05-02T00:00:00.000Z,2018-05-02T23:59:09.000Z,coinmarketcap_data_api_listings_historical
2018-05-02,2524,UTNP,Universa,universa,272,1757773856.93,0.02277083,40025975.34176257,570518.375,2018-05-02T00:00:00.000Z,2018-05-02T23:59:22.000Z,coinmarketcap_data_api_listings_historical
2018-05-02,45,CSC,CasinoCoin,casinocoin,273,35973085511.3,0.0011071,39825628.81158357,76078.1328125,2018-05-02T00:00:00.000Z,2018-05-02T23:59:03.000Z,coinmarketcap_data_api_listings_historical
2018-05-02,2453,EKT,EDUCare,educare,274,350000000.0,0.11205438,39219032.2279931,30744724.0,2018-05-02T00:00:00.000Z,2018-05-02T23:59:22.000Z,coinmarketcap_data_api_listings_historical
2018-05-02,2642,CVT,CyberVein,cybervein,275,784745243.7,0.04967473,38982011.60992649,434298.625,2018-05-02T00:00:00.000Z,2018-05-02T23:59:24.000Z,coinmarketcap_data_api_listings_historical
2018-05-02,2457,TRUE,TrueChain,truechain,276,25000000.0,1.55007458,38751864.4332885,60932728.0,2018-05-02T00:00:00.000Z,2018-05-02T23:59:21.000Z,coinmarketcap_data_api_listings_historical
2018-05-02,2554,LYM,Lympo,lympo,277,618643175.002615,0.0624816,38653815.8927237,7020320.0,2018-05-02T00:00:00.000Z,2018-05-02T23:59:23.000Z,coinmarketcap_data_api_listings_historical
2018-05-02,2019,VIB,Viberate,viberate,278,168053133.431597,0.22659452,38079919.54059479,4475971.0,2018-05-02T00:00:00.000Z,2018-05-02T23:59:16.000Z,coinmarketcap_data_api_listings_historical
2018-05-02,2341,SWFTC,SwftCoin,swftcoin,279,1750000000.0,0.02159924,37798674.31148882,35996712.0,2018-05-02T00:00:00.000Z,2018-05-02T23:59:20.000Z,coinmarketcap_data_api_listings_historical
2018-05-02,1050,SHIFT,Shift,shift,280,11989211.4,3.14717031,37732090.10146972,251238.9375,2018-05-02T00:00:00.000Z,2018-05-02T23:59:06.000Z,coinmarketcap_data_api_listings_historical
2018-05-02,2305,NGC,NAGA,naga,281,57672338.0,0.65364414,37697186.03534713,444207.46875,2018-05-02T00:00:00.000Z,2018-05-02T23:59:20.000Z,coinmarketcap_data_api_listings_historical
2018-05-02,2149,UKG,Unikoin Gold,unikoin-gold,282,141022371.35,0.26538968,37425882.12703916,4402673.5,2018-05-02T00:00:00.000Z,2018-05-02T23:59:18.000Z,coinmarketcap_data_api_listings_historical
2018-05-02,1715,MGO,MobileGo,mobilego,283,98028877.0,0.38062912,37312645.40837225,1866939.625,2018-05-02T00:00:00.000Z,2018-05-02T23:59:12.000Z,coinmarketcap_data_api_listings_historical
2018-05-02,1775,ADT,adToken,adtoken,284,600000000.0,0.06203763,37222576.88641548,1162705.5,2018-05-02T00:00:00.000Z,2018-05-02T23:59:13.000Z,coinmarketcap_data_api_listings_historical
2018-05-02,2497,MTN,Medicalchain,medical-chain,285,185000000.0,0.1996893,36942520.29061312,11084046.0,2018-05-02T00:00:00.000Z,2018-05-02T23:59:22.000Z,coinmarketcap_data_api_listings_historical
2018-05-02,2643,SENT,Sentinel,sentinel,286,1899999999.15466,0.01934414,36753858.60953654,536968.1875,2018-05-02T00:00:00.000Z,2018-05-02T23:59:24.000Z,coinmarketcap_data_api_listings_historical
2018-05-02,2576,TEN,Tokenomy,tokenomy,287,124607147.91,0.29400665,36635329.58470517,1223735.25,2018-05-02T00:00:00.000Z,2018-05-02T23:59:23.000Z,coinmarketcap_data_api_listings_historical
2018-05-02,2410,SPC,SpaceChain,spacechain,288,514991706.6169,0.07109366,36612647.13324353,104113.953125,2018-05-02T00:00:00.000Z,2018-05-02T23:59:21.000Z,coinmarketcap_data_api_listings_historical
2018-05-02,2437,YEE,YEE,yee,289,1365218125.0,0.02655874,36258478.39905536,11682312.0,2018-05-02T00:00:00.000Z,2018-05-02T23:59:21.000Z,coinmarketcap_data_api_listings_historical
2018-05-02,2468,LET,LinkEye,linkeye,290,600000000.0,0.05964756,35788533.83660316,3352201.25,2018-05-02T00:00:00.000Z,2018-05-02T23:59:22.000Z,coinmarketcap_data_api_listings_historical
2018-05-02,1989,COS,COS,cos,291,118810621.886,0.30068696,35724804.17025594,388183.75,2018-05-02T00:00:00.000Z,2018-05-02T23:59:15.000Z,coinmarketcap_data_api_listings_historical
2018-05-02,2381,SXDT,Spectre.ai Dividend Token,spectre-dividend,292,82073518.6243884,0.42664638,35016369.74763729,19161.1484375,2018-05-02T00:00:00.000Z,2018-05-02T23:59:21.000Z,coinmarketcap_data_api_listings_historical
2018-05-02,89,MOON,Mooncoin,mooncoin,293,224072789121.019,0.00015524,34784011.24853417,120272.5234375,2018-05-02T00:00:00.000Z,2018-05-02T23:59:04.000Z,coinmarketcap_data_api_listings_historical
2018-05-02,2373,TIO,Trade Token,trade-token,294,89921436.0103,0.3868131,34782789.79301063,1256334.625,2018-05-02T00:00:00.000Z,2018-05-02T23:59:21.000Z,coinmarketcap_data_api_listings_historical
2018-05-02,1737,XEL,XEL,xel,295,91623140.0,0.37646365,34492781.86069007,166403.734375,2018-05-02T00:00:00.000Z,2018-05-02T23:59:12.000Z,coinmarketcap_data_api_listings_historical
2018-05-02,2624,SENC,Sentinel Chain,sentinel-chain,296,196057753.24466,0.17556451,34420783.89189566,2281083.0,2018-05-02T00:00:00.000Z,2018-05-02T23:59:24.000Z,coinmarketcap_data_api_listings_historical
2018-05-02,2481,ZPT,Zeepin,zeepin,297,293827778.0,0.11688191,34343153.20735606,1844820.375,2018-05-02T00:00:00.000Z,2018-05-02T23:59:22.000Z,coinmarketcap_data_api_listings_historical
2018-05-02,1448,ZOI,Zoin,zoin,298,17590241.875,1.94679046,34244515.01455857,216148.859375,2018-05-02T00:00:00.000Z,2018-05-02T23:59:09.000Z,coinmarketcap_data_api_listings_historical
2018-05-02,2631,ODE,ODEM,odem,299,177482510.832452,0.19145215,33979407.50117326,34117.9921875,2018-05-02T00:00:00.000Z,2018-05-02T23:59:24.000Z,coinmarketcap_data_api_listings_historical
2018-05-02,1847,MSP,Mothership,mothership,300,140000000.0,0.24250677,33950948.11916346,365579.40625,2018-05-02T00:00:00.000Z,2018-05-02T23:59:13.000Z,coinmarketcap_data_api_listings_historical
2018-05-02,1616,GUP,Matchpool,guppy,301,75000000.0,0.45139173,33854379.50491905,3592097.5,2018-05-02T00:00:00.000Z,2018-05-02T23:59:10.000Z,coinmarketcap_data_api_listings_historical
2018-05-02,1669,HMQ,Humaniq,humaniq,302,162862944.035598,0.20540731,33453238.67147039,5658122.5,2018-05-02T00:00:00.000Z,2018-05-02T23:59:11.000Z,coinmarketcap_data_api_listings_historical
2018-05-02,1658,LUN,Lunyr,lunyr,303,2297853.07853158,14.47806358,33268462.97623191,4766872.0,2018-05-02T00:00:00.000Z,2018-05-02T23:59:11.000Z,coinmarketcap_data_api_listings_historical
2018-05-02,2600,LGO,LGO Exchange,legolas-exchange,304,119635679.45,0.27787596,33243879.2622511,189367.703125,2018-05-02T00:00:00.000Z,2018-05-02T23:59:23.000Z,coinmarketcap_data_api_listings_historical
2018-05-02,1729,CFI,Cofound.it,cofound-it,305,325000000.0,0.1009158,32797634.0427996,903073.25,2018-05-02T00:00:00.000Z,2018-05-02T23:59:12.000Z,coinmarketcap_data_api_listings_historical
2018-05-02,2634,XDCE,XinFin Network,xinfin-network,306,3461218448.94793,0.00945547,32727442.03510138,335878.0625,2018-05-02T00:00:00.000Z,2018-05-02T23:59:24.000Z,coinmarketcap_data_api_listings_historical
2018-05-02,2364,TCT,TokenClub,tokenclub,307,481425335.1736,0.06714638,32325966.46333421,1823539.125,2018-05-02T00:00:00.000Z,2018-05-02T23:59:20.000Z,coinmarketcap_data_api_listings_historical
2018-05-02,1636,XBY,XTRABYTES,xtrabytes,308,430000000.0,0.074163,31890092.04506873,133430.40625,2018-05-02T00:00:00.000Z,2018-05-02T23:59:11.000Z,coinmarketcap_data_api_listings_historical
2018-05-02,2158,PHR,Phore,phore,309,12948471.2194861,2.43864083,31576670.63948221,116173.0234375,2018-05-02T00:00:00.000Z,2018-05-02T23:59:18.000Z,coinmarketcap_data_api_listings_historical
2018-05-02,1947,MTH,Monetha,monetha,310,217515566.83,0.14359692,31234564.88130555,1404234.375,2018-05-02T00:00:00.000Z,2018-05-02T23:59:16.000Z,coinmarketcap_data_api_listings_historical
2018-05-02,1125,AMP,HyperSpace,synereo,311,100728564.0,0.30980575,31206288.4017463,471242.46875,2018-05-02T00:00:00.000Z,2018-05-02T23:59:06.000Z,coinmarketcap_data_api_listings_historical
2018-05-02,2597,UP,UpToken,uptoken,312,141959175.941292,0.21968742,31186644.70322013,1973560.75,2018-05-02T00:00:00.000Z,2018-05-02T23:59:23.000Z,coinmarketcap_data_api_listings_historical
2018-05-02,720,CRW,Crown,crown,313,18218539.9068783,1.69257939,30836325.13710527,133928.203125,2018-05-02T00:00:00.000Z,2018-05-02T23:59:04.000Z,coinmarketcap_data_api_listings_historical
2018-05-02,2493,STK,STK,stk,314,341834575.352385,0.08974225,30677004.17305568,1716039.0,2018-05-02T00:00:00.000Z,2018-05-02T23:59:22.000Z,coinmarketcap_data_api_listings_historical
2018-05-02,3,NMC,Namecoin,namecoin,315,14736400.0,2.08135843,30671730.40866859,194083.765625,2018-05-02T00:00:00.000Z,2018-05-02T23:59:01.000Z,coinmarketcap_data_api_listings_historical
2018-05-02,1590,MER,Mercury,mercury,316,100000000.0,0.30641165,30641165.3757095,2959446.0,2018-05-02T00:00:00.000Z,2018-05-02T23:59:10.000Z,coinmarketcap_data_api_listings_historical
2018-05-02,2308,SAI,Single Collateral DAI ,single-collateral-dai,317,30552184.8238125,0.99679744,30454339.69321493,667532.0625,2018-05-02T00:00:00.000Z,2018-05-02T23:59:20.000Z,coinmarketcap_data_api_listings_historical
2018-05-02,2034,EVX,Everex,everex,318,16500000.0,1.8416822,30387756.22844692,5811135.5,2018-05-02T00:00:00.000Z,2018-05-02T23:59:17.000Z,coinmarketcap_data_api_listings_historical
2018-05-02,1026,AEON,Aeon,aeon,319,15785578.095707,1.90951335,30142772.17912097,81897.2109375,2018-05-02T00:00:00.000Z,2018-05-02T23:59:06.000Z,coinmarketcap_data_api_listings_historical
2018-05-02,2357,AIDOC,AI Doctor,aidoc,320,443330795.69546,0.06750297,29926144.52113554,5605240.0,2018-05-02T00:00:00.000Z,2018-05-02T23:59:20.000Z,coinmarketcap_data_api_listings_historical
2018-05-02,2315,HTML,HTMLCOIN,html-coin,321,65877343747.4791,0.00045283,29831192.8481961,76844.078125,2018-05-02T00:00:00.000Z,2018-05-02T23:59:20.000Z,coinmarketcap_data_api_listings_historical
2018-05-02,212,ECC,ECC,eccoin,322,24999999999.9829,0.00119151,29787691.89210437,15338.34082031,2018-05-02T00:00:00.000Z,2018-05-02T23:59:02.000Z,coinmarketcap_data_api_listings_historical
2018-05-02,122,POT,PotCoin,potcoin,323,219850144.289234,0.13538876,29765238.80781379,143212.984375,2018-05-02T00:00:00.000Z,2018-05-02T23:59:05.000Z,coinmarketcap_data_api_listings_historical
2018-05-02,2553,RFR,Refereum,refereum,324,2353867717.32,0.01249447,29410327.36890401,1136577.625,2018-05-02T00:00:00.000Z,2018-05-02T23:59:23.000Z,coinmarketcap_data_api_listings_historical
2018-05-02,1974,PRO,Propy,propy,325,17459665.3910539,1.67326021,29214563.4127163,11557731.0,2018-05-02T00:00:00.000Z,2018-05-02T23:59:15.000Z,coinmarketcap_data_api_listings_historical
2018-05-02,2586,SNX,Synthetix Network Token,synthetix-network-token,326,60470766.05539,0.48119208,29098053.82840682,813544.4375,2018-05-02T00:00:00.000Z,2018-05-02T23:59:23.000Z,coinmarketcap_data_api_listings_historical
2018-05-02,2579,SHIP,ShipChain,shipchain,327,170283431.429547,0.17040192,29016622.96295951,238134.265625,2018-05-02T00:00:00.000Z,2018-05-02T23:59:23.000Z,coinmarketcap_data_api_listings_historical
2018-05-02,2176,HST,Decision Token,decision-token,328,32025998.4157696,0.90577221,29008259.33584585,132327.578125,2018-05-02T00:00:00.000Z,2018-05-02T23:59:18.000Z,coinmarketcap_data_api_listings_historical
2018-05-02,2389,UGC,ugChain,ugchain,329,568842039.121,0.05094733,28980985.71152825,517815.0625,2018-05-02T00:00:00.000Z,2018-05-02T23:59:21.000Z,coinmarketcap_data_api_listings_historical
2018-05-02,1403,1ST,FirstBlood,firstblood,330,85558370.5,0.33561438,28714619.74472332,492614.625,2018-05-02T00:00:00.000Z,2018-05-02T23:59:08.000Z,coinmarketcap_data_api_listings_historical
2018-05-02,1949,DLT,Agrello,agrello-delta,331,85978873.0,0.33173549,28522243.7149915,2794042.0,2018-05-02T00:00:00.000Z,2018-05-02T23:59:15.000Z,coinmarketcap_data_api_listings_historical
2018-05-02,1881,ONION,DeepOnion,deeponion,332,14369504.9802843,1.9844209,28515145.94196646,177670.203125,2018-05-02T00:00:00.000Z,2018-05-02T23:59:15.000Z,coinmarketcap_data_api_listings_historical
2018-05-02,2337,TAU,Lamden,lamden,333,142215728.19,0.19926232,28338236.08118052,366031.125,2018-05-02T00:00:00.000Z,2018-05-02T23:59:20.000Z,coinmarketcap_data_api_listings_historical
2018-05-02,2390,BKX,BANKEX,bankex,334,69310369.7778817,0.40821648,28293634.93151014,1187064.875,2018-05-02T00:00:00.000Z,2018-05-02T23:59:21.000Z,coinmarketcap_data_api_listings_historical
2018-05-02,2675,DOCK,Dock,dock,335,212221521.567,0.13263208,28147381.13441015,5812085.5,2018-05-02T00:00:00.000Z,2018-05-02T23:59:24.000Z,coinmarketcap_data_api_listings_historical
2018-05-02,2503,DMT,DMarket,dmarket,336,50216064.1984556,0.55956638,28099221.19074575,486289.125,2018-05-02T00:00:00.000Z,2018-05-02T23:59:22.000Z,coinmarketcap_data_api_listings_historical
2018-05-02,2215,TSL,Energo,energo,337,582029028.5,0.04812446,28009834.07802838,1542349.375,2018-05-02T00:00:00.000Z,2018-05-02T23:59:19.000Z,coinmarketcap_data_api_listings_historical
2018-05-02,495,IOC,I/O Coin,iocoin,338,16687519.4743456,1.66999757,27868117.01985961,108385.0546875,2018-05-02T00:00:00.000Z,2018-05-02T23:59:04.000Z,coinmarketcap_data_api_listings_historical
2018-05-02,2248,CAPP,Cappasity,cappasity,339,413948998.65,0.0673019,27859553.7788965,79386.9296875,2018-05-02T00:00:00.000Z,2018-05-02T23:59:19.000Z,coinmarketcap_data_api_listings_historical
2018-05-02,2153,ARN,Aeron,aeron,340,13000000.0,2.1295321,27683917.28401182,32759256.0,2018-05-02T00:00:00.000Z,2018-05-02T23:59:18.000Z,coinmarketcap_data_api_listings_historical
2018-05-02,1405,PEPECASH,Pepe Cash,pepe-cash,341,701884009.0,0.03906776,27421038.70330957,128520.9921875,2018-05-02T00:00:00.000Z,2018-05-02T23:59:09.000Z,coinmarketcap_data_api_listings_historical
2018-05-02,67,UNO,Unobtanium,unobtanium,342,198581.36151896,136.89057922,27183917.6013481,2470.23144531,2018-05-02T00:00:00.000Z,2018-05-02T23:59:01.000Z,coinmarketcap_data_api_listings_historical
2018-05-02,819,BITB,Bean Cash,bean-cash,343,2489216000.0,0.01087516,27070633.5536241,1795653.625,2018-05-02T00:00:00.000Z,2018-05-02T23:59:04.000Z,coinmarketcap_data_api_listings_historical
2018-05-02,2484,HMC,Hi Mutual Society,hi-mutual-society,344,404100000.0,0.06687229,27023092.90096165,2272965.5,2018-05-02T00:00:00.000Z,2018-05-02T23:59:22.000Z,coinmarketcap_data_api_listings_historical
2018-05-02,1719,PPY,Peerplays,peerplays-ppy,345,3967688.37655,6.76839542,26854883.85125923,2611.42602539,2018-05-02T00:00:00.000Z,2018-05-02T23:59:11.000Z,coinmarketcap_data_api_listings_historical
2018-05-02,1786,SNC,SunContract,suncontract,346,119665373.15437,0.22309485,26696728.56723727,3709301.75,2018-05-02T00:00:00.000Z,2018-05-02T23:59:13.000Z,coinmarketcap_data_api_listings_historical
2018-05-02,90,DIME,Dimecoin,dimecoin,347,539096740559.918,4.941e-05,26636602.49776249,102117.296875,2018-05-02T00:00:00.000Z,2018-05-02T23:59:01.000Z,coinmarketcap_data_api_listings_historical
2018-05-02,416,THC,HempCoin,hempcoin,348,230478759.762653,0.11514363,26538162.04621555,124342.6640625,2018-05-02T00:00:00.000Z,2018-05-02T23:59:03.000Z,coinmarketcap_data_api_listings_historical
2018-05-02,1638,TRST,WeTrust,trust,349,92147500.0,0.28777164,26517437.4003708,309456.34375,2018-05-02T00:00:00.000Z,2018-05-02T23:59:11.000Z,coinmarketcap_data_api_listings_historical
2018-05-02,1873,TIX,Blocktix,blocktix,350,40000000.0,0.65805107,26322042.94204712,4128593.25,2018-05-02T00:00:00.000Z,2018-05-02T23:59:14.000Z,coinmarketcap_data_api_listings_historical
2018-05-02,2472,FOTA,Fortuna,fortuna,351,400586066.970807,0.06511742,26085130.67477166,1246871.125,2018-05-02T00:00:00.000Z,2018-05-02T23:59:22.000Z,coinmarketcap_data_api_listings_historical
2018-05-02,2645,UUU,U Network,u-network,352,5721812434.0,0.00454728,26018668.74273237,3494897.75,2018-05-02T00:00:00.000Z,2018-05-02T23:59:24.000Z,coinmarketcap_data_api_listings_historical
2018-05-02,2211,BOT,Bodhi,bodhi,353,40000000.0,0.64698869,25879547.5959778,14790824.0,2018-05-02T00:00:00.000Z,2018-05-02T23:59:18.000Z,coinmarketcap_data_api_listings_historical
2018-05-02,2312,DIM,DIMCOIN,dimcoin,354,2102485837.32873,0.01225111,25757782.92188814,390350.34375,2018-05-02T00:00:00.000Z,2018-05-02T23:59:19.000Z,coinmarketcap_data_api_listings_historical
2018-05-02,1732,NMR,Numeraire,numeraire,355,1350466.58734679,19.01626396,25680829.09656699,565838.125,2018-05-02T00:00:00.000Z,2018-05-02T23:59:12.000Z,coinmarketcap_data_api_listings_historical
2018-05-02,2327,MOT,Olympus Labs,olympus-labs,356,38495022.4995956,0.66609854,25641478.09411636,1398520.375,2018-05-02T00:00:00.000Z,2018-05-02T23:59:20.000Z,coinmarketcap_data_api_listings_historical
2018-05-02,2047,ZSC,Zeusshield,zeusshield,357,1153170765.0,0.02209761,25482319.90389014,791839.4375,2018-05-02T00:00:00.000Z,2018-05-02T23:59:17.000Z,coinmarketcap_data_api_listings_historical
2018-05-02,2525,ACAT,Alphacat,alphacat,358,2790428084.0,0.00911129,25424399.12430059,2492651.75,2018-05-02T00:00:00.000Z,2018-05-02T23:59:23.000Z,coinmarketcap_data_api_listings_historical
2018-05-02,2144,XSH,SHIELD,shield-xsh,359,481730691.616176,0.05264817,25362240.20510788,110699.2265625,2018-05-02T00:00:00.000Z,2018-05-02T23:59:18.000Z,coinmarketcap_data_api_listings_historical
2018-05-02,1294,RISE,Rise,rise,360,123938645.41,0.2030835,25169893.92809871,1809.46325684,2018-05-02T00:00:00.000Z,2018-05-02T23:59:07.000Z,coinmarketcap_data_api_listings_historical
2018-05-02,83,OMNI,Omni,omni,361,560947.44864341,44.80257416,25131889.66642729,1102770.375,2018-05-02T00:00:00.000Z,2018-05-02T23:59:01.000Z,coinmarketcap_data_api_listings_historical
2018-05-02,2340,BLT,Bloom,bloomtoken,362,47674793.9630044,0.52635753,25093986.86740485,60818.66796875,2018-05-02T00:00:00.000Z,2018-05-02T23:59:20.000Z,coinmarketcap_data_api_listings_historical
2018-05-02,1954,MDA,Moeda Loyalty Points,moeda-loyalty-points,363,19628888.0,1.2731595,24990705.30891042,7684361.0,2018-05-02T00:00:00.000Z,2018-05-02T23:59:17.000Z,coinmarketcap_data_api_listings_historical
2018-05-02,2242,QBT,Qbao,qbao,364,65351403.0,0.38211468,24971730.35479554,3688205.75,2018-05-02T00:00:00.000Z,2018-05-02T23:59:19.000Z,coinmarketcap_data_api_listings_historical
2018-05-02,170,BLK,BlackCoin,blackcoin,365,76816650.7905222,0.32252315,24775147.94480041,303900.875,2018-05-02T00:00:00.000Z,2018-05-02T23:59:02.000Z,coinmarketcap_data_api_listings_historical
2018-05-02,2348,MDT,Measurable Data Token,measurable-data-token,366,259149917.866029,0.09546718,24740311.85944051,1549240.0,2018-05-02T00:00:00.000Z,2018-05-02T23:59:20.000Z,coinmarketcap_data_api_listings_historical
2018-05-02,2378,KRM,Karma,karma,367,1782809241.0,0.01385893,24707837.14667261,76598.578125,2018-05-02T00:00:00.000Z,2018-05-02T23:59:20.000Z,coinmarketcap_data_api_listings_historical
2018-05-02,2620,SWTH,Switcheo,switcheo,368,490452259.087177,0.05014349,24592988.67330251,832820.875,2018-05-02T00:00:00.000Z,2018-05-02T23:59:23.000Z,coinmarketcap_data_api_listings_historical
2018-05-02,2633,XSN,Stakenet,stakenet,369,57082485.7285,0.43044114,24570650.29542914,183654.140625,2018-05-02T00:00:00.000Z,2018-05-02T23:59:24.000Z,coinmarketcap_data_api_listings_historical
2018-05-02,2423,AURA,Aurora DAO,aurora-dao,370,101907520.0,0.23711801,24164107.91358943,256019.640625,2018-05-02T00:00:00.000Z,2018-05-02T23:59:21.000Z,coinmarketcap_data_api_listings_historical
2018-05-02,2391,EKO,EchoLink,echolink,371,372810007.0,0.06403051,23871213.28449401,5288417.5,2018-05-02T00:00:00.000Z,2018-05-02T23:59:21.000Z,coinmarketcap_data_api_listings_historical
2018-05-02,2628,BERRY,Rentberry,rentberry,372,255628294.060706,0.09271067,23699469.4824472,131551.71875,2018-05-02T00:00:00.000Z,2018-05-02T23:59:24.000Z,coinmarketcap_data_api_listings_historical
2018-05-02,2398,KEY,Selfkey,selfkey,373,1912500536.29583,0.0122495,23427181.60133251,234592.078125,2018-05-02T00:00:00.000Z,2018-05-02T23:59:21.000Z,coinmarketcap_data_api_listings_historical
2018-05-02,2533,MWAT,Restart Energy MWAT,restart-energy-mwat,374,415000000.0,0.05630377,23366065.82626701,283394.0625,2018-05-02T00:00:00.000Z,2018-05-02T23:59:22.000Z,coinmarketcap_data_api_listings_historical
2018-05-02,2407,AIT,AICHAIN,aichain,375,535067071.156,0.04340905,23226750.99021274,553925.4375,2018-05-02T00:00:00.000Z,2018-05-02T23:59:21.000Z,coinmarketcap_data_api_listings_historical
2018-05-02,1022,LEO,LEOcoin,leocoin,376,101743210.920822,0.2271174,23107653.97372699,1364016.375,2018-05-02T00:00:00.000Z,2018-05-02T23:59:05.000Z,coinmarketcap_data_api_listings_historical
2018-05-02,2134,GRID,Grid+,grid,377,39236491.0,0.58840394,23086905.90405347,1045.17993164,2018-05-02T00:00:00.000Z,2018-05-02T23:59:18.000Z,coinmarketcap_data_api_listings_historical
2018-05-02,2604,BITG,BitGreen,bitgreen,378,2988566.4841648,7.71903515,23068849.73525761,317850.5625,2018-05-02T00:00:00.000Z,2018-05-02T23:59:24.000Z,coinmarketcap_data_api_listings_historical
2018-05-02,1853,OAX,OAX,oax,379,25009249.58,0.92199969,23058520.43284136,1158345.0,2018-05-02T00:00:00.000Z,2018-05-02T23:59:14.000Z,coinmarketcap_data_api_listings_historical
2018-05-02,1950,HVN,Hiveterminal Token,hiveterminal-token,380,375000000.0,0.06121428,22955354.76878284,40741.296875,2018-05-02T00:00:00.000Z,2018-05-02T23:59:15.000Z,coinmarketcap_data_api_listings_historical
2018-05-02,2465,BPT,Blockport,blockport,381,51980933.4494366,0.43712184,22722001.18759069,256109.078125,2018-05-02T00:00:00.000Z,2018-05-02T23:59:21.000Z,coinmarketcap_data_api_listings_historical
2018-05-02,1154,RADS,Radium,radium,382,3480437.19319672,6.50885582,22653663.88004629,85402.015625,2018-05-02T00:00:00.000Z,2018-05-02T23:59:14.000Z,coinmarketcap_data_api_listings_historical
2018-05-02,916,MEDIC,MedicCoin,mediccoin,383,178449111.5125,0.12536347,22370999.68127397,73186.9453125,2018-05-02T00:00:00.000Z,2018-05-02T23:59:06.000Z,coinmarketcap_data_api_listings_historical
2018-05-02,323,VRC,VeriCoin,vericoin,384,30941759.2309347,0.72187722,22336151.05177052,388513.78125,2018-05-02T00:00:00.000Z,2018-05-02T23:59:03.000Z,coinmarketcap_data_api_listings_historical
2018-05-02,77,DMD,Diamond,diamond,385,2761056.92470102,8.04471684,22211921.12459629,65810.421875,2018-05-02T00:00:00.000Z,2018-05-02T23:59:01.000Z,coinmarketcap_data_api_listings_historical
2018-05-02,2510,DXT,Datawallet,datawallet,386,390222225.333,0.05691534,22209630.27234742,766791.375,2018-05-02T00:00:00.000Z,2018-05-02T23:59:22.000Z,coinmarketcap_data_api_listings_historical
2018-05-02,1603,DTB,Databits,databits,387,22747808.5,0.97305131,22134784.85112678,293342.8125,2018-05-02T00:00:00.000Z,2018-05-02T23:59:11.000Z,coinmarketcap_data_api_listings_historical
2018-05-02,2325,MTX,Matryx,matryx,388,23224303.1,0.94593203,21968612.19245961,4047398.0,2018-05-02T00:00:00.000Z,2018-05-02T23:59:20.000Z,coinmarketcap_data_api_listings_historical
2018-05-02,1473,PASC,Pascal,pascal,389,20163400.0,1.08653557,21908251.37274273,109485.90625,2018-05-02T00:00:00.000Z,2018-05-02T23:59:09.000Z,coinmarketcap_data_api_listings_historical
2018-05-02,224,FAIR,FairCoin,faircoin,390,53193831.469966,0.40931764,21773173.69018681,721.80218506,2018-05-02T00:00:00.000Z,2018-05-02T23:59:10.000Z,coinmarketcap_data_api_listings_historical
2018-05-02,2275,PRA,ProChain,prochain,391,49562749.45,0.43607974,21613310.9198265,11530815.0,2018-05-02T00:00:00.000Z,2018-05-02T23:59:19.000Z,coinmarketcap_data_api_listings_historical
2018-05-02,1454,LKK,Lykke,lykke,392,312625528.02,0.06878365,21503524.37270968,96458.953125,2018-05-02T00:00:00.000Z,2018-05-02T23:59:09.000Z,coinmarketcap_data_api_listings_historical
2018-05-02,2535,DADI,Edge,edge,393,77505964.8753664,0.27289739,21151175.71856517,3304904.0,2018-05-02T00:00:00.000Z,2018-05-02T23:59:22.000Z,coinmarketcap_data_api_listings_historical
2018-05-02,1208,RVR,RevolutionVR,revolutionvr,394,210000000.0,0.10047754,21100283.19060795,1257356.625,2018-05-02T00:00:00.000Z,2018-05-02T23:59:07.000Z,coinmarketcap_data_api_listings_historical
2018-05-02,2001,COLX,ColossusXT,colossusxt,395,10863926415.552,0.00193497,21021359.38103917,99055.8046875,2018-05-02T00:00:00.000Z,2018-05-02T23:59:16.000Z,coinmarketcap_data_api_listings_historical
2018-05-02,1082,SIB,SIBCoin,sibcoin,396,16705182.5560346,1.25702429,20998820.21137442,218027.3125,2018-05-02T00:00:00.000Z,2018-05-02T23:59:06.000Z,coinmarketcap_data_api_listings_historical
2018-05-02,2527,RMT,SureRemit,sureremit,397,500000000.0,0.04170058,20850291.47565365,16827.48242188,2018-05-02T00:00:00.000Z,2018-05-02T23:59:22.000Z,coinmarketcap_data_api_listings_historical
2018-05-02,1838,OCT,OracleChain,oraclechain,398,30000000.0,0.69073284,20721985.10169984,69153.2890625,2018-05-02T00:00:00.000Z,2018-05-02T23:59:13.000Z,coinmarketcap_data_api_listings_historical
2018-05-02,833,GRC,GridCoin,gridcoin,399,390312753.15085,0.05245972,20475697.94653048,115817.5078125,2018-05-02T00:00:00.000Z,2018-05-02T23:59:04.000Z,coinmarketcap_data_api_listings_historical
2018-05-02,1107,PAC,PAC Global,pac-global,400,3584838405.51631,0.00565407,20268944.1942826,111489.6484375,2018-05-02T00:00:00.000Z,2018-05-02T23:59:14.000Z,coinmarketcap_data_api_listings_historical
2018-05-02,64,FLO,FLO,flo,401,143793163.053223,0.13932982,20034675.65073082,605118.875,2018-05-02T00:00:00.000Z,2018-05-02T23:59:01.000Z,coinmarketcap_data_api_listings_historical
2018-05-02,1998,ORMEUS,Ormeus Coin,ormeus-coin,402,17029321.0837,1.1755352,20018566.40049921,1510429.75,2018-05-02T00:00:00.000Z,2018-05-02T23:59:16.000Z,coinmarketcap_data_api_listings_historical
2018-05-02,2541,STQ,Storiqa,storiqa,403,7767544246.55258,0.00255774,19867328.50625851,102316.7109375,2018-05-02T00:00:00.000Z,2018-05-02T23:59:22.000Z,coinmarketcap_data_api_listings_historical
2018-05-02,1930,PST,Primas,primas,404,51200000.0,0.38503665,19713876.34277345,6349179.5,2018-05-02T00:00:00.000Z,2018-05-02T23:59:15.000Z,coinmarketcap_data_api_listings_historical
2018-05-02,2450,CV,carVertical,carvertical,405,5579644860.6113,0.00351717,19624577.54026498,282271.375,2018-05-02T00:00:00.000Z,2018-05-02T23:59:21.000Z,coinmarketcap_data_api_listings_historical
2018-05-02,2495,PARETO,PARETO Rewards,pareto-rewards,406,244270176.528038,0.08019147,19588384.69968681,383627.65625,2018-05-02T00:00:00.000Z,2018-05-02T23:59:22.000Z,coinmarketcap_data_api_listings_historical
2018-05-02,2273,UQC,Uquid Coin,uquid-coin,407,10000000.0,1.9539212,19539211.9884491,3243670.0,2018-05-02T00:00:00.000Z,2018-05-02T23:59:19.000Z,coinmarketcap_data_api_listings_historical
2018-05-02,2199,XLQ,ALQO,alqo,408,39206011.2464489,0.49660242,19469799.90821964,98760.0859375,2018-05-02T00:00:00.000Z,2018-05-02T23:59:19.000Z,coinmarketcap_data_api_listings_historical
2018-05-02,2342,COV,Covesting,covesting,409,17500000.0,1.11134589,19448553.02572245,114949.4453125,2018-05-02T00:00:00.000Z,2018-05-02T23:59:20.000Z,coinmarketcap_data_api_listings_historical
2018-05-02,2229,DIVX,Divi Exchange Token,divi-exchange-token,410,5343206.61545752,3.63204885,19406787.41782447,1436229.25,2018-05-02T00:00:00.000Z,2018-05-02T23:59:19.000Z,coinmarketcap_data_api_listings_historical
2018-05-02,1755,FLASH,Flash,flash,411,900000000.0,0.02151273,19361458.71877671,15489.61328125,2018-05-02T00:00:00.000Z,2018-05-02T23:59:12.000Z,coinmarketcap_data_api_listings_historical
2018-05-02,2400,RNT,OneRoot Network,oneroot-network,412,235424687.891,0.08149385,19185663.5119918,607079.8125,2018-05-02T00:00:00.000Z,2018-05-02T23:59:21.000Z,coinmarketcap_data_api_listings_historical
2018-05-02,2516,MLM,MktCoin,mktcoin,413,1102383436.70608,0.01739127,19171845.96721851,148234.40625,2018-05-02T00:00:00.000Z,2018-05-02T23:59:22.000Z,coinmarketcap_data_api_listings_historical
2018-05-02,2334,CAT,BitClave,bitclave,414,501394405.74,0.03796327,19034569.90587464,1240000.875,2018-05-02T00:00:00.000Z,2018-05-02T23:59:20.000Z,coinmarketcap_data_api_listings_historical
2018-05-02,2459,IDH,indaHash,indahash,415,399936258.539634,0.04699762,18796052.96514763,99571.484375,2018-05-02T00:00:00.000Z,2018-05-02T23:59:22.000Z,coinmarketcap_data_api_listings_historical
2018-05-02,706,MUE,MonetaryUnit,monetaryunit,416,130301376.947601,0.1420721,18512189.79548485,836148.4375,2018-05-02T00:00:00.000Z,2018-05-02T23:59:04.000Z,coinmarketcap_data_api_listings_historical
2018-05-02,233,SLR,SolarCoin,solarcoin,417,42179856.3303833,0.43846798,18494516.37787945,35001.1484375,2018-05-02T00:00:00.000Z,2018-05-02T23:59:02.000Z,coinmarketcap_data_api_listings_historical
2018-05-02,2578,TFD,TE-FOOD,te-food,418,411339619.122991,0.044255,18203836.21532064,197439.09375,2018-05-02T00:00:00.000Z,2018-05-02T23:59:23.000Z,coinmarketcap_data_api_listings_historical
2018-05-02,1391,XTO,Tao,tao,419,32897268.4145401,0.55313194,18196529.83240426,22440.99023438,2018-05-02T00:00:00.000Z,2018-05-02T23:59:08.000Z,coinmarketcap_data_api_listings_historical
2018-05-02,2082,ICOS,ICOS,icos,420,568700.772732,31.92066193,18153305.10358639,6814.68066406,2018-05-02T00:00:00.000Z,2018-05-02T23:59:17.000Z,coinmarketcap_data_api_listings_historical
2018-05-02,2506,SWM,Swarm,swarm-fund,421,51113355.2494965,0.35052228,17916369.80718232,734.06634521,2018-05-02T00:00:00.000Z,2018-05-02T23:59:22.000Z,coinmarketcap_data_api_listings_historical
2018-05-02,1358,EDC,EDC Blockchain,edc-blockchain,422,886211987.679001,0.02020192,17903184.97467155,40635.67578125,2018-05-02T00:00:00.000Z,2018-05-02T23:59:08.000Z,coinmarketcap_data_api_listings_historical
2018-05-02,1976,BMC,Blackmoon,blackmoon,423,21137719.9373502,0.84206969,17799433.17896781,945524.3125,2018-05-02T00:00:00.000Z,2018-05-02T23:59:15.000Z,coinmarketcap_data_api_listings_historical
2018-05-02,2090,LA,LATOKEN,latoken,424,81037294.0886,0.21893388,17741809.24619023,1988754.375,2018-05-02T00:00:00.000Z,2018-05-02T23:59:17.000Z,coinmarketcap_data_api_listings_historical
2018-05-02,1070,EXP,Expanse,expanse,425,7906396.53078092,2.24366713,17739321.9788767,437841.03125,2018-05-02T00:00:00.000Z,2018-05-02T23:59:06.000Z,coinmarketcap_data_api_listings_historical
2018-05-02,2387,BCA,Bitcoin Atom,bitcoin-atom,426,17981600.0,0.97533625,17538106.37850762,24373.70117188,2018-05-02T00:00:00.000Z,2018-05-02T23:59:20.000Z,coinmarketcap_data_api_listings_historical
2018-05-02,1681,PZM,PRIZM,prizm,427,17770118.77,0.97973984,17410093.40578034,16559.140625,2018-05-02T00:00:00.000Z,2018-05-02T23:59:11.000Z,coinmarketcap_data_api_listings_historical
2018-05-02,2464,EVE,Devery,devery,428,62918410.0,0.27354351,17210922.51750141,125544.1796875,2018-05-02T00:00:00.000Z,2018-05-02T23:59:22.000Z,coinmarketcap_data_api_listings_historical
2018-05-02,2466,AXPR,aXpire,axpire,429,265000000.0,0.06380242,16907641.58964158,182562.71875,2018-05-02T00:00:00.000Z,2018-05-02T23:59:21.000Z,coinmarketcap_data_api_listings_historical
2018-05-02,268,XWC,WhiteCoin,whitecoin,430,248915405.19257,0.0677489,16863745.94731761,247452.828125,2018-05-02T00:00:00.000Z,2018-05-02T23:59:02.000Z,coinmarketcap_data_api_listings_historical
2018-05-02,1861,STX,Stox,stox,431,42517251.3586056,0.39644983,16855957.24786234,2112272.0,2018-05-02T00:00:00.000Z,2018-05-02T23:59:14.000Z,coinmarketcap_data_api_listings_historical
2018-05-02,1475,INCNT,Incent,incent,432,46016602.0,0.36353084,16728454.18377942,41156.65625,2018-05-02T00:00:00.000Z,2018-05-02T23:59:09.000Z,coinmarketcap_data_api_listings_historical
2018-05-02,2009,BIS,Bismuth,bismuth,433,9569779.74902493,1.74602199,16709045.84304868,23807.79882813,2018-05-02T00:00:00.000Z,2018-05-02T23:59:16.000Z,coinmarketcap_data_api_listings_historical
2018-05-02,760,OK,OKCash,okcash,434,73989377.5439404,0.22333559,16524461.57894011,1529336.875,2018-05-02T00:00:00.000Z,2018-05-02T23:59:05.000Z,coinmarketcap_data_api_listings_historical
2018-05-02,2363,ZAP,Zap,zap,435,105618740.315768,0.15590064,16466029.45159022,40885.71875,2018-05-02T00:00:00.000Z,2018-05-02T23:59:20.000Z,coinmarketcap_data_api_listings_historical
2018-05-02,2471,SLT,Smartlands,smartlands,436,5100895.65,3.21909833,16420284.66609361,224356.71875,2018-05-02T00:00:00.000Z,2018-05-02T23:59:22.000Z,coinmarketcap_data_api_listings_historical
2018-05-02,215,RBY,Rubycoin,rubycoin,437,25579270.3918338,0.64165395,16413040.01249352,45134.796875,2018-05-02T00:00:00.000Z,2018-05-02T23:59:02.000Z,coinmarketcap_data_api_listings_historical
2018-05-02,1784,PLBT,Polybius,polybius,438,3969564.998325,4.12097216,16358466.83161219,24405.9609375,2018-05-02T00:00:00.000Z,2018-05-02T23:59:12.000Z,coinmarketcap_data_api_listings_historical
2018-05-02,2630,NCT,PolySwarm,polyswarm,439,1468214569.50965,0.01112474,16333509.97295124,86879.5703125,2018-05-02T00:00:00.000Z,2018-05-02T23:59:24.000Z,coinmarketcap_data_api_listings_historical
2018-05-02,2499,CHSB,SwissBorg,swissborg,440,575821132.878,0.02834358,16320832.72730522,175683.046875,2018-05-02T00:00:00.000Z,2018-05-02T23:59:22.000Z,coinmarketcap_data_api_listings_historical
2018-05-02,623,BITUSD,bitUSD,bitusd,441,16149600.0,1.00345874,16205457.2404862,2413669.25,2018-05-02T00:00:00.000Z,2018-05-02T23:59:04.000Z,coinmarketcap_data_api_listings_historical
2018-05-02,2360,HKN,Hacken,hacken,442,4801249.94793479,3.37224483,16190990.33798651,321837.5,2018-05-02T00:00:00.000Z,2018-05-02T23:59:21.000Z,coinmarketcap_data_api_listings_historical
2018-05-02,2318,NEU,Neumark,neumark,443,28722127.0414151,0.56315655,16175053.83435316,266045.34375,2018-05-02T00:00:00.000Z,2018-05-02T23:59:20.000Z,coinmarketcap_data_api_listings_historical
2018-05-02,2175,DBET,DecentBet,decent-bet,444,124409928.66333,0.12999403,16172548.5920397,79872.515625,2018-05-02T00:00:00.000Z,2018-05-02T23:59:18.000Z,coinmarketcap_data_api_listings_historical
2018-05-02,2107,LUX,LUXCoin,luxcoin,445,1616900.0,9.93643379,16066219.79846955,182911.8125,2018-05-02T00:00:00.000Z,2018-05-02T23:59:18.000Z,coinmarketcap_data_api_listings_historical
2018-05-02,1845,IXT,IXT,ixledger,446,35778843.8311976,0.44877005,16056473.4003303,376115.90625,2018-05-02T00:00:00.000Z,2018-05-02T23:59:13.000Z,coinmarketcap_data_api_listings_historical
2018-05-02,2598,BBN,Banyan Network,banyan-network,447,156436866.7,0.10245595,16027887.99198498,1115675.875,2018-05-02T00:00:00.000Z,2018-05-02T23:59:23.000Z,coinmarketcap_data_api_listings_historical
2018-05-02,2015,ATM,ATMChain,attention-token-of-media,448,4660285459.8,0.00342806,15975752.7253225,335947.875,2018-05-02T00:00:00.000Z,2018-05-02T23:59:16.000Z,coinmarketcap_data_api_listings_historical
2018-05-02,2557,BEE,Bee Token,bee-token,449,167393546.351157,0.09516336,15929732.35294411,61330.6484375,2018-05-02T00:00:00.000Z,2018-05-02T23:59:23.000Z,coinmarketcap_data_api_listings_historical
2018-05-02,2613,TBAR,Titanium BAR,titanium-bar,450,43222415.7203,0.36277527,15680023.36746392,307086.25,2018-05-02T00:00:00.000Z,2018-05-02T23:59:24.000Z,coinmarketcap_data_api_listings_historical
2018-05-02,182,XMY,Myriad,myriad,451,1571508750.0,0.00993871,15618773.23602908,133745.140625,2018-05-02T00:00:00.000Z,2018-05-02T23:59:02.000Z,coinmarketcap_data_api_listings_historical
2018-05-02,551,DONU,Donu,donu,452,3788020.3879,4.10848618,15563029.39633987,327138.9375,2018-05-02T00:00:00.000Z,2018-05-02T23:59:04.000Z,coinmarketcap_data_api_listings_historical
2018-05-02,460,CLAM,Clams,clams,453,2989019.24249571,5.15159798,15398225.48191215,34629.0390625,2018-05-02T00:00:00.000Z,2018-05-02T23:59:04.000Z,coinmarketcap_data_api_listings_historical
2018-05-02,2094,PRG,Paragon,paragon,454,65936605.60801,0.23333707,15385454.65623366,199128.03125,2018-05-02T00:00:00.000Z,2018-05-02T23:59:17.000Z,coinmarketcap_data_api_listings_historical
2018-05-02,2589,GETX,Guaranteed Ethurance Token Extra,guaranteed-ethurance-token-extra,455,300000000.0,0.05112814,15338442.47460366,178854.59375,2018-05-02T00:00:00.000Z,2018-05-02T23:59:23.000Z,coinmarketcap_data_api_listings_historical
2018-05-02,2208,DNA,EncrypGen,encrypgen,456,61937601.1729422,0.2456491,15214915.94403127,255874.09375,2018-05-02T00:00:00.000Z,2018-05-02T23:59:18.000Z,coinmarketcap_data_api_listings_historical
2018-05-02,1963,CREDO,Credo,credo,457,549891702.891,0.02764369,15201037.75396404,2994.25415039,2018-05-02T00:00:00.000Z,2018-05-02T23:59:15.000Z,coinmarketcap_data_api_listings_historical
2018-05-02,366,BSD,BitSend,bitsend,458,19020800.0,0.79905534,15198671.77124024,165566.25,2018-05-02T00:00:00.000Z,2018-05-02T23:59:03.000Z,coinmarketcap_data_api_listings_historical
2018-05-02,1380,LMC,LoMoCoin,lomocoin,459,228040318.637221,0.06661857,15191719.74644524,76537.390625,2018-05-02T00:00:00.000Z,2018-05-02T23:59:09.000Z,coinmarketcap_data_api_listings_historical
2018-05-02,1814,MRX,Metrix Coin,metrix-coin,460,8997019692.66698,0.00164716,14819540.73692476,116701.2109375,2018-05-02T00:00:00.000Z,2018-05-02T23:59:13.000Z,coinmarketcap_data_api_listings_historical
2018-05-02,1708,PTOY,Patientory,patientory,461,70000000.0,0.21041316,14728921.05579377,1992518.875,2018-05-02T00:00:00.000Z,2018-05-02T23:59:12.000Z,coinmarketcap_data_api_listings_historical
2018-05-02,2244,PFR,Payfair,payfair,462,88999687.0385,0.16490081,14676120.44024873,87650.9296875,2018-05-02T00:00:00.000Z,2018-05-02T23:59:19.000Z,coinmarketcap_data_api_listings_historical
2018-05-02,1812,XRL,Rialto,rialto,463,76523296.4881896,0.19116731,14628752.73281652,5758.41455078,2018-05-02T00:00:00.000Z,2018-05-02T23:59:13.000Z,coinmarketcap_data_api_listings_historical
2018-05-02,406,BBR,Boolberry,boolberry,464,11452323.7240643,1.27672076,14621419.47455331,16099.4609375,2018-05-02T00:00:00.000Z,2018-05-02T23:59:03.000Z,coinmarketcap_data_api_listings_historical
2018-05-02,2653,AUC,Auctus,auctus,465,16436791.7370073,0.87479788,14378870.5762123,247398.703125,2018-05-02T00:00:00.000Z,2018-05-02T23:59:24.000Z,coinmarketcap_data_api_listings_historical
2018-05-02,2561,TUBE,BitTube,bit-tube,466,44426317.1474963,0.32358757,14375803.85938686,147545.328125,2018-05-02T00:00:00.000Z,2018-05-02T23:59:23.000Z,coinmarketcap_data_api_listings_historical
2018-05-02,2231,FLIXX,Flixxo,flixxo,467,77161802.0974097,0.18313776,14131239.56021838,825939.125,2018-05-02T00:00:00.000Z,2018-05-02T23:59:19.000Z,coinmarketcap_data_api_listings_historical
2018-05-02,322,ENRG,Energycoin,energycoin,468,121841388.088917,0.11532801,14051725.29874132,14973.13378906,2018-05-02T00:00:00.000Z,2018-05-02T23:59:03.000Z,coinmarketcap_data_api_listings_historical
2018-05-02,1481,NXC,Nexium,nexium,469,66520798.5,0.20859098,13875638.83849594,56815.83203125,2018-05-02T00:00:00.000Z,2018-05-02T23:59:09.000Z,coinmarketcap_data_api_listings_historical
2018-05-02,87,TIPS,FedoraCoin,fedoracoin,470,212269865434.285,6.491e-05,13777415.34725942,220463.046875,2018-05-02T00:00:00.000Z,2018-05-02T23:59:01.000Z,coinmarketcap_data_api_listings_historical
2018-05-02,1968,XPA,XPA,xpa,471,57177751.25186,0.24054763,13753972.39287381,46461.91015625,2018-05-02T00:00:00.000Z,2018-05-02T23:59:15.000Z,coinmarketcap_data_api_listings_historical
2018-05-02,1562,SWT,Swarm City,swarm-city,472,8153333.33333333,1.670349,13618912.19536463,176496.1875,2018-05-02T00:00:00.000Z,2018-05-02T23:59:10.000Z,coinmarketcap_data_api_listings_historical
2018-05-02,2546,REM,Remme,remme,473,600295910.0229,0.02267085,13609219.74457025,204090.75,2018-05-02T00:00:00.000Z,2018-05-02T23:59:22.000Z,coinmarketcap_data_api_listings_historical
2018-05-02,2667,FTX,FintruX Network,fintrux-network,474,49503157.2630592,0.2735424,13541212.65198067,510037.0,2018-05-02T00:00:00.000Z,2018-05-02T23:59:25.000Z,coinmarketcap_data_api_listings_historical
2018-05-02,2368,REBL,REBL,rebl,475,169312824.891017,0.07992764,13532774.20595521,2062211.0,2018-05-02T00:00:00.000Z,2018-05-02T23:59:20.000Z,coinmarketcap_data_api_listings_historical
2018-05-02,1677,DICE,Etheroll,etheroll,476,7001622.64879442,1.93264723,13531666.60538174,44986.45703125,2018-05-02T00:00:00.000Z,2018-05-02T23:59:11.000Z,coinmarketcap_data_api_listings_historical
2018-05-02,1811,NET,Nimiq Exchange Token,nimiq-exchange-token,477,10500000.0,1.28361547,13477962.43429188,222188.125,2018-05-02T00:00:00.000Z,2018-05-02T23:59:16.000Z,coinmarketcap_data_api_listings_historical
2018-05-02,2584,DEB,Debitum,debitum-network,478,189283937.469507,0.07105487,13449545.26714799,53899.62109375,2018-05-02T00:00:00.000Z,2018-05-02T23:59:23.000Z,coinmarketcap_data_api_listings_historical
2018-05-02,2569,CHP,CoinPoker,coinpoker,479,201418952.569662,0.06672683,13440047.42767322,450239.28125,2018-05-02T00:00:00.000Z,2018-05-02T23:59:23.000Z,coinmarketcap_data_api_listings_historical
2018-05-02,2666,EFX,Effect.AI,effect-ai,480,193668526.316,0.06890011,13343782.44471745,77811.5234375,2018-05-02T00:00:00.000Z,2018-05-02T23:59:25.000Z,coinmarketcap_data_api_listings_historical
2018-05-02,606,FLDC,FoldingCoin,foldingcoin,481,585880527.0,0.0227544,13331362.61359937,115062.421875,2018-05-02T00:00:00.000Z,2018-05-02T23:59:12.000Z,coinmarketcap_data_api_listings_historical
2018-05-02,2070,DRT,DomRaider,domraider,482,591500000.0,0.02252899,13325899.33928105,164921.21875,2018-05-02T00:00:00.000Z,2018-05-02T23:59:17.000Z,coinmarketcap_data_api_listings_historical
2018-05-02,920,XSD,SounDAC,bitshares-music,483,14581805.8361,0.89895928,13108449.66181867,780.09509277,2018-05-02T00:00:00.000Z,2018-05-02T23:59:05.000Z,coinmarketcap_data_api_listings_historical
2018-05-02,1577,MUSIC,Musicoin,musicoin,484,723866084.0,0.01797679,13012787.71439955,145589.671875,2018-05-02T00:00:00.000Z,2018-05-02T23:59:10.000Z,coinmarketcap_data_api_listings_historical
2018-05-02,2374,BDG,BitDegree,bitdegree,485,354569198.325215,0.03613126,12811031.55723812,38927.28125,2018-05-02T00:00:00.000Z,2018-05-02T23:59:21.000Z,coinmarketcap_data_api_listings_historical
2018-05-02,1611,DBIX,DubaiCoin,dubaicoin-dbix,486,2232900.913,5.70163393,12731183.60834943,153372.140625,2018-05-02T00:00:00.000Z,2018-05-02T23:59:10.000Z,coinmarketcap_data_api_listings_historical
2018-05-02,2359,POLIS,Polis,polis,487,1927523.0,6.59678602,12715456.78384257,99251.421875,2018-05-02T00:00:00.000Z,2018-05-02T23:59:20.000Z,coinmarketcap_data_api_listings_historical
2018-05-02,2110,DOV,Dovu,dovu,488,73793250.3446827,0.17211181,12700689.82753404,92897.21875,2018-05-02T00:00:00.000Z,2018-05-02T23:59:18.000Z,coinmarketcap_data_api_listings_historical
2018-05-02,2529,CAS,Cashaa,cashaa,489,376581591.488672,0.03368717,12685968.31538936,51305.5234375,2018-05-02T00:00:00.000Z,2018-05-02T23:59:22.000Z,coinmarketcap_data_api_listings_historical
2018-05-02,666,AU,Aurum Coin,aurum-coin,490,297902.49800256,42.57424545,12682974.07098735,92999.6015625,2018-05-02T00:00:00.000Z,2018-05-02T23:59:04.000Z,coinmarketcap_data_api_listings_historical
2018-05-02,1382,NLC2,NoLimitCoin,nolimitcoin,491,207653306.879622,0.06082216,12629922.45868435,37083.96484375,2018-05-02T00:00:00.000Z,2018-05-02T23:59:08.000Z,coinmarketcap_data_api_listings_historical
2018-05-02,2258,SNOV,Snovian.Space,snov,492,404980448.4392,0.03115789,12618337.90884624,152690.046875,2018-05-02T00:00:00.000Z,2018-05-02T23:59:19.000Z,coinmarketcap_data_api_listings_historical
2018-05-02,2445,ARY,Block Array,block-array,493,68430738.22,0.1838434,12580539.85633689,97113.8046875,2018-05-02T00:00:00.000Z,2018-05-02T23:59:21.000Z,coinmarketcap_data_api_listings_historical
2018-05-02,2146,PURE,Pure,pure,494,8402140.842,1.48189414,12451083.23919612,300166.8125,2018-05-02T00:00:00.000Z,2018-05-02T23:59:17.000Z,coinmarketcap_data_api_listings_historical
2018-05-02,1709,QAU,Quantum,quantum,495,75177665.6019689,0.16198948,12177990.97780005,4753.37548828,2018-05-02T00:00:00.000Z,2018-05-02T23:59:11.000Z,coinmarketcap_data_api_listings_historical
2018-05-02,1480,GOLOS,Golos,golos,496,124518891.448,0.097628,12156530.93807211,45919.828125,2018-05-02T00:00:00.000Z,2018-05-02T23:59:09.000Z,coinmarketcap_data_api_listings_historical
2018-05-02,2490,CXO,CargoX,cargox,497,129071409.349828,0.09364245,12086563.10864462,65822.828125,2018-05-02T00:00:00.000Z,2018-05-02T23:59:22.000Z,coinmarketcap_data_api_listings_historical
2018-05-02,2287,LOC,LockTrip,lockchain,498,9292966.0,1.29216814,12008074.59512618,10935.29589844,2018-05-02T00:00:00.000Z,2018-05-02T23:59:20.000Z,coinmarketcap_data_api_listings_historical
2018-05-02,2563,TUSD,TrueUSD,trueusd,499,11998507.75,0.99553883,11944980.37626549,802289.75,2018-05-02T00:00:00.000Z,2018-05-02T23:59:23.000Z,coinmarketcap_data_api_listings_historical
2018-05-02,2088,EXRN,EXRNchain,exrnchain,500,92500000000.0,0.00012852,11888546.68725977,49174.58984375,2018-05-02T00:00:00.000Z,2018-05-02T23:59:17.000Z,coinmarketcap_data_api_listings_historical
2018-05-02,2422,IDXM,IDEX Membership,idex-membership,501,2000.0,5910.76757813,11821535.15625,73245.7578125,2018-05-02T00:00:00.000Z,2018-05-02T23:59:21.000Z,coinmarketcap_data_api_listings_historical
2018-05-02,2310,BNTY,Bounty0x,bounty0x,502,137879162.173196,0.08556655,11797844.29205846,843717.75,2018-05-02T00:00:00.000Z,2018-05-02T23:59:20.000Z,coinmarketcap_data_api_listings_historical
2018-05-02,1304,SYNX,Syndicate,syndicate,503,19531650.0,0.60237241,11765327.04101801,287722.0,2018-05-02T00:00:00.000Z,2018-05-02T23:59:08.000Z,coinmarketcap_data_api_listings_historical
2018-05-02,2037,AIR,AirToken,airtoken,504,1050000000.0,0.01112382,11680014.15207984,78445.9296875,2018-05-02T00:00:00.000Z,2018-05-02T23:59:16.000Z,coinmarketcap_data_api_listings_historical
2018-05-02,1495,POSW,PoSW Coin,posw-coin,505,44100000.0,0.2616314,11537944.71323492,4578.85400391,2018-05-02T00:00:00.000Z,2018-05-02T23:59:10.000Z,coinmarketcap_data_api_listings_historical
2018-05-02,939,GAM,Gambit,gambit,506,1200279.34882794,9.46362686,11358995.88695856,6722.04980469,2018-05-02T00:00:00.000Z,2018-05-02T23:59:05.000Z,coinmarketcap_data_api_listings_historical
2018-05-02,2582,LALA,LALA World,lala-world,507,185681684.786667,0.06110634,11346328.68639879,893021.4375,2018-05-02T00:00:00.000Z,2018-05-02T23:59:23.000Z,coinmarketcap_data_api_listings_historical
2018-05-02,2200,GBX,GoByte,gobyte,508,1392458.0010314,8.12471485,11313324.20090187,68834.9375,2018-05-02T00:00:00.000Z,2018-05-02T23:59:18.000Z,coinmarketcap_data_api_listings_historical
2018-05-02,298,NYC,NewYorkCoin,newyorkcoin,509,134024588759.562,8.414e-05,11277185.27418321,13627.03027344,2018-05-02T00:00:00.000Z,2018-05-02T23:59:11.000Z,coinmarketcap_data_api_listings_historical
2018-05-02,2617,IPSX,IP Exchange,ip-exchange,510,802404381.738472,0.01398512,11221724.36377984,1693889.875,2018-05-02T00:00:00.000Z,2018-05-02T23:59:23.000Z,coinmarketcap_data_api_listings_historical
2018-05-02,2611,SIG,Spectiv,signal-token,511,278004001.336354,0.04033291,11212710.27475751,26809.02539063,2018-05-02T00:00:00.000Z,2018-05-02T23:59:24.000Z,coinmarketcap_data_api_listings_historical
2018-05-02,2580,LDC,Leadcoin,leadcoin,512,784399591.710095,0.01428726,11206917.54119136,1511363.25,2018-05-02T00:00:00.000Z,2018-05-02T23:59:23.000Z,coinmarketcap_data_api_listings_historical
2018-05-02,2343,CAN,CanYaCoin,canyacoin,513,41377974.590571,0.27066287,11199481.52229534,290547.59375,2018-05-02T00:00:00.000Z,2018-05-02T23:59:20.000Z,coinmarketcap_data_api_listings_historical
2018-05-02,2040,ALIS,ALIS,alis,514,38538650.0864453,0.28995398,11174434.85575011,32775.5859375,2018-05-02T00:00:00.000Z,2018-05-02T23:59:17.000Z,coinmarketcap_data_api_listings_historical
2018-05-02,1505,XSPEC,Spectrecoin,spectrecoin,515,20785264.0911937,0.53716153,11165044.24122836,58072.66015625,2018-05-02T00:00:00.000Z,2018-05-02T23:59:09.000Z,coinmarketcap_data_api_listings_historical
2018-05-02,2419,PUT,Profile Utility Token,profile-utility-token,516,43132986.3244502,0.25880685,11163112.51523867,1633791.625,2018-05-02T00:00:00.000Z,2018-05-02T23:59:21.000Z,coinmarketcap_data_api_listings_historical
2018-05-02,1527,WCT,Waves Community Token,waves-community-token,517,9969597.0,1.11965644,11162523.52110425,68851.59375,2018-05-02T00:00:00.000Z,2018-05-02T23:59:10.000Z,coinmarketcap_data_api_listings_historical
2018-05-02,448,XST,Stealth,stealth,518,28708700.8065192,0.38748553,11124206.26110278,7651.984375,2018-05-02T00:00:00.000Z,2018-05-02T23:59:03.000Z,coinmarketcap_data_api_listings_historical
2018-05-02,2066,EVR,Everus,everus,519,83515316.0665072,0.12952664,10817458.69162804,188269.671875,2018-05-02T00:00:00.000Z,2018-05-02T23:59:17.000Z,coinmarketcap_data_api_listings_historical
2018-05-02,2478,COFI,CoinFi,coinfi,520,172311331.180712,0.06252111,10773096.5431462,176372.359375,2018-05-02T00:00:00.000Z,2018-05-02T23:59:22.000Z,coinmarketcap_data_api_listings_historical
2018-05-02,2421,IPL,VouchForMe,insurepal,521,201000000.0,0.05355439,10764431.56599998,527785.4375,2018-05-02T00:00:00.000Z,2018-05-02T23:59:21.000Z,coinmarketcap_data_api_listings_historical
2018-05-02,2288,WRC,Worldcore,worldcore,522,175109299.0,0.06113121,10704643.83099494,207974.328125,2018-05-02T00:00:00.000Z,2018-05-02T23:59:20.000Z,coinmarketcap_data_api_listings_historical
2018-05-02,2500,ZLA,Zilla,zilla,523,38466654.4415291,0.27796739,10692475.66786441,1845368.25,2018-05-02T00:00:00.000Z,2018-05-02T23:59:22.000Z,coinmarketcap_data_api_listings_historical
2018-05-02,2179,HAT,Hat.Exchange,hat-exchange,524,5300325.29343557,1.99665844,10582939.25522942,9422.24902344,2018-05-02T00:00:00.000Z,2018-05-02T23:59:19.000Z,coinmarketcap_data_api_listings_historical
2018-05-02,1995,TGT,Target Coin,target-coin,525,952429892.0,0.01108655,10559159.47357035,24188.6953125,2018-05-02T00:00:00.000Z,2018-05-02T23:59:15.000Z,coinmarketcap_data_api_listings_historical
2018-05-02,1810,CVN,CVCoin,cvcoin,526,9837033.0,1.05998862,10427143.01387747,40803.86328125,2018-05-02T00:00:00.000Z,2018-05-02T23:59:13.000Z,coinmarketcap_data_api_listings_historical
2018-05-02,1587,DYN,Dynamic,dynamic,527,4903718.51341921,2.10540462,10324311.59078612,142543.90625,2018-05-02T00:00:00.000Z,2018-05-02T23:59:10.000Z,coinmarketcap_data_api_listings_historical
2018-05-02,1894,TCC,The ChampCoin,the-champcoin,528,164925727.0,0.06241172,10293298.59049362,7160.35742188,2018-05-02T00:00:00.000Z,2018-05-02T23:59:17.000Z,coinmarketcap_data_api_listings_historical
2018-05-02,2064,ART,Maecenas,maecenas,529,30150150.1476253,0.34109804,10284157.13138203,4335.44824219,2018-05-02T00:00:00.000Z,2018-05-02T23:59:17.000Z,coinmarketcap_data_api_listings_historical
2018-05-02,1392,PLU,Pluton,pluton,530,849999.5,11.87184143,10091059.28014377,11648.21679688,2018-05-02T00:00:00.000Z,2018-05-02T23:59:08.000Z,coinmarketcap_data_api_listings_historical
2018-05-02,2170,OXY[OLD],Oxycoin [OLD],oxycoin-old,531,108333025.337,0.09309788,10085575.04515048,17820.44726563,2018-05-02T00:00:00.000Z,2018-05-02T23:59:18.000Z,coinmarketcap_data_api_listings_historical
2018-05-02,1721,MYST,Mysterium,mysterium,532,19429024.2166521,0.51906604,10084946.57858033,227921.65625,2018-05-02T00:00:00.000Z,2018-05-02T23:59:12.000Z,coinmarketcap_data_api_listings_historical
2018-05-02,2677,LNC,Linker Coin,linker-coin,533,112776150.004,0.089423,10084781.75344175,95583.1328125,2018-05-02T00:00:00.000Z,2018-05-02T23:59:24.000Z,coinmarketcap_data_api_listings_historical
2018-05-02,2380,ATN,ATN,atn,534,21505323.6364408,0.46660894,10034576.29979786,194992.03125,2018-05-02T00:00:00.000Z,2018-05-02T23:59:21.000Z,coinmarketcap_data_api_listings_historical
2018-05-02,2278,HWC,HollyWoodCoin,hollywoodcoin,535,4182601.9917965,2.39464164,10015832.88390998,104541.6953125,2018-05-02T00:00:00.000Z,2018-05-02T23:59:19.000Z,coinmarketcap_data_api_listings_historical
2018-05-02,1513,BCC,BitConnect,bitconnect,536,9498847.69560367,1.04547191,9930778.41141462,4578.80322266,2018-05-02T00:00:00.000Z,2018-05-02T23:59:09.000Z,coinmarketcap_data_api_listings_historical
2018-05-02,1833,TOA,ToaCoin,toacoin,537,2479436504.9381,0.0040016,9921713.61943539,19937.81054688,2018-05-02T00:00:00.000Z,2018-05-02T23:59:13.000Z,coinmarketcap_data_api_listings_historical
2018-05-02,1980,ELIX,Elixir,elixir,538,31510209.9911447,0.31425086,9902110.48255907,90842.0625,2018-05-02T00:00:00.000Z,2018-05-02T23:59:16.000Z,coinmarketcap_data_api_listings_historical
2018-05-02,1123,OBITS,OBITS,obits,539,15674599.9451,0.62954384,9867847.8537766,32020.99414063,2018-05-02T00:00:00.000Z,2018-05-02T23:59:06.000Z,coinmarketcap_data_api_listings_historical
2018-05-02,2587,FLUZ,Fluz Fluz,fluz-fluz,540,204780000.0,0.04804808,9839285.62045098,40376.44140625,2018-05-02T00:00:00.000Z,2018-05-02T23:59:24.000Z,coinmarketcap_data_api_listings_historical
2018-05-02,2549,XNK,Ink Protocol,ink-protocol,541,169320922.970462,0.05805172,9829371.48548234,48036.09375,2018-05-02T00:00:00.000Z,2018-05-02T23:59:22.000Z,coinmarketcap_data_api_listings_historical
2018-05-02,1032,TX,TransferCoin,transfercoin,542,6447618.99999998,1.52121782,9808232.93889755,279899.3125,2018-05-02T00:00:00.000Z,2018-05-02T23:59:06.000Z,coinmarketcap_data_api_listings_historical
2018-05-02,2279,PKT,Playkey,playkey,543,13631512.4213135,0.71549225,9753241.47326051,440444.96875,2018-05-02T00:00:00.000Z,2018-05-02T23:59:20.000Z,coinmarketcap_data_api_listings_historical
2018-05-02,2672,SRCOIN,SRCOIN,srcoin,544,5052048083.9459,0.00192636,9732045.46728215,81181.96875,2018-05-02T00:00:00.000Z,2018-05-02T23:59:24.000Z,coinmarketcap_data_api_listings_historical
2018-05-02,148,AUR,Auroracoin,auroracoin,545,8658139.13596773,1.12294877,9722646.65646743,17134.05859375,2018-05-02T00:00:00.000Z,2018-05-02T23:59:02.000Z,coinmarketcap_data_api_listings_historical
2018-05-02,1238,ESP,Espers,espers,546,21525875727.7778,0.00045134,9715593.80317761,16145.57128906,2018-05-02T00:00:00.000Z,2018-05-02T23:59:07.000Z,coinmarketcap_data_api_listings_historical
2018-05-02,1704,EBST,eBoost,eboostcoin,547,20000000.0,0.48518804,9703760.74314118,511354.78125,2018-05-02T00:00:00.000Z,2018-05-02T23:59:12.000Z,coinmarketcap_data_api_listings_historical
2018-05-02,1556,TIME,Chrono.tech,chrono-tech,548,710112.8108,13.57798576,9641901.63555673,256498.765625,2018-05-02T00:00:00.000Z,2018-05-02T23:59:10.000Z,coinmarketcap_data_api_listings_historical
2018-05-02,2622,XCLR,ClearCoin,clearcoin,549,800000000.0,0.01202449,9619590.64006808,10344.74316406,2018-05-02T00:00:00.000Z,2018-05-02T23:59:24.000Z,coinmarketcap_data_api_listings_historical
2018-05-02,2602,NPX,NaPoleonX,napoleonx,550,25330000.0,0.37801421,9575099.86042978,8543.35058594,2018-05-02T00:00:00.000Z,2018-05-02T23:59:23.000Z,coinmarketcap_data_api_listings_historical
2018-05-02,2650,CBT,CommerceBlock,commerceblock,551,173256686.0,0.05501824,9532278.35618347,60617.140625,2018-05-02T00:00:00.000Z,2018-05-02T23:59:24.000Z,coinmarketcap_data_api_listings_historical
2018-05-02,914,SPHR,Sphere,sphere,552,3082940.27603443,3.0675776,9457158.53437816,250283.140625,2018-05-02T00:00:00.000Z,2018-05-02T23:59:05.000Z,coinmarketcap_data_api_listings_historical
2018-05-02,313,PINK,Pinkcoin,pinkcoin,553,381906699.4907,0.02471134,9437426.5536726,95471.4921875,2018-05-02T00:00:00.000Z,2018-05-02T23:59:02.000Z,coinmarketcap_data_api_listings_historical
2018-05-02,333,CURE,Curecoin,curecoin,554,23865653.616007,0.39337009,9388034.35654335,39146.734375,2018-05-02T00:00:00.000Z,2018-05-02T23:59:03.000Z,coinmarketcap_data_api_listings_historical
2018-05-02,1948,AVT,Aventus,aventus,555,6000000.0,1.5518856,9311313.6291504,154740.90625,2018-05-02T00:00:00.000Z,2018-05-02T23:59:16.000Z,coinmarketcap_data_api_listings_historical
2018-05-02,1399,SEQ,Sequence,sequence,556,45593893.7213431,0.20364475,9284957.20250551,46623.53125,2018-05-02T00:00:00.000Z,2018-05-02T23:59:08.000Z,coinmarketcap_data_api_listings_historical
2018-05-02,1063,BCY,BitCrystals,bitcrystals,557,23176156.8416348,0.39905921,9248658.75308641,23357.76171875,2018-05-02T00:00:00.000Z,2018-05-02T23:59:06.000Z,coinmarketcap_data_api_listings_historical
2018-05-02,141,MINT,MintCoin,mintcoin,558,24947260807.9822,0.00036919,9210384.63586623,16561.90820313,2018-05-02T00:00:00.000Z,2018-05-02T23:59:08.000Z,coinmarketcap_data_api_listings_historical
2018-05-02,1888,IFT,InvestFeed,investfeed,559,191381257.0,0.04784611,9156849.13373144,33456.671875,2018-05-02T00:00:00.000Z,2018-05-02T23:59:14.000Z,coinmarketcap_data_api_listings_historical
2018-05-02,2270,SPF,SportyCo,sportyco,560,52406425.4959041,0.17451483,9145698.44221884,1490501.75,2018-05-02T00:00:00.000Z,2018-05-02T23:59:19.000Z,coinmarketcap_data_api_listings_historical
2018-05-02,788,COVAL,Circuits of Value,circuits-of-value,561,1000000000.0,0.00912668,9126677.17784643,91658.03125,2018-05-02T00:00:00.000Z,2018-05-02T23:59:04.000Z,coinmarketcap_data_api_listings_historical
2018-05-02,1606,XLR,Solaris,solaris,562,1252760.52723633,7.25237322,9085486.89696828,65480.22265625,2018-05-02T00:00:00.000Z,2018-05-02T23:59:10.000Z,coinmarketcap_data_api_listings_historical
2018-05-02,2501,ADB,adbank,adbank,563,480953699.804208,0.01880645,9045029.94915279,50476.86328125,2018-05-02T00:00:00.000Z,2018-05-02T23:59:22.000Z,coinmarketcap_data_api_listings_historical
2018-05-02,1991,RVT,Rivetz,rivetz,564,26244468.18,0.34463358,9044725.00449505,39892.58984375,2018-05-02T00:00:00.000Z,2018-05-02T23:59:15.000Z,coinmarketcap_data_api_listings_historical
2018-05-02,2063,TRCT,Tracto,tracto,565,25967934.8467909,0.34820506,9042166.30534639,19296.90234375,2018-05-02T00:00:00.000Z,2018-05-02T23:59:17.000Z,coinmarketcap_data_api_listings_historical
2018-05-02,1464,IOP,Internet of People,internet-of-people,566,3525843.44063,2.55962276,9024829.13500771,1197489.75,2018-05-02T00:00:00.000Z,2018-05-02T23:59:09.000Z,coinmarketcap_data_api_listings_historical
2018-05-02,6,NVC,Novacoin,novacoin,567,2060511.43037,4.37498808,9014712.94465837,197613.53125,2018-05-02T00:00:00.000Z,2018-05-02T23:59:01.000Z,coinmarketcap_data_api_listings_historical
2018-05-02,161,PND,Pandacoin,pandacoin-pnd,568,32514916897.7707,0.00027516,8946951.58111403,12014.88769531,2018-05-02T00:00:00.000Z,2018-05-02T23:59:09.000Z,coinmarketcap_data_api_listings_historical
2018-05-02,2260,BWK,Bulwark,bulwark,569,6724797.2484656,1.32463217,8907882.75735914,89706.40625,2018-05-02T00:00:00.000Z,2018-05-02T23:59:19.000Z,coinmarketcap_data_api_listings_historical
2018-05-02,2076,BLUE,Blue Protocol,ethereum-blue,570,36645278.3876,0.24218096,8874788.64038597,7455.91357422,2018-05-02T00:00:00.000Z,2018-05-02T23:59:17.000Z,coinmarketcap_data_api_listings_historical
2018-05-02,2558,INSTAR,Insights Network,insights-network,571,125398183.235281,0.07063308,8857259.4231898,31039.484375,2018-05-02T00:00:00.000Z,2018-05-02T23:59:23.000Z,coinmarketcap_data_api_listings_historical
2018-05-02,2125,RMC,Russian Miner Coin,russian-mining-coin,572,1507.0,5737.75585938,8646798.08007813,1164.52600098,2018-05-02T00:00:00.000Z,2018-05-02T23:59:18.000Z,coinmarketcap_data_api_listings_historical
2018-05-02,895,XAUR,Xaurum,xaurum,573,127133488.223583,0.06792843,8635977.74281027,52409.92578125,2018-05-02T00:00:00.000Z,2018-05-02T23:59:04.000Z,coinmarketcap_data_api_listings_historical
2018-05-02,1970,ATB,ATBCoin,atbcoin,574,41534063.0271291,0.20550975,8535654.99371722,904451.125,2018-05-02T00:00:00.000Z,2018-05-02T23:59:15.000Z,coinmarketcap_data_api_listings_historical
2018-05-02,2528,DTH,Dether,dether,575,72500000.0,0.11733621,8506874.94501472,96300.4375,2018-05-02T00:00:00.000Z,2018-05-02T23:59:23.000Z,coinmarketcap_data_api_listings_historical
2018-05-02,1917,BQ,bitqy,bitqy,576,3112780784.81,0.00271513,8451606.98947073,2405.14794922,2018-05-02T00:00:00.000Z,2018-05-02T23:59:14.000Z,coinmarketcap_data_api_listings_historical
2018-05-02,2477,NKC,Nework,nework,577,134770319.133341,0.06232622,8399724.91801553,8996533.0,2018-05-02T00:00:00.000Z,2018-05-02T23:59:22.000Z,coinmarketcap_data_api_listings_historical
2018-05-02,1588,TKS,Tokes,tokes,578,3342540.35395529,2.47296,8265968.57790632,16498.84765625,2018-05-02T00:00:00.000Z,2018-05-02T23:59:11.000Z,coinmarketcap_data_api_listings_historical
2018-05-02,2249,ERO,Eroscoin,eroscoin,579,186744000.0,0.04388282,8194852.78344154,55717.66015625,2018-05-02T00:00:00.000Z,2018-05-02T23:59:19.000Z,coinmarketcap_data_api_listings_historical
2018-05-02,2491,CXP,CaixaPay,caixapay,580,77996210.201264,0.10479371,8173511.84655088,15240.69824219,2018-05-02T00:00:00.000Z,2018-05-02T23:59:22.000Z,coinmarketcap_data_api_listings_historical
2018-05-02,2354,GET,GET Protocol,get-protocol,581,10384393.4012235,0.78532594,8155133.55508283,23445.25195313,2018-05-02T00:00:00.000Z,2018-05-02T23:59:20.000Z,coinmarketcap_data_api_listings_historical
2018-05-02,1303,BRX,Breakout Stake,breakout-stake,582,6268082.4940254,1.29583001,8122369.40948724,7135.37011719,2018-05-02T00:00:00.000Z,2018-05-02T23:59:07.000Z,coinmarketcap_data_api_listings_historical
2018-05-02,1694,SUMO,Sumokoin,sumokoin,583,2827061.45,2.86050153,8086813.59687061,88641.5859375,2018-05-02T00:00:00.000Z,2018-05-02T23:59:12.000Z,coinmarketcap_data_api_listings_historical
2018-05-02,1794,NVST,NVO,nvo,584,15000000.0,0.53717196,8057579.39815521,11290.24121094,2018-05-02T00:00:00.000Z,2018-05-02T23:59:13.000Z,coinmarketcap_data_api_listings_historical
2018-05-02,400,KORE,Kore,korecoin,585,2022464.886973,3.97849369,8046363.79206111,116350.515625,2018-05-02T00:00:00.000Z,2018-05-02T23:59:03.000Z,coinmarketcap_data_api_listings_historical
2018-05-02,1902,MYB,MyBit,mybit,586,2799476.19933237,2.8708415,8036852.46010526,9419.84863281,2018-05-02T00:00:00.000Z,2018-05-02T23:59:14.000Z,coinmarketcap_data_api_listings_historical
2018-05-02,823,GEO,GeoCoin,geocoin,587,3170551.13009894,2.49618316,7914276.32925617,37815.140625,2018-05-02T00:00:00.000Z,2018-05-02T23:59:05.000Z,coinmarketcap_data_api_listings_historical
2018-05-02,977,GXX,GravityCoin,gravitycoin,588,1602904.830626,4.89485264,7845982.93904474,180566.671875,2018-05-02T00:00:00.000Z,2018-05-02T23:59:06.000Z,coinmarketcap_data_api_listings_historical
2018-05-02,293,XBC,Bitcoin Plus,bitcoin-plus,589,109149.42911294,71.87556458,7845176.84055282,39751.40625,2018-05-02T00:00:00.000Z,2018-05-02T23:59:03.000Z,coinmarketcap_data_api_listings_historical
2018-05-02,2534,GLA,Gladius Token,gladius-token,590,11307714.0805446,0.68422288,7736996.66077316,34828.0625,2018-05-02T00:00:00.000Z,2018-05-02T23:59:23.000Z,coinmarketcap_data_api_listings_historical
2018-05-02,1308,HEAT,HEAT,heat-ledger,591,33926630.0,0.22635622,7679503.83357213,15995.8125,2018-05-02T00:00:00.000Z,2018-05-02T23:59:07.000Z,coinmarketcap_data_api_listings_historical
2018-05-02,2089,POLL,ClearPoll,clearpoll,592,6999991.0,1.09633136,7674309.63870929,46485.09765625,2018-05-02T00:00:00.000Z,2018-05-02T23:59:17.000Z,coinmarketcap_data_api_listings_historical
2018-05-02,2382,SXUT,Spectre.ai Utility Token,spectre-utility,593,24529557.5130552,0.312543,7666541.61034777,958954.75,2018-05-02T00:00:00.000Z,2018-05-02T23:59:21.000Z,coinmarketcap_data_api_listings_historical
2018-05-02,374,ABY,ArtByte,artbyte,594,792537250.0,0.0096718,7665263.12280493,42896.22265625,2018-05-02T00:00:00.000Z,2018-05-02T23:59:03.000Z,coinmarketcap_data_api_listings_historical
2018-05-02,921,UNIT,Universal Currency,universal-currency,595,13740294.5722627,0.5553692,7630936.38130973,520160.5625,2018-05-02T00:00:00.000Z,2018-05-02T23:59:06.000Z,coinmarketcap_data_api_listings_historical
2018-05-02,2397,HAC,Hackspace Capital,hackspace-capital,596,324683546.7126,0.02341337,7601935.82770391,40027.05078125,2018-05-02T00:00:00.000Z,2018-05-02T23:59:21.000Z,coinmarketcap_data_api_listings_historical
2018-05-02,145,DOPE,DopeCoin,dopecoin,597,116845228.0,0.06361017,7432545.25632235,44111.765625,2018-05-02T00:00:00.000Z,2018-05-02T23:59:02.000Z,coinmarketcap_data_api_listings_historical
2018-05-02,2012,VOISE,Voise,voisecom,598,516387669.500377,0.014258,7362655.9079635,170787.5625,2018-05-02T00:00:00.000Z,2018-05-02T23:59:15.000Z,coinmarketcap_data_api_listings_historical
2018-05-02,2616,SPD,Stipend,stipend,599,3943748.999,1.85262322,7306280.9861933,169215.046875,2018-05-02T00:00:00.000Z,2018-05-02T23:59:24.000Z,coinmarketcap_data_api_listings_historical
2018-05-02,2673,CHX,WeOwn,we-own,600,56123944.4802,0.12985742,7288110.68213046,119777.2578125,2018-05-02T00:00:00.000Z,2018-05-02T23:59:24.000Z,coinmarketcap_data_api_listings_historical
2018-05-02,2031,HBT,Hubii Network,hubii-network,601,13516418.137861,0.53888863,7283844.09676351,2354.32910156,2018-05-02T00:00:00.000Z,2018-05-02T23:59:17.000Z,coinmarketcap_data_api_listings_historical
2018-05-02,2217,PBL,Publica,publica,602,18582932.5,0.38709286,7193320.4617212,38368.609375,2018-05-02T00:00:00.000Z,2018-05-02T23:59:18.000Z,coinmarketcap_data_api_listings_historical
2018-05-02,2564,HQX,HOQU,hoqu,603,151118385.658112,0.04734576,7154814.43880844,29623.62304688,2018-05-02T00:00:00.000Z,2018-05-02T23:59:23.000Z,coinmarketcap_data_api_listings_historical
2018-05-02,184,NOTE,DNotes,dnotes,604,153844525.42866,0.04630634,7123977.19186901,1548.87915039,2018-05-02T00:00:00.000Z,2018-05-02T18:49:02.000Z,coinmarketcap_data_api_listings_historical
2018-05-02,2136,ATL,ATLANT,atlant,605,37551900.8721559,0.18894486,7095238.70157194,49818.18359375,2018-05-02T00:00:00.000Z,2018-05-02T23:59:17.000Z,coinmarketcap_data_api_listings_historical
2018-05-02,2425,GAT,Global Awards Token,global-awards-token,606,529861448.67,0.01332787,7061924.78033729,30056.1875,2018-05-02T00:00:00.000Z,2018-05-02T23:59:21.000Z,coinmarketcap_data_api_listings_historical
2018-05-02,2184,PRIX,Privatix,privatix,607,1182667.78060023,5.95522165,7043048.77531775,11077.23925781,2018-05-02T00:00:00.000Z,2018-05-02T23:59:18.000Z,coinmarketcap_data_api_listings_historical
2018-05-02,2377,LEV,Leverj,leverj,608,118090510.57721,0.058911,6956830.00332264,16168.16503906,2018-05-02T00:00:00.000Z,2018-05-02T23:59:21.000Z,coinmarketcap_data_api_listings_historical
2018-05-02,2198,VIU,Viuly,viuly,609,696968920.980199,0.00997416,6951680.34343952,916434.0625,2018-05-02T00:00:00.000Z,2018-05-02T23:59:18.000Z,coinmarketcap_data_api_listings_historical
2018-05-02,1777,PING,CryptoPing,cryptoping,610,9952089.0,0.69817114,6948261.31020499,418245.90625,2018-05-02T00:00:00.000Z,2018-05-02T23:59:12.000Z,coinmarketcap_data_api_listings_historical
2018-05-02,1226,QWARK,Qwark,qwark,611,54838634.4658595,0.1262866,6925384.47926097,74200.1953125,2018-05-02T00:00:00.000Z,2018-05-02T23:59:07.000Z,coinmarketcap_data_api_listings_historical
2018-05-02,2105,PIRL,Pirl,pirl,612,12115296.0,0.57148588,6923720.56012344,50908.9921875,2018-05-02T00:00:00.000Z,2018-05-02T23:59:17.000Z,coinmarketcap_data_api_listings_historical
2018-05-02,2060,CAG,Change,change,613,37109986.8162571,0.1853257,6877434.17477354,47928.92578125,2018-05-02T00:00:00.000Z,2018-05-02T23:59:17.000Z,coinmarketcap_data_api_listings_historical
2018-05-02,1905,TFL,TrueFlip,trueflip,614,6247267.0,1.10077858,6876857.69534109,195089.34375,2018-05-02T00:00:00.000Z,2018-05-02T23:59:17.000Z,coinmarketcap_data_api_listings_historical
2018-05-02,2204,B2B,B2BX,b2bx,615,16334929.3816376,0.41988403,6858775.91401371,192386.828125,2018-05-02T00:00:00.000Z,2018-05-02T23:59:19.000Z,coinmarketcap_data_api_listings_historical
2018-05-02,1931,OPT,Opus,opus,616,140080548.897509,0.04863239,6812451.99706129,12075.66210938,2018-05-02T00:00:00.000Z,2018-05-02T23:59:16.000Z,coinmarketcap_data_api_listings_historical
2018-05-02,2646,ADH,AdHive,adhive,617,102421214.280113,0.06529186,6687271.50284701,1179064.125,2018-05-02T00:00:00.000Z,2018-05-02T23:59:24.000Z,coinmarketcap_data_api_listings_historical
2018-05-02,2041,BTCZ,BitcoinZ,bitcoinz,618,1680387672.56374,0.00397547,6680331.70546227,90770.4453125,2018-05-02T00:00:00.000Z,2018-05-02T23:59:16.000Z,coinmarketcap_data_api_listings_historical
2018-05-02,814,DOT,Dotcoin,dotcoin,619,296994000.000001,0.02202574,6541511.45208256,238208.765625,2018-05-02T00:00:00.000Z,2018-05-02T23:59:05.000Z,coinmarketcap_data_api_listings_historical
2018-05-02,2568,J8T,JET8,jet8,620,271784971.57778,0.02395675,6511085.51841674,218364.09375,2018-05-02T00:00:00.000Z,2018-05-02T23:59:24.000Z,coinmarketcap_data_api_listings_historical
2018-05-02,1882,CAT,BlockCAT,blockcat,621,7360121.11184614,0.88293278,6498492.2104137,26705.046875,2018-05-02T00:00:00.000Z,2018-05-02T23:59:14.000Z,coinmarketcap_data_api_listings_historical
2018-05-02,2680,HBZ,HBZ coin,hbz-coin,622,370884091.730679,0.0173783,6445334.47938104,1201046.875,2018-05-02T00:00:00.000Z,2018-05-02T23:59:24.000Z,coinmarketcap_data_api_listings_historical
2018-05-02,2512,UCASH,UNIVERSAL CASH,ucash,623,1844678440.9378,0.00346527,6392307.00482124,2762.96826172,2018-05-02T00:00:00.000Z,2018-05-02T23:59:22.000Z,coinmarketcap_data_api_listings_historical
2018-05-02,2462,AID,AidCoin,aidcoin,624,36907835.8021972,0.17263575,6371611.87703286,78012.6796875,2018-05-02T00:00:00.000Z,2018-05-02T23:59:21.000Z,coinmarketcap_data_api_listings_historical
2018-05-02,1191,MEME,Memetic / PepeCoin,memetic,625,22201956.7994612,0.28624061,6355101.60196822,167661.5625,2018-05-02T00:00:00.000Z,2018-05-02T23:59:07.000Z,coinmarketcap_data_api_listings_historical
2018-05-02,2042,HGT,HelloGold,hellogold,626,263034654.050843,0.02413063,6347192.72971445,33108.6953125,2018-05-02T00:00:00.000Z,2018-05-02T23:59:16.000Z,coinmarketcap_data_api_listings_historical
2018-05-02,2649,DEV,DeviantCoin,deviantcoin,627,2435050.87415,2.60044932,6332226.39874686,94569.4140625,2018-05-02T00:00:00.000Z,2018-05-02T23:59:24.000Z,coinmarketcap_data_api_listings_historical
2018-05-02,151,PTC,Pesetacoin,pesetacoin,628,133784314.41397,0.0471456,6307341.95584816,14465.61425781,2018-05-02T00:00:00.000Z,2018-05-02T23:59:09.000Z,coinmarketcap_data_api_listings_historical
2018-05-02,626,USNBT,NuBits,nubits,629,10115677.9987,0.62135154,6285392.10353316,1255365.75,2018-05-02T00:00:00.000Z,2018-05-02T23:59:04.000Z,coinmarketcap_data_api_listings_historical
2018-05-02,2323,PLAY,HEROcoin,herocoin,630,119054840.331619,0.05251447,6252101.97353881,384814.0,2018-05-02T00:00:00.000Z,2018-05-02T23:59:20.000Z,coinmarketcap_data_api_listings_historical
2018-05-02,702,SPR,SpreadCoin,spreadcoin,631,9968951.50801507,0.62654746,6246021.20421739,78463.46875,2018-05-02T00:00:00.000Z,2018-05-02T23:59:04.000Z,coinmarketcap_data_api_listings_historical
2018-05-02,25,GLC,GoldCoin,goldcoin,632,40992563.9999715,0.15096053,6188259.38471066,15508.34375,2018-05-02T00:00:00.000Z,2018-05-02T23:59:01.000Z,coinmarketcap_data_api_listings_historical
2018-05-02,2022,INXT,Internxt,internxt,633,629609.543,9.73791409,6131083.63707451,30702.01367188,2018-05-02T00:00:00.000Z,2018-05-02T23:59:16.000Z,coinmarketcap_data_api_listings_historical
2018-05-02,964,ERC,EuropeCoin,europecoin,634,10060116.1104567,0.60798419,6116391.49662265,9002.17089844,2018-05-02T00:00:00.000Z,2018-05-02T23:59:05.000Z,coinmarketcap_data_api_listings_historical
2018-05-02,2674,MSR,Masari,masari,635,5119853.89390787,1.19143391,6099967.5258104,61245.49609375,2018-05-02T00:00:00.000Z,2018-05-02T23:59:24.000Z,coinmarketcap_data_api_listings_historical
2018-05-02,2069,OTN,Open Trading Network,open-trading-network,636,1925384.35323935,3.1554997,6075549.74273848,64749.421875,2018-05-02T00:00:00.000Z,2018-05-02T23:59:17.000Z,coinmarketcap_data_api_listings_historical
2018-05-02,543,BTM,Bitmark,bitmark,637,8666520.0,0.69633567,6034807.0396471,50760.36328125,2018-05-02T00:00:00.000Z,2018-05-02T23:59:04.000Z,coinmarketcap_data_api_listings_historical
2018-05-02,2662,XHV,Haven Protocol,haven-protocol,638,1961539.58747034,3.06312919,6008449.16111106,147646.953125,2018-05-02T00:00:00.000Z,2018-05-02T23:59:24.000Z,coinmarketcap_data_api_listings_historical
2018-05-02,525,HYP,HyperStake,hyperstake,639,1210249358.2236,0.00493064,5967300.07793521,3477.44970703,2018-05-02T00:00:00.000Z,2018-05-02T23:59:03.000Z,coinmarketcap_data_api_listings_historical
2018-05-02,633,EXCL,ExclusiveCoin,exclusivecoin,640,4565270.0,1.29075527,5892646.32019996,315769.78125,2018-05-02T00:00:00.000Z,2018-05-02T23:59:04.000Z,coinmarketcap_data_api_listings_historical
2018-05-02,2658,MFG,SyncFab,syncfab,641,129646038.861,0.04543398,5890334.98649394,5927.83984375,2018-05-02T00:00:00.000Z,2018-05-02T23:59:25.000Z,coinmarketcap_data_api_listings_historical
2018-05-02,2625,VIT,Vision Industry Token,vision-industry-token,642,199697100.761603,0.0294034,5871774.03981358,114920.5625,2018-05-02T00:00:00.000Z,2018-05-02T23:59:23.000Z,coinmarketcap_data_api_listings_historical
2018-05-02,1990,CSNO,BitDice,bitdice,643,70000000.0,0.08296979,5807885.45310497,12691.61230469,2018-05-02T00:00:00.000Z,2018-05-02T23:59:16.000Z,coinmarketcap_data_api_listings_historical
2018-05-02,2413,HORSE,Ethouse,ethouse,644,100535600.0,0.05704578,5735132.1065858,17238.24023438,2018-05-02T00:00:00.000Z,2018-05-02T23:59:21.000Z,coinmarketcap_data_api_listings_historical
2018-05-02,2333,FDX,FidentiaX,fidentiax,645,105000000.0,0.0538495,5654197.07447291,156971.65625,2018-05-02T00:00:00.000Z,2018-05-02T23:59:20.000Z,coinmarketcap_data_api_listings_historical
2018-05-02,1371,KB3,B3Coin,b3coin,646,725689848.962354,0.00775532,5627953.99698267,8238.38378906,2018-05-02T00:00:00.000Z,2018-05-02T23:59:08.000Z,coinmarketcap_data_api_listings_historical
2018-05-02,2314,CPAY,Cryptopay,cryptopay,647,67501504.0,0.08317988,5614767.24951983,117613.5,2018-05-02T00:00:00.000Z,2018-05-02T23:59:20.000Z,coinmarketcap_data_api_listings_historical
2018-05-02,2426,SEXC,ShareX,sharex,648,645515075.327001,0.00862011,5564409.97335545,688690.3125,2018-05-02T00:00:00.000Z,2018-05-02T23:59:21.000Z,coinmarketcap_data_api_listings_historical
2018-05-02,2560,EZT,EZToken,eztoken,649,11500000.0,0.48012659,5521455.77967167,566056.6875,2018-05-02T00:00:00.000Z,2018-05-02T23:59:23.000Z,coinmarketcap_data_api_listings_historical
2018-05-02,53,QRK,Quark,quark,650,255202065.88515,0.02138701,5458009.81787512,15300.67382813,2018-05-02T00:00:00.000Z,2018-05-02T23:59:03.000Z,coinmarketcap_data_api_listings_historical
2018-05-02,2256,BON,Bonpay,bonpay,651,11290301.06,0.47905084,5408628.26205599,131221.4375,2018-05-02T00:00:00.000Z,2018-05-02T23:59:19.000Z,coinmarketcap_data_api_listings_historical
2018-05-02,2078,LIFE,LIFE,life,652,17979060137.92,0.00029931,5381316.52372713,280194.21875,2018-05-02T00:00:00.000Z,2018-05-02T23:59:17.000Z,coinmarketcap_data_api_listings_historical
2018-05-02,2518,LOCI,LOCIcoin,locicoin,653,36518110.0894516,0.14735128,5380990.25955823,12102.53613281,2018-05-02T00:00:00.000Z,2018-05-02T23:59:23.000Z,coinmarketcap_data_api_listings_historical
2018-05-02,894,NTRN,Neutron,neutron,654,35447617.38637,0.14833444,5258102.60086049,2169.60864258,2018-05-02T00:00:00.000Z,2018-05-02T23:59:05.000Z,coinmarketcap_data_api_listings_historical
2018-05-02,2555,SETH,Sether,sether,655,17264983.7758947,0.30122614,5200664.40389485,152866.234375,2018-05-02T00:00:00.000Z,2018-05-02T23:59:23.000Z,coinmarketcap_data_api_listings_historical
2018-05-02,1044,GCR,Global Currency Reserve,global-currency-reserve,656,104064499.094515,0.04987406,5190119.44438852,9136.34765625,2018-05-02T00:00:00.000Z,2018-05-02T23:59:06.000Z,coinmarketcap_data_api_listings_historical
2018-05-02,160,RIC,Riecoin,riecoin,657,42850999.9998146,0.12067495,5171042.40518062,96914.3671875,2018-05-02T00:00:00.000Z,2018-05-02T23:59:02.000Z,coinmarketcap_data_api_listings_historical
2018-05-02,1387,VRM,VeriumReserve,veriumreserve,658,1601300.511721,3.21766925,5152455.41430157,37388.765625,2018-05-02T00:00:00.000Z,2018-05-02T23:59:09.000Z,coinmarketcap_data_api_listings_historical
2018-05-02,2106,XNN,Xenon,xenon,659,300000000.0,0.01710363,5131090.43240547,693.27960205,2018-05-02T00:00:00.000Z,2018-05-02T23:59:17.000Z,coinmarketcap_data_api_listings_historical
2018-05-02,2601,1WO,1World,1world,660,20334367.86,0.24913307,5065963.39677201,427588.125,2018-05-02T00:00:00.000Z,2018-05-02T23:59:23.000Z,coinmarketcap_data_api_listings_historical
2018-05-02,128,MAX,Maxcoin,maxcoin,661,61445805.0,0.08158518,5013067.29095645,4905.12841797,2018-05-02T00:00:00.000Z,2018-05-02T23:59:02.000Z,coinmarketcap_data_api_listings_historical
2018-05-02,1252,2GIVE,2GIVE,2give,662,519365620.860941,0.00958762,4979480.41382995,12738.703125,2018-05-02T00:00:00.000Z,2018-05-02T23:59:07.000Z,coinmarketcap_data_api_listings_historical
2018-05-02,766,VTR,vTorrent,vtorrent,663,11565786.4815651,0.43033665,4977181.85750927,16205.79980469,2018-05-02T00:00:00.000Z,2018-05-02T23:59:04.000Z,coinmarketcap_data_api_listings_historical
2018-05-02,2656,DAN,Daneel,daneel,664,26840805.5437708,0.1842016,4944119.2772635,315279.25,2018-05-02T00:00:00.000Z,2018-05-02T23:59:24.000Z,coinmarketcap_data_api_listings_historical
2018-05-02,2562,LEDU,Education Ecosystem,education-ecosystem,665,217789856.581868,0.02267288,4937923.78519764,34488.36328125,2018-05-02T00:00:00.000Z,2018-05-02T23:59:23.000Z,coinmarketcap_data_api_listings_historical
2018-05-02,4,TRC,Terracoin,terracoin,666,22763478.4303612,0.21563581,4908621.02602662,10961.42480469,2018-05-02T00:00:00.000Z,2018-05-02T23:59:01.000Z,coinmarketcap_data_api_listings_historical
2018-05-02,1381,BTDX,Bitcloud,bitcloud,667,22037521.8381406,0.221974,4891756.87987626,4010.6328125,2018-05-02T00:00:00.000Z,2018-05-02T23:59:10.000Z,coinmarketcap_data_api_listings_historical
2018-05-02,1466,HUSH,Hush,hush,668,3770650.0,1.29477847,4882156.42367005,17827.08398438,2018-05-02T00:00:00.000Z,2018-05-02T23:59:09.000Z,coinmarketcap_data_api_listings_historical
2018-05-02,506,CANN,CannabisCoin,cannabiscoin,669,77231175.5326082,0.06302167,4867238.02514883,103922.953125,2018-05-02T00:00:00.000Z,2018-05-02T23:59:04.000Z,coinmarketcap_data_api_listings_historical
2018-05-02,2367,AIX,Aigang,aigang,670,19321214.0381453,0.25076398,4845064.57960505,68341.609375,2018-05-02T00:00:00.000Z,2018-05-02T23:59:20.000Z,coinmarketcap_data_api_listings_historical
2018-05-02,2665,DERO,Dero,dero,671,2047712.0,2.36233115,4837373.84784698,50294.9921875,2018-05-02T00:00:00.000Z,2018-05-02T23:59:24.000Z,coinmarketcap_data_api_listings_historical
2018-05-02,2167,BPL,Blockpool,blockpool,672,22293890.0011,0.21664335,4829822.97727768,2265.40869141,2018-05-02T00:00:00.000Z,2018-05-02T23:59:18.000Z,coinmarketcap_data_api_listings_historical
2018-05-02,2151,NIO,Autonio,autonio,673,65828135.0,0.07300537,4805807.40446616,38334.9609375,2018-05-02T00:00:00.000Z,2018-05-02T23:59:18.000Z,coinmarketcap_data_api_listings_historical
2018-05-02,1002,SPRTS,Sprouts,sprouts,674,7285717989662.7,6.5e-07,4754593.4572804,13991.07128906,2018-05-02T00:00:00.000Z,2018-05-02T23:59:06.000Z,coinmarketcap_data_api_listings_historical
2018-05-02,1286,BRK,Breakout,breakout,675,18916298.937623,0.25050104,4738552.49334202,43247.9140625,2018-05-02T00:00:00.000Z,2018-05-02T23:59:08.000Z,coinmarketcap_data_api_listings_historical
2018-05-02,2504,ING,Iungo,iungo,676,40000000.0,0.1180912,4723648.13089372,8468.15917969,2018-05-02T00:00:00.000Z,2018-05-02T23:59:22.000Z,coinmarketcap_data_api_listings_historical
2018-05-02,729,BLITZ,Blitzcash,blitzcash,677,4144682.5028192,1.13493454,4703943.34869655,88888.8671875,2018-05-02T00:00:00.000Z,2018-05-02T23:59:05.000Z,coinmarketcap_data_api_listings_historical
2018-05-02,2513,MNTP,GoldMint,goldmint,678,1914996.84042279,2.42261696,4639303.82130845,29755.58203125,2018-05-02T00:00:00.000Z,2018-05-02T23:59:22.000Z,coinmarketcap_data_api_listings_historical
2018-05-02,2547,EXY,Experty,experty,679,27088352.0998839,0.17027658,4612512.01411062,32123.99023438,2018-05-02T00:00:00.000Z,2018-05-02T23:59:23.000Z,coinmarketcap_data_api_listings_historical
2018-05-02,2543,CEN,Concensum,concensum,680,22342936.7896,0.20577267,4597565.716905,33651.453125,2018-05-02T00:00:00.000Z,2018-05-02T23:59:23.000Z,coinmarketcap_data_api_listings_historical
2018-05-02,2056,PIPL,PiplCoin,piplcoin,681,83444258.0716209,0.05485255,4577130.56438429,146417.40625,2018-05-02T00:00:00.000Z,2018-05-02T23:59:16.000Z,coinmarketcap_data_api_listings_historical
2018-05-02,1819,STA,Starta,starta,682,5200017.0,0.87575358,4553933.51173514,2031.60522461,2018-05-02T00:00:00.000Z,2018-05-02T23:59:13.000Z,coinmarketcap_data_api_listings_historical
2018-05-02,1883,ADS,Adshares,adshares,683,19379103.0,0.23177707,4491631.75041211,13270.86328125,2018-05-02T00:00:00.000Z,2018-05-02T23:59:14.000Z,coinmarketcap_data_api_listings_historical
2018-05-02,1769,D,Denarius,denarius-d,684,2751879.28471689,1.61960745,4456964.18711464,22605.36914063,2018-05-02T00:00:00.000Z,2018-05-02T23:59:12.000Z,coinmarketcap_data_api_listings_historical
2018-05-02,1109,1337,Elite,1337coin,685,26172634751.7488,0.00016784,4392705.33786893,3692.72265625,2018-05-02T00:00:00.000Z,2018-05-02T23:59:07.000Z,coinmarketcap_data_api_listings_historical
2018-05-02,2236,WISH,MyWish,mywish,686,18825061.5576875,0.23000123,4329787.2390651,13528.984375,2018-05-02T00:00:00.000Z,2018-05-02T23:59:18.000Z,coinmarketcap_data_api_listings_historical
2018-05-02,1988,PIX,Lampix,lampix,687,135322017.0,0.03155078,4269514.67511393,31149.3515625,2018-05-02T00:00:00.000Z,2018-05-02T23:59:15.000Z,coinmarketcap_data_api_listings_historical
2018-05-02,1153,CRB,Creditbit,creditbit,688,16640476.7547202,0.25360274,4220070.55230095,22581.21289063,2018-05-02T00:00:00.000Z,2018-05-02T23:59:06.000Z,coinmarketcap_data_api_listings_historical
2018-05-02,1841,PBT,Primalbase Token,primalbase,689,1250.0,3371.69970703,4214624.63378906,629111.6875,2018-05-02T00:00:00.000Z,2018-05-02T23:59:13.000Z,coinmarketcap_data_api_listings_historical
2018-05-02,2681,ORI,Origami,origami,690,4225879.0,0.98970997,4182394.59240806,177381.59375,2018-05-02T00:00:00.000Z,2018-05-02T23:59:24.000Z,coinmarketcap_data_api_listings_historical
2018-05-02,2230,MONK,Monkey Project,monkey-project,691,1142912.34973514,3.62412047,4142052.04650449,86075.640625,2018-05-02T00:00:00.000Z,2018-05-02T23:59:18.000Z,coinmarketcap_data_api_listings_historical
2018-05-02,2178,UFR,Upfiring,upfiring,692,16085000.0057881,0.25318059,4072409.84392678,11277.8515625,2018-05-02T00:00:00.000Z,2018-05-02T23:59:19.000Z,coinmarketcap_data_api_listings_historical
2018-05-02,659,BITS,Bitswift,bitswift,693,3884634.745,1.03758335,4030632.33665353,10415.30664063,2018-05-02T00:00:00.000Z,2018-05-02T23:59:04.000Z,coinmarketcap_data_api_listings_historical
2018-05-02,1771,BET,DAO.Casino,dao-casino,694,167270820.687909,0.02405545,4023775.05666607,1830.03503418,2018-05-02T00:00:00.000Z,2018-05-02T23:59:12.000Z,coinmarketcap_data_api_listings_historical
2018-05-02,2521,BIO,BioCoin,biocoin,695,621903181.162074,0.00645503,4014404.1628581,17917.34179688,2018-05-02T00:00:00.000Z,2018-05-02T23:59:22.000Z,coinmarketcap_data_api_listings_historical
2018-05-02,168,UFO,Uniform Fiscal Object,uniform-fiscal-object,696,3602943762.0,0.00111268,4008923.28817215,1323.72058105,2018-05-02T00:00:00.000Z,2018-05-02T23:59:02.000Z,coinmarketcap_data_api_listings_historical
2018-05-02,1752,GOOD,Goodomy,goodomy,697,463732924.296,0.00863985,4006584.93666447,4457.44140625,2018-05-02T00:00:00.000Z,2018-05-02T23:59:16.000Z,coinmarketcap_data_api_listings_historical
2018-05-02,13,IXC,Ixcoin,ixcoin,698,20999087.999,0.19051497,4000640.55391547,927.69781494,2018-05-02T00:00:00.000Z,2018-05-02T23:59:02.000Z,coinmarketcap_data_api_listings_historical
2018-05-02,2164,DRP,DCORP,dcorp,699,8094002.47,0.48823774,3951797.462251,526.7666626,2018-05-02T00:00:00.000Z,2018-05-02T23:59:18.000Z,coinmarketcap_data_api_listings_historical
2018-05-02,2163,ZEPH,Zephyr,zephyr,700,125990535.381,0.03095996,3900661.47564965,4638.15380859,2018-05-02T00:00:00.000Z,2018-05-02T23:59:18.000Z,coinmarketcap_data_api_listings_historical
2018-05-02,2255,SEND,Social Send,social-send,701,32074754.0966241,0.12123106,3888456.33412439,7241.70263672,2018-05-02T00:00:00.000Z,2018-05-02T23:59:19.000Z,coinmarketcap_data_api_listings_historical
2018-05-02,1922,XMCC,Monoeci,monacocoin,702,4192839.22435701,0.92259407,3868288.60667726,7755.86523438,2018-05-02T00:00:00.000Z,2018-05-02T23:59:14.000Z,coinmarketcap_data_api_listings_historical
2018-05-02,2436,REF,RefToken,reftoken,703,732429.296427898,5.20126152,3809556.31591363,26003.97070313,2018-05-02T00:00:00.000Z,2018-05-02T23:59:21.000Z,coinmarketcap_data_api_listings_historical
2018-05-02,1842,CC,CampusCoin,campuscoin,704,396090548.193455,0.00958685,3797260.00595259,57368.8359375,2018-05-02T00:00:00.000Z,2018-05-02T23:59:16.000Z,coinmarketcap_data_api_listings_historical
2018-05-02,1642,ALT,Altcoin,altcoin-alt,705,123175.26848421,30.82555008,3796945.40719687,7717.05712891,2018-05-02T00:00:00.000Z,2018-05-02T23:59:11.000Z,coinmarketcap_data_api_listings_historical
2018-05-02,130,HUC,HunterCoin,huntercoin,706,22488940.0,0.16870524,3794002.01761693,7135.66064453,2018-05-02T00:00:00.000Z,2018-05-02T23:59:02.000Z,coinmarketcap_data_api_listings_historical
2018-05-02,2418,MVC,Maverick Chain,maverick-chain,707,100000810.447603,0.03785664,3785694.52397678,729196.125,2018-05-02T00:00:00.000Z,2018-05-02T23:59:21.000Z,coinmarketcap_data_api_listings_historical
2018-05-02,594,BUN,BunnyCoin,bunnycoin,708,103019152566.188,3.634e-05,3743448.73320109,932.04602051,2018-05-02T00:00:00.000Z,2018-05-02T23:59:04.000Z,coinmarketcap_data_api_listings_historical
2018-05-02,1340,KRB,Karbo,karbo,709,5790505.01459388,0.63689411,3687938.51956666,20486.71679688,2018-05-02T00:00:00.000Z,2018-05-02T23:59:08.000Z,coinmarketcap_data_api_listings_historical
2018-05-02,1148,EGC,EverGreenCoin,evergreencoin,710,13321300.5675361,0.27643988,3682538.66858011,18452.4765625,2018-05-02T00:00:00.000Z,2018-05-02T23:59:06.000Z,coinmarketcap_data_api_listings_historical
2018-05-02,2551,BEZ,Bezop,bezop,711,42634684.0,0.0862739,3678260.51359704,16383.40722656,2018-05-02T00:00:00.000Z,2018-05-02T23:59:23.000Z,coinmarketcap_data_api_listings_historical
2018-05-02,948,ADC,AudioCoin,audiocoin,712,887490666.6532,0.00410685,3644789.30043239,884.24298096,2018-05-02T00:00:00.000Z,2018-05-02T23:59:05.000Z,coinmarketcap_data_api_listings_historical
2018-05-02,1962,BUZZ,BUZZCoin,buzzcoin,713,19510768941.3011,0.00018534,3616198.08262311,5704.01074219,2018-05-02T00:00:00.000Z,2018-05-02T23:59:15.000Z,coinmarketcap_data_api_listings_historical
2018-05-02,2030,REAL,REAL,real,714,10055817.0,0.35725212,3592461.95135308,1244.77612305,2018-05-02T00:00:00.000Z,2018-05-02T23:59:16.000Z,coinmarketcap_data_api_listings_historical
2018-05-02,114,TES,TeslaCoin,teslacoin,715,75206140.1223753,0.04609433,3466576.50282782,2820.59326172,2018-05-02T00:00:00.000Z,2018-05-02T23:59:04.000Z,coinmarketcap_data_api_listings_historical
2018-05-02,2177,SSS,Sharechain,sharechain,716,2344023561.00666,0.00147493,3457272.51884109,3875.62939453,2018-05-02T00:00:00.000Z,2018-05-02T23:59:18.000Z,coinmarketcap_data_api_listings_historical
2018-05-02,2581,SHP,Sharpe Platform Token,sharpe-platform-token,717,16230143.6336935,0.21254343,3449610.36393167,7871.23339844,2018-05-02T00:00:00.000Z,2018-05-02T23:59:23.000Z,coinmarketcap_data_api_listings_historical
2018-05-02,2384,VZT,Vezt,vezt,718,50476510.2124856,0.0680859,3436738.69932156,11143.23828125,2018-05-02T00:00:00.000Z,2018-05-02T23:59:21.000Z,coinmarketcap_data_api_listings_historical
2018-05-02,181,ZEIT,Zeitcoin,zeitcoin,719,36971198031.8553,9.237e-05,3415067.18676001,5512.66748047,2018-05-02T00:00:00.000Z,2018-05-02T23:59:03.000Z,coinmarketcap_data_api_listings_historical
2018-05-02,2065,XGOX,XGOX,xgox,720,2058224111.28382,0.00165381,3403909.76588223,9293.9765625,2018-05-02T00:00:00.000Z,2018-05-02T23:59:17.000Z,coinmarketcap_data_api_listings_historical
2018-05-02,1969,SCL,Sociall,sociall,721,16714019.6643,0.20363191,3403507.70960166,3009.05688477,2018-05-02T00:00:00.000Z,2018-05-02T23:59:17.000Z,coinmarketcap_data_api_listings_historical
2018-05-02,2668,EARTH,Earth Token,earth-token,722,140300220.0,0.02423745,3400519.85834588,660543.875,2018-05-02T00:00:00.000Z,2018-05-02T23:59:24.000Z,coinmarketcap_data_api_listings_historical
2018-05-02,450,TRUST,TrustPlus,trustplus,723,32086595.2637433,0.10472631,3360310.86825856,7169.19824219,2018-05-02T00:00:00.000Z,2018-05-02T23:59:03.000Z,coinmarketcap_data_api_listings_historical
2018-05-02,1726,ZRC,ZrCoin,zrcoin,724,3807146.0,0.87651402,3337016.83598101,15966.70605469,2018-05-02T00:00:00.000Z,2018-05-02T23:59:12.000Z,coinmarketcap_data_api_listings_historical
2018-05-02,1463,BASH,LuckChain,luckchain,725,715868298.825578,0.00462421,3310321.89261122,1105.07336426,2018-05-02T00:00:00.000Z,2018-05-02T23:59:09.000Z,coinmarketcap_data_api_listings_historical
2018-05-02,869,CRAVE,Crave,crave,726,15225248.5767047,0.21217427,3230405.95021129,17052.95117188,2018-05-02T00:00:00.000Z,2018-05-02T23:59:05.000Z,coinmarketcap_data_api_listings_historical
2018-05-02,1951,VSX,Vsync,vsync-vsx,727,160559293.534873,0.02009713,3226780.54278717,3238.60351563,2018-05-02T00:00:00.000Z,2018-05-02T23:59:15.000Z,coinmarketcap_data_api_listings_historical
2018-05-02,2565,STAC,StarterCoin,startercoin,728,174607188.930508,0.01842771,3217610.48744132,496551.71875,2018-05-02T00:00:00.000Z,2018-05-02T23:59:23.000Z,coinmarketcap_data_api_listings_historical
2018-05-02,1877,RUPX,Rupaya,rupaya,729,19760908.2067015,0.1619536,3200350.18897826,23448.86132813,2018-05-02T00:00:00.000Z,2018-05-02T23:59:14.000Z,coinmarketcap_data_api_listings_historical
2018-05-02,2005,ODN,Obsidian,obsidian,730,25000000.0,0.12273338,3068334.42300558,24915.78320313,2018-05-02T00:00:00.000Z,2018-05-02T23:59:16.000Z,coinmarketcap_data_api_listings_historical
2018-05-02,234,EFL,e-Gulden,e-gulden,731,16590295.0,0.18484625,3066653.85369197,7249.54638672,2018-05-02T00:00:00.000Z,2018-05-02T23:59:02.000Z,coinmarketcap_data_api_listings_historical
2018-05-02,2330,PYLNT,Pylon Network,pylon-network,732,354311.496846494,8.48154068,3005107.37387101,111231.765625,2018-05-02T00:00:00.000Z,2018-05-02T23:59:20.000Z,coinmarketcap_data_api_listings_historical
2018-05-02,2590,HIRE,HireMatch,hirematch,733,32088698.484279,0.09354134,3001619.82426394,30295.97070313,2018-05-02T00:00:00.000Z,2018-05-02T23:59:24.000Z,coinmarketcap_data_api_listings_historical
2018-05-02,1503,JUP,Jupiter,jupiter,734,13600388.07,0.22000009,2992086.57515652,14749.47558594,2018-05-02T00:00:00.000Z,2018-05-02T23:59:09.000Z,coinmarketcap_data_api_listings_historical
2018-05-02,58,SXC,Sexcoin,sexcoin,735,126809544.933046,0.02355246,2986677.04642905,9404.81445313,2018-05-02T00:00:00.000Z,2018-05-02T23:59:01.000Z,coinmarketcap_data_api_listings_historical
2018-05-02,2286,AMM,MicroMoney,micromoney,736,10431564.699939,0.28253677,2947300.64720746,212024.6875,2018-05-02T00:00:00.000Z,2018-05-02T23:59:20.000Z,coinmarketcap_data_api_listings_historical
2018-05-02,629,XMG,Magi,magi,737,7960703.34794297,0.36756718,2926093.29305534,22524.99804688,2018-05-02T00:00:00.000Z,2018-05-02T23:59:04.000Z,coinmarketcap_data_api_listings_historical
2018-05-02,2311,ACE,ACE (TokenStars),ace,738,9226325.0,0.3114081,2873152.36141235,130137.1796875,2018-05-02T00:00:00.000Z,2018-05-02T23:59:19.000Z,coinmarketcap_data_api_listings_historical
2018-05-02,2142,FOR,FORCE,force,739,123192742.104982,0.02329983,2870369.9525147,6440.20654297,2018-05-02T00:00:00.000Z,2018-05-02T23:59:18.000Z,coinmarketcap_data_api_listings_historical
2018-05-02,1799,RUP,Rupee,rupee,740,24289900.0,0.1180914,2868428.40465904,24970.69140625,2018-05-02T00:00:00.000Z,2018-05-02T23:59:13.000Z,coinmarketcap_data_api_listings_historical
2018-05-02,1299,PUT,PutinCoin,putincoin,741,422258517.934126,0.00669414,2826657.00850239,1643.85009766,2018-05-02T00:00:00.000Z,2018-05-02T23:59:08.000Z,coinmarketcap_data_api_listings_historical
2018-05-02,1578,ZER,Zero,zero,742,3002570.0,0.93082887,2794878.83822262,11316.0625,2018-05-02T00:00:00.000Z,2018-05-02T23:59:10.000Z,coinmarketcap_data_api_listings_historical
2018-05-02,2002,TZC,TrezarCoin,trezarcoin,743,95718600.0,0.02916145,2791293.30048524,2079.2487793,2018-05-02T00:00:00.000Z,2018-05-02T23:59:16.000Z,coinmarketcap_data_api_listings_historical
2018-05-02,990,ZNY,Bitzeny,bitzeny,744,75614500.0,0.03656245,2764651.39292553,9761.15136719,2018-05-02T00:00:00.000Z,2018-05-02T23:59:05.000Z,coinmarketcap_data_api_listings_historical
2018-05-02,2207,DGPT,DigiPulse,digipulse,745,1402641.39,1.96394193,2754706.24099341,78532.7734375,2018-05-02T00:00:00.000Z,2018-05-02T23:59:18.000Z,coinmarketcap_data_api_listings_historical
2018-05-02,2664,CRC,CryCash,crycash,746,4538835.95792092,0.60310954,2737415.26015919,7376.30371094,2018-05-02T00:00:00.000Z,2018-05-02T23:59:24.000Z,coinmarketcap_data_api_listings_historical
2018-05-02,730,GCN,GCN Coin,gcn-coin,747,155582885000.0,1.746e-05,2715703.5787398,3024.66699219,2018-05-02T00:00:00.000Z,2018-05-02T23:59:04.000Z,coinmarketcap_data_api_listings_historical
2018-05-02,2098,GMT,Mercury Protocol,mercury-protocol,748,170309624.822032,0.01564285,2664127.23394952,3837.53222656,2018-05-02T00:00:00.000Z,2018-05-02T23:59:17.000Z,coinmarketcap_data_api_listings_historical
2018-05-02,2386,KZC,KZ Cash,kz-cash,749,1273576.3003092,2.08920741,2660765.04484099,10286.37695313,2018-05-02T00:00:00.000Z,2018-05-02T23:59:21.000Z,coinmarketcap_data_api_listings_historical
2018-05-02,2173,HOLD,Stellar Holdings,interstellar-holdings,750,326911359.27652,0.0081126,2652101.72612246,31398.4296875,2018-05-02T00:00:00.000Z,2018-05-02T23:59:18.000Z,coinmarketcap_data_api_listings_historical
2018-05-02,999,CHC,ChainCoin,chaincoin,751,15077012.1078399,0.1755272,2646425.72120524,1997.1126709,2018-05-02T00:00:00.000Z,2018-05-02T23:59:06.000Z,coinmarketcap_data_api_listings_historical
2018-05-02,2594,LATX,LatiumX,latiumx,752,75579439.5431181,0.03410583,2577699.50858246,8529.46777344,2018-05-02T00:00:00.000Z,2018-05-02T23:59:23.000Z,coinmarketcap_data_api_listings_historical
2018-05-02,117,NOBL,NobleCoin,noblecoin,753,2327243687.30495,0.00110626,2574545.80171987,1413.10986328,2018-05-02T00:00:00.000Z,2018-05-02T23:59:01.000Z,coinmarketcap_data_api_listings_historical
2018-05-02,2271,CRED,Verify,verify,754,13308864.2710553,0.19255702,2562715.26991077,12952.68554688,2018-05-02T00:00:00.000Z,2018-05-02T23:59:19.000Z,coinmarketcap_data_api_listings_historical
2018-05-02,2395,IC,Ignition,ignition,755,533752.11865,4.80078888,2562431.23556819,30026.5390625,2018-05-02T00:00:00.000Z,2018-05-02T23:59:21.000Z,coinmarketcap_data_api_listings_historical
2018-05-02,2185,LTHN,Lethean,lethean,756,430625519.030492,0.00586842,2527090.00679572,15449.14648438,2018-05-02T00:00:00.000Z,2018-05-02T23:59:18.000Z,coinmarketcap_data_api_listings_historical
2018-05-02,2218,MAG,Magnet,magnet,757,24427200.8994521,0.10276533,2510269.34143066,16027.06835938,2018-05-02T00:00:00.000Z,2018-05-02T23:59:19.000Z,coinmarketcap_data_api_listings_historical
2018-05-02,2159,FRD,Farad,farad,758,135591899.934799,0.01843773,2500007.11387097,1051.13513184,2018-05-02T00:00:00.000Z,2018-05-02T23:59:18.000Z,coinmarketcap_data_api_listings_historical
2018-05-02,1985,DAY,Chronologic,chronologic,759,667394.423651134,3.739151,2495488.52724131,8029.71337891,2018-05-02T00:00:00.000Z,2018-05-02T23:59:15.000Z,coinmarketcap_data_api_listings_historical
2018-05-02,31,ARG,Argentum,argentum,760,9413794.44495494,0.26405492,2485758.77906434,7305.60791016,2018-05-02T00:00:00.000Z,2018-05-02T23:59:01.000Z,coinmarketcap_data_api_listings_historical
2018-05-02,797,NKA,IncaKoin,incakoin,761,14539022529.671,0.00017009,2472881.66403454,2197.93798828,2018-05-02T00:00:00.000Z,2018-05-02T23:59:04.000Z,coinmarketcap_data_api_listings_historical
2018-05-02,2253,JIYO,Jiyo [OLD],jiyo-old,762,26091542.0636081,0.09418378,2457400.06417904,49492.546875,2018-05-02T00:00:00.000Z,2018-05-02T23:59:19.000Z,coinmarketcap_data_api_listings_historical
2018-05-02,853,LDOGE,LiteDoge,litedoge,763,14994468044.5147,0.00016319,2446927.73139766,3229.82617188,2018-05-02T00:00:00.000Z,2018-05-02T23:59:04.000Z,coinmarketcap_data_api_listings_historical
2018-05-02,2124,QVT,Qvolta,qvolta,764,7043163.04,0.34348246,2419202.99922024,11325.33886719,2018-05-02T00:00:00.000Z,2018-05-02T23:59:18.000Z,coinmarketcap_data_api_listings_historical
2018-05-02,1724,LINX,Linx,linx,765,22858345.0,0.10475539,2394534.77002941,97832.796875,2018-05-02T00:00:00.000Z,2018-05-02T23:59:12.000Z,coinmarketcap_data_api_listings_historical
2018-05-02,2509,ESZ,EtherSportz,ethersportz,766,4941599.92769329,0.48019186,2372916.04396562,5461.44580078,2018-05-02T00:00:00.000Z,2018-05-02T23:59:22.000Z,coinmarketcap_data_api_listings_historical
2018-05-02,1662,RAIN,Condensate,condensate,767,179044341.917975,0.01324126,2370772.40531967,13243.17285156,2018-05-02T00:00:00.000Z,2018-05-02T23:59:11.000Z,coinmarketcap_data_api_listings_historical
2018-05-02,2542,TDX,Tidex Token,tidex-token,768,9499999.46000001,0.24809319,2356885.15021509,72527.4453125,2018-05-02T00:00:00.000Z,2018-05-02T23:59:22.000Z,coinmarketcap_data_api_listings_historical
2018-05-02,1322,808,808Coin,808coin,769,53958677202.7308,4.302e-05,2321521.64796089,3756.203125,2018-05-02T00:00:00.000Z,2018-05-02T23:59:08.000Z,coinmarketcap_data_api_listings_historical
2018-05-02,1008,CPC,Capricoin,capricoin,770,1990045.0,1.16454947,2317505.84992229,96539.359375,2018-05-02T00:00:00.000Z,2018-05-02T23:59:05.000Z,coinmarketcap_data_api_listings_historical
2018-05-02,1852,KEK,KekCoin,kekcoin,771,10642488.0,0.21636678,2302680.88938224,662.78491211,2018-05-02T00:00:00.000Z,2018-05-02T23:59:14.000Z,coinmarketcap_data_api_listings_historical
2018-05-02,2332,STAK,STRAKS,straks,772,3767290.0002712,0.60860729,2292800.16590411,13855.21289063,2018-05-02T00:00:00.000Z,2018-05-02T23:59:20.000Z,coinmarketcap_data_api_listings_historical
2018-05-02,1676,CREA,CREA,crea,773,14269361.4259693,0.15997525,2282744.59860294,6768.37353516,2018-05-02T00:00:00.000Z,2018-05-02T23:59:11.000Z,coinmarketcap_data_api_listings_historical
2018-05-02,2486,SMS,Speed Mining Service,speed-mining-service,774,104680.087,21.75702477,2277527.24526288,7838.53125,2018-05-02T00:00:00.000Z,2018-05-02T23:59:22.000Z,coinmarketcap_data_api_listings_historical
2018-05-02,2126,FYP,FlypMe,flypme,775,17638681.0,0.12906413,2276520.97885768,576.81677246,2018-05-02T00:00:00.000Z,2018-05-02T23:59:18.000Z,coinmarketcap_data_api_listings_historical
2018-05-02,2127,EBTC,eBitcoin,ebtcnew,776,18897126.0,0.11870658,2243213.27443815,58524.19921875,2018-05-02T00:00:00.000Z,2018-05-02T23:59:18.000Z,coinmarketcap_data_api_listings_historical
2018-05-02,1625,EMV,Ethereum Movie Venture,ethereum-movie-venture,777,6566666.0,0.33677632,2211497.58497202,559.76074219,2018-05-02T00:00:00.000Z,2018-05-02T23:59:11.000Z,coinmarketcap_data_api_listings_historical
2018-05-02,1762,ERG,Ergo,ergo,778,397300.0,5.53956318,2200868.4510231,8611.01269531,2018-05-02T00:00:00.000Z,2018-05-02T23:59:12.000Z,coinmarketcap_data_api_listings_historical
2018-05-02,2237,EVC,EventChain,eventchain,779,31250497.0,0.0696032,2175134.7405169,11759.61816406,2018-05-02T00:00:00.000Z,2018-05-02T23:59:19.000Z,coinmarketcap_data_api_listings_historical
2018-05-02,1234,FANS,Fantasy Cash,fantasy-cash,780,4602101.0,0.47154498,2170097.628618,2729.60498047,2018-05-02T00:00:00.000Z,2018-05-02T23:59:07.000Z,coinmarketcap_data_api_listings_historical
2018-05-02,1686,EQT,EquiTrader,equitrader,781,10569651.7860449,0.20436919,2160111.14613976,24389.70703125,2018-05-02T00:00:00.000Z,2018-05-02T23:59:12.000Z,coinmarketcap_data_api_listings_historical
2018-05-02,1156,YOC,Yocoin,yocoin,782,112194700.277,0.01912749,2146003.00748202,12939.99121094,2018-05-02T00:00:00.000Z,2018-05-02T23:59:06.000Z,coinmarketcap_data_api_listings_historical
2018-05-02,2160,INN,Innova,innova,783,2913335.15639192,0.72976542,2126051.23999678,15922.74707031,2018-05-02T00:00:00.000Z,2018-05-02T23:59:18.000Z,coinmarketcap_data_api_listings_historical
2018-05-02,2122,ELLA,Ellaism,ellaism,784,7399465.0,0.28464797,2106242.70163372,5470.19775391,2018-05-02T00:00:00.000Z,2018-05-02T23:59:17.000Z,coinmarketcap_data_api_listings_historical
2018-05-02,2226,TRIA,Triaconta,triaconta,785,276000.8027,7.56028414,2086644.49065241,1084.35083008,2018-05-02T00:00:00.000Z,2018-05-02T23:59:19.000Z,coinmarketcap_data_api_listings_historical
2018-05-02,304,CDN,Canada eCoin,canada-ecoin,786,97415544.2207731,0.02137543,2082299.21925687,2162.3737793,2018-05-02T00:00:00.000Z,2018-05-02T23:59:02.000Z,coinmarketcap_data_api_listings_historical
2018-05-02,2571,GRFT,Graft,graft,787,167744693.0,0.01235067,2071759.20167098,15187.640625,2018-05-02T00:00:00.000Z,2018-05-02T23:59:23.000Z,coinmarketcap_data_api_listings_historical
2018-05-02,815,KOBO,Kobocoin,kobocoin,788,24700247.6844529,0.08343074,2060759.87474451,921.85394287,2018-05-02T00:00:00.000Z,2018-05-02T23:59:05.000Z,coinmarketcap_data_api_listings_historical
2018-05-02,2523,TIG,Tigereum,tigereum,789,14458893.0478829,0.14240126,2058964.63330356,11378.65332031,2018-05-02T00:00:00.000Z,2018-05-02T23:59:22.000Z,coinmarketcap_data_api_listings_historical
2018-05-02,1266,MXT,MarteXcoin,martexcoin,790,2962490.85181545,0.68889278,2040838.56377006,1346.52478027,2018-05-02T00:00:00.000Z,2018-05-02T23:59:07.000Z,coinmarketcap_data_api_listings_historical
2018-05-02,654,DP,DigitalPrice,digitalprice,791,19630549.0,0.10306692,2023260.24756575,2415.82348633,2018-05-02T00:00:00.000Z,2018-05-02T23:59:04.000Z,coinmarketcap_data_api_listings_historical
2018-05-02,1916,BBP,BiblePay,biblepay,792,602168353.753082,0.00332438,2001834.97661338,12770.39550781,2018-05-02T00:00:00.000Z,2018-05-02T23:59:15.000Z,coinmarketcap_data_api_listings_historical
2018-05-02,334,UNB,UnbreakableCoin,unbreakablecoin,793,2278150.0,0.8711828,1984685.09431481,253728.671875,2018-05-02T00:00:00.000Z,2018-05-02T23:59:03.000Z,coinmarketcap_data_api_listings_historical
2018-05-02,37,MEC,Megacoin,megacoin,794,37088118.7430999,0.0534634,1982857.04390106,2748.71240234,2018-05-02T00:00:00.000Z,2018-05-02T23:59:01.000Z,coinmarketcap_data_api_listings_historical
2018-05-02,2615,LNC,Blocklancer,blocklancer,795,120140384.183289,0.0158077,1899143.52798235,43220.8046875,2018-05-02T00:00:00.000Z,2018-05-02T23:59:23.000Z,coinmarketcap_data_api_listings_historical
2018-05-02,1967,IND,Indorse Token,indorse-token,796,36832464.1232728,0.05131777,1890160.06087805,241400.5625,2018-05-02T00:00:00.000Z,2018-05-02T23:59:15.000Z,coinmarketcap_data_api_listings_historical
2018-05-02,1699,ETBS,Ethbits,ethbits,797,1391603.61019296,1.34768546,1875443.94635814,817.01135254,2018-05-02T00:00:00.000Z,2018-05-02T23:59:11.000Z,coinmarketcap_data_api_listings_historical
2018-05-02,1857,FYN,FundYourselfNow,fundyourselfnow,798,922376.971332088,1.99653912,1841561.7028752,37561.109375,2018-05-02T00:00:00.000Z,2018-05-02T23:59:14.000Z,coinmarketcap_data_api_listings_historical
2018-05-02,1747,ONX,Onix,onix,799,105758462.631,0.01732683,1832459.29228861,95790.28125,2018-05-02T00:00:00.000Z,2018-05-02T23:59:12.000Z,coinmarketcap_data_api_listings_historical
2018-05-02,2614,XBP,BlitzPredict,blitzpredict,800,281780672.1666,0.00641086,1806455.1252484,23178.41992188,2018-05-02T00:00:00.000Z,2018-05-02T23:59:24.000Z,coinmarketcap_data_api_listings_historical
2018-05-02,2195,BBT,BitBoost,bitboost,801,12959035.5883,0.1390205,1801571.64027288,3046.83520508,2018-05-02T00:00:00.000Z,2018-05-02T23:59:18.000Z,coinmarketcap_data_api_listings_historical
2018-05-02,2489,BTW,BitWhite,bitwhite,802,36325371.3183854,0.04901939,1780647.63726272,66499.6953125,2018-05-02T00:00:00.000Z,2018-05-02T23:59:22.000Z,coinmarketcap_data_api_listings_historical
2018-05-02,2261,SAGA,SagaCoin,sagacoin,803,3153024.77363683,0.56115234,1769327.22659333,9762.81542969,2018-05-02T00:00:00.000Z,2018-05-02T23:59:19.000Z,coinmarketcap_data_api_listings_historical
2018-05-02,72,DEM,Deutsche eMark,deutsche-emark,804,37484767.978581,0.04688584,1757504.71653399,3887.00561523,2018-05-02T00:00:00.000Z,2018-05-02T23:59:02.000Z,coinmarketcap_data_api_listings_historical
2018-05-02,781,UIS,Unitus,unitus,805,58815844.6098074,0.02986912,1756777.77306736,8509.27050781,2018-05-02T00:00:00.000Z,2018-05-02T23:59:05.000Z,coinmarketcap_data_api_listings_historical
2018-05-02,2269,WAND,WandX,wandx,806,12244134.9651,0.14214614,1740456.52705415,18500.99023438,2018-05-02T00:00:00.000Z,2018-05-02T23:59:19.000Z,coinmarketcap_data_api_listings_historical
2018-05-02,965,FUNK,The Cypherfunks,the-cypherfunks,807,47558557499.3489,3.575e-05,1700272.55495547,2254.63208008,2018-05-02T00:00:00.000Z,2018-05-02T23:59:05.000Z,coinmarketcap_data_api_listings_historical
2018-05-02,2520,JC,Jesus Coin,jesus-coin,808,17812557938.8518,9.29e-05,1654740.39293005,10716.375,2018-05-02T00:00:00.000Z,2018-05-02T23:59:23.000Z,coinmarketcap_data_api_listings_historical
2018-05-02,175,PHO,Photon,photon,809,22658440877.8269,7.302e-05,1654512.20077528,22894.17382813,2018-05-02T00:00:00.000Z,2018-05-02T23:59:02.000Z,coinmarketcap_data_api_listings_historical
2018-05-02,2352,CL,Coinlancer,coinlancer,810,70666779.0,0.02338441,1652500.73301016,6087.49365234,2018-05-02T00:00:00.000Z,2018-05-02T23:59:20.000Z,coinmarketcap_data_api_listings_historical
2018-05-02,1830,SKIN,SkinCoin,skincoin,811,88183483.0,0.018713,1650177.78408632,54241.8359375,2018-05-02T00:00:00.000Z,2018-05-02T23:59:13.000Z,coinmarketcap_data_api_listings_historical
2018-05-02,692,MRJA,GanjaCoin,ganjacoin,812,17377043.4225804,0.09394024,1632403.68391022,8404.67285156,2018-05-02T00:00:00.000Z,2018-05-02T23:59:04.000Z,coinmarketcap_data_api_listings_historical
2018-05-02,2351,NMS,Numus,numus,813,2750876.85,0.59189177,1628221.35567949,13696.31835938,2018-05-02T00:00:00.000Z,2018-05-02T23:59:20.000Z,coinmarketcap_data_api_listings_historical
2018-05-02,734,BYC,Bytecent,bytecent,814,2111795.33213393,0.76378304,1612953.45369875,5090.62060547,2018-05-02T00:00:00.000Z,2018-05-02T23:59:04.000Z,coinmarketcap_data_api_listings_historical
2018-05-02,2338,ESC,Escroco,escoro,815,2154500.0,0.73935306,1592936.16932631,85248.578125,2018-05-02T00:00:00.000Z,2018-05-02T23:59:21.000Z,coinmarketcap_data_api_listings_historical
2018-05-02,1651,SCS,SpeedCash,speedcash,816,461451.0,3.42492509,1580435.1071899,45558.8359375,2018-05-02T00:00:00.000Z,2018-05-02T23:59:11.000Z,coinmarketcap_data_api_listings_historical
2018-05-02,1434,ARC,Advanced Technology Coin,arcticcoin,817,24729157.3608678,0.06361534,1573153.86383533,12122.00488281,2018-05-02T00:00:00.000Z,2018-05-02T23:59:09.000Z,coinmarketcap_data_api_listings_historical
2018-05-02,2147,ELTCOIN,ELTCOIN,eltcoin,818,90000000.0,0.01746331,1571697.87213207,4107.16748047,2018-05-02T00:00:00.000Z,2018-05-02T23:59:18.000Z,coinmarketcap_data_api_listings_historical
2018-05-02,1504,IFLT,InflationCoin,inflationcoin,819,44495734112.1001,3.517e-05,1564952.52568399,1231.36474609,2018-05-02T00:00:00.000Z,2018-05-02T23:59:09.000Z,coinmarketcap_data_api_listings_historical
2018-05-02,16,WDC,WorldCoin,worldcoin,820,119606940.9,0.01281422,1532670.10469844,1668.44702148,2018-05-02T00:00:00.000Z,2018-05-02T23:59:01.000Z,coinmarketcap_data_api_listings_historical
2018-05-02,1959,OCL,Oceanlab,oceanlab,821,46500000.0,0.03293475,1531465.7650888,6307.125,2018-05-02T00:00:00.000Z,2018-05-02T23:59:15.000Z,coinmarketcap_data_api_listings_historical
2018-05-02,2240,ONG,SoMee.Social,ongsocial,822,25309181.2122991,0.06032641,1526812.00701417,9873.75488281,2018-05-02T00:00:00.000Z,2018-05-02T23:59:19.000Z,coinmarketcap_data_api_listings_historical
2018-05-02,1268,NLX,Nullex,nullex,823,40477041.6133,0.03696765,1496341.10965798,1012.83068848,2018-05-02T00:00:00.000Z,2018-05-02T23:59:07.000Z,coinmarketcap_data_api_listings_historical
2018-05-02,1739,MRT,Miners' Reward Token,miners-reward-token,824,10000000.0,0.14870468,1487046.77820206,19871.8515625,2018-05-02T00:00:00.000Z,2018-05-02T23:59:12.000Z,coinmarketcap_data_api_listings_historical
2018-05-02,2648,BSM,Bitsum,bitsum,825,739095120.0,0.00199026,1470989.45554365,18260.00585938,2018-05-02T00:00:00.000Z,2018-05-02T23:59:24.000Z,coinmarketcap_data_api_listings_historical
2018-05-02,152,FLAP,FlappyCoin,flappycoin,826,115880995881.998,1.257e-05,1457155.49352453,1899.26904297,2018-05-02T00:00:00.000Z,2018-05-02T23:59:02.000Z,coinmarketcap_data_api_listings_historical
2018-05-02,1956,VIVO,VIVO,vivo,827,1792100.0,0.80578285,1444043.45365167,30429.50585938,2018-05-02T00:00:00.000Z,2018-05-02T23:59:16.000Z,coinmarketcap_data_api_listings_historical
2018-05-02,1120,DFT,DraftCoin,draftcoin,828,7800362.32203891,0.18433796,1437902.86751437,31063.140625,2018-05-02T00:00:00.000Z,2018-05-02T23:59:06.000Z,coinmarketcap_data_api_listings_historical
2018-05-02,1872,NDC,NEVERDIE,neverdie,829,41004200.0,0.03505223,1437288.59683946,625.14422607,2018-05-02T00:00:00.000Z,2018-05-02T23:59:14.000Z,coinmarketcap_data_api_listings_historical
2018-05-02,1722,MORE,More Coin,more-coin,830,2000000.0,0.71724313,1434486.26995087,35807.6171875,2018-05-02T00:00:00.000Z,2018-05-02T23:59:12.000Z,coinmarketcap_data_api_listings_historical
2018-05-02,1999,KLN,Kolion,kolion,831,700524.0,2.04057837,1429474.11879158,24760.42773438,2018-05-02T00:00:00.000Z,2018-05-02T23:59:16.000Z,coinmarketcap_data_api_listings_historical
2018-05-02,93,42,42-coin,42-coin,832,41.99997029,33996.98046875,1427872.16963721,713.88146973,2018-05-02T00:00:00.000Z,2018-05-02T23:59:01.000Z,coinmarketcap_data_api_listings_historical
2018-05-02,1690,MCAP,MCAP,mcap,833,10490000.0,0.13401122,1405777.73883939,103593.0390625,2018-05-02T00:00:00.000Z,2018-05-02T23:59:11.000Z,coinmarketcap_data_api_listings_historical
2018-05-02,164,MAZA,MAZA,mazacoin,834,1055345279.88094,0.00129064,1362072.16112953,985.72973633,2018-05-02T00:00:00.000Z,2018-05-02T23:59:02.000Z,coinmarketcap_data_api_listings_historical
2018-05-02,859,LOG,Woodcoin,woodcoin,835,8035193.05359805,0.16593958,1333356.59568235,11565.38671875,2018-05-02T00:00:00.000Z,2018-05-02T23:59:05.000Z,coinmarketcap_data_api_listings_historical
2018-05-02,2123,VULC,Vulcano [OLD],vulcano-old,836,672891089.752061,0.00193596,1302691.42694218,6588.49023438,2018-05-02T00:00:00.000Z,2018-05-02T23:59:18.000Z,coinmarketcap_data_api_listings_historical
2018-05-02,2025,FLIK,FLiK,flik,837,60123682.1680834,0.02166433,1302539.55952181,1155.73791504,2018-05-02T00:00:00.000Z,2018-05-02T23:59:16.000Z,coinmarketcap_data_api_listings_historical
2018-05-02,275,POP,PopularCoin,popularcoin,838,3443008039.64322,0.00036794,1266823.37070814,1225.27685547,2018-05-02T00:00:00.000Z,2018-05-02T23:59:02.000Z,coinmarketcap_data_api_listings_historical
2018-05-02,260,XPD,PetroDollar,petrodollar,839,63993274.8872568,0.01975613,1264259.39454178,53438.6796875,2018-05-02T00:00:00.000Z,2018-05-02T23:59:02.000Z,coinmarketcap_data_api_listings_historical
2018-05-02,2514,JEW,Shekel,shekel,840,97377801.9877048,0.01274607,1241184.05833328,8465.34570313,2018-05-02T00:00:00.000Z,2018-05-02T23:59:22.000Z,coinmarketcap_data_api_listings_historical
2018-05-02,1531,GCC,Global Cryptocurrency,global-cryptocurrency,841,735427388.662759,0.00166774,1226503.42686686,9184.46679688,2018-05-02T00:00:00.000Z,2018-05-02T23:59:10.000Z,coinmarketcap_data_api_listings_historical
2018-05-02,959,UNIC,UniCoin,unicoin,842,2999947.8718,0.40756607,1222676.96598428,726.46905518,2018-05-02T00:00:00.000Z,2018-05-02T23:59:05.000Z,coinmarketcap_data_api_listings_historical
2018-05-02,2411,ORE,Galactrum,galactrum,843,888342.49868782,1.37421978,1220777.82884728,26295.14257813,2018-05-02T00:00:00.000Z,2018-05-02T23:59:21.000Z,coinmarketcap_data_api_listings_historical
2018-05-02,1793,BDL,Bitdeal,bitdeal,844,175583793.0,0.00676516,1187853.14998759,33768.1171875,2018-05-02T00:00:00.000Z,2018-05-02T23:59:15.000Z,coinmarketcap_data_api_listings_historical
2018-05-02,1745,DCY,Dinastycoin,dinastycoin,845,1608616989.68647,0.00073171,1177046.84163806,1167.9699707,2018-05-02T00:00:00.000Z,2018-05-02T23:59:12.000Z,coinmarketcap_data_api_listings_historical
2018-05-02,1867,CTR,Centra,centra,846,68000000.0,0.01667498,1133898.80210161,13431.18652344,2018-05-02T00:00:00.000Z,2018-05-02T23:59:14.000Z,coinmarketcap_data_api_listings_historical
2018-05-02,2583,OCC,Octoin Coin,octoin-coin,847,374317.87264617,3.02028036,1130544.91959023,976358.4375,2018-05-02T00:00:00.000Z,2018-05-02T23:59:24.000Z,coinmarketcap_data_api_listings_historical
2018-05-02,1803,PCN,PeepCoin,peepcoin,848,12434360688.3916,9.021e-05,1121651.38561202,42485.546875,2018-05-02T00:00:00.000Z,2018-05-02T23:59:13.000Z,coinmarketcap_data_api_listings_historical
2018-05-02,2180,STU,bitJob,student-coin,849,48043990.7945167,0.02317516,1113426.96922414,269236.09375,2018-05-02T00:00:00.000Z,2018-05-02T23:59:18.000Z,coinmarketcap_data_api_listings_historical
2018-05-02,1334,ELE,Elementrem,elementrem,850,26088642.4374997,0.04240678,1106335.38577333,79317.0,2018-05-02T00:00:00.000Z,2018-05-02T23:59:08.000Z,coinmarketcap_data_api_listings_historical
2018-05-02,1522,FRST,FirstCoin,firstcoin,851,31207527.807376,0.03525754,1100300.68004283,66433.765625,2018-05-02T00:00:00.000Z,2018-05-02T23:59:10.000Z,coinmarketcap_data_api_listings_historical
2018-05-02,812,MAC,Machinecoin,machinecoin,852,21378774.9999997,0.05060851,1081947.99143531,2076.12915039,2018-05-02T00:00:00.000Z,2018-05-02T23:59:05.000Z,coinmarketcap_data_api_listings_historical
2018-05-02,960,FJC,FujiCoin,fujicoin,853,1310942755.0,0.0008242,1080481.0651115,3278.91357422,2018-05-02T00:00:00.000Z,2018-05-02T23:59:05.000Z,coinmarketcap_data_api_listings_historical
2018-05-02,1640,DEUS,DeusCoin,deuscoin,854,11079837.4514038,0.09725904,1077614.32281877,2287.29711914,2018-05-02T00:00:00.000Z,2018-05-02T23:59:11.000Z,coinmarketcap_data_api_listings_historical
2018-05-02,199,SKC,Skeincoin,skeincoin,855,13282494.0669,0.08112602,1077555.87080228,648.73492432,2018-05-02T00:00:00.000Z,2018-05-02T23:59:09.000Z,coinmarketcap_data_api_listings_historical
2018-05-02,1141,MOIN,Moin,moin,856,7573932.17234443,0.13936214,1055519.4070378,2852.94677734,2018-05-02T00:00:00.000Z,2018-05-02T23:59:06.000Z,coinmarketcap_data_api_listings_historical
2018-05-02,56,ZET,Zetacoin,zetacoin,857,167986843.754849,0.00625655,1051018.17976458,725.49468994,2018-05-02T00:00:00.000Z,2018-05-02T23:59:01.000Z,coinmarketcap_data_api_listings_historical
2018-05-02,1254,XPTX,PlatinumBAR,platinumbar,858,801714.12984854,1.29064119,1034725.27748239,1654.8092041,2018-05-02T00:00:00.000Z,2018-05-02T23:59:15.000Z,coinmarketcap_data_api_listings_historical
2018-05-02,1136,ADZ,Adzcoin,adzcoin,859,43503461.391934,0.02365296,1028985.77747881,4292.02099609,2018-05-02T00:00:00.000Z,2018-05-02T23:59:06.000Z,coinmarketcap_data_api_listings_historical
2018-05-02,1650,PROC,ProCurrency,procurrency,860,98018705.775528,0.01041732,1021092.02522713,31654.62109375,2018-05-02T00:00:00.000Z,2018-05-02T23:59:11.000Z,coinmarketcap_data_api_listings_historical
2018-05-02,1964,DRXNE,DROXNE,droxne,861,71660043.0012538,0.01419705,1017361.45625806,9704.95214844,2018-05-02T00:00:00.000Z,2018-05-02T23:59:15.000Z,coinmarketcap_data_api_listings_historical
2018-05-02,2479,EQL,Equal,equal,862,322828633.603293,0.00312127,1007635.28621397,37740.01171875,2018-05-02T00:00:00.000Z,2018-05-02T23:59:22.000Z,coinmarketcap_data_api_listings_historical
2018-05-02,1942,STRC,StarCredits,starcredits,863,4500000.0,0.2202387,991074.15229082,514.80511475,2018-05-02T00:00:00.000Z,2018-05-02T23:59:15.000Z,coinmarketcap_data_api_listings_historical
2018-05-02,1754,BRO,Bitradio,bitradio,864,6345957.1739091,0.1544079,979865.94325443,4390.47607422,2018-05-02T00:00:00.000Z,2018-05-02T23:59:12.000Z,coinmarketcap_data_api_listings_historical
2018-05-02,1582,NETKO,Netko,netko,865,5290815.0,0.18437731,975506.25148237,998.20959473,2018-05-02T00:00:00.000Z,2018-05-02T23:59:11.000Z,coinmarketcap_data_api_listings_historical
2018-05-02,2508,DRPU,DCORP Utility,drp-utility,866,3530372.73,0.27627462,975352.38968759,58672.40625,2018-05-02T00:00:00.000Z,2018-05-02T23:59:22.000Z,coinmarketcap_data_api_listings_historical
2018-05-02,312,GUN,Guncoin,guncoin,867,211201228.0,0.00460943,973517.91056874,1129.33239746,2018-05-02T00:00:00.000Z,2018-05-02T23:59:03.000Z,coinmarketcap_data_api_listings_historical
2018-05-02,426,BRIT,BritCoin,britcoin,868,21268092.1527636,0.04571658,972304.51565345,751.83795166,2018-05-02T00:00:00.000Z,2018-05-02T23:59:03.000Z,coinmarketcap_data_api_listings_historical
2018-05-02,18,DGC,Digitalcoin,digitalcoin,869,28899533.3440364,0.03359328,970830.06862768,661.30529785,2018-05-02T00:00:00.000Z,2018-05-02T23:59:01.000Z,coinmarketcap_data_api_listings_historical
2018-05-02,75,NET,NetCoin,netcoin,870,787126711.55196,0.00119845,943334.01315583,4641.76611328,2018-05-02T00:00:00.000Z,2018-05-02T23:59:04.000Z,coinmarketcap_data_api_listings_historical
2018-05-02,1628,HPAY,HappyPay,happypay,871,14283222.2032932,0.06540138,934142.37572134,81528.859375,2018-05-02T00:00:00.000Z,2018-05-02T23:59:16.000Z,coinmarketcap_data_api_listings_historical
2018-05-02,370,FCN,Fantomcoin,fantomcoin,872,7224974.22334704,0.12906413,932484.99653435,2143.7434082,2018-05-02T00:00:00.000Z,2018-05-02T23:59:03.000Z,coinmarketcap_data_api_listings_historical
2018-05-02,945,BTA,Bata,bata,873,5016287.91015163,0.18502563,928141.84278317,2801.27734375,2018-05-02T00:00:00.000Z,2018-05-02T23:59:05.000Z,coinmarketcap_data_api_listings_historical
2018-05-02,2032,CCT,Crystal Clear ,crystal-clear,874,5173973.37885356,0.17936313,928020.06764849,108906.4609375,2018-05-02T00:00:00.000Z,2018-05-02T23:59:16.000Z,coinmarketcap_data_api_listings_historical
2018-05-02,2007,REC,Regalcoin,regalcoin,875,12799009.4529194,0.07217152,923723.92468576,2296.75634766,2018-05-02T00:00:00.000Z,2018-05-02T23:59:15.000Z,coinmarketcap_data_api_listings_historical
2018-05-02,1678,INSN,InsaneCoin,insanecoin-insn,876,19396935.3207514,0.04751487,921642.80270116,3055.00708008,2018-05-02T00:00:00.000Z,2018-05-02T23:59:11.000Z,coinmarketcap_data_api_listings_historical
2018-05-02,1805,HERO,Sovereign Hero,sovereign-hero,877,4773.0,187.91189575,896903.47842407,1016.7098999,2018-05-02T00:00:00.000Z,2018-05-02T23:59:13.000Z,coinmarketcap_data_api_listings_historical
2018-05-02,2051,ATS,Authorship,authorship,878,95770428.1563,0.00927128,887914.80318735,54537.76953125,2018-05-02T00:00:00.000Z,2018-05-02T23:59:17.000Z,coinmarketcap_data_api_listings_historical
2018-05-02,2029,WILD,Wild Crypto,wild-crypto,879,24373456.49291,0.03627494,884145.66640027,3656.15063477,2018-05-02T00:00:00.000Z,2018-05-02T23:59:16.000Z,coinmarketcap_data_api_listings_historical
2018-05-02,1276,ICOO,ICO OpenLedger,ico-openledger,880,465951.5866,1.89501357,882984.57993604,1174.74182129,2018-05-02T00:00:00.000Z,2018-05-02T23:59:08.000Z,coinmarketcap_data_api_listings_historical
2018-05-02,1900,GRWI,Growers International,growers-international,881,1184098.93118509,0.73750925,873283.91542297,4724.99365234,2018-05-02T00:00:00.000Z,2018-05-02T23:59:15.000Z,coinmarketcap_data_api_listings_historical
2018-05-02,1746,XLC,Leviar,leviar,882,11599715.795962,0.07494938,869391.4639915,1950.79370117,2018-05-02T00:00:00.000Z,2018-05-02T23:59:12.000Z,coinmarketcap_data_api_listings_historical
2018-05-02,703,RBT,Rimbit,rimbit,883,197581050.118245,0.00433105,855733.77020002,1576.8840332,2018-05-02T00:00:00.000Z,2018-05-02T23:59:04.000Z,coinmarketcap_data_api_listings_historical
2018-05-02,2221,VOT,VoteCoin,votecoin,884,27870750.0,0.03060663,853029.87005375,4472.82275391,2018-05-02T00:00:00.000Z,2018-05-02T23:59:18.000Z,coinmarketcap_data_api_listings_historical
2018-05-02,2104,IETH,iEthereum,iethereum,885,17982000.0,0.04720389,848820.43457776,11935.9765625,2018-05-02T00:00:00.000Z,2018-05-02T23:59:17.000Z,coinmarketcap_data_api_listings_historical
2018-05-02,2048,ECASH,Ethereum Cash,ethereumcash,886,14100000.0,0.05976586,842698.63218069,1340.48974609,2018-05-02T00:00:00.000Z,2018-05-02T23:59:16.000Z,coinmarketcap_data_api_listings_historical
2018-05-02,1673,MNE,Minereum,minereum,887,2771921.91232,0.29969761,830738.3660078,9972.6640625,2018-05-02T00:00:00.000Z,2018-05-02T23:59:11.000Z,coinmarketcap_data_api_listings_historical
2018-05-02,1736,UNIFY,Unify,unify,888,17860830.75,0.04622823,825674.65843068,1679.22094727,2018-05-02T00:00:00.000Z,2018-05-02T23:59:12.000Z,coinmarketcap_data_api_listings_historical
2018-05-02,1247,ARCO,AquariusCoin,aquariuscoin,889,1716326.98977992,0.47928885,822616.38272682,958.14776611,2018-05-02T00:00:00.000Z,2018-05-02T23:59:07.000Z,coinmarketcap_data_api_listings_historical
2018-05-02,2355,OPC,OP Coin,op-coin,890,142772092.539,0.00571551,816015.43797764,278704.0625,2018-05-02T00:00:00.000Z,2018-05-02T23:59:20.000Z,coinmarketcap_data_api_listings_historical
2018-05-02,389,START,Startcoin,startcoin,891,45079785.0,0.0176856,797263.11266371,3335.3984375,2018-05-02T00:00:00.000Z,2018-05-02T23:59:03.000Z,coinmarketcap_data_api_listings_historical
2018-05-02,2415,ARCT,ArbitrageCT,arbitragect,892,85782612.0,0.00911764,782135.02207688,13799.24609375,2018-05-02T00:00:00.000Z,2018-05-02T23:59:21.000Z,coinmarketcap_data_api_listings_historical
2018-05-02,1818,BTWTY,Bit20,bit20,893,1.016,767897.875,780184.241,1881.90344238,2018-05-02T00:00:00.000Z,2018-05-02T23:59:13.000Z,coinmarketcap_data_api_listings_historical
2018-05-02,2225,ACC,Accelerator Network,accelerator-network,894,352582.922891943,2.21015906,779264.34260826,894.25976563,2018-05-02T00:00:00.000Z,2018-05-02T23:59:18.000Z,coinmarketcap_data_api_listings_historical
2018-05-02,1933,SUR,Suretly,suretly,895,221488.90261074,3.4898901,772971.92816475,1806.8059082,2018-05-02T00:00:00.000Z,2018-05-02T23:59:14.000Z,coinmarketcap_data_api_listings_historical
2018-05-02,2039,SDRN,Senderon,senderon,896,44126901.0,0.01742366,768851.93621154,13409.20703125,2018-05-02T00:00:00.000Z,2018-05-02T23:59:16.000Z,coinmarketcap_data_api_listings_historical
2018-05-02,2460,QBIC,Qbic,qbic,897,1533483.19593061,0.489923,751288.68831469,9733.56445313,2018-05-02T00:00:00.000Z,2018-05-02T23:59:21.000Z,coinmarketcap_data_api_listings_historical
2018-05-02,2268,CRC,CrowdCoin,crowdcoin,898,1389300.0,0.53937769,749357.42383003,7001.32763672,2018-05-02T00:00:00.000Z,2018-05-02T23:59:19.000Z,coinmarketcap_data_api_listings_historical
2018-05-02,501,XCN,Cryptonite,cryptonite,899,410206590.032554,0.00182029,746696.62333479,4997.82519531,2018-05-02T00:00:00.000Z,2018-05-02T23:59:03.000Z,coinmarketcap_data_api_listings_historical
2018-05-02,1915,ACC,AdCoin,adcoin,900,6134482.33775099,0.12079939,741041.69376236,6196.64160156,2018-05-02T00:00:00.000Z,2018-05-02T23:59:15.000Z,coinmarketcap_data_api_listings_historical
2018-05-02,2272,SCT,Soma,soma,901,4483165.03573702,0.16243641,728229.23736068,10319.375,2018-05-02T00:00:00.000Z,2018-05-02T23:59:19.000Z,coinmarketcap_data_api_listings_historical
2018-05-02,1787,JET,Jetcoin,jetcoin,902,6823701.25404222,0.1059549,723004.58662187,1198.89489746,2018-05-02T00:00:00.000Z,2018-05-02T23:59:13.000Z,coinmarketcap_data_api_listings_historical
2018-05-02,1671,ITI,iTicoin,iticoin,903,32000.0,22.45347595,718511.23046875,532.10638428,2018-05-02T00:00:00.000Z,2018-05-02T23:59:11.000Z,coinmarketcap_data_api_listings_historical
2018-05-02,205,BTCS,Bitcoin Scrypt,bitcoin-scrypt,904,17144700.0,0.04111614,704923.89887944,2417.77026367,2018-05-02T00:00:00.000Z,2018-05-02T23:59:02.000Z,coinmarketcap_data_api_listings_historical
2018-05-02,2024,WHL,WhaleCoin,whalecoin,905,8937320.0,0.07836036,700331.58037573,76779.3203125,2018-05-02T00:00:00.000Z,2018-05-02T23:59:16.000Z,coinmarketcap_data_api_listings_historical
2018-05-02,477,TRI,Triangles,triangles,906,109973.227555,6.36101723,699541.59500516,525.57873535,2018-05-02T00:00:00.000Z,2018-05-02T23:59:03.000Z,coinmarketcap_data_api_listings_historical
2018-05-02,2109,NTWK,Network Token,network-token,907,14842810.0,0.04694875,696851.36963535,37231.15234375,2018-05-02T00:00:00.000Z,2018-05-02T23:59:19.000Z,coinmarketcap_data_api_listings_historical
2018-05-02,1546,CNT,Centurion,centurion,908,73877868.5780067,0.00938322,693212.03544684,2684.57983398,2018-05-02T00:00:00.000Z,2018-05-02T23:59:10.000Z,coinmarketcap_data_api_listings_historical
2018-05-02,14,BTB,BitBar,bitbar,909,37192.511696,18.62203026,692600.07818058,823.24914551,2018-05-02T00:00:00.000Z,2018-05-02T23:59:01.000Z,coinmarketcap_data_api_listings_historical
2018-05-02,2172,EPY,Emphy,emphy,910,7696897.92,0.08969247,690353.75469473,3010.4753418,2018-05-02T00:00:00.000Z,2018-05-02T23:59:18.000Z,coinmarketcap_data_api_listings_historical
2018-05-02,35,PXC,Phoenixcoin,phoenixcoin,911,66036312.7414964,0.01023294,675745.70848677,6033.62890625,2018-05-02T00:00:00.000Z,2018-05-02T23:59:03.000Z,coinmarketcap_data_api_listings_historical
2018-05-02,61,TAG,TagCoin,tagcoin,912,6433865.577794,0.1024216,658966.78508539,579.97546387,2018-05-02T00:00:00.000Z,2018-05-02T23:59:01.000Z,coinmarketcap_data_api_listings_historical
2018-05-02,2461,GUESS,Peerguess,guess,913,13818334.0,0.04747716,656055.24940305,35755.37109375,2018-05-02T00:00:00.000Z,2018-05-02T23:59:21.000Z,coinmarketcap_data_api_listings_historical
2018-05-02,34,BTG,Bitgem,bitgem,914,60744.632823,10.72264767,651343.29541813,1392.55883789,2018-05-02T00:00:00.000Z,2018-05-02T23:59:01.000Z,coinmarketcap_data_api_listings_historical
2018-05-02,1510,CCRB,CryptoCarbon,cryptocarbon,915,3562111.0,0.18182245,647671.74551901,10410.21484375,2018-05-02T00:00:00.000Z,2018-05-02T23:59:10.000Z,coinmarketcap_data_api_listings_historical
2018-05-02,625,BITBTC,bitBTC,bitbtc,916,48.3998,13305.24414063,643971.15535742,11388.5078125,2018-05-02T00:00:00.000Z,2018-05-02T23:59:04.000Z,coinmarketcap_data_api_listings_historical
2018-05-02,142,ARI,Aricoin,aricoin,917,232432480.0,0.00276566,642829.14488964,4046.11938477,2018-05-02T00:00:00.000Z,2018-05-02T23:59:02.000Z,coinmarketcap_data_api_listings_historical
2018-05-02,1529,KUSH,KushCoin,kushcoin,918,5530735.10454777,0.1095613,605954.53778727,1277.04919434,2018-05-02T00:00:00.000Z,2018-05-02T23:59:10.000Z,coinmarketcap_data_api_listings_historical
2018-05-02,2186,PLC,PlusCoin,pluscoin,919,5172323624.01,0.00011684,604338.2315773,2399.96655273,2018-05-02T00:00:00.000Z,2018-05-02T23:59:19.000Z,coinmarketcap_data_api_listings_historical
2018-05-02,2193,AERM,Aerium,aerium,920,110763820.554692,0.00529239,586205.54341271,1506.62512207,2018-05-02T00:00:00.000Z,2018-05-02T23:59:19.000Z,coinmarketcap_data_api_listings_historical
2018-05-02,2196,SGR,Sugar Exchange,sugar-exchange,921,3500000.0,0.16587454,580560.89282036,63443.34765625,2018-05-02T00:00:00.000Z,2018-05-02T23:59:19.000Z,coinmarketcap_data_api_listings_historical
2018-05-02,1257,LANA,LanaCoin,lanacoin,922,897019570.740335,0.00064532,578865.23424429,8528.56933594,2018-05-02T00:00:00.000Z,2018-05-02T23:59:07.000Z,coinmarketcap_data_api_listings_historical
2018-05-02,1142,BUCKS,SwagBucks,swagbucks,923,396499.99789999,1.45673907,577597.03741525,3944.40625,2018-05-02T00:00:00.000Z,2018-05-02T23:59:07.000Z,coinmarketcap_data_api_listings_historical
2018-05-02,2285,BTCA,Bitair,bitair,924,700000000.0,0.00077809,544659.72352773,61118.53125,2018-05-02T00:00:00.000Z,2018-05-02T23:59:20.000Z,coinmarketcap_data_api_listings_historical
2018-05-02,468,TRK,Truckcoin,truckcoin,925,184389917.791649,0.00295004,543957.10408326,1452.47277832,2018-05-02T00:00:00.000Z,2018-05-02T23:59:04.000Z,coinmarketcap_data_api_listings_historical
2018-05-02,2103,ITT,Intelligent Trading Foundation,intelligent-trading-foundation,926,9799899.14423827,0.0548999,538013.49431489,3861.703125,2018-05-02T00:00:00.000Z,2018-05-02T23:59:17.000Z,coinmarketcap_data_api_listings_historical
2018-05-02,331,LCP,Litecoin Plus,litecoin-plus,927,1350861.273911,0.39807063,537738.20295669,3965.15625,2018-05-02T00:00:00.000Z,2018-05-02T23:59:12.000Z,coinmarketcap_data_api_listings_historical
2018-05-02,1468,KURT,Kurrent,kurrent,928,61364813.1,0.00866788,531903.10584252,1041.50878906,2018-05-02T00:00:00.000Z,2018-05-02T23:59:09.000Z,coinmarketcap_data_api_listings_historical
2018-05-02,1465,VRS,Veros,veros,929,9115000.0,0.0581494,530031.82496876,28065.18945313,2018-05-02T00:00:00.000Z,2018-05-02T23:59:09.000Z,coinmarketcap_data_api_listings_historical
2018-05-02,747,BCF,Bitcoin Fast,bitcoinfast,930,10935454.355055,0.04812248,526241.18908734,2397.42578125,2018-05-02T00:00:00.000Z,2018-05-02T23:59:05.000Z,coinmarketcap_data_api_listings_historical
2018-05-02,79,TGC,Tigercoin,tigercoin,931,43536799.955768,0.01207671,525781.48485425,30676.85742188,2018-05-02T00:00:00.000Z,2018-05-02T23:59:01.000Z,coinmarketcap_data_api_listings_historical
2018-05-02,1797,DAXX,DaxxCoin,daxxcoin,932,518002630.0,0.00101408,525293.64236505,976.96868896,2018-05-02T00:00:00.000Z,2018-05-02T23:59:13.000Z,coinmarketcap_data_api_listings_historical
2018-05-02,2187,EBCH,EBCH,ebitcoin-cash,933,9285500.0,0.05557007,515995.8822038,827.56311035,2018-05-02T00:00:00.000Z,2018-05-02T23:59:19.000Z,coinmarketcap_data_api_listings_historical
2018-05-02,764,XPY,PayCoin,paycoin2,934,11887580.1267718,0.04324065,514026.66501634,1418.27575684,2018-05-02T00:00:00.000Z,2018-05-02T23:59:05.000Z,coinmarketcap_data_api_listings_historical
2018-05-02,1185,TRUMP,TrumpCoin,trumpcoin,935,6599272.15675041,0.07702135,508284.86997679,518.66333008,2018-05-02T00:00:00.000Z,2018-05-02T23:59:08.000Z,coinmarketcap_data_api_listings_historical
2018-05-02,415,BLZ,BlazeCoin,blazecoin,936,608557393.5,0.00083103,505726.45084321,2286.50317383,2018-05-02T00:00:00.000Z,2018-05-02T23:59:03.000Z,coinmarketcap_data_api_listings_historical
2018-05-02,2475,GRLC,Garlicoin,garlicoin,937,9677751.37853926,0.05185696,501858.81283733,2897.32495117,2018-05-02T00:00:00.000Z,2018-05-02T23:59:22.000Z,coinmarketcap_data_api_listings_historical
2018-05-02,2206,XCPO,Copico,copico,938,15746668.2851,0.03184099,501389.52674899,1559.29919434,2018-05-02T00:00:00.000Z,2018-05-02T23:59:18.000Z,coinmarketcap_data_api_listings_historical
2018-05-02,1683,RLT,RouletteToken,roulettetoken,939,10217574.3252615,0.04886,499230.70512551,21828.57226563,2018-05-02T00:00:00.000Z,2018-05-02T23:59:11.000Z,coinmarketcap_data_api_listings_historical
2018-05-02,1643,WGO,WavesGo,wavesgo,940,9312372.0,0.0523645,487637.68847859,12791.47070313,2018-05-02T00:00:00.000Z,2018-05-02T23:59:11.000Z,coinmarketcap_data_api_listings_historical
2018-05-02,660,DSH,Dashcoin,dashcoin,941,17574970.3837598,0.02654111,466459.28992646,2195.88647461,2018-05-02T00:00:00.000Z,2018-05-02T23:59:04.000Z,coinmarketcap_data_api_listings_historical
2018-05-02,1610,SCORE,Scorecoin,scorecoin,942,41737500.0,0.01106023,461626.28999445,1327.11621094,2018-05-02T00:00:00.000Z,2018-05-02T23:59:11.000Z,coinmarketcap_data_api_listings_historical
2018-05-02,113,SMC,SmartCoin,smartcoin,943,24398493.823139,0.01851735,451795.33224032,629.68408203,2018-05-02T00:00:00.000Z,2018-05-02T23:59:02.000Z,coinmarketcap_data_api_listings_historical
2018-05-02,1212,MOJO,MojoCoin,mojocoin,944,12199184.0,0.03702148,451631.80713493,524.5456543,2018-05-02T00:00:00.000Z,2018-05-02T23:59:15.000Z,coinmarketcap_data_api_listings_historical
2018-05-02,1100,CUBE,DigiCube,digicube,945,2429126009.1729,0.00018438,447875.74519667,566.14898682,2018-05-02T00:00:00.000Z,2018-05-02T23:59:06.000Z,coinmarketcap_data_api_listings_historical
2018-05-02,68,XJO,Joulecoin,joulecoin,946,35652727.362088,0.01231141,438935.41624551,1044.14782715,2018-05-02T00:00:00.000Z,2018-05-02T23:59:01.000Z,coinmarketcap_data_api_listings_historical
2018-05-02,2264,TOK,Tokugawa,tokugawa,947,1004244.00033,0.40793481,409666.09017971,31429.3046875,2018-05-02T00:00:00.000Z,2018-05-02T23:59:19.000Z,coinmarketcap_data_api_listings_historical
2018-05-02,1306,CJ,Cryptojacks,cryptojacks,948,406568580.90842,0.0009977,405634.47930999,7768.3359375,2018-05-02T00:00:00.000Z,2018-05-02T23:59:08.000Z,coinmarketcap_data_api_listings_historical
2018-05-02,2263,KBR,Kubera Coin,kubera-coin,949,114423294.0,0.00346878,396909.32282251,43788.6640625,2018-05-02T00:00:00.000Z,2018-05-02T23:59:19.000Z,coinmarketcap_data_api_listings_historical
2018-05-02,1884,DDF,DigitalDevelopersFund,digital-developers-fund,950,5118307.0,0.07679111,393040.46384615,4459.32275391,2018-05-02T00:00:00.000Z,2018-05-02T23:59:15.000Z,coinmarketcap_data_api_listings_historical
2018-05-02,1066,PAK,Pakcoin,pakcoin,951,53741100.0,0.00723597,388868.78084899,683.02087402,2018-05-02T00:00:00.000Z,2018-05-02T23:59:06.000Z,coinmarketcap_data_api_listings_historical
2018-05-02,1089,DUO,ParallelCoin,parallelcoin,952,314718.64134544,1.22681284,386100.87003512,1143.50012207,2018-05-02T00:00:00.000Z,2018-05-02T23:59:06.000Z,coinmarketcap_data_api_listings_historical
2018-05-02,1501,DIX,Dix Asset,dix-asset,953,100000000000.0,3.86e-06,385697.51268369,597.96563721,2018-05-02T00:00:00.000Z,2018-05-02T23:59:09.000Z,coinmarketcap_data_api_listings_historical
2018-05-02,2093,BTCRED,Bitcoin Red,bitcoin-red,954,20550000.999,0.01866759,383618.9139859,1357.97570801,2018-05-02T00:00:00.000Z,2018-05-02T23:59:17.000Z,coinmarketcap_data_api_listings_historical
2018-05-02,1093,PR,Prototanium,prototanium,955,196681.233375,1.93596184,380767.3629571,549.01220703,2018-05-02T00:00:00.000Z,2018-05-02T23:59:06.000Z,coinmarketcap_data_api_listings_historical
2018-05-02,708,GAP,Gapcoin,gapcoin,956,13011735.7549202,0.02839411,369456.61436008,902.35772705,2018-05-02T00:00:00.000Z,2018-05-02T23:59:05.000Z,coinmarketcap_data_api_listings_historical
2018-05-02,9,MNC,Mincoin,mincoin,957,4439860.88794916,0.07968876,353806.99833503,707.16687012,2018-05-02T00:00:00.000Z,2018-05-02T23:59:01.000Z,coinmarketcap_data_api_listings_historical
2018-05-02,1420,ATOM,Atomic Coin,atomic-coin,958,15656503.6110096,0.02257089,353381.27039554,4150.47509766,2018-05-02T00:00:00.000Z,2018-05-02T23:59:08.000Z,coinmarketcap_data_api_listings_historical
2018-05-02,125,BLC,Blakecoin,blakecoin,959,15122697.140248,0.02325914,351740.96646482,3704.05078125,2018-05-02T00:00:00.000Z,2018-05-02T23:59:02.000Z,coinmarketcap_data_api_listings_historical
2018-05-02,1889,XCXT,CoinonatX,coinonatx,960,18686387.5005497,0.01879688,351245.84932215,1786.36315918,2018-05-02T00:00:00.000Z,2018-05-02T23:59:15.000Z,coinmarketcap_data_api_listings_historical
2018-05-02,1607,IMX,Impact,impact,961,109772047.265357,0.00313441,344071.07697335,11145.89160156,2018-05-02T00:00:00.000Z,2018-05-02T23:59:16.000Z,coinmarketcap_data_api_listings_historical
2018-05-02,57,SRC,SecureCoin,securecoin,962,8573845.95,0.03835048,328811.12083198,13349.34472656,2018-05-02T00:00:00.000Z,2018-05-02T23:59:01.000Z,coinmarketcap_data_api_listings_historical
2018-05-02,1285,GB,GoldBlocks,goldblocks,963,15523731.861475,0.02114749,328288.01511271,1889.11791992,2018-05-02T00:00:00.000Z,2018-05-02T23:59:08.000Z,coinmarketcap_data_api_listings_historical
2018-05-02,627,SLG,Sterlingcoin,sterlingcoin,964,4241006.37821549,0.07706971,326853.15146326,587.27166748,2018-05-02T00:00:00.000Z,2018-05-02T23:59:04.000Z,coinmarketcap_data_api_listings_historical
2018-05-02,2404,TOKC,TOKYO,tokyo,965,144879014.064159,0.00221137,320380.97615819,4035.79589844,2018-05-02T00:00:00.000Z,2018-05-02T23:59:21.000Z,coinmarketcap_data_api_listings_historical
2018-05-02,1106,SHND,StrongHands,stronghands,966,537505773562.0,5.9e-07,318943.82070728,33451.2578125,2018-05-02T00:00:00.000Z,2018-05-02T23:59:06.000Z,coinmarketcap_data_api_listings_historical
2018-05-02,2317,HBC,HomeBlockCoin,homeblockcoin,967,5000000.0,0.06369336,318466.79747105,54264.4140625,2018-05-02T00:00:00.000Z,2018-05-02T23:59:19.000Z,coinmarketcap_data_api_listings_historical
2018-05-02,778,BITGOLD,bitGold,bitgold,968,189.485,1654.45703125,313494.79056641,826.22796631,2018-05-02T00:00:00.000Z,2018-05-02T23:59:05.000Z,coinmarketcap_data_api_listings_historical
2018-05-02,1069,INFX,Influxcoin,influxcoin,969,1673383.42986624,0.18603671,311310.74111837,4025.69335938,2018-05-02T00:00:00.000Z,2018-05-02T23:59:06.000Z,coinmarketcap_data_api_listings_historical
2018-05-02,2074,ETG,Ethereum Gold,ethereum-gold,970,12000000.0,0.02568791,308254.88269329,2263.28540039,2018-05-02T00:00:00.000Z,2018-05-02T23:59:17.000Z,coinmarketcap_data_api_listings_historical
2018-05-02,1687,DMB,Digital Money Bits,digital-money-bits,971,80765742.4563058,0.00377973,305273.0995662,1479.23156738,2018-05-02T00:00:00.000Z,2018-05-02T23:59:11.000Z,coinmarketcap_data_api_listings_historical
2018-05-02,1218,POST,PostCoin,postcoin,972,15868232.6971792,0.01912287,303446.16113718,5570.47070313,2018-05-02T00:00:00.000Z,2018-05-02T23:59:07.000Z,coinmarketcap_data_api_listings_historical
2018-05-02,2362,STN,Steneum Coin,steneum-coin,973,2623571.77436131,0.11192202,293635.44795768,6253.25878906,2018-05-02T00:00:00.000Z,2018-05-02T23:59:20.000Z,coinmarketcap_data_api_listings_historical
2018-05-02,174,LTB,LiteBar,litebar,974,918996.23141285,0.31805086,292287.5429862,1333.25097656,2018-05-02T00:00:00.000Z,2018-05-02T23:59:09.000Z,coinmarketcap_data_api_listings_historical
2018-05-02,1053,BOLI,Bolivarcoin,bolivarcoin,975,10030974.9987999,0.02859801,286865.96611054,2551.19775391,2018-05-02T00:00:00.000Z,2018-05-02T23:59:06.000Z,coinmarketcap_data_api_listings_historical
2018-05-02,1193,XCT,C-Bit,c-bit,976,157625875.0,0.00173566,273585.64416812,843.00732422,2018-05-02T00:00:00.000Z,2018-05-02T23:59:07.000Z,coinmarketcap_data_api_listings_historical
2018-05-02,2168,GRIM,Grimcoin,grimcoin,977,116253692.662231,0.00235272,273512.48370977,1106.0682373,2018-05-02T00:00:00.000Z,2018-05-02T23:59:18.000Z,coinmarketcap_data_api_listings_historical
2018-05-02,325,TEK,TEKcoin,tekcoin,978,1414054561.51664,0.00019059,269508.62881613,524.63360596,2018-05-02T00:00:00.000Z,2018-05-02T23:59:03.000Z,coinmarketcap_data_api_listings_historical
2018-05-02,2169,ZCG,Zlancer,zcash-gold,979,2007615.0,0.13375443,268527.40440398,2246.00610352,2018-05-02T00:00:00.000Z,2018-05-02T23:59:18.000Z,coinmarketcap_data_api_listings_historical
2018-05-02,249,CESC,CryptoEscudo,cryptoescudo,980,144105100.0,0.00184377,265697.11816778,606.4083252,2018-05-02T00:00:00.000Z,2018-05-02T23:59:02.000Z,coinmarketcap_data_api_listings_historical
2018-05-02,1474,ENT,Eternity,eternity,981,4207189.45083292,0.06312086,265561.40319787,1454.7409668,2018-05-02T00:00:00.000Z,2018-05-02T23:59:09.000Z,coinmarketcap_data_api_listings_historical
2018-05-02,892,LEA,LeaCoin,leacoin,982,354637896.033181,0.00073751,261548.74034702,2882.16040039,2018-05-02T00:00:00.000Z,2018-05-02T23:59:06.000Z,coinmarketcap_data_api_listings_historical
2018-05-02,1004,HNC,Hellenic Coin,helleniccoin,983,66598881.8804598,0.00390962,260376.5680607,589.98114014,2018-05-02T00:00:00.000Z,2018-05-02T23:59:05.000Z,coinmarketcap_data_api_listings_historical
2018-05-02,1733,OTX,Octanox,octanox,984,8500001.0,0.03042226,258589.21712791,2700.11352539,2018-05-02T00:00:00.000Z,2018-05-02T23:59:12.000Z,coinmarketcap_data_api_listings_historical
2018-05-02,257,PLC,Polcoin,polcoin,985,78369344.4199231,0.0032266,252866.75520482,1913.04724121,2018-05-02T00:00:00.000Z,2018-05-02T23:59:10.000Z,coinmarketcap_data_api_listings_historical
2018-05-02,1717,NRO,Neuro,neuro,986,51814088.2019532,0.00479381,248386.90413739,1435.52819824,2018-05-02T00:00:00.000Z,2018-05-02T23:59:12.000Z,coinmarketcap_data_api_listings_historical
2018-05-02,1938,NTO,Fujinto,fujinto,987,65802448.0342397,0.00356985,234904.94569426,2523.17504883,2018-05-02T00:00:00.000Z,2018-05-02T23:59:15.000Z,coinmarketcap_data_api_listings_historical
2018-05-02,680,STV,Sativacoin,sativacoin,988,7092184.40288953,0.03203896,227226.19027323,557.66729736,2018-05-02T00:00:00.000Z,2018-05-02T23:59:04.000Z,coinmarketcap_data_api_listings_historical
2018-05-02,1763,BRIA,BriaCoin,briacoin,989,743037.09891994,0.30000001,222911.13853367,763.74597168,2018-05-02T00:00:00.000Z,2018-05-02T23:59:12.000Z,coinmarketcap_data_api_listings_historical
2018-05-02,1307,REE,ReeCoin,reecoin,990,2560000000.0,8.645e-05,221323.22192192,2287.63012695,2018-05-02T00:00:00.000Z,2018-05-02T23:59:09.000Z,coinmarketcap_data_api_listings_historical
2018-05-02,644,BSTY,GlobalBoost-Y,globalboost-y,991,14237024.352172,0.0153497,218534.10738168,525.67504883,2018-05-02T00:00:00.000Z,2018-05-02T23:59:04.000Z,coinmarketcap_data_api_listings_historical
2018-05-02,656,PXI,Prime-XI,prime-xi,992,20273309.949,0.01058848,214663.44576027,725.00463867,2018-05-02T00:00:00.000Z,2018-05-02T23:59:04.000Z,coinmarketcap_data_api_listings_historical
2018-05-02,1341,VPRC,VapersCoin,vaperscoin,993,780124964.0,0.00027295,212932.21209646,52676.17578125,2018-05-02T00:00:00.000Z,2018-05-02T23:59:08.000Z,coinmarketcap_data_api_listings_historical
2018-05-02,2148,DSR,Desire,desire,994,1012637.0,0.20487405,207463.04701276,19738.19335938,2018-05-02T00:00:00.000Z,2018-05-02T23:59:17.000Z,coinmarketcap_data_api_listings_historical
2018-05-02,278,QBC,Quebecoin,quebecoin,995,15588776.0,0.01318298,205506.49332743,564.1918335,2018-05-02T00:00:00.000Z,2018-05-02T23:59:02.000Z,coinmarketcap_data_api_listings_historical
2018-05-02,1973,ETHD,Ethereum Dark,ethereum-dark,996,1500000.0,0.12731254,190968.81151199,1340.89978027,2018-05-02T00:00:00.000Z,2018-05-02T23:59:15.000Z,coinmarketcap_data_api_listings_historical
2018-05-02,2205,PNX,Phantomx,phantomx,997,16347234.6436,0.01165048,190453.08999135,1431.63378906,2018-05-02T00:00:00.000Z,2018-05-02T23:59:19.000Z,coinmarketcap_data_api_listings_historical
2018-05-02,2182,EAGLE,EagleCoin,eaglecoin,998,2093420.57292626,0.09046834,189388.28336322,1480.97192383,2018-05-02T00:00:00.000Z,2018-05-02T23:59:18.000Z,coinmarketcap_data_api_listings_historical
2018-05-02,1685,ECO,EcoCoin,ecocoin,999,1159962.78986878,0.16318437,189287.80239019,1531.20202637,2018-05-02T00:00:00.000Z,2018-05-02T23:59:11.000Z,coinmarketcap_data_api_listings_historical
2018-05-02,1520,DRS,Digital Rupees,digital-rupees,1000,510802960.940331,0.00036875,188360.96268033,2140.6027832,2018-05-02T00:00:00.000Z,2018-05-02T23:59:10.000Z,coinmarketcap_data_api_listings_historical
2018-05-02,1801,GTC,Global Tour Coin,global-tour-coin,1001,29887402.1779,0.0057157,170827.32321384,815.18786621,2018-05-02T00:00:00.000Z,2018-05-02T23:59:13.000Z,coinmarketcap_data_api_listings_historical
2018-05-02,1396,MST,MustangCoin,mustangcoin,1002,630343.24367006,0.26301423,165789.24107428,1231.98693848,2018-05-02T00:00:00.000Z,2018-05-02T23:59:08.000Z,coinmarketcap_data_api_listings_historical
2018-05-02,1291,CMT,Comet,comet,1003,872830.0,0.18058109,157616.59525871,2539.77246094,2018-05-02T00:00:00.000Z,2018-05-02T23:59:07.000Z,coinmarketcap_data_api_listings_historical
2018-05-02,837,XCO,X-Coin,x-coin,1004,12384976.0,0.0125201,155061.16096343,976.26489258,2018-05-02T00:00:00.000Z,2018-05-02T23:59:05.000Z,coinmarketcap_data_api_listings_historical
2018-05-02,1353,TAJ,TajCoin,tajcoin,1005,9246602.63598909,0.01609288,148804.49827951,657.45098877,2018-05-02T00:00:00.000Z,2018-05-02T23:59:08.000Z,coinmarketcap_data_api_listings_historical
2018-05-02,1282,HVCO,High Voltage,high-voltage,1006,1494170.72041553,0.09854417,147241.80674602,5012.52832031,2018-05-02T00:00:00.000Z,2018-05-02T23:59:07.000Z,coinmarketcap_data_api_listings_historical
2018-05-02,1693,MAY,Theresa May Coin,theresa-may-coin,1007,41409599.9999999,0.00355452,147191.29812419,507.1338501,2018-05-02T00:00:00.000Z,2018-05-02T23:59:11.000Z,coinmarketcap_data_api_listings_historical
2018-05-02,1581,HONEY,Honey,honey,1008,455955.0,0.32209453,146860.61136559,847.02270508,2018-05-02T00:00:00.000Z,2018-05-02T23:59:15.000Z,coinmarketcap_data_api_listings_historical
2018-05-02,1926,BRAT,BROTHER,brat,1009,160000000.0,0.00088929,142286.32673621,555.18011475,2018-05-02T00:00:00.000Z,2018-05-02T23:59:14.000Z,coinmarketcap_data_api_listings_historical
2018-05-02,954,BITEUR,bitEUR,biteur,1010,107706.0,1.30055189,140077.24200726,1389.2635498,2018-05-02T00:00:00.000Z,2018-05-02T23:59:05.000Z,coinmarketcap_data_api_listings_historical
2018-05-02,1241,FUZZ,FuzzBalls,fuzzballs,1011,4829945.0,0.02791483,134827.09142137,781.36773682,2018-05-02T00:00:00.000Z,2018-05-02T23:59:07.000Z,coinmarketcap_data_api_listings_historical
2018-05-02,2284,TRDT,Trident Group,trident,1012,963024.0,0.13573296,130714.10161614,2911.93530273,2018-05-02T00:00:00.000Z,2018-05-02T23:59:19.000Z,coinmarketcap_data_api_listings_historical
2018-05-02,2232,GLS,GlassCoin,glasscoin,1013,3060402.63886664,0.04010206,122728.464355,644.65240479,2018-05-02T00:00:00.000Z,2018-05-02T23:59:19.000Z,coinmarketcap_data_api_listings_historical
2018-05-02,1244,XHI,HiCoin,hicoin,1014,189729990.084011,0.00062842,119229.17731491,2002.06921387,2018-05-02T00:00:00.000Z,2018-05-02T23:59:07.000Z,coinmarketcap_data_api_listings_historical
2018-05-02,934,PKB,ParkByte,parkbyte,1015,4764026.33477015,0.02498313,119020.27338136,1468.39013672,2018-05-02T00:00:00.000Z,2018-05-02T23:59:05.000Z,coinmarketcap_data_api_listings_historical
2018-05-02,1825,LBTC,LiteBitcoin,litebitcoin,1016,28940332.9695,0.00408274,118155.82283232,1843.15844727,2018-05-02T00:00:00.000Z,2018-05-02T23:59:13.000Z,coinmarketcap_data_api_listings_historical
2018-05-02,134,CACH,CacheCoin,cachecoin,1017,4195132.12728,0.02642963,110875.80897636,973.19006348,2018-05-02T00:00:00.000Z,2018-05-02T23:59:02.000Z,coinmarketcap_data_api_listings_historical
2018-05-02,998,CPN,CompuCoin,compucoin,1018,19615019.309,0.00553132,108496.93716987,610.24395752,2018-05-02T00:00:00.000Z,2018-05-02T23:59:05.000Z,coinmarketcap_data_api_listings_historical
2018-05-02,1535,ERY,Eryllium,eryllium,1019,5616315.05796258,0.01859175,104417.10687702,887.98791504,2018-05-02T00:00:00.000Z,2018-05-02T23:59:10.000Z,coinmarketcap_data_api_listings_historical
2018-05-02,1442,BIP,BipCoin,bipcoin,1020,1627261.18746696,0.06075232,98859.90013027,657.76019287,2018-05-02T00:00:00.000Z,2018-05-02T23:59:09.000Z,coinmarketcap_data_api_listings_historical
2018-05-02,1670,FUNC,FUNCoin,funcoin,1021,5848581.4093,0.01689046,98785.23400759,15185.59179688,2018-05-02T00:00:00.000Z,2018-05-02T23:59:16.000Z,coinmarketcap_data_api_listings_historical
2018-05-02,2157,STARS,StarCash Network,starcash-network,1022,959913.96597208,0.10103877,96988.52535976,718.97869873,2018-05-02T00:00:00.000Z,2018-05-02T23:59:18.000Z,coinmarketcap_data_api_listings_historical
2018-05-02,2265,PCOIN,Pioneer Coin,pioneer-coin,1023,2620468.67424497,0.03549263,93007.33173253,1274.95239258,2018-05-02T00:00:00.000Z,2018-05-02T23:59:19.000Z,coinmarketcap_data_api_listings_historical
2018-05-02,1674,CNNC,Cannation,cannation,1024,2476892.71923001,0.03655097,90532.83794025,542.57312012,2018-05-02T00:00:00.000Z,2018-05-02T23:59:11.000Z,coinmarketcap_data_api_listings_historical
2018-05-02,1792,VUC,Virta Unique Coin,virta-unique-coin,1025,61882000.0,0.00146264,90511.35552092,2301.76806641,2018-05-02T00:00:00.000Z,2018-05-02T23:59:12.000Z,coinmarketcap_data_api_listings_historical
2018-05-02,1275,NEWB,Newbium,newbium,1026,50000000.0,0.00175158,87579.22332734,12800.91113281,2018-05-02T00:00:00.000Z,2018-05-02T23:59:08.000Z,coinmarketcap_data_api_listings_historical
2018-05-02,1665,GPL,Gold Pressed Latinum,gold-pressed-latinum,1027,256526.823088,0.32256812,82747.37468681,534.04125977,2018-05-02T00:00:00.000Z,2018-05-02T23:59:11.000Z,coinmarketcap_data_api_listings_historical
2018-05-02,1273,CTL,Citadel,citadel,1028,5756370.905265,0.01419705,81723.5050618,2580.80102539,2018-05-02T00:00:00.000Z,2018-05-02T23:59:08.000Z,coinmarketcap_data_api_listings_historical
2018-05-02,1366,AGLC,AgrolifeCoin,agrolifecoin,1029,209362512.407221,0.00036875,77203.39818234,657.96124268,2018-05-02T00:00:00.000Z,2018-05-02T23:59:08.000Z,coinmarketcap_data_api_listings_historical
2018-05-02,1176,ADCN,Asiadigicoin,asiadigicoin,1030,24931054.0,0.00295005,73547.91812819,3794.68212891,2018-05-02T00:00:00.000Z,2018-05-02T23:59:07.000Z,coinmarketcap_data_api_listings_historical
2018-05-02,2326,MDC,Madcoin,madcoin,1031,1819611.59961393,0.03890361,70789.46483296,1133.75939941,2018-05-02T00:00:00.000Z,2018-05-02T23:59:20.000Z,coinmarketcap_data_api_listings_historical
2018-05-02,1994,ITZ,Interzone,interzone,1032,2652018.80299955,0.02129558,56476.27632741,703.09118652,2018-05-02T00:00:00.000Z,2018-05-02T23:59:16.000Z,coinmarketcap_data_api_listings_historical
2018-05-02,1456,ZMC,ZetaMicron,zetamicron,1033,600344291.449841,9.219e-05,55344.93597539,1013.91448975,2018-05-02T00:00:00.000Z,2018-05-02T23:59:09.000Z,coinmarketcap_data_api_listings_historical
2018-05-02,1550,MSCN,Master Swiscoin,master-swiscoin,1034,45143320.3102,0.00104535,47190.55871467,32593.52929688,2018-05-02T00:00:00.000Z,2018-05-02T23:59:10.000Z,coinmarketcap_data_api_listings_historical
2018-05-02,2053,RKC,Royal Kingdom Coin,royal-kingdom-coin,1035,2700000.0,0.01729375,46693.12331826,2765.29174805,2018-05-02T00:00:00.000Z,2018-05-02T23:59:16.000Z,coinmarketcap_data_api_listings_historical
2018-05-02,1011,OFF,Cthulhu Offerings,cthulhu-offerings,1036,2623590.51272703,0.01567207,41117.10142945,2176.49926758,2018-05-02T00:00:00.000Z,2018-05-02T23:59:05.000Z,coinmarketcap_data_api_listings_historical
2018-05-02,1935,LTCU,LiteCoin Ultra,litecoin-ultra,1037,1031300.00005968,0.03960465,40844.27062025,583.53967285,2018-05-02T00:00:00.000Z,2018-05-02T23:59:15.000Z,coinmarketcap_data_api_listings_historical
2018-05-02,1090,SANDG,Save and Gain,save-and-gain,1038,3064800.039,0.00967549,29653.42991089,11298.453125,2018-05-02T00:00:00.000Z,2018-05-02T23:59:06.000Z,coinmarketcap_data_api_listings_historical
2018-05-02,1421,JOBS,JobsCoin,jobscoin,1039,106019269.7,0.00027657,29321.32410504,1106.26391602,2018-05-02T00:00:00.000Z,2018-05-02T23:59:09.000Z,coinmarketcap_data_api_listings_historical
2018-05-02,1128,GBC,GBCGoldCoin,gbcgoldcoin,1040,11361816.7107787,0.00255072,28980.79200708,1010.82196045,2018-05-02T00:00:00.000Z,2018-05-02T23:59:06.000Z,coinmarketcap_data_api_listings_historical
2018-05-02,1555,PRC,PRCoin,prcoin,1041,20709800.0,0.00119845,24819.71258114,27563.015625,2018-05-02T00:00:00.000Z,2018-05-02T23:59:10.000Z,coinmarketcap_data_api_listings_historical
2018-05-02,1472,XRC,Rawcoin,rawcoin2,1042,704882.0,0.02699283,19026.75834233,655.32836914,2018-05-02T00:00:00.000Z,2018-05-02T23:59:09.000Z,coinmarketcap_data_api_listings_historical
2018-05-02,1790,WOMEN,WomenCoin,women,1043,44220400.2887482,0.00035506,15701.02826551,5695.29394531,2018-05-02T00:00:00.000Z,2018-05-02T23:59:12.000Z,coinmarketcap_data_api_listings_historical
2018-05-02,2045,CTIC3,Coimatic 3.0,coimatic-3,1044,2259512.152,0.00626102,14146.85175264,38418.06640625,2018-05-02T00:00:00.000Z,2018-05-02T23:59:16.000Z,coinmarketcap_data_api_listings_historical
2018-05-02,986,CREVA,CrevaCoin,crevacoin,1045,36390750.0,0.00029669,10796.68182995,2169.88061523,2018-05-02T00:00:00.000Z,2018-05-02T23:59:06.000Z,coinmarketcap_data_api_listings_historical
2018-05-02,1691,NANOX,Project-X,project-x,1046,0.078264,129064.125,10101.074679,825.84442139,2018-05-02T00:00:00.000Z,2018-05-02T23:59:16.000Z,coinmarketcap_data_api_listings_historical
2018-05-02,1837,CTIC2,Coimatic 2.0,coimatic-2,1047,13532750.0,0.00064053,8668.12400114,532.14428711,2018-05-02T00:00:00.000Z,2018-05-02T23:59:13.000Z,coinmarketcap_data_api_listings_historical
2018-05-02,1523,MGM,Magnum,magnum,1048,4225726.39342183,0.00193596,8180.8447595,21297.265625,2018-05-02T00:00:00.000Z,2018-05-02T23:59:10.000Z,coinmarketcap_data_api_listings_historical
2018-05-02,1927,ULA,Ulatech,ulatech,1049,213186.594999999,0.02940818,6269.42999091,1656122.75,2018-05-02T00:00:00.000Z,2018-05-02T23:59:17.000Z,coinmarketcap_data_api_listings_historical
2018-05-02,1486,VLTC,Vault Coin,vault-coin,1050,30385540.181959,0.00018438,5602.40448656,983.128479,2018-05-02T00:00:00.000Z,2018-05-02T23:59:11.000Z,coinmarketcap_data_api_listings_historical
2018-05-02,1832,HMC,HarmonyCoin,harmonycoin-hmc,1051,561235.032413483,0.0064313,3609.47280174,6081.44384766,2018-05-02T00:00:00.000Z,2018-05-02T23:59:13.000Z,coinmarketcap_data_api_listings_historical
2018-05-02,1608,TSTR,Tristar Coin,tristar-coin,1052,5027856.6437,0.00036875,1854.04547359,1530.81481934,2018-05-02T00:00:00.000Z,2018-05-02T23:59:11.000Z,coinmarketcap_data_api_listings_historical
2018-05-02,1798,FXE,FuturXe,futurexe,1053,235421.099999994,0.00619991,1459.59014251,789.05523682,2018-05-02T00:00:00.000Z,2018-05-02T23:59:12.000Z,coinmarketcap_data_api_listings_historical
2018-05-02,2006,COB,Cobinhood,cobinhood,1054,362246647.008383,0.08211065,29744307.94953198,82.62854767,2018-05-02T00:00:00.000Z,2018-05-02T23:59:15.000Z,coinmarketcap_data_api_listings_historical
2018-05-02,2079,HDG,Hedge,hedge,1055,3709674.34,5.37134027,19925923.18887414,239.99154663,2018-05-02T00:00:00.000Z,2018-05-02T23:59:17.000Z,coinmarketcap_data_api_listings_historical
2018-05-02,1782,ECOB,Ecobit,ecobit,1056,444444444.4,0.01928727,8572118.14900612,433.69125366,2018-05-02T00:00:00.000Z,2018-05-02T23:59:13.000Z,coinmarketcap_data_api_listings_historical
2018-05-02,269,AC,AsiaCoin,asiacoin,1057,1498256218.34074,0.00553132,8287333.71223815,130.8344574,2018-05-02T00:00:00.000Z,2018-05-02T23:59:11.000Z,coinmarketcap_data_api_listings_historical
2018-05-02,1986,CHIPS,CHIPS,chips,1058,20970472.022115,0.36019203,7553396.90171751,104.6925354,2018-05-02T00:00:00.000Z,2018-05-02T23:59:15.000Z,coinmarketcap_data_api_listings_historical
2018-05-02,1182,KLC,KiloCoin,kilocoin,1059,196297971.01,0.03549263,6967131.75302865,46.09432983,2018-05-02T00:00:00.000Z,2018-05-02T23:59:07.000Z,coinmarketcap_data_api_listings_historical
2018-05-02,2190,ASTRO,Astro,astro,1060,3313833.18,1.92649794,6384092.78234273,171.54167175,2018-05-02T00:00:00.000Z,2018-05-02T23:59:19.000Z,coinmarketcap_data_api_listings_historical
2018-05-02,1688,APX,APX,apx,1061,703179.0,8.76714134,6164869.6818409,218.99610901,2018-05-02T00:00:00.000Z,2018-05-02T23:59:11.000Z,coinmarketcap_data_api_listings_historical
2018-05-02,2166,TIE,Ties.DB,tiesdb,1062,40673606.369723,0.13226016,5379497.63165374,63.22431946,2018-05-02T00:00:00.000Z,2018-05-02T23:59:18.000Z,coinmarketcap_data_api_listings_historical
2018-05-02,1147,RC,RussiaCoin,russiacoin,1063,8377872.942872,0.5144127,4309684.250266,139.86999512,2018-05-02T00:00:00.000Z,2018-05-02T23:59:06.000Z,coinmarketcap_data_api_listings_historical
2018-05-02,1483,VSL,vSlice,vslice,1064,33390496.0333756,0.09725904,3247527.49572421,105.67954254,2018-05-02T00:00:00.000Z,2018-05-02T23:59:09.000Z,coinmarketcap_data_api_listings_historical
2018-05-02,1618,ECN,E-coin,e-coin,1065,350363.27,9.21886539,3229951.8253392,414.70922852,2018-05-02T00:00:00.000Z,2018-05-02T23:59:10.000Z,coinmarketcap_data_api_listings_historical
2018-05-02,49,CBX,Bullion,bullion,1066,1013228.06526462,3.15948963,3201283.56670322,336.29574585,2018-05-02T00:00:00.000Z,2018-05-02T23:59:01.000Z,coinmarketcap_data_api_listings_historical
2018-05-02,1714,ETT,EncryptoTel [WAVES],encryptotel,1067,62131189.6,0.05066098,3147627.12319597,4.45485544,2018-05-02T00:00:00.000Z,2018-05-02T23:59:12.000Z,coinmarketcap_data_api_listings_historical
2018-05-02,1965,AHT,Bowhead,bowhead,1068,8000000.0,0.36754978,2940398.21624756,59.43788528,2018-05-02T00:00:00.000Z,2018-05-02T23:59:15.000Z,coinmarketcap_data_api_listings_historical
2018-05-02,2402,SENSE,Sense,sense,1069,125548234.86,0.02138239,2684521.03627963,202.87599182,2018-05-02T00:00:00.000Z,2018-05-02T23:59:21.000Z,coinmarketcap_data_api_listings_historical
2018-05-02,2452,TBX,Tokenbox,tokenbox,1070,11086905.8584671,0.23081884,2559066.7259484,237.29951477,2018-05-02T00:00:00.000Z,2018-05-02T23:59:22.000Z,coinmarketcap_data_api_listings_historical
2018-05-02,1961,REX,imbrex,imbrex,1071,8660756.0,0.27775323,2405552.98710203,65.08708191,2018-05-02T00:00:00.000Z,2018-05-02T13:54:16.000Z,coinmarketcap_data_api_listings_historical
2018-05-02,799,SMLY,SmileyCoin,smileycoin,1072,25960250000.0,8.172e-05,2121580.56457702,214.26911926,2018-05-02T00:00:00.000Z,2018-05-02T23:59:05.000Z,coinmarketcap_data_api_listings_historical
2018-05-02,1946,MTNC,Masternodecoin,masternodecoin,1073,50933118.4816,0.04157709,2117650.6398513,442.85375977,2018-05-02T00:00:00.000Z,2018-05-02T23:59:15.000Z,coinmarketcap_data_api_listings_historical
2018-05-02,1626,INPAY,InPay,inpay,1074,10000000.0,0.19783415,1978341.49003029,451.80499268,2018-05-02T00:00:00.000Z,2018-05-02T23:59:11.000Z,coinmarketcap_data_api_listings_historical
2018-05-02,43,ANC,Anoncoin,anoncoin,1075,2110316.862,0.92188656,1945472.75938551,206.03538513,2018-05-02T00:00:00.000Z,2018-05-02T23:59:01.000Z,coinmarketcap_data_api_listings_historical
2018-05-02,107,LEAF,LeafCoin,leafcoin,1076,21080296750.0,9.219e-05,1943364.31708785,111.16673279,2018-05-02T00:00:00.000Z,2018-05-02T23:59:01.000Z,coinmarketcap_data_api_listings_historical
2018-05-02,290,BLU,BlueCoin,bluecoin,1077,574683675.009956,0.0032965,1894446.38162806,39.15614319,2018-05-02T00:00:00.000Z,2018-05-02T23:59:03.000Z,coinmarketcap_data_api_listings_historical
2018-05-02,80,ORB,Orbitcoin,orbitcoin,1078,3199211.279225,0.56235081,1799079.05287086,348.23797607,2018-05-02T00:00:00.000Z,2018-05-02T23:59:04.000Z,coinmarketcap_data_api_listings_historical
2018-05-02,1605,UNI,Universe,universe,1079,21612668.7395733,0.07006338,1514256.67430777,185.57853699,2018-05-02T00:00:00.000Z,2018-05-02T23:59:11.000Z,coinmarketcap_data_api_listings_historical
2018-05-02,502,CARBON,Carboncoin,carboncoin,1080,15392019843.9046,9.233e-05,1421153.07930624,324.54589844,2018-05-02T00:00:00.000Z,2018-05-02T23:59:03.000Z,coinmarketcap_data_api_listings_historical
2018-05-02,218,FLT,FlutterCoin,fluttercoin,1081,436450711.18893,0.00313441,1368017.359479,414.0428772,2018-05-02T00:00:00.000Z,2018-05-02T23:59:02.000Z,coinmarketcap_data_api_listings_historical
2018-05-02,1482,SHORTY,Shorty,shorty,1082,100000000.13047,0.01364392,1364392.13707241,204.65881348,2018-05-02T00:00:00.000Z,2018-05-02T23:59:09.000Z,coinmarketcap_data_api_listings_historical
2018-05-02,1887,MBI,Monster Byte,monster-byte,1083,16822736.0,0.06941806,1167801.65999103,129.25712585,2018-05-02T00:00:00.000Z,2018-05-02T23:59:14.000Z,coinmarketcap_data_api_listings_historical
2018-05-02,1702,V,Version,version,1084,495035464.663294,0.00230472,1140916.40418027,47.1157608,2018-05-02T00:00:00.000Z,2018-05-02T23:59:12.000Z,coinmarketcap_data_api_listings_historical
2018-05-02,1890,RIYA,Etheriya,etheriya,1085,1581531.0,0.69482589,1098888.68096852,102.83423615,2018-05-02T00:00:00.000Z,2018-05-02T23:59:15.000Z,coinmarketcap_data_api_listings_historical
2018-05-02,1815,MBRS,Embers,embers,1086,50000000.0,0.02055807,1027903.51957083,498.4989624,2018-05-02T00:00:00.000Z,2018-05-02T23:59:13.000Z,coinmarketcap_data_api_listings_historical
2018-05-02,1629,ZENI,Zennies,zennies,1087,1000812835.5488,0.00101408,1014899.51838878,188.23707581,2018-05-02T00:00:00.000Z,2018-05-02T23:59:11.000Z,coinmarketcap_data_api_listings_historical
2018-05-02,1559,RNS,Renos,renos,1088,33356076.8071656,0.03014569,1005542.00800819,204.41691589,2018-05-02T00:00:00.000Z,2018-05-02T23:59:10.000Z,coinmarketcap_data_api_listings_historical
2018-05-02,1220,HTC,HitCoin,hitcoin,1089,10996318099.0,9.094e-05,1000058.49945233,0.9094485,2018-05-02T00:00:00.000Z,2018-05-02T14:24:07.000Z,coinmarketcap_data_api_listings_historical
2018-05-02,1813,FUCK,FuckToken,fucktoken,1090,58144264.2948,0.01703755,990636.02600957,136.3004303,2018-05-02T00:00:00.000Z,2018-05-02T10:59:13.000Z,coinmarketcap_data_api_listings_historical
2018-05-02,63,I0C,I0Coin,i0coin,1091,20990652.3984375,0.04517244,948199.02277897,39.70027542,2018-05-02T00:00:00.000Z,2018-05-02T23:59:03.000Z,coinmarketcap_data_api_listings_historical
2018-05-02,1494,BPC,Bitpark Coin,bitpark-coin,1092,75000000.0,0.01262985,947238.4583205,1.02301753,2018-05-02T00:00:00.000Z,2018-05-02T23:59:09.000Z,coinmarketcap_data_api_listings_historical
2018-05-02,2372,CDX,CDX Network,cdx-network,1093,32550000.0,0.02835417,922928.34827677,295.14456177,2018-05-02T00:00:00.000Z,2018-05-02T23:59:20.000Z,coinmarketcap_data_api_listings_historical
2018-05-02,386,PIGGY,Piggycoin,piggycoin,1094,489741792.492313,0.00183836,900321.54168042,60.22224045,2018-05-02T00:00:00.000Z,2018-05-02T23:59:03.000Z,coinmarketcap_data_api_listings_historical
2018-05-02,2250,MAGE,MagicCoin,magiccoin,1095,7372040.9422,0.11984526,883504.13550395,327.49743652,2018-05-02T00:00:00.000Z,2018-05-02T23:59:19.000Z,coinmarketcap_data_api_listings_historical
2018-05-02,78,HBN,HoboNickels,hobonickels,1096,64151405.0,0.01336736,857534.65577964,238.60913086,2018-05-02T00:00:00.000Z,2018-05-02T23:59:01.000Z,coinmarketcap_data_api_listings_historical
2018-05-02,699,NSR,NuShares,nushares,1097,2777600756.0,0.00027657,768189.89822838,48.88954544,2018-05-02T00:00:00.000Z,2018-05-02T23:59:05.000Z,coinmarketcap_data_api_listings_historical
2018-05-02,1374,BLOCKPAY,BlockPay,blockpay,1098,5428300.0,0.13861786,752459.32015925,25.61613846,2018-05-02T00:00:00.000Z,2018-05-02T23:59:08.000Z,coinmarketcap_data_api_listings_historical
2018-05-02,121,UTC,UltraCoin,ultracoin,1099,46423474.1954,0.01604083,744670.88192716,180.45532227,2018-05-02T00:00:00.000Z,2018-05-02T23:59:02.000Z,coinmarketcap_data_api_listings_historical
2018-05-02,1850,CRM,Cream,cream,1100,45108748.7633172,0.01614978,728496.52679875,265.17642212,2018-05-02T00:00:00.000Z,2018-05-02T23:59:13.000Z,coinmarketcap_data_api_listings_historical
2018-05-02,1644,MCRN,MACRON,macron,1101,401421400.685127,0.00172092,690814.99364234,325.96328735,2018-05-02T00:00:00.000Z,2018-05-02T23:59:11.000Z,coinmarketcap_data_api_listings_historical
2018-05-02,597,OPAL,Opal,opal,1102,15147370.4724833,0.04557635,690361.89801185,229.7984314,2018-05-02T00:00:00.000Z,2018-05-02T23:59:03.000Z,coinmarketcap_data_api_listings_historical
2018-05-02,493,SDC,ShadowCash,shadowcash,1103,6695133.25917,0.09956375,666592.55826179,83.26203156,2018-05-02T00:00:00.000Z,2018-05-02T23:59:04.000Z,coinmarketcap_data_api_listings_historical
2018-05-02,32,FST,Fastcoin,fastcoin,1104,156913423.581737,0.00414849,650953.73652545,356.91427612,2018-05-02T00:00:00.000Z,2018-05-02T23:59:01.000Z,coinmarketcap_data_api_listings_historical
2018-05-02,2026,EBET,EthBet,ethbet,1105,8503600.0,0.07560284,642896.34727836,4.53617048,2018-05-02T00:00:00.000Z,2018-05-02T23:59:16.000Z,coinmarketcap_data_api_listings_historical
2018-05-02,129,Q2C,QubitCoin,qubitcoin,1106,248693251.86303,0.00258128,641947.54357858,46.2153244,2018-05-02T00:00:00.000Z,2018-05-02T23:59:02.000Z,coinmarketcap_data_api_listings_historical
2018-05-02,1869,MAO,Mao Zedong,mao-zedong,1107,6257564.97304925,0.09771997,611489.09157489,172.59928894,2018-05-02T00:00:00.000Z,2018-05-02T23:59:14.000Z,coinmarketcap_data_api_listings_historical
2018-05-02,1198,BIGUP,BigUp,bigup,1108,2137572488.8765,0.00028193,602649.85316987,340.19796753,2018-05-02T00:00:00.000Z,2018-05-02T23:59:06.000Z,coinmarketcap_data_api_listings_historical
2018-05-02,638,TROLL,Trollcoin,trollcoin,1109,573063340.0,0.00102607,588000.95398355,48.03960037,2018-05-02T00:00:00.000Z,2018-05-02T23:59:04.000Z,coinmarketcap_data_api_listings_historical
2018-05-02,1359,BXT,BitTokens,bittokens,1110,588988.49999998,0.97322577,573218.78783591,269.18276978,2018-05-02T00:00:00.000Z,2018-05-02T23:59:08.000Z,coinmarketcap_data_api_listings_historical
2018-05-02,1195,HODL,HOdlcoin,hodlcoin,1111,164342925.0,0.00341098,560570.48590233,68.63805389,2018-05-02T00:00:00.000Z,2018-05-02T23:59:07.000Z,coinmarketcap_data_api_listings_historical
2018-05-02,1617,USC,Ultimate Secure Cash,ultimate-secure-cash,1112,10343113.0054,0.05386844,557167.35250343,50.21340942,2018-05-02T00:00:00.000Z,2018-05-02T23:59:11.000Z,coinmarketcap_data_api_listings_historical
2018-05-02,276,BITS,Bitstar,bitstar,1113,23079736.725703,0.02369248,546816.31490964,107.74272919,2018-05-02T00:00:00.000Z,2018-05-02T23:59:02.000Z,coinmarketcap_data_api_listings_historical
2018-05-02,120,NYAN,Nyancoin,nyancoin,1114,322805606.016754,0.0016598,535791.90173999,271.28851318,2018-05-02T00:00:00.000Z,2018-05-02T23:59:02.000Z,coinmarketcap_data_api_listings_historical
2018-05-02,671,GAIA,GAIA,gaia,1115,24101381.448726,0.02212528,533249.75674118,0.23312204,2018-05-02T00:00:00.000Z,2018-05-02T23:59:04.000Z,coinmarketcap_data_api_listings_historical
2018-05-02,719,VIP,Limitless VIP,limitless-vip,1116,1259816434.0,0.00042289,532758.72079427,365.81588745,2018-05-02T00:00:00.000Z,2018-05-02T23:59:12.000Z,coinmarketcap_data_api_listings_historical
2018-05-02,545,HAL,Halcyon,halcyon,1117,5811405.23909073,0.0901605,523959.22520876,272.08456421,2018-05-02T00:00:00.000Z,2018-05-02T23:59:04.000Z,coinmarketcap_data_api_listings_historical
2018-05-02,295,TALK,BTCtalkcoin,btctalkcoin,1118,65290634.7332338,0.00802041,523657.86265517,8.0204134,2018-05-02T00:00:00.000Z,2018-05-02T23:59:03.000Z,coinmarketcap_data_api_listings_historical
2018-05-02,1981,XBL,Billionaire Token,billionaire-token,1119,3268273.63529652,0.1475191,482132.77455241,337.46694946,2018-05-02T00:00:00.000Z,2018-05-02T23:59:16.000Z,coinmarketcap_data_api_listings_historical
2018-05-02,813,BITSILVER,bitSilver,bitsilver,1120,21781.8,21.42991829,466782.19419136,3.63218951,2018-05-02T00:00:00.000Z,2018-05-02T16:04:06.000Z,coinmarketcap_data_api_listings_historical
2018-05-02,951,SNRG,Synergy,synergy,1121,3619912.09300367,0.12722035,460526.47447713,321.00366211,2018-05-02T00:00:00.000Z,2018-05-02T23:59:06.000Z,coinmarketcap_data_api_listings_historical
2018-05-02,1511,VIDZ,PureVidz,purevidz,1122,125279774.5061,0.00363269,455102.82479648,184.04800415,2018-05-02T00:00:00.000Z,2018-05-02T23:59:09.000Z,coinmarketcap_data_api_listings_historical
2018-05-02,360,MOTO,Motocoin,motocoin,1123,19642673.069064,0.0227706,447275.42252681,23.01047325,2018-05-02T00:00:00.000Z,2018-05-02T23:59:03.000Z,coinmarketcap_data_api_listings_historical
2018-05-02,513,TIT,Titcoin,titcoin,1124,49898202.15,0.00862811,430527.01109291,98.73025513,2018-05-02T00:00:00.000Z,2018-05-02T23:59:04.000Z,coinmarketcap_data_api_listings_historical
2018-05-02,520,VTA,Virtacoin,virtacoin,1125,5201310113.21,7.87e-05,409343.30882257,270.07745361,2018-05-02T00:00:00.000Z,2018-05-02T23:59:04.000Z,coinmarketcap_data_api_listings_historical
2018-05-02,341,SUPER,SuperCoin,supercoin,1126,48590799.0844488,0.00820479,398677.33952194,9.3700552,2018-05-02T00:00:00.000Z,2018-05-02T23:59:12.000Z,coinmarketcap_data_api_listings_historical
2018-05-02,2401,GJC,Global Jobcoin,global-jobcoin,1127,13449994.7564017,0.02887341,388347.26422547,75.16860962,2018-05-02T00:00:00.000Z,2018-05-02T23:59:21.000Z,coinmarketcap_data_api_listings_historical
2018-05-02,1019,MANNA,Manna,manna,1128,43673072.8607769,0.0086008,375623.41875601,288.72543335,2018-05-02T00:00:00.000Z,2018-05-02T23:59:06.000Z,coinmarketcap_data_api_listings_historical
2018-05-02,988,IRL,IrishCoin,irishcoin,1129,35345249.3398182,0.01041732,368202.70115792,187.41015625,2018-05-02T00:00:00.000Z,2018-05-02T23:59:05.000Z,coinmarketcap_data_api_listings_historical
2018-05-02,1524,TSE,Tattoocoin (Standard Edition),tattoocoin,1130,90421856.2402962,0.00396631,358641.49714031,424.56829834,2018-05-02T00:00:00.000Z,2018-05-02T23:59:10.000Z,coinmarketcap_data_api_listings_historical
2018-05-02,382,GRN,Granite,granitecoin,1131,38229100.0,0.00921887,352428.95041239,88.76412201,2018-05-02T00:00:00.000Z,2018-05-02T23:59:03.000Z,coinmarketcap_data_api_listings_historical
2018-05-02,890,8BIT,8Bit,8bit,1132,1467840.78618273,0.23784673,349121.13429476,57.89055634,2018-05-02T00:00:00.000Z,2018-05-02T23:59:05.000Z,coinmarketcap_data_api_listings_historical
2018-05-02,1375,GOLF,Golfcoin,golfcoin,1133,1247475815.93454,0.00027657,345009.38193333,208.95767212,2018-05-02T00:00:00.000Z,2018-05-02T23:59:08.000Z,coinmarketcap_data_api_listings_historical
2018-05-02,1987,TKR,CryptoInsight,trackr,1134,12529746.9481503,0.02749194,344467.10031404,412.3104248,2018-05-02T00:00:00.000Z,2018-05-02T23:59:15.000Z,coinmarketcap_data_api_listings_historical
2018-05-02,882,CYP,Cypher,cypher,1135,6365284.67510838,0.0528241,336240.44911471,66.75647736,2018-05-02T00:00:00.000Z,2018-05-02T23:59:05.000Z,coinmarketcap_data_api_listings_historical
2018-05-02,1062,FLY,Flycoin,flycoin,1136,210805.55394135,1.58785748,334729.17666687,125.84674072,2018-05-02T00:00:00.000Z,2018-05-02T23:59:05.000Z,coinmarketcap_data_api_listings_historical
2018-05-02,76,PHS,Philosopher Stones,philosopher-stones,1137,6014340.46076,0.05540538,333226.83110921,6.13132381,2018-05-02T00:00:00.000Z,2018-05-02T23:59:36.000Z,coinmarketcap_data_api_listings_historical
2018-05-02,1315,CRX,Chronos,chronos,1138,73729961.9114544,0.00451855,333152.54556821,213.51850891,2018-05-02T00:00:00.000Z,2018-05-02T23:59:07.000Z,coinmarketcap_data_api_listings_historical
2018-05-02,2152,CTX,CarTaxi Token,cartaxi-token,1139,39928144.0,0.00830143,331460.81924981,255.95111084,2018-05-02T00:00:00.000Z,2018-05-02T23:59:18.000Z,coinmarketcap_data_api_listings_historical
2018-05-02,804,AMBER,AmberCoin,ambercoin,1140,43699480.8066037,0.00745283,325684.70882253,1.78531587,2018-05-02T00:00:00.000Z,2018-05-02T13:59:05.000Z,coinmarketcap_data_api_listings_historical
2018-05-02,159,CASH,Cashcoin,cashcoin,1141,47675905.250849,0.00682196,325243.15083599,0.00682196,2018-05-02T00:00:00.000Z,2018-05-02T23:59:02.000Z,coinmarketcap_data_api_listings_historical
2018-05-02,1165,EVIL,Evil Coin,evil-coin,1142,21020382.7858368,0.01528372,321269.63715064,257.26535034,2018-05-02T00:00:00.000Z,2018-05-02T23:59:07.000Z,coinmarketcap_data_api_listings_historical
2018-05-02,1084,ISL,IslaCoin,islacoin,1143,1513704.20190432,0.21037452,318444.79373044,0.93728209,2018-05-02T00:00:00.000Z,2018-05-02T23:59:06.000Z,coinmarketcap_data_api_listings_historical
2018-05-02,1297,CHESS,ChessCoin,chesscoin,1144,54032768.6522569,0.00588311,317880.90967949,59.62909698,2018-05-02T00:00:00.000Z,2018-05-02T23:59:08.000Z,coinmarketcap_data_api_listings_historical
2018-05-02,1249,EL,Elcoin,elcoin-el,1145,11208967.0,0.02795822,313382.8056686,225.97268677,2018-05-02T00:00:00.000Z,2018-05-02T23:59:07.000Z,coinmarketcap_data_api_listings_historical
2018-05-02,842,BITZ,Bitz,bitz,1146,1990890.81120387,0.15533789,309260.76792247,5.25207996,2018-05-02T00:00:00.000Z,2018-05-02T23:59:13.000Z,coinmarketcap_data_api_listings_historical
2018-05-02,1716,AMMO,Ammo Reloaded,ammo-reloaded,1147,77777777.0,0.00396411,308319.83004645,332.0085144,2018-05-02T00:00:00.000Z,2018-05-02T23:59:12.000Z,coinmarketcap_data_api_listings_historical
2018-05-02,279,CCN,CannaCoin,cannacoin,1148,4701611.22367634,0.06526957,306872.12911205,469.37805176,2018-05-02T00:00:00.000Z,2018-05-02T23:59:02.000Z,coinmarketcap_data_api_listings_historical
2018-05-02,1210,CAB,Cabbage,cabbage,1149,10499995.91,0.02876286,302009.934266,191.25366211,2018-05-02T00:00:00.000Z,2018-05-02T23:59:07.000Z,coinmarketcap_data_api_listings_historical
2018-05-02,138,ICN,iCoin,icoin,1150,29637818.75,0.00986419,292352.98251204,180.47589111,2018-05-02T00:00:00.000Z,2018-05-02T23:59:02.000Z,coinmarketcap_data_api_listings_historical
2018-05-02,2165,ERC20,ERC20,erc20,1151,1574741156.0,0.00018438,290346.55512808,5.7848382,2018-05-02T00:00:00.000Z,2018-05-02T23:59:18.000Z,coinmarketcap_data_api_listings_historical
2018-05-02,1614,KED,Darsek,darsek,1152,19532480.811309,0.01428924,279104.34938151,306.23922729,2018-05-02T00:00:00.000Z,2018-05-02T23:59:11.000Z,coinmarketcap_data_api_listings_historical
2018-05-02,88,RPC,RonPaulCoin,ronpaulcoin,1153,923912.92169891,0.29795375,275283.32400228,128.79463196,2018-05-02T00:00:00.000Z,2018-05-02T23:59:02.000Z,coinmarketcap_data_api_listings_historical
2018-05-02,206,CNO,Coin(O),coin,1154,105285594.149648,0.00258128,271771.86366039,157.85891724,2018-05-02T00:00:00.000Z,2018-05-02T23:59:02.000Z,coinmarketcap_data_api_listings_historical
2018-05-02,978,XRA,Ratecoin,ratecoin,1155,122449161.79158,0.00220711,270258.53374259,149.84082031,2018-05-02T00:00:00.000Z,2018-05-02T23:59:05.000Z,coinmarketcap_data_api_listings_historical
2018-05-02,1283,MNM,Mineum,mineum,1156,9436366.84876144,0.02863041,270167.08118496,150.51316833,2018-05-02T00:00:00.000Z,2018-05-02T23:59:07.000Z,coinmarketcap_data_api_listings_historical
2018-05-02,519,VC,VirtualCoin,virtualcoin,1157,10064286.6495148,0.02645814,266282.34732149,1.01407528,2018-05-02T00:00:00.000Z,2018-05-02T23:59:03.000Z,coinmarketcap_data_api_listings_historical
2018-05-02,1200,NEVA,NevaCoin,nevacoin,1158,2894995.0,0.09129137,264288.05392534,445.14810181,2018-05-02T00:00:00.000Z,2018-05-02T23:59:07.000Z,coinmarketcap_data_api_listings_historical
2018-05-02,1184,SPEX,SproutsExtreme,sproutsextreme,1159,2866607585.84296,9.134e-05,261828.51147532,5.63634014,2018-05-02T00:00:00.000Z,2018-05-02T19:14:07.000Z,coinmarketcap_data_api_listings_historical
2018-05-02,1502,UNITS,GameUnits,gameunits,1160,3472982.51210426,0.07495383,260313.34682139,62.22153473,2018-05-02T00:00:00.000Z,2018-05-02T23:59:09.000Z,coinmarketcap_data_api_listings_historical
2018-05-02,10,FRC,Freicoin,freicoin,1161,30886461.7476168,0.00838917,259111.70070077,102.53692627,2018-05-02T00:00:00.000Z,2018-05-02T23:59:01.000Z,coinmarketcap_data_api_listings_historical
2018-05-02,1357,PX,PX,px,1162,98341177.4921055,0.00258128,253846.36233898,41.66254425,2018-05-02T00:00:00.000Z,2018-05-02T23:59:08.000Z,coinmarketcap_data_api_listings_historical
2018-05-02,818,CON,PayCon,paycon,1163,23042604.0,0.01084133,249812.42147214,47.87229538,2018-05-02T00:00:00.000Z,2018-05-02T23:59:05.000Z,coinmarketcap_data_api_listings_historical
2018-05-02,1284,XRE,RevolverCoin,revolvercoin,1164,22743807.0815505,0.01087826,247413.09481362,487.18722534,2018-05-02T00:00:00.000Z,2018-05-02T23:59:08.000Z,coinmarketcap_data_api_listings_historical
2018-05-02,50,EMD,Emerald Crypto,emerald,1165,19117129.3733062,0.01290641,246733.54150094,32.06594467,2018-05-02T00:00:00.000Z,2018-05-02T23:59:01.000Z,coinmarketcap_data_api_listings_historical
2018-05-02,69,DTC,Datacoin,datacoin,1166,31140086.4578646,0.00783604,244014.85048802,7.21108913,2018-05-02T00:00:00.000Z,2018-05-02T23:59:04.000Z,coinmarketcap_data_api_listings_historical
2018-05-02,1840,300,300 Token,300-token,1167,300.0,800.14178467,240042.53540039,15.63648224,2018-05-02T00:00:00.000Z,2018-05-02T23:59:14.000Z,coinmarketcap_data_api_listings_historical
2018-05-02,1760,CHAN,ChanCoin,chancoin,1168,8350314.62748736,0.02857848,238639.33657484,133.2671814,2018-05-02T00:00:00.000Z,2018-05-02T23:59:14.000Z,coinmarketcap_data_api_listings_historical
2018-05-02,1566,VISIO,Visio,visio,1169,51040461.6958,0.00465763,237727.53181188,331.7645874,2018-05-02T00:00:00.000Z,2018-05-02T23:59:10.000Z,coinmarketcap_data_api_listings_historical
2018-05-02,154,MARS,Marscoin,marscoin,1170,28279074.0,0.00838917,237237.88818084,64.99848938,2018-05-02T00:00:00.000Z,2018-05-02T23:59:02.000Z,coinmarketcap_data_api_listings_historical
2018-05-02,1457,BTCR,Bitcurrency,bitcurrency,1171,169598616.14145,0.00138283,234526.0296424,36.0692749,2018-05-02T00:00:00.000Z,2018-05-02T23:59:10.000Z,coinmarketcap_data_api_listings_historical
2018-05-02,1575,PASL,Pascal Lite,pascal-lite,1172,5022100.0,0.04572557,229638.39943148,158.50473022,2018-05-02T00:00:00.000Z,2018-05-02T23:59:10.000Z,coinmarketcap_data_api_listings_historical
2018-05-02,2171,ABJC,Abjcoin Commerce,abjcoin,1173,8265187.03914836,0.02763243,228387.20391457,398.81463623,2018-05-02T00:00:00.000Z,2018-05-02T23:59:18.000Z,coinmarketcap_data_api_listings_historical
2018-05-02,2257,NUKO,Nekonium,nekonium,1174,12000829.33,0.01852992,222374.40630789,370.63674927,2018-05-02T00:00:00.000Z,2018-05-02T23:59:19.000Z,coinmarketcap_data_api_listings_historical
2018-05-02,1085,SWING,Swing,swing,1175,3237215.83965792,0.06840328,221436.18561654,268.06170654,2018-05-02T00:00:00.000Z,2018-05-02T23:59:06.000Z,coinmarketcap_data_api_listings_historical
2018-05-02,2097,XIOS,Xios,xios,1176,2149688.36999048,0.10196066,219183.64290712,2.42797279,2018-05-02T00:00:00.000Z,2018-05-02T23:59:17.000Z,coinmarketcap_data_api_listings_historical
2018-05-02,1836,SIGT,Signatum,signatum,1177,107972765.6561,0.00202815,218985.01692055,31.88575172,2018-05-02T00:00:00.000Z,2018-05-02T23:59:13.000Z,coinmarketcap_data_api_listings_historical
2018-05-02,1223,BERN,BERNcash,berncash,1178,71234300.811892,0.00298267,212468.37709404,491.51455688,2018-05-02T00:00:00.000Z,2018-05-02T23:59:07.000Z,coinmarketcap_data_api_listings_historical
2018-05-02,103,RED,RedCoin,redcoin,1179,74107896.0,0.00276566,204957.22205111,408.36175537,2018-05-02T00:00:00.000Z,2018-05-02T23:59:05.000Z,coinmarketcap_data_api_listings_historical
2018-05-02,84,CAT,Catcoin,catcoin,1180,6412649.97599,0.03125196,200407.85346563,369.67480469,2018-05-02T00:00:00.000Z,2018-05-02T23:59:01.000Z,coinmarketcap_data_api_listings_historical
2018-05-02,221,888,OctoCoin,octocoin,1181,53939734.2591025,0.00369623,199373.84017972,426.51455688,2018-05-02T00:00:00.000Z,2018-05-02T23:59:03.000Z,coinmarketcap_data_api_listings_historical
2018-05-02,1390,JIN,Jin Coin,jin-coin,1182,9960401.90743123,0.01991275,198338.98838971,351.17626953,2018-05-02T00:00:00.000Z,2018-05-02T23:59:08.000Z,coinmarketcap_data_api_listings_historical
2018-05-02,1878,SHDW,Shadow Token,shadow-token,1183,7000000.0,0.02820973,197468.10384095,196.47615051,2018-05-02T00:00:00.000Z,2018-05-02T23:59:14.000Z,coinmarketcap_data_api_listings_historical
2018-05-02,367,C2,Coin2.1,coin2-1,1184,78245974.52,0.00248909,194761.56153253,123.72917938,2018-05-02T00:00:00.000Z,2018-05-02T23:59:03.000Z,coinmarketcap_data_api_listings_historical
2018-05-02,1250,ZUR,Zurcoin,zurcoin,1185,87653034.0003,0.00212034,185854.15336874,8.48135662,2018-05-02T00:00:00.000Z,2018-05-02T23:59:07.000Z,coinmarketcap_data_api_listings_historical
2018-05-02,1731,GLT,GlobalToken,globaltoken,1186,27971200.0,0.00664114,185760.79122722,372.93057251,2018-05-02T00:00:00.000Z,2018-05-02T23:59:12.000Z,coinmarketcap_data_api_listings_historical
2018-05-02,1048,MAD,SatoshiMadness,satoshimadness,1187,2000683485.05154,9.219e-05,184440.33026414,61.06401443,2018-05-02T00:00:00.000Z,2018-05-02T23:59:06.000Z,coinmarketcap_data_api_listings_historical
2018-05-02,461,QTL,Quatloo,quatloo,1188,7718882.84599331,0.02350811,181456.32610002,274.12481689,2018-05-02T00:00:00.000Z,2018-05-02T23:59:03.000Z,coinmarketcap_data_api_listings_historical
2018-05-02,1035,AMS,AmsterdamCoin,amsterdamcoin,1189,50201886.1653873,0.00359536,180493.74103087,12.33216858,2018-05-02T00:00:00.000Z,2018-05-02T23:59:05.000Z,coinmarketcap_data_api_listings_historical
2018-05-02,20,ELC,Elacoin,elacoin,1190,407774.25144423,0.44250557,180442.37685954,13.99126244,2018-05-02T00:00:00.000Z,2018-05-02T23:59:17.000Z,coinmarketcap_data_api_listings_historical
2018-05-02,1175,RBIES,Rubies,rubies,1191,10415251.8921257,0.01702909,177362.26031438,12.05541897,2018-05-02T00:00:00.000Z,2018-05-02T23:59:07.000Z,coinmarketcap_data_api_listings_historical
2018-05-02,1800,FNC,FinCoin,fincoin,1192,12878667.0,0.01358039,174897.38375875,74.37560272,2018-05-02T00:00:00.000Z,2018-05-02T23:59:13.000Z,coinmarketcap_data_api_listings_historical
2018-05-02,1058,SPACE,SpaceCoin,spacecoin,1193,22462470.6251549,0.00724211,162675.70612983,142.47764587,2018-05-02T00:00:00.000Z,2018-05-02T23:59:14.000Z,coinmarketcap_data_api_listings_historical
2018-05-02,1194,IMS,Independent Money System,independent-money-system,1194,5368933.59730747,0.02962957,159079.21116682,183.7428894,2018-05-02T00:00:00.000Z,2018-05-02T23:59:07.000Z,coinmarketcap_data_api_listings_historical
2018-05-02,1525,SFC,Solarflarecoin,solarflarecoin,1195,14083450.0,0.01102112,155215.34667099,409.01434326,2018-05-02T00:00:00.000Z,2018-05-02T23:59:10.000Z,coinmarketcap_data_api_listings_historical
2018-05-02,933,CTO,Crypto,crypto,1196,13742738.4040553,0.01124702,154564.80544137,135.49667358,2018-05-02T00:00:00.000Z,2018-05-02T23:59:05.000Z,coinmarketcap_data_api_listings_historical
2018-05-02,1251,611,SixEleven,sixeleven,1197,444765.4898564,0.33307761,148141.42616683,212.74061584,2018-05-02T00:00:00.000Z,2018-05-02T23:59:07.000Z,coinmarketcap_data_api_listings_historical
2018-05-02,1113,SCRT,SecretCoin,secretcoin,1198,4228671.77935119,0.0349395,147747.68370094,21.72914314,2018-05-02T00:00:00.000Z,2018-05-02T23:59:06.000Z,coinmarketcap_data_api_listings_historical
2018-05-02,2241,CCO,Ccore,ccore,1199,1449999.0,0.10039345,145570.40464445,0.92188656,2018-05-02T00:00:00.000Z,2018-05-02T23:59:19.000Z,coinmarketcap_data_api_listings_historical
2018-05-02,1130,EVO,Evotion,evotion,1200,3275504.34811993,0.04317242,141411.44638656,62.04212189,2018-05-02T00:00:00.000Z,2018-05-02T23:59:06.000Z,coinmarketcap_data_api_listings_historical
2018-05-02,476,FIRE,Firecoin,firecoin,1201,98411.93592072,1.41671848,139422.00856386,14.21306801,2018-05-02T00:00:00.000Z,2018-05-02T12:19:04.000Z,coinmarketcap_data_api_listings_historical
2018-05-02,1514,ICOB,ICOBID,icobid,1202,107048455.121438,0.00129064,138161.15293498,39.47112274,2018-05-02T00:00:00.000Z,2018-05-02T23:59:10.000Z,coinmarketcap_data_api_listings_historical
2018-05-02,1748,BTPL,Bitcoin Planet,bitcoin-planet,1203,6804362.43681782,0.02018932,137375.42983392,97.54214478,2018-05-02T00:00:00.000Z,2018-05-02T23:59:12.000Z,coinmarketcap_data_api_listings_historical
2018-05-02,1206,BUMBA,BumbaCoin,bumbacoin,1204,22894767.6653158,0.00597464,136787.90190276,85.61410522,2018-05-02T00:00:00.000Z,2018-05-02T23:59:07.000Z,coinmarketcap_data_api_listings_historical
2018-05-02,1912,DALC,Dalecoin,dalecoin,1205,466297.0,0.29282692,136544.31466392,320.19061279,2018-05-02T00:00:00.000Z,2018-05-02T23:59:15.000Z,coinmarketcap_data_api_listings_historical
2018-05-02,1010,FLAX,Flaxscript,flaxscript,1206,5617499.78125,0.02396905,134646.13592264,439.13317871,2018-05-02T00:00:00.000Z,2018-05-02T23:59:06.000Z,coinmarketcap_data_api_listings_historical
2018-05-02,356,BTQ,BitQuark,bitquark,1207,9993170.925,0.01262985,126212.21094307,81.26651764,2018-05-02T00:00:00.000Z,2018-05-02T23:59:03.000Z,coinmarketcap_data_api_listings_historical
2018-05-02,536,J,Joincoin,joincoin,1208,3088526.5,0.04028644,124425.75027874,11.17520142,2018-05-02T00:00:00.000Z,2018-05-02T23:59:04.000Z,coinmarketcap_data_api_listings_historical
2018-05-02,1173,HMP,HempCoin,hempcoin-hmp,1209,1356645469.993,9.165e-05,124332.31199401,18.32937431,2018-05-02T00:00:00.000Z,2018-05-02T11:39:08.000Z,coinmarketcap_data_api_listings_historical
2018-05-02,1469,XCRE,Creatio,creatio,1210,20520514.0,0.00605248,124200.08820112,132.53515625,2018-05-02T00:00:00.000Z,2018-05-02T23:59:09.000Z,coinmarketcap_data_api_listings_historical
2018-05-02,2100,JS,JavaScript Token,javascript-token,1211,7991996.0,0.01511894,120830.50642223,0.92188656,2018-05-02T00:00:00.000Z,2018-05-02T23:59:17.000Z,coinmarketcap_data_api_listings_historical
2018-05-02,1395,DLC,Dollarcoin,dollarcoin,1212,9106714.077459,0.0129986,118374.53807311,31.30901909,2018-05-02T00:00:00.000Z,2018-05-02T23:59:08.000Z,coinmarketcap_data_api_listings_historical
2018-05-02,1824,COAL,BitCoal,bitcoal,1213,4500000.0,0.02587039,116416.7476818,455.14120483,2018-05-02T00:00:00.000Z,2018-05-02T23:59:13.000Z,coinmarketcap_data_api_listings_historical
2018-05-02,1033,GCC,GuccioneCoin,guccionecoin,1214,20285537.0,0.0057157,115945.97499771,17.47675705,2018-05-02T00:00:00.000Z,2018-05-02T23:59:06.000Z,coinmarketcap_data_api_listings_historical
2018-05-02,1228,XNG,Enigma [XNG],enigma-xng,1215,801681.41836145,0.14399868,115441.06802792,9.29095745,2018-05-02T00:00:00.000Z,2018-05-02T23:59:07.000Z,coinmarketcap_data_api_listings_historical
2018-05-02,1397,XBTS,Beatcoin,beatcoin,1216,1524686.0958465,0.07394223,112738.68868353,412.72940063,2018-05-02T00:00:00.000Z,2018-05-02T23:59:08.000Z,coinmarketcap_data_api_listings_historical
2018-05-02,1248,XBTC21,Bitcoin 21,bitcoin-21,1217,793107.50107699,0.14028491,111261.01504187,0.46416852,2018-05-02T00:00:00.000Z,2018-05-02T23:04:08.000Z,coinmarketcap_data_api_listings_historical
2018-05-02,601,ACOIN,Acoin,acoin,1218,1220084.95665668,0.09051181,110432.09327771,68.55041504,2018-05-02T00:00:00.000Z,2018-05-02T23:59:04.000Z,coinmarketcap_data_api_listings_historical
2018-05-02,1110,$$$,Money,money,1219,45887217.5418592,0.00239691,109987.30557871,217.79289246,2018-05-02T00:00:00.000Z,2018-05-02T23:59:07.000Z,coinmarketcap_data_api_listings_historical
2018-05-02,350,BOST,BoostCoin,boostcoin,1220,11855487.1681898,0.00923537,109489.84333087,0.92353731,2018-05-02T00:00:00.000Z,2018-05-02T22:54:03.000Z,coinmarketcap_data_api_listings_historical
2018-05-02,1111,SOIL,SOILcoin,soilcoin,1221,5702048.0,0.01889868,107761.15323073,104.83299255,2018-05-02T00:00:00.000Z,2018-05-02T23:59:06.000Z,coinmarketcap_data_api_listings_historical
2018-05-02,2290,YTN,YENTEN,yenten,1222,6342727.51023829,0.01644481,104304.92347718,265.50637817,2018-05-02T00:00:00.000Z,2018-05-02T23:59:20.000Z,coinmarketcap_data_api_listings_historical
2018-05-02,1038,EUC,Eurocoin,eurocoin,1223,12416554.4504077,0.00834291,103590.20321811,183.7183075,2018-05-02T00:00:00.000Z,2018-05-02T23:59:06.000Z,coinmarketcap_data_api_listings_historical
2018-05-02,1630,CXT,Coinonat,coinonat,1224,8623200.0,0.01123905,96916.59164429,203.82606506,2018-05-02T00:00:00.000Z,2018-05-02T23:59:11.000Z,coinmarketcap_data_api_listings_historical
2018-05-02,2117,ROOFS,Roofs,roofs,1225,130000000.0,0.00073751,95876.20676029,201.08485413,2018-05-02T00:00:00.000Z,2018-05-02T23:59:17.000Z,coinmarketcap_data_api_listings_historical
2018-05-02,785,GP,GoldPieces,goldpieces,1226,1220160.94807913,0.07845255,95724.73763444,320.13519287,2018-05-02T00:00:00.000Z,2018-05-02T23:59:05.000Z,coinmarketcap_data_api_listings_historical
2018-05-02,1554,ALL,Allion,allion,1227,6199359.339803,0.0150455,93272.44008702,13.2958746,2018-05-02T00:00:00.000Z,2018-05-02T23:59:10.000Z,coinmarketcap_data_api_listings_historical
2018-05-02,1548,MAR,Marijuanacoin,marijuanacoin,1228,1631600.72883333,0.05669602,92505.27374103,463.04763794,2018-05-02T00:00:00.000Z,2018-05-02T23:59:10.000Z,coinmarketcap_data_api_listings_historical
2018-05-02,2214,ZZC,ZoZoCoin,zozocoin,1229,747024.196995,0.1236477,92367.82176334,253.52857971,2018-05-02T00:00:00.000Z,2018-05-02T23:59:19.000Z,coinmarketcap_data_api_listings_historical
2018-05-02,911,AIB,Advanced Internet Blocks,advanced-internet-blocks,1230,32234319.0,0.00276268,89053.18159516,20.00322914,2018-05-02T00:00:00.000Z,2018-05-02T23:59:05.000Z,coinmarketcap_data_api_listings_historical
2018-05-02,1509,BENJI,BenjiRolls,benjirolls,1231,20276099.146524,0.00434835,88167.49527233,251.24917603,2018-05-02T00:00:00.000Z,2018-05-02T23:59:09.000Z,coinmarketcap_data_api_listings_historical
2018-05-02,1778,UET,Useless Ethereum Token,useless-ethereum-token,1232,3965716.09795462,0.02130626,84494.56174135,415.59222412,2018-05-02T00:00:00.000Z,2018-05-02T23:59:12.000Z,coinmarketcap_data_api_listings_historical
2018-05-02,1885,BAS,BitAsean,bitasean,1233,5000000.0,0.01649517,82475.83173215,234.31832886,2018-05-02T00:00:00.000Z,2018-05-02T23:59:14.000Z,coinmarketcap_data_api_listings_historical
2018-05-02,1439,ASAFE,AllSafe,allsafe,1234,8200310.17690433,0.00958762,78621.46101534,1.00169539,2018-05-02T00:00:00.000Z,2018-05-02T23:59:09.000Z,coinmarketcap_data_api_listings_historical
2018-05-02,1288,DBTC,Debitcoin,debitcoin,1235,17999629.1767828,0.00433287,77989.99900864,7.73896122,2018-05-02T00:00:00.000Z,2018-05-02T23:59:07.000Z,coinmarketcap_data_api_listings_historical
2018-05-02,1897,BLN,Bolenum,bolenum,1236,10000000.0,0.00748262,74826.19490474,10.33473015,2018-05-02T00:00:00.000Z,2018-05-02T23:59:14.000Z,coinmarketcap_data_api_listings_historical
2018-05-02,983,MTLMC3,Metal Music Coin,metal-music-coin,1237,79719140.463331,0.00092189,73492.00647277,7.70273113,2018-05-02T00:00:00.000Z,2018-05-02T23:59:05.000Z,coinmarketcap_data_api_listings_historical
2018-05-02,1943,KRONE,Kronecoin,kronecoin,1238,6530936.88734374,0.01124702,73453.55486388,413.9201355,2018-05-02T00:00:00.000Z,2018-05-02T23:59:14.000Z,coinmarketcap_data_api_listings_historical
2018-05-02,1361,ATX,Artex Coin,artex-coin,1239,18781749.8844428,0.0036966,69428.62053054,209.67323303,2018-05-02T00:00:00.000Z,2018-05-02T23:59:08.000Z,coinmarketcap_data_api_listings_historical
2018-05-02,898,CF,Californium,californium,1240,2444402.81249987,0.02774879,67829.21032917,72.09346771,2018-05-02T00:00:00.000Z,2018-05-02T23:59:05.000Z,coinmarketcap_data_api_listings_historical
2018-05-02,1773,BNX,BnrtxCoin,bnrtxcoin,1241,32652258.2662777,0.00202815,66223.69340533,75.26512146,2018-05-02T00:00:00.000Z,2018-05-02T23:59:16.000Z,coinmarketcap_data_api_listings_historical
2018-05-02,338,QCN,QuazarCoin,quazarcoin-old,1242,7092785.60239298,0.00921887,65387.44007448,34.25730515,2018-05-02T00:00:00.000Z,2018-05-02T23:59:03.000Z,coinmarketcap_data_api_listings_historical
2018-05-02,1547,RIDE,Ride My Car,ride-my-car,1243,101276975.652563,0.00064532,65356.12170233,44.97276306,2018-05-02T00:00:00.000Z,2018-05-02T23:59:10.000Z,coinmarketcap_data_api_listings_historical
2018-05-02,857,SONG,SongCoin,songcoin,1244,32565300.0,0.0019829,64573.75876098,193.58882141,2018-05-02T00:00:00.000Z,2018-05-02T23:59:07.000Z,coinmarketcap_data_api_listings_historical
2018-05-02,1781,SLEVIN,Slevin,slevin,1245,70000000.02447,0.00092189,64532.06124643,166.46708679,2018-05-02T00:00:00.000Z,2018-05-02T23:59:13.000Z,coinmarketcap_data_api_listings_historical
2018-05-02,1602,WORM,WORM,worm,1246,114980487.829642,0.00055313,63599.38450715,476.72174072,2018-05-02T00:00:00.000Z,2018-05-02T23:59:10.000Z,coinmarketcap_data_api_listings_historical
2018-05-02,380,URO,Uro,uro,1247,1207310.4,0.05245126,63324.95215942,0.91620362,2018-05-02T00:00:00.000Z,2018-05-02T12:44:12.000Z,coinmarketcap_data_api_listings_historical
2018-05-02,1139,MND,MindCoin,mindcoin,1248,15867695.0,0.00396411,62901.3223871,7.20196247,2018-05-02T00:00:00.000Z,2018-05-02T23:59:06.000Z,coinmarketcap_data_api_listings_historical
2018-05-02,1187,VIP,VIP Tokens,vip-tokens,1249,83450402.630487,0.00073751,61545.446591,4.600214,2018-05-02T00:00:00.000Z,2018-05-02T23:59:15.000Z,coinmarketcap_data_api_listings_historical
2018-05-02,1394,SH,Shilling,shilling,1250,6655800.0,0.00921887,61358.92835967,19.04654503,2018-05-02T00:00:00.000Z,2018-05-02T23:59:09.000Z,coinmarketcap_data_api_listings_historical
2018-05-02,1166,WARP,WARP,warp,1251,1095224.0,0.05580454,61118.47093853,32.43175125,2018-05-02T00:00:00.000Z,2018-05-02T16:24:06.000Z,coinmarketcap_data_api_listings_historical
2018-05-02,1491,BSTAR,Blackstar,blackstar,1252,630795971.027775,9.219e-05,58152.23552098,404.57086182,2018-05-02T00:00:00.000Z,2018-05-02T23:59:09.000Z,coinmarketcap_data_api_listings_historical
2018-05-02,1613,RBX,Ripto Bux,ripto-bux,1253,381236123.0,0.00014148,53935.73016715,66.83016205,2018-05-02T00:00:00.000Z,2018-05-02T23:59:11.000Z,coinmarketcap_data_api_listings_historical
2018-05-02,2038,POS,PoSToken,postoken,1254,998103.882610406,0.05310067,52999.98279409,226.30241394,2018-05-02T00:00:00.000Z,2018-05-02T23:59:16.000Z,coinmarketcap_data_api_listings_historical
2018-05-02,1519,PRX,Printerium,printerium,1255,11821727.8828,0.00434334,51345.78012702,4.27663183,2018-05-02T00:00:00.000Z,2018-05-02T23:59:09.000Z,coinmarketcap_data_api_listings_historical
2018-05-02,1563,PIE,PIECoin,piecoin,1256,11048355.7360481,0.00442506,48889.59077438,58.64775085,2018-05-02T00:00:00.000Z,2018-05-02T23:59:10.000Z,coinmarketcap_data_api_listings_historical
2018-05-02,1389,ZYD,Zayedcoin,zayedcoin,1257,6243840.00056,0.00774385,48351.34222345,2.89112854,2018-05-02T00:00:00.000Z,2018-05-02T23:59:08.000Z,coinmarketcap_data_api_listings_historical
2018-05-02,2055,EXN,ExchangeN,exchangen,1258,5100000.0,0.00921887,47016.21662825,13.55173302,2018-05-02T00:00:00.000Z,2018-05-02T23:59:16.000Z,coinmarketcap_data_api_listings_historical
2018-05-02,1597,B@,Bankcoin,bankcoin,1259,10291781.26,0.00450971,46412.9753099,20.76259232,2018-05-02T00:00:00.000Z,2018-05-02T23:59:10.000Z,coinmarketcap_data_api_listings_historical
2018-05-02,1743,KNC,KingN Coin,kingn-coin,1260,2009.0370017,23.02531624,46258.7122988,100.40727997,2018-05-02T00:00:00.000Z,2018-05-02T23:59:12.000Z,coinmarketcap_data_api_listings_historical
2018-05-02,1310,DLISK,DAPPSTER,dappster,1261,100000000.0,0.00046094,46094.32944562,7.01583338,2018-05-02T00:00:00.000Z,2018-05-02T23:59:08.000Z,coinmarketcap_data_api_listings_historical
2018-05-02,2115,PEC,PlayerCoin,playercoin,1262,35120000.0045,0.00119845,42089.6534955,8.29734802,2018-05-02T00:00:00.000Z,2018-05-02T23:59:18.000Z,coinmarketcap_data_api_listings_historical
2018-05-02,1570,GEERT,GeertCoin,geertcoin,1263,5091199.615,0.00811145,41297.00107314,81.00405884,2018-05-02T00:00:00.000Z,2018-05-02T23:59:10.000Z,coinmarketcap_data_api_listings_historical
2018-05-02,1496,LUNA,Luna Coin,luna-coin,1264,1706429.49506231,0.02372611,40486.92973086,110.58628845,2018-05-02T00:00:00.000Z,2018-05-02T23:59:09.000Z,coinmarketcap_data_api_listings_historical
2018-05-02,1018,BIOS,BiosCrypto,bios-crypto,1265,20821709.0153291,0.00193596,40310.0326957,287.8729248,2018-05-02T00:00:00.000Z,2018-05-02T23:59:05.000Z,coinmarketcap_data_api_listings_historical
2018-05-02,993,BSC,BowsCoin,bowscoin,1266,5550102.41646465,0.00719072,39909.2075924,1.79767883,2018-05-02T00:00:00.000Z,2018-05-02T23:59:05.000Z,coinmarketcap_data_api_listings_historical
2018-05-02,1368,VLT,Veltor,veltor,1267,554855.0,0.07107746,39437.68326957,15.84861279,2018-05-02T00:00:00.000Z,2018-05-02T23:59:08.000Z,coinmarketcap_data_api_listings_historical
2018-05-02,938,ARB,ARbit,arbit,1268,8203320.0,0.0047296,38798.40446491,18.54193497,2018-05-02T00:00:00.000Z,2018-05-02T15:14:06.000Z,coinmarketcap_data_api_listings_historical
2018-05-02,1544,CWXT,CryptoWorldX Token,cryptoworldx-token,1269,59630200.0,0.00064532,38480.5982132,51.95734406,2018-05-02T00:00:00.000Z,2018-05-02T23:59:10.000Z,coinmarketcap_data_api_listings_historical
2018-05-02,1534,BOAT,BOAT,doubloon,1270,18547845.1,0.00202815,37617.82101609,42.08670425,2018-05-02T00:00:00.000Z,2018-05-02T23:59:10.000Z,coinmarketcap_data_api_listings_historical
2018-05-02,2150,CRDNC,Credence Coin,credence-coin,1271,3427006.1759109,0.01091433,37403.48077805,42.88228989,2018-05-02T00:00:00.000Z,2018-05-02T23:59:18.000Z,coinmarketcap_data_api_listings_historical
2018-05-02,1576,MILO,MiloCoin,milocoin,1272,10789953.7140508,0.00337185,36382.05649994,23.40568542,2018-05-02T00:00:00.000Z,2018-05-02T23:59:11.000Z,coinmarketcap_data_api_listings_historical
2018-05-02,1528,ICON,Iconic,iconic,1273,592893.53,0.05882622,34877.6848117,380.8125,2018-05-02T00:00:00.000Z,2018-05-02T23:59:10.000Z,coinmarketcap_data_api_listings_historical
2018-05-02,1309,LIR,LetItRide,letitride,1274,37120488.425515,0.00092189,34220.88045336,27.14605713,2018-05-02T00:00:00.000Z,2018-05-02T23:59:07.000Z,coinmarketcap_data_api_listings_historical
2018-05-02,1155,LTCR,Litecred,litecred,1275,30227750.0256,0.00109955,33236.99791483,3.25531673,2018-05-02T00:00:00.000Z,2018-05-02T10:39:06.000Z,coinmarketcap_data_api_listings_historical
2018-05-02,1347,ZNE,Zonecoin,zonecoin,1276,2581970.38365409,0.01281422,33085.94625417,21.7765274,2018-05-02T00:00:00.000Z,2018-05-02T23:59:08.000Z,coinmarketcap_data_api_listings_historical
2018-05-02,1621,TOR,Torcoin,torcoin-tor,1277,316178.50000589,0.10103877,31946.2863893,45.95632172,2018-05-02T00:00:00.000Z,2018-05-02T23:59:11.000Z,coinmarketcap_data_api_listings_historical
2018-05-02,1052,VEC2,VectorAI,vector,1278,17214091.9978,0.00184377,31738.88110615,11.34630394,2018-05-02T00:00:00.000Z,2018-05-02T23:59:06.000Z,coinmarketcap_data_api_listings_historical
2018-05-02,1822,RSGP,RSGPcoin,rsgpcoin,1279,1730.70429709,16.77833557,29038.33747125,151.5655365,2018-05-02T00:00:00.000Z,2018-05-02T23:59:13.000Z,coinmarketcap_data_api_listings_historical
2018-05-02,1438,IMPS,ImpulseCoin,impulsecoin,1280,20245510.0266215,0.00136869,27709.74091111,115.84008026,2018-05-02T00:00:00.000Z,2018-05-02T18:44:09.000Z,coinmarketcap_data_api_listings_historical
2018-05-02,1096,OS76,OsmiumCoin,osmiumcoin,1281,894026.0,0.02968475,26538.93696298,27.9138031,2018-05-02T00:00:00.000Z,2018-05-02T23:59:06.000Z,coinmarketcap_data_api_listings_historical
2018-05-02,831,WBB,Wild Beast Block,wild-beast-block,1282,181919.2435974,0.14280023,25978.10924637,47.33057785,2018-05-02T00:00:00.000Z,2018-05-02T23:59:05.000Z,coinmarketcap_data_api_listings_historical
2018-05-02,1485,DOLLAR,Dollar International,dollar-international,1283,753776.04646255,0.03014569,22723.10031333,3.81358862,2018-05-02T00:00:00.000Z,2018-05-02T23:59:09.000Z,coinmarketcap_data_api_listings_historical
2018-05-02,263,PLNC,PLNcoin,plncoin,1284,17089600.0,0.00129064,22056.54286668,60.90729523,2018-05-02T00:00:00.000Z,2018-05-02T23:59:03.000Z,coinmarketcap_data_api_listings_historical
2018-05-02,1209,PEX,PosEx,posex,1285,2453240.13869128,0.00897968,22029.3068799,4.48974752,2018-05-02T00:00:00.000Z,2018-05-02T10:39:07.000Z,coinmarketcap_data_api_listings_historical
2018-05-02,994,ACP,AnarchistsPrime,anarchistsprime,1286,4394873.8010189,0.00467226,20533.97270428,17.8572197,2018-05-02T00:00:00.000Z,2018-05-02T23:59:06.000Z,coinmarketcap_data_api_listings_historical
2018-05-02,1657,VOLT,Bitvolt,bitvolt,1287,16588055.5996135,0.00119845,19879.99750178,77.80713654,2018-05-02T00:00:00.000Z,2018-05-02T23:59:11.000Z,coinmarketcap_data_api_listings_historical
2018-05-02,1558,ARGUS,Argus,argus,1288,1148324.048,0.01632521,18746.63683286,269.11026001,2018-05-02T00:00:00.000Z,2018-05-02T23:59:10.000Z,coinmarketcap_data_api_listings_historical
2018-05-02,1539,ELS,Elysium,elysium,1289,4005012.07735968,0.00377973,15137.88412602,7.9351387,2018-05-02T00:00:00.000Z,2018-05-02T23:59:10.000Z,coinmarketcap_data_api_listings_historical
2018-05-02,1579,BIOB,BioBar,biobar,1290,885756.274,0.0162252,14371.57612631,230.77125549,2018-05-02T00:00:00.000Z,2018-05-02T23:59:10.000Z,coinmarketcap_data_api_listings_historical
2018-05-02,1738,COUPE,Coupecoin,coupecoin,1291,218281462.450906,5.879e-05,12833.68504243,354.99761963,2018-05-02T00:00:00.000Z,2018-05-02T23:59:12.000Z,coinmarketcap_data_api_listings_historical
2018-05-02,1515,IBANK,iBank,ibank,1292,4526324.0,0.00273866,12396.07920558,99.54769135,2018-05-02T00:00:00.000Z,2018-05-02T20:09:10.000Z,coinmarketcap_data_api_listings_historical
2018-05-02,1774,SOCC,SocialCoin,socialcoin-socc,1293,1384878.63473447,0.00792822,10979.62841742,193.22097778,2018-05-02T00:00:00.000Z,2018-05-02T23:59:13.000Z,coinmarketcap_data_api_listings_historical
2018-05-02,1632,CONX,Concoin,concoin,1294,744265.71135655,0.01355173,10086.089848,53.51514816,2018-05-02T00:00:00.000Z,2018-05-02T23:59:11.000Z,coinmarketcap_data_api_listings_historical
2018-05-02,865,SLFI,Selfiecoin,selfiecoin,1295,107829280.730784,9.219e-05,9940.63693669,29.40421867,2018-05-02T00:00:00.000Z,2018-05-02T23:59:05.000Z,coinmarketcap_data_api_listings_historical
2018-05-02,884,P7C,P7Coin,p7coin,1296,35220238.0,0.00027657,9740.71993117,313.44143677,2018-05-02T00:00:00.000Z,2018-05-02T23:59:05.000Z,coinmarketcap_data_api_listings_historical
2018-05-02,1479,NODC,NodeCoin,nodecoin,1297,1678439.03711966,0.00565513,9491.79313861,9.7774477,2018-05-02T00:00:00.000Z,2018-05-02T20:14:09.000Z,coinmarketcap_data_api_listings_historical
2018-05-02,1846,GSR,GeyserCoin,geysercoin,1298,46863.9,0.18161166,8511.03053917,320.0753479,2018-05-02T00:00:00.000Z,2018-05-02T23:59:13.000Z,coinmarketcap_data_api_listings_historical
2018-05-02,1568,LVPS,LevoPlus,levoplus,1299,2052712.07191704,0.00193596,3973.97210157,174.45579529,2018-05-02T00:00:00.000Z,2018-05-02T23:59:10.000Z,coinmarketcap_data_api_listings_historical
2018-05-02,1114,DGCS,Digital Credits,digital-credits,1300,5826388.00984588,0.00036875,2148.50762114,51.17982483,2018-05-02T00:00:00.000Z,2018-05-02T23:59:06.000Z,coinmarketcap_data_api_listings_historical
2018-05-02,1355,PIZZA,PizzaCoin,pizzacoin,1301,1377917.18436082,0.00110626,1524.34011164,61.46475983,2018-05-02T00:00:00.000Z,2018-05-02T23:59:08.000Z,coinmarketcap_data_api_listings_historical
2018-05-02,1634,EBT,Ebittree Coin,ebittree-coin,1302,1264510.7069,0.0008297,1049.16192337,29.84635544,2018-05-02T00:00:00.000Z,2018-05-02T23:59:11.000Z,coinmarketcap_data_api_listings_historical
2018-05-02,2224,AI,POLY AI,poly-ai,1303,2281981.07605701,0.00027657,631.11835162,128.14222717,2018-05-02T00:00:00.000Z,2018-05-02T23:59:19.000Z,coinmarketcap_data_api_listings_historical
2018-05-02,1411,CALC,CaliphCoin,caliphcoin,1304,6651807.52976999,9.219e-05,613.22122505,179.94654846,2018-05-02T00:00:00.000Z,2018-05-02T23:59:08.000Z,coinmarketcap_data_api_listings_historical
2018-05-02,2353,CEFS,CryptopiaFeeShares,cryptopiafeeshares,1305,,2102.96704102,0.0,7996.46630859,2018-05-02T00:00:00.000Z,2018-05-02T23:59:21.000Z,coinmarketcap_data_api_listings_historical
2018-05-02,1631,XOT,Internet of Things,internet-of-things,1306,,1013.15313721,0.0,17337.1796875,2018-05-02T00:00:00.000Z,2018-05-02T23:59:11.000Z,coinmarketcap_data_api_listings_historical
2018-05-02,2396,WETH,WETH,weth,1307,,706.14697266,0.0,516111.5625,2018-05-02T00:00:00.000Z,2018-05-02T23:59:21.000Z,coinmarketcap_data_api_listings_historical
2018-05-02,643,UNITY,SuperNET,supernet-unity,1308,,128.53944397,0.0,93.6579895,2018-05-02T00:00:00.000Z,2018-05-02T23:59:04.000Z,coinmarketcap_data_api_listings_historical
2018-05-02,2335,LBTC,Lightning Bitcoin,lightning-bitcoin,1309,,119.99897766,0.0,1539235.375,2018-05-02T00:00:00.000Z,2018-05-02T23:59:20.000Z,coinmarketcap_data_api_listings_historical
2018-05-02,1256,ABC,Alphabit,alphabitcoinfund,1310,,55.09850693,0.0,8161.90380859,2018-05-02T00:00:00.000Z,2018-05-02T23:59:07.000Z,coinmarketcap_data_api_listings_historical
2018-05-02,2370,GOD,Bitcoin God,bitcoin-god,1311,,49.98617935,0.0,35052.6328125,2018-05-02T00:00:00.000Z,2018-05-02T23:59:21.000Z,coinmarketcap_data_api_listings_historical
2018-05-02,2114,BT2,BT2 [CST],bt2-cst,1312,,41.66927338,0.0,279.35498047,2018-05-02T00:00:00.000Z,2018-05-02T23:59:18.000Z,coinmarketcap_data_api_listings_historical
2018-05-02,1706,ADK,Aidos Kuneen,aidos-kuneen,1313,,27.19565392,0.0,1085606.625,2018-05-02T00:00:00.000Z,2018-05-02T23:59:11.000Z,coinmarketcap_data_api_listings_historical
2018-05-02,2282,SBTC,Super Bitcoin,super-bitcoin,1314,,21.03531265,0.0,943967.25,2018-05-02T00:00:00.000Z,2018-05-02T23:59:19.000Z,coinmarketcap_data_api_listings_historical
2018-05-02,2293,UBTC,United Bitcoin,united-bitcoin,1315,,14.72959518,0.0,1011404.8125,2018-05-02T00:00:00.000Z,2018-05-02T23:59:19.000Z,coinmarketcap_data_api_listings_historical
2018-05-02,2280,FIL,Filecoin [Futures],filecoin,1316,,14.49454975,0.0,1050699.875,2018-05-02T00:00:00.000Z,2018-05-02T23:59:19.000Z,coinmarketcap_data_api_listings_historical
2018-05-02,2655,XMC,Monero Classic,monero-classic,1317,,12.60255718,0.0,2579023.25,2018-05-02T00:00:00.000Z,2018-05-02T23:59:24.000Z,coinmarketcap_data_api_listings_historical
2018-05-02,2632,XMO,Monero Original,monero-original,1318,,12.12099838,0.0,267171.40625,2018-05-02T00:00:00.000Z,2018-05-02T23:59:24.000Z,coinmarketcap_data_api_listings_historical
2018-05-02,2403,MOAC,MOAC,moac,1319,,10.27658558,0.0,6828347.0,2018-05-02T00:00:00.000Z,2018-05-02T23:59:21.000Z,coinmarketcap_data_api_listings_historical
2018-05-02,1809,TER,TerraNova,terranova,1320,,9.77211285,0.0,748.69702148,2018-05-02T00:00:00.000Z,2018-05-02T23:59:13.000Z,coinmarketcap_data_api_listings_historical
2018-05-02,1497,FRGC,Fargocoin,fargocoin,1321,,8.58105373,0.0,990935.375,2018-05-02T00:00:00.000Z,2018-05-02T23:59:09.000Z,coinmarketcap_data_api_listings_historical
2018-05-02,2091,XUC,Exchange Union,exchange-union,1322,,6.83313656,0.0,1706737.5,2018-05-02T00:00:00.000Z,2018-05-02T23:59:17.000Z,coinmarketcap_data_api_listings_historical
2018-05-02,2011,XTZ,Tezos,tezos,1323,,3.71283627,0.0,321434.90625,2018-05-02T00:00:00.000Z,2018-05-02T23:59:16.000Z,coinmarketcap_data_api_listings_historical
2018-05-02,1647,TLE,Tattoocoin (Limited Edition),tattoocoin-limited,1324,,3.68671656,0.0,347.61474609,2018-05-02T00:00:00.000Z,2018-05-02T23:59:11.000Z,coinmarketcap_data_api_listings_historical
2018-05-02,1910,ATMC,ATMCoin,atmcoin,1325,,2.79066324,0.0,4046905.75,2018-05-02T00:00:00.000Z,2018-05-02T23:59:14.000Z,coinmarketcap_data_api_listings_historical
2018-05-02,2693,LRN,Loopring [NEO],loopring-neo,1326,,2.33761144,0.0,5513076.5,2018-05-02T00:00:00.000Z,2018-05-02T23:59:24.000Z,coinmarketcap_data_api_listings_historical
2018-05-02,2324,ONE,BigONE Token,bigone-token,1327,,2.01837587,0.0,251946.046875,2018-05-02T00:00:00.000Z,2018-05-02T23:59:19.000Z,coinmarketcap_data_api_listings_historical
2018-05-02,1707,STEX,STEX,stex,1328,,1.9029206,0.0,300.17825317,2018-05-02T00:00:00.000Z,2018-05-02T23:59:11.000Z,coinmarketcap_data_api_listings_historical
2018-05-02,1264,TESLA,TeslaCoilCoin,teslacoilcoin,1329,,1.19319785,0.0,6961.55273438,2018-05-02T00:00:00.000Z,2018-05-02T23:59:07.000Z,coinmarketcap_data_api_listings_historical
2018-05-02,2596,CKUSD,CK USD,ckusd,1330,,0.98420888,0.0,131294376.0,2018-05-02T00:00:00.000Z,2018-05-02T23:59:23.000Z,coinmarketcap_data_api_listings_historical
2018-05-02,2072,B2X,SegWit2x,segwit2x,1331,,0.97671378,0.0,43386.62109375,2018-05-02T00:00:00.000Z,2018-05-02T23:59:17.000Z,coinmarketcap_data_api_listings_historical
2018-05-02,549,SJCX,Storjcoin X,storjcoin-x,1332,,0.84287179,0.0,864.02783203,2018-05-02T00:00:00.000Z,2018-05-02T23:59:04.000Z,coinmarketcap_data_api_listings_historical
2018-05-02,2016,MCR,Macro,macro1,1333,,0.84024507,0.0,5573.25146484,2018-05-02T00:00:00.000Z,2018-05-02T23:59:16.000Z,coinmarketcap_data_api_listings_historical
2018-05-02,2593,DRG,Dragon Coins,dragon-coins,1334,,0.83888358,0.0,4823125.0,2018-05-02T00:00:00.000Z,2018-05-02T23:59:23.000Z,coinmarketcap_data_api_listings_historical
2018-05-02,2262,CMS,COMSA [ETH],comsa-eth,1335,,0.70739341,0.0,340592.78125,2018-05-02T00:00:00.000Z,2018-05-02T23:59:19.000Z,coinmarketcap_data_api_listings_historical
2018-05-02,2266,CMS,COMSA [XEM],comsa-xem,1336,,0.70579135,0.0,351014.78125,2018-05-02T00:00:00.000Z,2018-05-02T23:59:19.000Z,coinmarketcap_data_api_listings_historical
2018-05-02,2201,WC,WINCOIN,win-coin,1337,,0.67380691,0.0,199242.5,2018-05-02T00:00:00.000Z,2018-05-02T23:59:18.000Z,coinmarketcap_data_api_listings_historical
2018-05-02,2536,NTK,Neurotoken,neurotoken,1338,,0.57836461,0.0,972965.5,2018-05-02T00:00:00.000Z,2018-05-02T23:59:22.000Z,coinmarketcap_data_api_listings_historical
2018-05-02,344,QORA,Qora,qora,1339,,0.55735201,0.0,35.02431488,2018-05-02T00:00:00.000Z,2018-05-02T23:59:03.000Z,coinmarketcap_data_api_listings_historical
2018-05-02,2433,IPC,IPChain,ipchain,1340,,0.51322865,0.0,637833.375,2018-05-02T00:00:00.000Z,2018-05-02T23:59:21.000Z,coinmarketcap_data_api_listings_historical
2018-05-02,2140,SONO,SONO,altcommunity-coin,1341,,0.50971109,0.0,1772.49060059,2018-05-02T00:00:00.000Z,2018-05-02T23:59:18.000Z,coinmarketcap_data_api_listings_historical
2018-05-02,2635,TDS,TokenDesk,tokendesk,1342,,0.50025469,0.0,92274.4375,2018-05-02T00:00:00.000Z,2018-05-02T23:59:24.000Z,coinmarketcap_data_api_listings_historical
2018-05-02,2636,BBI,BelugaPay,belugapay,1343,,0.48973739,0.0,306279.3125,2018-05-02T00:00:00.000Z,2018-05-02T23:59:24.000Z,coinmarketcap_data_api_listings_historical
2018-05-02,1135,CLUB,ClubCoin,clubcoin,1344,,0.4885999,0.0,7381.35205078,2018-05-02T00:00:00.000Z,2018-05-02T23:59:06.000Z,coinmarketcap_data_api_listings_historical
2018-05-02,2371,UTT,United Traders Token,uttoken,1345,,0.44750336,0.0,441.5189209,2018-05-02T00:00:00.000Z,2018-05-02T23:59:20.000Z,coinmarketcap_data_api_listings_historical
2018-05-02,2441,MOF,Molecular Future,molecular-future,1346,,0.40618688,0.0,2329104.25,2018-05-02T00:00:00.000Z,2018-05-02T23:59:22.000Z,coinmarketcap_data_api_listings_historical
2018-05-02,2676,PHI,PHI Token,phi-token,1347,,0.40575159,0.0,27263.56054688,2018-05-02T00:00:00.000Z,2018-05-02T23:59:24.000Z,coinmarketcap_data_api_listings_historical
2018-05-02,1360,THS,TechShares,techshares,1348,,0.40280214,0.0,28802.81640625,2018-05-02T00:00:00.000Z,2018-05-02T23:59:08.000Z,coinmarketcap_data_api_listings_historical
2018-05-02,1663,TOPAZ,Topaz Coin,topaz,1349,,0.36553997,0.0,119.55541992,2018-05-02T00:00:00.000Z,2018-05-02T16:49:11.000Z,coinmarketcap_data_api_listings_historical
2018-05-02,2689,RBLX,Rublix,rublix,1350,,0.36530808,0.0,952134.0625,2018-05-02T00:00:00.000Z,2018-05-02T23:59:24.000Z,coinmarketcap_data_api_listings_historical
2018-05-02,2455,PRS,PressOne,pressone,1351,,0.3591468,0.0,270274.625,2018-05-02T00:00:00.000Z,2018-05-02T23:59:22.000Z,coinmarketcap_data_api_listings_historical
2018-05-02,2671,CROP,Cropcoin,cropcoin,1352,,0.34912291,0.0,74140.8671875,2018-05-02T00:00:00.000Z,2018-05-02T23:59:24.000Z,coinmarketcap_data_api_listings_historical
2018-05-02,2605,BFT,BnkToTheFuture,bnktothefuture,1353,,0.34642673,0.0,5036609.5,2018-05-02T00:00:00.000Z,2018-05-02T23:59:24.000Z,coinmarketcap_data_api_listings_historical
2018-05-02,2101,ELITE,Ethereum Lite,ethereum-lite,1354,,0.31168985,0.0,529.50860596,2018-05-02T00:00:00.000Z,2018-05-02T23:59:17.000Z,coinmarketcap_data_api_listings_historical
2018-05-02,2532,ECH,Etherecash,etherecash,1355,,0.28429377,0.0,182210.1875,2018-05-02T00:00:00.000Z,2018-05-02T23:59:22.000Z,coinmarketcap_data_api_listings_historical
2018-05-02,2687,XES,Proxeus,proxeus,1356,,0.26578426,0.0,664143.75,2018-05-02T00:00:00.000Z,2018-05-02T23:59:24.000Z,coinmarketcap_data_api_listings_historical
2018-05-02,2637,FID,Fidelium,fidelium,1357,,0.24058129,0.0,478372.53125,2018-05-02T00:00:00.000Z,2018-05-02T23:59:24.000Z,coinmarketcap_data_api_listings_historical
2018-05-02,1045,DCRE,DeltaCredits,deltacredits,1358,,0.23102477,0.0,0.92409909,2018-05-02T00:00:00.000Z,2018-05-02T23:59:05.000Z,coinmarketcap_data_api_listings_historical
2018-05-02,2515,ACC,ACChain,acchain,1359,,0.21656539,0.0,2760.11889648,2018-05-02T00:00:00.000Z,2018-05-02T23:59:22.000Z,coinmarketcap_data_api_listings_historical
2018-05-02,2694,NEXO,Nexo,nexo,1360,,0.21622413,0.0,2446444.75,2018-05-02T00:00:00.000Z,2018-05-02T23:59:25.000Z,coinmarketcap_data_api_listings_historical
2018-05-02,2684,APH,Aphelion,aphelion,1361,,0.20413798,0.0,68841.734375,2018-05-02T00:00:00.000Z,2018-05-02T23:59:24.000Z,coinmarketcap_data_api_listings_historical
2018-05-02,1952,MAGN,Magnetcoin,magnetcoin,1362,,0.20355256,0.0,29.15058899,2018-05-02T00:00:00.000Z,2018-05-02T23:59:14.000Z,coinmarketcap_data_api_listings_historical
2018-05-02,2640,WIN,WCOIN,wawllet,1363,,0.1795343,0.0,77307.5234375,2018-05-02T00:00:00.000Z,2018-05-02T23:59:24.000Z,coinmarketcap_data_api_listings_historical
2018-05-02,2049,COR,CORION,corion,1364,,0.17875381,0.0,339.12957764,2018-05-02T00:00:00.000Z,2018-05-02T23:59:16.000Z,coinmarketcap_data_api_listings_historical
2018-05-02,2696,DAX,DAEX,daex,1365,,0.1755489,0.0,817699.5625,2018-05-02T00:00:00.000Z,2018-05-02T23:59:24.000Z,coinmarketcap_data_api_listings_historical
2018-05-02,2412,HC,Harvest Masternode Coin,harvest-masternode-coin,1366,,0.17518874,0.0,2374.83959961,2018-05-02T00:00:00.000Z,2018-05-02T23:59:21.000Z,coinmarketcap_data_api_listings_historical
2018-05-02,2659,DIG,Dignity,dignity,1367,,0.17514855,0.0,4087932.5,2018-05-02T00:00:00.000Z,2018-05-02T23:59:24.000Z,coinmarketcap_data_api_listings_historical
2018-05-02,2685,ZEBI,Zebi Token,zebi-token,1368,,0.17230181,0.0,6375011.5,2018-05-02T00:00:00.000Z,2018-05-02T23:59:24.000Z,coinmarketcap_data_api_listings_historical
2018-05-02,2679,DML,Decentralized Machine Learning,decentralized-machine-learning,1369,,0.16423687,0.0,76154.5625,2018-05-02T00:00:00.000Z,2018-05-02T23:59:25.000Z,coinmarketcap_data_api_listings_historical
2018-05-02,2644,EOSDAC,eosDAC,eosdac,1370,,0.16334121,0.0,4088722.5,2018-05-02T00:00:00.000Z,2018-05-02T23:59:24.000Z,coinmarketcap_data_api_listings_historical
2018-05-02,1871,BITCF,First Bitcoin Capital,first-bitcoin-capital,1371,,0.1576426,0.0,5162.56494141,2018-05-02T00:00:00.000Z,2018-05-02T23:59:16.000Z,coinmarketcap_data_api_listings_historical
2018-05-02,2379,KCASH,Kcash,kcash,1372,,0.14650135,0.0,6235071.0,2018-05-02T00:00:00.000Z,2018-05-02T23:59:20.000Z,coinmarketcap_data_api_listings_historical
2018-05-02,2480,HLC,Qitmeer,qitmeer,1373,,0.14613482,0.0,574319.3125,2018-05-02T00:00:00.000Z,2018-05-02T23:59:22.000Z,coinmarketcap_data_api_listings_historical
2018-05-02,1795,XID,Sphere Identity,sphere-identity,1374,,0.14380454,0.0,100604.3203125,2018-05-02T00:00:00.000Z,2018-05-02T23:59:13.000Z,coinmarketcap_data_api_listings_historical
2018-05-02,1400,OMC,Omicron,omicron,1375,,0.14357568,0.0,124.60983276,2018-05-02T00:00:00.000Z,2018-05-02T18:39:09.000Z,coinmarketcap_data_api_listings_historical
2018-05-02,2427,CHAT,ChatCoin,chatcoin,1376,,0.14014502,0.0,5704107.0,2018-05-02T00:00:00.000Z,2018-05-02T23:59:21.000Z,coinmarketcap_data_api_listings_historical
2018-05-02,2695,VME,TrueVett,truevett,1377,,0.13739099,0.0,95403.6484375,2018-05-02T00:00:00.000Z,2018-05-02T23:59:24.000Z,coinmarketcap_data_api_listings_historical
2018-05-02,337,CRYPT,CryptCoin,cryptcoin,1378,,0.13314794,0.0,4.58414555,2018-05-02T00:00:00.000Z,2018-05-02T16:49:09.000Z,coinmarketcap_data_api_listings_historical
2018-05-02,2651,GRMD,GreenMed,greenmed,1379,,0.13277915,0.0,20080.53125,2018-05-02T00:00:00.000Z,2018-05-02T23:59:24.000Z,coinmarketcap_data_api_listings_historical
2018-05-02,217,BELA,Bela,belacoin,1380,,0.12758911,0.0,98183.5234375,2018-05-02T00:00:00.000Z,2018-05-02T23:59:02.000Z,coinmarketcap_data_api_listings_historical
2018-05-02,2639,ATC,Arbitracoin,arbitracoin,1381,,0.11800148,0.0,264435.125,2018-05-02T00:00:00.000Z,2018-05-02T23:59:24.000Z,coinmarketcap_data_api_listings_historical
2018-05-02,2438,AAC,Acute Angle Cloud,acute-angle-cloud,1382,,0.11334094,0.0,3444236.25,2018-05-02T00:00:00.000Z,2018-05-02T23:59:21.000Z,coinmarketcap_data_api_listings_historical
2018-05-02,2448,SPK,SparksPay,sparkspay,1383,,0.11104796,0.0,625.25811768,2018-05-02T00:00:00.000Z,2018-05-02T23:59:21.000Z,coinmarketcap_data_api_listings_historical
2018-05-02,1487,PCS,Pabyosi Coin (Special),pabyosi-coin-special,1384,,0.10879154,0.0,22063.6640625,2018-05-02T00:00:00.000Z,2018-05-02T23:59:09.000Z,coinmarketcap_data_api_listings_historical
2018-05-02,1971,IQT,iQuant,iquant,1385,,0.10877375,0.0,12999975.0,2018-05-02T00:00:00.000Z,2018-05-02T23:59:15.000Z,coinmarketcap_data_api_listings_historical
2018-05-02,2683,TRAK,TrakInvest,trakinvest,1386,,0.10625878,0.0,388610.65625,2018-05-02T00:00:00.000Z,2018-05-02T23:59:24.000Z,coinmarketcap_data_api_listings_historical
2018-05-02,2432,STC,StarChain,starchain,1387,,0.10610113,0.0,3054184.75,2018-05-02T00:00:00.000Z,2018-05-02T23:59:21.000Z,coinmarketcap_data_api_listings_historical
2018-05-02,1898,SMOKE,Smoke,smoke,1388,,0.10366237,0.0,67.00559998,2018-05-02T00:00:00.000Z,2018-05-02T23:59:14.000Z,coinmarketcap_data_api_listings_historical
2018-05-02,2420,NOX,Nitro,nitro,1389,,0.10302737,0.0,299.70599365,2018-05-02T00:00:00.000Z,2018-05-02T23:59:21.000Z,coinmarketcap_data_api_listings_historical
2018-05-02,1216,EDRC,EDRCoin,edrcoin,1390,,0.10242058,0.0,7100.28955078,2018-05-02T00:00:00.000Z,2018-05-02T23:59:07.000Z,coinmarketcap_data_api_listings_historical
2018-05-02,2488,VLC,ValueChain,valuechain,1391,,0.10103289,0.0,417595.59375,2018-05-02T00:00:00.000Z,2018-05-02T23:59:22.000Z,coinmarketcap_data_api_listings_historical
2018-05-02,2487,EPC,Electronic PK Chain,electronic-pk-chain,1392,,0.09205367,0.0,533744.9375,2018-05-02T00:00:00.000Z,2018-05-02T23:59:22.000Z,coinmarketcap_data_api_listings_historical
2018-05-02,1542,GBG,Golos Gold,golos-gold,1393,,0.09113634,0.0,26856.86914063,2018-05-02T00:00:00.000Z,2018-05-02T23:59:10.000Z,coinmarketcap_data_api_listings_historical
2018-05-02,2669,MRK,MARK.SPACE,mark-space,1394,,0.08542599,0.0,393362.875,2018-05-02T00:00:00.000Z,2018-05-02T23:59:24.000Z,coinmarketcap_data_api_listings_historical
2018-05-02,1352,GARY,President Johnson,president-johnson,1395,,0.08232448,0.0,4333.10839844,2018-05-02T00:00:00.000Z,2018-05-02T23:59:08.000Z,coinmarketcap_data_api_listings_historical
2018-05-02,2657,BRM,BrahmaOS,brahmaos,1396,,0.08182977,0.0,24085.78125,2018-05-02T00:00:00.000Z,2018-05-02T23:59:24.000Z,coinmarketcap_data_api_listings_historical
2018-05-02,2470,MEET,CoinMeet,coinmeet,1397,,0.07864423,0.0,9296097.0,2018-05-02T00:00:00.000Z,2018-05-02T23:59:22.000Z,coinmarketcap_data_api_listings_historical
2018-05-02,2004,HDLB,HODL Bucks,hodl-bucks,1398,,0.07725409,0.0,679.96704102,2018-05-02T00:00:00.000Z,2018-05-02T23:59:16.000Z,coinmarketcap_data_api_listings_historical
2018-05-02,2663,KST,StarCoin,starcointv,1399,,0.07232871,0.0,1523772.375,2018-05-02T00:00:00.000Z,2018-05-02T23:59:24.000Z,coinmarketcap_data_api_listings_historical
2018-05-02,1624,ATMOS,Atmos,atmos,1400,,0.06997119,0.0,10393.88574219,2018-05-02T00:00:00.000Z,2018-05-02T23:59:11.000Z,coinmarketcap_data_api_listings_historical
2018-05-02,2697,HADE,Hade Platform,hade-platform,1401,,0.06712845,0.0,91725.953125,2018-05-02T00:00:00.000Z,2018-05-02T23:59:24.000Z,coinmarketcap_data_api_listings_historical
2018-05-02,2439,SSC,SelfSell,selfsell,1402,,0.06462026,0.0,1030093.6875,2018-05-02T00:00:00.000Z,2018-05-02T23:59:22.000Z,coinmarketcap_data_api_listings_historical
2018-05-02,1851,ERA,ERA,blakestar,1403,,0.06300035,0.0,8722.05859375,2018-05-02T00:00:00.000Z,2018-05-02T23:59:14.000Z,coinmarketcap_data_api_listings_historical
2018-05-02,1146,AV,AvatarCoin,avatarcoin,1404,,0.0609367,0.0,393.88803101,2018-05-02T00:00:00.000Z,2018-05-02T23:59:07.000Z,coinmarketcap_data_api_listings_historical
2018-05-02,2376,TOPC,TopChain,topchain,1405,,0.05858455,0.0,5930207.5,2018-05-02T00:00:00.000Z,2018-05-02T23:59:21.000Z,coinmarketcap_data_api_listings_historical
2018-05-02,2618,SCC,StockChain,stockchain,1406,,0.05690806,0.0,644912.375,2018-05-02T00:00:00.000Z,2018-05-02T23:59:24.000Z,coinmarketcap_data_api_listings_historical
2018-05-02,2607,AMLT,AMLT,amlt,1407,,0.05402748,0.0,500296.375,2018-05-02T00:00:00.000Z,2018-05-02T23:59:23.000Z,coinmarketcap_data_api_listings_historical
2018-05-02,2018,ETT,EncryptoTel [ETH],encryptotel-eth,1408,,0.05137358,0.0,245.65200806,2018-05-02T00:00:00.000Z,2018-05-02T23:59:16.000Z,coinmarketcap_data_api_listings_historical
2018-05-02,2654,BUBO,Budbo,budbo,1409,,0.05048488,0.0,65708.1171875,2018-05-02T00:00:00.000Z,2018-05-02T23:59:24.000Z,coinmarketcap_data_api_listings_historical
2018-05-02,2385,CLD,Cloud,cloud,1410,,0.04998532,0.0,870.21783447,2018-05-02T00:00:00.000Z,2018-05-02T23:59:21.000Z,coinmarketcap_data_api_listings_historical
2018-05-02,2406,IDT,InvestDigital,investdigital,1411,,0.04845007,0.0,34684.4921875,2018-05-02T00:00:00.000Z,2018-05-02T23:59:21.000Z,coinmarketcap_data_api_listings_historical
2018-05-02,2247,BCDN,BlockCDN,blockcdn,1412,,0.04605564,0.0,526276.1875,2018-05-02T00:00:00.000Z,2018-05-02T23:59:19.000Z,coinmarketcap_data_api_listings_historical
2018-05-02,2000,MCI,Musiconomi,musiconomi,1413,,0.0447115,0.0,2014.75427246,2018-05-02T00:00:00.000Z,2018-05-02T23:59:15.000Z,coinmarketcap_data_api_listings_historical
2018-05-02,2454,UIP,UnlimitedIP,unlimitedip,1414,,0.04458961,0.0,44693.1484375,2018-05-02T00:00:00.000Z,2018-05-02T23:59:22.000Z,coinmarketcap_data_api_listings_historical
2018-05-02,1164,FRN,Francs,francs,1415,,0.04403916,0.0,624.77435303,2018-05-02T00:00:00.000Z,2018-05-02T23:59:07.000Z,coinmarketcap_data_api_listings_historical
2018-05-02,2414,RCT,RealChain,realchain,1416,,0.04255109,0.0,1804762.625,2018-05-02T00:00:00.000Z,2018-05-02T23:59:21.000Z,coinmarketcap_data_api_listings_historical
2018-05-02,1645,DASHS,Dashs,dashs,1417,,0.04139271,0.0,5.59050465,2018-05-02T00:00:00.000Z,2018-05-02T23:59:11.000Z,coinmarketcap_data_api_listings_historical
2018-05-02,924,SHELL,ShellCoin,shellcoin,1418,,0.04028644,0.0,14.39571953,2018-05-02T00:00:00.000Z,2018-05-02T23:59:13.000Z,coinmarketcap_data_api_listings_historical
2018-05-02,353,HYPER,Hyper,hyper,1419,,0.03908799,0.0,29.13207626,2018-05-02T00:00:00.000Z,2018-05-02T23:59:03.000Z,coinmarketcap_data_api_listings_historical
2018-05-02,2690,BTRN,Biotron,biotron,1420,,0.03760791,0.0,39765.33203125,2018-05-02T00:00:00.000Z,2018-05-02T23:59:24.000Z,coinmarketcap_data_api_listings_historical
2018-05-02,2678,BBC,TraDove B2BCoin,b2bcoin,1421,,0.03688822,0.0,98869.984375,2018-05-02T00:00:00.000Z,2018-05-02T23:59:25.000Z,coinmarketcap_data_api_listings_historical
2018-05-02,1526,ZBC,Zilbercoin,zilbercoin,1422,,0.03610877,0.0,443.91629028,2018-05-02T00:00:00.000Z,2018-05-02T23:59:10.000Z,coinmarketcap_data_api_listings_historical
2018-05-02,2652,CVH,Curriculum Vitae,curriculum-vitae,1423,,0.03477731,0.0,146598.25,2018-05-02T00:00:00.000Z,2018-05-02T23:59:24.000Z,coinmarketcap_data_api_listings_historical
2018-05-02,2408,QUBE,Qube,qube,1424,,0.03392071,0.0,273790.65625,2018-05-02T00:00:00.000Z,2018-05-02T23:59:21.000Z,coinmarketcap_data_api_listings_historical
2018-05-02,2686,LND,Lendingblock,lendingblock,1425,,0.03284704,0.0,208252.09375,2018-05-02T00:00:00.000Z,2018-05-02T23:59:24.000Z,coinmarketcap_data_api_listings_historical
2018-05-02,2366,FAIR,FairGame,fairgame,1426,,0.03270375,0.0,699492.0,2018-05-02T00:00:00.000Z,2018-05-02T23:59:21.000Z,coinmarketcap_data_api_listings_historical
2018-05-02,2393,AT,AWARE,aware,1427,,0.03097599,0.0,1705836.0,2018-05-02T00:00:00.000Z,2018-05-02T23:59:21.000Z,coinmarketcap_data_api_listings_historical
2018-05-02,2621,SEN,Sentient Coin,consensus,1428,,0.02969512,0.0,98890.15625,2018-05-02T00:00:00.000Z,2018-05-02T23:59:24.000Z,coinmarketcap_data_api_listings_historical
2018-05-02,1863,MINEX,Minex,minex,1429,,0.02929174,0.0,936679.25,2018-05-02T00:00:00.000Z,2018-05-02T23:59:14.000Z,coinmarketcap_data_api_listings_historical
2018-05-02,1323,BIT,First Bitcoin,first-bitcoin,1430,,0.02719565,0.0,73.13349915,2018-05-02T00:00:00.000Z,2018-05-02T23:59:08.000Z,coinmarketcap_data_api_listings_historical
2018-05-02,1848,ASN,Aseancoin,aseancoin,1431,,0.02645814,0.0,367053.9375,2018-05-02T00:00:00.000Z,2018-05-02T23:59:13.000Z,coinmarketcap_data_api_listings_historical
2018-05-02,912,EGG,EggCoin,eggcoin,1432,,0.0251675,0.0,1.38273764,2018-05-02T00:00:00.000Z,2018-05-02T23:59:05.000Z,coinmarketcap_data_api_listings_historical
2018-05-02,2183,EAG,EA Coin,ea-coin,1433,,0.02441977,0.0,132.2361908,2018-05-02T00:00:00.000Z,2018-05-02T23:59:18.000Z,coinmarketcap_data_api_listings_historical
2018-05-02,2537,GEM,Gems ,gems-protocol,1434,,0.02431297,0.0,1416989.25,2018-05-02T00:00:00.000Z,2018-05-02T23:59:23.000Z,coinmarketcap_data_api_listings_historical
2018-05-02,1695,ZENGOLD,ZenGold,zengold,1435,,0.0242578,0.0,795.0057373,2018-05-02T00:00:00.000Z,2018-05-02T23:59:11.000Z,coinmarketcap_data_api_listings_historical
2018-05-02,2691,PNT,Penta,penta,1436,,0.02423743,0.0,17344308.0,2018-05-02T00:00:00.000Z,2018-05-02T23:59:24.000Z,coinmarketcap_data_api_listings_historical
2018-05-02,2440,READ,Read,read,1437,,0.02258354,0.0,227919.328125,2018-05-02T00:00:00.000Z,2018-05-02T23:59:21.000Z,coinmarketcap_data_api_listings_historical
2018-05-02,2626,FDZ,Friendz,friends,1438,,0.02241019,0.0,32738.70898438,2018-05-02T00:00:00.000Z,2018-05-02T23:59:24.000Z,coinmarketcap_data_api_listings_historical
2018-05-02,2008,MSD,MSD,msd,1439,,0.02208675,0.0,25197.08984375,2018-05-02T00:00:00.000Z,2018-05-02T23:59:17.000Z,coinmarketcap_data_api_listings_historical
2018-05-02,1921,SIGMA,SIGMAcoin,sigmacoin,1440,,0.02061896,0.0,2314.46435547,2018-05-02T00:00:00.000Z,2018-05-02T23:59:15.000Z,coinmarketcap_data_api_listings_historical
2018-05-02,2358,CAN,Content and AD Network,content-and-ad-network,1441,,0.02058632,0.0,11534674.0,2018-05-02T00:00:00.000Z,2018-05-02T23:59:20.000Z,coinmarketcap_data_api_listings_historical
2018-05-02,2329,HPY,Hyper Pay,hyper-pay,1442,,0.02054908,0.0,59644.15234375,2018-05-02T00:00:00.000Z,2018-05-02T23:59:20.000Z,coinmarketcap_data_api_listings_historical
2018-05-02,2281,BCX,BitcoinX,bitcoinx,1443,,0.01965953,0.0,2343328.0,2018-05-02T00:00:00.000Z,2018-05-02T23:59:19.000Z,coinmarketcap_data_api_listings_historical
2018-05-02,1398,PROUD,PROUD Money,proud-money,1444,,0.01889965,0.0,6.61537981,2018-05-02T00:00:00.000Z,2018-05-02T06:39:09.000Z,coinmarketcap_data_api_listings_historical
2018-05-02,2331,ENT,ENTCash,entcash,1445,,0.01863844,0.0,3920.46386719,2018-05-02T00:00:00.000Z,2018-05-02T23:59:20.000Z,coinmarketcap_data_api_listings_historical
2018-05-02,2228,PLX,PlexCoin,plexcoin,1446,,0.01825654,0.0,491.85263062,2018-05-02T00:00:00.000Z,2018-05-02T23:59:19.000Z,coinmarketcap_data_api_listings_historical
2018-05-02,1348,PRES,President Trump,president-trump,1447,,0.01787848,0.0,5928.36132813,2018-05-02T00:00:00.000Z,2018-05-02T23:59:08.000Z,coinmarketcap_data_api_listings_historical
2018-05-02,1598,ZSE,ZSEcoin,zsecoin,1448,,0.0172413,0.0,323.36477661,2018-05-02T00:00:00.000Z,2018-05-02T23:59:10.000Z,coinmarketcap_data_api_listings_historical
2018-05-02,101,KDC,KlondikeCoin,klondikecoin,1449,,0.01714709,0.0,1403.8894043,2018-05-02T00:00:00.000Z,2018-05-02T23:59:02.000Z,coinmarketcap_data_api_listings_historical
2018-05-02,150,ANI,Animecoin,animecoin,1450,,0.0170549,0.0,45941.234375,2018-05-02T00:00:00.000Z,2018-05-02T23:59:02.000Z,coinmarketcap_data_api_listings_historical
2018-05-02,918,BUB,Bubble,bubble,1451,,0.01557988,0.0,9.55139065,2018-05-02T00:00:00.000Z,2018-05-02T23:59:06.000Z,coinmarketcap_data_api_listings_historical
2018-05-02,2434,MAG,Maggie,maggie,1452,,0.0154064,0.0,777965.1875,2018-05-02T00:00:00.000Z,2018-05-02T23:59:21.000Z,coinmarketcap_data_api_listings_historical
2018-05-02,2660,ADI,Aditus,aditus,1453,,0.01439524,0.0,252781.359375,2018-05-02T00:00:00.000Z,2018-05-02T23:59:24.000Z,coinmarketcap_data_api_listings_historical
2018-05-02,2013,XIN,Infinity Economics,infinity-economics,1454,,0.01360172,0.0,277666.96875,2018-05-02T00:00:00.000Z,2018-05-02T23:59:16.000Z,coinmarketcap_data_api_listings_historical
2018-05-02,2292,DAV,DavorCoin,davorcoin,1455,,0.01336736,0.0,324.54962158,2018-05-02T00:00:00.000Z,2018-05-02T23:59:19.000Z,coinmarketcap_data_api_listings_historical
2018-05-02,1020,AXIOM,Axiom,axiom,1456,,0.01309079,0.0,19.07328033,2018-05-02T00:00:00.000Z,2018-05-02T23:59:13.000Z,coinmarketcap_data_api_listings_historical
2018-05-02,1449,WA,WA Space,wa-space,1457,,0.01281422,0.0,3740.42773438,2018-05-02T00:00:00.000Z,2018-05-02T23:59:09.000Z,coinmarketcap_data_api_listings_historical
2018-05-02,419,GML,GameLeagueCoin,gameleaguecoin,1458,,0.01235328,0.0,1.26667213,2018-05-02T00:00:00.000Z,2018-05-02T23:59:03.000Z,coinmarketcap_data_api_listings_historical
2018-05-02,2692,NBAI,Nebula AI,nebula-ai,1459,,0.01202773,0.0,155133.5625,2018-05-02T00:00:00.000Z,2018-05-02T23:59:24.000Z,coinmarketcap_data_api_listings_historical
2018-05-02,1452,NBIT,netBit,netbit,1460,,0.01200549,0.0,46.3064537,2018-05-02T00:00:00.000Z,2018-05-02T23:59:09.000Z,coinmarketcap_data_api_listings_historical
2018-05-02,796,METAL,MetalCoin,metalcoin,1461,,0.01180015,0.0,13.27111053,2018-05-02T00:00:00.000Z,2018-05-02T23:59:05.000Z,coinmarketcap_data_api_listings_historical
2018-05-02,2192,GRX,GOLD Reward Token,gold-reward-token,1462,,0.01164955,0.0,221.24992371,2018-05-02T00:00:00.000Z,2018-05-02T23:59:18.000Z,coinmarketcap_data_api_listings_historical
2018-05-02,795,SOON,SoonCoin,sooncoin,1463,,0.01087826,0.0,562.39086914,2018-05-02T00:00:00.000Z,2018-05-02T23:59:05.000Z,coinmarketcap_data_api_listings_historical
2018-05-02,2483,OC,OceanChain,oceanchain,1464,,0.0105576,0.0,1985480.375,2018-05-02T00:00:00.000Z,2018-05-02T23:59:22.000Z,coinmarketcap_data_api_listings_historical
2018-05-02,2599,NOAH,Noah Coin,noah-coin,1465,,0.01053089,0.0,3356122.5,2018-05-02T00:00:00.000Z,2018-05-02T23:59:23.000Z,coinmarketcap_data_api_listings_historical
2018-05-02,2519,INDI,Indicoin,indicoin,1466,,0.01014075,0.0,1015.08929443,2018-05-02T00:00:00.000Z,2018-05-02T23:59:22.000Z,coinmarketcap_data_api_listings_historical
2018-05-02,2356,CFUN,CFun,cfun,1467,,0.00985365,0.0,317712.09375,2018-05-02T00:00:00.000Z,2018-05-02T23:59:21.000Z,coinmarketcap_data_api_listings_historical
2018-05-02,2609,LST,Lendroid Support Token,lendroid-support-token,1468,,0.00923043,0.0,13261.57128906,2018-05-02T00:00:00.000Z,2018-05-02T23:59:23.000Z,coinmarketcap_data_api_listings_historical
2018-05-02,2189,SISA,SISA,sisa,1469,,0.00921887,0.0,591.75897217,2018-05-02T00:00:00.000Z,2018-05-02T23:59:18.000Z,coinmarketcap_data_api_listings_historical
2018-05-02,876,TRICK,TrickyCoin,trickycoin,1470,,0.00912668,0.0,1.98251712,2018-05-02T00:00:00.000Z,2018-05-02T23:59:04.000Z,coinmarketcap_data_api_listings_historical
2018-05-02,70,BET,BetaCoin,betacoin,1471,,0.0081126,0.0,252.5294342,2018-05-02T00:00:00.000Z,2018-05-02T23:59:01.000Z,coinmarketcap_data_api_listings_historical
2018-05-02,2194,BTE,BitSerial,bitserial,1472,,0.00802041,0.0,151.79322815,2018-05-02T00:00:00.000Z,2018-05-02T23:59:18.000Z,coinmarketcap_data_api_listings_historical
2018-05-02,2350,GCS,GameChain System,gamechain,1473,,0.00784716,0.0,7875.58154297,2018-05-02T00:00:00.000Z,2018-05-02T23:59:20.000Z,coinmarketcap_data_api_listings_historical
2018-05-02,2517,AVH,Animation Vision Cash,animation-vision-cash,1474,,0.00772244,0.0,66230.4609375,2018-05-02T00:00:00.000Z,2018-05-02T23:59:22.000Z,coinmarketcap_data_api_listings_historical
2018-05-02,2431,BAR,Titanium Blockchain,titanium-blockchain,1475,,0.00759822,0.0,11215.67089844,2018-05-02T00:00:00.000Z,2018-05-02T23:59:21.000Z,coinmarketcap_data_api_listings_historical
2018-05-02,2234,RYZ,ANRYZE,anryze,1476,,0.00691415,0.0,1158.48522949,2018-05-02T00:00:00.000Z,2018-05-02T23:59:19.000Z,coinmarketcap_data_api_listings_historical
2018-05-02,2409,EDT,EtherDelta Token,etherdelta-token,1477,,0.00687986,0.0,5148.0625,2018-05-02T00:00:00.000Z,2018-05-02T23:59:21.000Z,coinmarketcap_data_api_listings_historical
2018-05-02,2383,SWTC,Jingtum Tech,jingtum-tech,1478,,0.00644786,0.0,143729.59375,2018-05-02T00:00:00.000Z,2018-05-02T23:59:20.000Z,coinmarketcap_data_api_listings_historical
2018-05-02,1565,MARX,MarxCoin,marxcoin,1479,,0.00540857,0.0,22927.21484375,2018-05-02T00:00:00.000Z,2018-05-02T23:59:10.000Z,coinmarketcap_data_api_listings_historical
2018-05-02,1507,LDCN,LandCoin,landcoin,1480,,0.00534694,0.0,245.78726196,2018-05-02T00:00:00.000Z,2018-05-02T23:59:09.000Z,coinmarketcap_data_api_listings_historical
2018-05-02,1604,BEST,BestChain,bestchain,1481,,0.00534694,0.0,245.8387146,2018-05-02T00:00:00.000Z,2018-05-02T23:59:10.000Z,coinmarketcap_data_api_listings_historical
2018-05-02,1269,RICHX,RichCoin,richcoin,1482,,0.00531552,0.0,12.66431427,2018-05-02T00:00:00.000Z,2018-05-02T11:39:08.000Z,coinmarketcap_data_api_listings_historical
2018-05-02,2610,PCL,Peculium,peculium,1483,,0.00502206,0.0,179574.15625,2018-05-02T00:00:00.000Z,2018-05-02T23:59:23.000Z,coinmarketcap_data_api_listings_historical
2018-05-02,1117,RUBIT,RubleBit,rublebit,1484,,0.00497819,0.0,127.27842712,2018-05-02T00:00:00.000Z,2018-05-02T23:59:06.000Z,coinmarketcap_data_api_listings_historical
2018-05-02,1635,FAZZ,Fazzcoin,fazzcoin,1485,,0.00470162,0.0,6.5938859,2018-05-02T00:00:00.000Z,2018-05-02T23:59:11.000Z,coinmarketcap_data_api_listings_historical
2018-05-02,2119,BTCM,BTCMoon,btcmoon,1486,,0.00453201,0.0,592.19158936,2018-05-02T00:00:00.000Z,2018-05-02T23:59:18.000Z,coinmarketcap_data_api_listings_historical
2018-05-02,2603,NPXS,Pundi X,pundi-x,1487,0.0,0.00445609,0.0,2603923.5,2018-05-02T00:00:00.000Z,2018-05-02T23:59:23.000Z,coinmarketcap_data_api_listings_historical
2018-05-02,1428,ROYAL,RoyalCoin,royalcoin,1488,,0.00414849,0.0,210.25836182,2018-05-02T00:00:00.000Z,2018-05-02T23:59:08.000Z,coinmarketcap_data_api_listings_historical
2018-05-02,2259,SBC,StrikeBitClub,strikebitclub,1489,,0.00414849,0.0,143759.625,2018-05-02T00:00:00.000Z,2018-05-02T23:59:20.000Z,coinmarketcap_data_api_listings_historical
2018-05-02,584,N8V,NativeCoin,native-coin,1490,,0.0040563,0.0,67.38990784,2018-05-02T00:00:00.000Z,2018-05-02T23:59:04.000Z,coinmarketcap_data_api_listings_historical
2018-05-02,733,XQN,Quotient,quotient,1491,,0.00387192,0.0,28.38580894,2018-05-02T00:00:00.000Z,2018-05-02T23:59:04.000Z,coinmarketcap_data_api_listings_historical
2018-05-02,1435,QBT,Cubits,cubits,1492,,0.00387192,0.0,491.29974365,2018-05-02T00:00:00.000Z,2018-05-02T23:59:09.000Z,coinmarketcap_data_api_listings_historical
2018-05-02,2670,PXC,Pixie Coin,pixie-coin,1493,,0.00377104,0.0,207056.78125,2018-05-02T00:00:00.000Z,2018-05-02T23:59:24.000Z,coinmarketcap_data_api_listings_historical
2018-05-02,1756,SKULL,Pirate Blocks,pirate-blocks,1494,,0.00368755,0.0,12.12151814,2018-05-02T00:00:00.000Z,2018-05-02T23:59:12.000Z,coinmarketcap_data_api_listings_historical
2018-05-02,2054,AKY,Akuya Coin,akuya-coin,1495,,0.00368755,0.0,10.23128128,2018-05-02T00:00:00.000Z,2018-05-02T23:59:16.000Z,coinmarketcap_data_api_listings_historical
2018-05-02,2361,SHOW,Show,show,1496,,0.00359572,0.0,1167170.125,2018-05-02T00:00:00.000Z,2018-05-02T23:59:20.000Z,coinmarketcap_data_api_listings_historical
2018-05-02,1425,SKR,Sakuracoin,sakuracoin,1497,,0.00350317,0.0,177.75473022,2018-05-02T00:00:00.000Z,2018-05-02T23:59:09.000Z,coinmarketcap_data_api_listings_historical
2018-05-02,2108,EREAL,eREAL,ereal,1498,,0.00329903,0.0,250.56787109,2018-05-02T00:00:00.000Z,2018-05-02T23:59:17.000Z,coinmarketcap_data_api_listings_historical
2018-05-02,1945,CYDER,Cyder,cyder,1499,,0.00304223,0.0,607.21832275,2018-05-02T00:00:00.000Z,2018-05-02T23:59:15.000Z,coinmarketcap_data_api_listings_historical
2018-05-02,2619,BSTN,BitStation,bitstation,1500,,0.00301736,0.0,2730837.25,2018-05-02T00:00:00.000Z,2018-05-02T23:59:23.000Z,coinmarketcap_data_api_listings_historical
2018-05-02,1623,BLAZR,BlazerCoin,blazercoin,1501,,0.00295004,0.0,493.21374512,2018-05-02T00:00:00.000Z,2018-05-02T23:59:11.000Z,coinmarketcap_data_api_listings_historical
2018-05-02,1328,FRWC,FrankyWillCoin,frankywillcoin,1502,,0.0029228,0.0,6.77942801,2018-05-02T00:00:00.000Z,2018-05-02T19:14:08.000Z,coinmarketcap_data_api_listings_historical
2018-05-02,1336,GAIN,UGAIN,ugain,1503,,0.00285785,0.0,20.67432022,2018-05-02T00:00:00.000Z,2018-05-02T23:59:08.000Z,coinmarketcap_data_api_listings_historical
2018-05-02,841,SAK,Sharkcoin,sharkcoin,1504,,0.00276566,0.0,74.14860535,2018-05-02T00:00:00.000Z,2018-05-02T23:59:05.000Z,coinmarketcap_data_api_listings_historical
2018-05-02,2046,BSN,Bastonet,bastonet,1505,,0.00267347,0.0,98666.21875,2018-05-02T00:00:00.000Z,2018-05-02T23:59:16.000Z,coinmarketcap_data_api_listings_historical
2018-05-02,2522,SUP,Superior Coin,superior-coin,1506,,0.00207895,0.0,1630.65075684,2018-05-02T00:00:00.000Z,2018-05-02T23:59:22.000Z,coinmarketcap_data_api_listings_historical
2018-05-02,1287,DBG,Digital Bullion Gold,digital-bullion-gold,1507,,0.00202815,0.0,15.35521984,2018-05-02T00:00:00.000Z,2018-05-02T23:59:07.000Z,coinmarketcap_data_api_listings_historical
2018-05-02,1506,XSTC,Safe Trade Coin,safe-trade-coin,1508,,0.00202815,0.0,21699.51757813,2018-05-02T00:00:00.000Z,2018-05-02T23:59:09.000Z,coinmarketcap_data_api_listings_historical
2018-05-02,2174,NEOG,NEO GOLD,neo-gold,1509,,0.00202815,0.0,149.34562683,2018-05-02T00:00:00.000Z,2018-05-02T23:59:18.000Z,coinmarketcap_data_api_listings_historical
2018-05-02,317,CFC,CoffeeCoin,coffeecoin,1510,,0.00193596,0.0,139.54855347,2018-05-02T00:00:00.000Z,2018-05-02T23:59:12.000Z,coinmarketcap_data_api_listings_historical
2018-05-02,1151,OPES,Opescoin,opescoin,1511,,0.00193596,0.0,70.77148438,2018-05-02T00:00:00.000Z,2018-05-02T23:59:07.000Z,coinmarketcap_data_api_listings_historical
2018-05-02,1222,OP,Operand,operand,1512,,0.00184377,0.0,7.68300295,2018-05-02T00:00:00.000Z,2018-05-02T23:59:07.000Z,coinmarketcap_data_api_listings_historical
2018-05-02,2129,BTBc,Bitbase,bitbase,1513,,0.0016594,0.0,141.34069824,2018-05-02T00:00:00.000Z,2018-05-02T23:59:17.000Z,coinmarketcap_data_api_listings_historical
2018-05-02,1385,SPORT,SportsCoin,sportscoin,1514,,0.00162426,0.0,1.14555216,2018-05-02T00:00:00.000Z,2018-05-02T01:49:09.000Z,coinmarketcap_data_api_listings_historical
2018-05-02,1006,FUTC,FutCoin,futcoin,1515,,0.00156721,0.0,12.90254021,2018-05-02T00:00:00.000Z,2018-05-02T23:59:06.000Z,coinmarketcap_data_api_listings_historical
2018-05-02,1742,HNC,Huncoin,huncoin,1516,,0.00156721,0.0,1634.40759277,2018-05-02T00:00:00.000Z,2018-05-02T23:59:12.000Z,coinmarketcap_data_api_listings_historical
2018-05-02,2435,LIGHT,LightChain,lightchain,1517,,0.00151482,0.0,338280.375,2018-05-02T00:00:00.000Z,2018-05-02T23:59:21.000Z,coinmarketcap_data_api_listings_historical
2018-05-02,2456,OF,OFCOIN,ofcoin,1518,,0.00149559,0.0,1325681.875,2018-05-02T00:00:00.000Z,2018-05-02T23:59:21.000Z,coinmarketcap_data_api_listings_historical
2018-05-02,135,TOP,TopCoin,topcoin,1519,,0.00147502,0.0,25.81282425,2018-05-02T00:00:00.000Z,2018-05-02T23:59:02.000Z,coinmarketcap_data_api_listings_historical
2018-05-02,1429,LEVO,Levocoin,levocoin,1520,,0.00147502,0.0,78.98023224,2018-05-02T00:00:00.000Z,2018-05-02T23:59:08.000Z,coinmarketcap_data_api_listings_historical
2018-05-02,1271,PRM,PrismChain,prismchain,1521,,0.00138283,0.0,5.51315832,2018-05-02T00:00:00.000Z,2018-05-02T23:59:07.000Z,coinmarketcap_data_api_listings_historical
2018-05-02,1979,WIC,Wi Coin,wi-coin,1522,,0.0012943,0.0,94.23210907,2018-05-02T00:00:00.000Z,2018-05-02T23:59:17.000Z,coinmarketcap_data_api_listings_historical
2018-05-02,2647,SNIP,SnipCoin,snipcoin,1523,,0.0012715,0.0,44359.94140625,2018-05-02T00:00:00.000Z,2018-05-02T23:59:24.000Z,coinmarketcap_data_api_listings_historical
2018-05-02,2629,XLA,Scala,scala,1524,,0.00126568,0.0,39521.6953125,2018-05-02T00:00:00.000Z,2018-05-02T23:59:24.000Z,coinmarketcap_data_api_listings_historical
2018-05-02,1157,APC,AlpaCoin,alpacoin,1525,,0.00119846,0.0,781.47576904,2018-05-02T00:00:00.000Z,2018-05-02T23:59:06.000Z,coinmarketcap_data_api_listings_historical
2018-05-02,992,CYC,Cycling Coin,cycling-coin,1526,,0.00119845,0.0,4.51134396,2018-05-02T00:00:00.000Z,2018-05-02T23:59:13.000Z,coinmarketcap_data_api_listings_historical
2018-05-02,1065,FONZ,Fonziecoin,fonziecoin,1527,,0.00119845,0.0,97.28781891,2018-05-02T00:00:00.000Z,2018-05-02T23:59:06.000Z,coinmarketcap_data_api_listings_historical
2018-05-02,385,DON,Donationcoin,donationcoin,1528,,0.00110626,0.0,100.44950867,2018-05-02T00:00:00.000Z,2018-05-02T23:59:03.000Z,coinmarketcap_data_api_listings_historical
2018-05-02,411,SHA,SHACoin,shacoin,1529,,0.00110626,0.0,365.37625122,2018-05-02T00:00:00.000Z,2018-05-02T23:59:03.000Z,coinmarketcap_data_api_listings_historical
2018-05-02,1561,UR,UR,ur,1530,,0.00110626,0.0,49.83914948,2018-05-02T00:00:00.000Z,2018-05-02T23:59:10.000Z,coinmarketcap_data_api_listings_historical
2018-05-02,1633,RHFC,RHFCoin,rhfcoin,1531,,0.00110626,0.0,58.0671463,2018-05-02T00:00:00.000Z,2018-05-02T23:59:11.000Z,coinmarketcap_data_api_listings_historical
2018-05-02,2118,FAP,FAPcoin,fapcoin,1532,,0.00110626,0.0,229.58331299,2018-05-02T00:00:00.000Z,2018-05-02T23:59:17.000Z,coinmarketcap_data_api_listings_historical
2018-05-02,1865,WINK,Wink,wink,1533,,0.00107033,0.0,102.63667297,2018-05-02T00:00:00.000Z,2018-05-02T23:59:14.000Z,coinmarketcap_data_api_listings_historical
2018-05-02,1436,DMC,DynamicCoin,dynamiccoin,1534,,0.00101691,0.0,452.57629395,2018-05-02T00:00:00.000Z,2018-05-02T23:59:09.000Z,coinmarketcap_data_api_listings_historical
2018-05-02,1213,GMX,GoldMaxCoin,goldmaxcoin,1535,,0.00097247,0.0,100.47254944,2018-05-02T00:00:00.000Z,2018-05-02T23:59:07.000Z,coinmarketcap_data_api_listings_historical
2018-05-02,2682,HOT,Holo,holo,1536,,0.00094159,0.0,3756341.5,2018-05-02T00:00:00.000Z,2018-05-02T23:59:24.000Z,coinmarketcap_data_api_listings_historical
2018-05-02,1402,LAZ,Lazaruscoin,lazaruscoin,1537,,0.00092189,0.0,19.42212296,2018-05-02T00:00:00.000Z,2018-05-02T23:59:09.000Z,coinmarketcap_data_api_listings_historical
2018-05-02,2067,DUTCH,Dutch Coin,dutch-coin,1538,,0.0008297,0.0,434.13989258,2018-05-02T00:00:00.000Z,2018-05-02T23:59:17.000Z,coinmarketcap_data_api_listings_historical
2018-05-02,1914,OX,OX Fina,ox-fina,1539,,0.00082582,0.0,51218.9375,2018-05-02T00:00:00.000Z,2018-05-02T23:59:14.000Z,coinmarketcap_data_api_listings_historical
2018-05-02,2688,VIPS,Vipstar Coin,vipstar-coin,1540,,0.00073751,0.0,405104.3125,2018-05-02T00:00:00.000Z,2018-05-02T23:59:24.000Z,coinmarketcap_data_api_listings_historical
2018-05-02,1356,TODAY,TodayCoin,todaycoin,1541,,0.00064532,0.0,13.31582165,2018-05-02T00:00:00.000Z,2018-05-02T23:59:08.000Z,coinmarketcap_data_api_listings_historical
2018-05-02,1997,INDIA,India Coin,india-coin,1542,,0.00064532,0.0,248.32203674,2018-05-02T00:00:00.000Z,2018-05-02T23:59:17.000Z,coinmarketcap_data_api_listings_historical
2018-05-02,2050,SIC,Swisscoin,swisscoin,1543,,0.00064532,0.0,8518.03710938,2018-05-02T00:00:00.000Z,2018-05-02T23:59:16.000Z,coinmarketcap_data_api_listings_historical
2018-05-02,1028,SJW,SJWCoin,sjwcoin,1544,,0.00055313,0.0,354.10409546,2018-05-02T00:00:00.000Z,2018-05-02T23:59:05.000Z,coinmarketcap_data_api_listings_historical
2018-05-02,1728,CHEAP,Cheapcoin,cheapcoin,1545,,0.00055313,0.0,2.76565981,2018-05-02T00:00:00.000Z,2018-05-02T23:59:12.000Z,coinmarketcap_data_api_listings_historical
2018-05-02,1783,UNRC,UniversalRoyalCoin,universalroyalcoin,1546,,0.00054985,0.0,667.73187256,2018-05-02T00:00:00.000Z,2018-05-02T23:59:12.000Z,coinmarketcap_data_api_listings_historical
2018-05-02,1099,MONETA,Moneta,moneta2,1547,,0.00046094,0.0,51.86128235,2018-05-02T00:00:00.000Z,2018-05-02T23:59:06.000Z,coinmarketcap_data_api_listings_historical
2018-05-02,1236,TCR,TheCreed,thecreed,1548,,0.00046094,0.0,1.6802305,2018-05-02T00:00:00.000Z,2018-05-02T23:59:07.000Z,coinmarketcap_data_api_listings_historical
2018-05-02,1351,ACES,Aces,aces,1549,,0.00046091,0.0,19775.32226563,2018-05-02T00:00:00.000Z,2018-05-02T23:59:08.000Z,coinmarketcap_data_api_listings_historical
2018-05-02,1533,ACN,Avoncoin,avoncoin,1550,,0.00036875,0.0,4.79381037,2018-05-02T00:00:00.000Z,2018-05-02T23:59:10.000Z,coinmarketcap_data_api_listings_historical
2018-05-02,1849,BIRDS,Birds,birds,1551,,0.00036875,0.0,17.20784187,2018-05-02T00:00:00.000Z,2018-05-02T23:59:13.000Z,coinmarketcap_data_api_listings_historical
2018-05-02,2077,RUNNERS,Runners,runners,1552,,0.00036875,0.0,4738.20751953,2018-05-02T00:00:00.000Z,2018-05-02T23:59:18.000Z,coinmarketcap_data_api_listings_historical
2018-05-02,2138,HIGH,High Gain,high-gain,1553,,0.00036875,0.0,15.65815163,2018-05-02T00:00:00.000Z,2018-05-02T23:59:17.000Z,coinmarketcap_data_api_listings_historical
2018-05-02,2347,NUMUS,NumusCash,numuscash,1554,,0.00036875,0.0,765.78533936,2018-05-02T00:00:00.000Z,2018-05-02T23:59:20.000Z,coinmarketcap_data_api_listings_historical
2018-05-02,1679,HALLO,Halloween Coin,halloween-coin,1555,,0.00035801,0.0,7.51337576,2018-05-02T00:00:00.000Z,2018-05-02T23:59:11.000Z,coinmarketcap_data_api_listings_historical
2018-05-02,71,GDC,GrandCoin,grandcoin,1556,,0.00027657,0.0,585.20373535,2018-05-02T00:00:00.000Z,2018-05-02T23:59:07.000Z,coinmarketcap_data_api_listings_historical
2018-05-02,1313,LKC,LinkedCoin,linkedcoin,1557,,0.00027657,0.0,3.22660303,2018-05-02T00:00:00.000Z,2018-05-02T23:59:08.000Z,coinmarketcap_data_api_listings_historical
2018-05-02,1416,MBL,MobileCash,mobilecash,1558,,0.00027657,0.0,53.87247086,2018-05-02T00:00:00.000Z,2018-05-02T23:59:08.000Z,coinmarketcap_data_api_listings_historical
2018-05-02,1827,PRIMU,Primulon,primulon,1559,,0.00027657,0.0,17.44181824,2018-05-02T00:00:00.000Z,2018-05-02T23:59:13.000Z,coinmarketcap_data_api_listings_historical
2018-05-02,1920,NAMO,NamoCoin,namocoin,1560,,0.00027657,0.0,679.83154297,2018-05-02T00:00:00.000Z,2018-05-02T23:59:15.000Z,coinmarketcap_data_api_listings_historical
2018-05-02,2485,CANDY,Candy,candy,1561,,0.00027492,0.0,25354.07226563,2018-05-02T00:00:00.000Z,2018-05-02T23:59:22.000Z,coinmarketcap_data_api_listings_historical
2018-05-02,1393,TELL,Tellurion,tellurion,1562,,0.00023647,0.0,47.03532791,2018-05-02T00:00:00.000Z,2018-05-02T23:59:08.000Z,coinmarketcap_data_api_listings_historical
2018-05-02,2531,W3C,W3Coin,w3coin,1563,,0.0001894,0.0,25195.5078125,2018-05-02T00:00:00.000Z,2018-05-02T23:59:23.000Z,coinmarketcap_data_api_listings_historical
2018-05-02,878,CC,CyberCoin,cybercoin,1564,,0.00018438,0.0,9.21877384,2018-05-02T00:00:00.000Z,2018-05-02T23:59:05.000Z,coinmarketcap_data_api_listings_historical
2018-05-02,1119,CME,Cashme,cashme,1565,,0.00018438,0.0,45.49224472,2018-05-02T00:00:00.000Z,2018-05-02T23:59:06.000Z,coinmarketcap_data_api_listings_historical
2018-05-02,1753,ANTX,Antimatter,antimatter,1566,,0.00018438,0.0,61.58441925,2018-05-02T00:00:00.000Z,2018-05-02T23:59:12.000Z,coinmarketcap_data_api_listings_historical
2018-05-02,1767,TURBO,TurboCoin,turbocoin,1567,,0.00018438,0.0,147.14683533,2018-05-02T00:00:00.000Z,2018-05-02T23:59:12.000Z,coinmarketcap_data_api_listings_historical
2018-05-02,1835,XRY,Royalties,royalties,1568,,0.0001667,0.0,1467.85583496,2018-05-02T00:00:00.000Z,2018-05-02T23:59:13.000Z,coinmarketcap_data_api_listings_historical
2018-05-02,41,IFC,Infinitecoin,infinitecoin,1569,,9.68e-05,0.0,15376.94726563,2018-05-02T00:00:00.000Z,2018-05-02T23:59:01.000Z,coinmarketcap_data_api_listings_historical
2018-05-02,171,BAT,BatCoin,batcoin,1570,,9.219e-05,0.0,334.0484314,2018-05-02T00:00:00.000Z,2018-05-02T23:59:02.000Z,coinmarketcap_data_api_listings_historical
2018-05-02,855,UNC,UNCoin,uncoin,1571,,9.219e-05,0.0,345.40386963,2018-05-02T00:00:00.000Z,2018-05-02T23:59:05.000Z,coinmarketcap_data_api_listings_historical
2018-05-02,1418,RCN,Rcoin,rcoin,1572,,9.219e-05,0.0,314.13745117,2018-05-02T00:00:00.000Z,2018-05-02T23:59:09.000Z,coinmarketcap_data_api_listings_historical
2018-05-02,1489,TCOIN,T-coin,t-coin,1573,,9.219e-05,0.0,55.31319427,2018-05-02T00:00:00.000Z,2018-05-02T23:59:09.000Z,coinmarketcap_data_api_listings_historical
2018-05-02,1530,LEPEN,LePen,lepen,1574,,9.219e-05,0.0,45.75820923,2018-05-02T00:00:00.000Z,2018-05-02T23:59:10.000Z,coinmarketcap_data_api_listings_historical
2018-05-02,1551,KASHH,KashhCoin,kashhcoin,1575,,9.219e-05,0.0,38.25939941,2018-05-02T00:00:00.000Z,2018-05-02T23:59:10.000Z,coinmarketcap_data_api_listings_historical
2018-05-02,1741,BITOK,Bitok,bitok,1576,,9.219e-05,0.0,9.75300694,2018-05-02T00:00:00.000Z,2018-05-02T23:59:12.000Z,coinmarketcap_data_api_listings_historical
2018-05-02,1907,XTD,XTD Coin,xtd-coin,1577,,9.219e-05,0.0,1315.55578613,2018-05-02T00:00:00.000Z,2018-05-02T23:59:14.000Z,coinmarketcap_data_api_listings_historical
2018-05-02,116,KARMA,Karmacoin,karmacoin,1578,,9.134e-05,0.0,4.79521084,2018-05-02T00:00:00.000Z,2018-05-02T17:04:05.000Z,coinmarketcap_data_api_listings_historical
2018-05-02,1301,HCC,Happy Creator Coin,happy-creator-coin,1579,,9.132e-05,0.0,0.91322511,2018-05-02T00:00:00.000Z,2018-05-02T09:34:08.000Z,coinmarketcap_data_api_listings_historical
2018-05-02,1330,POKE,PokeCoin,pokecoin,1580,,9.129e-05,0.0,8.21609783,2018-05-02T00:00:00.000Z,2018-05-02T09:59:08.000Z,coinmarketcap_data_api_listings_historical
2018-05-02,572,RBBT,RabbitCoin,rabbitcoin,1581,,5.19e-05,0.0,507.1421814,2018-05-02T00:00:00.000Z,2018-05-02T23:59:04.000Z,coinmarketcap_data_api_listings_historical
2018-05-02,1913,PRN,IronCoin,ironcoin,1582,,2.127e-05,0.0,201.97891235,2018-05-02T00:00:00.000Z,2018-05-02T23:59:15.000Z,coinmarketcap_data_api_listings_historical
2018-05-02,287,SLOTH,Slothcoin,slothcoin,1583,,1.813e-05,0.0,2344.64501953,2018-05-02T00:00:00.000Z,2018-05-02T23:59:11.000Z,coinmarketcap_data_api_listings_historical
2018-05-02,1843,EMB,EmberCoin,embercoin,1584,,1.03e-06,0.0,15358.0546875,2018-05-02T00:00:00.000Z,2018-05-02T23:59:14.000Z,coinmarketcap_data_api_listings_historical
