snapshot_date,asset_id,symbol,asset_name,price,market_cap,volume,source
2025-07-04,1,BTC,Bitcoin,108034.3390499,2148550419417.8281,42616442655.9,coinmarketcap_data_api_listings_historical
2025-07-04,1027,ETH,Ethereum,2508.51820073,302821000775.3815,17222740208.98,coinmarketcap_data_api_listings_historical
2025-07-04,825,USDT,Tether USDt,1.00029977,158644134783.6984,61260899526.9,coinmarketcap_data_api_listings_historical
2025-07-04,52,XRP,XRP,2.22113865,131198635155.74115,2085461653.45,coinmarketcap_data_api_listings_historical
2025-07-04,1839,BNB,BNB,653.73948872,92102245308.72781,1379813702.54,coinmarketcap_data_api_listings_historical
2025-07-04,5426,SOL,Solana,147.76363704,79013638561.47093,3575641174.34,coinmarketcap_data_api_listings_historical
2025-07-04,3408,USDC,USDC,1.00004634,62158788176.95746,7747270404.9,coinmarketcap_data_api_listings_historical
2025-07-04,1958,TRX,TRON,0.28248824,26775270232.395084,435942312.32,coinmarketcap_data_api_listings_historical
2025-07-04,74,DOGE,Dogecoin,0.16287126,24424632881.235012,1005469062.23,coinmarketcap_data_api_listings_historical
2025-07-04,2010,ADA,Cardano,0.57289062,20271189806.604294,588008205.7,coinmarketcap_data_api_listings_historical
2025-07-04,32196,HYPE,Hyperliquid,39.11683654,13062214032.435785,224233271.56,coinmarketcap_data_api_listings_historical
2025-07-04,20947,SUI,Sui,2.87607903,9936896924.54314,822512887.22,coinmarketcap_data_api_listings_historical
2025-07-04,1831,BCH,Bitcoin Cash,484.23898378,9632786027.942446,406151257.41,coinmarketcap_data_api_listings_historical
2025-07-04,1975,LINK,Chainlink,13.16975925,8930413358.025126,316984914.06,coinmarketcap_data_api_listings_historical
2025-07-04,3957,LEO,UNUS SED LEO,9.02128537,8327793766.6997385,1382339.46,coinmarketcap_data_api_listings_historical
2025-07-04,5805,AVAX,Avalanche,17.7951175,7512880361.20532,274810097.13,coinmarketcap_data_api_listings_historical
2025-07-04,512,XLM,Stellar,0.23776114,7355247435.052262,110935228.88,coinmarketcap_data_api_listings_historical
2025-07-04,11419,TON,Toncoin,2.74388868,6772983204.495912,161109556.28,coinmarketcap_data_api_listings_historical
2025-07-04,5994,SHIB,Shiba Inu,1.144e-05,6739875873.73252,120751248.43,coinmarketcap_data_api_listings_historical
2025-07-04,2,LTC,Litecoin,86.8690627,6605446604.065608,443311764.29,coinmarketcap_data_api_listings_historical
2025-07-04,4642,HBAR,Hedera,0.15299454,6485658717.789248,172567535.5,coinmarketcap_data_api_listings_historical
2025-07-04,328,XMR,Monero,313.30439126,5779445922.669663,81871884.37,coinmarketcap_data_api_listings_historical
2025-07-04,4943,DAI,Dai,0.99995644,5365149005.130281,18865575443.78,coinmarketcap_data_api_listings_historical
2025-07-04,6636,DOT,Polkadot,3.35770943,5352095599.706801,216355236.71,coinmarketcap_data_api_listings_historical
2025-07-04,29470,USDe,Ethena USDe,1.00011069,5306843394.028393,82789552.01,coinmarketcap_data_api_listings_historical
2025-07-04,11092,BGB,Bitget Token,4.42418806,5176269460.460736,88398446.79,coinmarketcap_data_api_listings_historical
2025-07-04,7083,UNI,Uniswap,6.92960322,4356917600.023445,500385815.9,coinmarketcap_data_api_listings_historical
2025-07-04,24478,PEPE,Pepe,9.64e-06,4054268356.718433,649530001.06,coinmarketcap_data_api_listings_historical
2025-07-04,7278,AAVE,Aave,265.76998305,4033139482.3847427,389978135.67,coinmarketcap_data_api_listings_historical
2025-07-04,35697,PI,Pi,0.46878217,3582255843.002638,89571466.44,coinmarketcap_data_api_listings_historical
2025-07-04,3897,OKB,OKB,48.90801781,2934481068.3493233,8855833.63,coinmarketcap_data_api_listings_historical
2025-07-04,22974,TAO,Bittensor,324.84917659,2912900476.7060394,96241253.04,coinmarketcap_data_api_listings_historical
2025-07-04,21794,APT,Aptos,4.40299988,2837759871.2297044,152902895.62,coinmarketcap_data_api_listings_historical
2025-07-04,6535,NEAR,NEAR Protocol,2.13260243,2625386381.381051,148960290.65,coinmarketcap_data_api_listings_historical
2025-07-04,8916,ICP,Internet Computer,4.78416044,2559956596.284401,49805606.72,coinmarketcap_data_api_listings_historical
2025-07-04,3635,CRO,Cronos,0.08112672,2524418130.9156737,8700329.13,coinmarketcap_data_api_listings_historical
2025-07-04,1321,ETC,Ethereum Classic,16.2873421,2485102845.801873,59914187.77,coinmarketcap_data_api_listings_historical
2025-07-04,21159,ONDO,Ondo,0.77404472,2445290507.1754866,124621917.43,coinmarketcap_data_api_listings_historical
2025-07-04,36148,USD1,World Liberty Financial USD,1.00024413,2207125395.694391,887655164.09,coinmarketcap_data_api_listings_historical
2025-07-04,20396,KAS,Kaspa,0.07572506,1999501094.6218498,54446620.08,coinmarketcap_data_api_listings_historical
2025-07-04,4269,GT,GateToken,15.48569805,1903356252.960504,5518246.44,coinmarketcap_data_api_listings_historical
2025-07-04,27075,MNT,Mantle,0.56109382,1888526430.2717175,188173222.78,coinmarketcap_data_api_listings_historical
2025-07-04,28321,POL,POL (prev. MATIC),0.17956805,1878086037.7003937,106130441.23,coinmarketcap_data_api_listings_historical
2025-07-04,3077,VET,VeChain,0.02081713,1789961896.4883628,26720101.75,coinmarketcap_data_api_listings_historical
2025-07-04,35336,TRUMP,OFFICIAL TRUMP,8.50632301,1701259029.2826595,201409906.51,coinmarketcap_data_api_listings_historical
2025-07-04,33038,SKY,Sky,0.07781245,1656771677.815536,5146877.59,coinmarketcap_data_api_listings_historical
2025-07-04,5690,RENDER,Render,3.15102334,1632635846.5387027,54396467.41,coinmarketcap_data_api_listings_historical
2025-07-04,3773,FET,Artificial Superintelligence Alliance,0.67473043,1614374502.626689,105355327.83,coinmarketcap_data_api_listings_historical
2025-07-04,11841,ARB,Arbitrum,0.32411953,1608682445.499839,218499935.84,coinmarketcap_data_api_listings_historical
2025-07-04,30171,ENA,Ethena,0.25308693,1608288377.9929264,142861816.08,coinmarketcap_data_api_listings_historical
2025-07-04,3794,ATOM,Cosmos,4.0021141,1564563289.263466,79169666.69,coinmarketcap_data_api_listings_historical
2025-07-04,2280,FIL,Filecoin,2.26286667,1538245836.3765724,152524183.34,coinmarketcap_data_api_listings_historical
2025-07-04,4030,ALGO,Algorand,0.17348899,1498370852.0148962,57402340.52,coinmarketcap_data_api_listings_historical
2025-07-04,13502,WLD,Worldcoin,0.87381664,1479267099.7617526,129607284.79,coinmarketcap_data_api_listings_historical
2025-07-04,26081,FDUSD,First Digital USD,0.99827004,1469904838.9816148,4462775845.85,coinmarketcap_data_api_listings_historical
2025-07-04,23149,SEI,Sei,0.2571329,1428873265.0669463,164097205.18,coinmarketcap_data_api_listings_historical
2025-07-04,23095,BONK,Bonk,1.745e-05,1404711663.3022442,505811977.83,coinmarketcap_data_api_listings_historical
2025-07-04,2087,KCS,KuCoin Token,10.99123752,1401022511.0337372,2222714.03,coinmarketcap_data_api_listings_historical
2025-07-04,29210,JUP,Jupiter,0.43436545,1305181317.6004853,45704036.58,coinmarketcap_data_api_listings_historical
2025-07-04,3155,QNT,Quant,106.12351904,1281201441.064877,12573453.99,coinmarketcap_data_api_listings_historical
2025-07-04,33597,FARTCOIN,Fartcoin,1.17575874,1175756694.1550434,146074197.83,coinmarketcap_data_api_listings_historical
2025-07-04,7950,FLR,Flare,0.01661819,1133122738.9589171,5867716.43,coinmarketcap_data_api_listings_historical
2025-07-04,28081,SPX,SPX6900,1.21195511,1128321835.961825,53282128.31,coinmarketcap_data_api_listings_historical
2025-07-04,23635,FORM,Four,2.83457961,1082433136.873888,33780732.62,coinmarketcap_data_api_listings_historical
2025-07-04,7226,INJ,Injective,10.77667018,1077353798.5248647,78642725.83,coinmarketcap_data_api_listings_historical
2025-07-04,22861,TIA,Celestia,1.51004262,1053712820.9938545,185585136.95,coinmarketcap_data_api_listings_historical
2025-07-04,34466,PENGU,Pudgy Penguins,0.01637744,1029492614.1750693,365620561.18,coinmarketcap_data_api_listings_historical
2025-07-04,29420,VIRTUAL,Virtuals Protocol,1.55186576,1016344113.9737037,190754953.98,coinmarketcap_data_api_listings_historical
2025-07-04,4847,STX,Stacks,0.64752644,992645386.1087215,31199532.78,coinmarketcap_data_api_listings_historical
2025-07-04,2634,XDC,XDC Network,0.06062248,983458124.2033461,26114664.01,coinmarketcap_data_api_listings_historical
2025-07-04,4705,PAXG,PAX Gold,3344.00760209,934274228.2339271,29570666.2,coinmarketcap_data_api_listings_historical
2025-07-04,32880,KAIA,Kaia,0.1540729,933661121.2413135,33451628.21,coinmarketcap_data_api_listings_historical
2025-07-04,11840,OP,Optimism,0.53070445,929893336.595082,117664275.31,coinmarketcap_data_api_listings_historical
2025-07-04,32684,S,Sonic,0.31087135,895309497.3145715,72775251.35,coinmarketcap_data_api_listings_historical
2025-07-04,27772,PYUSD,PayPal USD,0.99956183,870735213.9653119,13926535.81,coinmarketcap_data_api_listings_historical
2025-07-04,28752,WIF,dogwifhat,0.84499238,844012383.9934767,304842635.94,coinmarketcap_data_api_listings_historical
2025-07-04,35626,IP,Story,2.90828705,832536262.0651383,17339102.46,coinmarketcap_data_api_listings_historical
2025-07-04,5176,XAUt,Tether Gold,3337.50197633,822774337.2138755,12140896.85,coinmarketcap_data_api_listings_historical
2025-07-04,6719,GRT,The Graph,0.08255865,815284061.6312997,28271305.18,coinmarketcap_data_api_listings_historical
2025-07-04,10603,IMX,Immutable,0.43232042,806876968.4527842,23168707.96,coinmarketcap_data_api_listings_historical
2025-07-04,2694,NEXO,Nexo,1.21677451,786213785.8295252,11759613.49,coinmarketcap_data_api_listings_historical
2025-07-04,7186,CAKE,PancakeSwap,2.23171338,771597913.8329078,53734697.02,coinmarketcap_data_api_listings_historical
2025-07-04,36462,A,Vaulta,0.47950235,755616643.8900381,29204061.92,coinmarketcap_data_api_listings_historical
2025-07-04,10804,FLOKI,FLOKI,7.434e-05,715492732.5468142,72446203.86,coinmarketcap_data_api_listings_historical
2025-07-04,28541,JTO,Jito,2.02235846,697593344.9800465,29080240.37,coinmarketcap_data_api_listings_historical
2025-07-04,6538,CRV,Curve DAO Token,0.50556266,688024707.4901149,94993060.14,coinmarketcap_data_api_listings_historical
2025-07-04,2416,THETA,Theta Network,0.68648241,686482406.2058392,15642768.04,coinmarketcap_data_api_listings_historical
2025-07-04,13855,ENS,Ethereum Name Service,18.4301352,672585173.3282257,41543910.02,coinmarketcap_data_api_listings_historical
2025-07-04,1437,ZEC,Zcash,40.11327749,671146783.4326245,74935137.07,coinmarketcap_data_api_listings_historical
2025-07-04,8000,LDO,Lido DAO,0.72407423,649439558.8161199,58003967.47,coinmarketcap_data_api_listings_historical
2025-07-04,29270,AERO,Aerodrome Finance,0.75121761,640178686.6004851,30167530.75,coinmarketcap_data_api_listings_historical
2025-07-04,33824,SYRUP,Maple Finance,0.53725639,639116046.1465793,98118800.34,coinmarketcap_data_api_listings_historical
2025-07-04,7080,GALA,Gala,0.01387568,626345364.1990746,74300326.1,coinmarketcap_data_api_listings_historical
2025-07-04,7326,DEXE,DeXe,7.41586724,620955968.8052697,5224466.53,coinmarketcap_data_api_listings_historical
2025-07-04,6210,SAND,The Sandbox,0.24126325,620840125.2429962,38653530.84,coinmarketcap_data_api_listings_historical
2025-07-04,1720,IOTA,IOTA,0.15544048,601367120.0034724,12823353.95,coinmarketcap_data_api_listings_historical
2025-07-04,8425,JASMY,JasmyCoin,0.0121137,598961697.1687952,34112817.64,coinmarketcap_data_api_listings_historical
2025-07-04,16086,BTT,BitTorrent [New],6e-07,595604681.139049,8761948.64,coinmarketcap_data_api_listings_historical
2025-07-04,36119,WAL,Walrus,0.41275171,569941324.9589894,34238519.53,coinmarketcap_data_api_listings_historical
2025-07-04,2011,XTZ,Tezos,0.5296724,555959140.6844604,13101746.41,coinmarketcap_data_api_listings_historical
2025-07-04,28177,PYTH,Pyth Network,0.09652914,555041197.9098068,33792687.72,coinmarketcap_data_api_listings_historical
2025-07-04,8526,RAY,Raydium,2.06184336,551849391.8048685,37932774.6,coinmarketcap_data_api_listings_historical
2025-07-04,9481,PENDLE,Pendle,3.33486019,549086412.5466912,37920538.67,coinmarketcap_data_api_listings_historical
2025-07-04,3871,AB,AB,0.00805097,533573489.25551873,62231099.95,coinmarketcap_data_api_listings_historical
2025-07-04,4558,FLOW,Flow,0.32330689,515135164.2420009,16373016.87,coinmarketcap_data_api_listings_historical
2025-07-04,1966,MANA,Decentraland,0.25690629,506035773.9593837,26900813.88,coinmarketcap_data_api_listings_historical
2025-07-04,23254,CORE,Core,0.50220595,504695290.60209584,13940656.71,coinmarketcap_data_api_listings_historical
2025-07-04,2563,TUSD,TrueUSD,0.99741795,493238219.21338004,41647638.59,coinmarketcap_data_api_listings_historical
2025-07-04,34387,RLUSD,Ripple USD,1.00012485,485304222.91836846,23584604.12,coinmarketcap_data_api_listings_historical
2025-07-04,33391,DEEP,DeepBook Protocol,0.14281304,476567120.06793207,21564737.37,coinmarketcap_data_api_listings_historical
2025-07-04,18679,XCN,Onyxcoin,0.01385744,474754929.3236892,17261474.23,coinmarketcap_data_api_listings_historical
2025-07-04,3602,BSV,Bitcoin SV,23.57039326,468765918.73922694,51651950.66,coinmarketcap_data_api_listings_historical
2025-07-04,4157,RUNE,THORChain,1.30458171,458541662.6349799,69974517.69,coinmarketcap_data_api_listings_historical
2025-07-04,18876,APE,ApeCoin,0.59442358,447393806.34473544,28390170.86,coinmarketcap_data_api_listings_historical
2025-07-04,9816,NFT,APENFT,4.4e-07,437216146.02981764,7819658.73,coinmarketcap_data_api_listings_historical
2025-07-04,4846,KAVA,Kava,0.39341983,426015970.79397684,12085640.08,coinmarketcap_data_api_listings_historical
2025-07-04,34104,MORPHO,Morpho,1.34327229,418259413.3219048,12102402.51,coinmarketcap_data_api_listings_historical
2025-07-04,29743,BRETT,Brett (Based),0.04203062,416533369.98603183,25034493.75,coinmarketcap_data_api_listings_historical
2025-07-04,30933,DOG,Dog (Bitcoin),0.00413495,413495254.833804,16944699.74,coinmarketcap_data_api_listings_historical
2025-07-04,32452,MOVE,Movement,0.15892648,413208848.35431993,39644274.82,coinmarketcap_data_api_listings_historical
2025-07-04,5665,HNT,Helium,2.21989113,409679958.42366815,6307342.59,coinmarketcap_data_api_listings_historical
2025-07-04,22691,STRK,Starknet,0.11155953,400971654.1596635,20834410.81,coinmarketcap_data_api_listings_historical
2025-07-04,19891,USDD,USDD,1.0002708,400202251.4669375,6969338.65,coinmarketcap_data_api_listings_historical
2025-07-04,3964,RSR,Reserve Rights,0.00684923,396651019.64597076,19673452.77,coinmarketcap_data_api_listings_historical
2025-07-04,28324,DYDX,dYdX,0.52559586,394369139.06608003,10857422.66,coinmarketcap_data_api_listings_historical
2025-07-04,36532,B,BUILDon,0.38741586,387415858.965511,28531756.83,coinmarketcap_data_api_listings_historical
2025-07-04,8290,SUPER,SuperVerse,0.63915153,387003660.76771706,11503246.9,coinmarketcap_data_api_listings_historical
2025-07-04,5692,COMP,Compound,41.16668762,386610382.0832385,42983114.55,coinmarketcap_data_api_listings_historical
2025-07-04,1376,NEO,Neo,5.41691502,382102853.40926605,22249843.83,coinmarketcap_data_api_listings_historical
2025-07-04,9104,AIOZ,AIOZ Network,0.32054272,380557578.8775567,15468460.79,coinmarketcap_data_api_listings_historical
2025-07-04,6892,EGLD,MultiversX,13.34697344,379039090.645181,12167508.79,coinmarketcap_data_api_listings_historical
2025-07-04,27659,MOG,Mog Coin,9.6e-07,375999876.0549637,15154444.73,coinmarketcap_data_api_listings_historical
2025-07-04,7334,CFX,Conflux,0.07225345,368414299.2200649,16315276.14,coinmarketcap_data_api_listings_historical
2025-07-04,35763,KAITO,KAITO,1.5194804,366785685.0750464,39297475.89,coinmarketcap_data_api_listings_historical
2025-07-04,10791,XEC,eCash,1.816e-05,361210490.1637471,6733905.57,coinmarketcap_data_api_listings_historical
2025-07-04,6783,AXS,Axie Infinity,2.15066842,355996261.64764845,29488577.3,coinmarketcap_data_api_listings_historical
2025-07-04,29814,ETHFI,ether.fi,0.9262605,347058830.6642751,82857613.38,coinmarketcap_data_api_listings_historical
2025-07-04,30494,EIGEN,EigenLayer,1.10550288,345543393.9808814,52883088.82,coinmarketcap_data_api_listings_historical
2025-07-04,5488,JST,JUST,0.03444287,340984392.7413375,27123749.88,coinmarketcap_data_api_listings_historical
2025-07-04,4066,CHZ,Chiliz,0.03490684,338584723.6817981,51807631.36,coinmarketcap_data_api_listings_historical
2025-07-04,5632,AR,Arweave,5.03862603,330798223.83419746,22078245.65,coinmarketcap_data_api_listings_historical
2025-07-04,14101,RON,Ronin,0.50087507,330196727.01410615,21427066.7,coinmarketcap_data_api_listings_historical
2025-07-04,10529,SUN,Sun [New],0.01720794,329495748.9829611,11342532.58,coinmarketcap_data_api_listings_historical
2025-07-04,24091,ZK,ZKsync,0.04590641,328571545.5716398,21885017.26,coinmarketcap_data_api_listings_historical
2025-07-04,17799,AXL,Axelar,0.315614,314222691.7497207,7766860.35,coinmarketcap_data_api_listings_historical
2025-07-04,29587,W,Wormhole,0.06626654,308510285.2216457,36472857.63,coinmarketcap_data_api_listings_historical
2025-07-04,4172,LUNC,Terra Classic,5.59e-05,305374338.6625895,8463176.47,coinmarketcap_data_api_listings_historical
2025-07-04,6945,AMP,Amp,0.00358041,301583988.2687942,62559680.12,coinmarketcap_data_api_listings_historical
2025-07-04,28782,POPCAT,Popcat (SOL),0.29885206,292867005.3609667,43061848.24,coinmarketcap_data_api_listings_historical
2025-07-04,5964,TWT,Trust Wallet Token,0.69278682,288649558.1796085,6477239.78,coinmarketcap_data_api_listings_historical
2025-07-04,28298,BEAM,Beam,0.00582198,287990238.8351936,17530987.7,coinmarketcap_data_api_listings_historical
2025-07-04,1659,GNO,Gnosis,108.88589485,287353289.1756756,2964392.09,coinmarketcap_data_api_listings_historical
2025-07-04,5198,CTC,Creditcoin,0.59701997,271295460.45667386,7418962.99,coinmarketcap_data_api_listings_historical
2025-07-04,7431,AKT,Akash Network,1.08585704,269602877.84260947,17326519.8,coinmarketcap_data_api_listings_historical
2025-07-04,32956,GRASS,Grass,1.09879695,268002170.0518785,58610942.89,coinmarketcap_data_api_listings_historical
2025-07-04,33280,CHEEMS,Cheems (cheems.pet),1.43e-06,267778445.077223,5271070.99,coinmarketcap_data_api_listings_historical
2025-07-04,4195,FTT,FTX Token,0.80885915,266029815.51830053,9649018.77,coinmarketcap_data_api_listings_historical
2025-07-04,1168,DCR,Decred,15.61099136,263632010.38805243,2983284.66,coinmarketcap_data_api_listings_historical
2025-07-04,30083,ATH,Aethir,0.02563765,253696018.46538007,25002319.42,coinmarketcap_data_api_listings_historical
2025-07-04,3640,LPT,Livepeer,5.97120248,251320810.59778187,25342316.67,coinmarketcap_data_api_listings_historical
2025-07-04,24911,TURBO,Turbo,0.00363507,250820153.57722667,29407389.19,coinmarketcap_data_api_listings_historical
2025-07-04,30636,ZBCN,Zebec Network,0.0029593,250247864.67634955,17183363.48,coinmarketcap_data_api_listings_historical
2025-07-04,131,DASH,Dash,19.73724107,243238563.32606822,20334697.47,coinmarketcap_data_api_listings_historical
2025-07-04,8104,1INCH,1inch Network,0.17313414,241344245.49181435,10633351.66,coinmarketcap_data_api_listings_historical
2025-07-04,21585,SAFE,Safe,0.39701888,241002975.42101732,9572405.9,coinmarketcap_data_api_listings_historical
2025-07-04,31526,MOCA,Moca Network,0.07028686,237736193.19031766,20138525.5,coinmarketcap_data_api_listings_historical
2025-07-04,30126,MEW,cat in a dogs world,0.00264693,235283017.82169864,32138866.08,coinmarketcap_data_api_listings_historical
2025-07-04,1455,GLM,Golem,0.22665421,226654207.8352727,18898632.29,coinmarketcap_data_api_listings_historical
2025-07-04,3822,TFUEL,Theta Fuel,0.03230663,225957977.23365474,2486205.1,coinmarketcap_data_api_listings_historical
2025-07-04,4041,MX,MX Token,2.38266491,224711114.75247774,4818256.37,coinmarketcap_data_api_listings_historical
2025-07-04,33788,PNUT,Peanut the Squirrel,0.22397549,223942445.42944425,118569749.58,coinmarketcap_data_api_listings_historical
2025-07-04,35364,PLUME,Plume,0.11016024,220320472.8280767,39238662.09,coinmarketcap_data_api_listings_historical
2025-07-04,8119,SFP,SafePal,0.43999512,219997557.95293564,4288482.71,coinmarketcap_data_api_listings_historical
2025-07-04,9903,CVX,Convex Finance,2.19597565,215573604.0685493,9378200.22,coinmarketcap_data_api_listings_historical
2025-07-04,27750,TOSHI,Toshi,0.00052388,213778603.67990744,31481298.55,coinmarketcap_data_api_listings_historical
2025-07-04,2469,ZIL,Zilliqa,0.0104951,212826532.17205685,28226266.2,coinmarketcap_data_api_listings_historical
2025-07-04,26997,ZRO,LayerZero,1.77608354,210220847.31152052,27152035.89,coinmarketcap_data_api_listings_historical
2025-07-04,5034,KSM,Kusama,12.46545269,208464175.2026437,9460382.97,coinmarketcap_data_api_listings_historical
2025-07-04,8646,MINA,Mina,0.16765653,207927777.95409653,12333960.87,coinmarketcap_data_api_listings_historical
2025-07-04,20641,EURC,EURC,1.17695168,206351453.927746,16328060.42,coinmarketcap_data_api_listings_historical
2025-07-04,1684,QTUM,Qtum,1.94733479,205856846.11990717,46355937.6,coinmarketcap_data_api_listings_historical
2025-07-04,6536,OM,MANTRA,0.20713658,202424450.44851694,48582298.78,coinmarketcap_data_api_listings_historical
2025-07-04,2777,IOTX,IoTeX,0.0210462,198704905.4889755,5522977.41,coinmarketcap_data_api_listings_historical
2025-07-04,24647,BERA,Berachain,1.64783033,198382884.46277457,27235254.56,coinmarketcap_data_api_listings_historical
2025-07-04,2577,RVN,Ravencoin,0.0128775,197391979.72323138,11383127.67,coinmarketcap_data_api_listings_historical
2025-07-04,2586,SNX,Synthetix,0.55689322,191274006.53138041,8347392.6,coinmarketcap_data_api_listings_historical
2025-07-04,10407,BabyDoge,Baby Doge Coin,0.0,188394518.77035904,13216114.52,coinmarketcap_data_api_listings_historical
2025-07-04,1697,BAT,Basic Attention Token,0.12402544,185500927.09929472,14203999.73,coinmarketcap_data_api_listings_historical
2025-07-04,12885,ASTR,Astar,0.02274487,184931313.07348725,7615454.18,coinmarketcap_data_api_listings_historical
2025-07-04,7548,WEMIX,WEMIX,0.40550942,183531325.37228572,2877493.87,coinmarketcap_data_api_listings_historical
2025-07-04,1785,GAS,Gas,2.81985343,183268847.5409712,6517679.45,coinmarketcap_data_api_listings_historical
2025-07-04,1896,ZRX,0x Protocol,0.21514183,182525586.43274605,21307310.39,coinmarketcap_data_api_listings_historical
2025-07-04,32521,NEIRO,Neiro (First Neiro On Ethereum),0.00043103,181329609.91077995,98789083.24,coinmarketcap_data_api_listings_historical
2025-07-04,33093,MOODENG,Moo Deng (moodengsol.com),0.18144616,179626575.40583226,145358236.87,coinmarketcap_data_api_listings_historical
2025-07-04,28850,NOT,Notcoin,0.00179497,178480354.93115437,16202800.14,coinmarketcap_data_api_listings_historical
2025-07-04,6953,FRAX,Frax (prev. FXS),1.96132026,178414754.41186598,6755001.81,coinmarketcap_data_api_listings_historical
2025-07-04,7653,ROSE,Oasis,0.0235536,174061119.61636838,9046863.56,coinmarketcap_data_api_listings_historical
2025-07-04,3012,VTHO,VeThor Token,0.001898,173418458.33455753,2166820.64,coinmarketcap_data_api_listings_historical
2025-07-04,5864,YFI,yearn.finance,5073.01360695,171515208.13118914,15128712.77,coinmarketcap_data_api_listings_historical
2025-07-04,23121,BLUR,Blur,0.0696871,167841436.7757379,16279571.9,coinmarketcap_data_api_listings_historical
2025-07-04,18579,WTRX,Wrapped TRON,0.28222734,24673132102.862698,338254.03,coinmarketcap_data_api_listings_historical
2025-07-04,8085,stETH,Lido Staked ETH,2507.15059395,22822380830.558834,15958392.67,coinmarketcap_data_api_listings_historical
2025-07-04,3717,WBTC,Wrapped Bitcoin,108010.82598166,13935366634.739683,173921056.93,coinmarketcap_data_api_listings_historical
2025-07-04,12409,WSTETH,Lido wstETH,3021.349235,10573489480.749685,3865735.74,coinmarketcap_data_api_listings_historical
2025-07-04,2396,WETH,WETH,2510.19337457,8472699858.125029,795748138.3,coinmarketcap_data_api_listings_historical
2025-07-04,24760,WBETH,Wrapped Beacon ETH,2690.64492263,7437099526.223388,1729300.87,coinmarketcap_data_api_listings_historical
2025-07-04,33039,USDS,USDS,1.00019367,7384473943.843073,2153237.03,coinmarketcap_data_api_listings_historical
2025-07-04,4023,BTCB,Bitcoin BEP2,108034.45002872,7045278480.733573,18899617.47,coinmarketcap_data_api_listings_historical
2025-07-04,36458,AETHWETH,Aave Ethereum WETH,2507.91313932,6854091666.965903,46136.6,coinmarketcap_data_api_listings_historical
2025-07-04,28695,weETH,Wrapped eETH,2690.49578605,6773111180.333402,912749.53,coinmarketcap_data_api_listings_historical
2025-07-04,36457,AETHUSDT,Aave Ethereum USDT,1.00048942,5159468926.844236,38829.17,coinmarketcap_data_api_listings_historical
2025-07-04,32994,CBBTC,Coinbase Wrapped BTC,108114.58762364,4921680843.895135,181535124.97,coinmarketcap_data_api_listings_historical
2025-07-04,29471,sUSDe,Ethena Staked USDe,1.1781698,3142522056.3612404,5058245.67,coinmarketcap_data_api_listings_historical
2025-07-04,22533,JITOSOL,Jito Staked SOL,179.3306175,2637561590.3250904,16762836.31,coinmarketcap_data_api_listings_historical
2025-07-04,22615,FTN,Fasttoken,4.44451905,1938972603.58333,57404142.58,coinmarketcap_data_api_listings_historical
2025-07-04,33652,LBTC,Lombard Staked BTC,107957.36181813,1610882663.5768156,983076.21,coinmarketcap_data_api_listings_historical
2025-07-04,31369,BBTC,BounceBit BTC,107464.60123172,1547458021.580293,58127.42,coinmarketcap_data_api_listings_historical
2025-07-04,28853,JLP,Jupiter Perps LP,4.45462883,1507859566.411273,23260671.13,coinmarketcap_data_api_listings_historical
2025-07-04,32882,BNSOL,Binance Staked SOL,156.6230095,1373079078.6275663,2247035.26,coinmarketcap_data_api_listings_historical
2025-07-04,30506,WZEDX,Wrapped Zedxion,0.32565803,1338571808.1395135,37290612.66,coinmarketcap_data_api_listings_historical
2025-07-04,29242,RSETH,Kelp DAO Restaked ETH,2627.91400414,1202720572.7214055,7638.79,coinmarketcap_data_api_listings_historical
2025-07-04,15060,RETH,Rocket Pool ETH,2855.60845251,1196342556.0852597,10960.69,coinmarketcap_data_api_listings_historical
2025-07-04,7192,WBNB,Wrapped BNB,653.5904604,1034558235.1640178,477914714.43,coinmarketcap_data_api_listings_historical
2025-07-04,29035,METH,Mantle Staked Ether,2680.07956556,952700092.605454,697395.44,coinmarketcap_data_api_listings_historical
2025-07-04,33312,SolvBTC,SolvBTC,107826.87425364,911857500.7900897,883645.63,coinmarketcap_data_api_listings_historical
2025-07-04,7962,vBTC,Venus BTC,2197.77954664,857589183.2090592,0.0,coinmarketcap_data_api_listings_historical
2025-07-04,29520,EZETH,Renzo Restaked ETH,2629.77527573,840880304.766971,111772.08,coinmarketcap_data_api_listings_historical
2025-07-04,36246,stkAAVE,Staked Aave,260.72401665,759400075.1614937,0.0,coinmarketcap_data_api_listings_historical
2025-07-04,27765,ZBU,Zeebu,2.84371198,736438479.896534,434970.18,coinmarketcap_data_api_listings_historical
2025-07-04,11461,MSOL,Marinade Staked SOL,192.8519151,733235902.3042504,4592497.84,coinmarketcap_data_api_listings_historical
2025-07-04,23782,LSETH,Liquid Staked ETH,2711.61215349,731581690.0618175,967478.3,coinmarketcap_data_api_listings_historical
2025-07-04,28476,osETH,StakeWise Staked ETH,2614.90126275,716488793.4913629,0.0,coinmarketcap_data_api_listings_historical
2025-07-04,10240,WFTM,Wrapped Fantom,0.31392583,685925619.5367615,16049.5,coinmarketcap_data_api_listings_historical
2025-07-04,20787,FLZ,Fellaz,1.40806095,664428677.6066,9671978.04,coinmarketcap_data_api_listings_historical
2025-07-04,18852,USDC.e,USD Coin Bridged,1.00014217,640444578.0003476,39769576.79,coinmarketcap_data_api_listings_historical
2025-07-04,29256,USDY,Ondo US Dollar Yield,1.09646739,637438497.3568538,1544264.89,coinmarketcap_data_api_listings_historical
2025-07-04,32307,USD0,Usual USD,0.99841689,621214864.7670112,4208542.29,coinmarketcap_data_api_listings_historical
2025-07-04,26133,TBTC,tBTC,107790.43682555,610464443.3009201,963740.68,coinmarketcap_data_api_listings_historical
2025-07-04,27568,slisBNB,Lista Staked BNB,672.68125364,593635609.0694168,149507.06,coinmarketcap_data_api_listings_historical
2025-07-04,33310,xSolvBTC,xSolvBTC,107630.11088034,590883169.7139009,622.33,coinmarketcap_data_api_listings_historical
2025-07-04,35930,WXTZ,Wrapped XTZ,0.52967854,547080461.5222864,2654622.26,coinmarketcap_data_api_listings_historical
2025-07-04,33978,CMETH,Mantle Restaked Ether,2689.21044539,540714033.977078,2680172.02,coinmarketcap_data_api_listings_historical
2025-07-04,35721,USDf,Falcon USD,1.00017911,540284257.023064,4087876.96,coinmarketcap_data_api_listings_historical
2025-07-04,33981,USD0++,Staked USD0,0.93488356,514816980.81774676,2653007.29,coinmarketcap_data_api_listings_historical
2025-07-04,20721,BTC.b,Bitcoin Avalanche Bridged,108066.97231578,510448941.2408402,13118198.74,coinmarketcap_data_api_listings_historical
2025-07-04,33055,clisBNB,clisBNB,653.6438,496167559.0251315,1445510.52,coinmarketcap_data_api_listings_historical
2025-07-04,7961,vBNB,Venus BNB,16.21663645,476779722.2613403,476849527.11,coinmarketcap_data_api_listings_historical
2025-07-04,3987,BDX,Beldex,0.06014049,429816314.33340466,2868233.09,coinmarketcap_data_api_listings_historical
2025-07-04,27566,ETHX,Stader ETHx,2649.40136292,385133078.37662846,0.0,coinmarketcap_data_api_listings_historical
2025-07-04,33696,EBTC,ether.fi Staked BTC,107719.5255103,361827210.44255865,222242.75,coinmarketcap_data_api_listings_historical
2025-07-04,28568,EETH,ether.fi Staked ETH,2494.37879101,357779338.18259454,1947.24,coinmarketcap_data_api_listings_historical
2025-07-04,2394,TEL,Telcoin,0.00384979,350359164.2180123,873544.58,coinmarketcap_data_api_listings_historical
2025-07-04,7957,vUSDT,Venus USDT,0.02558742,349993846.1024341,0.0,coinmarketcap_data_api_listings_historical
2025-07-04,21535,cbETH,Coinbase Wrapped Staked ETH,2767.02685571,347386015.2566204,8242999.96,coinmarketcap_data_api_listings_historical
2025-07-04,33793,USDG,Global Dollar,0.99982968,332539472.3672479,19271459.84,coinmarketcap_data_api_listings_historical
2025-07-04,28654,UPC,UPCX,3.54412102,325517091.1153738,974094.63,coinmarketcap_data_api_listings_historical
2025-07-04,9067,OHM,Olympus v2,20.19918803,324316066.0893825,94528.08,coinmarketcap_data_api_listings_historical
2025-07-04,33469,WCHZ,Wrapped Chiliz,0.03488949,321220223.0366168,34678.56,coinmarketcap_data_api_listings_historical
2025-07-04,6952,FRAX,Legacy Frax Dollar,0.99906049,314105711.27443194,293186.28,coinmarketcap_data_api_listings_historical
2025-07-04,3626,rBTC,Rootstock Bitcoin,107717.37459729,300954810.3330614,0.0,coinmarketcap_data_api_listings_historical
2025-07-04,23054,CHEEL,Cheelee,5.17457523,294045218.07456446,5186116.68,coinmarketcap_data_api_listings_historical
2025-07-04,34143,WHITE,WhiteRock,0.00044164,287067547.4717622,975955.14,coinmarketcap_data_api_listings_historical
2025-07-04,36068,CUSDO,OpenEden Compounding OpenDollar,1.01911088,280277240.74143887,702563.4,coinmarketcap_data_api_listings_historical
2025-07-04,9462,WAVAX,Wrapped AVAX,17.82367732,278547613.96251184,64373036.04,coinmarketcap_data_api_listings_historical
2025-07-04,32272,PUMPBTC,pumpBTC (Rehypothecated BTC),101626.42809093,263329159.12684342,0.0,coinmarketcap_data_api_listings_historical
2025-07-04,23177,SFRXETH,Frax Staked Ether,2856.0328771,262385332.2282389,0.0,coinmarketcap_data_api_listings_historical
2025-07-04,36828,USELESS,Useless Coin,0.2599979,259979143.89355743,23060046.09,coinmarketcap_data_api_listings_historical
2025-07-04,29082,SAROS,Saros,0.21808198,254317649.33497137,6350090.04,coinmarketcap_data_api_listings_historical
2025-07-04,8353,BETH,Beacon ETH,2508.05213756,253245548.48584342,7529075.53,coinmarketcap_data_api_listings_historical
2025-07-04,36066,KTA,Keeta,0.59559991,240529929.46966404,8189917.33,coinmarketcap_data_api_listings_historical
2025-07-04,18523,sAVAX,BENQI Liquid Staked AVAX,21.64284818,240340785.3183575,130756.77,coinmarketcap_data_api_listings_historical
2025-07-04,28293,ULTIMA,Ultima,6347.79103923,237464514.98647293,23001130.26,coinmarketcap_data_api_listings_historical
2025-07-04,14280,EUL,Euler,11.43201009,224671881.65798154,785527.17,coinmarketcap_data_api_listings_historical
2025-07-04,16116,SOL,Wrapped Solana,147.74454827,221026874.4248619,671176723.49,coinmarketcap_data_api_listings_historical
2025-07-04,22059,VENOM,Venom,0.20740603,205107821.55997145,1193383.41,coinmarketcap_data_api_listings_historical
2025-07-04,30605,ALE,Ailey,0.54563429,193643336.9022623,3684191.98,coinmarketcap_data_api_listings_historical
2025-07-04,2499,BORG,SwissBorg,0.19465964,191273034.47395372,154468.8,coinmarketcap_data_api_listings_historical
2025-07-04,24735,WPLS,Wrapped Pulse,2.493e-05,191105083.127911,5574185.69,coinmarketcap_data_api_listings_historical
2025-07-04,12760,INF,Sanctum Infinity,197.5465483,186055324.61087647,215262.89,coinmarketcap_data_api_listings_historical
2025-07-04,24257,LGCT,Legacy Token,1.72141499,182710037.96200672,6629934.5,coinmarketcap_data_api_listings_historical
2025-07-04,36922,H,Humanity Protocol,0.09685856,176766869.07255092,457288269.53,coinmarketcap_data_api_listings_historical
2025-07-04,10180,GOMINING,GoМining,0.42063647,171415365.6584047,24559799.14,coinmarketcap_data_api_listings_historical
2025-07-04,28862,BSOL,BlazeStake Staked SOL,181.52276166,170286354.7949508,1239110.36,coinmarketcap_data_api_listings_historical
2025-07-04,14926,JSOL,JPool Staked SOL (JSOL),188.91260883,169531348.83664086,309.14,coinmarketcap_data_api_listings_historical
2025-07-04,35293,asBNB,Aster asBNB,691.53683542,168611549.29476696,0.0,coinmarketcap_data_api_listings_historical
2025-07-04,36044,NXPC,NEXPACE,0.91240779,167728976.07467005,19513033.81,coinmarketcap_data_api_listings_historical
2025-07-04,34026,AI16Z,ai16z,0.15167416,166841336.71455553,53267531.86,coinmarketcap_data_api_listings_historical
2025-07-04,24875,STRX,Staked TRX,0.34301968,166763680.8542667,2015707.12,coinmarketcap_data_api_listings_historical
2025-07-04,29402,HASUI,Haedal Staked SUI,3.04966648,165923236.7794425,1676015.4,coinmarketcap_data_api_listings_historical
2025-07-04,36671,SAHARA,Sahara AI,0.08091273,165061967.1178279,162404550.28,coinmarketcap_data_api_listings_historical
2025-07-04,6958,ACH,Alchemy Pay,0.01790573,165039950.83719918,17340005.44,coinmarketcap_data_api_listings_historical
2025-07-04,31024,DEUSD,Elixir deUSD,0.9999785,164874438.4434524,531930.02,coinmarketcap_data_api_listings_historical
2025-07-04,1042,SC,Siacoin,0.00292428,163834620.98038343,6159550.76,coinmarketcap_data_api_listings_historical
2025-07-04,35347,MELANIA,Official Melania Meme,0.19954596,163627286.45774323,7093832.51,coinmarketcap_data_api_listings_historical
2025-07-04,7184,KOGE,48 Club Token,48.0144649,162683975.0174346,721093978.16,coinmarketcap_data_api_listings_historical
2025-07-04,29169,QUBIC,Qubic,1.35e-06,162271453.9490845,2337180.74,coinmarketcap_data_api_listings_historical
2025-07-04,6758,SUSHI,SushiSwap,0.58884984,162132170.49638915,27246929.79,coinmarketcap_data_api_listings_historical
2025-07-04,21259,ZETA,ZetaChain,0.17447595,161597447.07444108,22462932.32,coinmarketcap_data_api_listings_historical
2025-07-04,21846,ID,SPACE ID,0.15034304,161541600.37754568,9317816.86,coinmarketcap_data_api_listings_historical
2025-07-04,4948,CKB,Nervos Network,0.00337514,158022153.12966594,10985390.99,coinmarketcap_data_api_listings_historical
2025-07-04,2467,TRAC,OriginTrail,0.31481908,157408911.51883575,2352839.37,coinmarketcap_data_api_listings_historical
2025-07-04,17751,T,Threshold,0.01547201,156735710.6453008,8805447.75,coinmarketcap_data_api_listings_historical
2025-07-04,34691,USDtb,Ethena Labs (USDtb),0.99972641,156214538.79007852,2277951.86,coinmarketcap_data_api_listings_historical
2025-07-04,5567,CELO,Celo,0.26799751,154374472.40886092,13962664.6,coinmarketcap_data_api_listings_historical
2025-07-04,25028,ORDI,ORDI,7.32640232,153854448.6557579,55599986.24,coinmarketcap_data_api_listings_historical
2025-07-04,2299,ELF,aelf,0.19769943,151318499.42668393,5463818.04,coinmarketcap_data_api_listings_historical
2025-07-04,1757,FUN,FUNToken,0.01387665,150120412.22567222,122881832.34,coinmarketcap_data_api_listings_historical
2025-07-04,32257,UXLINK,UXLINK,0.36090994,147596547.63308325,142072080.91,coinmarketcap_data_api_listings_historical
2025-07-04,30063,GIGA,Gigachad,0.01571383,146176493.33530986,4992329.23,coinmarketcap_data_api_listings_historical
2025-07-04,2989,EURS,STASIS EURO,1.17194708,145469033.1148899,2725.13,coinmarketcap_data_api_listings_historical
2025-07-04,34118,BANANAS31,Banana For Scale,0.01451056,145105569.09751323,56117500.61,coinmarketcap_data_api_listings_historical
2025-07-04,2682,HOT,Holo,0.00082061,143615134.23543787,5635257.57,coinmarketcap_data_api_listings_historical
2025-07-04,3783,ANKR,Ankr,0.01420344,142034416.87216637,11093057.22,coinmarketcap_data_api_listings_historical
2025-07-04,29325,PUFETH,pufETH,2602.32038503,141595700.7747085,0.0,coinmarketcap_data_api_listings_historical
2025-07-04,25264,SNEK,Snek,0.00189594,141379226.1854054,775339.07,coinmarketcap_data_api_listings_historical
2025-07-04,11857,GMX,GMX,13.82988871,141059410.7509549,10450597.34,coinmarketcap_data_api_listings_historical
2025-07-04,21296,ETHW,EthereumPoW,1.30803096,141030588.37550962,9677462.38,coinmarketcap_data_api_listings_historical
2025-07-04,3945,ONE,Harmony,0.00962594,140984032.90561163,7773859.28,coinmarketcap_data_api_listings_historical
2025-07-04,5899,CSPR,Casper,0.01050848,138856394.6422564,3664162.74,coinmarketcap_data_api_listings_historical
2025-07-04,19269,COW,CoW Protocol,0.28425657,138643780.87817883,16954578.43,coinmarketcap_data_api_listings_historical
2025-07-04,9258,XCH,Chia,9.47167892,136503241.31746516,5498965.54,coinmarketcap_data_api_listings_historical
2025-07-04,4120,PROM,Prom,7.47522272,136422814.5946885,6539239.82,coinmarketcap_data_api_listings_historical
2025-07-04,31278,DRIFT,Drift,0.40067369,136229449.43821567,34548249.24,coinmarketcap_data_api_listings_historical
2025-07-04,31843,AURA,Aura,0.13951987,134397906.72483578,7835686.16,coinmarketcap_data_api_listings_historical
2025-07-04,34330,FAI,Freysa,0.01631737,133634370.95944272,2489371.46,coinmarketcap_data_api_listings_historical
2025-07-04,8534,CHEX,Chintai,0.13159179,131449704.83251365,2515838.3,coinmarketcap_data_api_listings_historical
2025-07-04,109,DGB,DigiByte,0.00734783,130640352.95709029,1547213.91,coinmarketcap_data_api_listings_historical
2025-07-04,30986,KMNO,Kamino Finance,0.05825057,130465331.43755461,7184980.69,coinmarketcap_data_api_listings_historical
2025-07-04,35429,LAYER,Solayer,0.620667,130340070.30768073,23390832.8,coinmarketcap_data_api_listings_historical
2025-07-04,32003,AXLFRXETH,Axelar Wrapped Frax Eth,2496.41254113,130240788.03754456,0.0,coinmarketcap_data_api_listings_historical
2025-07-04,2099,ICX,ICON,0.12149006,129905041.33648852,2852731.77,coinmarketcap_data_api_listings_historical
2025-07-04,32864,AUSD,AUSD,0.99958238,128851983.29268783,169964216.25,coinmarketcap_data_api_listings_historical
2025-07-04,18069,GMT,GMT,0.04306725,126423026.16804841,19898504.12,coinmarketcap_data_api_listings_historical
2025-07-04,34619,VANA,Vana,4.20227438,126421222.49591716,11565581.14,coinmarketcap_data_api_listings_historical
2025-07-04,7501,WOO,WOO,0.06541436,124891948.52097972,8949556.05,coinmarketcap_data_api_listings_historical
2025-07-04,1274,WAVES,Waves,1.04934131,124026108.57791755,66365501.63,coinmarketcap_data_api_listings_historical
2025-07-04,4691,ZANO,Zano,9.22871801,123958174.64020768,1720900.68,coinmarketcap_data_api_listings_historical
2025-07-04,5647,KDA,Kadena,0.38262855,123770706.13970102,5415144.85,coinmarketcap_data_api_listings_historical
2025-07-04,34103,AIXBT,aixbt,0.13003599,122984441.54575896,44594168.88,coinmarketcap_data_api_listings_historical
2025-07-04,9260,ZIG,ZIGChain,0.08697429,122541618.75937784,1984727.24,coinmarketcap_data_api_listings_historical
2025-07-04,35701,GOHOME,GOHOME,245.08662609,122517578.94896136,7951574.52,coinmarketcap_data_api_listings_historical
2025-07-04,29884,DSYNC,Destra Network,0.12451644,121397014.20166507,1207061.33,coinmarketcap_data_api_listings_historical
2025-07-04,34880,ALCH,Alchemist AI,0.14276293,121348492.3062898,36194048.22,coinmarketcap_data_api_listings_historical
2025-07-04,20362,POLYX,Polymesh,0.12371323,120955797.11742723,3123777.66,coinmarketcap_data_api_listings_historical
2025-07-04,2130,ENJ,Enjin Coin,0.06420256,119302325.90105455,10510375.76,coinmarketcap_data_api_listings_historical
2025-07-04,8536,MASK,Mask Network,1.19215213,119215212.67373574,21631197.83,coinmarketcap_data_api_listings_historical
2025-07-04,2765,XYO,XYO,0.00883982,119132066.77786355,8606227.69,coinmarketcap_data_api_listings_historical
2025-07-04,7958,vUSDC,Venus USDC,0.02570533,118738032.06077611,0.0,coinmarketcap_data_api_listings_historical
2025-07-04,28656,VCNT,ViciCoin,19.48049882,118618934.74794078,207390.65,coinmarketcap_data_api_listings_historical
2025-07-04,30030,EDGESOL,Edgevana Staked SOL,179.60184112,117715259.88709643,815.3,coinmarketcap_data_api_listings_historical
2025-07-04,32198,BABY,Babylon,0.04720679,116679993.76773426,14229522.99,coinmarketcap_data_api_listings_historical
2025-07-04,4006,AWE,AWE,0.06006383,116669209.60856777,30502116.0,coinmarketcap_data_api_listings_historical
2025-07-04,29835,IO,io.net,0.68718217,115975144.40380768,20153605.14,coinmarketcap_data_api_listings_historical
2025-07-04,27960,NPC,Non-Playable Coin,0.01560031,115950218.78453809,2403834.31,coinmarketcap_data_api_listings_historical
2025-07-04,24927,CRVUSD,crvUSD,0.99972533,115884622.3186182,7066754.06,coinmarketcap_data_api_listings_historical
2025-07-04,4279,SXP,Solar,0.17857897,115785470.31482346,18840542.86,coinmarketcap_data_api_listings_historical
2025-07-04,1698,ZEN,Horizen,7.1416724,115089947.65574317,12867476.41,coinmarketcap_data_api_listings_historical
2025-07-04,7429,LQTY,Liquity,1.2071341,114730207.55933656,21734304.2,coinmarketcap_data_api_listings_historical
2025-07-04,12894,SQD,Subsquid,0.17039942,114098093.48503803,25369042.8,coinmarketcap_data_api_listings_historical
2025-07-04,11165,ORCA,Orca,1.90159325,114014328.17920013,20345936.86,coinmarketcap_data_api_listings_historical
2025-07-04,2071,REQ,Request,0.13756351,113379615.87499827,2553855.74,coinmarketcap_data_api_listings_historical
2025-07-04,1567,XNO,Nano,0.85024327,113293467.13686094,654892.03,coinmarketcap_data_api_listings_historical
2025-07-04,32968,AIC,AI Companions,0.14894148,111706062.84047967,5833882.23,coinmarketcap_data_api_listings_historical
2025-07-04,32120,G,Gravity (by Galxe),0.0115211,111553549.05024529,25961255.33,coinmarketcap_data_api_listings_historical
2025-07-04,32197,ME,Magic Eden,0.7288293,109400409.35839498,14380862.67,coinmarketcap_data_api_listings_historical
2025-07-04,3992,COTI,COTI,0.04948165,109292434.612107,8122662.4,coinmarketcap_data_api_listings_historical
2025-07-04,5566,KEEP,Keep Network,0.11280867,109174774.7153001,11045.12,coinmarketcap_data_api_listings_historical
2025-07-04,2566,ONT,Ontology,0.11867042,108547579.16952726,6857880.59,coinmarketcap_data_api_listings_historical
2025-07-04,3801,BORA,BORA,0.09860617,108442132.29805997,4127730.18,coinmarketcap_data_api_listings_historical
2025-07-04,35487,LAUNCHCOIN,Launch Coin on Believe,0.10773546,107721919.13775688,38073075.74,coinmarketcap_data_api_listings_historical
2025-07-04,4950,LCX,LCX,0.11315753,106644128.80933776,654479.1,coinmarketcap_data_api_listings_historical
2025-07-04,23951,STIK,Staika,0.86375998,105283954.07844597,157689.7,coinmarketcap_data_api_listings_historical
2025-07-04,5370,HIVE,Hive,0.21024841,105281730.55666557,3447814.51,coinmarketcap_data_api_listings_historical
2025-07-04,7963,vETH,Venus ETH,52.31786429,105231975.05376647,105195477.12,coinmarketcap_data_api_listings_historical
2025-07-04,2341,SWFTC,SwftCoin,0.01050916,105091628.1878722,1258674.08,coinmarketcap_data_api_listings_historical
2025-07-04,32591,sSOL,Solayer SOL,161.34610263,104936864.98434903,188535.27,coinmarketcap_data_api_listings_historical
2025-07-04,1759,SNT,Status,0.02608236,104730156.45948867,11792116.66,coinmarketcap_data_api_listings_historical
2025-07-04,29870,BOME,BOOK OF MEME,0.00151891,104697981.64972262,38918575.19,coinmarketcap_data_api_listings_historical
2025-07-04,28480,BLAST,Blast,0.0025298,104253506.21093114,116485471.56,coinmarketcap_data_api_listings_historical
2025-07-04,20314,LUNA,Terra,0.14663767,104110463.35728623,12012317.33,coinmarketcap_data_api_listings_historical
2025-07-04,2943,RPL,Rocket Pool,4.82105763,103871390.09680504,8073759.16,coinmarketcap_data_api_listings_historical
2025-07-04,12220,OSMO,Osmosis,0.14121485,103828909.33022873,4398364.27,coinmarketcap_data_api_listings_historical
2025-07-04,5275,PCI,Paycoin,0.09830097,103391447.74588339,11006744.96,coinmarketcap_data_api_listings_historical
2025-07-04,32193,ALEO,Aleo,0.24010247,102565859.29795955,8223423.16,coinmarketcap_data_api_listings_historical
2025-07-04,13769,WMTX,World Mobile Token,0.14523706,102068840.82595012,4366603.63,coinmarketcap_data_api_listings_historical
2025-07-04,16093,KUB,KUB Coin,1.47868447,101991930.23187661,538833.09,coinmarketcap_data_api_listings_historical
2025-07-04,5691,SKL,SKALE,0.01717769,101728027.60924952,8880753.56,coinmarketcap_data_api_listings_historical
2025-07-04,17520,ORBR,Orbler,0.10009897,101659189.58839202,117343.12,coinmarketcap_data_api_listings_historical
2025-07-04,29401,VSUI,Volo Staked SUI,3.01562036,101299750.57709321,182158.23,coinmarketcap_data_api_listings_historical
2025-07-04,7127,VELO,Velo,0.01367995,101101341.1428036,129609256.43,coinmarketcap_data_api_listings_historical
2025-07-04,1772,STORJ,Storj,0.24375577,100908400.52392723,8376040.03,coinmarketcap_data_api_listings_historical
2025-07-04,6748,CFG,Centrifuge,0.17983579,100839909.50808279,937193.86,coinmarketcap_data_api_listings_historical
2025-07-04,27565,ARKM,Arkham,0.44675645,100564876.89004803,32764732.09,coinmarketcap_data_api_listings_historical
2025-07-04,1934,LRC,Loopring,0.07257377,99214033.65186813,16055037.05,coinmarketcap_data_api_listings_historical
2025-07-04,29335,PIXEL,Pixels,0.0331749,98783197.99658966,28080281.36,coinmarketcap_data_api_listings_historical
2025-07-04,28230,BIGTIME,Big Time,0.05079749,98658083.58563764,21167664.69,coinmarketcap_data_api_listings_historical
2025-07-04,27178,PAAL,PAAL AI,0.10094149,98518401.45626716,5845344.6,coinmarketcap_data_api_listings_historical
2025-07-04,36405,SXT,Space and Time,0.06967294,97542112.11682533,17002962.99,coinmarketcap_data_api_listings_historical
2025-07-04,5279,SOLO,Sologenic,0.24447343,97491790.54256892,2647456.15,coinmarketcap_data_api_listings_historical
2025-07-04,33440,GOAT,Goatseus Maximus,0.09742334,97422633.51720122,23785099.28,coinmarketcap_data_api_listings_historical
2025-07-04,4944,TRB,Tellor,36.28517134,97343063.71159454,16443941.92,coinmarketcap_data_api_listings_historical
2025-07-04,29073,ALT,Altlayer,0.02586402,97123209.74537987,11259955.69,coinmarketcap_data_api_listings_historical
2025-07-04,32454,USDL,Lift Dollar,0.99940029,96028620.72894461,1120707.99,coinmarketcap_data_api_listings_historical
2025-07-04,36510,LA,Lagrange,0.49708719,95937827.20223017,18895290.66,coinmarketcap_data_api_listings_historical
2025-07-04,30168,STRAX,Stratis [New],0.04837459,95849999.38318348,61201300.52,coinmarketcap_data_api_listings_historical
2025-07-04,9640,METIS,Metis,14.69527315,94557239.76696268,8865071.5,coinmarketcap_data_api_listings_historical
2025-07-04,7288,XVS,Venus,5.75657866,94424722.07641634,5116357.4,coinmarketcap_data_api_listings_historical
2025-07-04,22125,MYTH,Mythos,0.10945992,93816845.20165624,774801.3,coinmarketcap_data_api_listings_historical
2025-07-04,5617,UMA,UMA,1.06464234,93816810.54945289,6906435.73,coinmarketcap_data_api_listings_historical
2025-07-04,2868,DAG,Constellation,0.0324037,93110351.97368184,3039155.54,coinmarketcap_data_api_listings_historical
2025-07-04,2933,BMX,BitMart Token,0.28698888,93065216.42391764,5919761.08,coinmarketcap_data_api_listings_historical
2025-07-04,34753,WS,Wrapped Sonic,0.3109834,93005169.34666552,13193256.68,coinmarketcap_data_api_listings_historical
2025-07-04,32027,STAPT,Amnis Staked Aptos coin,5.03582005,92774261.08611552,349.33,coinmarketcap_data_api_listings_historical
2025-07-04,25147,SWETH,swETH,2749.86635217,92202782.30796702,204542.86,coinmarketcap_data_api_listings_historical
2025-07-04,35319,ANIME,Animecoin,0.01659985,91940028.25213248,15030554.45,coinmarketcap_data_api_listings_historical
2025-07-04,29974,RSWETH,Restaked Swell Ethereum,2593.36180002,91297854.26690024,3208.02,coinmarketcap_data_api_listings_historical
2025-07-04,15271,RLB,Rollbit Coin,0.04486587,91297095.94585635,210416.97,coinmarketcap_data_api_listings_historical
2025-07-04,12999,SSV,ssv.network,7.15478055,91001908.86905679,12755161.04,coinmarketcap_data_api_listings_historical
2025-07-04,14519,VVS,VVS Finance,1.87e-06,90972810.85268244,228940.75,coinmarketcap_data_api_listings_historical
2025-07-04,22052,SN,SpaceN,2.26893671,90780157.88595253,79458.95,coinmarketcap_data_api_listings_historical
2025-07-04,4679,BAND,Band Protocol,0.55468072,90485435.32609627,10369778.45,coinmarketcap_data_api_listings_historical
2025-07-04,32461,NEIRO,Neiro Ethereum,0.08873108,88731077.25825731,2666255.72,coinmarketcap_data_api_listings_historical
2025-07-04,12573,CPOOL,Clearpool,0.11334376,88672923.85853697,1820075.36,coinmarketcap_data_api_listings_historical
2025-07-04,31838,COOKIE,Cookie DAO,0.16184187,88633633.7226289,18575295.59,coinmarketcap_data_api_listings_historical
2025-07-04,32306,FBTC,Function,108365.52377896,88582850.99404518,127745.71,coinmarketcap_data_api_listings_historical
2025-07-04,29585,NMD,Nexusmind,8.64159461,88554740.7753861,128514.34,coinmarketcap_data_api_listings_historical
2025-07-04,23711,PRIME,Echelon Prime,2.47035427,88374060.9947902,4942607.17,coinmarketcap_data_api_listings_historical
2025-07-04,1816,CVC,Civic,0.08780346,87803456.18294019,5842115.94,coinmarketcap_data_api_listings_historical
2025-07-04,14806,PEOPLE,ConstitutionDAO,0.01733205,87702537.52071735,29669721.4,coinmarketcap_data_api_listings_historical
2025-07-04,19743,MSQ,MSQUARE GLOBAL,14.61910686,87569955.8300523,1673650.35,coinmarketcap_data_api_listings_historical
2025-07-04,2132,POWR,Powerledger,0.15202611,86306895.75425132,4800784.24,coinmarketcap_data_api_listings_historical
2025-07-04,5350,XPR,XPR Network,0.00310569,85979294.7197928,1645302.4,coinmarketcap_data_api_listings_historical
2025-07-04,36511,SLT,SLT,10.07266824,85617680.06382918,62760.32,coinmarketcap_data_api_listings_historical
2025-07-04,35509,VVV,Venice Token,2.69988591,85490960.93749602,3258223.99,coinmarketcap_data_api_listings_historical
2025-07-04,33849,HSK,HashKey Platform Token,0.64454526,85402246.85500814,6084988.66,coinmarketcap_data_api_listings_historical
2025-07-04,2405,IOST,IOST,0.00325138,85221053.7432322,5687473.81,coinmarketcap_data_api_listings_historical
2025-07-04,693,XVG,Verge,0.00512451,84666896.56618953,3034749.09,coinmarketcap_data_api_listings_historical
2025-07-04,1974,PRO,Propy,0.84560076,84560075.98466614,6883358.57,coinmarketcap_data_api_listings_historical
2025-07-04,21870,MPLX,Metaplex,0.11161938,84363398.15429825,5091516.48,coinmarketcap_data_api_listings_historical
2025-07-04,9543,BICO,Biconomy,0.08747873,84283434.21957897,6548896.96,coinmarketcap_data_api_listings_historical
2025-07-04,2300,WAXP,WAX,0.01908849,84227234.94897197,3506005.77,coinmarketcap_data_api_listings_historical
2025-07-04,2982,MVL,MVL,0.00310705,83588907.24041806,849316.9,coinmarketcap_data_api_listings_historical
2025-07-04,8083,LON,Tokenlon Network Token,0.69139576,83101570.74501152,72449.45,coinmarketcap_data_api_listings_historical
2025-07-04,28933,XAI,Xai,0.04888809,81286934.04082799,14443888.74,coinmarketcap_data_api_listings_historical
2025-07-04,30651,QAI,QuantixAI,100.27089403,80630112.74295034,6456119.22,coinmarketcap_data_api_listings_historical
2025-07-04,1320,ARDR,Ardor,0.07971449,79592228.7325714,4317726.77,coinmarketcap_data_api_listings_historical
2025-07-04,5908,DKA,dKargo,0.0158924,79462008.6789886,1580074.37,coinmarketcap_data_api_listings_historical
2025-07-04,1586,ARK,Ark,0.41853276,79416893.17618035,91172017.5,coinmarketcap_data_api_listings_historical
2025-07-04,34812,BIO,Bio Protocol,0.05044145,79219559.13705556,12209751.49,coinmarketcap_data_api_listings_historical
2025-07-04,2930,IQ,IQ,0.00354496,79216487.41614728,2749897.64,coinmarketcap_data_api_listings_historical
2025-07-04,22850,HONEY,Hivemapper,0.01744784,78129175.32878684,799143.3,coinmarketcap_data_api_listings_historical
2025-07-04,36743,TIBBIR,Ribbita by Virtuals,0.07812377,78123770.9499268,1324743.67,coinmarketcap_data_api_listings_historical
2025-07-04,11948,XRD,Radix,0.00661752,77970196.0250986,213482.92,coinmarketcap_data_api_listings_historical
2025-07-04,35600,SIGN,Sign,0.06494033,77928397.38332394,8505710.55,coinmarketcap_data_api_listings_historical
2025-07-04,36761,EGL1,EGL1,0.07787282,77872815.60164146,138491384.67,coinmarketcap_data_api_listings_historical
2025-07-04,10688,YGG,Yield Guild Games,0.14674062,77390540.98015364,12148567.16,coinmarketcap_data_api_listings_historical
2025-07-04,28194,SATS,SATS (Ordinals),4e-08,77155520.3706,20066508.69,coinmarketcap_data_api_listings_historical
2025-07-04,6841,PHA,Phala Network,0.0959889,76943291.6152922,10167855.2,coinmarketcap_data_api_listings_historical
2025-07-04,36039,FRXUSD,Frax USD,0.99963437,76650053.60239929,0.0,coinmarketcap_data_api_listings_historical
2025-07-04,33372,CARV,CARV,0.26033109,76390538.09090716,175036676.91,coinmarketcap_data_api_listings_historical
2025-07-04,11706,ACT,Acet,0.06062727,76271230.92459051,347144.53,coinmarketcap_data_api_listings_historical
2025-07-04,3029,FLUX,Flux,0.19653015,76097406.05921012,4773488.45,coinmarketcap_data_api_listings_historical
2025-07-04,21707,RED,RedStone,0.27110393,75909100.15445016,7510422.0,coinmarketcap_data_api_listings_historical
2025-07-04,14588,PEAQ,peaq,0.07660199,75852250.3247548,4917672.14,coinmarketcap_data_api_listings_historical
2025-07-04,7978,FIDA,Solana Name Service (previously Bonfida),0.0765173,75821869.93710323,15113677.06,coinmarketcap_data_api_listings_historical
2025-07-04,30096,DEGEN,Degen,0.00333437,75750237.4464164,8478825.92,coinmarketcap_data_api_listings_historical
2025-07-04,13631,MANTA,Manta Network,0.18063817,75642459.47929844,13348316.19,coinmarketcap_data_api_listings_historical
2025-07-04,29599,USDB,USDB,0.99891842,75298500.45812312,451306.15,coinmarketcap_data_api_listings_historical
2025-07-04,9040,PUNDIX,Pundi X (New),0.29022766,74990921.17362659,18768473.43,coinmarketcap_data_api_listings_historical
2025-07-04,28301,MEME,Memecoin,0.00148758,74602085.8936153,18126649.05,coinmarketcap_data_api_listings_historical
2025-07-04,23355,0x0,0x0.ai,0.08567974,74418287.92175661,495905.07,coinmarketcap_data_api_listings_historical
2025-07-04,1712,QRL,Quantum Resistant Ledger,1.09391628,74317575.98569751,114964.88,coinmarketcap_data_api_listings_historical
2025-07-04,1762,ERG,Ergo,0.9140207,74315830.215572,211998.91,coinmarketcap_data_api_listings_historical
2025-07-04,11289,SPELL,Spell Token,0.00045307,73982308.59206991,8989408.48,coinmarketcap_data_api_listings_historical
2025-07-04,7455,AUDIO,Audius,0.05512419,73697833.19196877,5443111.61,coinmarketcap_data_api_listings_historical
2025-07-04,34434,REKT,Rekt (rektcoin.com),2.9e-07,73406750.80151378,4473304.04,coinmarketcap_data_api_listings_historical
2025-07-04,3835,ORBS,Orbs,0.0183696,73288759.38135657,5597494.38,coinmarketcap_data_api_listings_historical
2025-07-04,1214,LSK,Lisk,0.37546253,72934409.49502182,4683679.94,coinmarketcap_data_api_listings_historical
2025-07-04,5266,MLK,MiL.k,0.15253808,72459423.71100172,6080777.05,coinmarketcap_data_api_listings_historical
2025-07-04,20605,TAI,TARS AI,0.08115327,72404117.25234985,7578773.44,coinmarketcap_data_api_listings_historical
2025-07-04,36861,NEWT,Newton Protocol,0.33628314,72300874.48167016,213180429.76,coinmarketcap_data_api_listings_historical
2025-07-04,29676,AEVO,Aevo,0.07966154,72285540.00775579,10558140.96,coinmarketcap_data_api_listings_historical
2025-07-04,28932,DYM,Dymension,0.22587889,72241347.50509295,8542546.2,coinmarketcap_data_api_listings_historical
2025-07-04,30712,MERL,Merlin Chain,0.09962683,72229448.64073807,13073085.01,coinmarketcap_data_api_listings_historical
2025-07-04,27533,OSAK,Osaka Protocol,1e-07,72080365.91491982,171388.67,coinmarketcap_data_api_listings_historical
2025-07-04,25114,CETUS,Cetus Protocol,0.08916894,72078226.61749162,8237718.05,coinmarketcap_data_api_listings_historical
2025-07-04,35637,BDCA,BitDCA,0.95556789,71604285.61749692,238473.82,coinmarketcap_data_api_listings_historical
2025-07-04,11823,POKT,Pocket Network,0.03531753,71047578.07701476,3880031.1,coinmarketcap_data_api_listings_historical
2025-07-04,34830,BGSC,BugsCoin,0.00605666,70036229.62508118,7348303.45,coinmarketcap_data_api_listings_historical
2025-07-04,14532,WCRO,Wrapped CRO,0.08088036,70006858.52428895,386406.35,coinmarketcap_data_api_listings_historical
2025-07-04,3330,USDP,Pax Dollar,1.00070617,70002848.42923889,4642906.4,coinmarketcap_data_api_listings_historical
2025-07-04,7129,USTC,TerraClassicUSD,0.01245336,69664555.18226857,3516499.08,coinmarketcap_data_api_listings_historical
2025-07-04,3217,ONG,Ontology Gas,0.16527443,69218750.4349236,3890549.5,coinmarketcap_data_api_listings_historical
2025-07-04,33979,USUAL,Usual,0.06528115,68125692.90450503,21109547.55,coinmarketcap_data_api_listings_historical
2025-07-04,1727,BNT,Bancor,0.59075376,68047804.53237887,5103348.75,coinmarketcap_data_api_listings_historical
2025-07-04,28066,BANANA,Banana Gun,17.04695536,67907649.42345856,10799584.79,coinmarketcap_data_api_listings_historical
2025-07-04,29960,SHFL,Shuffle,0.2200396,67520284.41075271,1987054.73,coinmarketcap_data_api_listings_historical
2025-07-04,32068,GCB,Global Commercial Business,0.05577066,67027671.96321777,43889.55,coinmarketcap_data_api_listings_historical
2025-07-04,2545,ABT,Arcblock,0.67420769,66446070.8096011,351190.61,coinmarketcap_data_api_listings_historical
2025-07-04,3978,CHR,Chromia,0.07834497,66137405.88883507,5482651.17,coinmarketcap_data_api_listings_historical
2025-07-04,29150,PONKE,Ponke,0.11895017,66082079.75081484,7243150.3,coinmarketcap_data_api_listings_historical
2025-07-04,1230,STEEM,Steem,0.12722066,65842433.59334095,10027563.92,coinmarketcap_data_api_listings_historical
2025-07-04,30008,APU,Apu Apustaja,0.00019405,65568965.41625593,1604968.01,coinmarketcap_data_api_listings_historical
2025-07-04,21330,lisUSD,lisUSD,0.99952536,64997938.70547827,63689.26,coinmarketcap_data_api_listings_historical
2025-07-04,32698,DOGS,DOGS,0.00012525,64723568.7476178,12735911.79,coinmarketcap_data_api_listings_historical
2025-07-04,22620,ACX,Across Protocol,0.13070018,64429954.23701889,13618018.57,coinmarketcap_data_api_listings_historical
2025-07-04,24007,AGI,Delysium,0.04621842,64381180.1013409,10024929.67,coinmarketcap_data_api_listings_historical
2025-07-04,28596,AEUR,Anchored Coins AEUR,1.12725829,64264549.42164001,35232.93,coinmarketcap_data_api_listings_historical
2025-07-04,22461,HFT,Hashflow,0.1097697,64189708.58538401,59256040.54,coinmarketcap_data_api_listings_historical
2025-07-04,1637,RLC,iExec RLC,0.88493021,64053503.11764212,4092961.65,coinmarketcap_data_api_listings_historical
2025-07-04,36302,NILA,MindWaveDAO,0.08062976,63920544.06968011,2280307.84,coinmarketcap_data_api_listings_historical
2025-07-04,35818,SOSO,SoSoValue,0.55434764,63823841.8477073,2390190.78,coinmarketcap_data_api_listings_historical
2025-07-04,19055,AITECH,Solidus Ai Tech,0.04132788,63671114.41420734,8109518.98,coinmarketcap_data_api_listings_historical
2025-07-04,9436,ELON,Dogelon Mars,1.2e-07,63328062.52577397,5282637.18,coinmarketcap_data_api_listings_historical
2025-07-04,3661,SHX,Stronghold SHx,0.01092619,63305319.40179636,501641.1,coinmarketcap_data_api_listings_historical
2025-07-04,12165,SOLV,Solv Protocol,0.04258996,63143872.2441471,9923616.37,coinmarketcap_data_api_listings_historical
2025-07-04,7497,POND,Marlin,0.00770301,63117025.77508776,3701120.06,coinmarketcap_data_api_listings_historical
2025-07-04,31525,TAIKO,Taiko,0.40445779,62880777.54580795,44723986.72,coinmarketcap_data_api_listings_historical
2025-07-04,33881,BAN,Comedian,0.06232959,62327216.9473173,16788014.99,coinmarketcap_data_api_listings_historical
2025-07-04,32644,EURI,Eurite,1.17782258,61831327.5199114,14932213.57,coinmarketcap_data_api_listings_historical
2025-07-04,7817,BFC,Bifrost,0.04443501,61615292.71622808,1849043.5,coinmarketcap_data_api_listings_historical
2025-07-04,32087,SOPH,Sophon,0.03079073,61581462.5282378,39166029.14,coinmarketcap_data_api_listings_historical
2025-07-04,5728,BAL,Balancer,0.95483795,61300500.93710578,5070435.57,coinmarketcap_data_api_listings_historical
2025-07-04,23756,CGPT,ChainGPT,0.08979507,61131236.38614917,10975200.2,coinmarketcap_data_api_listings_historical
2025-07-04,35437,USDF,Aster USDF,0.99867375,60914024.64119009,148481.06,coinmarketcap_data_api_listings_historical
2025-07-04,32372,XUSD,StraitsX USD,1.00035971,60712231.60289736,7947485.0,coinmarketcap_data_api_listings_historical
2025-07-04,33120,INIT,Initia,0.40810274,60705281.84691909,38868270.66,coinmarketcap_data_api_listings_historical
2025-07-04,6836,GLMR,Moonbeam,0.06114557,60527614.87341451,4927582.63,coinmarketcap_data_api_listings_historical
2025-07-04,32298,PZETH,pzETH,3020.30834667,60481284.31246127,0.0,coinmarketcap_data_api_listings_historical
2025-07-04,8719,ILV,Illuvium,10.23550865,60471410.39475744,9014073.53,coinmarketcap_data_api_listings_historical
2025-07-04,8107,CBK,Cobak Token,0.63229814,60148661.58371551,34780992.59,coinmarketcap_data_api_listings_historical
2025-07-04,7959,vBUSD,Venus BUSD,0.02231208,60125939.94126466,0.0,coinmarketcap_data_api_listings_historical
2025-07-04,27793,STUSDT,Staked USDT,0.9959267,59868404.67942138,0.0,coinmarketcap_data_api_listings_historical
2025-07-04,25220,BITCOIN,HarryPotterObamaSonic10Inu (ERC-20),0.059472,59459994.79048407,5404565.95,coinmarketcap_data_api_listings_historical
2025-07-04,22765,AL,ArchLoot,0.08046731,59386499.19911744,7227532.61,coinmarketcap_data_api_listings_historical
2025-07-04,31246,GAME,GameBuild,0.00334893,59363051.14912769,16667423.68,coinmarketcap_data_api_listings_historical
2025-07-04,2303,MED,MediBloc,0.00579454,58409481.99802135,485784.5,coinmarketcap_data_api_listings_historical
2025-07-04,1886,DENT,Dent,0.00058267,58267022.00302657,2411476.76,coinmarketcap_data_api_listings_historical
2025-07-04,4687,BUSD,BUSD,1.00023273,57806117.83468098,1199987.05,coinmarketcap_data_api_listings_historical
2025-07-04,11568,AGLD,Adventure Gold,0.68958412,57587170.71374481,13810523.46,coinmarketcap_data_api_listings_historical
2025-07-04,1788,MTL,Metal DAO,0.66840034,57580875.77164192,1094256.35,coinmarketcap_data_api_listings_historical
2025-07-04,29879,ANDY,ANDY (ETH),5.703e-05,57033669.771545,888143.85,coinmarketcap_data_api_listings_historical
2025-07-04,13967,GFI,Goldfinch,0.69926124,56937591.05836838,472192.7,coinmarketcap_data_api_listings_historical
2025-07-04,20969,GEOD,GEODNET,0.17876469,56697811.90579068,1187543.05,coinmarketcap_data_api_listings_historical
2025-07-04,24278,WOETH,Wrapped Origin Ether,2818.53307365,56633196.2665654,0.0,coinmarketcap_data_api_listings_historical
2025-07-04,26220,ISLM,ISLM,0.02932286,56559572.83030098,625898.56,coinmarketcap_data_api_listings_historical
2025-07-04,11396,JOE,JOE,0.14201928,56543466.89390864,4039955.65,coinmarketcap_data_api_listings_historical
2025-07-04,31315,WISLM,Wrapped Islamic Coin,0.02930095,56517312.57418001,3588.56,coinmarketcap_data_api_listings_historical
2025-07-04,30963,ZENT,Zentry,0.00823071,56061659.23328631,9840490.89,coinmarketcap_data_api_listings_historical
2025-07-04,33152,WCT,WalletConnect Token,0.29974674,55812842.11450221,25639979.1,coinmarketcap_data_api_listings_historical
2025-07-04,3814,CELR,Celer Network,0.00714397,55604527.42556871,4496694.27,coinmarketcap_data_api_listings_historical
2025-07-04,30372,SAGA,Saga,0.2057699,55534794.95057408,11763658.71,coinmarketcap_data_api_listings_historical
2025-07-04,11584,BTRST,Braintrust,0.22973552,55446157.08404459,97314.75,coinmarketcap_data_api_listings_historical
2025-07-04,29933,UDS,Undeads Games,1.20684716,55271193.43156057,807796.9,coinmarketcap_data_api_listings_historical
2025-07-04,3637,AERGO,Aergo,0.11361979,55105595.81236451,11796929.0,coinmarketcap_data_api_listings_historical
2025-07-04,35702,NIL,Nillion,0.28109119,54854945.76487648,9428591.44,coinmarketcap_data_api_listings_historical
2025-07-04,28504,JOE,Joe coin,0.05485305,54853053.10102369,1002676.21,coinmarketcap_data_api_listings_historical
2025-07-04,18031,CCD,Concordium,0.00471623,54610425.86972641,968242.28,coinmarketcap_data_api_listings_historical
2025-07-04,36355,HOSICO,Hosico,0.05449908,54498985.16361389,9858789.4,coinmarketcap_data_api_listings_historical
2025-07-04,32717,SUNDOG,SUNDOG,0.05457354,54432770.16628435,8764635.7,coinmarketcap_data_api_listings_historical
2025-07-04,36576,HUMA,Huma Finance,0.03134065,54323791.20385599,42064550.44,coinmarketcap_data_api_listings_historical
2025-07-04,1732,NMR,Numeraire,7.14819082,53862343.09413865,7175246.79,coinmarketcap_data_api_listings_historical
2025-07-04,35690,B3,B3 (Base),0.00252859,53840328.68564877,4536776.2,coinmarketcap_data_api_listings_historical
2025-07-04,34125,CHILLGUY,Just a chill guy,0.05377621,53773638.73500966,14000366.33,coinmarketcap_data_api_listings_historical
2025-07-04,10898,WCFG,Wrapped Centrifuge,0.17872284,53772703.22032567,50112.62,coinmarketcap_data_api_listings_historical
2025-07-04,8602,AUCTION,Bounce Token,8.7262165,53144332.46342762,8618261.33,coinmarketcap_data_api_listings_historical
2025-07-04,32376,AVAIL,Avail,0.02095749,53016310.44866105,17504993.21,coinmarketcap_data_api_listings_historical
2025-07-04,9444,KNC,Kyber Network Crystal v2,0.28233854,52887116.53204395,6744913.67,coinmarketcap_data_api_listings_historical
2025-07-04,36133,HOME,Defi App,0.01930488,52509273.02669068,12998686.4,coinmarketcap_data_api_listings_historical
2025-07-04,29711,ZRC,Zircuit,0.02390648,52472896.05336381,13227893.95,coinmarketcap_data_api_listings_historical
2025-07-04,24781,CYBER,Cyber,1.16822632,52409631.49592,9096107.22,coinmarketcap_data_api_listings_historical
2025-07-04,36556,HP,Hippo Protocol,0.04625375,52378689.89163676,23828096.08,coinmarketcap_data_api_listings_historical
2025-07-04,5026,OXT,Orchid,0.05227,52124406.95270612,2881111.44,coinmarketcap_data_api_listings_historical
2025-07-04,3701,RIF,Rootstock Infrastructure Framework,0.05204988,52049881.72784059,1740031.89,coinmarketcap_data_api_listings_historical
2025-07-04,28688,AIAT,AI Analysis Token,0.35179095,51498488.32375649,473288.06,coinmarketcap_data_api_listings_historical
2025-07-04,33871,WONUS,Wrapped ONUS,0.5376,51488481.67460982,0.0,coinmarketcap_data_api_listings_historical
2025-07-04,24613,EDU,Open Campus,0.12535521,51485389.5823729,3397073.68,coinmarketcap_data_api_listings_historical
2025-07-04,7737,API3,API3,0.59481413,51405014.04662459,8773053.9,coinmarketcap_data_api_listings_historical
2025-07-04,9285,MOVR,Moonriver,5.23964334,51132212.26080518,3568654.76,coinmarketcap_data_api_listings_historical
2025-07-04,36300,SKYAI,SKYAI,0.05112911,51129105.38460305,30486568.87,coinmarketcap_data_api_listings_historical
2025-07-04,26998,SCR,Scroll,0.26863726,51041079.90800028,20493911.25,coinmarketcap_data_api_listings_historical
2025-07-04,32724,CAT,Simon's Cat,6.98e-06,50892328.61511077,9023320.2,coinmarketcap_data_api_listings_historical
2025-07-04,19075,OMI,ECOMI,0.00018231,50602991.8037197,1716157.7,coinmarketcap_data_api_listings_historical
2025-07-04,30746,BB,BounceBit,0.07961359,50190918.04199675,8026328.17,coinmarketcap_data_api_listings_historical
2025-07-04,26680,NTRN,Neutron,0.08351656,49926153.46186862,2326618.88,coinmarketcap_data_api_listings_historical
2025-07-04,24225,METFI,MetFi,0.23406392,49747583.32877182,914817.42,coinmarketcap_data_api_listings_historical
2025-07-04,7055,DPI,DeFi Pulse Index,88.97422339,49735116.20010135,0.0,coinmarketcap_data_api_listings_historical
2025-07-04,30315,OMNI,Omni Network,1.44047472,49650986.22475934,19547179.15,coinmarketcap_data_api_listings_historical
2025-07-04,5444,CTSI,Cartesi,0.05656931,49374212.0467782,3705640.49,coinmarketcap_data_api_listings_historical
2025-07-04,15584,HEART,Humans.ai,0.00632796,49358098.43095379,400471.66,coinmarketcap_data_api_listings_historical
2025-07-04,8037,VANRY,Vanar Chain,0.02541539,49205846.47394728,4501728.04,coinmarketcap_data_api_listings_historical
2025-07-04,32796,EURCV,EUR CoinVertible,1.17550004,49143395.30338878,8949800.33,coinmarketcap_data_api_listings_historical
2025-07-04,4166,RIO,Realio Network,0.28260151,48890140.7117924,2497256.9,coinmarketcap_data_api_listings_historical
2025-07-04,8049,TORN,Tornado Cash,9.29210801,48878009.36236854,87970.99,coinmarketcap_data_api_listings_historical
2025-07-04,6731,TOKAMAK,Tokamak Network,1.11261103,48778485.14420307,11042018.11,coinmarketcap_data_api_listings_historical
2025-07-04,4206,WIN,WINkLink,4.887e-05,48562099.3601953,16466732.32,coinmarketcap_data_api_listings_historical
2025-07-04,35892,TUT,Tutorial,0.05787848,48512201.96335803,15892056.85,coinmarketcap_data_api_listings_historical
2025-07-04,9674,WILD,Wilder World,0.12381153,48377257.03978132,660967.16,coinmarketcap_data_api_listings_historical
2025-07-04,29779,ZKJ,Polyhedra Network,0.16497012,48313332.23970312,11290609.25,coinmarketcap_data_api_listings_historical
2025-07-04,2289,GFT,Gifto,0.02154077,48220125.46870351,28902.37,coinmarketcap_data_api_listings_historical
2025-07-04,22265,OAS,Oasys,0.0107958,48186409.04382935,3875684.05,coinmarketcap_data_api_listings_historical
2025-07-04,29461,DEVVE,Devve,0.52345107,48047292.93427948,294839.79,coinmarketcap_data_api_listings_historical
2025-07-04,3795,ZEON,ZEON,0.0015733,48031262.07235505,5905.39,coinmarketcap_data_api_listings_historical
2025-07-04,2840,QKC,QuarkChain,0.00672278,47983583.82860915,3878690.95,coinmarketcap_data_api_listings_historical
2025-07-04,5604,SCRT,Secret,0.15320534,47791463.63876733,1344327.34,coinmarketcap_data_api_listings_historical
2025-07-04,3306,GUSD,Gemini Dollar,1.00027839,47431784.27735028,69012035.51,coinmarketcap_data_api_listings_historical
2025-07-04,35214,BMT,Bubblemaps,0.13207971,47409846.46701395,16106447.5,coinmarketcap_data_api_listings_historical
2025-07-04,35943,PUNDIAI,Pundi AI,6.71005693,47356978.32175975,4582774.6,coinmarketcap_data_api_listings_historical
2025-07-04,34024,SCRVUSD,Savings crvUSD,1.05172714,47242430.22660733,397033.84,coinmarketcap_data_api_listings_historical
2025-07-04,10631,GODS,Gods Unchained,0.12352244,47092931.67283548,2526564.61,coinmarketcap_data_api_listings_historical
2025-07-04,24877,BIM,BIM,1.56218965,46865689.53996494,93933.17,coinmarketcap_data_api_listings_historical
2025-07-04,9220,STRX,StrikeX,0.0467125,46712496.29831122,57364.41,coinmarketcap_data_api_listings_historical
2025-07-04,11865,BONE,Bone ShibaSwap,0.20279827,46628058.87220982,6192406.07,coinmarketcap_data_api_listings_historical
2025-07-04,8911,STRK,Strike,8.26998824,46396127.2085881,177623246.59,coinmarketcap_data_api_listings_historical
2025-07-04,34058,EZSOL,Renzo Restaked SOL,178.48918485,46364056.38654231,0.0,coinmarketcap_data_api_listings_historical
2025-07-04,34377,SERAPH,Seraph,0.19292595,46206422.0170548,101673383.96,coinmarketcap_data_api_listings_historical
2025-07-04,23195,ACS,Access Protocol,0.00109954,45990794.01334091,1090521.24,coinmarketcap_data_api_listings_historical
2025-07-04,16399,COREUM,Coreum,0.11840247,45560329.82584446,330725.09,coinmarketcap_data_api_listings_historical
2025-07-04,5824,SLP,Smooth Love Potion,0.00126258,45402491.12024085,4218260.77,coinmarketcap_data_api_listings_historical
2025-07-04,34212,XAUM,Matrixdock Gold,3356.39578421,45319298.90937896,225857.28,coinmarketcap_data_api_listings_historical
2025-07-04,8925,WMATIC,Wrapped Matic,0.17960417,45277787.68268246,3596388.28,coinmarketcap_data_api_listings_historical
2025-07-04,28458,OLAS,Autonolas,0.25227673,45119229.62830518,315918.81,coinmarketcap_data_api_listings_historical
2025-07-04,35092,ANON,Hey Anon,3.34509159,44939516.05658883,749025.27,coinmarketcap_data_api_listings_historical
2025-07-04,16334,APX,APX,0.07538454,44913770.44093666,657479.04,coinmarketcap_data_api_listings_historical
2025-07-04,8972,SFUND,Seedify.fund,0.6353525,44844500.80405676,1467789.26,coinmarketcap_data_api_listings_historical
2025-07-04,21533,LISTA,Lista DAO,0.20866783,44767991.57384478,13476447.33,coinmarketcap_data_api_listings_historical
2025-07-04,8677,XYM,Symbol,0.00724249,44633562.7734752,146224.31,coinmarketcap_data_api_listings_historical
2025-07-04,6138,DIA,DIA,0.37167041,44480066.4442761,4490753.06,coinmarketcap_data_api_listings_historical
2025-07-04,36078,MNSRY,Mansory,0.04933138,44397658.91256256,1705746.08,coinmarketcap_data_api_listings_historical
2025-07-04,37070,ICNT,Impossible Cloud Network,0.26456693,44242511.88061332,71803969.41,coinmarketcap_data_api_listings_historical
2025-07-04,13663,GNS,Gains Network,1.51909489,44118744.24991635,2819308.9,coinmarketcap_data_api_listings_historical
2025-07-04,30449,TNSR,Tensor,0.11311818,44048127.4077356,13733651.69,coinmarketcap_data_api_listings_historical
2025-07-04,35386,AO,AO,12.51136438,43989058.48566805,1622604.16,coinmarketcap_data_api_listings_historical
2025-07-04,14803,AURORA,Aurora,0.07121453,43945887.80879695,669419.74,coinmarketcap_data_api_listings_historical
2025-07-04,31173,SKI,Ski Mask Dog,0.04417563,43707241.05415142,841283.25,coinmarketcap_data_api_listings_historical
2025-07-04,11078,IAG,IAGON,0.11594252,43596757.54268606,387085.2,coinmarketcap_data_api_listings_historical
2025-07-04,20279,DHN,Dohrnii,2.5458886,43471154.81596018,2016733.95,coinmarketcap_data_api_listings_historical
2025-07-04,30491,WZRD,Bitcoin Wizards,2.06906446,43450353.67282719,0.0,coinmarketcap_data_api_listings_historical
2025-07-04,34958,TAG,Tagger,0.00039693,43028593.8585711,4591354.01,coinmarketcap_data_api_listings_historical
2025-07-04,32195,HMSTR,Hamster Kombat,0.00066713,42946242.40489304,12964920.98,coinmarketcap_data_api_listings_historical
2025-07-04,4038,MBL,MovieBloc,0.00228815,42481517.07336935,4655818.3,coinmarketcap_data_api_listings_historical
2025-07-04,20622,FORT,Forta,0.07050858,42357029.2809386,3156896.53,coinmarketcap_data_api_listings_historical
2025-07-04,10789,EURt,Tether EURt,1.15915031,42178396.35507682,341423.89,coinmarketcap_data_api_listings_historical
2025-07-04,4090,WXT,Wirex Token,0.00420935,42093456.00879417,303703.8,coinmarketcap_data_api_listings_historical
2025-07-04,4807,CTK,Shentu,0.28293351,41801873.76648483,7344151.86,coinmarketcap_data_api_listings_historical
2025-07-04,34792,GRIFFAIN,GRIFFAIN,0.04176884,41763875.65985094,9108554.07,coinmarketcap_data_api_listings_historical
2025-07-04,35749,BROCCOLI,CZ's Dog,0.04280618,41689279.35964704,23999325.46,coinmarketcap_data_api_listings_historical
2025-07-04,28735,UNP,UNIPOLY,0.1895742,41560352.24539413,1058056.05,coinmarketcap_data_api_listings_historical
2025-07-04,20435,VELO,Velodrome Finance,0.04533266,41488561.42844283,4019987.25,coinmarketcap_data_api_listings_historical
2025-07-04,34017,PIN,PinLink,0.46894556,41364108.06080785,1003965.73,coinmarketcap_data_api_listings_historical
2025-07-04,24203,SDEX,SmarDex,0.0044835,41245971.96070248,432474.55,coinmarketcap_data_api_listings_historical
2025-07-04,32088,ROAM,Roam,0.13617786,41087305.37652787,121347082.91,coinmarketcap_data_api_listings_historical
2025-07-04,27054,RSC,ResearchCoin,0.35217276,40839771.53250429,436546.68,coinmarketcap_data_api_listings_historical
2025-07-04,9566,LUSD,Liquity USD,0.99560126,40797373.83988404,18395.93,coinmarketcap_data_api_listings_historical
2025-07-04,18895,MBX,MARBLEX,0.1898255,40588704.77318668,2569388.64,coinmarketcap_data_api_listings_historical
2025-07-04,9288,QI,BENQI,0.00579549,40469850.9186131,1886297.3,coinmarketcap_data_api_listings_historical
2025-07-04,11294,RARE,SuperRare,0.04908463,40459234.78249735,7267430.38,coinmarketcap_data_api_listings_historical
2025-07-04,2630,NCT,PolySwarm,0.02140958,40367777.41162184,23543566.93,coinmarketcap_data_api_listings_historical
2025-07-04,5429,DEP,DEAPcoin,0.0013631,40270034.72199912,1709045.65,coinmarketcap_data_api_listings_historical
2025-07-04,2273,UQC,Uquid Coin,4.02491207,40249120.66493225,334366.62,coinmarketcap_data_api_listings_historical
2025-07-04,36102,PARTI,Particle Network,0.17266131,40230085.09252125,46946827.39,coinmarketcap_data_api_listings_historical
2025-07-04,21706,GRND,SuperWalk,0.05912311,40073363.17563193,523867.47,coinmarketcap_data_api_listings_historical
2025-07-04,32037,ANYONE,ANyONe Protocol,0.41056855,40030419.23521934,156123.8,coinmarketcap_data_api_listings_historical
2025-07-04,10903,C98,Coin98,0.04120416,39842125.90806453,8474827.49,coinmarketcap_data_api_listings_historical
2025-07-04,35268,GPS,GoPlus Security,0.02431468,39784685.15618051,5587211.58,coinmarketcap_data_api_listings_historical
2025-07-04,35710,SHELL,MyShell,0.13744956,39768738.03770509,6983306.52,coinmarketcap_data_api_listings_historical
2025-07-04,18774,LQ,Liqwid Finance,1.97188839,39718552.80424638,17702.18,coinmarketcap_data_api_listings_historical
2025-07-04,24087,FUEL,Fuel Network,0.00757513,39640388.65566635,6432713.73,coinmarketcap_data_api_listings_historical
2025-07-04,16876,ALI,Artificial Liquid Intelligence,0.0043204,39393798.52243859,1663545.44,coinmarketcap_data_api_listings_historical
2025-07-04,36542,SOON,SOON,0.22361566,39339461.99910939,10536404.83,coinmarketcap_data_api_listings_historical
2025-07-04,28846,AI,Sleepless AI,0.10754509,39240514.70114687,8440149.17,coinmarketcap_data_api_listings_historical
2025-07-04,34648,VADER,VaderAI by Virtuals,0.03927736,39149300.66876646,908919.48,coinmarketcap_data_api_listings_historical
2025-07-04,8766,ALICE,MyNeighborAlice,0.39095106,39095105.79620547,10005887.53,coinmarketcap_data_api_listings_historical
2025-07-04,10312,ELG,EscoinToken,0.24841321,39034968.30473453,366960.21,coinmarketcap_data_api_listings_historical
2025-07-04,2927,SUSD,sUSD,0.93880817,38749326.07292299,71179.1,coinmarketcap_data_api_listings_historical
2025-07-04,35647,TST,Test,0.04082974,38662000.14261627,8589719.02,coinmarketcap_data_api_listings_historical
2025-07-04,34285,CLANKER,tokenbot,38.6021276,38602127.59864571,4564356.29,coinmarketcap_data_api_listings_historical
2025-07-04,9308,PYR,Vulcan Forged (PYR),0.89628111,38576285.90085394,5653611.51,coinmarketcap_data_api_listings_historical
2025-07-04,30369,HASHAI,HashAI,0.00045522,38495420.91077449,447154.57,coinmarketcap_data_api_listings_historical
2025-07-04,3418,META,Metadium,0.02228442,38217980.25372954,805622.82,coinmarketcap_data_api_listings_historical
2025-07-04,33291,FWOG,Fwog (SOL),0.03887214,37925033.71378067,4335696.6,coinmarketcap_data_api_listings_historical
2025-07-04,36056,XP,Xphere,0.02022927,37903339.52743428,1211374.07,coinmarketcap_data_api_listings_historical
2025-07-04,22359,XPLA,XPLA,0.04569385,37643999.04046979,3785783.87,coinmarketcap_data_api_listings_historical
2025-07-04,31528,DBR,deBridge,0.02057636,37640195.52517962,13790050.2,coinmarketcap_data_api_listings_historical
2025-07-04,7878,MOB,MobileCoin,0.18917653,37532572.01477964,70241.41,coinmarketcap_data_api_listings_historical
2025-07-04,27650,ICE,Ice Open Network,0.00566462,37472620.62175812,7466336.31,coinmarketcap_data_api_listings_historical
2025-07-04,11232,HIGH,Highstreet,0.49844702,37462109.59081318,6116294.91,coinmarketcap_data_api_listings_historical
2025-07-04,35430,BID,CreatorBid,0.13905321,37331170.35532242,3869663.23,coinmarketcap_data_api_listings_historical
2025-07-04,14783,MAGIC,Treasure,0.12070435,37128684.48602217,8428133.5,coinmarketcap_data_api_listings_historical
2025-07-04,33566,ACT,Act I : The AI Prophecy,0.03914968,37123482.08519429,18264715.83,coinmarketcap_data_api_listings_historical
2025-07-04,30902,WOLF,Landwolf 0x67,4.114e-05,37115592.69224154,2286046.29,coinmarketcap_data_api_listings_historical
2025-07-04,36041,MUBARAK,Mubarak,0.03705819,37058194.2656174,33667044.47,coinmarketcap_data_api_listings_historical
2025-07-04,24399,WHBAR,Wrapped HBAR,0.15295831,36998272.8759204,2453851.67,coinmarketcap_data_api_listings_historical
2025-07-04,5939,WNXM,Wrapped NXM,57.1678799,36837042.20258362,384156.06,coinmarketcap_data_api_listings_historical
2025-07-04,34076,WQUIL,Wrapped QUIL,0.04081658,36828201.92256559,583630.1,coinmarketcap_data_api_listings_historical
2025-07-04,24835,PEPECOIN,PepeCoin,0.34308685,36729924.30845634,444028.67,coinmarketcap_data_api_listings_historical
2025-07-04,14878,ALPH,Alephium,0.31687548,36641153.75946105,282309.24,coinmarketcap_data_api_listings_historical
2025-07-04,34435,THAPT,Thala APT,5.09358511,36224599.3352367,0.0,coinmarketcap_data_api_listings_historical
2025-07-04,3930,TT,ThunderCore,0.00288877,35693638.53215841,37794619.9,coinmarketcap_data_api_listings_historical
2025-07-04,7236,CUSD,Celo Dollar,1.00001154,35554575.77026289,649893.2,coinmarketcap_data_api_listings_historical
2025-07-04,5117,OGN,Origin Protocol,0.05054266,35465071.48421563,7217153.04,coinmarketcap_data_api_listings_historical
2025-07-04,2941,CET,CoinEx Token,0.05003534,35456724.05069542,103746.8,coinmarketcap_data_api_listings_historical
2025-07-04,35014,DRV,Derive,0.04790834,35333825.82228811,206602.81,coinmarketcap_data_api_listings_historical
2025-07-04,33657,IGT,Infinitar,0.20391904,35228826.2770965,3003196.13,coinmarketcap_data_api_listings_historical
2025-07-04,23528,WTAO,Wrapped TAO,321.17908155,35001706.42675172,134764.55,coinmarketcap_data_api_listings_historical
2025-07-04,10442,DESO,Decentralized Social,3.90796725,34720475.71016848,82777.47,coinmarketcap_data_api_listings_historical
2025-07-04,7533,ORAI,Oraichain,2.50527771,34632207.54213248,535132.91,coinmarketcap_data_api_listings_historical
2025-07-04,22289,MYRIA,Myria,0.00104624,34530464.06579496,1355821.49,coinmarketcap_data_api_listings_historical
2025-07-04,12749,NAKA,Nakamoto Games,0.32596356,34475096.04346401,7911232.94,coinmarketcap_data_api_listings_historical
2025-07-04,5947,TPT,TokenPocket,0.00993968,34455478.74518029,152728.48,coinmarketcap_data_api_listings_historical
2025-07-04,3855,LOCUS,Locus Chain,0.01645816,34250464.93911269,146064.8,coinmarketcap_data_api_listings_historical
2025-07-04,33340,LABUBU,LABUBU SOL,0.03430214,34224643.99094129,11737628.28,coinmarketcap_data_api_listings_historical
2025-07-04,4056,AMPL,Ampleforth,1.20315684,34018650.39211132,113405.66,coinmarketcap_data_api_listings_historical
2025-07-04,35608,WBERA,Wrapped Bera,1.64842315,33820196.50239503,1077174.77,coinmarketcap_data_api_listings_historical
2025-07-04,23585,WCORE,Wrapped Core,0.50267306,33716056.56996743,86.66,coinmarketcap_data_api_listings_historical
2025-07-04,35216,PYTHIA,Pythia,0.03365715,33656491.19152118,2026514.12,coinmarketcap_data_api_listings_historical
2025-07-04,7725,TRU,TrueFi,0.02523292,33543266.77814288,10010459.61,coinmarketcap_data_api_listings_historical
2025-07-04,32702,WRBTC,Wrapped Rootstock Bitcoin,107621.98743654,33491093.04557832,257962.35,coinmarketcap_data_api_listings_historical
2025-07-04,2776,AVA,AVA (Travala),0.48632471,33474832.55593851,6736654.23,coinmarketcap_data_api_listings_historical
2025-07-04,30661,PRCL,Parcl,0.07985837,32924365.39907259,17564461.62,coinmarketcap_data_api_listings_historical
2025-07-04,17591,NYM,NYM,0.04038928,32885649.54599587,1740268.65,coinmarketcap_data_api_listings_historical
2025-07-04,17917,RSS3,RSS3,0.04077906,32860164.2477527,3560560.84,coinmarketcap_data_api_listings_historical
2025-07-04,29920,SLERF,SLERF,0.06561943,32809566.41732063,3868880.71,coinmarketcap_data_api_listings_historical
2025-07-04,30759,DOGINME,doginme,0.00048485,32785260.19532844,2478118.12,coinmarketcap_data_api_listings_historical
2025-07-04,32878,MNEE,MNEE,1.00076828,32716455.29115533,79270.89,coinmarketcap_data_api_listings_historical
2025-07-04,30637,KEYCAT,Keyboard Cat,0.00327052,32705205.67025799,2162235.22,coinmarketcap_data_api_listings_historical
2025-07-04,9421,FORTH,Ampleforth Governance Token,2.27151263,32581564.43420892,3030153.27,coinmarketcap_data_api_listings_historical
2025-07-04,34240,SUPRA,SUPRA,0.00215276,32374712.57318233,2474171.52,coinmarketcap_data_api_listings_historical
2025-07-04,5268,EWT,Energy Web Token,1.07610449,32350001.64638313,239902.37,coinmarketcap_data_api_listings_historical
2025-07-04,33964,SERV,OpenServ,0.04807236,32322703.79201539,134358.59,coinmarketcap_data_api_listings_historical
2025-07-04,36762,DUSD,StandX DUSD,1.00022758,32293825.24517351,19110.47,coinmarketcap_data_api_listings_historical
2025-07-04,35766,SIREN,siren,0.04396429,32152784.20814681,7394110.52,coinmarketcap_data_api_listings_historical
2025-07-04,28675,COQ,Coq Inu,4.6e-07,31969014.17355516,3183169.98,coinmarketcap_data_api_listings_historical
2025-07-04,20964,LBT,Law Blocks (AI),0.13039873,31947425.8622666,317876.31,coinmarketcap_data_api_listings_historical
2025-07-04,33108,X,X Empire,4.603e-05,31762567.78558194,18544860.92,coinmarketcap_data_api_listings_historical
2025-07-04,6843,RAD,Radworks,0.61189001,31558826.01938406,6404316.69,coinmarketcap_data_api_listings_historical
2025-07-04,3893,NOW,ChangeNOW Token,0.3666213,31090831.32763547,4648.72,coinmarketcap_data_api_listings_historical
2025-07-04,36856,SUGAR,Sugar Daddy Season,0.03094146,30941396.72489262,28376.31,coinmarketcap_data_api_listings_historical
2025-07-04,28674,ACE,Fusionist,0.47102739,30891058.91272612,5838000.49,coinmarketcap_data_api_listings_historical
2025-07-04,20561,M87,MESSIER,3.484e-05,30829311.40837625,832892.13,coinmarketcap_data_api_listings_historical
2025-07-04,36156,GUN,GUNZ,0.03219185,30727122.44737772,54212689.48,coinmarketcap_data_api_listings_historical
2025-07-04,16360,GEAR,Gearbox Protocol,0.00306605,30660468.29663381,1218746.88,coinmarketcap_data_api_listings_historical
2025-07-04,18934,STG,Stargate Finance,0.14970514,30590512.18877715,4112656.16,coinmarketcap_data_api_listings_historical
2025-07-04,4039,ARPA,ARPA,0.0200978,30540351.78323662,14141970.04,coinmarketcap_data_api_listings_historical
2025-07-04,35458,asUSDF,Aster asUSDF,1.02220301,30538034.94091309,0.0,coinmarketcap_data_api_listings_historical
2025-07-04,5380,HUNT,Hunt Town,0.24131208,30445785.24060049,2068075.2,coinmarketcap_data_api_listings_historical
2025-07-04,34187,LOFI,LOFI,0.03037841,30378412.8830774,1401535.14,coinmarketcap_data_api_listings_historical
2025-07-04,18734,A8,Ancient8,0.10078195,30248726.24601689,5005095.91,coinmarketcap_data_api_listings_historical
2025-07-04,25269,BOBO,BOBO,4.5e-07,29977171.31757462,2083368.56,coinmarketcap_data_api_listings_historical
2025-07-04,32089,XION,XION,0.83969801,29946183.02847571,6712727.44,coinmarketcap_data_api_listings_historical
2025-07-04,29513,GPU,Node AI,0.30528118,29938722.41665523,4504655.23,coinmarketcap_data_api_listings_historical
2025-07-04,4953,FCT,FirmaChain,0.0293749,29917467.63463322,3282438.05,coinmarketcap_data_api_listings_historical
2025-07-04,34987,FLOCK,FLock.io,0.1520276,29795430.29266838,7078934.62,coinmarketcap_data_api_listings_historical
2025-07-04,11620,IXS,IXS,0.1647942,29662955.64866824,14299.15,coinmarketcap_data_api_listings_historical
2025-07-04,2915,MOC,Moss Coin,0.06872607,29654589.70546622,10699862.28,coinmarketcap_data_api_listings_historical
2025-07-04,36569,SPK,Spark,0.03147382,29599124.83040052,47813721.63,coinmarketcap_data_api_listings_historical
2025-07-04,2492,ELA,Elastos,1.29139314,29451439.72966862,2237321.33,coinmarketcap_data_api_listings_historical
2025-07-04,36296,BANK,Lorenzo Protocol,0.06873851,29231052.39249626,14861039.89,coinmarketcap_data_api_listings_historical
2025-07-04,35421,VINE,Vine Coin,0.02902329,29023117.68284056,20550190.71,coinmarketcap_data_api_listings_historical
2025-07-04,24502,WOJAK,Wojak,0.00041675,28924643.20558208,1292973.28,coinmarketcap_data_api_listings_historical
2025-07-04,22264,OHO,Oho,0.00118872,28676455.80282338,187208.68,coinmarketcap_data_api_listings_historical
2025-07-04,34116,AVA,AVA,0.02866695,28666777.90961755,2898121.13,coinmarketcap_data_api_listings_historical
2025-07-04,18037,MAV,Maverick Protocol,0.04345748,28532516.40765034,17896696.7,coinmarketcap_data_api_listings_historical
2025-07-04,7064,BAKE,BakeryToken,0.09836902,28504440.7089134,6133607.18,coinmarketcap_data_api_listings_historical
2025-07-04,4758,DF,dForce,0.02844158,28439481.81625062,3201793.32,coinmarketcap_data_api_listings_historical
2025-07-04,32325,PUFFER,Puffer,0.16145568,28407982.26565966,20572115.76,coinmarketcap_data_api_listings_historical
2025-07-04,6756,ACA,Acala Token,0.02432736,28381916.03255101,3609184.94,coinmarketcap_data_api_listings_historical
2025-07-04,258,GRS,Groestlcoin,0.3213762,28251136.86638886,1784369.85,coinmarketcap_data_api_listings_historical
2025-07-04,32289,MIGGLES,Mr Miggles,0.02913759,27895486.50832165,1884034.07,coinmarketcap_data_api_listings_historical
2025-07-04,15185,KUJI,Kujira,0.22667576,27733735.53089799,1416.64,coinmarketcap_data_api_listings_historical
2025-07-04,28660,LVN,Levana Protocol,0.03633681,27661955.7758919,1043967.73,coinmarketcap_data_api_listings_historical
2025-07-04,4956,MAPO,MAP Protocol,0.00467421,27578495.34406345,1988867.46,coinmarketcap_data_api_listings_historical
2025-07-04,34926,ARC,AI Rig Complex,0.02754759,27547545.69316429,885297.01,coinmarketcap_data_api_listings_historical
2025-07-04,28909,CKBTC,Chain-key Bitcoin,108750.0,27521362.5,14993.45,coinmarketcap_data_api_listings_historical
2025-07-04,22933,eUSD,Electronic USD,1.00075148,27515372.76049437,326956.49,coinmarketcap_data_api_listings_historical
2025-07-04,24476,LMWR,LimeWire,0.07894653,27496710.6610594,1735354.03,coinmarketcap_data_api_listings_historical
2025-07-04,36547,KOKOK,KoKoK The Roach,0.13747646,27494802.39946981,110199.34,coinmarketcap_data_api_listings_historical
2025-07-04,25023,LADYS,Milady Meme Coin,4e-08,27395293.26904622,4798708.68,coinmarketcap_data_api_listings_historical
2025-07-04,7460,AQT,Alpha Quark Token,1.02103806,27370151.52055324,5545802.99,coinmarketcap_data_api_listings_historical
2025-07-04,10188,ATA,Automata Network,0.04651174,27339232.8414301,14249762.52,coinmarketcap_data_api_listings_historical
2025-07-04,32002,ZEX,Zeta,0.14526745,27276845.97605209,2244943.02,coinmarketcap_data_api_listings_historical
2025-07-04,3951,ARRR,Pirate Chain,0.13837318,27150726.4142522,163924.68,coinmarketcap_data_api_listings_historical
2025-07-04,8100,ankrETH,Ankr Staked ETH,3024.93212414,27121652.19258591,0.0,coinmarketcap_data_api_listings_historical
2025-07-04,8422,PNG,Pangolin,0.12268994,27037670.25156569,722638.58,coinmarketcap_data_api_listings_historical
2025-07-04,541,SYS,Syscoin,0.03269797,26905523.71614993,1688384.3,coinmarketcap_data_api_listings_historical
2025-07-04,36063,BR,Bedrock,0.12806706,26894083.05445462,4400764038.25,coinmarketcap_data_api_listings_historical
2025-07-04,11223,MMUI,MetaMUI,0.05620324,26766597.97099813,469273.34,coinmarketcap_data_api_listings_historical
2025-07-04,36038,SFRXUSD,Staked Frax USD,1.14036942,26691897.27599115,0.0,coinmarketcap_data_api_listings_historical
2025-07-04,6641,AHT,AhaToken,0.00396374,26669301.69557108,2929256.39,coinmarketcap_data_api_listings_historical
2025-07-04,36234,FAIR3,Fair and Free,0.02843437,26609288.94228232,13914456.22,coinmarketcap_data_api_listings_historical
2025-07-04,33249,WIBE,Wibegram,1.30307485,26564046.14514905,2915784.0,coinmarketcap_data_api_listings_historical
2025-07-04,30528,NEURAL,NeuralAI,2.6512436,26512436.03039457,222129.79,coinmarketcap_data_api_listings_historical
2025-07-04,34083,ZEREBRO,Zerebro,0.02635649,26355338.26941713,12945024.44,coinmarketcap_data_api_listings_historical
2025-07-04,33708,ARENA,The Arena,0.01003128,26329113.51501862,58367.11,coinmarketcap_data_api_listings_historical
2025-07-04,7224,DODO,DODO,0.03624478,26302963.43951672,4517840.68,coinmarketcap_data_api_listings_historical
2025-07-04,31750,GEMS,Gems,0.06569991,26275448.20823645,4128287.61,coinmarketcap_data_api_listings_historical
2025-07-04,21914,SAUCE,SaucerSwap,0.03139563,26233626.05124804,194173.23,coinmarketcap_data_api_listings_historical
2025-07-04,1856,DNT,district0x,0.02618032,26180316.46302419,18318.02,coinmarketcap_data_api_listings_historical
2025-07-04,24600,MOBILE,Helium Mobile,0.00028835,25744172.80244782,672652.09,coinmarketcap_data_api_listings_historical
2025-07-04,2137,ETN,Electroneum,0.00142762,25668386.52111902,653165.13,coinmarketcap_data_api_listings_historical
2025-07-04,32942,NS,Sui Name Service,0.13335935,25660563.56193298,1597348.7,coinmarketcap_data_api_listings_historical
2025-07-04,28778,NFP,NFPrompt,0.05425043,25649409.58790543,3736307.79,coinmarketcap_data_api_listings_historical
2025-07-04,36369,HAEDAL,Haedal Protocol,0.12038153,25581074.26759508,20388901.23,coinmarketcap_data_api_listings_historical
2025-07-04,34993,SWARMS,Swarms,0.02557983,25579440.27462334,12758035.08,coinmarketcap_data_api_listings_historical
2025-07-04,13524,SLND,Solend,0.25555059,25469811.99207034,54742.45,coinmarketcap_data_api_listings_historical
2025-07-04,33854,BERT,Bertram The Pomeranian,0.0263379,25462151.40754829,1920474.51,coinmarketcap_data_api_listings_historical
2025-07-04,8724,BLUE,Bluefin,0.08326647,25445648.05290191,5979138.68,coinmarketcap_data_api_listings_historical
2025-07-04,33439,LUMIA,Lumia,0.21388111,25418961.52883388,4021405.97,coinmarketcap_data_api_listings_historical
2025-07-04,32966,CATI,Catizen,0.07798625,25407141.363995,8266763.55,coinmarketcap_data_api_listings_historical
2025-07-04,1808,OMG,OMG Network,0.18043609,25305331.33466642,3399958.29,coinmarketcap_data_api_listings_historical
2025-07-04,32171,$PURPE,Purple Pepe,6.06e-05,25284390.07698054,1238123.77,coinmarketcap_data_api_listings_historical
2025-07-04,35976,YUSD,Aegis YUSD,1.00054739,25152110.43751878,313728.59,coinmarketcap_data_api_listings_historical
2025-07-04,23335,THE,THENA,0.23607799,25111696.63466735,11660856.87,coinmarketcap_data_api_listings_historical
2025-07-04,8384,CLV,CLV,0.02050479,25100757.38882491,1547926.31,coinmarketcap_data_api_listings_historical
2025-07-04,30843,REZ,Renzo,0.00817743,25077363.4261556,10560940.83,coinmarketcap_data_api_listings_historical
2025-07-04,34422,BOB,Build On BNB,6e-08,25057230.8113866,10753852.91,coinmarketcap_data_api_listings_historical
2025-07-04,5468,ISIKC,Isiklar Coin,0.24956168,24956167.67263459,965338.75,coinmarketcap_data_api_listings_historical
2025-07-04,12787,MIN,Minswap,0.01706945,24937548.96891106,157713.24,coinmarketcap_data_api_listings_historical
2025-07-04,16612,NOS,Nosana,0.51727491,24931442.9028903,465379.54,coinmarketcap_data_api_listings_historical
2025-07-04,27622,LYX,LUKSO,0.81255951,24812241.35834358,1292144.8,coinmarketcap_data_api_listings_historical
2025-07-04,22764,HOOK,Hooked Protocol,0.10033843,24691488.34363585,25868626.33,coinmarketcap_data_api_listings_historical
2025-07-04,34095,XMW,Morphware,0.02992654,24650581.10049425,689364.59,coinmarketcap_data_api_listings_historical
2025-07-04,31185,CTA,Cross The Ages,0.0492372,24618600.3400835,899500.0,coinmarketcap_data_api_listings_historical
2025-07-04,36774,VERSE,Verse World,0.24344338,24344336.09519895,4081219.49,coinmarketcap_data_api_listings_historical
2025-07-04,9119,TLM,Alien Worlds,0.0041469,24256848.47345495,6619619.25,coinmarketcap_data_api_listings_historical
2025-07-04,34835,TAOBOT,tao.bot,0.31622106,24243614.39340211,40794.29,coinmarketcap_data_api_listings_historical
2025-07-04,35757,A47,AGENDA 47,0.02420644,24206211.36338241,3514887.56,coinmarketcap_data_api_listings_historical
2025-07-04,4092,DUSK,Dusk,0.04943845,24012256.20976234,3755444.57,coinmarketcap_data_api_listings_historical
2025-07-04,32941,FB,Fractal Bitcoin,0.46946723,23945328.53629428,4014071.2,coinmarketcap_data_api_listings_historical
2025-07-04,2866,BOUNTY,Chainbounty,0.0454183,23901380.31566373,1630115.4,coinmarketcap_data_api_listings_historical
2025-07-04,21106,RDNT,Radiant Capital,0.01850452,23896417.11218581,6295038.47,coinmarketcap_data_api_listings_historical
2025-07-04,35482,AGIALPHA,AGI ALPHA AGENT,0.02382168,23821608.04375303,179057.99,coinmarketcap_data_api_listings_historical
2025-07-04,36669,MASHA,Masha,0.02378857,23788572.56876909,88542.29,coinmarketcap_data_api_listings_historical
2025-07-04,36195,AGT,Alaya Governance Token,0.01681522,23541307.88376816,3188803.03,coinmarketcap_data_api_listings_historical
2025-07-04,9175,MBOX,MOBOX,0.04678272,23406443.72477214,6712192.34,coinmarketcap_data_api_listings_historical
2025-07-04,13969,PHB,Phoenix,0.40657715,23170557.54249296,5639938.73,coinmarketcap_data_api_listings_historical
2025-07-04,22391,MGP,Magpie,0.04820022,23086073.88923528,43972.38,coinmarketcap_data_api_listings_historical
2025-07-04,32526,CXT,Covalent X Token,0.02367678,23082284.05992755,2044328.25,coinmarketcap_data_api_listings_historical
2025-07-04,5866,DEXT,DEXTools,0.29685966,23034438.26008807,63892.23,coinmarketcap_data_api_listings_historical
2025-07-04,17960,OGY,ORIGYN,0.0029396,23013100.77889113,281572.12,coinmarketcap_data_api_listings_historical
2025-07-04,29296,NAVX,NAVI Protocol,0.03986436,22963764.21858041,2060918.87,coinmarketcap_data_api_listings_historical
2025-07-04,19081,WIOTX,Wrapped IoTeX,0.02096004,22911299.4009539,26146.18,coinmarketcap_data_api_listings_historical
2025-07-04,32916,SHARP,Sharp,0.00849959,22840429.18037619,152907.8,coinmarketcap_data_api_listings_historical
2025-07-04,8420,DAO,DAO Maker,0.11558851,22807681.30370042,3090485.48,coinmarketcap_data_api_listings_historical
2025-07-04,5113,SURE,inSure DeFi,0.0008512,22803589.83470742,0.0,coinmarketcap_data_api_listings_historical
2025-07-04,34110,GOUT,GOUT,0.00014868,22773761.00530822,512379.45,coinmarketcap_data_api_listings_historical
2025-07-04,4189,UOS,Ultra,0.05110286,22693413.00172466,1315263.75,coinmarketcap_data_api_listings_historical
2025-07-04,7859,BADGER,Badger DAO,1.10410902,22513427.40950308,10757894.64,coinmarketcap_data_api_listings_historical
2025-07-04,11726,XAI,SideShift Token,0.15561391,22455046.96165583,0.0,coinmarketcap_data_api_listings_historical
2025-07-04,36713,RESOLV,Resolv,0.14391994,22415531.33591249,27482775.07,coinmarketcap_data_api_listings_historical
2025-07-04,30460,BURN,Burnedfi,1.72986425,22297897.72337787,256356.31,coinmarketcap_data_api_listings_historical
2025-07-04,37166,CROSS,CROSS Protocol,0.06338007,22183025.58128351,24659479.03,coinmarketcap_data_api_listings_historical
2025-07-04,35011,KEKIUS,Kekius Maximus (kekiusmaximus.vip),0.02215334,22153337.19263253,4553925.05,coinmarketcap_data_api_listings_historical
2025-07-04,12623,SD,Stader,0.41503216,22114764.35973056,3231254.3,coinmarketcap_data_api_listings_historical
2025-07-04,32866,MCDULL,McDull,2.92e-06,22068711.34086035,20799.96,coinmarketcap_data_api_listings_historical
2025-07-04,23015,NEON,Neon EVM,0.0920888,22052094.13374108,985433.07,coinmarketcap_data_api_listings_historical
2025-07-04,36769,BULLA,Bulla,0.07855957,21996678.30685951,197342725.43,coinmarketcap_data_api_listings_historical
2025-07-04,11036,ADS,Alkimi,0.09255823,21935476.30365973,107456.74,coinmarketcap_data_api_listings_historical
2025-07-04,9720,LAT,PlatON,0.00331553,21935080.10717586,3600200.77,coinmarketcap_data_api_listings_historical
2025-07-04,11346,RACA,RACA,5.338e-05,21919544.5527412,3508122.29,coinmarketcap_data_api_listings_historical
2025-07-04,11156,ETHDYDX,dYdX (ethDYDX),0.5252175,21879116.3839861,9508479.61,coinmarketcap_data_api_listings_historical
2025-07-04,10052,GTC,Gitcoin,0.22309842,21503280.63348586,2362376.84,coinmarketcap_data_api_listings_historical
2025-07-04,26532,PIKA,Pikaboss,5e-08,21492768.12878103,917.96,coinmarketcap_data_api_listings_historical
2025-07-04,21781,STRD,Stride,0.24391585,21422086.8762218,169322.75,coinmarketcap_data_api_listings_historical
2025-07-04,24477,AIDOGE,ArbDoge AI,0.0,21419850.98915429,6339215.74,coinmarketcap_data_api_listings_historical
2025-07-04,29555,PORTAL,Portal,0.03739999,21364332.10485031,33600288.24,coinmarketcap_data_api_listings_historical
2025-07-04,9020,TKO,Toko Token,0.12654187,21343468.78302829,1664937.69,coinmarketcap_data_api_listings_historical
2025-07-04,31773,WSEI,Wrapped Sei,0.25719641,21333787.12434753,31406.0,coinmarketcap_data_api_listings_historical
2025-07-04,15248,SANTOS,Santos FC Fan Token,1.84570218,21310590.47790521,9911714.54,coinmarketcap_data_api_listings_historical
2025-07-04,16352,GST,Green Satoshi Token (SOL),0.00600708,21236626.97875937,293129.72,coinmarketcap_data_api_listings_historical
2025-07-04,34853,UFD,Unicorn Fart Dust,0.02115153,21151525.5957074,4528363.6,coinmarketcap_data_api_listings_historical
2025-07-04,32536,YAFA,Free Palestine,0.02173388,21081843.5362306,161180.28,coinmarketcap_data_api_listings_historical
2025-07-04,1037,AGRS,Agoras: Tau Net,0.70404574,21024080.83598119,25290.88,coinmarketcap_data_api_listings_historical
2025-07-04,29331,OORT,OORT,0.03930938,21011713.5761333,1094022.22,coinmarketcap_data_api_listings_historical
2025-07-04,34611,SEND,Suilend,0.43051068,20974497.99225036,1243816.09,coinmarketcap_data_api_listings_historical
2025-07-04,7087,DEGO,Dego Finance,0.99408351,20872982.88358865,2216470.32,coinmarketcap_data_api_listings_historical
2025-07-04,2606,WAN,Wanchain,0.1050867,20863953.80487637,3680396.94,coinmarketcap_data_api_listings_historical
2025-07-04,31806,PEP,Pepecoin,0.00021066,20751670.75451411,41555.3,coinmarketcap_data_api_listings_historical
2025-07-04,11374,D,DAR Open Network,0.03202393,20747485.96431968,15078827.29,coinmarketcap_data_api_listings_historical
2025-07-04,5382,EL,ELYSIA,0.00422415,20645786.93782259,979332.79,coinmarketcap_data_api_listings_historical
2025-07-04,6069,ASM,Assemble AI,0.01370518,20557763.58090748,422734.62,coinmarketcap_data_api_listings_historical
2025-07-04,35426,FARTBOY,Fartboy,0.02056924,20557725.90324788,300498.93,coinmarketcap_data_api_listings_historical
2025-07-04,35422,OBT,Orbiter Finance,0.00658092,20400859.46480756,5858083.31,coinmarketcap_data_api_listings_historical
2025-07-04,28567,PALM,PaLM AI,0.26384319,20350153.3915246,76864.6,coinmarketcap_data_api_listings_historical
2025-07-04,35724,HEI,Heima,0.26526121,20331490.35196891,3093180.38,coinmarketcap_data_api_listings_historical
2025-07-04,1552,MLN,Enzyme,6.79232606,20320454.11459611,6410794.96,coinmarketcap_data_api_listings_historical
2025-07-04,6929,HEGIC,Hegic,0.02887442,20319717.24984237,76331.69,coinmarketcap_data_api_listings_historical
2025-07-04,35537,JELLYJELLY,Jelly-My-Jelly,0.02027321,20273189.20409352,7321998.81,coinmarketcap_data_api_listings_historical
2025-07-04,7505,EVER,Everscale,0.01015074,20154536.2002094,355265.9,coinmarketcap_data_api_listings_historical
2025-07-04,10894,SRX,StorX Network,0.05007397,20029588.0460318,2224210.65,coinmarketcap_data_api_listings_historical
2025-07-04,6715,SPA,Sperax,0.01176171,19897079.16593654,3499283.4,coinmarketcap_data_api_listings_historical
2025-07-04,28446,SPECTRE,SPECTRE AI,1.98979353,19884346.96505267,494145.26,coinmarketcap_data_api_listings_historical
2025-07-04,6724,KLV,Klever Coin,0.0021918,19464898.4025928,2483786.98,coinmarketcap_data_api_listings_historical
2025-07-04,17145,LOKA,League of Kingdoms Arena,0.0514642,19449821.50794365,17902940.59,coinmarketcap_data_api_listings_historical
2025-07-04,35747,DOOD,Doodles,0.00248662,19395623.39987583,9060607.05,coinmarketcap_data_api_listings_historical
2025-07-04,29175,WEN,Wen,2.663e-05,19379012.54991368,3750793.15,coinmarketcap_data_api_listings_historical
2025-07-04,31248,GME,GameStop (gamestop-coin.vip),4.702e-05,19340847.80493027,897444.55,coinmarketcap_data_api_listings_historical
2025-07-04,36352,B2,BSquared Network,0.41150583,19299724.2315537,17017262.23,coinmarketcap_data_api_listings_historical
2025-07-04,34158,VERTAI,Vertical AI,0.19262643,19262642.83506201,680221.48,coinmarketcap_data_api_listings_historical
2025-07-04,35628,AVL,Avalon Labs (AVL),0.11910147,19256801.44170422,10470688.92,coinmarketcap_data_api_listings_historical
2025-07-04,36920,DMC,DeLorean,0.00710696,19249056.73631762,41687583.3,coinmarketcap_data_api_listings_historical
2025-07-04,7046,GHST,Aavegotchi,0.36470808,19237549.36806927,5370341.76,coinmarketcap_data_api_listings_historical
2025-07-04,32772,GOCHU,Gochujangcoin,1.72e-06,19219707.49590939,1497625.78,coinmarketcap_data_api_listings_historical
2025-07-04,8772,ZUSD,ZUSD,1.00133344,19037724.92248022,29953.92,coinmarketcap_data_api_listings_historical
2025-07-04,24924,SWELL,Swell Network,0.0087854,19020317.37796898,4952211.14,coinmarketcap_data_api_listings_historical
2025-07-04,2570,VIC,Viction,0.15606024,18977755.78957075,1746869.55,coinmarketcap_data_api_listings_historical
2025-07-04,31152,KENDU,Kendu,1.993e-05,18898855.39361723,41216.79,coinmarketcap_data_api_listings_historical
2025-07-04,25714,CROWN,Crown by Third Time Games,0.09836386,18749711.82827608,92138.48,coinmarketcap_data_api_listings_historical
2025-07-04,35298,DUCK,DuckChain,0.00349925,18738064.00646836,5396706.42,coinmarketcap_data_api_listings_historical
2025-07-04,11171,MNGO,Mango,0.01664695,18602420.94707873,668.78,coinmarketcap_data_api_listings_historical
2025-07-04,6928,BEL,Bella Protocol,0.23235378,18588302.49354137,8531453.32,coinmarketcap_data_api_listings_historical
2025-07-04,27582,XTER,Xterio,0.13463954,18576171.52414425,9505610.0,coinmarketcap_data_api_listings_historical
2025-07-04,15996,PSTAKE,pSTAKE Finance,0.04214966,18531144.09957522,6001290.5,coinmarketcap_data_api_listings_historical
2025-07-04,33342,EVA,EverValue Coin,1.18200246,18434863.28302852,13692.88,coinmarketcap_data_api_listings_historical
2025-07-04,5060,XNC,XeniosCoin,0.24009326,18313103.08690889,0.0,coinmarketcap_data_api_listings_historical
2025-07-04,23037,HIFI,Hifi Finance,0.12911265,18310439.2398672,19182102.26,coinmarketcap_data_api_listings_historical
2025-07-04,32498,SIGMA,SIGMA,0.02033258,18296257.76627415,3162943.41,coinmarketcap_data_api_listings_historical
2025-07-04,8615,EPIC,Epic Chain,0.8054112,18202894.45739076,14260456.85,coinmarketcap_data_api_listings_historical
2025-07-04,35167,J,Jambo,0.11276341,18155804.54987965,2821519.11,coinmarketcap_data_api_listings_historical
2025-07-04,3327,SIX,SIX Token,0.02132432,18146286.81525381,4607212.97,coinmarketcap_data_api_listings_historical
2025-07-04,2320,UTK,xMoney,0.02563939,18053005.69119534,4653503.96,coinmarketcap_data_api_listings_historical
2025-07-04,10933,IDIA,Impossible Finance Launchpad,0.02653529,18043995.38488291,0.0,coinmarketcap_data_api_listings_historical
2025-07-04,36539,RIZE,RIZE,0.01812329,18042563.44878484,26726.16,coinmarketcap_data_api_listings_historical
2025-07-04,33258,HIPPO,sudeng,0.00180164,18016352.50767025,17822746.91,coinmarketcap_data_api_listings_historical
2025-07-04,34600,REX,REVOX,0.00918943,17933537.44315596,1789159.11,coinmarketcap_data_api_listings_historical
2025-07-04,6554,GHX,GamerCoin,0.02751846,17886037.24122706,306521.9,coinmarketcap_data_api_listings_historical
2025-07-04,1883,ADS,Adshares,0.46050987,17836972.86844335,10283.47,coinmarketcap_data_api_listings_historical
2025-07-04,32809,ORDER,Orderly Network,0.0706355,17809153.25459247,4209919.68,coinmarketcap_data_api_listings_historical
2025-07-04,36153,FHE,Mind Network,0.07120259,17729443.67598047,9126231.52,coinmarketcap_data_api_listings_historical
2025-07-04,36281,HYPER,Hyperlane,0.10118628,17727836.83380443,7476360.77,coinmarketcap_data_api_listings_historical
2025-07-04,29447,NMT,NetMind Token,0.52917768,17701103.30030986,2788838.24,coinmarketcap_data_api_listings_historical
2025-07-04,8613,ALCX,Alchemix,7.24937144,17624554.32687926,1530735.21,coinmarketcap_data_api_listings_historical
2025-07-04,33543,LUNA,Luna by Virtuals,0.01756174,17561741.58325373,66833.16,coinmarketcap_data_api_listings_historical
2025-07-04,10974,CHESS,Tranchess,0.08713462,17532126.65793633,10494840.13,coinmarketcap_data_api_listings_historical
2025-07-04,36313,TROLL,TROLL (SOL),0.01751537,17497612.79580619,3840811.74,coinmarketcap_data_api_listings_historical
2025-07-04,5877,RARI,RARI,0.90710196,17489591.64629463,3007398.45,coinmarketcap_data_api_listings_historical
2025-07-04,35277,CAM,Camino Network,0.05361219,17446250.43283081,229423.41,coinmarketcap_data_api_listings_historical
2025-07-04,5309,OG,OG Fan Token,4.05661165,17443430.0797645,7087973.22,coinmarketcap_data_api_listings_historical
2025-07-04,31830,DADDY,Daddy Tate,0.02907058,17431872.52273051,863661.16,coinmarketcap_data_api_listings_historical
2025-07-04,34034,OL,Open Loot,0.02787248,17361393.47421757,5066874.91,coinmarketcap_data_api_listings_historical
2025-07-04,34297,F,SynFutures,0.00900944,17330398.67162001,9941949.01,coinmarketcap_data_api_listings_historical
2025-07-04,7463,RAMP,RAMP,0.03621373,17304324.03993543,0.0,coinmarketcap_data_api_listings_historical
2025-07-04,8200,FOX,Shapeshift FOX Token,0.02236196,17269838.03370261,1394629.86,coinmarketcap_data_api_listings_historical
2025-07-04,7208,POLS,Polkastarter,0.17403491,17265939.4309657,1864557.08,coinmarketcap_data_api_listings_historical
2025-07-04,2780,NKN,NKN,0.02184961,17252611.4389119,5895036.37,coinmarketcap_data_api_listings_historical
2025-07-04,23802,KIBSHI,KiboShib,1.725e-05,17246289.148603,254165.89,coinmarketcap_data_api_listings_historical
2025-07-04,29220,PORK,PepeFork,4e-08,17098995.85537049,673940.15,coinmarketcap_data_api_listings_historical
2025-07-04,31171,BOOE,Book of Ethereum,0.17707977,17033481.90756391,275868.04,coinmarketcap_data_api_listings_historical
2025-07-04,7150,FLM,Flamingo,0.03086189,16996095.62181999,4335022.62,coinmarketcap_data_api_listings_historical
2025-07-04,21763,USDT.e,Tether Avalanche Bridged,1.00039848,16992297.43393517,242412.54,coinmarketcap_data_api_listings_historical
2025-07-04,34348,EMT,EarthMeta,0.01179334,16953395.52741609,811.1,coinmarketcap_data_api_listings_historical
2025-07-04,6859,FARM,Harvest Finance,25.20546271,16942694.89957522,688133.81,coinmarketcap_data_api_listings_historical
2025-07-04,3928,IDEX,IDEX,0.01765414,16940702.17461702,6140226.5,coinmarketcap_data_api_listings_historical
2025-07-04,19843,APEX,ApeX Protocol,0.17308637,16936460.43539252,2373835.51,coinmarketcap_data_api_listings_historical
2025-07-04,35728,DIAM,DIAM,0.01174575,16864131.61393173,343072.46,coinmarketcap_data_api_listings_historical
2025-07-04,2143,DATA,Streamr,0.01455138,16815626.10313401,2420538.73,coinmarketcap_data_api_listings_historical
2025-07-04,36180,KERNEL,KernelDAO,0.10173333,16792629.87258192,6927717.13,coinmarketcap_data_api_listings_historical
2025-07-04,14822,VR,Victoria VR,0.00264053,16759080.55508259,4928640.95,coinmarketcap_data_api_listings_historical
2025-07-04,11212,ATLAS,Star Atlas,0.00083381,16756644.09977943,892094.0,coinmarketcap_data_api_listings_historical
2025-07-04,5229,ASR,AS Roma Fan Token,2.26167445,16725082.52435797,4764523.24,coinmarketcap_data_api_listings_historical
2025-07-04,3,NMC,Namecoin,1.13425154,16714784.41803444,6581.38,coinmarketcap_data_api_listings_historical
2025-07-04,8720,INV,Inverse Finance,27.60281701,16651037.28467059,138215.53,coinmarketcap_data_api_listings_historical
2025-07-04,31296,GOLDAO,GOLDAO,0.02345839,16601813.30095146,3550.25,coinmarketcap_data_api_listings_historical
2025-07-04,14556,BOBA,Boba Network,0.09608318,16490202.22982649,9620282.86,coinmarketcap_data_api_listings_historical
2025-07-04,24220,PROPC,Propchain,0.4281598,16461817.5503175,515455.96,coinmarketcap_data_api_listings_historical
2025-07-04,36356,HOUSE,Housecoin,0.01637211,16351466.37966161,12858524.02,coinmarketcap_data_api_listings_historical
2025-07-04,28382,MYRO,Myro,0.01720964,16249412.30142895,3226582.66,coinmarketcap_data_api_listings_historical
2025-07-04,36849,USDUC,Unstable Coin (usduc.xyz),0.01621203,16211408.6833877,3672624.4,coinmarketcap_data_api_listings_historical
2025-07-04,35575,VICE,VICE Token,0.01626536,16093942.29252274,306270.59,coinmarketcap_data_api_listings_historical
2025-07-04,11038,BFG,BFG Token,0.01431765,16075981.65217153,35640.76,coinmarketcap_data_api_listings_historical
2025-07-04,21351,SWEAT,SWEAT,0.00226789,16073491.90875678,4805559.25,coinmarketcap_data_api_listings_historical
2025-07-04,7424,HEZ,Hermez Network,3.41313621,16041740.18186312,12449.59,coinmarketcap_data_api_listings_historical
2025-07-04,12147,SYN,Synapse,0.08625058,15727166.72550854,3592182.39,coinmarketcap_data_api_listings_historical
2025-07-04,29030,PORT3,Port3 Network,0.04417675,15636496.38909248,4351252.42,coinmarketcap_data_api_listings_historical
2025-07-04,35829,TRUU,Truth,0.00128525,15614251.75282988,1152620.97,coinmarketcap_data_api_listings_historical
2025-07-04,8670,VOW,Vow,0.04370343,15570887.26400461,69744.0,coinmarketcap_data_api_listings_historical
2025-07-04,11079,BRISE,Bitgert,4e-08,15567289.23749986,2997352.85,coinmarketcap_data_api_listings_historical
2025-07-04,4660,TLOS,Telos,0.03543963,15492177.43001114,2694490.31,coinmarketcap_data_api_listings_historical
2025-07-04,26556,EQB,Equilibria Finance,0.45751009,15489062.22830006,15483.86,coinmarketcap_data_api_listings_historical
2025-07-04,31342,NATIX,NATIX Network,0.00095926,15475644.25361708,355287.51,coinmarketcap_data_api_listings_historical
2025-07-04,2638,CTXC,Cortex,0.06683581,15423143.95454163,2775949.08,coinmarketcap_data_api_listings_historical
2025-07-04,36428,HYPER,Hyperpigmentation,0.01547047,15418592.50292116,87711.03,coinmarketcap_data_api_listings_historical
2025-07-04,35053,PIPPIN,pippin,0.01535593,15355871.34485091,7617913.24,coinmarketcap_data_api_listings_historical
2025-07-04,31921,RETARDIO,RETARDIO,0.01551472,15137263.85179367,1393209.51,coinmarketcap_data_api_listings_historical
2025-07-04,2243,DRGN,Dragonchain,0.04082342,15136208.83484581,117745.87,coinmarketcap_data_api_listings_historical
2025-07-04,32035,MLC,My Lovely Planet,0.21896178,15111855.29250754,371376.22,coinmarketcap_data_api_listings_historical
2025-07-04,2505,BLZ,Bluzelle,0.03234777,15094774.52307435,963064.73,coinmarketcap_data_api_listings_historical
2025-07-04,36807,LAMBO,LAMBO,0.00150737,15073740.99244238,4392569.58,coinmarketcap_data_api_listings_historical
2025-07-04,20245,CGO,Comtech Gold,106.86025011,15067295.26584049,1606197.07,coinmarketcap_data_api_listings_historical
2025-07-04,30193,BENJI,Basenji,0.01505371,15053712.72763425,7474136.11,coinmarketcap_data_api_listings_historical
2025-07-04,8206,QUICK,QuickSwap [Old],19.9727398,15037338.60261866,2524.84,coinmarketcap_data_api_listings_historical
2025-07-04,28829,MAVIA,Heroes of Mavia,0.13420049,15021211.69236027,1943938.56,coinmarketcap_data_api_listings_historical
2025-07-04,4036,COS,Contentos,0.00290018,15012641.0905973,1420730.44,coinmarketcap_data_api_listings_historical
2025-07-04,23081,UNS,UNS TOKEN,0.14203607,14999605.68519449,396.75,coinmarketcap_data_api_listings_historical
2025-07-04,3260,AMO,AMO Coin,0.00070637,14975138.57737479,257656.12,coinmarketcap_data_api_listings_historical
2025-07-04,9443,STEP,Step Finance,0.0676135,14970195.78971047,72696.54,coinmarketcap_data_api_listings_historical
2025-07-04,36754,YETI,YETI,0.01869719,14957748.18279557,57841.07,coinmarketcap_data_api_listings_historical
2025-07-04,29679,SCA,Scallop,0.13088232,14952487.73726429,8732245.86,coinmarketcap_data_api_listings_historical
2025-07-04,18966,MAY,Mayflower AI,0.06080525,14867483.10221151,1657085.0,coinmarketcap_data_api_listings_historical
2025-07-04,19131,ATR,Artrade,0.01178533,14850736.21554249,893183.28,coinmarketcap_data_api_listings_historical
2025-07-04,24303,MCADE,Metacade,0.00918013,14845483.88951766,1130167.17,coinmarketcap_data_api_listings_historical
2025-07-04,873,XEM,NEM,0.00164878,14839060.99207651,7274391.0,coinmarketcap_data_api_listings_historical
2025-07-04,28817,AKI,Aki Network,0.0073702,14740401.85657972,698785.72,coinmarketcap_data_api_listings_historical
2025-07-04,17742,CULT,Cult DAO,3.39e-06,14657935.39623851,150231.08,coinmarketcap_data_api_listings_historical
2025-07-04,36288,EDGE,Definitive,0.07204752,14627424.17498213,1340790.8,coinmarketcap_data_api_listings_historical
2025-07-04,28067,VARA,Vara Network,0.00423529,14615587.6291451,364047.03,coinmarketcap_data_api_listings_historical
2025-07-04,10630,GOG,Guild of Guardians,0.01939773,14583224.41855705,33729174.02,coinmarketcap_data_api_listings_historical
2025-07-04,23397,GFAL,Games for a Living,0.00384838,14580663.58632961,106081.37,coinmarketcap_data_api_listings_historical
2025-07-04,14534,PSP,ParaSwap,0.0195234,14544483.85764327,182624.39,coinmarketcap_data_api_listings_historical
2025-07-04,6950,PERP,Perpetual Protocol,0.22026741,14538124.07575876,5132067.7,coinmarketcap_data_api_listings_historical
2025-07-04,36178,COLS,Cointel,0.03618138,14472551.50349928,1583546.38,coinmarketcap_data_api_listings_historical
2025-07-04,5226,PSG,Paris Saint-Germain Fan Token,1.46332919,14471358.43745336,5886222.35,coinmarketcap_data_api_listings_historical
2025-07-04,19819,REI,REI Network,0.01511081,14355272.31955246,6034236.56,coinmarketcap_data_api_listings_historical
2025-07-04,19063,MEV,MEVerse,0.00831181,14351553.29686996,59568848.15,coinmarketcap_data_api_listings_historical
2025-07-04,5821,ALEPH,Aleph Cloud,0.05795668,14328079.34591277,359542.67,coinmarketcap_data_api_listings_historical
2025-07-04,6739,LWA,LumiWave,0.01852129,14262787.64740447,1172426.01,coinmarketcap_data_api_listings_historical
2025-07-04,20490,ROG,ROGin AI,0.21228447,14220909.95510283,70313.82,coinmarketcap_data_api_listings_historical
2025-07-04,11213,POLIS,Star Atlas DAO,0.04794191,14170562.51509791,267550.2,coinmarketcap_data_api_listings_historical
2025-07-04,8771,GYEN,GYEN,0.00674659,14159619.76755729,90.02,coinmarketcap_data_api_listings_historical
2025-07-04,32194,STO,StakeStone,0.06272793,14134692.45657364,16290619.35,coinmarketcap_data_api_listings_historical
2025-07-04,30683,WUF,WUFFI,1.7e-07,14108415.94706667,16368.11,coinmarketcap_data_api_listings_historical
2025-07-04,16868,SHDW,Shadow Token,0.08301976,14034959.76909169,89217.89,coinmarketcap_data_api_listings_historical
2025-07-04,5802,XOR,SORA,0.0,13973402.88323932,14545.84,coinmarketcap_data_api_listings_historical
2025-07-04,22837,DIMO,DIMO,0.04144296,13873424.49611201,125399.95,coinmarketcap_data_api_listings_historical
2025-07-04,13914,OBT,Oobit,0.01386352,13863518.64603633,95255.59,coinmarketcap_data_api_listings_historical
2025-07-04,30943,$MICHI,michi (SOL),0.02485688,13814534.02815127,2761212.16,coinmarketcap_data_api_listings_historical
2025-07-04,17081,LOOKS,LooksRare,0.01374762,13746818.24974172,3380133.96,coinmarketcap_data_api_listings_historical
2025-07-04,22771,INDY,Indigo Protocol,0.85601942,13741524.84866208,37756.88,coinmarketcap_data_api_listings_historical
2025-07-04,28394,GROK,Grok,0.00217397,13740195.59629006,5351384.21,coinmarketcap_data_api_listings_historical
2025-07-04,33320,PUPS,Pups (Bitcoin),0.01415756,13710824.02490428,150861.6,coinmarketcap_data_api_listings_historical
2025-07-04,15270,VINU,Vita Inu,2e-08,13692395.54218737,3973631.8,coinmarketcap_data_api_listings_historical
2025-07-04,15752,BLOCK,Blockasset,0.07789625,13461353.06559015,485111.41,coinmarketcap_data_api_listings_historical
2025-07-04,9263,ZCX,Unizen,0.02136973,13435278.57019723,736093.33,coinmarketcap_data_api_listings_historical
2025-07-04,33104,SYNC,SyncGPT,0.06717098,13434195.73521411,0.0,coinmarketcap_data_api_listings_historical
2025-07-04,33188,MAJOR,Major,0.16109553,13427291.50023219,6382866.0,coinmarketcap_data_api_listings_historical
2025-07-04,34512,CLEAR,Everclear,0.03233953,13422674.232689,506654.5,coinmarketcap_data_api_listings_historical
2025-07-04,33795,ynETH,Yieldnest Restaked ETH,2661.71061806,13420701.99791808,0.0,coinmarketcap_data_api_listings_historical
2025-07-04,33983,SUT,SuperTrust,6.62009599,13402333.29160709,1162251.59,coinmarketcap_data_api_listings_historical
2025-07-04,30402,CAW,crow with knife,2e-08,13372074.50005842,145387.48,coinmarketcap_data_api_listings_historical
2025-07-04,19966,QUICK,Quickswap [New],0.01773075,13349363.06536803,4907945.2,coinmarketcap_data_api_listings_historical
2025-07-04,28919,TGC,TG Casino,0.1670021,13346473.15053523,36976.02,coinmarketcap_data_api_listings_historical
2025-07-04,36278,OBOL,Obol,0.13512292,13339313.94807017,8238867.73,coinmarketcap_data_api_listings_historical
2025-07-04,13521,NUM,Numbers Protocol,0.01660204,13292992.97235899,1099533.68,coinmarketcap_data_api_listings_historical
2025-07-04,33746,WOD,World of Dypians,0.06036826,13200143.7235916,7442890.0,coinmarketcap_data_api_listings_historical
2025-07-04,8938,EPS,Ellipsis,0.01820778,13176996.64668493,0.0,coinmarketcap_data_api_listings_historical
2025-07-04,2083,BTG,Bitcoin Gold,0.75170471,13165298.82753833,12531.5,coinmarketcap_data_api_listings_historical
2025-07-04,10641,QUACK,RichQUACK.com,0.0,13128591.93116668,319140.64,coinmarketcap_data_api_listings_historical
2025-07-04,27369,U2U,U2U Network,0.00856515,13070507.43217671,507665.54,coinmarketcap_data_api_listings_historical
2025-07-04,29445,ZKML,zKML,0.13539164,13058694.79100854,25371.39,coinmarketcap_data_api_listings_historical
2025-07-04,36164,CORN,Corn,0.02479599,13017892.19369291,26707.3,coinmarketcap_data_api_listings_historical
2025-07-04,27614,WMNT,Wrapped Mantle,0.55993777,12920637.35765654,863095.93,coinmarketcap_data_api_listings_historical
2025-07-04,21822,BKN,Brickken,0.1784524,12908000.65903408,293227.98,coinmarketcap_data_api_listings_historical
2025-07-04,4746,QTCON,Quiztok,0.00112501,12906485.16117584,430040.15,coinmarketcap_data_api_listings_historical
2025-07-04,32854,SLF,Self Chain,0.077032,12864343.37571769,6246677.99,coinmarketcap_data_api_listings_historical
2025-07-04,30953,SBBTC,ShibaBitcoin,109.87017776,12809056.54299406,847653.56,coinmarketcap_data_api_listings_historical
2025-07-04,36805,AVM,Agent Virtual Machine,0.24506416,12780095.74680641,1584708.22,coinmarketcap_data_api_listings_historical
2025-07-04,29428,stDYDX,Stride Staked DYDX,0.58120736,12714313.69667053,0.0,coinmarketcap_data_api_listings_historical
2025-07-04,28220,SOIL,Soil,0.3313905,12712040.78907755,223603.43,coinmarketcap_data_api_listings_historical
2025-07-04,32856,MNT,Mr Mint,0.0362272,12674290.77586331,138135.36,coinmarketcap_data_api_listings_historical
2025-07-04,36396,CUDIS,CUDIS,0.05106843,12639437.06332526,28625837.51,coinmarketcap_data_api_listings_historical
2025-07-04,35804,WEPE,Wall Street Pepe,8.168e-05,12588373.45539455,2760636.25,coinmarketcap_data_api_listings_historical
2025-07-04,2001,COLX,ColossusXT,0.0009846,12536278.46507257,0.0,coinmarketcap_data_api_listings_historical
2025-07-04,24261,OCTA,OctaSpace,0.33359034,12509924.95494462,539828.25,coinmarketcap_data_api_listings_historical
2025-07-04,31632,PEIPEI,PeiPei (ETH),3e-08,12498209.12866305,1274841.16,coinmarketcap_data_api_listings_historical
2025-07-04,28299,TOKEN,TokenFi,0.012489,12489250.82951389,4747031.19,coinmarketcap_data_api_listings_historical
2025-07-04,28348,MPT,MiraclePlay,0.01462082,12468938.94622075,776184.3,coinmarketcap_data_api_listings_historical
2025-07-04,35392,PX,Not Pixel,0.06991068,12458198.2150222,334542.69,coinmarketcap_data_api_listings_historical
2025-07-04,7311,BIFI,Beefy,154.55739213,12364591.37054975,578852.53,coinmarketcap_data_api_listings_historical
2025-07-04,23396,LOCK,Houdini Swap,0.13310202,12317809.11471686,6974.24,coinmarketcap_data_api_listings_historical
2025-07-04,28147,OMIKAMI,Amaterasu Omikami,0.01292768,12242201.53792374,208359.89,coinmarketcap_data_api_listings_historical
2025-07-04,36599,allBTC,Osmosis allBTC,108159.81810965,12222059.44639074,2065565.21,coinmarketcap_data_api_listings_historical
2025-07-04,11783,GAFI,GameFi.org,1.11334585,12185640.61895277,499502.82,coinmarketcap_data_api_listings_historical
2025-07-04,2949,KRL,Kryll,0.30424748,12140195.17321605,107562.18,coinmarketcap_data_api_listings_historical
2025-07-04,6180,SUKU,Suku,0.02622297,12107022.5616404,398731.03,coinmarketcap_data_api_listings_historical
2025-07-04,29693,ALVA,Alvara Protocol,0.18298963,12065914.64818592,300441.48,coinmarketcap_data_api_listings_historical
2025-07-04,29593,ASTRA,AstraAI,1.32616715,12021954.7598843,0.0,coinmarketcap_data_api_listings_historical
2025-07-04,19590,DFG,Defigram,1.20170518,12017051.83873572,0.0,coinmarketcap_data_api_listings_historical
2025-07-04,24190,FUL,Fulcrom Finance,0.00567831,11981932.16066703,7912.45,coinmarketcap_data_api_listings_historical
2025-07-04,30825,KARRAT,KARRAT,0.03387154,11979860.0516701,2157461.41,coinmarketcap_data_api_listings_historical
2025-07-04,34261,WFI,WeFi,0.40003647,11965375.16568027,822879.34,coinmarketcap_data_api_listings_historical
2025-07-04,15563,COPI,Cornucopias,0.01156391,11939537.23399966,189993.32,coinmarketcap_data_api_listings_historical
2025-07-04,29042,EURR,StablR Euro,1.17185526,11885973.93132888,4078301.27,coinmarketcap_data_api_listings_historical
2025-07-04,31704,PIRATE,Pirate Nation,0.03908353,11874031.84874038,737973.69,coinmarketcap_data_api_listings_historical
2025-07-04,5225,BAR,FC Barcelona Fan Token,1.02805118,11858785.17547377,16167437.13,coinmarketcap_data_api_listings_historical
2025-07-04,31051,LOBO,LOBO•THE•WOLF•PUP,0.00067567,11827029.69166632,2983102.3,coinmarketcap_data_api_listings_historical
2025-07-04,36775,IDOL,MEET48,0.01310567,11826555.08305136,65038645.99,coinmarketcap_data_api_listings_historical
2025-07-04,1169,PIVX,PIVX,0.12415039,11740404.2480294,2424522.11,coinmarketcap_data_api_listings_historical
2025-07-04,20456,WE,WeBuy,0.03240823,11732791.82434039,7314.36,coinmarketcap_data_api_listings_historical
2025-07-04,29547,MASA,Masa,0.01385252,11731651.5426277,2510194.67,coinmarketcap_data_api_listings_historical
2025-07-04,6855,BIDR,BIDR,6.137e-05,11696596.65419385,0.0,coinmarketcap_data_api_listings_historical
2025-07-04,27763,USDbC,Bridged USDC,0.99999637,11693471.86438604,2056632.07,coinmarketcap_data_api_listings_historical
2025-07-04,3422,SHPING,SHPING,0.00509509,11651402.91041413,189520.96,coinmarketcap_data_api_listings_historical
2025-07-04,1414,FIRO,Firo,0.66672134,11631717.03536773,316046.17,coinmarketcap_data_api_listings_historical
2025-07-04,3437,ABBC,ABBC Coin,0.01284626,11629773.98692833,52218.5,coinmarketcap_data_api_listings_historical
2025-07-04,11202,TOKE,Tokemak,0.14067138,11597115.71986292,114823.31,coinmarketcap_data_api_listings_historical
2025-07-04,36707,CBXRP,Coinbase Wrapped XRP,2.22069729,11540251.31246093,88329.86,coinmarketcap_data_api_listings_historical
2025-07-04,8827,BOSON,Boson Protocol,0.07860606,11510535.47610037,1389918.2,coinmarketcap_data_api_listings_historical
2025-07-04,3768,PIB,PIBBLE,0.00047449,11459068.99418572,142864.63,coinmarketcap_data_api_listings_historical
2025-07-04,3698,OBSR,Observer,0.00184068,11425256.23451338,3555864.01,coinmarketcap_data_api_listings_historical
2025-07-04,9286,LEASH,Doge Killer,107.3585726,11423756.41702612,866101.92,coinmarketcap_data_api_listings_historical
2025-07-04,18112,ALPINE,Alpine F1 Team Fan Token,0.682256,11403809.5736156,2195318.0,coinmarketcap_data_api_listings_historical
2025-07-04,6216,AXEL,AXEL,0.03997079,11315838.9526853,3125.1,coinmarketcap_data_api_listings_historical
2025-07-04,12400,DEL,Decimal,0.00101712,11311359.32588553,244533.22,coinmarketcap_data_api_listings_historical
2025-07-04,5925,PKOIN,Pkoin,0.81197814,11306127.34880065,63555.88,coinmarketcap_data_api_listings_historical
2025-07-04,3581,PNK,Kleros,0.0140114,11283309.32892006,120893.24,coinmarketcap_data_api_listings_historical
2025-07-04,1768,ADX,AdEx,0.07628236,11282160.56138964,3898946.16,coinmarketcap_data_api_listings_historical
2025-07-04,17131,IXT,Planet IX(formerly IX token),0.08569607,11263735.46571399,38304.82,coinmarketcap_data_api_listings_historical
2025-07-04,4566,XDB,XDB CHAIN,0.00065389,11245402.4982976,1039154.18,coinmarketcap_data_api_listings_historical
2025-07-04,35436,ALON,Alon,0.01124128,11218364.87266272,1465540.88,coinmarketcap_data_api_listings_historical
2025-07-04,10332,STNK,Stonks,19.32661012,11206487.3427045,123414.09,coinmarketcap_data_api_listings_historical
2025-07-04,31668,BILLY,Billy (Bitcoin),0.01120182,11201815.99343926,60150.78,coinmarketcap_data_api_listings_historical
2025-07-04,20513,STC,SaitaChain Coin,0.00025035,11199655.30912359,64110.54,coinmarketcap_data_api_listings_historical
2025-07-04,15678,VOXEL,Voxies,0.04595301,11172668.60691234,12172042.51,coinmarketcap_data_api_listings_historical
2025-07-04,7703,MVC,MileVerse,0.00404521,11168944.25384734,1223836.6,coinmarketcap_data_api_listings_historical
2025-07-04,35669,CAR,Central African Republic Meme,0.01116567,11165301.7715748,824825.56,coinmarketcap_data_api_listings_historical
2025-07-04,35671,EPT,Balance,0.00432533,11109406.95518671,5596744.86,coinmarketcap_data_api_listings_historical
2025-07-04,4702,IDRT,Rupiah Token,6.161e-05,11050031.97798743,33.87,coinmarketcap_data_api_listings_historical
2025-07-04,20874,MILK,MilkyWay,0.0460452,11000198.01359664,14704099.47,coinmarketcap_data_api_listings_historical
2025-07-04,33076,MOODENG,MOO DENG (moodeng.vip),2.687e-05,10974667.37295937,4320131.85,coinmarketcap_data_api_listings_historical
2025-07-04,30867,WHY,WHY,3e-08,10946138.02002,963909.92,coinmarketcap_data_api_listings_historical
2025-07-04,3816,VRA,Verasity,0.00112864,10862411.3556958,6359136.67,coinmarketcap_data_api_listings_historical
2025-07-04,36605,ZEUS,Pepes Dog,3e-08,10825498.25782092,1521786.59,coinmarketcap_data_api_listings_historical
2025-07-04,33464,MEMEFI,MemeFi,0.00108239,10823925.69600924,5055413.5,coinmarketcap_data_api_listings_historical
2025-07-04,36264,COCORO,COCORO,2.563e-05,10783975.30999547,1760908.31,coinmarketcap_data_api_listings_historical
2025-07-04,11222,WNCG,Nine Chronicles,0.02050988,10724342.41013822,2273159.77,coinmarketcap_data_api_listings_historical
2025-07-04,12064,CRTS,Cratos,0.00021707,10701393.59781307,1202248.97,coinmarketcap_data_api_listings_historical
2025-07-04,36590,TIGERSHARK,Tiger Shark,0.01068226,10682256.45817177,254837.51,coinmarketcap_data_api_listings_historical
2025-07-04,6520,HOPR,HOPR,0.03125773,10664320.50771863,535252.71,coinmarketcap_data_api_listings_historical
2025-07-04,5228,GAL,Galatasaray Fan Token,1.27457165,10577945.46791875,2650702.35,coinmarketcap_data_api_listings_historical
2025-07-04,36319,AIOT,OKZOO,0.15021271,10577478.31171651,3579077.38,coinmarketcap_data_api_listings_historical
2025-07-04,3873,BOTX,botXcoin,0.00598708,10531593.86015742,0.0,coinmarketcap_data_api_listings_historical
2025-07-04,28385,PROPS,Propbase,0.0251153,10530777.44275558,2537130.44,coinmarketcap_data_api_listings_historical
2025-07-04,14345,BOTTO,Botto,0.22121189,10516519.87919244,58921.31,coinmarketcap_data_api_listings_historical
2025-07-04,28792,stTON,bemo staked TON,2.99673902,10505618.08093587,0.0,coinmarketcap_data_api_listings_historical
2025-07-04,27966,DORA,Dora Factory,0.01953451,10495444.53447684,1298046.95,coinmarketcap_data_api_listings_historical
2025-07-04,36166,PUMP,PumpBTC (Governance token),0.03673769,10470242.69582484,839897.09,coinmarketcap_data_api_listings_historical
2025-07-04,5446,USDJ,USDJ,1.10606374,10464422.55722126,3446846.11,coinmarketcap_data_api_listings_historical
2025-07-04,8479,VAI,VAIOT,0.02718153,10447221.22594669,381337.83,coinmarketcap_data_api_listings_historical
2025-07-04,33695,KING,King Protocol,744.26065002,10440968.37916528,97289.07,coinmarketcap_data_api_listings_historical
2025-07-04,8489,XSGD,XSGD,0.78247108,10389042.63251393,773073.16,coinmarketcap_data_api_listings_historical
2025-07-04,30584,BASEDAI,BasedAI,0.29983037,10373956.94875597,93979.21,coinmarketcap_data_api_listings_historical
2025-07-04,132,XCP,Counterparty,4.00318402,10373100.4335516,0.0,coinmarketcap_data_api_listings_historical
2025-07-04,10368,CTX,Cryptex Finance,1.396974,10355977.0588904,2729328.87,coinmarketcap_data_api_listings_historical
2025-07-04,35163,BOTIFY,BOTIFY,0.01031952,10318437.39662761,1581634.88,coinmarketcap_data_api_listings_historical
2025-07-04,4366,MIX,MixMarvel,0.00106159,10308009.72626847,522547.14,coinmarketcap_data_api_listings_historical
2025-07-04,5865,FIO,FIO Protocol,0.0126592,10298938.37602139,4696335.29,coinmarketcap_data_api_listings_historical
2025-07-04,30950,MON,MON,0.01891696,10272268.07721864,3061309.08,coinmarketcap_data_api_listings_historical
2025-07-04,35601,DOGEAI,DOGEai,0.0136776,10258198.2297211,1440478.3,coinmarketcap_data_api_listings_historical
2025-07-04,7281,XPRT,Persistence One,0.0477436,10187002.98487316,2565873.6,coinmarketcap_data_api_listings_historical
2025-07-04,5616,MATH,MATH,0.08908108,10186971.05752703,364234.81,coinmarketcap_data_api_listings_historical
2025-07-04,7229,GEL,Gelato,0.03852159,10118826.53434089,351552.59,coinmarketcap_data_api_listings_historical
2025-07-04,17722,WALLET,Ambire Wallet,0.01418008,10118010.97609486,307022.55,coinmarketcap_data_api_listings_historical
2025-07-04,36696,PEPU,Pepe Unchained,0.0006307,10091149.40831936,694361.29,coinmarketcap_data_api_listings_historical
2025-07-04,21473,DIONE,Dione Protocol,0.00088333,10057382.88106129,213479.74,coinmarketcap_data_api_listings_historical
2025-07-04,23046,MCOIN,MCOIN,0.05679676,10053025.73804733,315050.38,coinmarketcap_data_api_listings_historical
2025-07-04,9177,PIT,Pitbull,0.0,10033543.4906505,161620.71,coinmarketcap_data_api_listings_historical
2025-07-04,34165,ORA,ORA,0.27130874,9947987.09856295,2750.98,coinmarketcap_data_api_listings_historical
2025-07-04,29241,GME,GmeStop,0.00144325,9937116.47970365,3283730.34,coinmarketcap_data_api_listings_historical
2025-07-04,3673,ASD,ASD,0.01500009,9909288.70902662,1338837.2,coinmarketcap_data_api_listings_historical
2025-07-04,2916,NIM,Nimiq,0.00074985,9908791.55871186,1219286.9,coinmarketcap_data_api_listings_historical
2025-07-04,15463,SIDUS,SIDUS,0.0007162,9874964.00722678,614577.68,coinmarketcap_data_api_listings_historical
2025-07-04,8329,PAID,PAID,0.01982508,9872648.03705167,5046.01,coinmarketcap_data_api_listings_historical
2025-07-04,36011,OIK,Space Nation,0.05293098,9834046.3420939,344575.3,coinmarketcap_data_api_listings_historical
2025-07-04,9637,ALU,Altura,0.00991331,9814174.00194264,3454697.92,coinmarketcap_data_api_listings_historical
2025-07-04,32892,BELLS,Bellscoin,0.16133706,9812965.85033456,420856.56,coinmarketcap_data_api_listings_historical
2025-07-04,12256,CHEQ,cheqd,0.01524001,9791598.61158997,406766.23,coinmarketcap_data_api_listings_historical
2025-07-04,21532,AURA,Aura Finance,0.14755459,9715033.50543407,11493.46,coinmarketcap_data_api_listings_historical
2025-07-04,2410,SPC,SpaceChain,0.0316247,9714560.98501023,0.0,coinmarketcap_data_api_listings_historical
2025-07-04,35736,G7,Game7,0.00421885,9703365.0692361,163517.24,coinmarketcap_data_api_listings_historical
2025-07-04,27008,0XGAS,0xGasless,1.01660881,9686894.28361296,113974.98,coinmarketcap_data_api_listings_historical
2025-07-04,28508,NIBI,Nibiru Chain,0.0135127,9681898.60192641,527333.9,coinmarketcap_data_api_listings_historical
2025-07-04,37177,MOBY,Moby,0.00967703,9676748.53155707,2258694.42,coinmarketcap_data_api_listings_historical
2025-07-04,32232,PMT,Public Masterpiece Token,0.09402173,9672088.21323735,189266.32,coinmarketcap_data_api_listings_historical
2025-07-04,5829,SWAP,TrustSwap,0.09608143,9607678.42039622,514801.71,coinmarketcap_data_api_listings_historical
2025-07-04,33405,KOMA,Koma Inu,0.01753713,9574625.30152206,2197347.88,coinmarketcap_data_api_listings_historical
2025-07-04,7232,ALPHA,Stella,0.01011129,9454051.86156034,13114187.58,coinmarketcap_data_api_listings_historical
2025-07-04,11035,SPS,Splintershards,0.00710615,9436546.74499807,119657.89,coinmarketcap_data_api_listings_historical
2025-07-04,32925,SPEC,Spectral,0.66498545,9379418.32305224,5491481.39,coinmarketcap_data_api_listings_historical
2025-07-04,7590,DVI,Dvision Network,0.00953013,9326186.5274218,159568.29,coinmarketcap_data_api_listings_historical
2025-07-04,20873,LEVER,LeverFi,0.00016552,9233808.2297576,9396291.96,coinmarketcap_data_api_listings_historical
2025-07-04,27805,SWCH,SwissCheese,0.21044378,9206662.30874097,4367360.54,coinmarketcap_data_api_listings_historical
2025-07-04,8669,SOV,Sovryn,0.14945978,9182945.86651719,185610.7,coinmarketcap_data_api_listings_historical
2025-07-04,23825,NXRA,Nexera,0.00886743,9161274.8245638,28369.09,coinmarketcap_data_api_listings_historical
2025-07-04,36939,AGT,AIVille,0.00329176,9141753.71876866,14371078.48,coinmarketcap_data_api_listings_historical
2025-07-04,213,MONA,MonaCoin,0.13871413,9117634.37651591,21688.95,coinmarketcap_data_api_listings_historical
2025-07-04,29350,VSG,Vector Smart Gas,0.00091176,9117617.04371376,190779.22,coinmarketcap_data_api_listings_historical
2025-07-04,29189,WXDC,Wrapped XDC,0.06061137,9100174.07557279,472023.33,coinmarketcap_data_api_listings_historical
2025-07-04,7189,OUSD,Origin Dollar,1.00033444,9051985.30517465,48354.69,coinmarketcap_data_api_listings_historical
2025-07-04,4710,CERE,Cere Network,0.0012985,9011515.63233871,281648.3,coinmarketcap_data_api_listings_historical
2025-07-04,30912,MANEKI,MANEKI,0.0010143,8985428.46051265,3706846.53,coinmarketcap_data_api_listings_historical
2025-07-04,34807,ODOS,Odos,0.00464301,8976432.33857286,564296.21,coinmarketcap_data_api_listings_historical
2025-07-04,27463,STUFF,STUFF.io,0.00372679,8963946.87499897,7233.26,coinmarketcap_data_api_listings_historical
2025-07-04,34687,STREAM,Streamflow,0.06645573,8945792.20394038,467285.97,coinmarketcap_data_api_listings_historical
2025-07-04,19650,VOLT,Volt Inu,1.6e-07,8929811.32759321,249855.82,coinmarketcap_data_api_listings_historical
2025-07-04,35753,BROCCOLI,Broccoli (firstbroccoli.com),0.00892704,8927037.37100426,4462999.81,coinmarketcap_data_api_listings_historical
2025-07-04,16711,GTAI,GT Protocol,0.16156081,8902926.66732374,1162843.6,coinmarketcap_data_api_listings_historical
2025-07-04,36632,CRYPTO,Cryptocurrency Coin,0.00886507,8864865.34137347,103362.45,coinmarketcap_data_api_listings_historical
2025-07-04,5224,JUV,Juventus Fan Token,0.90852935,8863522.42110723,5830983.74,coinmarketcap_data_api_listings_historical
2025-07-04,34746,LMT,Limitus,0.01058077,8783508.72642032,416081.04,coinmarketcap_data_api_listings_historical
2025-07-04,24346,PXT,Pixer Eternity,0.00281071,8780168.7994835,111463.93,coinmarketcap_data_api_listings_historical
2025-07-04,7740,POLA,Polaris Share,0.01710777,8745161.95180767,2619488.66,coinmarketcap_data_api_listings_historical
2025-07-04,30859,HOPPY,Hoppy,2.078e-05,8741892.89889594,1952229.96,coinmarketcap_data_api_listings_historical
2025-07-04,5583,HAI,Hacken Token,0.01047879,8734385.46193271,149446.66,coinmarketcap_data_api_listings_historical
2025-07-04,2348,MDT,Measurable Data Token,0.01288774,8714134.75249575,2473893.37,coinmarketcap_data_api_listings_historical
2025-07-04,8034,BIOT,BioPassport Token,0.00111043,8683137.89732592,160630.18,coinmarketcap_data_api_listings_historical
2025-07-04,17050,MULTI,Multichain,0.59619647,8669348.62272412,149385.58,coinmarketcap_data_api_listings_historical
2025-07-04,8715,TARA,Taraxa,0.00158179,8667279.24316769,430864.66,coinmarketcap_data_api_listings_historical
2025-07-04,20117,MINIMA,Minima,0.02142883,8628676.55885936,203012.97,coinmarketcap_data_api_listings_historical
2025-07-04,25224,KARATE,Karate Combat,0.00012886,8588619.84452593,124440.51,coinmarketcap_data_api_listings_historical
2025-07-04,5882,FIS,StaFi,0.07515029,8587440.91895121,4879968.56,coinmarketcap_data_api_listings_historical
2025-07-04,12687,LAZIO,S.S. Lazio Fan Token,0.71667275,8544831.09585003,3750747.57,coinmarketcap_data_api_listings_historical
2025-07-04,2539,REN,Ren,0.0085453,8539579.77629458,787954.17,coinmarketcap_data_api_listings_historical
2025-07-04,28559,BCUT,bitsCrunch,0.01629639,8521628.45424723,2011532.41,coinmarketcap_data_api_listings_historical
2025-07-04,28478,MOCHI,Mochi (New),9.05e-06,8488252.55256715,59736.19,coinmarketcap_data_api_listings_historical
2025-07-04,28249,ZTX,ZTX,0.00201578,8476243.82271686,469420.93,coinmarketcap_data_api_listings_historical
2025-07-04,10049,CITY,Manchester City Fan Token,0.84324216,8465346.82428675,3203496.97,coinmarketcap_data_api_listings_historical
2025-07-04,8044,ADP,Adappter Token,0.0018101,8389523.85944391,1448805.95,coinmarketcap_data_api_listings_historical
2025-07-04,7396,MOON,r/CryptoCurrency Moons,0.0785492,8387194.30204504,68426.57,coinmarketcap_data_api_listings_historical
2025-07-04,10746,BSW,Biswap,0.01261188,8385090.95164105,16903511.75,coinmarketcap_data_api_listings_historical
2025-07-04,32778,DOGE,Department Of Government Efficiency (dogegov.com),0.00855016,8371631.36758591,1423749.46,coinmarketcap_data_api_listings_historical
2025-07-04,36393,BOOP,Boop,0.0277166,8355250.99816107,2571032.26,coinmarketcap_data_api_listings_historical
2025-07-04,31343,BRETT,Brett (ETH),0.12033293,8353511.736493,1016693.87,coinmarketcap_data_api_listings_historical
2025-07-04,7975,vLINK,Venus LINK,0.26825502,8291041.63587432,0.0,coinmarketcap_data_api_listings_historical
2025-07-04,5956,MCB,MUX Protocol,2.15280324,8226987.1067543,1991.59,coinmarketcap_data_api_listings_historical
2025-07-04,16755,HOSKY,HOSKY Token,4e-08,8216879.51996151,130260.31,coinmarketcap_data_api_listings_historical
2025-07-04,11952,WMOVR,Wrapped Moonriver,210.06467598,8197677.21572566,0.0,coinmarketcap_data_api_listings_historical
2025-07-04,35793,ANT,Autonomi,0.0599777,8195642.76894277,449617.96,coinmarketcap_data_api_listings_historical
2025-07-04,7664,UNCX,UNCX Network,175.60407627,8187148.87666616,58076.62,coinmarketcap_data_api_listings_historical
2025-07-04,5161,WRX,WazirX,0.02140846,8174966.78548807,76869.98,coinmarketcap_data_api_listings_historical
2025-07-04,14052,PORTO,FC Porto Fan Token,0.71899709,8144947.38387129,3664699.43,coinmarketcap_data_api_listings_historical
2025-07-04,21134,SQGROW,SquidGrow,0.00814471,8144713.82172645,118456.44,coinmarketcap_data_api_listings_historical
2025-07-04,5552,HTR,Hathor,0.01637844,8139915.87865936,414032.02,coinmarketcap_data_api_listings_historical
2025-07-04,10372,DXI,DACXI,0.00090432,8138891.70248365,418396.67,coinmarketcap_data_api_listings_historical
2025-07-04,3507,MBC,MicroBitcoin,0.00014734,8120190.69811895,368746.9,coinmarketcap_data_api_listings_historical
2025-07-04,2856,CEEK,CEEK VR,0.01006728,8111384.74159249,577400.79,coinmarketcap_data_api_listings_historical
2025-07-04,7692,EXRD,e-Radix,0.0065995,8085925.38749019,13067.52,coinmarketcap_data_api_listings_historical
2025-07-04,12297,stSOL,Lido Staked SOL,178.95751044,8078016.94339291,76182.01,coinmarketcap_data_api_listings_historical
2025-07-04,5,PPC,Peercoin,0.27211161,8067746.86341919,1001.86,coinmarketcap_data_api_listings_historical
2025-07-04,25232,ABEL,Abelian,0.07821485,8052299.65158536,94560.19,coinmarketcap_data_api_listings_historical
2025-07-04,8296,KSP,KLAYswap Protocol,0.10209412,8025193.62438934,15880.9,coinmarketcap_data_api_listings_historical
2025-07-04,22074,ALEX,ALEX Lab,0.01318633,7997375.85802997,833359.28,coinmarketcap_data_api_listings_historical
2025-07-04,34177,USDQ,Quantoz USDQ,0.99981408,7978565.35038932,18731062.48,coinmarketcap_data_api_listings_historical
2025-07-04,28479,ROOT,The Root Network,0.00349893,7967435.99166668,2080070.05,coinmarketcap_data_api_listings_historical
2025-07-04,36771,BOMB,Bombie,0.00088444,7959973.77525049,3023191.47,coinmarketcap_data_api_listings_historical
2025-07-04,27766,KYVE,KYVE Network,0.00824704,7951920.44564561,69929.86,coinmarketcap_data_api_listings_historical
2025-07-04,33350,ICBX,ICB Network,0.00041211,7950688.67247134,236951.59,coinmarketcap_data_api_listings_historical
2025-07-04,10079,QDX,Quidax Token,0.10305037,7934878.78751924,279999.61,coinmarketcap_data_api_listings_historical
2025-07-04,33165,PUSS,PussFi,0.00894641,7862327.29509879,975217.88,coinmarketcap_data_api_listings_historical
2025-07-04,34717,LINGO,Lingo,0.03804887,7850997.1950526,407366.51,coinmarketcap_data_api_listings_historical
2025-07-04,8992,CELL,Cellframe,0.27303805,7808660.90961955,517443.31,coinmarketcap_data_api_listings_historical
2025-07-04,7094,DHT,dHedge DAO,0.1353504,7772467.06331717,11483.25,coinmarketcap_data_api_listings_historical
2025-07-04,9089,10SET,Tenset,0.0554726,7753601.96154859,164792.87,coinmarketcap_data_api_listings_historical
2025-07-04,10293,BZZ,Swarm,0.14719098,7742343.01383421,337296.14,coinmarketcap_data_api_listings_historical
2025-07-04,1948,AVT,Aventus,1.28830703,7729842.16254683,333002.69,coinmarketcap_data_api_listings_historical
2025-07-04,35867,LCAT,Lion Cat,0.01818932,7721366.7659237,86545.09,coinmarketcap_data_api_listings_historical
2025-07-04,31504,ULTI,Ultiverse,0.00165733,7719464.53256762,3539517.36,coinmarketcap_data_api_listings_historical
2025-07-04,1312,SBD,Steem Dollars,0.78586298,7702753.98798123,1088052.88,coinmarketcap_data_api_listings_historical
2025-07-04,30285,MUMU,Mumu the Bull (SOL),3.36e-06,7681489.15466811,429380.59,coinmarketcap_data_api_listings_historical
2025-07-04,34914,PHNIX,Phoenix,1.445e-05,7657575.18535352,235912.42,coinmarketcap_data_api_listings_historical
2025-07-04,29291,PANDORA,Pandora,764.9993937,7649993.93703621,1419749.14,coinmarketcap_data_api_listings_historical
2025-07-04,29323,KEKEC,THE BALKAN DWARF,0.00019563,7640962.4218695,667133.94,coinmarketcap_data_api_listings_historical
2025-07-04,9386,KISHU,Kishu Inu,0.0,7640465.92283639,127173.4,coinmarketcap_data_api_listings_historical
2025-07-04,32108,SYNT,Synternet,0.01161403,7612025.47293766,1557229.45,coinmarketcap_data_api_listings_historical
2025-07-04,20315,LM,LeisureMeta,0.00247835,7603770.38421033,214073.25,coinmarketcap_data_api_listings_historical
2025-07-04,35572,SAN,San Chan,0.00805825,7590612.6241131,609261.78,coinmarketcap_data_api_listings_historical
2025-07-04,18662,GALEON,Galeon,0.01036348,7581801.90945831,171249.96,coinmarketcap_data_api_listings_historical
2025-07-04,77,DMD,Diamond,1.95571337,7567705.56399639,24735.28,coinmarketcap_data_api_listings_historical
2025-07-04,1392,PLU,Pluton,0.56049617,7566698.46824573,369685.43,coinmarketcap_data_api_listings_historical
2025-07-04,30156,SNSY,Sensay,0.00145252,7561573.0652093,766168.03,coinmarketcap_data_api_listings_historical
2025-07-04,36142,K,Kinto,4.08570315,7538369.49136755,584092.07,coinmarketcap_data_api_listings_historical
2025-07-04,36171,RFC,Retard Finder Coin,0.00781341,7512985.05104355,12517849.62,coinmarketcap_data_api_listings_historical
2025-07-04,36725,JANITOR,Janitor,0.00751059,7510591.64380834,35828532.76,coinmarketcap_data_api_listings_historical
2025-07-04,24484,SABAI,Sabai Protocol,0.01422605,7489443.90170576,3577506.02,coinmarketcap_data_api_listings_historical
2025-07-04,1556,TIME,Chrono.tech,10.53901259,7483889.8499045,393035.65,coinmarketcap_data_api_listings_historical
2025-07-04,35188,BUZZ,Hive AI,0.00747898,7477984.64514617,7892875.19,coinmarketcap_data_api_listings_historical
2025-07-04,36819,MASK,catwifmask,0.00747825,7476543.04995062,2394164.3,coinmarketcap_data_api_listings_historical
2025-07-04,19786,TAVA,ALTAVA,0.01072941,7466359.14368405,1160801.93,coinmarketcap_data_api_listings_historical
2025-07-04,1104,REP,Augur,0.67859596,7464555.50528765,106191.26,coinmarketcap_data_api_listings_historical
2025-07-04,21122,KLEVA,KLEVA Protocol,0.10830736,7464495.53190736,36190.84,coinmarketcap_data_api_listings_historical
2025-07-04,32690,WRSETH,Kelp DAO Wrapped rsETH,2621.68671696,7436129.70692188,11847.13,coinmarketcap_data_api_listings_historical
2025-07-04,19779,DMAIL,DMAIL Network,0.07073182,7426794.23690858,1434602.79,coinmarketcap_data_api_listings_historical
2025-07-04,11409,TAROT,Tarot,0.10926894,7397506.98240923,24234.88,coinmarketcap_data_api_listings_historical
2025-07-04,268,XWC,WhiteCoin,0.00966245,7385251.41337885,197234.13,coinmarketcap_data_api_listings_historical
2025-07-04,2058,AST,AirSwap,0.04208396,7342789.20498318,289388.55,coinmarketcap_data_api_listings_historical
2025-07-04,10949,BXX,Baanx,0.03835972,7338910.17724035,30755.62,coinmarketcap_data_api_listings_historical
2025-07-04,12043,OCT,Omnity Convertible Token,0.07338866,7338866.05960743,209804.55,coinmarketcap_data_api_listings_historical
2025-07-04,33697,TRUF,TRUF.Network,0.02114451,7325822.13630746,392473.76,coinmarketcap_data_api_listings_historical
2025-07-04,36390,gork,New XAI gork,0.00731571,7315662.93256143,19106611.8,coinmarketcap_data_api_listings_historical
2025-07-04,7964,vLTC,Venus LTC,1.76529541,7312520.86498051,0.0,coinmarketcap_data_api_listings_historical
2025-07-04,11367,AURY,Aurory,0.09702635,7289520.28191635,89499.76,coinmarketcap_data_api_listings_historical
2025-07-04,36957,CESS,CESS Network,0.00275023,7288118.46848924,4805639.95,coinmarketcap_data_api_listings_historical
2025-07-04,35090,GRIFT,ORBIT,0.00727954,7279474.42756185,3257873.86,coinmarketcap_data_api_listings_historical
2025-07-04,12041,DMTR,Dimitra,0.01494431,7270455.05438367,238297.6,coinmarketcap_data_api_listings_historical
2025-07-04,26497,CLORE,Clore.ai,0.01295392,7213110.97262911,1658863.36,coinmarketcap_data_api_listings_historical
2025-07-04,34591,RAI,Reploy,0.71636241,7163624.14813108,1102054.03,coinmarketcap_data_api_listings_historical
2025-07-04,36389,SHADOW,Shadow Exchange,19.66388073,7131311.46976548,1249193.48,coinmarketcap_data_api_listings_historical
2025-07-04,11976,AZERO,Aleph Zero,0.0266502,7109713.23106301,265685.44,coinmarketcap_data_api_listings_historical
2025-07-04,5305,BTSE,BTSE Token,1.6300106,7098225.0834503,1895444.65,coinmarketcap_data_api_listings_historical
2025-07-04,17450,FANC,fanC,0.00520391,7085643.82064123,16108467.42,coinmarketcap_data_api_listings_historical
2025-07-04,32615,SCF,Smoking Chicken Fish,0.00708206,7081422.32150492,1585889.71,coinmarketcap_data_api_listings_historical
2025-07-04,25963,BXN,BlackFort Exchange Network,0.00157282,7061312.52751197,909745.77,coinmarketcap_data_api_listings_historical
2025-07-04,12387,RBN,Ribbon Finance,0.07646532,7031166.76310749,0.0,coinmarketcap_data_api_listings_historical
2025-07-04,9721,SAMO,Samoyedcoin,0.0019223,7030114.92482407,405383.52,coinmarketcap_data_api_listings_historical
2025-07-04,31854,AEROBUD,Aerobud,0.00721444,6998008.3453858,147754.02,coinmarketcap_data_api_listings_historical
2025-07-04,28363,SHRAP,Shrapnel,0.00469254,6975701.73771559,236161.09,coinmarketcap_data_api_listings_historical
2025-07-04,8214,vDAI,Venus DAI,0.02538303,6968596.19743257,0.0,coinmarketcap_data_api_listings_historical
2025-07-04,5227,ATM,Atletico De Madrid Fan Token,0.99294131,6850775.7098109,1563002.36,coinmarketcap_data_api_listings_historical
2025-07-04,36418,JAGER,Jager Hunter,0.0,6838268.5348294,1140040.72,coinmarketcap_data_api_listings_historical
2025-07-04,36227,NUMI,NUMINE,0.06575112,6809624.90920682,15015051.16,coinmarketcap_data_api_listings_historical
2025-07-04,2665,DERO,Dero,0.4745017,6791502.97500804,25217.91,coinmarketcap_data_api_listings_historical
2025-07-04,29358,SMOG,Smog,0.00870374,6780209.67440648,0.0,coinmarketcap_data_api_listings_historical
2025-07-04,23326,GMMT,Giant Mammoth,0.00395067,6770449.7322309,900895.93,coinmarketcap_data_api_listings_historical
2025-07-04,16481,KASTA,Kasta,0.00881511,6727119.66198374,334045.46,coinmarketcap_data_api_listings_historical
2025-07-04,2934,KAN,KAN,0.00069555,6718813.93780633,166076.15,coinmarketcap_data_api_listings_historical
2025-07-04,24686,IOT,Helium IOT,0.00033171,6718531.1575628,1566.02,coinmarketcap_data_api_listings_historical
2025-07-04,33783,RWA,Allo,0.00372973,6713522.25274871,4069997.06,coinmarketcap_data_api_listings_historical
2025-07-04,23351,CRETA,Creta World,0.00457768,6712284.72003001,205478.3,coinmarketcap_data_api_listings_historical
2025-07-04,19369,WADA,Wrapped Cardano,0.57220126,6692102.77013059,0.0,coinmarketcap_data_api_listings_historical
2025-07-04,5410,PRQ,PARSIQ,0.02154741,6685232.01699083,126430.94,coinmarketcap_data_api_listings_historical
2025-07-04,22355,VRTX,Vertex Protocol,0.01238105,6644165.84688094,1313492.29,coinmarketcap_data_api_listings_historical
2025-07-04,34386,AGRI,AgriDex,0.03176873,6630134.12469679,611912.22,coinmarketcap_data_api_listings_historical
2025-07-04,10409,OPUL,Opulous,0.01709336,6626850.19946981,668550.16,coinmarketcap_data_api_listings_historical
2025-07-04,36347,LetsBONK,Let's BONK,0.09587359,6614489.59609586,4945588.22,coinmarketcap_data_api_listings_historical
2025-07-04,31259,FOXSY,Foxsy AI,0.00998413,6601465.13220344,1186538.76,coinmarketcap_data_api_listings_historical
2025-07-04,21060,GXA,GALAXIA,0.00262042,6593962.32542772,39251.44,coinmarketcap_data_api_listings_historical
2025-07-04,36410,MYX,MYX Finance,0.05271753,6577168.46132559,6069224.46,coinmarketcap_data_api_listings_historical
2025-07-04,29724,KONET,KONET,0.03257277,6557850.87564019,4020515.25,coinmarketcap_data_api_listings_historical
2025-07-04,12089,CWEB,Coinweb,0.0027381,6545412.76924084,176373.02,coinmarketcap_data_api_listings_historical
2025-07-04,8075,RLY,Rally,0.00124782,6537186.62693601,94079.93,coinmarketcap_data_api_listings_historical
2025-07-04,10669,PALLA,Pallapay,0.0087546,6509454.91881567,0.0,coinmarketcap_data_api_listings_historical
2025-07-04,9029,GLQ,Graphlinq Chain,0.01904207,6474302.61127482,271214.06,coinmarketcap_data_api_listings_historical
2025-07-04,32074,FEG,FEED EVERY GORILLA,7.644e-05,6425079.19054857,409534.77,coinmarketcap_data_api_listings_historical
2025-07-04,4490,EMRX,Emirex Token,0.23502992,6406625.48052468,43210.19,coinmarketcap_data_api_listings_historical
2025-07-04,35732,SFI,Singularity Finance,0.04109506,6390302.91526035,105187.83,coinmarketcap_data_api_listings_historical
2025-07-04,10430,ARG,Argentine Football Association Fan Token,0.76813814,6374944.35321777,1891122.95,coinmarketcap_data_api_listings_historical
2025-07-04,21686,stATOM,Stride Staked ATOM,6.42614725,6344529.75178244,134625.78,coinmarketcap_data_api_listings_historical
2025-07-04,3722,TEMCO,TEMCO,0.00158748,6307448.03896042,227349.21,coinmarketcap_data_api_listings_historical
2025-07-04,31510,MOTHER,Mother Iggy,0.00637639,6288030.39582858,362372.59,coinmarketcap_data_api_listings_historical
2025-07-04,16602,SETH2,sETH2,2541.36811877,6273560.6510578,0.0,coinmarketcap_data_api_listings_historical
2025-07-04,23799,ROA,ROA CORE,0.01093244,6253354.2070349,4191456.81,coinmarketcap_data_api_listings_historical
2025-07-04,35372,USDR,StablR USD,0.99917067,6244800.6897096,50152583.9,coinmarketcap_data_api_listings_historical
2025-07-04,11206,BLOK,Bloktopia,0.0002516,6237692.91450278,260300.58,coinmarketcap_data_api_listings_historical
2025-07-04,1680,ANT,Aragon,0.14418623,6227762.08627965,0.0,coinmarketcap_data_api_listings_historical
2025-07-04,8538,ACM,AC Milan Fan Token,0.75500091,6209714.90141363,1426800.91,coinmarketcap_data_api_listings_historical
2025-07-04,12785,CLY,Colony,0.05504241,6202206.25099799,103466.37,coinmarketcap_data_api_listings_historical
2025-07-04,4467,EGG,Nestree,0.00206379,6180817.29083338,78196.85,coinmarketcap_data_api_listings_historical
2025-07-04,16552,SOFI,RAI Finance,0.01031146,6169410.36317325,775963.52,coinmarketcap_data_api_listings_historical
2025-07-04,20497,WAGMIGAMES,WAGMI Games,3.39e-06,6108880.51908411,304837.6,coinmarketcap_data_api_listings_historical
2025-07-04,23380,NEXA,Nexa,1.04e-06,6094685.98318643,56769.87,coinmarketcap_data_api_listings_historical
2025-07-04,2090,LA,LATOKEN,0.01601396,6086992.78732382,387.59,coinmarketcap_data_api_listings_historical
2025-07-04,35817,JYAI,Jerry The Turtle By Matt Furie,8.593e-05,5929203.21696956,3374284.07,coinmarketcap_data_api_listings_historical
2025-07-04,19689,HDN,Hydranet,0.03293803,5916502.17597277,149461.62,coinmarketcap_data_api_listings_historical
2025-07-04,34610,MONKY,Wise Monkey,7e-07,5914732.7337165,1569509.17,coinmarketcap_data_api_listings_historical
2025-07-04,30177,LNQ,LinqAI,0.02449477,5893612.65082105,1289218.11,coinmarketcap_data_api_listings_historical
2025-07-04,35230,TJRM,Tajir Tech Hub,0.00912581,5885737.74221014,453791.33,coinmarketcap_data_api_listings_historical
2025-07-04,16430,TONIC,Tectonic,2e-08,5884963.83784561,7841.04,coinmarketcap_data_api_listings_historical
2025-07-04,34469,ALTT,Altcoinist,0.02395866,5869871.39751614,15987.11,coinmarketcap_data_api_listings_historical
2025-07-04,23295,VNO,Veno Finance,0.0123524,5861394.61392941,74206.87,coinmarketcap_data_api_listings_historical
2025-07-04,10469,LIME,iMe Lab,0.00774985,5846034.07602052,383795.17,coinmarketcap_data_api_listings_historical
2025-07-04,36747,SKATE,Skate,0.03891803,5837705.0652255,8135238.2,coinmarketcap_data_api_listings_historical
2025-07-04,16678,WRLD,NFT Worlds,0.00818404,5827779.78140151,7314.58,coinmarketcap_data_api_listings_historical
2025-07-04,6951,REEF,Reef,0.00027721,5825750.47823643,1544608.1,coinmarketcap_data_api_listings_historical
2025-07-04,34872,$1,just buy $1 worth of this coin,0.00582216,5820851.41831168,856165.53,coinmarketcap_data_api_listings_historical
2025-07-04,8997,COOK,Cook Finance,0.00664757,5807518.17356842,47708.58,coinmarketcap_data_api_listings_historical
2025-07-04,19778,FITFI,Step App,0.00147568,5792060.0873152,1962121.14,coinmarketcap_data_api_listings_historical
2025-07-04,34291,ROCK,Zenrock,0.04483641,5789370.99895556,5405.42,coinmarketcap_data_api_listings_historical
2025-07-04,25208,TRAC,trac (Ordinals),0.27564155,5788472.5237394,602489.16,coinmarketcap_data_api_listings_historical
2025-07-04,3628,MXC,Moonchain,0.00194313,5785138.83099375,1356609.45,coinmarketcap_data_api_listings_historical
2025-07-04,29780,CSWAP,ChainSwap,0.00624884,5775739.89152465,28904.85,coinmarketcap_data_api_listings_historical
2025-07-04,11261,bnUSD,Balanced Dollar,1.00013783,5772861.92646298,79639.92,coinmarketcap_data_api_listings_historical
2025-07-04,30916,XSWAP,XSwap,0.0392159,5749725.24936649,323659.21,coinmarketcap_data_api_listings_historical
2025-07-04,11240,HI,HI,9.242e-05,5736716.50108286,112676.49,coinmarketcap_data_api_listings_historical
2025-07-04,27872,TRUMP,MAGA (magamemecoin.com),0.13013791,5725723.95362945,59725.29,coinmarketcap_data_api_listings_historical
2025-07-04,29734,DEAI,Zero1 Labs,0.06235278,5687898.02268813,1208021.31,coinmarketcap_data_api_listings_historical
2025-07-04,24268,THL,Thala,0.11599049,5685317.97293666,88185.47,coinmarketcap_data_api_listings_historical
2025-07-04,10729,UFO,UFO Gaming,2.2e-07,5656919.07728631,172237.27,coinmarketcap_data_api_listings_historical
2025-07-04,33892,HAPPY,Happy Cat,0.00169677,5655645.00142175,1328789.53,coinmarketcap_data_api_listings_historical
2025-07-04,23404,PAW,PAW,1e-08,5621561.30683704,192772.6,coinmarketcap_data_api_listings_historical
2025-07-04,36638,NURA,Nura Labs,0.00069244,5577370.5379746,2238448.06,coinmarketcap_data_api_listings_historical
2025-07-04,32943,VISTA,Ethervista,5.90358367,5557604.47796706,900164.98,coinmarketcap_data_api_listings_historical
2025-07-04,33725,VON,Vameon,2.225e-05,5549219.1859917,593437.1,coinmarketcap_data_api_listings_historical
2025-07-04,25479,BAD,Bad Idea AI,1e-08,5529910.2525289,1055897.17,coinmarketcap_data_api_listings_historical
2025-07-04,30493,NUB,nubcat,0.0057971,5507245.47482856,920534.26,coinmarketcap_data_api_listings_historical
2025-07-04,9741,SLIM,Solanium,0.05491769,5491769.0518204,315832.03,coinmarketcap_data_api_listings_historical
2025-07-04,36852,XAVIER,Xavier: Renegade Angel,0.00546985,5469206.52000206,781847.24,coinmarketcap_data_api_listings_historical
2025-07-04,36977,NODE,NodeOps,0.04095743,5463345.1660938,27647448.0,coinmarketcap_data_api_listings_historical
2025-07-04,8299,SDT,Stake DAO,0.22790002,5446066.31589366,0.0,coinmarketcap_data_api_listings_historical
2025-07-04,28975,WEXO,Wexo,0.01852595,5431662.94945407,127956.96,coinmarketcap_data_api_listings_historical
2025-07-04,34573,AUTOS,CryptoAutos,0.01096992,5411102.22909554,327099.39,coinmarketcap_data_api_listings_historical
2025-07-04,13198,NTX,NuNet,0.01062077,5353765.77235438,73979.01,coinmarketcap_data_api_listings_historical
2025-07-04,5777,RENBTC,renBTC,16197.44814018,5343436.33189931,28.86,coinmarketcap_data_api_listings_historical
2025-07-04,3089,AVINOC,AVINOC,0.01369646,5331272.95990464,0.0,coinmarketcap_data_api_listings_historical
2025-07-04,11877,GAL,GAL (migrated to Gravity - G),0.71426678,5298565.8249151,856.17,coinmarketcap_data_api_listings_historical
2025-07-04,30923,CDCETH,Crypto.com Staked ETH,2648.26463626,5296529.27251466,2786.23,coinmarketcap_data_api_listings_historical
2025-07-04,33694,LUCE,LUCE,0.00528533,5285332.23123227,3486707.59,coinmarketcap_data_api_listings_historical
2025-07-04,24698,HYPC,HyperCycle,0.03401159,5275971.14485146,820.28,coinmarketcap_data_api_listings_historical
2025-07-04,2643,P2P,Sentinel,0.00023322,5274803.24490628,49917.34,coinmarketcap_data_api_listings_historical
2025-07-04,35609,PAIN,Pain (paintoken.com),1.05398715,5269878.76999799,1068885.16,coinmarketcap_data_api_listings_historical
2025-07-04,32448,BRAINLET,Brainlet,0.0055256,5265371.58626416,463745.49,coinmarketcap_data_api_listings_historical
2025-07-04,10465,TRADE,Polytrade,0.12683903,5237040.68942037,208658.17,coinmarketcap_data_api_listings_historical
2025-07-04,14446,LQR,Laqira Protocol,0.05901143,5229826.02441501,293664.78,coinmarketcap_data_api_listings_historical
2025-07-04,11134,BTCK,OEC BTC,95662.87378559,5212727.48979023,0.0,coinmarketcap_data_api_listings_historical
2025-07-04,36560,YEE,Yee Token,0.00519306,5193061.86229642,541047.69,coinmarketcap_data_api_listings_historical
2025-07-04,33441,DOLAN,Dolan Duck,0.05266981,5174030.7447474,144375.32,coinmarketcap_data_api_listings_historical
2025-07-04,13039,ZKL,zkLink,0.01708905,5172896.47579158,3823110.7,coinmarketcap_data_api_listings_historical
2025-07-04,31401,EAI,Eternal AI,0.02293654,5168519.31838659,42409.94,coinmarketcap_data_api_listings_historical
2025-07-04,8705,BNC,Bifrost,0.11545018,5167247.93703299,2134014.75,coinmarketcap_data_api_listings_historical
2025-07-04,6430,EVZ,Electric Vehicle Zone,0.00227883,5148734.15086677,208558.45,coinmarketcap_data_api_listings_historical
2025-07-04,26202,XFI,CrossFi,0.08761618,5138214.41023698,925543.25,coinmarketcap_data_api_listings_historical
2025-07-04,10778,HERO,Metahero,0.00100792,5135997.05232619,259112.78,coinmarketcap_data_api_listings_historical
2025-07-04,8438,HOGE,Hoge Finance,1.305e-05,5134333.99200746,0.0,coinmarketcap_data_api_listings_historical
2025-07-04,18736,BFIC,Blockchain Foundation for Innovation & Collaboration,0.48405584,5120547.95039422,543320.38,coinmarketcap_data_api_listings_historical
2025-07-04,33786,PATRIOT,Patriot,0.00051187,5118654.65625179,267788.21,coinmarketcap_data_api_listings_historical
2025-07-04,5453,KAI,KardiaChain,0.00107085,5113305.63252191,93180.0,coinmarketcap_data_api_listings_historical
2025-07-04,23445,CHIRP,Chirp,0.07602503,5084544.66738846,188240.69,coinmarketcap_data_api_listings_historical
2025-07-04,34552,AIXCB,aixCB by Virtuals,0.00511744,5084208.34099976,13771.05,coinmarketcap_data_api_listings_historical
2025-07-04,33595,SHOGGOTH,Shoggoth (shoggoth.monster),0.0050836,5083603.31685255,1828954.94,coinmarketcap_data_api_listings_historical
2025-07-04,2827,SOUL,Phantasma,0.04064907,5045735.88524334,124468.23,coinmarketcap_data_api_listings_historical
2025-07-04,25419,HGPT,HyperGPT,0.00670023,5044591.80614395,2056067.64,coinmarketcap_data_api_listings_historical
2025-07-04,29812,ZYPTO,Zypto,0.00562167,5039593.56580251,199342.88,coinmarketcap_data_api_listings_historical
2025-07-04,31016,MODE,Mode,0.0020094,5023488.10181667,1569753.51,coinmarketcap_data_api_listings_historical
2025-07-04,28366,CA,Coupon Assets,0.51635134,4993768.02225347,2905514.83,coinmarketcap_data_api_listings_historical
2025-07-04,9656,CATE,CateCoin,9e-08,4966697.21949675,203830.24,coinmarketcap_data_api_listings_historical
2025-07-04,21156,STAT,STAT,0.0698893,4956432.1680018,1202288.43,coinmarketcap_data_api_listings_historical
2025-07-04,31044,HEGE,Hege,0.00491748,4916755.62156065,524839.52,coinmarketcap_data_api_listings_historical
2025-07-04,26198,BDXN,BONDEX,0.03069018,4910428.99413395,6234362.53,coinmarketcap_data_api_listings_historical
2025-07-04,29349,RAIN,Rain Coin,4.8701075,4870107.49783031,19017.45,coinmarketcap_data_api_listings_historical
2025-07-04,29037,GMRX,Gaimin,0.00012034,4865501.95890102,78746.28,coinmarketcap_data_api_listings_historical
2025-07-04,11796,INTER,Inter Milan Fan Token,0.48701882,4860443.46531187,495869.88,coinmarketcap_data_api_listings_historical
2025-07-04,99,VTC,Vertcoin,0.06701486,4850100.07006971,13312.28,coinmarketcap_data_api_listings_historical
2025-07-04,28443,USDV,Verified USD,0.28211312,4835930.9343371,0.0,coinmarketcap_data_api_listings_historical
2025-07-04,6801,TRIX,TriumphX,0.00094355,4833061.66718262,0.0,coinmarketcap_data_api_listings_historical
2025-07-04,36225,DPINO,Darkpino,0.00487216,4832400.94120923,23586.19,coinmarketcap_data_api_listings_historical
2025-07-04,36978,ECHO,Echo Protocol,0.02309915,4808087.98090661,10954495.57,coinmarketcap_data_api_listings_historical
2025-07-04,33102,BB,Bitboard,0.00108997,4801229.28348679,239126.84,coinmarketcap_data_api_listings_historical
2025-07-04,29203,LRDS,BLOCKLORDS,0.11633754,4800677.28938504,1341152.1,coinmarketcap_data_api_listings_historical
2025-07-04,29104,DCD,DecideAI,0.00976304,4770978.50939574,104816.34,coinmarketcap_data_api_listings_historical
2025-07-04,32412,NPCS,Non-Playable Coin Solana,0.00491865,4769685.59644006,290363.13,coinmarketcap_data_api_listings_historical
2025-07-04,9194,SAITO,Saito,0.00240636,4762890.99865043,73904.85,coinmarketcap_data_api_listings_historical
2025-07-04,36053,KILO,KiloEx,0.02242318,4746986.8068812,4843337.75,coinmarketcap_data_api_listings_historical
2025-07-04,3035,BST,Blocksquare Token,0.08082404,4745336.23303213,279735.75,coinmarketcap_data_api_listings_historical
2025-07-04,5804,DFI,DeFiChain,0.00571191,4734824.96766359,147565.11,coinmarketcap_data_api_listings_historical
2025-07-04,3441,DIVI,Divi,0.00108659,4722213.8732767,57235.49,coinmarketcap_data_api_listings_historical
2025-07-04,9760,STOS,Stratos,0.12119612,4702515.55286025,208625.43,coinmarketcap_data_api_listings_historical
2025-07-04,14371,IHC,Inflation Hedging Coin,3.922e-05,4692253.16581066,596.34,coinmarketcap_data_api_listings_historical
2025-07-04,15142,KATA,Katana Inu,0.00012566,4687066.0640496,448171.5,coinmarketcap_data_api_listings_historical
2025-07-04,4167,BTR,Bitrue Coin,0.03534878,4645579.75771323,772244.46,coinmarketcap_data_api_listings_historical
2025-07-04,4217,BOA,BOSagora,0.00833234,4634696.80106139,372375.17,coinmarketcap_data_api_listings_historical
2025-07-04,27112,PNP,Penpie,3.06771424,4619732.25583602,50829.61,coinmarketcap_data_api_listings_historical
2025-07-04,18624,AZIT,Azit,0.01358136,4615775.42949971,940061.03,coinmarketcap_data_api_listings_historical
2025-07-04,3829,NEX,Nash,0.10570626,4604264.10547471,3.5,coinmarketcap_data_api_listings_historical
2025-07-04,35139,BHC,Butthole Coin,0.00459916,4599080.65157516,724363.1,coinmarketcap_data_api_listings_historical
2025-07-04,24747,JESUS,Jesus Coin,3e-08,4592082.06375939,18880.37,coinmarketcap_data_api_listings_historical
2025-07-04,6679,WHALE,WHALE,0.45904113,4590411.34723015,4070.96,coinmarketcap_data_api_listings_historical
2025-07-04,17610,WAMPL,Wrapped Ampleforth,3.54690003,4574130.61245152,62901.07,coinmarketcap_data_api_listings_historical
2025-07-04,27276,PEPE2.0,Pepe 2.0 (pepe20.vip),1e-08,4572058.09837,202503.65,coinmarketcap_data_api_listings_historical
2025-07-04,8144,OVR,OVR,0.0896552,4571937.60467116,286584.69,coinmarketcap_data_api_listings_historical
2025-07-04,31163,SLOTH,Slothana,0.00269066,4560982.97195827,538904.75,coinmarketcap_data_api_listings_historical
2025-07-04,2324,ONE,BigONE Token,0.00053119,4559815.26385243,0.0,coinmarketcap_data_api_listings_historical
2025-07-04,1721,MYST,Mysterium,0.22752526,4558156.45454652,76129.42,coinmarketcap_data_api_listings_historical
2025-07-04,30089,KOKO,Koala AI,5e-07,4554075.72319635,237303.81,coinmarketcap_data_api_listings_historical
2025-07-04,4747,VLX,Velas,0.00166552,4546745.97484701,334191.77,coinmarketcap_data_api_listings_historical
2025-07-04,22320,HELLO,HELLO Labs,0.00617768,4519472.5392279,339792.78,coinmarketcap_data_api_listings_historical
2025-07-04,29427,stTIA,Stride Staked TIA,1.71590052,4505841.50313753,6138.88,coinmarketcap_data_api_listings_historical
2025-07-04,20009,DCK,DexCheck AI,0.00662057,4490172.4624152,1043552.07,coinmarketcap_data_api_listings_historical
2025-07-04,21420,axlUSDC,Axelar Wrapped USDC,0.9998759,4476983.28949345,1249446.05,coinmarketcap_data_api_listings_historical
2025-07-04,3702,BEAM,Beam,0.02958392,4459881.08546929,78866.96,coinmarketcap_data_api_listings_historical
2025-07-04,22607,FON,FONSmartChain,0.26386247,4442361.30464528,55994.29,coinmarketcap_data_api_listings_historical
2025-07-04,8936,TRIAS,Trias Token (New),0.8878942,4439470.98798255,499906.86,coinmarketcap_data_api_listings_historical
2025-07-04,8133,SKEY,Skey Network,0.00998323,4420211.40944752,79963.53,coinmarketcap_data_api_listings_historical
2025-07-04,8276,ARIA20,Arianee,0.04086439,4393813.51765925,0.0,coinmarketcap_data_api_listings_historical
2025-07-04,32832,BULL,Tron Bull,0.00461527,4385779.68765328,56289.35,coinmarketcap_data_api_listings_historical
2025-07-04,20305,KCT,Konnect,0.0006106,4375941.92700197,324253.1,coinmarketcap_data_api_listings_historical
2025-07-04,13632,GENE,Genopets,0.0541134,4367759.56456834,48520.01,coinmarketcap_data_api_listings_historical
2025-07-04,28245,OFN,Openfabric AI,0.02495941,4364043.85892313,115264.87,coinmarketcap_data_api_listings_historical
2025-07-04,20701,WEVER,Wrapped Everscale,0.01070134,4353385.98247605,2101.22,coinmarketcap_data_api_listings_historical
2025-07-04,31914,BILLY,Billy,0.00462119,4326068.00463581,1883165.33,coinmarketcap_data_api_listings_historical
2025-07-04,10821,STARL,Starlink,4.3e-07,4315893.14412762,101795.71,coinmarketcap_data_api_listings_historical
2025-07-04,1492,GBYTE,Obyte,4.82796821,4293253.47738706,0.0,coinmarketcap_data_api_listings_historical
2025-07-04,31900,RGOAT,RealGOAT,2e-07,4291426.109544,85516.44,coinmarketcap_data_api_listings_historical
2025-07-04,32888,LIQ,LIQUIDIUM•TOKEN,0.1952423,4261604.61993006,140009.51,coinmarketcap_data_api_listings_historical
2025-07-04,6283,BLY,Blocery,0.00437743,4253843.85904225,383579.64,coinmarketcap_data_api_listings_historical
2025-07-04,24130,VCHF,VNX Swiss Franc,1.25749091,4250157.60797988,88731.75,coinmarketcap_data_api_listings_historical
2025-07-04,13051,ARC,ARC,0.00456221,4242275.46511026,30143.45,coinmarketcap_data_api_listings_historical
2025-07-04,5079,APM,apM Coin,0.00278891,4240261.53223597,125083.42,coinmarketcap_data_api_listings_historical
2025-07-04,35767,LIBRA,LIBRA,0.01652409,4237173.45543901,53124.18,coinmarketcap_data_api_listings_historical
2025-07-04,31606,RYU,RyuJin,0.0,4232191.73026054,14829.06,coinmarketcap_data_api_listings_historical
2025-07-04,33190,DYNA,Dynachain,0.04580963,4230370.51962315,251263.23,coinmarketcap_data_api_listings_historical
2025-07-04,28286,SPURS,Tottenham Hotspur Fan Token,0.45221793,4213209.13327582,1174452.58,coinmarketcap_data_api_listings_historical
2025-07-04,24165,WKAVA,Wrapped Kava,0.39319501,4200589.60804798,0.0,coinmarketcap_data_api_listings_historical
2025-07-04,4283,BF,BitForex Token,0.00097766,4193254.14625807,0.0,coinmarketcap_data_api_listings_historical
2025-07-04,31196,STORM,Storm Trade,0.01622707,4190302.60395864,292802.59,coinmarketcap_data_api_listings_historical
2025-07-04,4809,WIKEN,Project WITH,0.00396626,4176562.111184,111559.45,coinmarketcap_data_api_listings_historical
2025-07-04,22892,NAVI,Atlas Navi,0.0257965,4171466.54299003,142818.19,coinmarketcap_data_api_listings_historical
2025-07-04,30097,FLT,Fluence,0.0457833,4140332.25579377,232435.56,coinmarketcap_data_api_listings_historical
2025-07-04,2540,LCC,Litecoin Cash,0.00507844,4136544.28197203,0.0,coinmarketcap_data_api_listings_historical
2025-07-04,12319,JEWEL,DeFi Kingdoms,0.03627925,4119053.52026295,54937.82,coinmarketcap_data_api_listings_historical
2025-07-04,36944,MORE,Moonveil,0.0227324,4089305.37415889,9006405.87,coinmarketcap_data_api_listings_historical
2025-07-04,6682,POX,Pollux Coin,0.1231631,4086168.11702653,88414.43,coinmarketcap_data_api_listings_historical
2025-07-04,36581,ZEUS,Zeus (truezeuscoin.com),1e-08,4075738.59360798,1072296.2,coinmarketcap_data_api_listings_historical
2025-07-04,34473,GATSBY,GATSBY (gatsby.fi),0.07073674,4074436.13917901,0.0,coinmarketcap_data_api_listings_historical
2025-07-04,28289,JUSDT,TON Bridged USDT,0.99832289,4069382.16623104,0.0,coinmarketcap_data_api_listings_historical
2025-07-04,8985,EFI,Efinity Token,0.04672753,4061329.64998445,0.0,coinmarketcap_data_api_listings_historical
2025-07-04,36641,BROAK,Broak on Base,0.00654644,4049241.30139488,631758.0,coinmarketcap_data_api_listings_historical
2025-07-04,35650,STUPID,StupidCoin,0.00406276,4041805.54453699,1577873.65,coinmarketcap_data_api_listings_historical
2025-07-04,28053,SMURFCAT,Real Smurf Cat,4.281e-05,4016222.83065289,254981.65,coinmarketcap_data_api_listings_historical
2025-07-04,16817,WEGLD,Wrapped EGLD,13.38195105,4014585.31376811,346956.01,coinmarketcap_data_api_listings_historical
2025-07-04,32506,MAX,Matr1x,0.03072903,4010752.4746485,4166423.87,coinmarketcap_data_api_listings_historical
2025-07-04,30608,XZK,Expand,0.0060352,4006793.16931877,274016.45,coinmarketcap_data_api_listings_historical
2025-07-04,20789,TSUKA,Dejitaru Tsuka,0.00399173,3991732.43574054,63449.78,coinmarketcap_data_api_listings_historical
2025-07-04,3218,NRG,Energi,0.04030705,3990671.29619795,175239.43,coinmarketcap_data_api_listings_historical
2025-07-04,7960,vXVS,Venus XVS,0.1157797,3980154.30051603,0.0,coinmarketcap_data_api_listings_historical
2025-07-04,21929,KWENTA,Kwenta,9.19660468,3971177.48063903,705467.43,coinmarketcap_data_api_listings_historical
2025-07-04,34176,EURQ,Quantoz EURQ,1.17773318,3945718.24235058,7013473.46,coinmarketcap_data_api_listings_historical
2025-07-04,35064,SNAI,SwarmNode.ai,0.00433981,3916504.33835322,2988726.05,coinmarketcap_data_api_listings_historical
2025-07-04,34271,RIZZMAS,Rizzmas,7.85e-06,3902530.88511376,479639.14,coinmarketcap_data_api_listings_historical
2025-07-04,32386,HEHE,hehe,0.00464155,3901719.71835579,241427.87,coinmarketcap_data_api_listings_historical
2025-07-04,29516,AIKEK,Alphakek AI,0.01665671,3892954.57759592,12077.87,coinmarketcap_data_api_listings_historical
2025-07-04,3607,VEST,VestChain,0.00098272,3877782.58736755,0.0,coinmarketcap_data_api_listings_historical
2025-07-04,33999,FRED,First Convicted Raccon Fred,0.00387105,3870348.30027979,1407025.82,coinmarketcap_data_api_listings_historical
2025-07-04,8216,XEP,Electra Protocol,0.00021169,3857783.8730524,99783.92,coinmarketcap_data_api_listings_historical
2025-07-04,35945,PWEASE,Pwease,0.00383681,3836513.28513943,2491525.91,coinmarketcap_data_api_listings_historical
2025-07-04,5221,HNS,Handshake,0.00572716,3824042.56315666,122645.93,coinmarketcap_data_api_listings_historical
2025-07-04,30648,PEEZY,Young Peezy AKA Pepe,0.00381353,3813526.6813758,3493.22,coinmarketcap_data_api_listings_historical
2025-07-04,34082,WELF,WELF,0.51139637,3800962.19364865,98723.74,coinmarketcap_data_api_listings_historical
2025-07-04,9176,RVF,RocketX exchange,0.04047328,3791994.59729817,21729.07,coinmarketcap_data_api_listings_historical
2025-07-04,1681,PZM,PRIZM,0.00086708,3789229.79549204,1819.11,coinmarketcap_data_api_listings_historical
2025-07-04,36215,APTM,Apertum,0.96989846,3781912.43971285,4807656.34,coinmarketcap_data_api_listings_historical
2025-07-04,3709,GRIN,Grin,0.03842,3773338.24352205,108703.31,coinmarketcap_data_api_listings_historical
2025-07-04,9212,CUMMIES,CumRocket,0.00285277,3766883.71374897,483147.28,coinmarketcap_data_api_listings_historical
2025-07-04,37006,SPYX,SP500 tokenized ETF (xStock),626.89897278,3761275.67080438,557894.68,coinmarketcap_data_api_listings_historical
2025-07-04,35416,EZJTO,Renzo Restaked JTO,2.17358935,3752430.67016605,0.0,coinmarketcap_data_api_listings_historical
2025-07-04,372,BCN,Bytecoin,2.036e-05,3747471.85748058,678.88,coinmarketcap_data_api_listings_historical
2025-07-04,32754,RBTC,RabBitcoin,5e-07,3738288.36597563,122048.58,coinmarketcap_data_api_listings_historical
2025-07-04,13272,CREDI,Credefi,0.00498343,3730468.69146325,209802.12,coinmarketcap_data_api_listings_historical
2025-07-04,7805,MUSE,Muse,7.31726492,3721224.34194563,177534.53,coinmarketcap_data_api_listings_historical
2025-07-04,10744,ZERC,zkRace,0.03094702,3713642.1203911,165367.8,coinmarketcap_data_api_listings_historical
2025-07-04,35672,USDN,SMARDEX USDN,1.00025857,3704871.84164904,56615.97,coinmarketcap_data_api_listings_historical
2025-07-04,9467,CEUR,Celo Euro,1.17702186,3704361.79695743,550058.42,coinmarketcap_data_api_listings_historical
2025-07-04,35590,RIZ,Rivalz Network,0.00321285,3697860.43769234,458858.25,coinmarketcap_data_api_listings_historical
2025-07-04,26032,CAH,Moon Tropica,1.65319791,3696995.23276005,578.07,coinmarketcap_data_api_listings_historical
2025-07-04,27993,WPOKT,Wrapped POKT,0.03578782,3692964.68250135,0.0,coinmarketcap_data_api_listings_historical
2025-07-04,34994,DEGENAI,Degen Spartan AI,0.00368427,3684081.18345961,3452184.41,coinmarketcap_data_api_listings_historical
2025-07-04,12988,LBL,LABEL AI,0.00136393,3679755.04646887,118246.82,coinmarketcap_data_api_listings_historical
2025-07-04,32103,MAD,MAD,3.68e-06,3675880.81277116,689514.34,coinmarketcap_data_api_listings_historical
2025-07-04,2763,MNW,Morpheus.Network,0.07632748,3655873.7887301,32900.77,coinmarketcap_data_api_listings_historical
2025-07-04,24137,CHAT,OpenChat,0.12190929,3650946.4447061,133253.1,coinmarketcap_data_api_listings_historical
2025-07-04,11531,POR,Portugal National Team Fan Token,0.93635979,3649871.48157013,331264.94,coinmarketcap_data_api_listings_historical
2025-07-04,25715,MNTC,Minati Coin,0.58153195,3649112.95891736,11831.41,coinmarketcap_data_api_listings_historical
2025-07-04,24143,RENEC,RENEC,0.101346,3637815.09526615,0.0,coinmarketcap_data_api_listings_historical
2025-07-04,29505,TROLL,Troll (troll.run),0.0,3632692.4063118,211067.59,coinmarketcap_data_api_listings_historical
2025-07-04,11451,SDN,Shiden Network,0.05421906,3625832.9127326,29206.34,coinmarketcap_data_api_listings_historical
2025-07-04,8245,HYDRA,Hydra,0.18144311,3620344.20719789,169964.08,coinmarketcap_data_api_listings_historical
2025-07-04,9638,SDAO,SingularityDAO,0.04368294,3614029.391773,947.22,coinmarketcap_data_api_listings_historical
2025-07-04,3974,BTC2,Bitcoin 2,0.19684999,3612654.55291411,10585.54,coinmarketcap_data_api_listings_historical
2025-07-04,34971,NC,Nodecoin,0.02034611,3610874.47575313,4011212.03,coinmarketcap_data_api_listings_historical
2025-07-04,36577,CA,Caila,0.00367908,3608541.39934001,3461683.91,coinmarketcap_data_api_listings_historical
2025-07-04,36866,LOT,League of Traders,0.02403074,3604611.72901842,1876328.6,coinmarketcap_data_api_listings_historical
2025-07-04,31006,MERY,Mistery On Cro,8.78e-06,3603941.04323843,13277.6,coinmarketcap_data_api_listings_historical
2025-07-04,29318,WUSD,Worldwide USD,1.00014898,3603354.18469144,1166404.94,coinmarketcap_data_api_listings_historical
2025-07-04,23365,XRPH,XRP Healthcare,0.05088524,3598030.18916925,176156.02,coinmarketcap_data_api_listings_historical
2025-07-04,32656,XEL,XELIS,1.10556408,3577788.0163009,106196.97,coinmarketcap_data_api_listings_historical
2025-07-04,10563,DCB,Decubate,0.0094115,3576639.87783349,170143.19,coinmarketcap_data_api_listings_historical
2025-07-04,35262,CRAI,Cryptify AI,0.00370394,3574301.44691963,78876.73,coinmarketcap_data_api_listings_historical
2025-07-04,19856,CAT,CatCoin,0.0,3554963.45,238888.42,coinmarketcap_data_api_listings_historical
2025-07-04,10891,LIKE,LIKE,0.01072955,3553197.32445117,532121.81,coinmarketcap_data_api_listings_historical
2025-07-04,5328,WOM,WOM Protocol,0.01840472,3552111.64433347,2587258.58,coinmarketcap_data_api_listings_historical
2025-07-04,35207,IDX,ideax,0.00380153,3542279.1061911,34054.38,coinmarketcap_data_api_listings_historical
2025-07-04,35255,Q,QuantumCoin,2.1e-07,3536119.46798985,28577.04,coinmarketcap_data_api_listings_historical
2025-07-04,35052,OPUS,Opus,0.00353561,3535385.05210872,418285.58,coinmarketcap_data_api_listings_historical
2025-07-04,8642,FEI,Fei USD,1.03523778,3523614.48825979,84677.28,coinmarketcap_data_api_listings_historical
2025-07-04,18345,QORPO,QORPO WORLD,0.00893992,3520236.91303503,983446.08,coinmarketcap_data_api_listings_historical
2025-07-04,5338,CUBE,Somnium Space Cubes,0.28137825,3517228.17748175,2719.77,coinmarketcap_data_api_listings_historical
2025-07-04,24594,BOB,BOB (ETH),5.1e-06,3515614.94155079,234434.87,coinmarketcap_data_api_listings_historical
2025-07-04,30751,OGPU,OpenGPU,0.17704208,3476947.9859305,234285.23,coinmarketcap_data_api_listings_historical
2025-07-04,29454,ESE,Eesee,0.00659442,3459978.78659182,971473.33,coinmarketcap_data_api_listings_historical
2025-07-04,36415,MOONPIG,moonpig,0.00345741,3457175.99466971,5104922.08,coinmarketcap_data_api_listings_historical
2025-07-04,35007,METAV,METAVERSE,0.00345414,3454141.24443451,309382.51,coinmarketcap_data_api_listings_historical
2025-07-04,1993,KIN,Kin,1.25e-06,3450897.90147038,55707.97,coinmarketcap_data_api_listings_historical
2025-07-04,26413,NBLU,NuriTopia,0.00181115,3443345.27020718,126280.34,coinmarketcap_data_api_listings_historical
2025-07-04,37004,TSLAX,Tesla tokenized stock (xStock),311.90067523,3430744.48459646,601260.41,coinmarketcap_data_api_listings_historical
2025-07-04,12148,SWASH,Swash,0.00343545,3418134.88516487,68420.32,coinmarketcap_data_api_listings_historical
2025-07-04,36416,H1,Haven1,0.01735735,3416232.09677494,1988631.39,coinmarketcap_data_api_listings_historical
2025-07-04,3663,XFC,Footballcoin (XFC),0.00863753,3414139.93164802,42788.72,coinmarketcap_data_api_listings_historical
2025-07-04,19736,SHI,Shina Inu,2.8e-07,3413688.71498313,218973.08,coinmarketcap_data_api_listings_historical
2025-07-04,36953,XO,XOCIETY,0.00643808,3412184.27580389,3197274.37,coinmarketcap_data_api_listings_historical
2025-07-04,14188,PLI,Plugin Decentralized Oracle,0.02252669,3409767.36862241,92970.97,coinmarketcap_data_api_listings_historical
2025-07-04,463,BTS,BitShares,0.0011379,3408076.54427659,152805.72,coinmarketcap_data_api_listings_historical
2025-07-04,13636,GMCOIN,GMCoin,0.08250679,3397916.84751445,9735.89,coinmarketcap_data_api_listings_historical
2025-07-04,4712,AMON,AmonD,0.00047312,3395346.77847518,5729.76,coinmarketcap_data_api_listings_historical
2025-07-04,29212,MCN,MCNCOIN,0.28233523,3388022.72992496,320831.9,coinmarketcap_data_api_listings_historical
2025-07-04,34587,FROG,Frodo the virtual samurai,0.00067096,3354784.77217565,164543.39,coinmarketcap_data_api_listings_historical
2025-07-04,19709,GHUB,GemHUB,0.03244157,3354728.193938,94624.71,coinmarketcap_data_api_listings_historical
2025-07-04,16432,DOME,HumainWeb3,0.00017646,3352556.0131176,627186.49,coinmarketcap_data_api_listings_historical
2025-07-04,28412,MUBI,Multibit,0.00352294,3346794.73374782,1827700.6,coinmarketcap_data_api_listings_historical
2025-07-04,32341,SPARKLET,Upland (SPARKLET),0.01626483,3319510.54492841,158750.36,coinmarketcap_data_api_listings_historical
2025-07-04,34739,RENTA,Renta Network,0.01004795,3318057.21667785,39789.91,coinmarketcap_data_api_listings_historical
2025-07-04,7461,PDA,PlayDapp,0.00529739,3317331.21081667,1149992.86,coinmarketcap_data_api_listings_historical
2025-07-04,34778,DNA,Muhdo Hub,0.00192272,3295823.0913296,11634.85,coinmarketcap_data_api_listings_historical
2025-07-04,5358,IBS,IBStoken,0.00081815,3293056.45761489,58476.06,coinmarketcap_data_api_listings_historical
2025-07-04,4757,XRT,Robonomics.network,1.9310447,3291704.58961534,14084.92,coinmarketcap_data_api_listings_historical
2025-07-04,32915,BERRY,Strawberry AI,0.03290324,3290323.61210124,2841.1,coinmarketcap_data_api_listings_historical
2025-07-04,7726,ICHI,ICHI,0.35048918,3283524.12934396,0.0,coinmarketcap_data_api_listings_historical
2025-07-04,15084,SIS,Symbiosis,0.0533287,3272675.17889664,118395.92,coinmarketcap_data_api_listings_historical
2025-07-04,16305,IZI,Izumi Finance,0.00415152,3268905.92197889,289108.45,coinmarketcap_data_api_listings_historical
2025-07-04,12515,GRACY,Gracy,0.01982329,3265887.60346946,66598.77,coinmarketcap_data_api_listings_historical
2025-07-04,21639,DJED,Djed,0.98969921,3259479.40133603,33837.69,coinmarketcap_data_api_listings_historical
2025-07-04,33011,NYA,Nya,9e-08,3245546.08017273,0.0,coinmarketcap_data_api_listings_historical
2025-07-04,31305,MAGA,MAGA (maga-hat.vip),8.3e-06,3240848.0008215,2694601.02,coinmarketcap_data_api_listings_historical
2025-07-04,35241,HINT,Hive Intelligence,0.00703114,3236959.72333037,687763.87,coinmarketcap_data_api_listings_historical
2025-07-04,30448,ORBT,Orbitt Token,0.2160795,3228227.73882068,272927.61,coinmarketcap_data_api_listings_historical
2025-07-04,20650,USDC(WormHole),USD Coin (Wormhole),1.00144316,3227932.3347589,318298.72,coinmarketcap_data_api_listings_historical
2025-07-04,22,LKY,Luckycoin,0.26707093,3223777.91492027,120118.61,coinmarketcap_data_api_listings_historical
2025-07-04,31979,SHRUB,Shrub,0.00342149,3223666.42550106,572818.78,coinmarketcap_data_api_listings_historical
2025-07-04,22093,WVENOM,Wrapped Venom,0.20738528,3222752.51447904,74518.54,coinmarketcap_data_api_listings_historical
2025-07-04,16675,CTP,Ctomorrow Platform,0.00197576,3221699.34929949,298828.88,coinmarketcap_data_api_listings_historical
2025-07-04,30309,SC,Shark Cat,0.0032447,3211916.19525962,9320615.21,coinmarketcap_data_api_listings_historical
2025-07-04,28607,WARPED,Warped Games,0.00055545,3206724.1859423,0.0,coinmarketcap_data_api_listings_historical
2025-07-04,35687,JAILSTOOL,Stool Prisondente,0.00320561,3204661.03513564,5789473.62,coinmarketcap_data_api_listings_historical
2025-07-04,28882,AIT,AIT Protocol,0.01084435,3196520.1899631,39547.86,coinmarketcap_data_api_listings_historical
2025-07-04,22985,IMPT,IMPT,0.00233693,3195042.19538833,388455.73,coinmarketcap_data_api_listings_historical
2025-07-04,1154,VAL,Validity,0.62204195,3173045.14705851,35898.48,coinmarketcap_data_api_listings_historical
2025-07-04,17794,PDT,ParagonsDAO,0.02250486,3172955.69465546,0.0,coinmarketcap_data_api_listings_historical
2025-07-04,11178,WLUNC,Wrapped LUNA Classic,1.259e-05,3172234.54863558,0.0,coinmarketcap_data_api_listings_historical
2025-07-04,21964,TET,Tectum,0.36369632,3155810.30107955,181664.18,coinmarketcap_data_api_listings_historical
2025-07-04,2861,GO,GoChain,0.00239134,3145050.58474793,233038.58,coinmarketcap_data_api_listings_historical
2025-07-04,4890,NWC,Numerico,0.02090564,3144225.60937635,72798.21,coinmarketcap_data_api_listings_historical
2025-07-04,33967,STOP,LETSTOP,0.05718603,3138869.33812766,829511.33,coinmarketcap_data_api_listings_historical
2025-07-04,10897,ALT,Alitas,0.02608021,3129624.66351823,3896.73,coinmarketcap_data_api_listings_historical
2025-07-04,4978,WOW,Wownero,0.03592924,3124929.19493725,1472.24,coinmarketcap_data_api_listings_historical
2025-07-04,36123,GM,GOMBLE,0.01134593,3121186.79607972,2287983.13,coinmarketcap_data_api_listings_historical
2025-07-04,2474,MAN,Matrix AI Network,0.00671335,3110643.81640866,165342.28,coinmarketcap_data_api_listings_historical
2025-07-04,9111,PUSH,Push Protocol,0.03438024,3102352.19198278,1474986.99,coinmarketcap_data_api_listings_historical
2025-07-04,18688,stMATIC,Lido Staked Matic,0.20639944,3101885.13209189,1591.44,coinmarketcap_data_api_listings_historical
2025-07-04,4197,SHR,ShareToken,0.0013069,3097705.0525824,243552.71,coinmarketcap_data_api_listings_historical
2025-07-04,35433,SLC,Silencio,0.00017743,3092201.57984927,254352.0,coinmarketcap_data_api_listings_historical
2025-07-04,7637,TRA,Trabzonspor Fan Token,0.4364106,3089378.99954279,243677.0,coinmarketcap_data_api_listings_historical
2025-07-04,3142,BAAS,BaaSid,0.00038453,3076219.60390931,215925.09,coinmarketcap_data_api_listings_historical
2025-07-04,29015,SOLAMA,Solama,0.00470278,3075000.59685819,159079.55,coinmarketcap_data_api_listings_historical
2025-07-04,8378,AKITA,Akita Inu,5e-08,3074708.80618997,214238.95,coinmarketcap_data_api_listings_historical
2025-07-04,22847,FNCY,FNCY,0.00273735,3069009.01020261,21389.82,coinmarketcap_data_api_listings_historical
2025-07-04,30750,SOLCEX,SolCex,0.0039287,3064384.14667881,34755.41,coinmarketcap_data_api_listings_historical
2025-07-04,32415,SKBDI,Skibidi Toilet,0.04372748,3062614.70086545,496508.91,coinmarketcap_data_api_listings_historical
2025-07-04,35589,AINTI,AIntivirus,0.03317927,3057290.98498912,305638.37,coinmarketcap_data_api_listings_historical
2025-07-04,6187,SRM,Serum,0.0115957,3052506.21872499,181072.99,coinmarketcap_data_api_listings_historical
2025-07-04,8282,KOIN,Koinos,0.03665195,3051543.72386898,2287.71,coinmarketcap_data_api_listings_historical
2025-07-04,34836,SHIDO,Shido Network,0.00016255,3044925.33815934,109831.01,coinmarketcap_data_api_listings_historical
2025-07-04,11821,SMT,Swarm Markets,0.03626162,3043782.08301429,71761.84,coinmarketcap_data_api_listings_historical
2025-07-04,22858,DNX,Dynex,0.02934463,3034477.49695589,260533.11,coinmarketcap_data_api_listings_historical
2025-07-04,33356,MSTR,MSTR2100,0.14683506,3031529.58668574,923211.84,coinmarketcap_data_api_listings_historical
2025-07-04,12859,DOBO,DogeBonk,1e-08,3023342.56325339,0.0,coinmarketcap_data_api_listings_historical
2025-07-04,11919,FORWARD,Forward Protocol,0.00060416,3020691.34845576,147510.01,coinmarketcap_data_api_listings_historical
2025-07-04,29429,stOSMO,Stride Staked OSMO,0.19424824,3011905.06601778,0.0,coinmarketcap_data_api_listings_historical
2025-07-04,29766,MILLI,MILLI,1.145e-05,3011618.69312669,107028.62,coinmarketcap_data_api_listings_historical
2025-07-04,28211,SHIDO,Shido ETH,0.00016883,3008815.30773375,0.0,coinmarketcap_data_api_listings_historical
2025-07-04,37005,CRCLX,Circle tokenized stock (xStock),187.75754451,3004055.83012848,1742726.05,coinmarketcap_data_api_listings_historical
2025-07-04,22492,VNXAU,VNX Gold,106.84575007,3002365.57692926,50219.94,coinmarketcap_data_api_listings_historical
2025-07-04,32543,RIZO,HahaYes,7.18e-06,2996229.97959899,271470.08,coinmarketcap_data_api_listings_historical
2025-07-04,3625,EQUAD,QuadrantProtocol,0.00299573,2995725.83055769,32.96,coinmarketcap_data_api_listings_historical
2025-07-04,17704,MV,GensoKishi Metaverse,0.00653667,2993382.15154355,1236009.43,coinmarketcap_data_api_listings_historical
2025-07-04,5957,YFII,DFI.Money,77.50650081,2991440.90535578,230399.8,coinmarketcap_data_api_listings_historical
2025-07-04,16252,ORT,Okratech Token,0.00366091,2989937.97869464,486524.9,coinmarketcap_data_api_listings_historical
2025-07-04,31493,MOEW,donotfomoew,0.00048217,2989466.2612825,1193161.45,coinmarketcap_data_api_listings_historical
2025-07-04,11245,LAND,Landshare,0.55878699,2985239.01025959,238737.48,coinmarketcap_data_api_listings_historical
2025-07-04,30723,ATS,Alltoscan,0.04430647,2983738.40248533,89062.29,coinmarketcap_data_api_listings_historical
2025-07-04,5435,EPIC,Epic Cash,0.17230348,2977340.03058706,3265.6,coinmarketcap_data_api_listings_historical
2025-07-04,24228,VEUR,VNX Euro,1.17349926,2972570.73465569,50680.42,coinmarketcap_data_api_listings_historical
2025-07-04,2700,CEL,Celsius,0.07877915,2971558.24049539,616223.42,coinmarketcap_data_api_listings_historical
2025-07-04,7617,SFI,saffron.finance,32.2708929,2950317.64860377,13822.95,coinmarketcap_data_api_listings_historical
2025-07-04,17445,LORDS,LORDS,0.01381196,2947820.17274083,0.0,coinmarketcap_data_api_listings_historical
2025-07-04,24851,POOH,POOH,1e-08,2944244.49922353,133107.37,coinmarketcap_data_api_listings_historical
2025-07-04,6930,KEX,KIRA,0.01430955,2941557.12065578,63240.72,coinmarketcap_data_api_listings_historical
2025-07-04,8894,DPR,Deeper Network,0.00093872,2939123.26867196,103962.93,coinmarketcap_data_api_listings_historical
2025-07-04,35774,BUTTCOIN,The Next Bitcoin,0.00293713,2934634.86489612,2624590.52,coinmarketcap_data_api_listings_historical
2025-07-04,23751,ARTY,Artyfact,0.15062342,2934178.50732491,1449560.54,coinmarketcap_data_api_listings_historical
2025-07-04,23806,HMND,Humanode,0.0223719,2927923.82087097,518811.24,coinmarketcap_data_api_listings_historical
2025-07-04,9954,NETVR,Netvrk,0.02919966,2919966.18763144,218730.06,coinmarketcap_data_api_listings_historical
2025-07-04,4116,TKP,TOKPIE,0.10108784,2902642.73308005,0.0,coinmarketcap_data_api_listings_historical
2025-07-04,23917,VSC,Vyvo Coin,0.0030826,2901806.08680087,183039.12,coinmarketcap_data_api_listings_historical
2025-07-04,21453,OMNOM,Doge Eat Doge,1e-08,2900397.21581,64413.44,coinmarketcap_data_api_listings_historical
2025-07-04,11532,AFC,Arsenal Fan Token,0.32983152,2899652.11307725,614907.48,coinmarketcap_data_api_listings_historical
2025-07-04,16185,DINGO,Dingocoin,2.543e-05,2897267.6179748,165614.89,coinmarketcap_data_api_listings_historical
2025-07-04,34126,CHAMP,Super Champs,0.00323381,2886380.48037988,396948.37,coinmarketcap_data_api_listings_historical
2025-07-04,29079,WELSH,Welshcorgicoin,0.00028852,2885166.48788606,10722.12,coinmarketcap_data_api_listings_historical
2025-07-04,36881,VIBE,Vibe Cat (Jupiter Studio),0.03599546,2878703.90188498,5354066.2,coinmarketcap_data_api_listings_historical
2025-07-04,23769,RJV,Rejuve.AI,0.00508693,2878352.2647512,825823.67,coinmarketcap_data_api_listings_historical
2025-07-04,14339,CPH,Cypherium,0.0074919,2869033.32959929,531.9,coinmarketcap_data_api_listings_historical
2025-07-04,17072,MPC,Partisia Blockchain,0.00801673,2866223.1797407,27174.05,coinmarketcap_data_api_listings_historical
2025-07-04,17545,CPR,Cipher,0.00044179,2857302.62796061,1065231.95,coinmarketcap_data_api_listings_historical
2025-07-04,22866,RXD,Radiant,0.00021412,2856286.56399465,117365.6,coinmarketcap_data_api_listings_historical
2025-07-04,36518,GASS,Gasspas,1e-08,2856198.56888238,2281360.39,coinmarketcap_data_api_listings_historical
2025-07-04,4003,ZNN,Zenon,0.45005212,2849167.6633579,0.0,coinmarketcap_data_api_listings_historical
2025-07-04,33116,BOX,DeBox,0.00885687,2829473.7805104,97037.35,coinmarketcap_data_api_listings_historical
2025-07-04,19519,BRN,BRN Metaverse,0.10105878,2824799.10415072,918408.69,coinmarketcap_data_api_listings_historical
2025-07-04,32544,ROUTE,Router Protocol (New),0.00623929,2824316.72338843,1978113.19,coinmarketcap_data_api_listings_historical
2025-07-04,36708,CBDOGE,Coinbase Wrapped DOGE,0.16282124,2824117.58811372,26352.27,coinmarketcap_data_api_listings_historical
2025-07-04,29530,OX,OX Coin,0.00085589,2810337.20653997,16499.42,coinmarketcap_data_api_listings_historical
2025-07-04,10042,KAR,Karura,0.02400937,2801093.48240553,137676.97,coinmarketcap_data_api_listings_historical
2025-07-04,23410,WCFX,Wrapped Conflux,0.07235412,2778997.4890671,58347.47,coinmarketcap_data_api_listings_historical
2025-07-04,35989,LF,LF,0.00092999,2776623.84185516,1886910.52,coinmarketcap_data_api_listings_historical
2025-07-04,17000,CREO,Creo Engine,0.00692994,2772161.21605825,1204654.99,coinmarketcap_data_api_listings_historical
2025-07-04,1789,PPT,Populous,0.05194535,2766206.5688671,0.0,coinmarketcap_data_api_listings_historical
2025-07-04,36143,IMGN,IMGN Labs,0.0032406,2756199.19244325,83077.37,coinmarketcap_data_api_listings_historical
2025-07-04,36101,QUQ,Quq,0.00275538,2755379.0934031,175484047.83,coinmarketcap_data_api_listings_historical
2025-07-04,27789,BASE,BASE,2.96e-06,2753602.03976461,4947.18,coinmarketcap_data_api_listings_historical
2025-07-04,30525,BOOP,Boop,2.764e-05,2753142.62510452,2803.89,coinmarketcap_data_api_listings_historical
2025-07-04,23246,TOMI,TOMI,0.00080405,2739551.73226979,3393970.37,coinmarketcap_data_api_listings_historical
2025-07-04,15469,SIPHER,Sipher,0.03045695,2733361.79734283,2720.75,coinmarketcap_data_api_listings_historical
2025-07-04,23633,HVH,HAVAH,0.00120332,2720573.98308317,204024.73,coinmarketcap_data_api_listings_historical
2025-07-04,32611,NOMNOM,nomnom,0.00280659,2714553.49218057,119069.68,coinmarketcap_data_api_listings_historical
2025-07-04,28868,DUEL,GameGPT,0.00060174,2709957.07964176,607871.47,coinmarketcap_data_api_listings_historical
2025-07-04,5919,MTRG,Meter Governance,0.08379496,2704592.12995829,130614.47,coinmarketcap_data_api_listings_historical
2025-07-04,1636,XBY,XTRABYTES,0.00626705,2694831.96480576,0.0,coinmarketcap_data_api_listings_historical
2025-07-04,32223,LEDGER,Ledger AI,0.00140231,2691622.54601825,58604.5,coinmarketcap_data_api_listings_historical
2025-07-04,7824,VAI,Vai,0.99953179,2686365.28496688,22125.92,coinmarketcap_data_api_listings_historical
2025-07-04,26833,WECAN,Wecan Group,0.00323021,2672588.953535,11870.41,coinmarketcap_data_api_listings_historical
2025-07-04,11809,REF,Ref Finance,0.06920673,2664781.24069398,122665.43,coinmarketcap_data_api_listings_historical
2025-07-04,24645,FLIX,OmniFlix Network,0.01061483,2661758.51691481,6860.76,coinmarketcap_data_api_listings_historical
2025-07-04,28017,WASTR,Wrapped Astar,0.02297484,2661578.30489531,7.89,coinmarketcap_data_api_listings_historical
2025-07-04,32716,iBTC,iBTC,108196.69665695,2658358.95073791,0.0,coinmarketcap_data_api_listings_historical
2025-07-04,33488,KIMA,Kima Network,0.08120567,2647953.87853388,185086.11,coinmarketcap_data_api_listings_historical
2025-07-04,22443,ITA,Italian National Football Team Fan Token,0.29396435,2638253.04989786,223451.58,coinmarketcap_data_api_listings_historical
2025-07-04,33611,RWAINC,RWA Inc.,0.00660121,2622593.28728591,279306.94,coinmarketcap_data_api_listings_historical
2025-07-04,15137,NAP,Napoli Fan Token,0.60675595,2620919.93811691,419417.04,coinmarketcap_data_api_listings_historical
2025-07-04,35545,EDWIN,Edwin,0.00261166,2611660.6556802,31477.57,coinmarketcap_data_api_listings_historical
2025-07-04,35651,ANLOG,Analog,0.00140202,2603675.48880782,265993.15,coinmarketcap_data_api_listings_historical
2025-07-04,28610,INSP,Inspect,0.0056195,2601275.48965132,442768.27,coinmarketcap_data_api_listings_historical
2025-07-04,1786,SNC,SunContract,0.03306213,2599374.69856263,593816.15,coinmarketcap_data_api_listings_historical
2025-07-04,10165,PORNROCKET,PornRocket,1e-08,2595031.68192865,0.0,coinmarketcap_data_api_listings_historical
2025-07-04,27458,TRT,TRUST AI,0.68071518,2586717.69859742,1794.44,coinmarketcap_data_api_listings_historical
2025-07-04,36292,DARK,Dark Eclipse,0.00257669,2576576.70841549,10213729.25,coinmarketcap_data_api_listings_historical
2025-07-04,26914,STT,Statter Network,0.05090999,2563042.66978455,293120.3,coinmarketcap_data_api_listings_historical
2025-07-04,35546,BIGFACTS,BIGFACTS,0.005543,2561138.18631692,40269.16,coinmarketcap_data_api_listings_historical
2025-07-04,15736,LUCA,LUCA,0.50337952,2558834.17276772,149151.65,coinmarketcap_data_api_listings_historical
2025-07-04,33351,TERMINUS,TERMINUS,0.02553949,2553948.79534886,541442.05,coinmarketcap_data_api_listings_historical
2025-07-04,3714,LTO,LTO Network,0.00575816,2528764.99654038,2048632.49,coinmarketcap_data_api_listings_historical
2025-07-04,35662,AGON,AGON Agent,0.002527,2527001.82297941,1215002.14,coinmarketcap_data_api_listings_historical
2025-07-04,2585,CENNZ,CENNZnet,0.00209953,2519439.83447707,579.17,coinmarketcap_data_api_listings_historical
2025-07-04,8977,CWIF,catwifhat,8e-08,2513497.43429262,81214.39,coinmarketcap_data_api_listings_historical
2025-07-04,36151,Ghibli,Ghiblification,0.00251264,2512345.16474078,12262135.81,coinmarketcap_data_api_listings_historical
2025-07-04,6865,CRP,Crypton,0.23875901,2506790.9812611,250720.32,coinmarketcap_data_api_listings_historical
2025-07-04,36397,MAT,Matchain,0.34580719,2500185.94935252,4381770.15,coinmarketcap_data_api_listings_historical
2025-07-04,18795,KOMPETE,KOMPETE,0.00332495,2496621.57064964,0.0,coinmarketcap_data_api_listings_historical
2025-07-04,36236,PRAI,Privasea AI,0.0120936,2491710.22488956,6200011.38,coinmarketcap_data_api_listings_historical
2025-07-04,1521,KMD,Komodo,0.01831227,2489623.84890709,3659121.76,coinmarketcap_data_api_listings_historical
2025-07-04,4074,SCP,ScPrime,0.05163748,2483562.11069435,4965.34,coinmarketcap_data_api_listings_historical
2025-07-04,29370,TADA,Ta-da,0.00371932,2476867.42487637,105457.62,coinmarketcap_data_api_listings_historical
2025-07-04,33734,MRSOON,TON Station,3.565e-05,2470976.68122116,369738.46,coinmarketcap_data_api_listings_historical
2025-07-04,11808,WNEAR,Wrapped Near,2.13267272,2467786.3081307,53094997.62,coinmarketcap_data_api_listings_historical
2025-07-04,2758,UBT,Unibright,0.0164404,2466059.42434842,133.34,coinmarketcap_data_api_listings_historical
2025-07-04,28664,BYTE,Byte,2.55e-06,2461613.74744807,12057.96,coinmarketcap_data_api_listings_historical
2025-07-04,28395,CAGA,Crypto Asset Governance Alliance,3.977e-05,2445750.77443129,74576.59,coinmarketcap_data_api_listings_historical
2025-07-04,23846,LAI,LayerAI,0.00044249,2433406.71943554,416283.37,coinmarketcap_data_api_listings_historical
2025-07-04,37003,MSTRX,MicroStrategy tokenized stock (xStock),404.74006775,2428412.52504013,109128.34,coinmarketcap_data_api_listings_historical
2025-07-04,36438,GORILLA,Gorilla,0.00241591,2415909.16458751,1027706.52,coinmarketcap_data_api_listings_historical
2025-07-04,28132,PSPS,BobaCat,0.00415972,2400876.84121514,298564.84,coinmarketcap_data_api_listings_historical
2025-07-04,28851,GUI,Gui Inu,4.32e-06,2400433.19468182,76080.71,coinmarketcap_data_api_listings_historical
2025-07-04,2316,DBC,DeepBrain Chain,0.00044038,2390781.51888494,47137.03,coinmarketcap_data_api_listings_historical
2025-07-04,1700,AE,Æternity,0.00620572,2389864.45158274,78953.66,coinmarketcap_data_api_listings_historical
2025-07-04,31440,WLTH,Common Wealth,0.00283598,2383975.51416267,256753.81,coinmarketcap_data_api_listings_historical
2025-07-04,36826,BRIC,Redbrick,0.01013419,2382633.78171958,3984759.72,coinmarketcap_data_api_listings_historical
2025-07-04,17208,HUAHUA,Chihuahua,2.546e-05,2382113.19734808,599719.65,coinmarketcap_data_api_listings_historical
2025-07-04,9865,ISP,Ispolink,0.00030996,2381445.79173279,194787.3,coinmarketcap_data_api_listings_historical
2025-07-04,24381,OTK,Octokn,0.00485333,2375848.09264949,85262.56,coinmarketcap_data_api_listings_historical
2025-07-04,34109,HAROLD,Harold,0.00301532,2373072.35631384,1665.2,coinmarketcap_data_api_listings_historical
2025-07-04,34203,SLAP,CatSlap,0.0005424,2370806.80791781,217634.8,coinmarketcap_data_api_listings_historical
2025-07-04,2572,BAX,BABB,3.043e-05,2363555.12499018,11882.56,coinmarketcap_data_api_listings_historical
2025-07-04,23780,DEOD,Decentrawood,0.00529752,2362283.17629733,161686.14,coinmarketcap_data_api_listings_historical
2025-07-04,16500,SHIBDOGE,ShibaDoge,0.0,2362188.26370242,649.03,coinmarketcap_data_api_listings_historical
2025-07-04,23262,AREA,Areon Network,0.01994015,2356157.1462303,4989.39,coinmarketcap_data_api_listings_historical
2025-07-04,34916,SEN,Sentio AI,0.02394033,2346152.1489881,517947.4,coinmarketcap_data_api_listings_historical
2025-07-04,34105,SEKOIA,sekoia by Virtuals,0.0023633,2330751.41046368,135215.44,coinmarketcap_data_api_listings_historical
2025-07-04,36169,DEURO,Decentralized Euro,1.16564244,2328552.69840756,163167.88,coinmarketcap_data_api_listings_historical
2025-07-04,27445,GSWIFT,GameSwift,0.00644226,2324169.49799276,579576.61,coinmarketcap_data_api_listings_historical
2025-07-04,36634,RDO,Reddio,0.00122171,2321863.88338216,8710265.39,coinmarketcap_data_api_listings_historical
2025-07-04,5600,ATT,Attila,0.00140154,2312534.07483912,0.0,coinmarketcap_data_api_listings_historical
2025-07-04,33098,LOGX,LogX Network,0.009539,2309124.71970524,139840.49,coinmarketcap_data_api_listings_historical
2025-07-04,8708,BDP,Big Data Protocol,0.04357423,2303316.42906003,430836.22,coinmarketcap_data_api_listings_historical
2025-07-04,9103,GMEE,GAMEE,0.00138141,2301857.50859984,282828.09,coinmarketcap_data_api_listings_historical
2025-07-04,36864,CBADA,Coinbase Wrapped ADA,0.57258849,2295177.28483082,194624.72,coinmarketcap_data_api_listings_historical
2025-07-04,8376,MASQ,MASQ,0.06643689,2284065.40095063,125.77,coinmarketcap_data_api_listings_historical
2025-07-04,14336,TRVL,TRVL (Dtravel),0.00548189,2284021.46931,94968.05,coinmarketcap_data_api_listings_historical
2025-07-04,14304,GMM,Gamium,4.663e-05,2283047.79068217,145208.19,coinmarketcap_data_api_listings_historical
2025-07-04,5662,SYLO,Sylo,0.00037058,2281433.00338186,287286.5,coinmarketcap_data_api_listings_historical
2025-07-04,27009,UNIBOT,UniBot,2.25505322,2255053.21784624,152721.02,coinmarketcap_data_api_listings_historical
2025-07-04,34406,FRIC,Fric,0.00224579,2245773.09623831,290398.36,coinmarketcap_data_api_listings_historical
2025-07-04,31076,ZERO,ZeroLend,4.083e-05,2240293.03871686,876551.58,coinmarketcap_data_api_listings_historical
2025-07-04,36575,UBC,Universe Boss Coin,0.00223963,2239633.55272073,264983.91,coinmarketcap_data_api_listings_historical
2025-07-04,9900,HODL,HODL,0.0002516,2233066.72105973,123412.22,coinmarketcap_data_api_listings_historical
2025-07-04,36981,GGX,GG3,0.06974722,2231910.9875597,156832.75,coinmarketcap_data_api_listings_historical
2025-07-04,8043,MAHA,MAHA.xyz,0.5079884,2230829.01953212,147764.71,coinmarketcap_data_api_listings_historical
2025-07-04,4704,BAN,Banano,0.0013886,2227309.27390521,2673.5,coinmarketcap_data_api_listings_historical
2025-07-04,2398,KEY,SelfKey,0.00036951,2217031.29675916,314195.57,coinmarketcap_data_api_listings_historical
2025-07-04,5634,FUSE,Fuse,0.01006854,2213891.46014232,492426.5,coinmarketcap_data_api_listings_historical
2025-07-04,2529,CAS,Cashaa,0.00220297,2202971.97850542,70256.08,coinmarketcap_data_api_listings_historical
2025-07-04,15758,LMCSWAP,LimoCoin Swap,0.00185618,2184956.05804945,0.6,coinmarketcap_data_api_listings_historical
2025-07-04,36868,VISION,OpenVision,0.00218037,2180367.60556313,2287306.94,coinmarketcap_data_api_listings_historical
2025-07-04,32125,COIN,8-Bit Coin,7.266e-05,2179726.65290811,22.63,coinmarketcap_data_api_listings_historical
2025-07-04,8525,RAI,Rai Reflex Index,2.74341777,2179067.96659605,65795.88,coinmarketcap_data_api_listings_historical
2025-07-04,6193,CREAM,Cream Finance,1.17362126,2177840.85189487,93418.01,coinmarketcap_data_api_listings_historical
2025-07-04,34636,SCI,PoSciDonDAO,0.61055226,2177640.37393009,75842.34,coinmarketcap_data_api_listings_historical
2025-07-04,9071,XCHNG,Chainge,0.00456982,2166305.59871523,1009.56,coinmarketcap_data_api_listings_historical
2025-07-04,27103,FACT,FACT0RN,2.0568485,2165789.54553885,11250.59,coinmarketcap_data_api_listings_historical
2025-07-04,34089,RIF,Rifampicin,0.00216624,2165415.91030343,1024549.45,coinmarketcap_data_api_listings_historical
2025-07-04,36989,COINX,Coinbase tokenized stock (xStock),359.75490192,2158529.41149177,1204101.2,coinmarketcap_data_api_listings_historical
2025-07-04,35181,ETF500,Elon Trump Fart,0.00215417,2154091.21747728,159172.2,coinmarketcap_data_api_listings_historical
2025-07-04,29494,DUKO,DUKO,0.00022281,2153184.8227422,322719.52,coinmarketcap_data_api_listings_historical
2025-07-04,35942,NITRO,Nitro,5.52e-06,2152115.0953734,465163.09,coinmarketcap_data_api_listings_historical
2025-07-04,8849,AXIS,AXIS Token,0.00669262,2143666.61775026,56.71,coinmarketcap_data_api_listings_historical
2025-07-04,17334,JMPT,JMPT Rewards,1.13130421,2142678.86411872,7007.24,coinmarketcap_data_api_listings_historical
2025-07-04,1817,VGX,VGX Token,0.00432587,2141739.55233373,962772.03,coinmarketcap_data_api_listings_historical
2025-07-04,23359,MOVE,BlueMove,0.00981542,2134854.40817454,0.0,coinmarketcap_data_api_listings_historical
2025-07-04,13916,OMAX,Omax Coin,0.00024539,2127025.86424345,232833.07,coinmarketcap_data_api_listings_historical
2025-07-04,7616,LTX,Lattice Token,0.07420141,2126159.43768535,89843.15,coinmarketcap_data_api_listings_historical
2025-07-04,30907,WOKB,Wrapped OKB,48.82433502,2125860.37091377,0.0,coinmarketcap_data_api_listings_historical
2025-07-04,36918,BOG,Brotherhood,0.00212563,2125601.40584885,143952.51,coinmarketcap_data_api_listings_historical
2025-07-04,13255,FACTR,Defactor,0.01668297,2117693.2321784,100356.88,coinmarketcap_data_api_listings_historical
2025-07-04,17703,XAR,Arcana Network,0.00500462,2107877.93747292,1000025.46,coinmarketcap_data_api_listings_historical
2025-07-04,7105,ASK,Permission Coin,0.00013028,2106148.19226441,63658.81,coinmarketcap_data_api_listings_historical
2025-07-04,37082,XAUT0,Tether Gold Tokens,3348.74894017,2092186.67043837,453737.39,coinmarketcap_data_api_listings_historical
2025-07-04,35410,MAX,MAX,0.00209049,2090156.64316715,1530962.36,coinmarketcap_data_api_listings_historical
2025-07-04,33608,OSCAR,OSCAR,0.0023299,2082460.66702379,188533.1,coinmarketcap_data_api_listings_historical
2025-07-04,36619,ASRR,Assisterr AI,0.14232021,2080721.47985639,1965966.18,coinmarketcap_data_api_listings_historical
2025-07-04,24133,WIFI,WiFi Map,0.00320197,2080068.42701433,89114.72,coinmarketcap_data_api_listings_historical
2025-07-04,34025,VVAIFU,Dasha,0.00208993,2075932.13334576,617880.95,coinmarketcap_data_api_listings_historical
2025-07-04,35448,BUNKER,BunkerCoin,0.00207583,2075833.90607288,1452368.48,coinmarketcap_data_api_listings_historical
2025-07-04,32019,CRASH,Crash,0.00212157,2075402.28094803,0.0,coinmarketcap_data_api_listings_historical
2025-07-04,8271,POOLX,Poolz Finance,0.39642044,2075162.77823061,118129.23,coinmarketcap_data_api_listings_historical
2025-07-04,29999,CHKN,Chickencoin,3e-08,2069435.19137206,56920.62,coinmarketcap_data_api_listings_historical
2025-07-04,15721,MCRT,MagicCraft,0.00041068,2069129.43685191,557393.4,coinmarketcap_data_api_listings_historical
2025-07-04,5125,MCM,Mochimo,0.07318559,2049254.98848942,8650.09,coinmarketcap_data_api_listings_historical
2025-07-04,34902,FREYA,Freya by Virtuals,0.00366166,2034065.99546445,45347.67,coinmarketcap_data_api_listings_historical
2025-07-04,11871,GZONE,GameZone,0.00240398,2019624.31337708,61401.13,coinmarketcap_data_api_listings_historical
2025-07-04,3703,ADM,ADAMANT Messenger,0.01828902,2018574.83087443,167115.06,coinmarketcap_data_api_listings_historical
2025-07-04,34347,BIG,BIG,0.00201749,2017494.25206417,53897.77,coinmarketcap_data_api_listings_historical
2025-07-04,36235,CHADETTE,CHADETTE,0.00208249,2014086.49906019,54667.58,coinmarketcap_data_api_listings_historical
2025-07-04,25101,SCS,Solcasino Token,0.00164082,2013194.85519149,14166.07,coinmarketcap_data_api_listings_historical
2025-07-04,30692,INTELLIQUE,KARASOU,2.64893105,2004163.09546556,0.0,coinmarketcap_data_api_listings_historical
2025-07-04,3826,TOP,TOP AI Network,0.00013908,2002860.99566407,201585.86,coinmarketcap_data_api_listings_historical
2025-07-04,21414,DC,Dogechain,4.294e-05,2000383.59518653,266279.75,coinmarketcap_data_api_listings_historical
2025-07-04,35680,LUX,Lux,0.00199207,1992072.63879248,409773.11,coinmarketcap_data_api_listings_historical
2025-07-04,31985,KINIC,Kinic,0.68976823,1978682.92599274,76655.9,coinmarketcap_data_api_listings_historical
2025-07-04,31160,PLN,Plearn,0.02282837,1964693.77045133,60014.14,coinmarketcap_data_api_listings_historical
2025-07-04,32940,PHIL,Philtoken,0.00196387,1963869.46948289,759774.25,coinmarketcap_data_api_listings_historical
2025-07-04,33656,PINO,Pino,0.00197874,1958469.57989917,13307.66,coinmarketcap_data_api_listings_historical
2025-07-04,5541,CHI,Xaya,0.03423508,1953449.74868605,12563.45,coinmarketcap_data_api_listings_historical
2025-07-04,27686,HTM,Hatom,0.11705379,1950989.04927781,170877.04,coinmarketcap_data_api_listings_historical
2025-07-04,35515,LEGIT,LEGIT,0.00198915,1940127.14088488,17398.35,coinmarketcap_data_api_listings_historical
2025-07-04,31442,$WAFFLES,Waffles Davincij15's Cat,0.00216128,1933188.85367255,57588.6,coinmarketcap_data_api_listings_historical
2025-07-04,10776,SIGNA,Signum,0.00090723,1932295.81575135,33117.43,coinmarketcap_data_api_listings_historical
2025-07-04,31601,SELFIE,SelfieDogCoin,0.00196119,1929260.20135248,104452.85,coinmarketcap_data_api_listings_historical
2025-07-04,36994,AAPLX,Apple tokenized stock (xStock),214.33208807,1928901.41285382,1310586.91,coinmarketcap_data_api_listings_historical
2025-07-04,4441,VAIX,Vectorspace AI,0.0386618,1928291.90469233,15673.53,coinmarketcap_data_api_listings_historical
2025-07-04,8707,ALPACA,Alpaca Finance,0.01266902,1921492.58189835,3437064.62,coinmarketcap_data_api_listings_historical
2025-07-04,11420,JAM,Tune.FM,6.467e-05,1921430.3417393,26168.26,coinmarketcap_data_api_listings_historical
2025-07-04,26933,LETIT,Letit,0.0299176,1914726.23209185,1470.73,coinmarketcap_data_api_listings_historical
2025-07-04,7535,KP3R,Keep3rV1,4.4637598,1897892.46525986,157927.69,coinmarketcap_data_api_listings_historical
2025-07-04,17464,STRM,StreamCoin,0.00126871,1893711.53683592,136016.72,coinmarketcap_data_api_listings_historical
2025-07-04,5159,WEST,Waves Enterprise,0.00840195,1890438.72606858,52362.49,coinmarketcap_data_api_listings_historical
2025-07-04,23465,WKLAY,Wrapped Klaytn,0.15393595,1883152.04203795,63.79,coinmarketcap_data_api_listings_historical
2025-07-04,36064,DOODI,Doodipals,0.00187845,1878451.31930677,1237529.2,coinmarketcap_data_api_listings_historical
2025-07-04,4927,GRG,RigoBlock,0.69435602,1875499.34752548,0.0,coinmarketcap_data_api_listings_historical
2025-07-04,2588,LOOM,Loom Network,0.00150117,1865836.62878628,952914.37,coinmarketcap_data_api_listings_historical
2025-07-04,15257,RISE,EverRise,2.915e-05,1862151.84440051,1.51,coinmarketcap_data_api_listings_historical
2025-07-04,18353,RITE,ritestream,0.00269049,1859820.17129375,122471.91,coinmarketcap_data_api_listings_historical
2025-07-04,31847,WOLF,LandWolf (SOL),0.00018537,1853492.28160361,0.0,coinmarketcap_data_api_listings_historical
2025-07-04,18919,QOM,Shiba Predator,0.0,1849033.93442062,0.0,coinmarketcap_data_api_listings_historical
2025-07-04,23300,AIPAD,AIPAD,0.00950833,1847311.39349296,234590.8,coinmarketcap_data_api_listings_historical
2025-07-04,7245,STBU,Stobox Token,0.01230308,1845462.14065424,224871.1,coinmarketcap_data_api_listings_historical
2025-07-04,36448,TGT,TOKYO GAMES TOKEN,0.0114548,1842189.57421955,6043568.94,coinmarketcap_data_api_listings_historical
2025-07-04,34548,REALIS,Realis Worlds,0.00183756,1837548.56378918,399582.97,coinmarketcap_data_api_listings_historical
2025-07-04,8255,PROS,Prosper,0.03574529,1837122.70495377,74679.76,coinmarketcap_data_api_listings_historical
2025-07-04,27615,BRICK,r/FortNiteBR Bricks,0.01651315,1836761.42235236,7425.0,coinmarketcap_data_api_listings_historical
2025-07-04,11552,TALK,Talken,0.00663607,1835650.72956724,186465.04,coinmarketcap_data_api_listings_historical
2025-07-04,18913,MDAO,MarsDAO,0.02595392,1832321.30468144,204879.4,coinmarketcap_data_api_listings_historical
2025-07-04,35547,RIFT,RIFT AI,0.00689634,1826943.35428418,0.0,coinmarketcap_data_api_listings_historical
2025-07-04,2998,VEX,Vexanium,0.00248245,1821232.12829064,6094.38,coinmarketcap_data_api_listings_historical
2025-07-04,42,XPM,Primecoin,0.03349565,1819351.8266277,472.89,coinmarketcap_data_api_listings_historical
2025-07-04,30230,PIKA,Pikamoon,0.00010419,1818417.62685883,67813.04,coinmarketcap_data_api_listings_historical
2025-07-04,34854,YNE,yesnoerror,0.00181586,1815859.16015837,1212001.54,coinmarketcap_data_api_listings_historical
2025-07-04,4078,SERO,Super Zero Protocol,0.00414829,1812789.8712305,131795.42,coinmarketcap_data_api_listings_historical
2025-07-04,16882,SQR,Magic Square,0.00733207,1809081.54880941,239312.96,coinmarketcap_data_api_listings_historical
2025-07-04,24793,$MONG,MongCoin,0.0,1808733.43844751,126962.11,coinmarketcap_data_api_listings_historical
2025-07-04,6933,NCDT,Nuco.cloud,0.03616554,1808277.08941059,152398.33,coinmarketcap_data_api_listings_historical
2025-07-04,28047,LSD,L7,0.04408113,1804751.03700849,0.0,coinmarketcap_data_api_listings_historical
2025-07-04,13472,CTRL,Ctrl Wallet,0.00883354,1801385.26314521,61797.33,coinmarketcap_data_api_listings_historical
2025-07-04,31456,DOP,Data Ownership Protocol,0.00020493,1789773.61147182,2508935.7,coinmarketcap_data_api_listings_historical
2025-07-04,7219,RBC,Rubic,0.0107837,1782368.02934473,165385.88,coinmarketcap_data_api_listings_historical
2025-07-04,34378,SHIRO,Shiro Neko,1e-08,1771301.79374982,933162.61,coinmarketcap_data_api_listings_historical
2025-07-04,19018,CHO,Choise.ai,0.00394598,1760474.29746177,1600330.96,coinmarketcap_data_api_listings_historical
2025-07-04,32964,TBULL,Tron Bull,0.00175632,1756317.58579098,74119.85,coinmarketcap_data_api_listings_historical
2025-07-04,5748,MTA,mStable Governance Token: Meta (MTA),0.03002366,1754355.21084134,11.93,coinmarketcap_data_api_listings_historical
2025-07-04,19118,LMR,Lumerin,0.00289135,1753935.93405412,65574.85,coinmarketcap_data_api_listings_historical
2025-07-04,34090,URO,Urolithin A,0.00174651,1745681.12866737,2961646.32,coinmarketcap_data_api_listings_historical
2025-07-04,2092,NULS,NULS,0.01539048,1739561.98655622,190943.81,coinmarketcap_data_api_listings_historical
2025-07-04,21916,ISK,ISKRA Token,0.00452778,1734897.37808508,117234.12,coinmarketcap_data_api_listings_historical
2025-07-04,10984,WITCH,Witch Token,0.06319603,1725211.54477563,151458.17,coinmarketcap_data_api_listings_historical
2025-07-04,34073,OCTO,OctonetAI,0.01743652,1717497.11142238,160922.16,coinmarketcap_data_api_listings_historical
2025-07-04,33183,AXOL,Axol,0.00170572,1705717.22004402,5870.19,coinmarketcap_data_api_listings_historical
2025-07-04,34078,ELIZA,Eliza (elizawakesup),0.00170247,1702443.24561433,698764.39,coinmarketcap_data_api_listings_historical
2025-07-04,31320,SKYA,Sekuya Multiverse,0.00425895,1701909.90124641,133763.3,coinmarketcap_data_api_listings_historical
2025-07-04,36090,BUBB,Bubb,0.00170017,1700169.55383689,7154191.97,coinmarketcap_data_api_listings_historical
2025-07-04,9180,SYL,myDID,0.00021993,1699741.37861805,173699.36,coinmarketcap_data_api_listings_historical
2025-07-04,33689,PEEZY,Peezy 0x69,5.56e-06,1699317.25864551,638918.65,coinmarketcap_data_api_listings_historical
2025-07-04,31337,BEER,BEERCOIN,3.08e-06,1693163.16177867,162541.26,coinmarketcap_data_api_listings_historical
2025-07-04,34794,ISLAND,ISLAND Token,0.00958296,1692365.85762364,468230.67,coinmarketcap_data_api_listings_historical
2025-07-04,35566,HOOD,Robinhood,3.789e-05,1687920.82204558,996464.78,coinmarketcap_data_api_listings_historical
2025-07-04,23794,OPTI,Optimus AI,0.01769731,1681863.16217749,66956.85,coinmarketcap_data_api_listings_historical
2025-07-04,37057,QQQX,Nasdaq tokenized ETF (xStock),558.68264746,1676037.82099648,5570.45,coinmarketcap_data_api_listings_historical
2025-07-04,32836,SAI,Sharpe AI,0.01495471,1672259.85390387,669945.73,coinmarketcap_data_api_listings_historical
2025-07-04,35282,WYAC,Woman Yelling At Cat,0.00168571,1668814.8589479,7392.0,coinmarketcap_data_api_listings_historical
2025-07-04,9155,DEFIT,DEFIT,0.05312455,1658681.19977714,0.0,coinmarketcap_data_api_listings_historical
2025-07-04,5798,RING,RingDAO,0.00096766,1653315.39284921,65929.76,coinmarketcap_data_api_listings_historical
2025-07-04,5200,GLEEC,Gleec Coin,0.00908225,1650745.33889097,193.08,coinmarketcap_data_api_listings_historical
2025-07-04,10977,MINT,Mint Club V1,1.58e-06,1646527.22103574,344.37,coinmarketcap_data_api_listings_historical
2025-07-04,36938,JEETS,I'm a Jeet,0.00164553,1645515.38329975,160750.56,coinmarketcap_data_api_listings_historical
2025-07-04,29787,PENG,Peng,0.01638554,1638553.79626,394364.29,coinmarketcap_data_api_listings_historical
2025-07-04,4287,JOB,Jobchain,0.00016517,1629353.00404239,1.01,coinmarketcap_data_api_listings_historical
2025-07-04,33571,SWORLD,Seedworld,0.00033807,1627508.58726179,7663.48,coinmarketcap_data_api_listings_historical
2025-07-04,10047,EPIK,EPIK Prime,0.00126882,1626487.87661523,112463.64,coinmarketcap_data_api_listings_historical
2025-07-04,26863,3ULL,PLAYA3ULL GAMES,0.00034282,1619227.55317209,868967.2,coinmarketcap_data_api_listings_historical
2025-07-04,16919,5IRE,5ire,0.00113868,1618882.51539948,638842.24,coinmarketcap_data_api_listings_historical
2025-07-04,5067,MAX,MAX Exchange Token,0.32500156,1617468.43098927,43501.63,coinmarketcap_data_api_listings_historical
2025-07-04,11279,ARCAS,Arcas,0.02315148,1607480.54086958,0.0,coinmarketcap_data_api_listings_historical
2025-07-04,33614,MemesAI,Memes AI,0.00160515,1605103.36993839,438032.93,coinmarketcap_data_api_listings_historical
2025-07-04,23546,CSIX,Carbon browser,0.00403189,1598987.12991243,1488250.93,coinmarketcap_data_api_listings_historical
2025-07-04,29464,WZETA,Wrapped Zeta,0.17233285,1594501.65064354,0.0,coinmarketcap_data_api_listings_historical
2025-07-04,22929,VERSE,Verse,4.224e-05,1592422.74995397,71858.74,coinmarketcap_data_api_listings_historical
2025-07-04,17607,FURY,Engines of Fury,0.03312836,1590257.40613678,314745.25,coinmarketcap_data_api_listings_historical
2025-07-04,34045,TANGO,Contango,0.01340262,1587720.31790339,0.0,coinmarketcap_data_api_listings_historical
2025-07-04,35236,KUDAI,Kudai,1.587e-05,1587474.2058421,8889.72,coinmarketcap_data_api_listings_historical
2025-07-04,34793,STARS,STARS,3.762e-05,1582756.74606087,467474.81,coinmarketcap_data_api_listings_historical
2025-07-04,31569,TROG,Trog,3.76e-06,1582204.39630546,159734.35,coinmarketcap_data_api_listings_historical
2025-07-04,36394,TOILET,Toilet Dust,0.00015803,1580329.66330729,70102.32,coinmarketcap_data_api_listings_historical
2025-07-04,8567,HAPI,HAPI Protocol,2.15641712,1579033.03533451,105516.18,coinmarketcap_data_api_listings_historical
2025-07-04,11560,DHB,DeHub,0.00038637,1574772.90456378,0.0,coinmarketcap_data_api_listings_historical
2025-07-04,6194,GEEQ,Geeq,0.04084402,1573402.27859433,260724.31,coinmarketcap_data_api_listings_historical
2025-07-04,36508,FDC,FooDriver,0.15932663,1571275.09878093,315077.14,coinmarketcap_data_api_listings_historical
2025-07-04,35407,EMYC,E Money,0.01606477,1571270.57535745,678579.95,coinmarketcap_data_api_listings_historical
2025-07-04,34590,AIMONICA,Aimonica Brands,0.00157086,1570843.04268258,1291476.81,coinmarketcap_data_api_listings_historical
2025-07-04,34328,Q*,QSTaR,0.00016312,1565333.87102338,0.0,coinmarketcap_data_api_listings_historical
2025-07-04,19722,SOVRN,SOVRUN,0.00833739,1565100.39162063,128565.44,coinmarketcap_data_api_listings_historical
2025-07-04,31297,BUBBLE,Bubble,0.00075021,1564860.12207561,178143.67,coinmarketcap_data_api_listings_historical
2025-07-04,7974,vBCH,Venus BCH,10.07558674,1555589.98863167,0.0,coinmarketcap_data_api_listings_historical
2025-07-04,7755,HANDY,Handy,0.00164372,1554910.87665848,162.49,coinmarketcap_data_api_listings_historical
2025-07-04,34977,FLORK,flork cto,0.00165341,1552089.99446104,934409.24,coinmarketcap_data_api_listings_historical
2025-07-04,36604,PFVS,Puffverse,0.01330761,1551667.08408145,5624267.42,coinmarketcap_data_api_listings_historical
2025-07-04,27736,EXA,Exactly Protocol,0.46836602,1540591.21169682,2340.43,coinmarketcap_data_api_listings_historical
2025-07-04,5893,FRONT,Frontier,0.19796078,1539594.87380322,13.13,coinmarketcap_data_api_listings_historical
2025-07-04,22050,MEE,Medieval Empires,0.00274992,1538334.68653043,136009.58,coinmarketcap_data_api_listings_historical
2025-07-04,36734,DTR,dextoro,0.00153518,1535170.07806486,122163.64,coinmarketcap_data_api_listings_historical
2025-07-04,2847,ABYSS,Abyss,0.00669736,1533719.58933538,0.0,coinmarketcap_data_api_listings_historical
2025-07-04,27894,JETTON,JetTon Games,0.18848013,1529355.25533701,75099.03,coinmarketcap_data_api_listings_historical
2025-07-04,31284,HAMMY,SAD HAMSTER,0.00161944,1525349.37051023,10024.72,coinmarketcap_data_api_listings_historical
2025-07-04,6588,DIP,Etherisc DIP Token,0.00635593,1523784.37367391,5867.6,coinmarketcap_data_api_listings_historical
2025-07-04,27195,XNA,Neurai,0.00015339,1514379.97232461,75232.73,coinmarketcap_data_api_listings_historical
2025-07-04,10440,LZM,LoungeM,0.01394456,1513062.09915132,348.98,coinmarketcap_data_api_listings_historical
2025-07-04,20886,ASTRAFER,Astrafer,0.00967002,1512555.65173192,0.0,coinmarketcap_data_api_listings_historical
2025-07-04,7256,MTLX,Mettalex,1.34499505,1510433.4720359,12725.57,coinmarketcap_data_api_listings_historical
2025-07-04,9291,CAPS,Ternoa,0.00117049,1506452.89325312,216573.63,coinmarketcap_data_api_listings_historical
2025-07-04,36131,BNB CARD,BNB Card,0.00150179,1501787.52601987,166573.99,coinmarketcap_data_api_listings_historical
2025-07-04,34152,DDBAM,Didi Bam Bam,0.07141328,1499678.7892208,102503.95,coinmarketcap_data_api_listings_historical
2025-07-04,34499,MOZ,Lumoz,0.00135737,1493110.00175643,1882566.74,coinmarketcap_data_api_listings_historical
2025-07-04,29282,WHALES,Whales Market,0.05726448,1490842.26383275,5599.85,coinmarketcap_data_api_listings_historical
2025-07-04,5326,ORC,Orbit Chain,0.002174,1489399.73950102,0.0,coinmarketcap_data_api_listings_historical
2025-07-04,24792,RBX,RabbitX,0.00169561,1488179.87279811,3265.61,coinmarketcap_data_api_listings_historical
2025-07-04,6827,JOY,Joystream,0.0013723,1488061.04116999,166861.59,coinmarketcap_data_api_listings_historical
2025-07-04,36846,BEE,DAOBase,0.01188407,1485508.91412151,1743523.59,coinmarketcap_data_api_listings_historical
2025-07-04,2837,0xBTC,0xBitcoin,0.15296242,1484768.01006508,0.0,coinmarketcap_data_api_listings_historical
2025-07-04,21418,MTD,Minted,0.00800458,1482509.64937929,268.07,coinmarketcap_data_api_listings_historical
2025-07-04,29273,FIRE,Matr1x Fire,0.02203287,1470281.43514006,767862.12,coinmarketcap_data_api_listings_historical
2025-07-04,34754,FOMO,FOMO (fomo.fund),1.462e-05,1462292.7372061,143243.2,coinmarketcap_data_api_listings_historical
2025-07-04,37122,RYS,RefundYourSOL,0.00148477,1461944.22380639,1455218.77,coinmarketcap_data_api_listings_historical
2025-07-04,5068,XTN,Neutrino Index,0.02811323,1461346.5503102,2897.05,coinmarketcap_data_api_listings_historical
2025-07-04,35228,CLUSTR,Clustr Labs,0.00291565,1456907.47630479,0.0,coinmarketcap_data_api_listings_historical
2025-07-04,33570,GNON,Numogram,0.00145363,1453629.84543378,1013319.64,coinmarketcap_data_api_listings_historical
2025-07-04,2245,PRE,Presearch,0.00365892,1451047.98726062,39381.62,coinmarketcap_data_api_listings_historical
2025-07-04,9523,PKT,Packet,0.00034167,1450524.4828608,0.0,coinmarketcap_data_api_listings_historical
2025-07-04,18101,NBT,NanoByte Token,0.0015294,1444036.74547377,87051.8,coinmarketcap_data_api_listings_historical
2025-07-04,28948,CKP,Cakepie,0.46336015,1433314.04856593,99620.68,coinmarketcap_data_api_listings_historical
2025-07-04,29396,CTF,CryptoTradingFund,0.30177002,1427451.88269831,139953.3,coinmarketcap_data_api_listings_historical
2025-07-04,35465,$AKA,Akasha by Bloomverse,0.00142598,1425969.33242949,175268.28,coinmarketcap_data_api_listings_historical
2025-07-04,29478,CHAT,Solchat,0.17681463,1422201.43622067,68644.33,coinmarketcap_data_api_listings_historical
2025-07-04,21262,DICE,Klaydice,0.00325286,1421789.26576376,497.17,coinmarketcap_data_api_listings_historical
2025-07-04,32933,ZFI,ZyFAI,0.01810741,1419241.50377914,0.0,coinmarketcap_data_api_listings_historical
2025-07-04,9808,RBT,RIBBIT,3.45e-06,1405851.77105287,31459.49,coinmarketcap_data_api_listings_historical
2025-07-04,17242,UBXS,UBXS Token,0.02458969,1405425.24412625,248836.1,coinmarketcap_data_api_listings_historical
2025-07-04,34555,ASTROS,ASTROS,0.05505398,1403849.13610284,64019.84,coinmarketcap_data_api_listings_historical
2025-07-04,12814,DESU,Dexsport,0.01359261,1401275.42657227,0.0,coinmarketcap_data_api_listings_historical
2025-07-04,34910,@G,Graphite Network,0.13610332,1400198.85408512,90291.97,coinmarketcap_data_api_listings_historical
2025-07-04,31037,RC,Rebel Cars,0.00677269,1397574.44451008,49324.28,coinmarketcap_data_api_listings_historical
2025-07-04,34953,TRISIG,TRI SIGMA,0.00139598,1395904.16592026,467855.93,coinmarketcap_data_api_listings_historical
2025-07-04,31708,HTS,HOME3,0.01733207,1395231.9565795,0.0,coinmarketcap_data_api_listings_historical
2025-07-04,17231,SNS,Synesis One,0.00305101,1392029.70417199,343185.2,coinmarketcap_data_api_listings_historical
2025-07-04,35130,LLM,Large Language Model,0.00139145,1391441.64385445,628014.85,coinmarketcap_data_api_listings_historical
2025-07-04,28704,DFC,DeFinder Capital,0.05231224,1389584.52422358,98930.76,coinmarketcap_data_api_listings_historical
2025-07-04,33041,AGENT,AgentLayer,0.00269083,1387516.48902616,322977.38,coinmarketcap_data_api_listings_historical
2025-07-04,14977,ML,Mintlayer,0.02153986,1382828.91596707,305112.27,coinmarketcap_data_api_listings_historical
2025-07-04,33963,ALL,Sallar,0.00076731,1381185.8124405,34781.34,coinmarketcap_data_api_listings_historical
2025-07-04,9868,XCAD,XCAD Network,0.02889621,1379123.68249584,575878.06,coinmarketcap_data_api_listings_historical
2025-07-04,788,COVAL,Circuits of Value,0.00076986,1374073.81938159,71889.23,coinmarketcap_data_api_listings_historical
2025-07-04,34585,BSX,BSX,0.00722257,1368516.41047559,172436.36,coinmarketcap_data_api_listings_historical
2025-07-04,8163,XED,Exeedme,0.01365286,1365285.96796596,66432.39,coinmarketcap_data_api_listings_historical
2025-07-04,36841,ANGL,ANGL TOKEN,0.0068259,1365180.2210201,19158.21,coinmarketcap_data_api_listings_historical
2025-07-04,35162,PONGO,PONGO,1e-08,1350342.93179999,93740.66,coinmarketcap_data_api_listings_historical
2025-07-04,34304,YUSD,YieldFi yToken,1.09729865,1348967.38764833,0.0,coinmarketcap_data_api_listings_historical
2025-07-04,8335,MDX,Mdex,0.00141866,1348080.78056802,98785.51,coinmarketcap_data_api_listings_historical
2025-07-04,36121,MUBARAKAH,Mubarakah,0.00134315,1343147.00645241,386875.07,coinmarketcap_data_api_listings_historical
2025-07-04,36820,DEGEN,Degen Arena,0.0,1338278.93963181,347442.1,coinmarketcap_data_api_listings_historical
2025-07-04,8508,POOL,PoolTogether,0.19744332,1336397.07950331,0.0,coinmarketcap_data_api_listings_historical
2025-07-04,14422,HTD,HeroesTD,0.00293359,1335620.25632309,0.0,coinmarketcap_data_api_listings_historical
2025-07-04,28368,ELMT,Element,0.00076929,1334595.6843976,2803.38,coinmarketcap_data_api_listings_historical
2025-07-04,7672,UNFI,Unifi Protocol DAO,0.13954445,1332461.14024763,385759.67,coinmarketcap_data_api_listings_historical
2025-07-04,10294,DFL,DeFi Land,0.00018558,1324542.34577932,65297.37,coinmarketcap_data_api_listings_historical
2025-07-04,8492,VSP,Vesper,0.14059542,1323922.52789841,57.71,coinmarketcap_data_api_listings_historical
2025-07-04,29605,G3,GAM3S.GG,0.00413621,1321484.25042753,949487.24,coinmarketcap_data_api_listings_historical
2025-07-04,1853,OAX,OAX,0.01371808,1314360.22997729,64549.36,coinmarketcap_data_api_listings_historical
2025-07-04,3908,DIO,Decimated,0.00241847,1313857.42927189,300503.66,coinmarketcap_data_api_listings_historical
2025-07-04,28910,CKETH,Chain-key Ethereum,2478.53039086,1312951.90394786,559.27,coinmarketcap_data_api_listings_historical
2025-07-04,11198,GOAL,TOPGOAL,0.002414,1312612.99316809,68929.96,coinmarketcap_data_api_listings_historical
2025-07-04,36379,ELDE,Elderglade,0.01557986,1308708.585196,4203540.61,coinmarketcap_data_api_listings_historical
2025-07-04,34254,SDM,Shieldeum,0.00483457,1303266.43115973,1052811.65,coinmarketcap_data_api_listings_historical
2025-07-04,36865,CBLTC,Coinbase Wrapped LTC,86.59556602,1297391.99415523,455021.48,coinmarketcap_data_api_listings_historical
2025-07-04,10421,XTM,Torum,0.00667611,1295808.13876939,194043.2,coinmarketcap_data_api_listings_historical
2025-07-04,33659,RATS,GoldenRat,2.07e-06,1295564.66134713,6583.3,coinmarketcap_data_api_listings_historical
2025-07-04,11366,PBX,Paribus,0.0001724,1292319.4729132,65722.69,coinmarketcap_data_api_listings_historical
2025-07-04,2530,FSN,Fusion,0.01650541,1290160.046775,146947.42,coinmarketcap_data_api_listings_historical
2025-07-04,36537,SGC,SGC,0.00062577,1281737.72648231,6901425.64,coinmarketcap_data_api_listings_historical
2025-07-04,8202,ZKB,ZKBase,0.0064917,1281722.10907711,6369.43,coinmarketcap_data_api_listings_historical
2025-07-04,31775,AZUR,Azuro Protocol,0.00636627,1277985.99425494,194089.28,coinmarketcap_data_api_listings_historical
2025-07-04,7976,vDOT,Venus DOT,0.07630142,1270360.85556086,0.0,coinmarketcap_data_api_listings_historical
2025-07-04,8495,ID,Everest,0.01077587,1257543.45578831,3683.97,coinmarketcap_data_api_listings_historical
2025-07-04,7440,BOND,BarnBridge,0.15856836,1254317.27993133,719749.99,coinmarketcap_data_api_listings_historical
2025-07-04,28580,VC,VinuChain,0.00757363,1248195.48690721,587063.69,coinmarketcap_data_api_listings_historical
2025-07-04,36720,FLY,Fly.trade,0.0953791,1248014.47537797,523198.15,coinmarketcap_data_api_listings_historical
2025-07-04,3799,SAFE,SafeCoin,0.04465839,1238603.2843344,150.86,coinmarketcap_data_api_listings_historical
2025-07-04,28786,HEMULE,Hemule,0.00126153,1236295.74470428,297806.8,coinmarketcap_data_api_listings_historical
2025-07-04,33819,RUSSELL,Russell,0.00127296,1236018.9410175,12880.99,coinmarketcap_data_api_listings_historical
2025-07-04,35789,BNBXBT,BNBXBT,0.00123295,1232951.40181789,763124.44,coinmarketcap_data_api_listings_historical
2025-07-04,28801,BABYBONK,Baby Bonk,0.0,1232521.6260789,281465.9,coinmarketcap_data_api_listings_historical
2025-07-04,32838,SUNCAT,SUNCAT,0.00122932,1229315.99884815,1782029.62,coinmarketcap_data_api_listings_historical
2025-07-04,15188,RADAR,DappRadar,0.00127789,1226901.45573847,148731.31,coinmarketcap_data_api_listings_historical
2025-07-04,27606,BROCK,Bitrock,0.01292007,1226776.80444244,234566.05,coinmarketcap_data_api_listings_historical
2025-07-04,36499,EDGEN,LayerEdge,0.00694629,1222546.61110393,4215313.32,coinmarketcap_data_api_listings_historical
2025-07-04,36992,NVDAX,NVIDIA tokenized stock (xStock),159.50103578,1221081.58928226,1618591.36,coinmarketcap_data_api_listings_historical
2025-07-04,9764,MLT,MILC Platform,0.00980136,1219519.34759998,65887.02,coinmarketcap_data_api_listings_historical
2025-07-04,36588,MAMBO,Mambo,1.22e-06,1218717.750654,1301357.91,coinmarketcap_data_api_listings_historical
2025-07-04,13319,MENGO,Flamengo Fan Token,0.10055061,1216605.93593629,125477.83,coinmarketcap_data_api_listings_historical
2025-07-04,22244,BIZA,BizAuto,0.00045397,1215289.92814252,733310.86,coinmarketcap_data_api_listings_historical
2025-07-04,22556,PZP,PlayZap,0.01423513,1202807.38505927,256488.46,coinmarketcap_data_api_listings_historical
2025-07-04,29386,LNDX,LandX Finance,0.0848536,1193626.79455272,240106.43,coinmarketcap_data_api_listings_historical
2025-07-04,29387,ASTX,Asterix Labs,119.06424949,1190642.49493356,0.0,coinmarketcap_data_api_listings_historical
2025-07-04,27792,BLOCX,BLOCX.,0.01189005,1190255.39386738,585817.38,coinmarketcap_data_api_listings_historical
2025-07-04,12830,SNIFT,StarryNift,0.00702922,1189892.24703669,298681.25,coinmarketcap_data_api_listings_historical
2025-07-04,22944,ankrBNB,Ankr Staked BNB,715.97358397,1189842.30361784,1509.18,coinmarketcap_data_api_listings_historical
2025-07-04,35761,BROCCOLI,Broccoli (broccolibnb.org),0.00644485,1189814.27429285,1698743.11,coinmarketcap_data_api_listings_historical
2025-07-04,36464,DUMP,Dumpling,0.0019461,1189149.78986445,0.0,coinmarketcap_data_api_listings_historical
2025-07-04,32926,MAK,MetaCene,0.0061905,1185996.92035126,1737077.18,coinmarketcap_data_api_listings_historical
2025-07-04,34888,KIKI,KIKICat,0.00118017,1180159.87605377,694907.06,coinmarketcap_data_api_listings_historical
2025-07-04,24532,BIDZ,BIDZ Coin,0.00138791,1179721.15714766,1186.35,coinmarketcap_data_api_listings_historical
2025-07-04,12969,GARI,Gari Network,0.00209343,1175537.38019236,130236.9,coinmarketcap_data_api_listings_historical
2025-07-04,2297,STMX,StormX,9.433e-05,1165082.15538366,366830067.81,coinmarketcap_data_api_listings_historical
2025-07-04,35101,LMY,Locked Money,0.00192581,1160212.16000377,7391.16,coinmarketcap_data_api_listings_historical
2025-07-04,21471,SSLX,StarSlax,0.00046124,1153852.5492793,162448.31,coinmarketcap_data_api_listings_historical
2025-07-04,10403,KOM,Kommunitas,0.00069472,1153771.32716236,83628.49,coinmarketcap_data_api_listings_historical
2025-07-04,36587,RETARD,retardcoin,0.00115,1149960.43471931,628789.36,coinmarketcap_data_api_listings_historical
2025-07-04,28106,ZF,zkSwap Finance,0.00208161,1149606.80361824,73312.06,coinmarketcap_data_api_listings_historical
2025-07-04,34756,NATO,The Nation Token,1.15e-06,1147396.148444,95492.03,coinmarketcap_data_api_listings_historical
2025-07-04,36563,ZORO,ZoRobotics,0.09228829,1145091.90841617,366111.56,coinmarketcap_data_api_listings_historical
2025-07-04,29658,BLENDR,Blendr Network,0.02857899,1144814.54125354,3859.12,coinmarketcap_data_api_listings_historical
2025-07-04,34855,LUIGI,Luigi Mangione,0.00114137,1141308.63068951,1096175.15,coinmarketcap_data_api_listings_historical
2025-07-04,16389,UX,UX Chain,0.00028541,1137132.80741926,47370.12,coinmarketcap_data_api_listings_historical
2025-07-04,29443,QGOV,Q Protocol,0.00567144,1134778.98211672,100938.82,coinmarketcap_data_api_listings_historical
2025-07-04,21415,WWDOGE,Wrapped WDOGE,0.14337849,1131323.06228195,31969.55,coinmarketcap_data_api_listings_historical
2025-07-04,13626,ACA,ACA Token,0.02431698,1130926.42044181,66666.04,coinmarketcap_data_api_listings_historical
2025-07-04,8519,RWA,Xend Finance,0.01056512,1130821.69876992,70791.82,coinmarketcap_data_api_listings_historical
2025-07-04,8660,BSCPAD,BSCPAD,0.0142719,1130500.67774716,172413.85,coinmarketcap_data_api_listings_historical
2025-07-04,36417,DONKEY,Donkey (DONKEY_BSC_MEME),0.00112742,1127419.85492284,4327771.5,coinmarketcap_data_api_listings_historical
2025-07-04,5007,TROY,TROY,0.00011257,1125678.05966961,930914.67,coinmarketcap_data_api_listings_historical
2025-07-04,34166,EVAN,Evan,0.0011232,1122996.75226165,310388.95,coinmarketcap_data_api_listings_historical
2025-07-04,6993,REVV,REVV,0.00093881,1117835.70900314,54358.22,coinmarketcap_data_api_listings_historical
2025-07-04,28179,WSM,Wall Street Memes,0.00059323,1116870.11715681,8331.07,coinmarketcap_data_api_listings_historical
2025-07-04,22943,LL,LightLink,0.01365692,1115362.95682086,177957.21,coinmarketcap_data_api_listings_historical
2025-07-04,31752,BABYPEPE,Baby Pepe,2.65e-06,1114884.57236542,1.01,coinmarketcap_data_api_listings_historical
2025-07-04,35091,KM,Kekius Maximus (kekiusmaximus.army),0.0012338,1113762.44904225,274825.31,coinmarketcap_data_api_listings_historical
2025-07-04,22331,FAR,Farcana,0.00028838,1113679.32402207,653511.46,coinmarketcap_data_api_listings_historical
2025-07-04,13011,MBS,Striker League,0.00177773,1111858.66681357,64657.3,coinmarketcap_data_api_listings_historical
2025-07-04,12873,KLIMA,KlimaDAO,0.13853369,1107904.46541811,335.23,coinmarketcap_data_api_listings_historical
2025-07-04,29574,BENDOG,Ben the Dog,0.00110133,1101085.46777514,732441.37,coinmarketcap_data_api_listings_historical
2025-07-04,29930,IVPAY,IVPAY,0.00120067,1101069.87832551,244690.06,coinmarketcap_data_api_listings_historical
2025-07-04,35,PXC,Phoenixcoin,0.01188555,1099077.99526422,12.4,coinmarketcap_data_api_listings_historical
2025-07-04,29665,KNINE,K9 Finance,2.72e-06,1095978.52112454,210359.2,coinmarketcap_data_api_listings_historical
2025-07-04,29482,SLN,Smart Layer Network,0.02799936,1094782.39308507,140039.21,coinmarketcap_data_api_listings_historical
2025-07-04,33087,FU,FU Coin,5.61e-06,1092230.89576452,0.0,coinmarketcap_data_api_listings_historical
2025-07-04,31534,ELIX,Elixir Games,0.00441183,1084984.10283494,516608.52,coinmarketcap_data_api_listings_historical
2025-07-04,28789,SILLY,Silly Dragon,0.00108359,1083560.56341685,1981978.79,coinmarketcap_data_api_listings_historical
2025-07-04,30196,NEURA,Neurahub,0.01315612,1083321.69580196,0.0,coinmarketcap_data_api_listings_historical
2025-07-04,11023,WKCS,Wrapped KuCoin Token,11.3014557,1080320.78542197,0.0,coinmarketcap_data_api_listings_historical
2025-07-04,35073,NEUR,neur.sh,0.00118095,1079923.86112168,1988480.81,coinmarketcap_data_api_listings_historical
2025-07-04,32790,EBULL,ETHEREUM IS GOOD,0.00010794,1079371.39646407,29720.62,coinmarketcap_data_api_listings_historical
2025-07-04,37013,GOOGLX,Alphabet tokenized stock (xStock),179.59902773,1077587.47710786,998978.82,coinmarketcap_data_api_listings_historical
2025-07-04,28836,KIMBO,Kimbo,1.552e-05,1077147.94753677,59992.76,coinmarketcap_data_api_listings_historical
2025-07-04,33858,888,888,0.01209964,1075104.34474266,6962.85,coinmarketcap_data_api_listings_historical
2025-07-04,19624,MANC,Mancium,0.10742844,1074284.42872959,0.0,coinmarketcap_data_api_listings_historical
2025-07-04,31494,PIXFI,Pixelverse,0.00040434,1073352.86497554,2078646.13,coinmarketcap_data_api_listings_historical
2025-07-04,30645,POWSCHE,Powsche,0.01128423,1072562.17535798,56416.22,coinmarketcap_data_api_listings_historical
2025-07-04,21071,KSN,KISSAN,0.05008931,1069918.89432329,51144.16,coinmarketcap_data_api_listings_historical
2025-07-04,29509,COMAI,Commune AI,0.01920942,1068584.27684222,42836.32,coinmarketcap_data_api_listings_historical
2025-07-04,27355,WKAS,Wrapped Kaspa,0.00896637,1067641.95886835,4902.32,coinmarketcap_data_api_listings_historical
2025-07-04,20719,OLE,OpenLeverage,0.00565248,1066230.91020675,133889.83,coinmarketcap_data_api_listings_historical
2025-07-04,12294,ERTHA,Ertha,0.00053944,1065342.46878455,1292809.23,coinmarketcap_data_api_listings_historical
2025-07-04,34645,VNTR,VentureMind AI,0.00245429,1062698.5457215,89451.38,coinmarketcap_data_api_listings_historical
2025-07-04,18182,WGLMR,Wrapped Moonbeam,0.06116983,1059912.89890792,2038.66,coinmarketcap_data_api_listings_historical
2025-07-04,8620,TOWER,TOWER,0.00036317,1059760.67259505,70271.21,coinmarketcap_data_api_listings_historical
2025-07-04,9608,BOO,SpookySwap,0.11211299,1052845.29841846,64367.01,coinmarketcap_data_api_listings_historical
2025-07-04,31881,LKI,Laika AI,0.00245556,1051554.61370164,386641.58,coinmarketcap_data_api_listings_historical
2025-07-04,33177,MBP,MBP Coin,0.06551186,1047856.57740653,2711863.7,coinmarketcap_data_api_listings_historical
2025-07-04,30544,BCCOIN,BlackCardCoin,0.10474081,1047408.13252653,359246.18,coinmarketcap_data_api_listings_historical
2025-07-04,32464,NEIRO,Neiro (neiro.lol),0.00104088,1040880.46568034,1107330.1,coinmarketcap_data_api_listings_historical
2025-07-04,34783,CIRCLE,Ultraround Money,1.19064302,1039995.71730302,3804.25,coinmarketcap_data_api_listings_historical
2025-07-04,31189,HABIBI,Habibi,0.00127587,1038988.75593475,10774.74,coinmarketcap_data_api_listings_historical
2025-07-04,17852,JAM,Geojam Token,0.00013542,1038762.53799354,71008.29,coinmarketcap_data_api_listings_historical
2025-07-04,1669,HMQ,Humaniq,0.00500734,1037239.24978025,0.0,coinmarketcap_data_api_listings_historical
2025-07-04,34583,MYSTERY,Mystery,0.0,1036755.48381957,825801.09,coinmarketcap_data_api_listings_historical
2025-07-04,32157,XR,XRADERS,0.02627965,1034213.61699449,902704.87,coinmarketcap_data_api_listings_historical
2025-07-04,7857,MIR,Mirror Protocol,0.0131685,1023754.59433329,67859.0,coinmarketcap_data_api_listings_historical
2025-07-04,7576,HARD,Kava Lend,0.00758756,1022739.39843396,699542.42,coinmarketcap_data_api_listings_historical
2025-07-04,3853,MTV,MultiVAC,0.00028442,1020329.09204592,259115.51,coinmarketcap_data_api_listings_historical
2025-07-04,31598,$TOAD,Toad,0.0,1014355.82092338,20820.66,coinmarketcap_data_api_listings_historical
2025-07-04,3874,IRIS,IRISnet,0.00062486,1005329.7225638,207273.34,coinmarketcap_data_api_listings_historical
2025-07-04,16302,UPO,UpOnly,0.00881824,1003448.09733645,153027.96,coinmarketcap_data_api_listings_historical
2025-07-04,24591,SGT,Suzuverse,0.09980408,1003323.13355183,273695.77,coinmarketcap_data_api_listings_historical
2025-07-04,34562,MNRY,Moonray,0.00718338,1001163.59939941,363302.76,coinmarketcap_data_api_listings_historical
2025-07-04,2231,FLIXX,Flixxo,0.01186831,1000779.57809041,0.01,coinmarketcap_data_api_listings_historical
2025-07-04,14145,RIDE,holoride,0.00113654,1000044.36029859,64917.52,coinmarketcap_data_api_listings_historical
2025-07-04,35824,PERRY,Perry,0.0009934,993403.44255025,118051.69,coinmarketcap_data_api_listings_historical
2025-07-04,32211,$WELL,WELL3,0.00024004,988039.26195548,984243.57,coinmarketcap_data_api_listings_historical
2025-07-04,13856,LAVA,Vulcan Forged (LAVA),0.00400262,984224.61450207,0.0,coinmarketcap_data_api_listings_historical
2025-07-04,34571,BULLY,Dolos The Bully,0.00101833,978155.16794026,502307.91,coinmarketcap_data_api_listings_historical
2025-07-04,36570,KOBAN,KOBAN,0.00197074,977491.72497273,3530.2,coinmarketcap_data_api_listings_historical
2025-07-04,30102,WSDM,Wisdomise AI,0.00209203,972073.68657024,84401.14,coinmarketcap_data_api_listings_historical
2025-07-04,5776,TBTC,tBTC,107906.1291036,971155.16193243,4188.93,coinmarketcap_data_api_listings_historical
2025-07-04,25033,OBI,Orbofi AI,0.00086748,970868.27719552,154583.59,coinmarketcap_data_api_listings_historical
2025-07-04,21704,CARR,Carnomaly,0.00060453,970274.32358305,33585.07,coinmarketcap_data_api_listings_historical
2025-07-04,28613,PIKACHU,PIKACHU INU,0.0,961816.09979395,3672.75,coinmarketcap_data_api_listings_historical
2025-07-04,35379,DATA,Databot,0.00105001,961639.40414423,0.0,coinmarketcap_data_api_listings_historical
2025-07-04,30838,MSTAR,Star AI,0.00158411,955714.08965934,331047.15,coinmarketcap_data_api_listings_historical
2025-07-04,5423,DSLA,DSLA Protocol,0.00017292,949634.09742767,55424.7,coinmarketcap_data_api_listings_historical
2025-07-04,3704,VSYS,v.systems,0.0002757,949215.16751308,234995.58,coinmarketcap_data_api_listings_historical
2025-07-04,28543,DYP,Dypius [New],0.00608689,948656.68538494,244867.2,coinmarketcap_data_api_listings_historical
2025-07-04,29456,DTEC,Dtec,0.01541004,944865.89512662,195409.21,coinmarketcap_data_api_listings_historical
2025-07-04,33805,CBL,Credbull,0.00485459,938325.14284098,76005.69,coinmarketcap_data_api_listings_historical
2025-07-04,11308,FB,Fenerbahçe Token,0.42970972,936767.19499933,232401.64,coinmarketcap_data_api_listings_historical
2025-07-04,6747,CRU,Crust Network,0.0661948,935899.76902489,308395.14,coinmarketcap_data_api_listings_historical
2025-07-04,35048,BABYSHARK,Baby Shark Meme,0.00109442,929545.53161183,368285.49,coinmarketcap_data_api_listings_historical
2025-07-04,29106,TYPE,TypeAI,0.09291159,929115.86781911,7642.21,coinmarketcap_data_api_listings_historical
2025-07-04,9270,BTCBAM,Bitcoin Bam,0.09002286,925141.45802015,6.17,coinmarketcap_data_api_listings_historical
2025-07-04,34848,TAOCAT,TAOCat by Virtuals & Masa,0.000918,918004.41111444,462568.12,coinmarketcap_data_api_listings_historical
2025-07-04,11528,VCF,Valencia CF Fan Token,0.14684214,917641.47882231,29759.08,coinmarketcap_data_api_listings_historical
2025-07-04,29297,ORNJ,Orange,0.00982077,915786.42379103,119182.25,coinmarketcap_data_api_listings_historical
2025-07-04,29153,HONK,Honk,0.00099357,913907.44783974,132.77,coinmarketcap_data_api_listings_historical
2025-07-04,32618,WDOG,Wrapped Dog,0.00091309,913086.74600125,494993.59,coinmarketcap_data_api_listings_historical
2025-07-04,12781,XTAG,xHashtag AI,0.01378515,912149.82121342,66728.63,coinmarketcap_data_api_listings_historical
2025-07-04,19621,COT,Cosplay Token,0.00230545,909176.32206317,23575.39,coinmarketcap_data_api_listings_historical
2025-07-04,19686,MNTL,AssetMantle,0.00039311,901909.92624864,84147.97,coinmarketcap_data_api_listings_historical
2025-07-04,24771,WEFI,WeFi,0.02150491,900697.17846275,59587.48,coinmarketcap_data_api_listings_historical
2025-07-04,22766,ASM,AS Monaco Fan Token,0.19578952,900631.77511737,25682.46,coinmarketcap_data_api_listings_historical
2025-07-04,16962,XELS,XELS,0.04284133,899667.88747145,105304.25,coinmarketcap_data_api_listings_historical
2025-07-04,21428,WALV,Wrapped Alvey Chain,0.00280789,898525.30449201,86777.61,coinmarketcap_data_api_listings_historical
2025-07-04,28950,FINC,Finceptor,0.01905691,898450.1595578,52890.73,coinmarketcap_data_api_listings_historical
2025-07-04,20848,WSI,WeSendit,0.00115767,895456.33516927,84312.88,coinmarketcap_data_api_listings_historical
2025-07-04,5922,SWINGBY,Swingby,0.00100635,895441.84422456,0.0,coinmarketcap_data_api_listings_historical
2025-07-04,9125,GAINS,Gains,0.02282332,883132.32328067,43438.04,coinmarketcap_data_api_listings_historical
2025-07-04,4974,EXM,EXMO Coin,0.00819064,879473.39580474,548809.01,coinmarketcap_data_api_listings_historical
2025-07-04,33489,SPEEDY,Speedy,0.00087802,878015.25874378,0.0,coinmarketcap_data_api_listings_historical
2025-07-04,15240,SENATE,SENATE,0.00683885,876086.47377246,67254.25,coinmarketcap_data_api_listings_historical
2025-07-04,17285,USDs,Sperax USD,1.05346509,872090.16550468,94969.06,coinmarketcap_data_api_listings_historical
2025-07-04,33520,BABYNEIRO,Baby Neiro BNB,0.0,869550.36,188614.68,coinmarketcap_data_api_listings_historical
2025-07-04,34956,ALOR,Algorix,0.069578,868255.13613419,163491.64,coinmarketcap_data_api_listings_historical
2025-07-04,1447,ZCL,ZClassic,0.0929256,863002.28952266,0.0,coinmarketcap_data_api_listings_historical
2025-07-04,6622,HAKKA,Hakka.Finance,0.00199948,860916.2521921,0.0,coinmarketcap_data_api_listings_historical
2025-07-04,7654,RFOX,RFOX,0.00065559,860133.16629272,710.29,coinmarketcap_data_api_listings_historical
2025-07-04,8132,BIFI,BiFi,0.00180706,858364.4394281,63457.61,coinmarketcap_data_api_listings_historical
2025-07-04,11696,WONE,Wrapped Harmony,0.00591836,854088.99385054,2824.08,coinmarketcap_data_api_listings_historical
2025-07-04,28962,VMINT,VoluMint,0.00154596,853582.97119639,944.78,coinmarketcap_data_api_listings_historical
2025-07-04,33500,TALENT,Talent Protocol,0.00545022,851509.20489325,388017.95,coinmarketcap_data_api_listings_historical
2025-07-04,5070,XTP,Tap,0.00069018,850234.52589311,6534.98,coinmarketcap_data_api_listings_historical
2025-07-04,20716,FER,Ferro,0.00090899,847656.72864668,14472.57,coinmarketcap_data_api_listings_historical
2025-07-04,35085,ANDY,Andy BSC,1e-08,845760.1277,10571.27,coinmarketcap_data_api_listings_historical
2025-07-04,8166,MAPS,MAPS,0.01857661,845174.91452207,0.0,coinmarketcap_data_api_listings_historical
2025-07-04,12198,BOSS,Boss Token,0.0,841311.02390399,0.0,coinmarketcap_data_api_listings_historical
2025-07-04,34276,BIAO,BIAO,0.00083975,839748.91913867,257140.51,coinmarketcap_data_api_listings_historical
2025-07-04,2081,AMB,Ascendia (ex AirDAO),0.00014831,838293.4067275,171055.49,coinmarketcap_data_api_listings_historical
2025-07-04,2276,IGNIS,Ignis,0.00110028,837471.02832355,22.23,coinmarketcap_data_api_listings_historical
2025-07-04,7486,RGT,Rari Governance Token,0.06701566,835821.06508452,0.0,coinmarketcap_data_api_listings_historical
2025-07-04,15131,EFC,Everton Fan Token,0.14454968,835371.66236605,66589.57,coinmarketcap_data_api_listings_historical
2025-07-04,36312,WIZARD,Wizard Gang,0.00083536,835230.48575904,1397546.1,coinmarketcap_data_api_listings_historical
2025-07-04,36836,SOLBOX,SolBox,0.00083274,832663.19195041,186827.91,coinmarketcap_data_api_listings_historical
2025-07-04,26732,IDRX,IDRX,6.135e-05,826633.90953806,0.0,coinmarketcap_data_api_listings_historical
2025-07-04,7096,BRG,Bridge AI,0.00010288,823224.60164589,47815.25,coinmarketcap_data_api_listings_historical
2025-07-04,36973,WLFI,Wen Lambo Financial,820.41951957,820419.51956808,527748.99,coinmarketcap_data_api_listings_historical
2025-07-04,34333,SPKY,Ghosty Cash,0.08986979,820403.54583149,0.0,coinmarketcap_data_api_listings_historical
2025-07-04,10404,ITGR,Integral,0.00374219,817703.53976015,61941.04,coinmarketcap_data_api_listings_historical
2025-07-04,10586,TABOO,TABOO TOKEN,8.339e-05,815785.92962793,1215.23,coinmarketcap_data_api_listings_historical
2025-07-04,18586,PACE,3space Art,0.01129666,815296.68754532,63114.43,coinmarketcap_data_api_listings_historical
2025-07-04,4060,TRV,TrustVerse,0.00081505,815045.83958645,0.0,coinmarketcap_data_api_listings_historical
2025-07-04,4160,YEC,Ycash,0.04928188,815026.51328517,0.0,coinmarketcap_data_api_listings_historical
2025-07-04,34457,$AKUMA,Akuma Inu,1.22e-06,813609.82540919,52905.17,coinmarketcap_data_api_listings_historical
2025-07-04,9665,DPET,My DeFi Pet,0.01859094,806204.05199801,74414.49,coinmarketcap_data_api_listings_historical
2025-07-04,4134,KAON,Kaon,0.00018132,804354.90135048,483.02,coinmarketcap_data_api_listings_historical
2025-07-04,28396,RPK,RepubliK,0.00083034,801881.27857174,380589.95,coinmarketcap_data_api_listings_historical
2025-07-04,21513,EGO,EGO,0.00399261,801079.01192936,259925.44,coinmarketcap_data_api_listings_historical
2025-07-04,29328,DEFROGS,DeFrogs,79.91757846,799175.78459126,99640.44,coinmarketcap_data_api_listings_historical
2025-07-04,1826,PART,Particl,0.05300545,798356.04355893,0.0,coinmarketcap_data_api_listings_historical
2025-07-04,29727,STAR,StarHeroes,0.00582358,793975.31949771,374663.81,coinmarketcap_data_api_listings_historical
2025-07-04,1298,LBC,LBRY Credits,0.00121131,792482.52530704,752.3,coinmarketcap_data_api_listings_historical
2025-07-04,35160,INTOS,INT OS,0.00025306,791249.56927111,0.0,coinmarketcap_data_api_listings_historical
2025-07-04,23665,CATCH,SpaceCatch,0.07173993,790247.86599017,157768.36,coinmarketcap_data_api_listings_historical
2025-07-04,30934,SKR,Saakuru Protocol,0.0010802,790124.15579696,4.59,coinmarketcap_data_api_listings_historical
2025-07-04,32368,FEFE,Fefe,0.00187445,788562.72574264,53575.9,coinmarketcap_data_api_listings_historical
2025-07-04,8917,SHFT,Shyft Network,0.00035201,785741.98501224,65474.62,coinmarketcap_data_api_listings_historical
2025-07-04,34513,MUSKIT,Musk It,0.00078355,783551.20687976,256870.93,coinmarketcap_data_api_listings_historical
2025-07-04,6709,VIDYA,Vidya,0.02047872,780287.67613101,0.0,coinmarketcap_data_api_listings_historical
2025-07-04,33476,DOGK,Dagknight Dog,0.00017462,778684.95843152,4592.19,coinmarketcap_data_api_listings_historical
2025-07-04,28109,WBONE,Shibarium Wrapped BONE,0.2027,775630.30744842,1370.18,coinmarketcap_data_api_listings_historical
2025-07-04,7048,WING,Wing Finance,0.15191409,773495.21197039,215079.53,coinmarketcap_data_api_listings_historical
2025-07-04,35292,BDOGITO,BullDogito,0.00243009,772090.78702914,5895.1,coinmarketcap_data_api_listings_historical
2025-07-04,5062,BEPRO,Bepro,7.711e-05,771053.26593488,219674.11,coinmarketcap_data_api_listings_historical
2025-07-04,30007,HUND,HUND,0.00192138,768421.20840954,231896.35,coinmarketcap_data_api_listings_historical
2025-07-04,34771,SKICAT,Ski Mask Cat,0.00077285,765243.11350179,76449.71,coinmarketcap_data_api_listings_historical
2025-07-04,14904,FCON,SpaceFalcon,4.385e-05,764065.26836486,76413.73,coinmarketcap_data_api_listings_historical
2025-07-04,9892,YOOSHI,YooShi,0.0,759646.52194213,0.0,coinmarketcap_data_api_listings_historical
2025-07-04,5667,BGL,Bitgesell,0.04695393,758678.40077363,55.73,coinmarketcap_data_api_listings_historical
2025-07-04,12532,TC,TTcoin Network,0.00015347,754845.90715623,463861.64,coinmarketcap_data_api_listings_historical
2025-07-04,22621,STB,stabble,0.01017282,751668.46529606,321044.79,coinmarketcap_data_api_listings_historical
2025-07-04,33823,SMILE,bitSmiley,0.01897742,751071.43567461,126591.8,coinmarketcap_data_api_listings_historical
2025-07-04,12813,SIN,Sinverse,0.00092707,747164.74588715,371434.48,coinmarketcap_data_api_listings_historical
2025-07-04,31629,BLS,BloodLoop,0.0142124,744990.3353504,225441.38,coinmarketcap_data_api_listings_historical
2025-07-04,34007,BARSIK,Hasbulla's Cat,0.00074469,744659.65739495,551501.77,coinmarketcap_data_api_listings_historical
2025-07-04,10103,LSS,Lossless,0.0133079,739555.79588851,93590.63,coinmarketcap_data_api_listings_historical
2025-07-04,28453,BEFE,BEFE,7.92e-06,738397.17328136,179705.29,coinmarketcap_data_api_listings_historical
2025-07-04,10336,HAM,Hamster,0.0,730159.83959765,122834.61,coinmarketcap_data_api_listings_historical
2025-07-04,36314,INF,Infinaeon,0.00279481,728003.95081791,144432.29,coinmarketcap_data_api_listings_historical
2025-07-04,29987,PANDA,Panda Swap,0.00090089,727913.50528683,0.0,coinmarketcap_data_api_listings_historical
2025-07-04,3617,ILC,ILCOIN,0.00070618,725704.32413807,1621.17,coinmarketcap_data_api_listings_historical
2025-07-04,8963,MARSH,UnMarshal,0.01103501,720764.0273274,457851.8,coinmarketcap_data_api_listings_historical
2025-07-04,29576,GPT,QnA3.AI,0.00086537,719436.56163794,142945.91,coinmarketcap_data_api_listings_historical
2025-07-04,37055,METAX,Meta tokenized stock (xStock),718.48776511,718487.76510825,952495.5,coinmarketcap_data_api_listings_historical
2025-07-04,33195,PESTO,Pesto the Baby King Penguin,0.00071498,714984.08688291,360313.02,coinmarketcap_data_api_listings_historical
2025-07-04,35484,ALPHA,Alpha,0.00071469,714689.03727362,10018.93,coinmarketcap_data_api_listings_historical
2025-07-04,28794,P3D,3DPass,0.00138672,712921.26399017,3689.01,coinmarketcap_data_api_listings_historical
2025-07-04,16652,WNK,The Winkyverse,0.00012893,708776.61687184,53503.42,coinmarketcap_data_api_listings_historical
2025-07-04,3935,SRK,SparkPoint,5.483e-05,704427.81072144,5359.53,coinmarketcap_data_api_listings_historical
2025-07-04,30278,YAI,Ÿ,0.0077352,703903.1074414,231.2,coinmarketcap_data_api_listings_historical
2025-07-04,8617,PKF,Red Kite,0.00613458,703588.33281746,0.0,coinmarketcap_data_api_listings_historical
2025-07-04,14020,SAM,Samsunspor Fan Token,0.34969367,698940.07497978,64186.64,coinmarketcap_data_api_listings_historical
2025-07-04,36419,RDAC,Redacted,0.00592391,695382.49040903,4359413.57,coinmarketcap_data_api_listings_historical
2025-07-04,10046,MOOV,Dotmoovs,0.00094231,688996.83986844,104843.28,coinmarketcap_data_api_listings_historical
2025-07-04,19216,BRWL,Blockchain Brawlers,0.00068845,688449.09884918,81235.72,coinmarketcap_data_api_listings_historical
2025-07-04,31770,HONK,Pepoclown,0.0,687621.76872592,0.0,coinmarketcap_data_api_listings_historical
2025-07-04,6837,NODL,Nodle,0.00012784,684804.59589262,83587.38,coinmarketcap_data_api_listings_historical
2025-07-04,5640,PXP,PointPay,0.02276724,683017.18568014,16183.44,coinmarketcap_data_api_listings_historical
2025-07-04,31716,SKAI,Skillful AI,0.00212466,682012.13114813,63815.56,coinmarketcap_data_api_listings_historical
2025-07-04,30550,HAMI,HAMI,0.00070873,681947.00073099,48510.72,coinmarketcap_data_api_listings_historical
2025-07-04,28417,NUT,Nutcoin,3e-08,680021.04943935,444560.86,coinmarketcap_data_api_listings_historical
2025-07-04,1466,HUSH,Hush,0.05617665,673667.51651232,0.0,coinmarketcap_data_api_listings_historical
2025-07-04,11714,BFT,Brazil National Football Team Fan Token,0.02334031,671559.02773288,134407.05,coinmarketcap_data_api_listings_historical
2025-07-04,4275,COMBO,COMBO,0.00793584,667200.59005453,500775.27,coinmarketcap_data_api_listings_historical
2025-07-04,31154,GALAXIS,GALAXIS Token,0.00024451,666969.45570699,49470.74,coinmarketcap_data_api_listings_historical
2025-07-04,34516,RAT,RAT Escape,0.00066658,666534.22338013,98909.29,coinmarketcap_data_api_listings_historical
2025-07-04,21722,CHRP,Chirpley,0.00161282,666142.74239219,108191.42,coinmarketcap_data_api_listings_historical
2025-07-04,9686,MCHC,My Crypto Heroes,0.02414947,660625.91666479,0.0,coinmarketcap_data_api_listings_historical
2025-07-04,8579,POLK,Polkamarkets,0.00660536,660526.13058398,52546.47,coinmarketcap_data_api_listings_historical
2025-07-04,29281,EMC,Edge Matrix Chain,0.00322098,658657.01590839,59552.08,coinmarketcap_data_api_listings_historical
2025-07-04,35075,HAT,Top Hat,0.00066296,656327.32081217,418653.35,coinmarketcap_data_api_listings_historical
2025-07-04,2447,CRPT,Crypterium,0.00691908,654947.14943617,0.0,coinmarketcap_data_api_listings_historical
2025-07-04,33227,VERT,Vertus,0.00124051,653997.61435569,491098.25,coinmarketcap_data_api_listings_historical
2025-07-04,32229,RECORD,Record,0.00107652,653329.33327643,0.0,coinmarketcap_data_api_listings_historical
2025-07-04,2222,BCD,Bitcoin Diamond,0.00350206,653109.91359077,51844.2,coinmarketcap_data_api_listings_historical
2025-07-04,32224,CYBRO,CYBRO,0.00492939,652644.94660086,110628.02,coinmarketcap_data_api_listings_historical
2025-07-04,8637,SLICE,Tranche Finance,0.03244912,648982.33905129,63224.26,coinmarketcap_data_api_listings_historical
2025-07-04,7931,BONDLY,Forj (Bondly),0.00065517,644435.56444875,46570.93,coinmarketcap_data_api_listings_historical
2025-07-04,9639,PUSSY,Pussy Financial,3.91e-06,643848.41449953,586.61,coinmarketcap_data_api_listings_historical
2025-07-04,35469,ONDOAI,Ondo DeFAI,0.00064228,642277.5435907,746822.41,coinmarketcap_data_api_listings_historical
2025-07-04,9345,BSCS,BSCS,0.00246545,641158.10953623,63724.47,coinmarketcap_data_api_listings_historical
2025-07-04,20090,ETHAX,ETHAX,0.00470099,639991.83736369,59.49,coinmarketcap_data_api_listings_historical
2025-07-04,9553,BCUBE,B-cube.ai,0.01773809,635632.66900943,0.0,coinmarketcap_data_api_listings_historical
2025-07-04,14745,KROM,Kromatika,0.00790621,634715.8463229,0.0,coinmarketcap_data_api_listings_historical
2025-07-04,9205,K21,K21,0.0344603,633781.30599378,63172.93,coinmarketcap_data_api_listings_historical
2025-07-04,5837,CEP,CEREAL,0.00335844,629708.30863941,17859.15,coinmarketcap_data_api_listings_historical
2025-07-04,30619,CHUCK,Chuck,0.00071516,627482.66950225,182690.74,coinmarketcap_data_api_listings_historical
2025-07-04,19755,BURN,Burn,3.3e-06,626823.44272024,1674.93,coinmarketcap_data_api_listings_historical
2025-07-04,9507,GOZ,Göztepe S.K. Fan Token,0.17189667,624844.37816979,158362.71,coinmarketcap_data_api_listings_historical
2025-07-04,1866,BTM,BytomDAO,0.00038019,623708.0593174,0.0,coinmarketcap_data_api_listings_historical
2025-07-04,5155,NYZO,Nyzo,0.00621966,621966.42299458,64337.67,coinmarketcap_data_api_listings_historical
2025-07-04,33785,UNIT0,UNIT0,0.1219399,621801.5400231,64770.22,coinmarketcap_data_api_listings_historical
2025-07-04,28542,MIND,Morpheus Infrastructure Node,0.00045472,621241.34501983,15010.9,coinmarketcap_data_api_listings_historical
2025-07-04,36408,POPE,Pope meme,0.00310139,620277.85495586,269981.72,coinmarketcap_data_api_listings_historical
2025-07-04,26585,PLANET,PLANET,7.3e-07,619693.82123299,81948.77,coinmarketcap_data_api_listings_historical
2025-07-04,34601,VFX,Vabble v2,0.00425535,619685.60466044,0.0,coinmarketcap_data_api_listings_historical
2025-07-04,12799,IOEN,Internet of Energy Network,0.00194304,616045.11616431,65728.06,coinmarketcap_data_api_listings_historical
2025-07-04,2874,AOA,Aurora,6.172e-05,615685.76451721,0.0,coinmarketcap_data_api_listings_historical
2025-07-04,4411,TUP,TenUp,0.00577871,608913.29819375,222029.83,coinmarketcap_data_api_listings_historical
2025-07-04,14489,CDT,CheckDot,0.07854053,608346.2660446,10938.58,coinmarketcap_data_api_listings_historical
2025-07-04,35127,XMONEY,XMoney Solana,0.00073999,608064.2082267,9041.87,coinmarketcap_data_api_listings_historical
2025-07-04,33468,SEED,SEED,0.00169845,604345.77189418,1033806.7,coinmarketcap_data_api_listings_historical
2025-07-04,24050,PMG,Pomerium,0.00396609,604287.56891931,57131.92,coinmarketcap_data_api_listings_historical
2025-07-04,29978,APRS,Apeiron,0.00592242,601196.72273046,454966.98,coinmarketcap_data_api_listings_historical
2025-07-04,3364,PLC,PLATINCOIN,0.12003048,600281.20682838,0.0,coinmarketcap_data_api_listings_historical
2025-07-04,31036,CARLO,Carlo,0.00064103,594191.52939581,0.0,coinmarketcap_data_api_listings_historical
2025-07-04,33841,EYWA,EYWA,0.00594039,593532.55240672,288310.23,coinmarketcap_data_api_listings_historical
2025-07-04,20236,GST,Green Satoshi Token (BSC),0.00277548,592992.14126984,0.0,coinmarketcap_data_api_listings_historical
2025-07-04,34984,LOU,Lou,0.00059288,592851.53809965,1250576.68,coinmarketcap_data_api_listings_historical
2025-07-04,29767,BVM,Bitcoin Virtual Machine,0.02388606,592826.28301906,550.42,coinmarketcap_data_api_listings_historical
2025-07-04,19111,BOOT,Bostrom,0.0,591296.78180439,0.0,coinmarketcap_data_api_listings_historical
2025-07-04,32000,KAI,KAI KEN,0.0,591252.33530163,51424.15,coinmarketcap_data_api_listings_historical
2025-07-04,6156,DONUT,Donut,0.00489971,589709.6639944,0.0,coinmarketcap_data_api_listings_historical
2025-07-04,8385,UMB,Umbrella Network,0.00200894,588545.57815576,123824.94,coinmarketcap_data_api_listings_historical
2025-07-04,20188,MBD,MBD Financials,2.264e-05,587188.89028115,33111.11,coinmarketcap_data_api_listings_historical
2025-07-04,26016,CGV,Cogito Finance,0.00605205,585765.18437282,0.0,coinmarketcap_data_api_listings_historical
2025-07-04,31530,LFGO,Lets Fuckin Go,0.0005858,585706.30367966,3521.91,coinmarketcap_data_api_listings_historical
2025-07-04,7882,WOZX,Efforce,0.00111101,585650.26907295,0.0,coinmarketcap_data_api_listings_historical
2025-07-04,15134,AVL,Aston Villa Fan Token,0.19353041,584782.12053149,8718.16,coinmarketcap_data_api_listings_historical
2025-07-04,17207,GIV,Giveth,0.00176051,583927.0862921,117974.98,coinmarketcap_data_api_listings_historical
2025-07-04,31497,WBB,Wrapped BounceBit,0.07961442,582669.59681278,70385.63,coinmarketcap_data_api_listings_historical
2025-07-04,2070,DRT,DomRaider,0.0009846,582390.89149966,0.0,coinmarketcap_data_api_listings_historical
2025-07-04,24106,RMV,Reality Metaverse,0.00232946,582115.71926764,88938.03,coinmarketcap_data_api_listings_historical
2025-07-04,4118,FOR,ForTube,0.00073102,581162.48775035,96190.39,coinmarketcap_data_api_listings_historical
2025-07-04,30357,EVERY,Everyworld,0.00024706,580887.21676287,97.23,coinmarketcap_data_api_listings_historical
2025-07-04,2135,REV,Revain,6.82e-06,579960.04284668,1.06,coinmarketcap_data_api_listings_historical
2025-07-04,9653,NABOX,Nabox,2.78e-06,579569.13840551,0.0,coinmarketcap_data_api_listings_historical
2025-07-04,36568,NFX,Nova Fox,0.06260494,579056.66462001,83984.28,coinmarketcap_data_api_listings_historical
2025-07-04,33399,KLAUS,Klaus,0.00057689,576889.92375754,3047.35,coinmarketcap_data_api_listings_historical
2025-07-04,11129,ZOON,CryptoZoon,0.00081363,575867.5479734,51260.15,coinmarketcap_data_api_listings_historical
2025-07-04,9017,PDEX,Polkadex,0.06886995,575752.7842515,66910.03,coinmarketcap_data_api_listings_historical
2025-07-04,11307,BETA,Beta Finance,0.00060567,575388.85893425,59183.35,coinmarketcap_data_api_listings_historical
2025-07-04,33903,BGSOL,Bitget SOL Staking,161.11807697,570472.02285351,1979567.02,coinmarketcap_data_api_listings_historical
2025-07-04,32288,torsy,TORSY,0.00081459,570215.70999324,9504.18,coinmarketcap_data_api_listings_historical
2025-07-04,13323,TEER,Integritee Network,0.14281245,568114.60482737,74895.26,coinmarketcap_data_api_listings_historical
2025-07-04,293,XBC,Bitcoin Plus,2.15128532,567906.55021984,107.48,coinmarketcap_data_api_listings_historical
2025-07-04,7131,YAM,YAM V3,0.03838261,566179.44994353,64985.13,coinmarketcap_data_api_listings_historical
2025-07-04,36797,ASK,GoAsk,0.00056501,565014.79620533,10202.57,coinmarketcap_data_api_listings_historical
2025-07-04,37041,HOODX,Robinhood tokenized stock (xStock),93.84492651,563069.55906739,1597610.68,coinmarketcap_data_api_listings_historical
2025-07-04,8351,ROOM,OptionRoom,0.04506655,563033.22322757,65480.2,coinmarketcap_data_api_listings_historical
2025-07-04,16996,PIP,Pip,0.00143627,562398.03204841,91614.96,coinmarketcap_data_api_listings_historical
2025-07-04,35607,MEMHASH,Memhash,0.00066386,559895.94925246,363406.9,coinmarketcap_data_api_listings_historical
2025-07-04,8509,XMON,XMON,373.18080929,557874.62322634,0.0,coinmarketcap_data_api_listings_historical
2025-07-04,5601,STAKE,STAKE,0.06589068,557438.0751959,2.26,coinmarketcap_data_api_listings_historical
2025-07-04,7588,GSWAP,Gameswap,0.05035095,555513.87525212,0.0,coinmarketcap_data_api_listings_historical
2025-07-04,29487,BAG,Bag,0.00012364,553951.52805547,44734.14,coinmarketcap_data_api_listings_historical
2025-07-04,35289,PPCOIN,Project Plutus,0.00055335,553352.52780599,32082.07,coinmarketcap_data_api_listings_historical
2025-07-04,12398,SNFT,Spain National Fan Token,0.02403397,550461.2952122,120335.09,coinmarketcap_data_api_listings_historical
2025-07-04,35629,EXPERT,EXPERT_MONEY,0.00075319,549822.48329689,386072.21,coinmarketcap_data_api_listings_historical
2025-07-04,30053,MDAI,MindAI,1.38381354,549682.56689662,0.0,coinmarketcap_data_api_listings_historical
2025-07-04,14722,DOGA,DOGAMÍ,0.00070129,549042.87003989,74335.95,coinmarketcap_data_api_listings_historical
2025-07-04,31646,ARTFI,ARTFI,0.00420769,548548.67017602,100427.46,coinmarketcap_data_api_listings_historical
2025-07-04,37014,AMZNX,Amazon tokenized stock (xStock),546.48257202,546482.57202424,17450.82,coinmarketcap_data_api_listings_historical
2025-07-04,28518,MORRA,Morra,0.00139004,545226.76442739,0.0,coinmarketcap_data_api_listings_historical
2025-07-04,34570,TREEINCAT,Tree Stuck in Cat,0.00062013,544349.38077577,52935.83,coinmarketcap_data_api_listings_historical
2025-07-04,32503,NOTAI,NOTAI,9.19e-06,543016.86194388,474150.92,coinmarketcap_data_api_listings_historical
2025-07-04,5841,NEST,NEST Protocol,0.00018625,542326.71627711,463089.26,coinmarketcap_data_api_listings_historical
2025-07-04,32227,COOK,LET HIM COOK,0.00054272,542116.25590621,5088.47,coinmarketcap_data_api_listings_historical
2025-07-04,9493,FLX,Reflexer Ungovernance Token,2.78889959,540477.58532316,84631.22,coinmarketcap_data_api_listings_historical
2025-07-04,29853,ELGATO,el gato,5.395e-05,539399.75974884,4777.17,coinmarketcap_data_api_listings_historical
2025-07-04,28670,CAIR,Crypto-AI-Robo.com,0.00060642,538404.48191282,4313.87,coinmarketcap_data_api_listings_historical
2025-07-04,25785,WNZ,Winnerz,0.00251907,538137.49342338,134954.93,coinmarketcap_data_api_listings_historical
2025-07-04,6638,LAYER,UniLayer,0.01813319,537082.39067475,143.73,coinmarketcap_data_api_listings_historical
2025-07-04,21583,WCANTO,Wrapped CANTO,0.0081516,534266.46439624,0.0,coinmarketcap_data_api_listings_historical
2025-07-04,11815,ECLD,Ethernity CLOUD,0.00116253,534145.47509944,641.55,coinmarketcap_data_api_listings_historical
2025-07-04,10376,DAPPX,dAppstore,0.00080922,532374.85158703,188821.91,coinmarketcap_data_api_listings_historical
2025-07-04,10700,KICK,KickToken,0.0043726,531122.80628896,0.0,coinmarketcap_data_api_listings_historical
2025-07-04,11541,ARV,Ariva,7.31e-06,530198.82713152,50561.18,coinmarketcap_data_api_listings_historical
2025-07-04,21020,BEAT,MetaBeat,0.00039437,529742.57874212,59731.62,coinmarketcap_data_api_listings_historical
2025-07-04,4460,PIRATE,PirateCash,0.01942575,527668.10104112,33421.44,coinmarketcap_data_api_listings_historical
2025-07-04,33760,PLYR,PLYR L1,0.00610813,525860.02169278,0.0,coinmarketcap_data_api_listings_historical
2025-07-04,22827,WNRG,Wrapped-Energi,0.03949272,525702.87438399,0.0,coinmarketcap_data_api_listings_historical
2025-07-04,9967,BLAST,SafeBlast,0.0,525027.8354915,3.27,coinmarketcap_data_api_listings_historical
2025-07-04,9052,INFRA,Bware,0.12640351,522159.87207527,73073.7,coinmarketcap_data_api_listings_historical
2025-07-04,11654,VLXPAD,VelasPad,0.00209121,522056.96061792,0.0,coinmarketcap_data_api_listings_historical
2025-07-04,35189,GEKKO,Gekko AI,0.00052048,520480.55732389,6362.18,coinmarketcap_data_api_listings_historical
2025-07-04,33287,MANYU,littlemanyu,0.00051976,519408.28112506,303048.87,coinmarketcap_data_api_listings_historical
2025-07-04,28244,NIZA,Niza Global,6.754e-05,519398.51633998,857565.63,coinmarketcap_data_api_listings_historical
2025-07-04,2921,OLT,OneLedger,0.00102327,518735.40133324,133456.73,coinmarketcap_data_api_listings_historical
2025-07-04,2757,CLO,Callisto Network,0.0001575,517799.18202365,0.0,coinmarketcap_data_api_listings_historical
2025-07-04,22031,AGLA,Angola,0.00108851,517532.06975004,306589.73,coinmarketcap_data_api_listings_historical
2025-07-04,34199,ZENQ,Zenqira,0.0031508,516609.39552089,504.2,coinmarketcap_data_api_listings_historical
2025-07-04,9468,SPORE,Spore,0.0,515269.89527891,0.0,coinmarketcap_data_api_listings_historical
2025-07-04,30011,SKID,Success Kid,0.00593147,514511.96493563,311306.5,coinmarketcap_data_api_listings_historical
2025-07-04,28970,TELEBTC,teleBTC,108041.25065385,514405.53803573,717599.63,coinmarketcap_data_api_listings_historical
2025-07-04,72,DEM,Deutsche eMark,0.00324151,512906.24296382,46.54,coinmarketcap_data_api_listings_historical
2025-07-04,5471,GHOST,Ghost,0.01857563,511631.347279,337.55,coinmarketcap_data_api_listings_historical
2025-07-04,8,FTC,Feathercoin,0.00216101,511295.44736071,4.37,coinmarketcap_data_api_listings_historical
2025-07-04,3687,BTB,BitBall,0.0008396,509377.19485878,402213.76,coinmarketcap_data_api_listings_historical
2025-07-04,10269,CHEEMS,Cheems,0.00019934,508482.81955979,879.58,coinmarketcap_data_api_listings_historical
2025-07-04,22680,DINO,DinoLFG,0.0016246,508415.21820946,0.0,coinmarketcap_data_api_listings_historical
2025-07-04,4200,PCX,ChainX,0.04064716,508307.98899979,116298.31,coinmarketcap_data_api_listings_historical
2025-07-04,1834,PLR,Pillar,0.00195691,507520.93857091,18.77,coinmarketcap_data_api_listings_historical
2025-07-04,30968,LONG,Long,6.5e-07,506097.71749713,0.0,coinmarketcap_data_api_listings_historical
2025-07-04,20013,RET,Renewable Energy Token,0.0,505172.12965211,138204.36,coinmarketcap_data_api_listings_historical
2025-07-04,31094,PNIC,Phoenic,0.001985,504919.32271757,88413.18,coinmarketcap_data_api_listings_historical
2025-07-04,9511,DFYN,Dfyn Network,0.00293724,504848.72546227,205629.92,coinmarketcap_data_api_listings_historical
2025-07-04,33512,autism,$AUTISM,0.00053071,503652.18783507,66733.48,coinmarketcap_data_api_listings_historical
2025-07-04,33801,NIKO,NikolAI,0.0005032,503203.40615064,64545.92,coinmarketcap_data_api_listings_historical
2025-07-04,6591,SBET,Sportbet.one Token,0.00398907,503103.69277595,40185.52,coinmarketcap_data_api_listings_historical
2025-07-04,10805,THN,Throne,0.00128382,501654.77115052,188159.06,coinmarketcap_data_api_listings_historical
2025-07-04,9562,CLS,Coldstack,0.02131904,501299.53857018,28622.84,coinmarketcap_data_api_listings_historical
2025-07-04,30979,ELON,Eloncoin,7.3e-07,499582.00635785,0.0,coinmarketcap_data_api_listings_historical
2025-07-04,35533,PEN,Penguin,0.04157328,499478.66241946,0.0,coinmarketcap_data_api_listings_historical
2025-07-04,15830,GMR,GAMER,0.00152193,497123.89596743,0.0,coinmarketcap_data_api_listings_historical
2025-07-04,16057,GQ,Blink Galaxy,8.37e-05,496608.04618267,64895.11,coinmarketcap_data_api_listings_historical
2025-07-04,33433,UNI,UNI,0.00049559,495593.12953605,1663.15,coinmarketcap_data_api_listings_historical
2025-07-04,9962,STARSHIP,STARSHIP,0.02612901,494053.98917299,0.0,coinmarketcap_data_api_listings_historical
2025-07-04,20672,COL,Clash of Lilliput,0.00600553,492899.87397008,0.0,coinmarketcap_data_api_listings_historical
2025-07-04,18802,DUST,Dust Protocol,0.02568416,491696.60228468,0.0,coinmarketcap_data_api_listings_historical
2025-07-04,36325,BFTOKEN,BOSS FIGHTERS,0.00804372,491405.76391496,567398.95,coinmarketcap_data_api_listings_historical
2025-07-04,19924,EPX,Ellipsis,6.17e-06,490294.70756298,299350.89,coinmarketcap_data_api_listings_historical
2025-07-04,5354,PEAK,PEAKDEFI,0.00029557,489984.25128464,10.01,coinmarketcap_data_api_listings_historical
2025-07-04,28436,NEI,Neurashi,0.00178046,489145.47424625,241600.97,coinmarketcap_data_api_listings_historical
2025-07-04,34209,SUGAR,Sugar Boy,0.0004987,486917.24438461,88835.48,coinmarketcap_data_api_listings_historical
2025-07-04,22710,VIDT,VIDT DAO,0.00055138,485087.49652961,730412.02,coinmarketcap_data_api_listings_historical
2025-07-04,36116,DLC,DeepLink Protocol,3.684e-05,483697.01690175,325188.5,coinmarketcap_data_api_listings_historical
2025-07-04,18978,ITHEUM,Itheum,0.00099389,483467.42468877,76.89,coinmarketcap_data_api_listings_historical
2025-07-04,9958,SMI,SafeMoon Inu,4.8e-07,483006.900712,15.25,coinmarketcap_data_api_listings_historical
2025-07-04,21968,TAMA,Tamadoge,0.00034656,482882.72228219,66060.01,coinmarketcap_data_api_listings_historical
2025-07-04,30071,LADYF,Milady Wif Hat,1.92e-06,478747.94739395,61584.23,coinmarketcap_data_api_listings_historical
2025-07-04,8387,AUTO,Auto,6.24066616,478445.50302369,64368.61,coinmarketcap_data_api_listings_historical
2025-07-04,4804,ROOBEE,ROOBEE,0.0001166,478290.74314079,105950.16,coinmarketcap_data_api_listings_historical
2025-07-04,23377,UMT,UnityMeta,20.28609827,477839.04482479,0.0,coinmarketcap_data_api_listings_historical
2025-07-04,3831,SHA,Safe Haven,0.0001582,475514.0139224,0.0,coinmarketcap_data_api_listings_historical
2025-07-04,29010,DOGMI,DOGMI,1.926e-05,475059.3856722,318.33,coinmarketcap_data_api_listings_historical
2025-07-04,10763,AM,Aston Martin Cognizant Fan Token,0.16992458,471419.3808444,50820.04,coinmarketcap_data_api_listings_historical
2025-07-04,37066,WBCOIN,Wrapped Coinbase Global tokenized stock (Backed),350.38384862,471051.150573,17194.76,coinmarketcap_data_api_listings_historical
2025-07-04,35522,KAPPA,Kappa,0.00047762,468065.67785208,1757.65,coinmarketcap_data_api_listings_historical
2025-07-04,21701,SKEB,Skeb Coin,0.00040574,468018.12226498,61902.95,coinmarketcap_data_api_listings_historical
2025-07-04,9200,REVO,Revomon,0.01505366,467397.12917574,0.0,coinmarketcap_data_api_listings_historical
2025-07-04,8874,DAFI,DAFI Protocol,0.00040774,464402.21921722,81335.39,coinmarketcap_data_api_listings_historical
2025-07-04,27194,GMAC,Gemach,0.00092547,462736.81172763,0.0,coinmarketcap_data_api_listings_historical
2025-07-04,19097,WELA,Wrapped Elastos,1.33449374,462571.23364429,0.0,coinmarketcap_data_api_listings_historical
2025-07-04,10973,UFI,PureFi Protocol,0.0079067,461931.67734248,150.23,coinmarketcap_data_api_listings_historical
2025-07-04,6249,ZIK,Ziktalk,0.00101326,461292.81564545,4.01,coinmarketcap_data_api_listings_historical
2025-07-04,24638,NRK,Nordek,0.00072349,460689.90986473,0.0,coinmarketcap_data_api_listings_historical
2025-07-04,8408,GOVI,Govi,0.01522727,459612.07463174,102850.82,coinmarketcap_data_api_listings_historical
2025-07-04,26,JKC,Junkcoin,0.0256291,457306.7032312,2586.68,coinmarketcap_data_api_listings_historical
2025-07-04,9889,BIST,Bistroo,0.00796202,457037.78782974,98893.75,coinmarketcap_data_api_listings_historical
2025-07-04,12901,KINGSHIB,King Shiba,0.00130277,456004.28702054,62699.68,coinmarketcap_data_api_listings_historical
2025-07-04,12182,BLT,Blocto Token,0.00193629,455569.6395748,0.0,coinmarketcap_data_api_listings_historical
2025-07-04,8279,NGM,e-Money,0.02302596,454999.64101911,0.0,coinmarketcap_data_api_listings_historical
2025-07-04,5906,NVT,NerveNetwork,0.00164132,454618.20893497,0.0,coinmarketcap_data_api_listings_historical
2025-07-04,10275,CATGIRL,catgirl,0.0,453820.08190912,246.39,coinmarketcap_data_api_listings_historical
2025-07-04,29855,PAJAMAS,The First Youtube Cat,0.00046311,453809.84365503,4411.77,coinmarketcap_data_api_listings_historical
2025-07-04,28929,RAKE,Rake Coin,6.6e-06,452861.98125655,0.0,coinmarketcap_data_api_listings_historical
2025-07-04,9866,FEAR,FEAR,0.02545609,450965.14415842,150206.87,coinmarketcap_data_api_listings_historical
2025-07-04,18103,YOURAI,YOUR AI,0.00087898,450290.76292215,80362.06,coinmarketcap_data_api_listings_historical
2025-07-04,11132,WOKT,Wrapped OKT,4.22567851,450201.89937469,0.0,coinmarketcap_data_api_listings_historical
2025-07-04,3139,DX,DxChain Token,9e-06,450114.31058743,18.59,coinmarketcap_data_api_listings_historical
2025-07-04,2387,BCA,Bitcoin Atom,0.02443338,450036.81605581,0.0,coinmarketcap_data_api_listings_historical
2025-07-04,34079,ELIZA,Eliza (ai16zeliza),0.00046813,449895.13158623,632881.77,coinmarketcap_data_api_listings_historical
2025-07-04,3843,BOLT,BOLT,0.00046454,444760.29932513,53010.34,coinmarketcap_data_api_listings_historical
2025-07-04,34498,ITHACA,Ithaca Protocol,0.00557432,444753.56352513,53056.56,coinmarketcap_data_api_listings_historical
2025-07-04,10793,SAUBER,Alfa Romeo Racing ORLEN Fan Token,0.1596285,444714.30389967,123498.25,coinmarketcap_data_api_listings_historical
2025-07-04,29157,ABOND,ApeBond,0.00129366,444713.36994942,57648.21,coinmarketcap_data_api_listings_historical
2025-07-04,8730,BELT,Belt Finance,0.04649461,444029.19321344,0.0,coinmarketcap_data_api_listings_historical
2025-07-04,8549,POLC,Polkacity,0.00232848,442472.32097883,182608.21,coinmarketcap_data_api_listings_historical
2025-07-04,18184,BBS,BBS Network,0.00847954,440348.22097613,745.41,coinmarketcap_data_api_listings_historical
2025-07-04,32350,SOY,Soyjak,0.00047512,440223.04424487,0.0,coinmarketcap_data_api_listings_historical
2025-07-04,14133,WAM,WAM,0.00094064,437192.88251326,163576.08,coinmarketcap_data_api_listings_historical
2025-07-04,3750,XPC,eXPerience Chain,4.79e-06,436435.84048251,0.0,coinmarketcap_data_api_listings_historical
2025-07-04,26289,NDC,NDC,0.05931506,436380.98218758,103602.7,coinmarketcap_data_api_listings_historical
2025-07-04,35459,asCAKE,Aster asCAKE,2.33870225,435094.52897477,0.0,coinmarketcap_data_api_listings_historical
2025-07-04,33584,BOPPY,BOPPY,0.0,434758.85086287,0.0,coinmarketcap_data_api_listings_historical
2025-07-04,34801,GOODBOY,GoodBoy,0.00043137,431370.6428457,0.0,coinmarketcap_data_api_listings_historical
2025-07-04,30407,ROOST,Roost Coin,0.00045957,430683.88385808,53549.47,coinmarketcap_data_api_listings_historical
2025-07-04,638,TROLL,Trollcoin,0.00072615,430467.31254777,0.0,coinmarketcap_data_api_listings_historical
2025-07-04,34520,GOR,Gold Reserve,0.00108966,430179.98867089,13348.89,coinmarketcap_data_api_listings_historical
2025-07-04,32992,CBPAY,CBPAY Global,0.00011649,428769.49409558,17.2,coinmarketcap_data_api_listings_historical
2025-07-04,22540,CTG,City Tycoon Games,0.04282123,428212.27539376,348660.36,coinmarketcap_data_api_listings_historical
2025-07-04,33162,MARS,Mars,1.02e-06,427967.81019814,1633784.73,coinmarketcap_data_api_listings_historical
2025-07-04,34041,MAJOR,Major Frog,0.0005061,427651.26780483,76729.55,coinmarketcap_data_api_listings_historical
2025-07-04,10622,XCV,XCarnival,0.00053843,425704.75541582,201671.05,coinmarketcap_data_api_listings_historical
2025-07-04,2041,BTCZ,BitcoinZ,3.339e-05,420811.02907268,116.17,coinmarketcap_data_api_listings_historical
2025-07-04,8365,CWS,Seascape Crowns,0.08645474,419482.87685548,157766.22,coinmarketcap_data_api_listings_historical
2025-07-04,3854,FUND,Unification,0.01209948,416795.49957492,0.0,coinmarketcap_data_api_listings_historical
2025-07-04,35488,DINO,DINO,0.00047706,415291.75650425,0.0,coinmarketcap_data_api_listings_historical
2025-07-04,18775,WLKN,Walken,0.00028383,415097.12113647,145003.74,coinmarketcap_data_api_listings_historical
2025-07-04,12140,RMRK,RMRK,0.04553621,413967.34380251,266.34,coinmarketcap_data_api_listings_historical
2025-07-04,29525,LYNX,Lynex,0.01406384,410179.85020692,107328.5,coinmarketcap_data_api_listings_historical
2025-07-04,31982,DRAGGY,Draggy,0.0,409563.07471047,0.0,coinmarketcap_data_api_listings_historical
2025-07-04,31391,APPLE,dog with apple in mouth,0.00040868,408667.17547729,252583.34,coinmarketcap_data_api_listings_historical
2025-07-04,17588,METAL,DRUNK ROBOTS,0.00056672,407644.72896495,71554.86,coinmarketcap_data_api_listings_historical
2025-07-04,36512,DOGEBASE,Doge Base,0.00040919,407167.76543453,0.0,coinmarketcap_data_api_listings_historical
2025-07-04,9840,NSFW,Pleasure Coin,1.661e-05,406834.66163246,0.0,coinmarketcap_data_api_listings_historical
2025-07-04,36755,KBBB,KILL BIG BEAUTIFUL BILL,0.00040559,405593.22638777,1455780.33,coinmarketcap_data_api_listings_historical
2025-07-04,36168,MOSS,MOSS AI,0.00044487,404265.80801181,475370.11,coinmarketcap_data_api_listings_historical
2025-07-04,7681,IDEA,Ideaology,8.024e-05,401222.91356822,208545.37,coinmarketcap_data_api_listings_historical
2025-07-04,9792,ACE,ACENT,0.00060235,400602.11469562,172290.51,coinmarketcap_data_api_listings_historical
2025-07-04,30826,$MICRO,Micro GPT,0.00053172,398520.14529943,266406.43,coinmarketcap_data_api_listings_historical
2025-07-04,22034,ROND,ROND,0.00089842,398097.25884831,1543.55,coinmarketcap_data_api_listings_historical
2025-07-04,27809,XRP,HarryPotterObamaPacMan8Inu,0.00486844,397252.77059403,0.0,coinmarketcap_data_api_listings_historical
2025-07-04,12621,SCPT,Script Network,0.00058197,396211.03561941,250684.84,coinmarketcap_data_api_listings_historical
2025-07-04,31779,COK,Cat Own Kimono,4e-07,395922.0555954,55044.55,coinmarketcap_data_api_listings_historical
2025-07-04,20997,WOMBAT,Wombat Web 3 Gaming Platform,7.738e-05,394031.93424841,32.61,coinmarketcap_data_api_listings_historical
2025-07-04,25612,EMR,Emorya Finance,0.00299289,393933.53091681,73738.87,coinmarketcap_data_api_listings_historical
2025-07-04,34712,ZOO,Zoo,1.48e-06,392092.77987934,299248.42,coinmarketcap_data_api_listings_historical
2025-07-04,32576,JHH,Jen-Hsun Huang,4e-08,392081.35497054,171532.53,coinmarketcap_data_api_listings_historical
2025-07-04,5626,KDAG,King DAG,0.00715981,389862.76390562,0.0,coinmarketcap_data_api_listings_historical
2025-07-04,29968,KLS,Karlsen,0.00018166,388696.52275345,12261.75,coinmarketcap_data_api_listings_historical
2025-07-04,35569,DEEPSEEK,Global DePIN Chain,0.00049079,387727.96196628,348908.96,coinmarketcap_data_api_listings_historical
2025-07-04,32205,ROCKY,rocky,0.00038713,387131.91402972,347120.81,coinmarketcap_data_api_listings_historical
2025-07-04,7412,UFT,UniLend,0.00421907,386767.92183505,57318.53,coinmarketcap_data_api_listings_historical
2025-07-04,32104,DEEN,Deenar Gold,109.23001142,385691.17033907,3588.56,coinmarketcap_data_api_listings_historical
2025-07-04,12487,DARK,Dark Frontiers,0.00222729,385564.61700721,151436.56,coinmarketcap_data_api_listings_historical
2025-07-04,4703,BXC,BonusCloud,0.00011497,385387.68920688,63180.37,coinmarketcap_data_api_listings_historical
2025-07-04,35614,MA,Mind AI,0.00151355,385091.31385893,500174.83,coinmarketcap_data_api_listings_historical
2025-07-04,32310,SAITAMA,SAITAMA INU,0.00043802,384446.36770444,0.0,coinmarketcap_data_api_listings_historical
2025-07-04,31061,DUREV,Povel Durev,0.00404503,384278.03502506,71520.34,coinmarketcap_data_api_listings_historical
2025-07-04,30601,MOUTAI,Moutai,0.00055068,383635.54910709,4036.52,coinmarketcap_data_api_listings_historical
2025-07-04,18094,PRX,Parex,0.02801324,382667.83515285,187516.65,coinmarketcap_data_api_listings_historical
2025-07-04,15315,SON,SOUNI,4.012e-05,382170.00025806,706658.52,coinmarketcap_data_api_listings_historical
2025-07-04,31908,WAT,Wat,9.1e-07,380948.27785073,878.74,coinmarketcap_data_api_listings_historical
2025-07-04,31464,GROYPER,Groyper,0.00409294,380643.0402248,0.0,coinmarketcap_data_api_listings_historical
2025-07-04,35543,AAA,Aiagent.app,0.00037961,379598.47058977,0.0,coinmarketcap_data_api_listings_historical
2025-07-04,4299,TOKO,Tokoin,0.00020279,379411.2374001,87886.5,coinmarketcap_data_api_listings_historical
2025-07-04,19184,WFUSE,Wrapped Fuse,0.01024297,379068.03231271,15.57,coinmarketcap_data_api_listings_historical
2025-07-04,29559,SHEB,Sheboshis,18.92901571,378580.31429551,0.0,coinmarketcap_data_api_listings_historical
2025-07-04,13140,NYAN,Nyan Heroes,0.00374476,378392.32017902,642518.73,coinmarketcap_data_api_listings_historical
2025-07-04,35967,BSAI,Bitcoin Silver AI,269.59687135,377705.21676787,871448.16,coinmarketcap_data_api_listings_historical
2025-07-04,27076,WTFUEL,Wrapped TFUEL,0.03270659,375834.95554422,610.62,coinmarketcap_data_api_listings_historical
2025-07-04,9348,CRWNY,Crowny,0.00081216,375371.68589049,0.0,coinmarketcap_data_api_listings_historical
2025-07-04,5522,SENSO,SENSO,0.00533854,375134.76513766,202867.2,coinmarketcap_data_api_listings_historical
2025-07-04,24968,ELMO,Elmo,0.00141054,373240.46962552,180.13,coinmarketcap_data_api_listings_historical
2025-07-04,35041,SOAR,Soarchain,0.00370628,373088.23330963,3548.48,coinmarketcap_data_api_listings_historical
2025-07-04,28388,GORILLA,Gorilla,0.00043126,372368.20845043,93181.18,coinmarketcap_data_api_listings_historical
2025-07-04,32524,GINNAN,Ginnan The Cat,5e-08,371249.31321349,209263.1,coinmarketcap_data_api_listings_historical
2025-07-04,22290,stAPT,Ditto Staked Aptos,4.83083567,370110.12715411,34.0,coinmarketcap_data_api_listings_historical
2025-07-04,9691,VRT,Venus Reward Token,1.68e-05,369598.81906054,64327.81,coinmarketcap_data_api_listings_historical
2025-07-04,30360,WOLF,Landwolf (landwolfcoin),0.00094449,368850.75310389,0.0,coinmarketcap_data_api_listings_historical
2025-07-04,16016,POR,Portuma,9.732e-05,368349.52978384,21222.61,coinmarketcap_data_api_listings_historical
2025-07-04,11664,YAY,YAY Network,0.00053557,368334.11611045,0.0,coinmarketcap_data_api_listings_historical
2025-07-04,29059,CCC,Coconut Chicken,3.885e-05,362845.57070064,471.53,coinmarketcap_data_api_listings_historical
2025-07-04,17569,MOONEY,MoonDAO,0.00026285,361456.77416708,43974.16,coinmarketcap_data_api_listings_historical
2025-07-04,19162,BEND,BendDAO,0.00011937,358942.26519204,2174.08,coinmarketcap_data_api_listings_historical
2025-07-04,36783,LABUBU,LABUBU ETH,0.00035775,357745.85652231,849.32,coinmarketcap_data_api_listings_historical
2025-07-04,11925,MONI,Monsta Infinite,0.00196496,356541.25155792,140415.92,coinmarketcap_data_api_listings_historical
2025-07-04,8307,DIGG,DIGG,617.46377032,354378.8350305,51938.75,coinmarketcap_data_api_listings_historical
2025-07-04,33110,SOS,Solana Swap,0.00035389,353888.9395019,68349.37,coinmarketcap_data_api_listings_historical
2025-07-04,22965,TIGRES,Tigres Fan Token,0.136,353590.072,1095.66,coinmarketcap_data_api_listings_historical
2025-07-04,9488,ZOO,ZooKeeper,0.00075156,353496.47297097,0.0,coinmarketcap_data_api_listings_historical
2025-07-04,29191,MXM,MAXX AI,0.00104972,352067.83405492,2037.44,coinmarketcap_data_api_listings_historical
2025-07-04,7866,MONA,Monavale,33.32970781,348499.67664037,350.68,coinmarketcap_data_api_listings_historical
2025-07-04,27862,VEXT,Veloce,0.00160899,348313.93904352,66552.29,coinmarketcap_data_api_listings_historical
2025-07-04,3388,FREE,FREEdom Coin,3e-08,346508.9635899,269082.92,coinmarketcap_data_api_listings_historical
2025-07-04,506,CANN,CannabisCoin,0.00107673,345764.54726192,0.0,coinmarketcap_data_api_listings_historical
2025-07-04,33890,NVDA,NVIDIA,0.00043396,345017.98616841,1.52,coinmarketcap_data_api_listings_historical
2025-07-04,12252,BCOIN,Bomb Crypto (BNB),0.00436552,344883.43393116,1644.69,coinmarketcap_data_api_listings_historical
2025-07-04,27527,NOGS,Noggles,1.188e-05,344273.28367476,0.0,coinmarketcap_data_api_listings_historical
2025-07-04,32154,GONDOLA,Gondola,8.4e-07,343890.80643848,0.0,coinmarketcap_data_api_listings_historical
2025-07-04,24363,SOULS,Unfettered Ecosystem,0.00029926,342537.6870798,79836.62,coinmarketcap_data_api_listings_historical
2025-07-04,7750,EDEN,Eden,0.02587622,342410.36746856,68097.77,coinmarketcap_data_api_listings_historical
2025-07-04,31008,THREE,Three Protocol Token,0.00399915,339927.59133996,590.21,coinmarketcap_data_api_listings_historical
2025-07-04,3667,AWC,Atomic Wallet Coin,0.03191616,338428.08442339,2829.87,coinmarketcap_data_api_listings_historical
2025-07-04,11345,CIV,Civilization,0.00112215,336643.87345401,0.0,coinmarketcap_data_api_listings_historical
2025-07-04,27598,LOOT,LootBot,0.05574756,336247.55502828,0.0,coinmarketcap_data_api_listings_historical
2025-07-04,23213,stJUNO,Stride Staked JUNO,0.11843801,334742.16172226,0.0,coinmarketcap_data_api_listings_historical
2025-07-04,35880,AKA,AKA Liberty,0.00064264,333905.03813723,0.0,coinmarketcap_data_api_listings_historical
2025-07-04,4970,OURO,Ouroboros,0.00811906,333343.96735723,7736.12,coinmarketcap_data_api_listings_historical
2025-07-04,28870,GEC,Gecko Inu,1e-08,333301.84005037,58090.25,coinmarketcap_data_api_listings_historical
2025-07-04,15924,NVIR,NvirWorld,0.00031491,331447.26406734,111578.8,coinmarketcap_data_api_listings_historical
2025-07-04,1947,MTH,Monetha,0.00094024,331045.83703711,9420.78,coinmarketcap_data_api_listings_historical
2025-07-04,12253,WOOF,WOOF,1.841e-05,329669.23035868,0.0,coinmarketcap_data_api_listings_historical
2025-07-04,31798,JENNER,Caitlyn Jenner (ETH),0.00034009,328038.0813104,146985.73,coinmarketcap_data_api_listings_historical
2025-07-04,19134,BBF,Bubblefong,0.00175704,327684.13038678,4026.7,coinmarketcap_data_api_listings_historical
2025-07-04,11209,TRAVA,TRAVA.FINANCE,8.04e-05,327642.47112148,74192.81,coinmarketcap_data_api_listings_historical
2025-07-04,5536,AG8,AtromG8,0.00776184,325997.4623696,0.0,coinmarketcap_data_api_listings_historical
2025-07-04,9693,DOGGY,DOGGY,0.00014466,325575.16437859,0.0,coinmarketcap_data_api_listings_historical
2025-07-04,32797,IVfun,Invest Zone,0.00034486,324248.13875877,158.9,coinmarketcap_data_api_listings_historical
2025-07-04,7270,SFD,SAFE DEAL,0.00840774,322927.12502445,1.06,coinmarketcap_data_api_listings_historical
2025-07-04,2642,CVT,CyberVein,0.00030367,322008.88768628,2.4,coinmarketcap_data_api_listings_historical
2025-07-04,6537,RFUEL,RioDeFi,0.00093015,320483.26722748,53896.49,coinmarketcap_data_api_listings_historical
2025-07-04,17605,AEG,Aether Games,0.0007953,319768.0567781,321578.59,coinmarketcap_data_api_listings_historical
2025-07-04,34173,KACY,markkacy,0.00031828,318283.54541544,199293.16,coinmarketcap_data_api_listings_historical
2025-07-04,21350,HNTR,Hunter Token / Digital Arms,0.00207601,316975.79309499,0.0,coinmarketcap_data_api_listings_historical
2025-07-04,28857,ZKF,ZKFair,3.159e-05,315858.92314528,165635.78,coinmarketcap_data_api_listings_historical
2025-07-04,7102,LINA,Linear Finance,3.147e-05,314609.36353858,138396.15,coinmarketcap_data_api_listings_historical
2025-07-04,27077,WTHETA,Wrapped THETA,0.70313124,314107.56255964,26.08,coinmarketcap_data_api_listings_historical
2025-07-04,24533,APED,APED,0.32178232,313574.61869839,55230.96,coinmarketcap_data_api_listings_historical
2025-07-04,29262,CAU,Canxium,0.34117,313271.85110512,18911.71,coinmarketcap_data_api_listings_historical
2025-07-04,35933,YTC,YachtsCoin,0.00031162,311597.09184606,1031221.23,coinmarketcap_data_api_listings_historical
2025-07-04,11423,VEMP,VEMP,0.00078869,311462.63117813,102151.25,coinmarketcap_data_api_listings_historical
2025-07-04,8732,SWOP,Swop,0.07771579,311377.47016953,63428.66,coinmarketcap_data_api_listings_historical
2025-07-04,9828,NAFT,Nafter,0.00031098,310253.48802202,63526.92,coinmarketcap_data_api_listings_historical
2025-07-04,12280,BHO,BHO Network,7.658e-05,309468.57893769,0.0,coinmarketcap_data_api_listings_historical
2025-07-04,15388,ATOLO,RIZON,0.00013438,309257.14961396,66121.06,coinmarketcap_data_api_listings_historical
2025-07-04,6669,CVP,PowerPool,0.00683849,309246.47001751,32370.76,coinmarketcap_data_api_listings_historical
2025-07-04,25,GLC,Goldcoin,0.0070716,308897.75229768,82.98,coinmarketcap_data_api_listings_historical
2025-07-04,35131,QUAIN,QUAIN,0.00030801,308009.14077586,0.0,coinmarketcap_data_api_listings_historical
2025-07-04,8891,BTCST,Bitcoin Standard Hashrate Token,0.0251947,307410.69308753,65357.82,coinmarketcap_data_api_listings_historical
2025-07-04,17837,PERC,Perion,0.00952877,306826.15168265,65637.6,coinmarketcap_data_api_listings_historical
2025-07-04,30133,COINYE,Coinye West,0.00038288,306777.96763598,0.0,coinmarketcap_data_api_listings_historical
2025-07-04,15889,MEFA,Metaverse Face,3.209e-05,305381.00849025,54093.82,coinmarketcap_data_api_listings_historical
2025-07-04,4951,ZYN,Zynecoin,0.00727875,305001.49182954,203368.06,coinmarketcap_data_api_listings_historical
2025-07-04,2363,ZAP,Zap,0.00129036,304711.76562643,6.84,coinmarketcap_data_api_listings_historical
2025-07-04,28094,MKUSD,Prisma mkUSD,0.99810128,303579.77404496,0.0,coinmarketcap_data_api_listings_historical
2025-07-04,32638,CATDOG,CatDog,3.03e-06,303391.403298,235371.5,coinmarketcap_data_api_listings_historical
2025-07-04,11750,BUY,Buying.com,0.00091294,302903.20749686,60660.06,coinmarketcap_data_api_listings_historical
2025-07-04,11779,DREAMS,Dreams Quest,0.00019309,302006.20528371,203178.52,coinmarketcap_data_api_listings_historical
2025-07-04,7678,ROOK,Rook,0.48873849,301862.65362724,235.42,coinmarketcap_data_api_listings_historical
2025-07-04,11437,DPS,DEEPSPACE,0.00570656,301839.86121298,0.0,coinmarketcap_data_api_listings_historical
2025-07-04,4680,FYD,FYDcoin,0.00049132,301659.64230309,0.0,coinmarketcap_data_api_listings_historical
2025-07-04,7422,PLOT,PlotX,0.00453646,300851.29618024,0.0,coinmarketcap_data_api_listings_historical
2025-07-04,34420,PEN,Pentagon Games,0.00182554,300849.03009493,91119.66,coinmarketcap_data_api_listings_historical
2025-07-04,11349,ADAPAD,ADAPad,0.00255652,300755.2560858,62192.13,coinmarketcap_data_api_listings_historical
2025-07-04,28734,AGX,AGIX,0.00324129,300004.25749319,0.0,coinmarketcap_data_api_listings_historical
2025-07-04,11649,WNT,Wicrypt,0.01146504,299521.67860955,113950.9,coinmarketcap_data_api_listings_historical
2025-07-04,30100,DAPP,Pencils Protocol,0.00529648,298809.92925289,403340.27,coinmarketcap_data_api_listings_historical
2025-07-04,11663,ELMON,Elemon,0.00046281,298467.8114033,0.0,coinmarketcap_data_api_listings_historical
2025-07-04,8424,DERI,Deri Protocol,0.00238938,297945.40730708,86724.72,coinmarketcap_data_api_listings_historical
2025-07-04,2475,GRLC,Garlicoin,0.00431143,296493.25453489,0.0,coinmarketcap_data_api_listings_historical
2025-07-04,7699,CFi,CyberFi Token,0.12333771,296010.49724821,52066.05,coinmarketcap_data_api_listings_historical
2025-07-04,29582,PLT,Palette,42.46479092,295937.12789906,0.0,coinmarketcap_data_api_listings_historical
2025-07-04,23196,GRV,Grove Coin,0.00310507,295240.67153575,91135.6,coinmarketcap_data_api_listings_historical
2025-07-04,18706,FWC,Football World Community,0.0,292530.48691402,356851.43,coinmarketcap_data_api_listings_historical
2025-07-04,10704,BMON,Binamon,0.00253359,292512.55674243,32319.44,coinmarketcap_data_api_listings_historical
2025-07-04,33211,BABYBNB,Baby BNB,0.00052446,290990.89946712,265571.24,coinmarketcap_data_api_listings_historical
2025-07-04,7228,DDX,DerivaDAO,0.01114036,290704.07018025,24.41,coinmarketcap_data_api_listings_historical
2025-07-04,6891,SHROOM,Niftyx Protocol,0.00558168,286820.75767292,0.0,coinmarketcap_data_api_listings_historical
2025-07-04,21273,CTY,Custodiy,0.57594234,285979.56064999,65565.59,coinmarketcap_data_api_listings_historical
2025-07-04,4834,GLS,Golos Blockchain,0.00062127,285001.25895375,0.0,coinmarketcap_data_api_listings_historical
2025-07-04,28805,ANALOS,analoS,3.47e-06,284422.14822747,13826.0,coinmarketcap_data_api_listings_historical
2025-07-04,35350,AWARE,ChainAware.ai,0.0077139,284065.5348355,3547.95,coinmarketcap_data_api_listings_historical
2025-07-04,19907,BIOFI,Biometric Financial,7.229e-05,282972.7767111,34952.34,coinmarketcap_data_api_listings_historical
2025-07-04,11862,ARIX,Arix,0.00448187,280941.32929119,2223628.62,coinmarketcap_data_api_listings_historical
2025-07-04,33452,USDS,TheStandard USD,0.99883427,280615.70676959,239542.78,coinmarketcap_data_api_listings_historical
2025-07-04,36574,LANLAN,LanLan Cat,3.148e-05,279799.79749329,684533.01,coinmarketcap_data_api_listings_historical
2025-07-04,15744,PRISM,Prism,0.00048422,279466.80788939,66290.74,coinmarketcap_data_api_listings_historical
2025-07-04,31463,LRT,LandRocker,6.949e-05,277667.17021176,0.0,coinmarketcap_data_api_listings_historical
2025-07-04,4850,LINKA,LINKA,0.00039979,277517.45590963,21343.47,coinmarketcap_data_api_listings_historical
2025-07-04,10055,CSM,Crust Shadow,0.00276963,276963.36995511,756.4,coinmarketcap_data_api_listings_historical
2025-07-04,29672,UPDOG,What's Updog,0.00027684,276828.63348903,0.0,coinmarketcap_data_api_listings_historical
2025-07-04,25219,DONS,The Dons,3.393e-05,276500.96112885,0.0,coinmarketcap_data_api_listings_historical
2025-07-04,90,DIME,Dimecoin,5.8e-07,276021.12971338,0.01,coinmarketcap_data_api_listings_historical
2025-07-04,20662,ankrMATIC,Ankr Staked MATIC,0.21293591,270983.88513042,0.0,coinmarketcap_data_api_listings_historical
2025-07-04,32183,MATT,Matt Furie,6.4e-07,270150.07751614,0.0,coinmarketcap_data_api_listings_historical
2025-07-04,11324,KNIGHT,Forest Knight,0.00580776,270024.28351714,270.06,coinmarketcap_data_api_listings_historical
2025-07-04,24996,KEKE,KEK,0.0,269283.11534723,239.12,coinmarketcap_data_api_listings_historical
2025-07-04,28867,GG,Reboot,0.00165884,269126.38843129,0.0,coinmarketcap_data_api_listings_historical
2025-07-04,33360,ZAP,ZAP,0.0041312,268825.93605085,77391.14,coinmarketcap_data_api_listings_historical
2025-07-04,29558,STRUMP,Super Trump Coin,0.00014604,268326.00180307,63345.77,coinmarketcap_data_api_listings_historical
2025-07-04,29750,HOTKEY,HotKeySwap,0.0028282,267380.7880385,0.0,coinmarketcap_data_api_listings_historical
2025-07-04,18935,wROSE,Wrapped Rose,0.02354375,267019.56112903,0.0,coinmarketcap_data_api_listings_historical
2025-07-04,33307,POCHITA,Pochita (pochita.biz),0.00026617,266173.11533489,469149.8,coinmarketcap_data_api_listings_historical
2025-07-04,28725,MMA,Meme Alliance,0.00303773,265673.53427614,112.67,coinmarketcap_data_api_listings_historical
2025-07-04,35681,CHORUZ,Choruz AI,0.00028227,265331.38800242,0.0,coinmarketcap_data_api_listings_historical
2025-07-04,36643,OLIVIA,AIGOV,0.00041845,263277.49432959,1143122.37,coinmarketcap_data_api_listings_historical
2025-07-04,9673,LOWB,Loser Coin,4.34e-06,261963.21200307,57091.04,coinmarketcap_data_api_listings_historical
2025-07-04,34563,SCIHUB,sci-hub,0.00026187,261864.13163442,883305.99,coinmarketcap_data_api_listings_historical
2025-07-04,23524,SPEX,SPECIEX,0.00173938,260906.69868382,113260.99,coinmarketcap_data_api_listings_historical
2025-07-04,18208,KUNCI,Kunci Coin,0.00021153,260733.15133643,4.72,coinmarketcap_data_api_listings_historical
2025-07-04,16975,TTM,Tradetomato,0.00319539,257671.41968958,59.6,coinmarketcap_data_api_listings_historical
2025-07-04,11130,PVU,Plant Vs Undead,0.00086771,257664.72498656,61710.4,coinmarketcap_data_api_listings_historical
2025-07-04,34594,KIMBA,The White Lion,1.53e-06,256825.69993086,2046.59,coinmarketcap_data_api_listings_historical
2025-07-04,8875,UNO,Lunos,0.00229143,255647.7058274,128061.99,coinmarketcap_data_api_listings_historical
2025-07-04,21997,WAIT,Hourglass,0.00261504,255625.19373786,0.0,coinmarketcap_data_api_listings_historical
2025-07-04,34797,DABOO,Daboo - The Untold Stories!,0.00046463,255544.80540662,0.0,coinmarketcap_data_api_listings_historical
2025-07-04,9299,NFTART,NFT Art Finance,0.0,254701.70391609,0.0,coinmarketcap_data_api_listings_historical
2025-07-04,18330,VISION,VisionGame,0.00041527,251240.96670356,48736.87,coinmarketcap_data_api_listings_historical
2025-07-04,32826,JET,Satoshi Airline,0.00081024,251174.74546989,0.0,coinmarketcap_data_api_listings_historical
2025-07-04,22277,WPI,Wrapped Pi,0.23789561,250575.44275123,0.0,coinmarketcap_data_api_listings_historical
2025-07-04,33338,AIRDROP,AIRDROP2049,0.00021372,250047.14395581,92726.49,coinmarketcap_data_api_listings_historical
2025-07-04,31224,$MBAG,MoonBag,8.44e-06,249325.07597216,1982.37,coinmarketcap_data_api_listings_historical
2025-07-04,6218,ARCONA,Arcona,0.01111348,247654.77279178,504.48,coinmarketcap_data_api_listings_historical
2025-07-04,2578,TONE,TE-FOOD,0.00024709,247089.55524233,23.96,coinmarketcap_data_api_listings_historical
2025-07-04,22977,IMGNAI,imgnAI,0.00031729,246484.9407627,0.0,coinmarketcap_data_api_listings_historical
2025-07-04,35413,LOON,The Loonies,0.00024634,246336.07896739,58019.04,coinmarketcap_data_api_listings_historical
2025-07-04,5612,SSG,SOMESING,7.521e-05,245648.46423784,0.0,coinmarketcap_data_api_listings_historical
2025-07-04,36564,BOOCHIE,Boochie by Matt Furie,0.0,245080.09608516,468165.01,coinmarketcap_data_api_listings_historical
2025-07-04,8236,GLCH,Glitch,0.00307779,244015.96230059,5.51,coinmarketcap_data_api_listings_historical
2025-07-04,29811,ANDY,Andy on SOL,0.00025646,242668.0949072,231995.03,coinmarketcap_data_api_listings_historical
2025-07-04,4028,MOTA,MotaCoin,0.00419519,242450.46959265,221.65,coinmarketcap_data_api_listings_historical
2025-07-04,33128,TCAT,TON Cat,0.0003965,242442.80293047,0.0,coinmarketcap_data_api_listings_historical
2025-07-04,3052,GOC,GoCrypto Token,0.00098694,242076.08682767,0.0,coinmarketcap_data_api_listings_historical
2025-07-04,12240,MARS4,MARS4,9.723e-05,241432.61850649,122952.71,coinmarketcap_data_api_listings_historical
2025-07-04,10427,PKR,POLKER,0.0012453,241138.65816028,180.75,coinmarketcap_data_api_listings_historical
2025-07-04,21349,FUNEX,Funex,0.02620666,240018.79013727,346.58,coinmarketcap_data_api_listings_historical
2025-07-04,1578,ZER,Zero,0.01670631,238535.06439434,0.0,coinmarketcap_data_api_listings_historical
2025-07-04,29575,VES,Vestate,0.00165909,238411.94435726,6692.31,coinmarketcap_data_api_listings_historical
2025-07-04,29170,BEFI,BeFi Labs,0.00306076,237651.78930389,150869.55,coinmarketcap_data_api_listings_historical
2025-07-04,5794,PNT,pNetwork,0.00265857,237276.66525638,62357.22,coinmarketcap_data_api_listings_historical
2025-07-04,31678,MAGAA,MAGA AGAIN,0.00023634,236338.67642163,0.0,coinmarketcap_data_api_listings_historical
2025-07-04,33613,MIHARU,smiling dolphin,0.00023577,235743.27400764,5191.61,coinmarketcap_data_api_listings_historical
2025-07-04,34252,DOGEFATHER,DOGEFATHER,0.00023505,235048.3006476,5525.29,coinmarketcap_data_api_listings_historical
2025-07-04,19476,TIFI,TiFi Token,0.0,233515.91521191,0.0,coinmarketcap_data_api_listings_historical
2025-07-04,28467,$PEEP,Peepo (SOL),4.38e-06,233316.94259517,0.0,coinmarketcap_data_api_listings_historical
2025-07-04,31269,SXCH,SolarX,0.00305982,232301.20514017,37931.84,coinmarketcap_data_api_listings_historical
2025-07-04,9251,STND,Standard,0.00270388,231384.704423,167737.98,coinmarketcap_data_api_listings_historical
2025-07-04,19670,KZEN,Kaizen Finance,0.00053891,231062.009489,84816.44,coinmarketcap_data_api_listings_historical
2025-07-04,8357,BITCI,Bitcicoin,2.99e-05,230524.60891166,76.83,coinmarketcap_data_api_listings_historical
2025-07-04,10841,WSPP,Wolf Safe Poor People,0.0,229992.849344,0.0,coinmarketcap_data_api_listings_historical
2025-07-04,1814,MRX,Metrix Coin,1.373e-05,229812.35767144,0.07,coinmarketcap_data_api_listings_historical
2025-07-04,24126,SOV,Shib Original Vision,0.0,228731.01345872,0.0,coinmarketcap_data_api_listings_historical
2025-07-04,16104,PEX,PearDAO,0.00437167,228639.53854015,0.0,coinmarketcap_data_api_listings_historical
2025-07-04,33429,VIX,VIX777,0.0002545,228254.34784342,0.0,coinmarketcap_data_api_listings_historical
2025-07-04,23257,STFX,STFX,0.00130477,226625.75332886,2570.85,coinmarketcap_data_api_listings_historical
2025-07-04,8162,AME,AME Chain,0.00045071,225357.23150218,54131.72,coinmarketcap_data_api_listings_historical
2025-07-04,17073,FYN,Affyn,0.00088653,225207.54391432,63190.9,coinmarketcap_data_api_listings_historical
2025-07-04,8621,WATCH,yieldwatch,0.01124566,221264.50556203,0.0,coinmarketcap_data_api_listings_historical
2025-07-04,33666,CROS,Cros,0.00043809,220066.84388706,303187.46,coinmarketcap_data_api_listings_historical
2025-07-04,19623,WOM,Wombat Exchange,0.00372823,218210.22204061,4935.78,coinmarketcap_data_api_listings_historical
2025-07-04,32727,FOFAR,Fofar (fofar.meme),0.00022889,217443.237236,0.0,coinmarketcap_data_api_listings_historical
2025-07-04,35961,VATAN,Vatan,0.00654157,214116.49756565,158318.95,coinmarketcap_data_api_listings_historical
2025-07-04,33160,XYRO,XYRO,0.00114495,214007.96151924,364868.05,coinmarketcap_data_api_listings_historical
2025-07-04,10223,VEGA,Vega Protocol,0.00343168,212926.10344785,0.0,coinmarketcap_data_api_listings_historical
2025-07-04,30179,BLAZE,StoryFire,3.385e-05,212726.09622255,63073.03,coinmarketcap_data_api_listings_historical
2025-07-04,9854,TKING,Tiger King Coin,3.3e-07,212444.60391856,1.81,coinmarketcap_data_api_listings_historical
2025-07-04,362,CLOAK,CloakCoin,0.0350322,212415.24398652,0.0,coinmarketcap_data_api_listings_historical
2025-07-04,26386,CONE,BitCone,3.8e-07,211521.29008747,0.0,coinmarketcap_data_api_listings_historical
2025-07-04,7349,CNTR,Centaur,4.291e-05,211482.18995587,0.0,coinmarketcap_data_api_listings_historical
2025-07-04,30276,BRAWL,Brawl AI Layer,2.398e-05,211187.3608317,207699.9,coinmarketcap_data_api_listings_historical
2025-07-04,22897,REGENT,REGENT COIN,0.07301853,210119.14999629,883755.19,coinmarketcap_data_api_listings_historical
2025-07-04,27704,X,X,2.2e-07,210119.00455469,0.0,coinmarketcap_data_api_listings_historical
2025-07-04,28570,CZGOAT,CZ THE GOAT,0.00020885,208851.66215274,1451.08,coinmarketcap_data_api_listings_historical
2025-07-04,12678,FLAME,FireStarter,0.00303677,208140.89582973,115658.99,coinmarketcap_data_api_listings_historical
2025-07-04,12722,CWAR,Cryowar,0.00078937,205236.30346275,59110.53,coinmarketcap_data_api_listings_historical
2025-07-04,7190,PTF,PowerTrade Fuel,0.00879861,205109.6643086,51388.68,coinmarketcap_data_api_listings_historical
2025-07-04,9237,HZN,Xpanse,0.00169641,204768.74899858,2433.16,coinmarketcap_data_api_listings_historical
2025-07-04,21356,FT,FractonX,0.0023005,201229.47637047,0.0,coinmarketcap_data_api_listings_historical
2025-07-04,10232,MAKI,MakiSwap,0.00290195,200152.50922291,0.0,coinmarketcap_data_api_listings_historical
2025-07-04,5836,IDNA,Idena,0.00246964,200084.62468781,12691.51,coinmarketcap_data_api_listings_historical
2025-07-04,33465,CATGOLD,Cat Gold Miner,8.333e-05,199981.3387812,70178.8,coinmarketcap_data_api_listings_historical
2025-07-04,24085,ONE,OneFinity,0.04566505,199630.96599815,82.78,coinmarketcap_data_api_listings_historical
2025-07-04,30467,APX,ApexToken,0.00513776,199077.15360357,2001508.42,coinmarketcap_data_api_listings_historical
2025-07-04,19268,PLY,Aurigami,4.802e-05,197948.80891652,0.0,coinmarketcap_data_api_listings_historical
2025-07-04,12653,ROCO,ROCO FINANCE,0.01136672,196630.64372998,51407.67,coinmarketcap_data_api_listings_historical
2025-07-04,20738,PMX,Primex Finance,0.00275875,195542.95586641,107949.53,coinmarketcap_data_api_listings_historical
2025-07-04,3986,SCC,StakeCubeCoin,0.01236261,194892.43921403,276.87,coinmarketcap_data_api_listings_historical
2025-07-04,19294,XRPAYNET,XRPayNet,3.467e-05,194627.71129842,6075.99,coinmarketcap_data_api_listings_historical
2025-07-04,10893,BRKL,Brokoli Network,0.00363558,194404.0237349,58122.68,coinmarketcap_data_api_listings_historical
2025-07-04,7202,OCTO,OctoFi,0.24331012,194150.0864692,0.0,coinmarketcap_data_api_listings_historical
2025-07-04,13727,SHIRYO,Shiryo,0.0,193275.2088,24.67,coinmarketcap_data_api_listings_historical
2025-07-04,2937,VITE,VITE,0.00017221,191835.76422994,16074.64,coinmarketcap_data_api_listings_historical
2025-07-04,10222,VDR,Vodra,0.00133433,191001.48697731,58218.08,coinmarketcap_data_api_listings_historical
2025-07-04,10747,ETHPAD,ETHPad,0.00095569,190590.90116071,0.0,coinmarketcap_data_api_listings_historical
2025-07-04,11110,SPO,Spores Network,0.00017955,190014.14013263,103946.43,coinmarketcap_data_api_listings_historical
2025-07-04,10334,BABY,BabySwap,0.00030399,188747.06049099,5579.17,coinmarketcap_data_api_listings_historical
2025-07-04,3334,XCASH,X-CASH,3e-06,188405.54033849,23.01,coinmarketcap_data_api_listings_historical
2025-07-04,12501,QRT,Qrkita Token,1.88e-06,188084.73937551,130.76,coinmarketcap_data_api_listings_historical
2025-07-04,7033,ESD,Empty Set Dollar,0.00042116,187842.37724285,2.76,coinmarketcap_data_api_listings_historical
2025-07-04,30362,ARC,Arcade,0.00530437,186804.4601298,525.78,coinmarketcap_data_api_listings_historical
2025-07-04,15478,DG,Decentral Games,0.00098893,186748.93559813,0.0,coinmarketcap_data_api_listings_historical
2025-07-04,31669,TKAI,TAIKAI,0.00246658,185733.39344214,1100.26,coinmarketcap_data_api_listings_historical
2025-07-04,21013,PEEL,Meta Apes,0.00120465,184806.54674913,0.0,coinmarketcap_data_api_listings_historical
2025-07-04,35778,MARS,Mars,0.0001835,183501.08423328,86.71,coinmarketcap_data_api_listings_historical
2025-07-04,7320,NSBT,Neutrino System Base Token,0.06467132,183322.39242254,0.0,coinmarketcap_data_api_listings_historical
2025-07-04,22103,LNR,Lunar,0.00247889,183018.75815311,0.0,coinmarketcap_data_api_listings_historical
2025-07-04,24275,OGGY,Oggy Inu (BSC),0.0,181056.19744329,0.0,coinmarketcap_data_api_listings_historical
2025-07-04,10260,XRUNE,Thorstarter,0.00224354,181030.34322111,1.13,coinmarketcap_data_api_listings_historical
2025-07-04,2444,C20,CRYPTO20,0.00448263,180872.75466249,0.0,coinmarketcap_data_api_listings_historical
2025-07-04,36479,KOBUSHI,Kobushi,4.3e-07,180622.75054024,50421.45,coinmarketcap_data_api_listings_historical
2025-07-04,21772,SHOP,Shopping.io,0.00180653,180428.03629907,0.0,coinmarketcap_data_api_listings_historical
2025-07-04,12751,BCMC,Blockchain Monster Hunt,0.00074044,180269.26603084,61563.5,coinmarketcap_data_api_listings_historical
2025-07-04,1299,PUT,PUTinCoin,0.0001514,179975.11433938,0.0,coinmarketcap_data_api_listings_historical
2025-07-04,36593,E,EAGLEBUILDER,0.00017914,179140.98899294,31231.58,coinmarketcap_data_api_listings_historical
2025-07-04,2608,MITH,Mithril,0.0001779,177904.81018088,52863.26,coinmarketcap_data_api_listings_historical
2025-07-04,35117,AIPUMP,aiPump,0.00046711,177812.2848106,310374.5,coinmarketcap_data_api_listings_historical
2025-07-04,3724,SOLVE,SOLVE,0.00025242,176728.85819342,3892.55,coinmarketcap_data_api_listings_historical
2025-07-04,30603,SECOND,MetaDOS,5.364e-05,176189.16543993,214.57,coinmarketcap_data_api_listings_historical
2025-07-04,7622,UBX,UBIX.Network,3.86e-06,175950.71211046,151884.92,coinmarketcap_data_api_listings_historical
2025-07-04,9545,NFTB,PixelRealm,0.0002547,175885.18111089,77225.85,coinmarketcap_data_api_listings_historical
2025-07-04,36333,RICHIE,Richie Rich,0.00582368,174710.26379,43872.37,coinmarketcap_data_api_listings_historical
2025-07-04,35344,CGX,Forkast,0.00100289,173699.33246022,62100.38,coinmarketcap_data_api_listings_historical
2025-07-04,8704,PCNT,Playcent,0.00471578,172810.80740456,60011.64,coinmarketcap_data_api_listings_historical
2025-07-04,13953,SCOTTY,Scotty Beam,0.00037398,172280.61138105,0.0,coinmarketcap_data_api_listings_historical
2025-07-04,22919,ALLIN,All In,0.17734504,170292.24058386,651.51,coinmarketcap_data_api_listings_historical
2025-07-04,30647,GOAT,Sonic The Goat,1.9e-07,170144.08084176,0.0,coinmarketcap_data_api_listings_historical
2025-07-04,32425,DOAI,DOJO Protocol,0.00023926,170132.96641944,79234.2,coinmarketcap_data_api_listings_historical
2025-07-04,8590,CYC,Cyclone Protocol,6.45587144,169673.2925817,0.0,coinmarketcap_data_api_listings_historical
2025-07-04,33930,BABYBTC,Baby BitCoin,0.0001696,169599.0115562,0.0,coinmarketcap_data_api_listings_historical
2025-07-04,25851,DUCKIES,"Duckies, the canary network for Yellow",0.00325207,169394.78861319,0.0,coinmarketcap_data_api_listings_historical
2025-07-04,6511,STRONG,Strong,1.21334221,167767.61444011,74729.16,coinmarketcap_data_api_listings_historical
2025-07-04,3830,VEIL,Veil,0.00194049,167033.50648071,94.89,coinmarketcap_data_api_listings_historical
2025-07-04,25822,AIT,AiMalls,0.82655525,166869.1064158,1188.09,coinmarketcap_data_api_listings_historical
2025-07-04,27573,EQPAY,EquityPay,0.0291769,166557.29919591,11774.11,coinmarketcap_data_api_listings_historical
2025-07-04,4293,PERL,PERL.eco,0.0003392,166526.39655643,42091.13,coinmarketcap_data_api_listings_historical
2025-07-04,7552,HYVE,Hyve,0.00641796,164595.42958033,112317.77,coinmarketcap_data_api_listings_historical
2025-07-04,20366,INTR,Interlay,0.00243606,163265.38447786,62605.89,coinmarketcap_data_api_listings_historical
2025-07-04,7812,SYNC,SYNC Network,0.00081594,162945.73894601,0.0,coinmarketcap_data_api_listings_historical
2025-07-04,35963,PEPEMUSK,PepeMusk,0.00016186,161858.76313984,0.0,coinmarketcap_data_api_listings_historical
2025-07-04,11446,SCCP,S.C. Corinthians Fan Token,0.03757577,160602.60536684,118317.84,coinmarketcap_data_api_listings_historical
2025-07-04,15447,LYRA,Lyra,0.00027496,159726.92215402,3.97,coinmarketcap_data_api_listings_historical
2025-07-04,36668,OMALLEY,OMalley,1.75e-05,157486.59487518,206532.8,coinmarketcap_data_api_listings_historical
2025-07-04,29185,AMU,Amulet,0.00035523,156985.9853233,1529.01,coinmarketcap_data_api_listings_historical
2025-07-04,32583,NCN,NeurochainAI,0.0005746,156721.21241496,140645.93,coinmarketcap_data_api_listings_historical
2025-07-04,11700,LIFE,Life Crypto,5.951e-05,156577.99718474,64408.26,coinmarketcap_data_api_listings_historical
2025-07-04,35510,CONCHO,Sapo Concho,0.00015517,155091.97046612,4575.89,coinmarketcap_data_api_listings_historical
2025-07-04,9867,HOTCROSS,Hot Cross,0.00134799,153333.33046367,81045.34,coinmarketcap_data_api_listings_historical
2025-07-04,16679,AOG,AgeOfGods,0.0014815,153297.64665571,221881.51,coinmarketcap_data_api_listings_historical
2025-07-04,27811,KAT,Karat,0.00059976,153262.66312114,118816.4,coinmarketcap_data_api_listings_historical
2025-07-04,8648,CGG,ChainGuardians,0.00248293,152645.94489828,0.0,coinmarketcap_data_api_listings_historical
2025-07-04,7795,BIRD,Bird.Money,1.60726971,152597.40049413,2804.93,coinmarketcap_data_api_listings_historical
2025-07-04,8616,URUS,Aurox,0.29101017,151886.6483062,0.0,coinmarketcap_data_api_listings_historical
2025-07-04,10324,GFI,Gravity Finance,0.00043108,151854.14025104,0.0,coinmarketcap_data_api_listings_historical
2025-07-04,15974,MTVT,Metaverser,0.00090721,151607.04091418,623.65,coinmarketcap_data_api_listings_historical
2025-07-04,4841,SUTER,suterusu,3.93e-05,151491.48617327,0.0,coinmarketcap_data_api_listings_historical
2025-07-04,5931,KTON,Darwinia Commitment Token,2.94673603,151208.81259975,57790.7,coinmarketcap_data_api_listings_historical
2025-07-04,34931,ORBIT,OrbitAI,0.0158731,150794.41487485,0.0,coinmarketcap_data_api_listings_historical
2025-07-04,7772,L2,Leverj Gluon,0.00068617,150642.6458154,3.82,coinmarketcap_data_api_listings_historical
2025-07-04,29305,RODAI,ROD.AI,0.0,150330.28648713,0.0,coinmarketcap_data_api_listings_historical
2025-07-04,17010,STEP,Step®,0.00015188,149068.36857925,0.0,coinmarketcap_data_api_listings_historical
2025-07-04,32691,SATO,Atsuko Sato,0.00015401,149058.43895989,0.0,coinmarketcap_data_api_listings_historical
2025-07-04,29026,MEMEAI,Meme Ai,0.00020431,148743.9115082,189561.22,coinmarketcap_data_api_listings_historical
2025-07-04,9245,SATA,Signata,0.00207924,148167.80241075,30.21,coinmarketcap_data_api_listings_historical
2025-07-04,4777,AZ,Azbit,2.12e-06,148139.36027954,0.0,coinmarketcap_data_api_listings_historical
2025-07-04,30772,EXVG,Exverse,0.00459787,147867.47358111,533568.64,coinmarketcap_data_api_listings_historical
2025-07-04,7158,BURGER,BurgerCities,0.00340229,146420.57097121,246206.45,coinmarketcap_data_api_listings_historical
2025-07-04,33852,DUCKY,Ducky,3.5e-07,146163.02393416,0.0,coinmarketcap_data_api_listings_historical
2025-07-04,8256,HGOLD,HollyGold,0.03076381,144214.69369061,27.55,coinmarketcap_data_api_listings_historical
2025-07-04,16463,SOS,OpenDAO,0.0,143114.3814,0.0,coinmarketcap_data_api_listings_historical
2025-07-04,12131,FRTS,Fruits,6.78e-06,142882.8992617,54272.59,coinmarketcap_data_api_listings_historical
2025-07-04,10861,GAME,Gamestarter,0.00200733,142483.71999,124803.23,coinmarketcap_data_api_listings_historical
2025-07-04,33145,CHEEMS,Cheems,0.0,141894.57427245,0.0,coinmarketcap_data_api_listings_historical
2025-07-04,2553,RFR,Refereum,2.838e-05,141860.32270104,63120.66,coinmarketcap_data_api_listings_historical
2025-07-04,5614,ZLW,Zelwin,0.00196078,141826.62505921,84833.39,coinmarketcap_data_api_listings_historical
2025-07-04,34284,WSHIDO,Wrapped Shido,0.00016409,141619.88119475,0.0,coinmarketcap_data_api_listings_historical
2025-07-04,33294,IZZY,Izzy,3.5e-07,141108.9839346,0.0,coinmarketcap_data_api_listings_historical
2025-07-04,13383,CBX,CropBytes,0.00075019,139756.09732183,1.07,coinmarketcap_data_api_listings_historical
2025-07-04,34980,CRTAI,CRT AI Network,0.00039054,137822.1616104,0.0,coinmarketcap_data_api_listings_historical
2025-07-04,31670,DOUG,Doug The Duck,0.00013758,137573.02355881,1420.38,coinmarketcap_data_api_listings_historical
2025-07-04,36032,DRIP,Metadrip,0.00013705,137052.76826186,163231.19,coinmarketcap_data_api_listings_historical
2025-07-04,19092,METAQ,MetaQ,0.0527324,135932.67167692,1255.97,coinmarketcap_data_api_listings_historical
2025-07-04,29541,BABYTRUMP,Baby Trump (BSC),0.00030078,135877.09100828,680.11,coinmarketcap_data_api_listings_historical
2025-07-04,5407,KDG,KingdomStarter,0.00025551,135673.96322759,0.0,coinmarketcap_data_api_listings_historical
2025-07-04,32756,DOGE,Department Of Government Efficiency (DOGE),0.0002707,135351.34111804,0.0,coinmarketcap_data_api_listings_historical
2025-07-04,34976,TRUMPIUS,Trumpius Maximus,0.0029205,134777.20996863,158979.69,coinmarketcap_data_api_listings_historical
2025-07-04,28128,TSUGT,Captain Tsubasa,0.00075019,134194.32167576,261604.67,coinmarketcap_data_api_listings_historical
2025-07-04,8368,XNO,Xeno Token,0.00011307,133820.99925381,117565.79,coinmarketcap_data_api_listings_historical
2025-07-04,33210,HANA,Hana,1.534e-05,133678.12181183,161324.56,coinmarketcap_data_api_listings_historical
2025-07-04,9110,KTN,Kattana,0.01423724,133636.1872145,69306.34,coinmarketcap_data_api_listings_historical
2025-07-04,17462,HEC,Heroes Chained,0.00243301,133483.52939416,52896.12,coinmarketcap_data_api_listings_historical
2025-07-04,7420,DRC,Digital Reserve Currency,0.00013241,132412.65661632,53.96,coinmarketcap_data_api_listings_historical
2025-07-04,36280,TOAD,TOAD,0.0,131456.47699867,2308.79,coinmarketcap_data_api_listings_historical
2025-07-04,23146,HAN,HanChain,0.00156035,130790.82224919,1224299.22,coinmarketcap_data_api_listings_historical
2025-07-04,36100,BIAO,Biao,0.00013206,129974.7172579,0.0,coinmarketcap_data_api_listings_historical
2025-07-04,20048,WNDR,Wonderman Nation,0.00911259,129539.92226438,22379.09,coinmarketcap_data_api_listings_historical
2025-07-04,33117,WAT,WATCoin,1.001e-05,128985.14131745,1084539.7,coinmarketcap_data_api_listings_historical
2025-07-04,8265,HELMET,Helmet.insure,0.00296331,128142.35713451,0.0,coinmarketcap_data_api_listings_historical
2025-07-04,33596,SLOP,Slop,0.00012775,127753.20813686,186946.06,coinmarketcap_data_api_listings_historical
2025-07-04,23684,AIMX,Aimedis (new),0.00038348,127698.73339988,1055.89,coinmarketcap_data_api_listings_historical
2025-07-04,36690,SNIBBU,Snibbu,0.0001909,127264.56425117,9767.37,coinmarketcap_data_api_listings_historical
2025-07-04,6997,SAKE,SakeToken,0.00124743,127067.02746844,66995.4,coinmarketcap_data_api_listings_historical
2025-07-04,14661,SPFC,Sao Paulo FC Fan Token,0.03025783,126704.64630599,56612.85,coinmarketcap_data_api_listings_historical
2025-07-04,16543,AVG,Avocado DAO Token,0.0049385,125773.912554,0.0,coinmarketcap_data_api_listings_historical
2025-07-04,7438,ZEE,ZeroSwap,0.00197308,125150.39311512,250573.43,coinmarketcap_data_api_listings_historical
2025-07-04,30038,PLX,Pullix,0.00152126,124394.70507583,0.0,coinmarketcap_data_api_listings_historical
2025-07-04,33946,NGTG$$,Nugget Trap Gold Token,0.00050609,124371.70562953,16477.4,coinmarketcap_data_api_listings_historical
2025-07-04,20154,ACQ,Acquire.Fi,0.00353381,123829.0358777,85759.58,coinmarketcap_data_api_listings_historical
2025-07-04,2476,RUFF,Ruff,0.00012607,123615.82657017,58302.45,coinmarketcap_data_api_listings_historical
2025-07-04,36035,SLING,Slingshot,0.00066061,123182.39679482,251315.95,coinmarketcap_data_api_listings_historical
2025-07-04,10527,LITH,Lithium,2.334e-05,122342.48060566,3545.09,coinmarketcap_data_api_listings_historical
2025-07-04,11234,POSI,Position Exchange,0.00143641,121988.48419,52.69,coinmarketcap_data_api_listings_historical
2025-07-04,36519,IZZY,Izzy,0.00012399,121756.19641815,3365.47,coinmarketcap_data_api_listings_historical
2025-07-04,576,GAME,GameCredits,0.00062719,121564.88398635,0.0,coinmarketcap_data_api_listings_historical
2025-07-04,4228,FRM,Ferrum Network,0.00042306,121421.4132864,473765.47,coinmarketcap_data_api_listings_historical
2025-07-04,35221,DIGIMON,Digimon,0.00012082,120814.13563479,33131.54,coinmarketcap_data_api_listings_historical
2025-07-04,28748,ZELIX,ZELIX,1.62e-05,120766.65854612,158096.12,coinmarketcap_data_api_listings_historical
2025-07-04,7110,NBS,New BitShares,4.623e-05,120545.39754099,58611.09,coinmarketcap_data_api_listings_historical
2025-07-04,8066,YLD,Yield App,0.00039981,119944.21242653,0.0,coinmarketcap_data_api_listings_historical
2025-07-04,34967,ZEUS,ZEUS (zeusthedog.vip),0.0001193,119299.82400144,9733.44,coinmarketcap_data_api_listings_historical
2025-07-04,13571,AART,All.Art Protocol,3.248e-05,118226.41127441,54740.51,coinmarketcap_data_api_listings_historical
2025-07-04,36658,COINS,Coin (reservebankapp.com),0.00011794,117937.70622972,3604.65,coinmarketcap_data_api_listings_historical
2025-07-04,22484,ELDA,Eldarune,0.00051806,117644.72854387,0.0,coinmarketcap_data_api_listings_historical
2025-07-04,10040,WSG,Wall Street Games (old),0.0,117308.65602965,0.0,coinmarketcap_data_api_listings_historical
2025-07-04,11150,DFA,DeFine,0.00045377,116858.21698609,66769.45,coinmarketcap_data_api_listings_historical
2025-07-04,28140,SHEZMU,Shezmu,0.19779622,116443.2260719,0.0,coinmarketcap_data_api_listings_historical
2025-07-04,33322,TDM,TDM,0.00127354,116284.16800414,0.0,coinmarketcap_data_api_listings_historical
2025-07-04,31747,STAGE,STAGE,7.527e-05,116147.33708554,88341.47,coinmarketcap_data_api_listings_historical
2025-07-04,8029,OXY,Oxygen,0.00284847,115902.61355188,325876.03,coinmarketcap_data_api_listings_historical
2025-07-04,32314,MILKBAG,MILKBAG,0.00012859,115619.44372944,124.73,coinmarketcap_data_api_listings_historical
2025-07-04,7230,OPIUM,Opium,0.02769863,115259.65037912,93.35,coinmarketcap_data_api_listings_historical
2025-07-04,16033,MTS,Metastrike,0.00043955,114087.71847919,227828.6,coinmarketcap_data_api_listings_historical
2025-07-04,28800,EGG,Eggdog,0.00012064,114047.56999331,920.73,coinmarketcap_data_api_listings_historical
2025-07-04,6942,JGN,Juggernaut,0.0007594,113909.87726504,0.0,coinmarketcap_data_api_listings_historical
2025-07-04,14681,WELT,Fabwelt,0.00049634,113657.64999299,1.01,coinmarketcap_data_api_listings_historical
2025-07-04,21762,WACME,Wrapped Accumulate,0.00353095,113176.38592238,331.73,coinmarketcap_data_api_listings_historical
2025-07-04,21217,MMIT,MangoMan Intelligent,0.0,112880.090766,702.98,coinmarketcap_data_api_listings_historical
2025-07-04,27621,WNEON,Wrapped Neon EVM,0.09134981,112455.0132615,0.0,coinmarketcap_data_api_listings_historical
2025-07-04,10647,BNBTC,BNbitcoin,0.01045707,112027.00183112,0.0,coinmarketcap_data_api_listings_historical
2025-07-04,11498,CBG,Chainbing,0.00339474,112026.3511488,0.0,coinmarketcap_data_api_listings_historical
2025-07-04,31923,HAWKTUAH,Hawk Tuah (hawktuah.vip),0.00013003,111660.35487481,161553.73,coinmarketcap_data_api_listings_historical
2025-07-04,10412,HOD,HoDooi.com,0.00022559,110956.97278556,63688.91,coinmarketcap_data_api_listings_historical
2025-07-04,33856,TOAD,Acid Toad,0.0,110764.21640406,309.75,coinmarketcap_data_api_listings_historical
2025-07-04,15266,MEGALAND,Metagalaxy Land,0.00011013,110127.96799108,18376.69,coinmarketcap_data_api_listings_historical
2025-07-04,33968,MAYO,Mr Mayonnaise the Cat,0.00010998,109977.96467841,0.0,coinmarketcap_data_api_listings_historical
2025-07-04,33712,MDB,MOODENG (moodengbnb.com),3.4e-07,109970.50430983,0.0,coinmarketcap_data_api_listings_historical
2025-07-04,16434,OOKI,Ooki Protocol,8e-06,109756.04079219,295672.56,coinmarketcap_data_api_listings_historical
2025-07-04,21517,STC,Satoshi Island,0.00800862,108742.91452559,0.0,coinmarketcap_data_api_listings_historical
2025-07-04,29932,BSHIB,Based Shiba Inu,1.202e-05,108672.54420691,11.62,coinmarketcap_data_api_listings_historical
2025-07-04,8726,IDV,Idavoll DAO,0.00011757,108666.72187501,58050.83,coinmarketcap_data_api_listings_historical
2025-07-04,31878,SPIKE,Spike,3.2e-07,108612.2101972,52.57,coinmarketcap_data_api_listings_historical
2025-07-04,23497,BAHIA,Esporte Clube Bahia Fan Token,0.16661215,108457.67913424,4.7,coinmarketcap_data_api_listings_historical
2025-07-04,34765,MVRS,Magaverse,0.00010724,107240.51432547,229581.68,coinmarketcap_data_api_listings_historical
2025-07-04,29231,ANUS,Uranus (SOL),1.314e-05,107139.0503952,439.32,coinmarketcap_data_api_listings_historical
2025-07-04,30119,WIF,DOGWIFHOOD,0.00010698,106865.20363493,0.0,coinmarketcap_data_api_listings_historical
2025-07-04,8409,RAZOR,Razor Network,0.00032467,106571.83615109,0.0,coinmarketcap_data_api_listings_historical
2025-07-04,29668,BABY,Baby,1.1e-07,106510.37854083,0.0,coinmarketcap_data_api_listings_historical
2025-07-04,11529,GALO,Clube Atlético Mineiro Fan Token,0.03223899,106312.07758359,738.17,coinmarketcap_data_api_listings_historical
2025-07-04,21286,CRT,Cantina Royale,0.00043477,105728.3976382,0.34,coinmarketcap_data_api_listings_historical
2025-07-04,9218,MIST,Mist,0.00187077,105431.1568111,72616.82,coinmarketcap_data_api_listings_historical
2025-07-04,34418,NEOS,Neos.ai,0.00104997,104996.85927886,0.0,coinmarketcap_data_api_listings_historical
2025-07-04,33481,MEDUSA,Medusa (medusa.cx),0.00052165,104330.95958068,0.0,coinmarketcap_data_api_listings_historical
2025-07-04,10414,GINUX,Green Shiba Inu [New],3e-08,104183.69985893,0.0,coinmarketcap_data_api_listings_historical
2025-07-04,9115,WQT,WorkQuest Token,1.779e-05,102417.34318516,10616.82,coinmarketcap_data_api_listings_historical
2025-07-04,12071,XLD,XcelPay,0.00176679,102295.02954164,0.0,coinmarketcap_data_api_listings_historical
2025-07-04,32200,BUB,Lil Bub,0.00010217,102166.28237618,0.0,coinmarketcap_data_api_listings_historical
2025-07-04,9492,ELAND,Etherland,0.0026294,101697.1466228,0.0,coinmarketcap_data_api_listings_historical
2025-07-04,7813,BAC,Basis Cash,0.0018621,101624.21575374,62015.86,coinmarketcap_data_api_listings_historical
2025-07-04,33870,TDS,Trump Derangement Syndrome (tearsforTDS),0.00010081,100808.30060302,1256.0,coinmarketcap_data_api_listings_historical
2025-07-04,8458,NUX,Peanut,0.00201478,100739.1377956,71749.38,coinmarketcap_data_api_listings_historical
2025-07-04,33599,FLAVIA,Flavia Is Online,0.00010072,100721.5653511,0.0,coinmarketcap_data_api_listings_historical
2025-07-04,10889,$DRF,DRIFE,0.00010896,100573.88960957,0.0,coinmarketcap_data_api_listings_historical
2025-07-04,13133,ICE,Decentral Games ICE,0.00044153,100077.19049303,0.0,coinmarketcap_data_api_listings_historical
2025-07-04,23577,SAKAI,Sakai Vault,0.04806964,100034.21652171,63558.58,coinmarketcap_data_api_listings_historical
2025-07-04,22826,WCKB,Wrapped Nervos Network,0.00449427,99890.39012344,0.0,coinmarketcap_data_api_listings_historical
2025-07-04,1107,PAC,PAC Protocol,5.73e-06,99865.25372708,0.0,coinmarketcap_data_api_listings_historical
2025-07-04,31561,SOLCAT,CatSolHat,0.00150499,99568.87370955,0.0,coinmarketcap_data_api_listings_historical
2025-07-04,17456,FRIN,Fringe Finance,0.00015004,98213.84564981,46168.94,coinmarketcap_data_api_listings_historical
2025-07-04,29696,SCALE,Scalia Infrastructure,0.00099955,97969.26224082,0.0,coinmarketcap_data_api_listings_historical
2025-07-04,2019,VIB,Viberate,0.00048894,97786.34868457,0.0,coinmarketcap_data_api_listings_historical
2025-07-04,27955,BABYTRUMP,BABYTRUMP,0.00270898,97741.32538199,0.0,coinmarketcap_data_api_listings_historical
2025-07-04,31821,LIBERTA,The Libertarian Dog,0.00016244,97464.75205314,58867.7,coinmarketcap_data_api_listings_historical
2025-07-04,5815,BPS,BitcoinPoS,0.01620789,97161.97950611,0.0,coinmarketcap_data_api_listings_historical
2025-07-04,13731,LUFC,Leeds United Fan Token,0.03191811,96255.71919834,53584.19,coinmarketcap_data_api_listings_historical
2025-07-04,35257,DEFAI,DeFAI,0.00010913,96141.41805931,4.62,coinmarketcap_data_api_listings_historical
2025-07-04,32767,LTD,Living the Dream,9.2e-07,95881.72942696,4846.28,coinmarketcap_data_api_listings_historical
2025-07-04,12315,DOSE,DOSE,0.00011219,95774.02847771,53349.93,coinmarketcap_data_api_listings_historical
2025-07-04,25002,KING,KING,1.029e-05,95372.8256931,0.0,coinmarketcap_data_api_listings_historical
2025-07-04,15737,SOLX,Soldex,0.00022628,95127.90918733,33397.03,coinmarketcap_data_api_listings_historical
2025-07-04,7022,PICKLE,Pickle Finance,0.04968737,94805.01716006,9.12,coinmarketcap_data_api_listings_historical
2025-07-04,1106,SHND,StrongHands,4.79e-06,94775.90691937,96.06,coinmarketcap_data_api_listings_historical
2025-07-04,6868,SHARE,Seigniorage Shares,0.00442461,92916.74062439,62531.69,coinmarketcap_data_api_listings_historical
2025-07-04,29410,PYI,PYRIN,0.00024336,92786.16171011,93252.79,coinmarketcap_data_api_listings_historical
2025-07-04,8364,BMI,Bridge Mutual,0.00142327,92081.33242047,8.67,coinmarketcap_data_api_listings_historical
2025-07-04,33384,WAP,Wet Ass Pussy,9.139e-05,91386.10017772,467.3,coinmarketcap_data_api_listings_historical
2025-07-04,34805,USACOIN,USAcoin,0.00453406,90681.29464218,0.0,coinmarketcap_data_api_listings_historical
2025-07-04,29890,NFE,Edu3Labs,0.00086836,90634.74904847,59476.8,coinmarketcap_data_api_listings_historical
2025-07-04,27856,PENGY,Pengycoin,9.061e-05,90220.7973143,0.0,coinmarketcap_data_api_listings_historical
2025-07-04,8603,TUNE,Bitune,0.0028787,90107.35428593,60997.76,coinmarketcap_data_api_listings_historical
2025-07-04,17047,WWY,WeWay,6.24e-05,89876.04086591,226914.58,coinmarketcap_data_api_listings_historical
2025-07-04,12599,ASPO,ASPO World,0.00110588,88400.45825487,0.0,coinmarketcap_data_api_listings_historical
2025-07-04,35559,HENLO,henlo,0.0,87815.6420715,0.0,coinmarketcap_data_api_listings_historical
2025-07-04,18741,MF,MetaFighter,0.00014209,87245.58112695,52539.73,coinmarketcap_data_api_listings_historical
2025-07-04,31871,AMC,AMC,0.0,87111.06765447,0.0,coinmarketcap_data_api_listings_historical
2025-07-04,26952,SSWP,Suiswap,9.79e-06,86585.99763621,5007.2,coinmarketcap_data_api_listings_historical
2025-07-04,30640,2MOON,The Moon Metaverse,1.99e-06,86452.5712261,0.0,coinmarketcap_data_api_listings_historical
2025-07-04,36079,WTFO,WTF Opossum,9.79e-05,86319.97196644,0.0,coinmarketcap_data_api_listings_historical
2025-07-04,10326,BLP,BullPerks,0.00401458,86132.81046641,3.59,coinmarketcap_data_api_listings_historical
2025-07-04,11412,BIN,Binemon,0.00020613,85912.20357056,0.0,coinmarketcap_data_api_listings_historical
2025-07-04,32538,ONI,Onigiri,2.1e-07,85744.99187786,0.0,coinmarketcap_data_api_listings_historical
2025-07-04,30001,COBE,Castle of Blackwater,0.01091078,85201.68569898,0.0,coinmarketcap_data_api_listings_historical
2025-07-04,19220,ISLAMI,ISLAMICOIN,2.951e-05,85139.41060698,266.16,coinmarketcap_data_api_listings_historical
2025-07-04,33559,JANET,Janet,8.471e-05,84710.39896273,64559.31,coinmarketcap_data_api_listings_historical
2025-07-04,18531,WZRD,Wizardia,0.00060376,84609.96181423,46997.08,coinmarketcap_data_api_listings_historical
2025-07-04,10239,SPIRIT,SpiritSwap,0.00013681,84333.40681678,0.0,coinmarketcap_data_api_listings_historical
2025-07-04,8543,KANGAL,Kangal,8.4e-07,84246.0652583,0.0,coinmarketcap_data_api_listings_historical
2025-07-04,12278,PYM,Playermon,0.00019712,84184.62092579,58531.84,coinmarketcap_data_api_listings_historical
2025-07-04,10777,DINO,DinoSwap,0.00054137,84167.55874071,0.0,coinmarketcap_data_api_listings_historical
2025-07-04,8679,UDO,Unido EP,0.00082604,83477.20927172,66767.05,coinmarketcap_data_api_listings_historical
2025-07-04,8716,CONV,Convergence,2.12e-05,83327.71021781,93502.72,coinmarketcap_data_api_listings_historical
2025-07-04,12203,FINA,Defina Finance,0.00084398,82467.71254833,0.0,coinmarketcap_data_api_listings_historical
2025-07-04,853,LDOGE,LiteDoge,5.01e-06,82322.849488,0.0,coinmarketcap_data_api_listings_historical
2025-07-04,10373,TULIP,Tulip Protocol,0.10066717,82064.45488854,0.0,coinmarketcap_data_api_listings_historical
2025-07-04,6901,SWRV,Swerve,0.00442461,81939.27217756,18769.88,coinmarketcap_data_api_listings_historical
2025-07-04,32949,PUFFY,Puffy,1.84e-06,81677.53774695,0.0,coinmarketcap_data_api_listings_historical
2025-07-04,34411,BABYXRP,Baby Ripple (babyxrp.xyz),8.123e-05,81225.46507395,130137.11,coinmarketcap_data_api_listings_historical
2025-07-04,35624,ETF,"Eat, Trade, Fart",8.037e-05,80369.62445771,67848.37,coinmarketcap_data_api_listings_historical
2025-07-04,32597,BABYNEIRO,Baby Neiro Token,1.9e-07,79614.54533087,0.0,coinmarketcap_data_api_listings_historical
2025-07-04,33810,MAO,Mao,8e-08,79497.94827119,0.0,coinmarketcap_data_api_listings_historical
2025-07-04,4298,RPZX,Rapidz,4.298e-05,79413.03064518,0.0,coinmarketcap_data_api_listings_historical
2025-07-04,8867,DHV,DeHive,0.01965624,79005.7936634,65163.02,coinmarketcap_data_api_listings_historical
2025-07-04,29460,MVP,MAGA VP,0.00189962,78872.46999442,0.0,coinmarketcap_data_api_listings_historical
2025-07-04,14915,UNIX,UNIX Corp,0.00028346,78681.28271634,0.0,coinmarketcap_data_api_listings_historical
2025-07-04,32732,SUNPEPE,sunpepe,7.823e-05,78231.85620112,0.0,coinmarketcap_data_api_listings_historical
2025-07-04,9643,DON,Don-key,0.00081032,77425.99251006,49627.09,coinmarketcap_data_api_listings_historical
2025-07-04,33103,BABYCATE,BabyCate,1.1e-07,77354.95852614,53092.16,coinmarketcap_data_api_listings_historical
2025-07-04,36649,CREPE,CREPE,1.3e-07,76902.37695646,4129.47,coinmarketcap_data_api_listings_historical
2025-07-04,29950,TES,Titan Trading Platform,0.00765011,76501.12333437,0.0,coinmarketcap_data_api_listings_historical
2025-07-04,12137,NFTD,NFTrade,0.00233137,76331.90764733,64506.49,coinmarketcap_data_api_listings_historical
2025-07-04,11926,THG,Thetan World,0.00066867,75951.20881127,333.54,coinmarketcap_data_api_listings_historical
2025-07-04,36047,VPT,Veritas Protocol,0.0004006,75365.33149952,128.14,coinmarketcap_data_api_listings_historical
2025-07-04,20437,GOB,Goons of Balatroon,0.00039065,75153.0635616,0.0,coinmarketcap_data_api_listings_historical
2025-07-04,32625,FUKU,Fuku-Kun,2.3e-07,74441.40605964,0.0,coinmarketcap_data_api_listings_historical
2025-07-04,3779,COT,CoTrader,3.71e-06,74124.61942248,50.77,coinmarketcap_data_api_listings_historical
2025-07-04,8884,IBFK,İstanbul Başakşehir Fan Token,0.0530384,74111.93095556,94432.24,coinmarketcap_data_api_listings_historical
2025-07-04,3140,UBEX,Ubex,2.231e-05,73748.29893445,3.16,coinmarketcap_data_api_listings_historical
2025-07-04,28799,SYNC,Syncus,1.749e-05,73288.23444931,0.0,coinmarketcap_data_api_listings_historical
2025-07-04,32981,CATE,Cate,7.326e-05,73264.65178685,0.0,coinmarketcap_data_api_listings_historical
2025-07-04,7024,TXL,Autobahn Network,0.00108399,72703.85053919,17.59,coinmarketcap_data_api_listings_historical
2025-07-04,21400,LTRBT,Little Rabbit v2,0.0,72621.39539406,0.0,coinmarketcap_data_api_listings_historical
2025-07-04,22487,CATHEON,Artisse,7.479e-05,72438.24954531,64000.98,coinmarketcap_data_api_listings_historical
2025-07-04,9046,8PAY,8PAY,0.00120488,72306.02301674,0.0,coinmarketcap_data_api_listings_historical
2025-07-04,6949,HGET,Hedget,0.04102413,71851.63599546,116368.76,coinmarketcap_data_api_listings_historical
2025-07-04,29238,stINJ,Stride Staked INJ,15.25226463,71755.62113955,148732.46,coinmarketcap_data_api_listings_historical
2025-07-04,35258,SPERG,Bloomsperg Terminal,7.075e-05,70754.12823207,0.0,coinmarketcap_data_api_listings_historical
2025-07-04,33358,SOFAC,SofaCat,0.00074657,70635.61831562,0.0,coinmarketcap_data_api_listings_historical
2025-07-04,9989,SLRS,Solrise Finance,0.00044886,70523.84790752,63010.58,coinmarketcap_data_api_listings_historical
2025-07-04,32893,UFO,UFOPepe,7.009e-05,70084.70209086,0.0,coinmarketcap_data_api_listings_historical
2025-07-04,9588,O3,O3 Swap,0.0012258,69659.36689726,0.0,coinmarketcap_data_api_listings_historical
2025-07-04,13298,VIX,VIXCO,7.805e-05,69280.35783171,0.0,coinmarketcap_data_api_listings_historical
2025-07-04,31317,MEOW,MeowCat,0.00069113,69112.8645455,0.73,coinmarketcap_data_api_listings_historical
2025-07-04,3452,ETHO,Etho Protocol,0.00088089,68815.11865609,30.07,coinmarketcap_data_api_listings_historical
2025-07-04,7398,COR,Coreto,0.00030008,68502.4391113,211.72,coinmarketcap_data_api_listings_historical
2025-07-04,30433,BLOCK,BlockProtocol,0.00081811,68246.9645695,198244.83,coinmarketcap_data_api_listings_historical
2025-07-04,30711,RWA,Rug World Assets,0.00712286,67653.56145398,13.98,coinmarketcap_data_api_listings_historical
2025-07-04,8164,JULD,JulSwap,0.00011345,67182.80050627,0.0,coinmarketcap_data_api_listings_historical
2025-07-04,24742,AIBB,BullBear AI,0.0,66981.63912375,61036.04,coinmarketcap_data_api_listings_historical
2025-07-04,12120,ASTRO,AstroSwap,1.953e-05,66917.94402554,0.0,coinmarketcap_data_api_listings_historical
2025-07-04,11578,CIRUS,Cirus Foundation,0.00106879,66895.61461074,5575.45,coinmarketcap_data_api_listings_historical
2025-07-04,9906,BUNI,Bunicorn,0.0023837,66860.94784923,0.0,coinmarketcap_data_api_listings_historical
2025-07-04,2624,SENC,Sentinel Chain,0.0003379,66657.23635718,63879.57,coinmarketcap_data_api_listings_historical
2025-07-04,27996,TRC,MetaTrace,0.0001843,65953.06833311,9610.9,coinmarketcap_data_api_listings_historical
2025-07-04,8697,KONO,Konomi Network,0.0006418,64180.26224036,0.0,coinmarketcap_data_api_listings_historical
2025-07-04,19677,HAWK,HawkFi,6.201e-05,63992.53507715,141558.44,coinmarketcap_data_api_listings_historical
2025-07-04,28173,GOLD,Gold,0.00389172,63958.81905133,0.0,coinmarketcap_data_api_listings_historical
2025-07-04,29302,NEVER,neversol,8.8e-07,63633.52380395,65717.25,coinmarketcap_data_api_listings_historical
2025-07-04,20488,CLEG,Chain of Legends,0.00042299,62741.24947789,5583.33,coinmarketcap_data_api_listings_historical
2025-07-04,33646,CATS,GoldenCat,9e-08,62672.02486181,0.0,coinmarketcap_data_api_listings_historical
2025-07-04,2359,POLIS,Polis,0.00635326,62464.59772441,0.0,coinmarketcap_data_api_listings_historical
2025-07-04,15564,DXGM,DEXGame,9.838e-05,62269.27415808,65209.55,coinmarketcap_data_api_listings_historical
2025-07-04,4917,DEXA,DEXA COIN,2.41e-06,60157.92156473,18303.49,coinmarketcap_data_api_listings_historical
2025-07-04,11512,KLO,Kalao,0.00031524,59885.69757323,50612.62,coinmarketcap_data_api_listings_historical
2025-07-04,29200,DEFI,DeFi,0.00197681,59422.49442885,777575.16,coinmarketcap_data_api_listings_historical
2025-07-04,28823,BBL,beoble,6.087e-05,59184.42321306,94.71,coinmarketcap_data_api_listings_historical
2025-07-04,8717,ODDZ,Oddz,0.00059703,59106.38324878,97564.23,coinmarketcap_data_api_listings_historical
2025-07-04,6992,SPARTA,Spartan Protocol,0.00078685,58842.83631444,0.0,coinmarketcap_data_api_listings_historical
2025-07-04,8452,SHIELD,Shield Protocol,0.24006094,58694.65870317,0.0,coinmarketcap_data_api_listings_historical
2025-07-04,12649,ALA,Alanyaspor Fan Token,0.03670326,58383.83553789,94525.26,coinmarketcap_data_api_listings_historical
2025-07-04,12929,1ART,OneArt,0.00040443,58001.85300026,154.94,coinmarketcap_data_api_listings_historical
2025-07-04,24728,MBLK,Magical Blocks,0.00049875,57739.27857507,63061.06,coinmarketcap_data_api_listings_historical
2025-07-04,33771,PEANUT,Peanut,1.4e-07,57677.00878078,0.0,coinmarketcap_data_api_listings_historical
2025-07-04,28991,BOZO,BOZO,0.0,57472.74090796,3600.92,coinmarketcap_data_api_listings_historical
2025-07-04,2913,DTX,Databroker,0.00068017,57314.4639941,16.49,coinmarketcap_data_api_listings_historical
2025-07-04,2689,RBLX,Rublix,0.00275914,57240.84244831,0.0,coinmarketcap_data_api_listings_historical
2025-07-04,8484,OLY,Olyverse,4.238e-05,57092.1139292,15.15,coinmarketcap_data_api_listings_historical
2025-07-04,35504,NIBBLES,Nibbles,4e-07,57040.53507473,0.0,coinmarketcap_data_api_listings_historical
2025-07-04,30303,GB,Gary Banking,5.4e-06,56717.52192863,332.28,coinmarketcap_data_api_listings_historical
2025-07-04,6938,YF-DAI,YFDAI.FINANCE,14.20976327,56640.11640981,67767.77,coinmarketcap_data_api_listings_historical
2025-07-04,8554,PRCY,PRivaCY Coin,0.00389384,56336.27856122,0.0,coinmarketcap_data_api_listings_historical
2025-07-04,23411,RSO,Real Sociedad Fan Token,0.09289802,55931.76124746,0.0,coinmarketcap_data_api_listings_historical
2025-07-04,25354,AA,A3S Protocol,0.00023341,55924.91510027,2904422.68,coinmarketcap_data_api_listings_historical
2025-07-04,31261,GOME,Game of Memes,8.57e-05,55803.5878195,218.48,coinmarketcap_data_api_listings_historical
2025-07-04,7301,AX,AurusX,0.01951237,55686.17949824,0.0,coinmarketcap_data_api_listings_historical
2025-07-04,30143,JUICE,Juice Finance,0.000322,55311.75224775,60568.05,coinmarketcap_data_api_listings_historical
2025-07-04,31387,SOBA,Sol Bastard,6.153e-05,55308.20500155,0.0,coinmarketcap_data_api_listings_historical
2025-07-04,24400,PLAY,Play Token,4.917e-05,55251.31268963,30.33,coinmarketcap_data_api_listings_historical
2025-07-04,33670,TORO,Toro Inoue,5.509e-05,55090.8615187,0.0,coinmarketcap_data_api_listings_historical
2025-07-04,33842,SINK,Let that sink in,7.232e-05,55028.99417626,56043.85,coinmarketcap_data_api_listings_historical
2025-07-04,31165,MCG,MetalCore,0.00014312,54718.58734232,0.0,coinmarketcap_data_api_listings_historical
2025-07-04,14767,GMD,The Coop Network,0.00025382,54037.90542792,0.0,coinmarketcap_data_api_listings_historical
2025-07-04,34349,DOGE,Dogecast (dogecast.build),9.214e-05,52798.16857127,78829.42,coinmarketcap_data_api_listings_historical
2025-07-04,10462,SHILL,SHILL Token,0.00014768,52734.34789533,61419.55,coinmarketcap_data_api_listings_historical
2025-07-04,5963,CNS,Centric Swap,5.3e-07,52690.21309841,193246.62,coinmarketcap_data_api_listings_historical
2025-07-04,35237,HTERM,Hiero Terminal,6.428e-05,52244.82089586,0.0,coinmarketcap_data_api_listings_historical
2025-07-04,1787,JET,Jetcoin,0.00071318,51896.78157046,11.26,coinmarketcap_data_api_listings_historical
2025-07-04,12416,PLSPAD,PulsePad,0.0003098,51340.0828503,59900.89,coinmarketcap_data_api_listings_historical
2025-07-04,8755,NRV,Nerve Finance,0.00110532,51107.61712742,65617.28,coinmarketcap_data_api_listings_historical
2025-07-04,32877,LMF,Lamas Finance,0.00710732,51033.31654607,783.14,coinmarketcap_data_api_listings_historical
2025-07-04,7952,vSXP,Venus SXP,0.00360056,50838.49753399,0.0,coinmarketcap_data_api_listings_historical
2025-07-04,9666,TRR,Terran Coin,0.00214506,50737.80951591,67660.57,coinmarketcap_data_api_listings_historical
2025-07-04,5313,CTCN,CONTRACOIN,0.00099025,50527.21603738,17.74,coinmarketcap_data_api_listings_historical
2025-07-04,34527,AAAHHM,Plankton in Pain,5.052e-05,50516.0114489,0.0,coinmarketcap_data_api_listings_historical
2025-07-04,4452,BDP,BidiPass,0.00013061,50497.41404555,0.0,coinmarketcap_data_api_listings_historical
2025-07-04,9654,SKILL,CryptoBlades,0.06645389,50397.00580098,0.0,coinmarketcap_data_api_listings_historical
2025-07-04,7784,BLINK,BLink,0.0002722,50178.85202157,22446.39,coinmarketcap_data_api_listings_historical
2025-07-04,5187,JRT,Jarvis Network,0.00172786,50118.17505531,47.35,coinmarketcap_data_api_listings_historical
2025-07-04,8063,DUCK,Duck DAO (DLP Duck Token),0.00156832,49118.37700414,0.0,coinmarketcap_data_api_listings_historical
2025-07-04,9002,BUSY,Busy DAO,0.00039233,49041.39206406,64167.56,coinmarketcap_data_api_listings_historical
2025-07-04,20349,IGU,IguVerse,0.00084653,48412.51938852,71891.21,coinmarketcap_data_api_listings_historical
2025-07-04,28646,EARN,Earn Network,6e-06,48244.61811164,138938.62,coinmarketcap_data_api_listings_historical
2025-07-04,1473,PASC,Pascal,0.00118852,47907.40905689,0.0,coinmarketcap_data_api_listings_historical
2025-07-04,35726,BRAT,Brat,4.78e-05,47799.57246379,218938.59,coinmarketcap_data_api_listings_historical
2025-07-04,11563,AIRI,aiRight,0.00018605,47676.95024265,95759.77,coinmarketcap_data_api_listings_historical
2025-07-04,35197,SYNTH,SYNTHR,0.00030639,47671.05496719,3289.0,coinmarketcap_data_api_listings_historical
2025-07-04,33127,KOAI,KOI,0.00057184,47017.24395244,48181.66,coinmarketcap_data_api_listings_historical
2025-07-04,20535,MOVEZ,MOVEZ,1.26e-05,46824.87423507,63726.31,coinmarketcap_data_api_listings_historical
2025-07-04,9269,FINE,Refinable,0.00113769,46713.24405575,61108.09,coinmarketcap_data_api_listings_historical
2025-07-04,11329,KAMPAY,KamPay,0.00011391,46597.66341289,0.0,coinmarketcap_data_api_listings_historical
2025-07-04,9931,SNM,SONM (BEP-20),0.00013932,46298.10371144,2.91,coinmarketcap_data_api_listings_historical
2025-07-04,36251,PHIL,Binance Mascot,4.62e-05,46203.08612277,0.0,coinmarketcap_data_api_listings_historical
2025-07-04,23296,NEU,Neutra Finance,0.05888133,45958.50430219,0.0,coinmarketcap_data_api_listings_historical
2025-07-04,30218,MABA,Make America Based Again,4.945e-05,45609.39956733,46.25,coinmarketcap_data_api_listings_historical
2025-07-04,28866,SOLZILLA,Solzilla,0.0,44522.74994657,0.0,coinmarketcap_data_api_listings_historical
2025-07-04,8421,ARGON,Argon,0.00044562,44052.11233058,0.0,coinmarketcap_data_api_listings_historical
2025-07-04,20825,PTS,Petals,3.11e-06,43883.97864462,63021.76,coinmarketcap_data_api_listings_historical
2025-07-04,17316,SPELLFIRE,Spellfire,9.318e-05,43647.90082283,110567.7,coinmarketcap_data_api_listings_historical
2025-07-04,8419,APYS,APYSwap,0.00239686,43601.33856736,76826.1,coinmarketcap_data_api_listings_historical
2025-07-04,8320,PBR,PolkaBridge,0.00058007,43458.83803084,0.0,coinmarketcap_data_api_listings_historical
2025-07-04,35208,CATG,C.A.T (Crypto Agent Trading),4.343e-05,43428.93211088,402.86,coinmarketcap_data_api_listings_historical
2025-07-04,17035,GLINT,BeamSwap,4.727e-05,43394.0777856,0.0,coinmarketcap_data_api_listings_historical
2025-07-04,13932,GENESIS,Genesis Worlds,0.00024157,43391.41699927,0.0,coinmarketcap_data_api_listings_historical
2025-07-04,2717,BOUTS,BoutsPro,0.00056451,43249.77415715,0.0,coinmarketcap_data_api_listings_historical
2025-07-04,12066,SHI,Shirtum,0.00024578,42722.04512314,53039.28,coinmarketcap_data_api_listings_historical
2025-07-04,12115,ORION,Orion Money,0.00044829,42587.55155364,66284.54,coinmarketcap_data_api_listings_historical
2025-07-04,32743,APES,APES,4.249e-05,42491.17901228,586.39,coinmarketcap_data_api_listings_historical
2025-07-04,11752,XPNET,XP NETWORK,0.00031899,42065.19444092,40413.79,coinmarketcap_data_api_listings_historical
2025-07-04,29639,NINU,Nvidia Inu,5.86e-06,42048.19055019,0.0,coinmarketcap_data_api_listings_historical
2025-07-04,2938,GARD,Hashgard,4.19e-06,41944.71115176,50411.68,coinmarketcap_data_api_listings_historical
2025-07-04,33455,SUILAMA,Suilama,4.15e-06,41543.01302228,0.0,coinmarketcap_data_api_listings_historical
2025-07-04,11258,CRE8,Creaticles,0.00052901,41290.75347736,65033.53,coinmarketcap_data_api_listings_historical
2025-07-04,9259,FOC,TheForce Trade,0.0005144,41254.95115707,0.0,coinmarketcap_data_api_listings_historical
2025-07-04,34286,YELPE,Yellow Pepe,4.103e-05,41032.23414271,0.0,coinmarketcap_data_api_listings_historical
2025-07-04,15585,GF,GuildFi,0.00140036,41031.42537889,0.62,coinmarketcap_data_api_listings_historical
2025-07-04,35920,STAR10,Ronaldinho Coin,0.00020165,40964.59983517,73511.93,coinmarketcap_data_api_listings_historical
2025-07-04,21621,LOE,Legends of Elysium,0.00297075,40887.703193,85337.88,coinmarketcap_data_api_listings_historical
2025-07-04,9615,POLX,Polylastic,6.1e-07,40874.06212533,0.0,coinmarketcap_data_api_listings_historical
2025-07-04,10748,PWAR,PolkaWar,0.00049165,40719.68472097,66270.87,coinmarketcap_data_api_listings_historical
2025-07-04,2291,GNX,Genaro Network,6.251e-05,40629.72299441,0.0,coinmarketcap_data_api_listings_historical
2025-07-04,29099,MINU,Minu,1e-08,40396.29790996,20.74,coinmarketcap_data_api_listings_historical
2025-07-04,8561,KEYFI,KeyFi,0.01467047,39440.52628015,0.0,coinmarketcap_data_api_listings_historical
2025-07-04,8627,FLASH,Flashstake,0.00051072,39273.37922998,0.0,coinmarketcap_data_api_listings_historical
2025-07-04,29686,ZAI,ZAIBOT,0.00748366,39252.44116014,0.0,coinmarketcap_data_api_listings_historical
2025-07-04,20546,REV3L,REV3AL,0.00010668,39040.20295518,2016.66,coinmarketcap_data_api_listings_historical
2025-07-04,32813,BUFFI,Bufficorn,9e-08,38894.21364861,0.0,coinmarketcap_data_api_listings_historical
2025-07-04,31121,LABZ,Insane Labz,0.00078523,38885.3867812,8634.05,coinmarketcap_data_api_listings_historical
2025-07-04,24580,LITT,LitLab Games,0.00013266,38714.33634613,0.0,coinmarketcap_data_api_listings_historical
2025-07-04,15575,PLASTIK,Plastiks,0.00025316,38594.11635299,0.0,coinmarketcap_data_api_listings_historical
2025-07-04,8259,COMBO,Furucombo,0.00095104,38583.57632153,0.0,coinmarketcap_data_api_listings_historical
2025-07-04,7742,MPH,88mph,0.08225656,38272.2488057,57806.41,coinmarketcap_data_api_listings_historical
2025-07-04,5835,DEC,Decentr,0.00035009,38078.11297695,0.0,coinmarketcap_data_api_listings_historical
2025-07-04,8605,WOW,WOWswap,0.03791125,37891.79074929,272957.53,coinmarketcap_data_api_listings_historical
2025-07-04,1828,SMART,SmartCash,2.664e-05,37666.74814497,0.07,coinmarketcap_data_api_listings_historical
2025-07-04,13068,COGI,COGI,0.0006108,37617.44928596,0.0,coinmarketcap_data_api_listings_historical
2025-07-04,32902,BRUH,Bruh,3.701e-05,37010.19069669,49960.14,coinmarketcap_data_api_listings_historical
2025-07-04,8544,FCL,Fractal ID,0.00217317,36064.33854367,0.0,coinmarketcap_data_api_listings_historical
2025-07-04,3335,SHARD,Shard,0.00209222,35776.94167283,0.0,coinmarketcap_data_api_listings_historical
2025-07-04,6470,HIBS,Hiblocks,3.46e-06,34849.0190168,63031.77,coinmarketcap_data_api_listings_historical
2025-07-04,10186,SMILEK,Smilek to the Bank,2e-08,34752.51850041,0.0,coinmarketcap_data_api_listings_historical
2025-07-04,13216,NINO,Ninneko,0.00053538,34748.39978528,0.0,coinmarketcap_data_api_listings_historical
2025-07-04,4026,DAPP,LiquidApps,4.886e-05,34685.19147022,95.33,coinmarketcap_data_api_listings_historical
2025-07-04,5114,CNB,Coinsbit Token,2.585e-05,34408.40602924,0.0,coinmarketcap_data_api_listings_historical
2025-07-04,20502,TRAXX,Traxx,0.00076065,34111.92810667,7288.78,coinmarketcap_data_api_listings_historical
2025-07-04,3898,AXE,Axe,0.00648303,34107.01050161,0.79,coinmarketcap_data_api_listings_historical
2025-07-04,8647,PAINT,MurAll,3.62e-06,33483.2241664,0.0,coinmarketcap_data_api_listings_historical
2025-07-04,8494,MOD,Modefi,0.00208231,33476.87876506,0.0,coinmarketcap_data_api_listings_historical
2025-07-04,32259,MOBY,Moby,3.34e-06,33376.04799408,0.0,coinmarketcap_data_api_listings_historical
2025-07-04,11021,CO,Corite,0.00027255,33305.32609301,0.0,coinmarketcap_data_api_listings_historical
2025-07-04,33887,RAPTOR,Philosoraptor,3.397e-05,33071.21337987,47413.23,coinmarketcap_data_api_listings_historical
2025-07-04,12892,LFW,Linked Finance World,0.00102691,32874.62275594,59589.52,coinmarketcap_data_api_listings_historical
2025-07-04,1185,FREED,FreedomCoin,0.00494577,32663.81270318,0.03,coinmarketcap_data_api_listings_historical
2025-07-04,35646,PUMPIT,BOGDANOFF,3.264e-05,32643.1757811,0.0,coinmarketcap_data_api_listings_historical
2025-07-04,8937,WOOP,Woonkly,0.00014199,32457.06001547,0.0,coinmarketcap_data_api_listings_historical
2025-07-04,7870,PPAY,Plasma Finance,0.00026005,32016.64140616,0.0,coinmarketcap_data_api_listings_historical
2025-07-04,34934,BLEND,Blend,3.185e-05,31848.38646054,0.0,coinmarketcap_data_api_listings_historical
2025-07-04,35020,FUSION,Fusion AI,3.16e-05,31598.72461291,0.0,coinmarketcap_data_api_listings_historical
2025-07-04,29580,DECHAT,Dechat,0.00635858,31125.56734523,15566.05,coinmarketcap_data_api_listings_historical
2025-07-04,30490,MOJO,Planet Mojo,0.00083969,30671.01650801,163088.79,coinmarketcap_data_api_listings_historical
2025-07-04,8541,erowan,SifChain,1e-06,30321.84185708,0.0,coinmarketcap_data_api_listings_historical
2025-07-04,2666,EFX,Effect AI (old),0.00011843,29865.44759063,0.0,coinmarketcap_data_api_listings_historical
2025-07-04,32862,MUNCAT,MUNCAT,2.986e-05,29863.0143255,0.0,coinmarketcap_data_api_listings_historical
2025-07-04,32042,SPIKE,Spike,3.116e-05,29849.38381606,0.0,coinmarketcap_data_api_listings_historical
2025-07-04,7841,IDLE,Idle,0.00333819,29727.90312453,5.91,coinmarketcap_data_api_listings_historical
2025-07-04,33244,$RDOG,Repost Dog,2.954e-05,29532.15134189,0.0,coinmarketcap_data_api_listings_historical
2025-07-04,7244,SATT,SaTT,8.9e-06,28886.93067728,3.42,coinmarketcap_data_api_listings_historical
2025-07-04,32590,DOGY,Dogy,3e-08,28801.15333843,47739.9,coinmarketcap_data_api_listings_historical
2025-07-04,7791,BUNNY,Pancake Bunny,0.05642433,28789.50085298,52284.72,coinmarketcap_data_api_listings_historical
2025-07-04,35077,PUMPAI,PUMPAI,8.325e-05,28562.28567497,63927.32,coinmarketcap_data_api_listings_historical
2025-07-04,3754,EVY,EveryCoin ,3.04e-06,28541.48158071,31.96,coinmarketcap_data_api_listings_historical
2025-07-04,22259,BTT,Bitteam token,6.102e-05,28128.14327376,12.7,coinmarketcap_data_api_listings_historical
2025-07-04,33170,PUNCH,ONE PUNCH CAT,3.164e-05,27829.41814458,0.0,coinmarketcap_data_api_listings_historical
2025-07-04,33518,PDOGE,Poor Doge,2.5e-07,27748.17431733,0.0,coinmarketcap_data_api_listings_historical
2025-07-04,8105,ROCKI,ROCKI,0.00339908,27387.18444123,48499.93,coinmarketcap_data_api_listings_historical
2025-07-04,25896,stSTARS,Stride Staked STARS,0.00152845,27369.99999481,0.0,coinmarketcap_data_api_listings_historical
2025-07-04,32462,YOUNES,YOUNES,2.731e-05,27309.49234817,0.0,coinmarketcap_data_api_listings_historical
2025-07-04,35970,TAX,Taxpad,0.00027227,27226.74625826,0.0,coinmarketcap_data_api_listings_historical
2025-07-04,8483,BRY,Berry Data,0.01334009,26680.17335769,0.0,coinmarketcap_data_api_listings_historical
2025-07-04,8386,GUM,Gourmet Galaxy,0.00805487,26678.9015856,0.0,coinmarketcap_data_api_listings_historical
2025-07-04,10367,APRIL,April,0.00031632,26655.16417486,1.4,coinmarketcap_data_api_listings_historical
2025-07-04,31267,UTYAB,UTYABSWAP,2.614e-05,26135.61904858,0.0,coinmarketcap_data_api_listings_historical
2025-07-04,8799,INSUR,InsurAce,0.00058114,26088.63288456,0.0,coinmarketcap_data_api_listings_historical
2025-07-04,7182,BHC,Billion Happiness,0.51796417,25898.20826558,0.0,coinmarketcap_data_api_listings_historical
2025-07-04,10251,CORGIB,The Corgi of PolkaBridge,0.0,25821.94786305,0.0,coinmarketcap_data_api_listings_historical
2025-07-04,8695,BLANK,BlockWallet,0.00132215,25642.94548765,0.0,coinmarketcap_data_api_listings_historical
2025-07-04,31106,DOKY,Donkey King,2.95e-06,25596.77120146,0.0,coinmarketcap_data_api_listings_historical
2025-07-04,18483,ERA,Era Token (Era7),0.0005552,25551.0648135,0.0,coinmarketcap_data_api_listings_historical
2025-07-04,18436,GINOA,Ginoa,0.01000254,25506.46759757,4504.88,coinmarketcap_data_api_listings_historical
2025-07-04,8912,TIDAL,Tidal Finance,2.924e-05,25300.05209275,68488.21,coinmarketcap_data_api_listings_historical
2025-07-04,32378,MOTH,MOTH,2.498e-05,24976.42533712,0.0,coinmarketcap_data_api_listings_historical
2025-07-04,2022,INXT,Internxt,0.0221681,24812.61965737,0.0,coinmarketcap_data_api_listings_historical
2025-07-04,2002,TZC,TrezarCoin,7.564e-05,24755.59003915,0.0,coinmarketcap_data_api_listings_historical
2025-07-04,7860,CTI,ClinTex CTi,0.00019701,24517.32770005,0.0,coinmarketcap_data_api_listings_historical
2025-07-04,11923,EBA,Elpis Battle,0.00109133,24197.65997819,0.0,coinmarketcap_data_api_listings_historical
2025-07-04,35618,AVAXAI,AIvalanche DeFAI Agents,0.00012701,24168.30414348,359448.63,coinmarketcap_data_api_listings_historical
2025-07-04,35102,ARNOLD,ARNOLD,2.381e-05,23805.13094881,0.01,coinmarketcap_data_api_listings_historical
2025-07-04,32984,UNIO,Unio Coin,3.985e-05,23780.09934864,209.53,coinmarketcap_data_api_listings_historical
2025-07-04,9225,RGP,Rigel Protocol,0.00941606,23493.17545936,0.0,coinmarketcap_data_api_listings_historical
2025-07-04,24442,MAF,MetaMAFIA,8.654e-05,23427.73317082,17164.39,coinmarketcap_data_api_listings_historical
2025-07-04,30034,STKATOM,pSTAKE Staked ATOM,5.85741901,23367.72708287,7.68,coinmarketcap_data_api_listings_historical
2025-07-04,22274,HYPER,HyperChainX,4.044e-05,23341.05655538,0.0,coinmarketcap_data_api_listings_historical
2025-07-04,8790,KINE,KINE,0.00114651,23173.08878037,0.0,coinmarketcap_data_api_listings_historical
2025-07-04,7809,CARBON,Carbon,0.00065838,23167.48703883,0.0,coinmarketcap_data_api_listings_historical
2025-07-04,32423,TADDY,DADDY TRUMP,3.19e-05,23022.83643417,0.0,coinmarketcap_data_api_listings_historical
2025-07-04,32297,BILL,BILL THE BEAR,3e-08,23005.87450718,0.0,coinmarketcap_data_api_listings_historical
2025-07-04,34634,ZB,ZeroByte,2.295e-05,22950.41310171,0.0,coinmarketcap_data_api_listings_historical
2025-07-04,3449,MMO,MMOCoin,0.00033475,22940.85352333,0.01,coinmarketcap_data_api_listings_historical
2025-07-04,34122,EFR,End Federal Reserve,2.256e-05,22558.76433111,0.0,coinmarketcap_data_api_listings_historical
2025-07-04,33776,SUMI,SUMI,2.254e-05,22359.62685689,0.0,coinmarketcap_data_api_listings_historical
2025-07-04,34057,SQRL,Squirrel Swap,2.235e-05,22350.91849721,0.0,coinmarketcap_data_api_listings_historical
2025-07-04,28204,MONOPOLY,Meta Monopoly,2.214e-05,22141.67795735,0.0,coinmarketcap_data_api_listings_historical
2025-07-04,9583,MEL,MELX,0.00108723,22071.15754484,0.0,coinmarketcap_data_api_listings_historical
2025-07-04,5025,JADE,Jade Currency,0.0004113,22067.0777435,0.0,coinmarketcap_data_api_listings_historical
2025-07-04,34614,ENVOY,Envoy A.I,2.456e-05,21669.59416825,0.0,coinmarketcap_data_api_listings_historical
2025-07-04,10803,FEVR,RealFevr,1.99e-06,21482.19755164,0.0,coinmarketcap_data_api_listings_historical
2025-07-04,28659,NetZ,MainnetZ,0.00014947,21427.59445144,205532.38,coinmarketcap_data_api_listings_historical
2025-07-04,10408,FORM,Formation Fi,0.00026464,21105.89044825,0.01,coinmarketcap_data_api_listings_historical
2025-07-04,11516,EKTA,Ekta,0.00060609,21073.56340497,174.34,coinmarketcap_data_api_listings_historical
2025-07-04,11562,SWP,Kava Swap,0.0006202,20996.21004257,0.0,coinmarketcap_data_api_listings_historical
2025-07-04,22970,CVTX,Carrieverse,0.00010022,20811.02676086,71.35,coinmarketcap_data_api_listings_historical
2025-07-04,11291,KMON,Kryptomon,0.00010917,20724.99403885,0.0,coinmarketcap_data_api_listings_historical
2025-07-04,9447,SNY,Synthetify,0.00367444,20668.74755561,115702.87,coinmarketcap_data_api_listings_historical
2025-07-04,1200,NEVA,NevaCoin,0.00379096,20591.08039633,282632.98,coinmarketcap_data_api_listings_historical
2025-07-04,5185,KOK,KOK,0.00018517,19874.66393036,0.0,coinmarketcap_data_api_listings_historical
2025-07-04,33051,JIN,JinPeng,2.314e-05,19768.88734051,51.7,coinmarketcap_data_api_listings_historical
2025-07-04,15858,GCOIN,Galaxy Fight Club,0.00137141,19726.96685998,57234.67,coinmarketcap_data_api_listings_historical
2025-07-04,31496,PAPU,Papu Token,0.0,19027.45668743,0.0,coinmarketcap_data_api_listings_historical
2025-07-04,29603,ICNX,Icon.X World,0.00151971,18977.83697045,0.0,coinmarketcap_data_api_listings_historical
2025-07-04,8188,MSWAP,MoneySwap,1.244e-05,18656.39707928,62810.13,coinmarketcap_data_api_listings_historical
2025-07-04,10905,AIRT,AirNFTs,0.00016476,18459.87107069,0.0,coinmarketcap_data_api_listings_historical
2025-07-04,7034,GOF,Golff,0.00183939,18392.71169061,0.0,coinmarketcap_data_api_listings_historical
2025-07-04,15926,RAIN,Rainmaker Games,2.771e-05,18339.44955392,148.92,coinmarketcap_data_api_listings_historical
2025-07-04,2158,PHR,Phore,0.00059652,18215.32577358,0.0,coinmarketcap_data_api_listings_historical
2025-07-04,32847,$VENKO,VENKO,3e-08,18204.52670954,0.0,coinmarketcap_data_api_listings_historical
2025-07-04,30817,DLORD,DORK LORD,1.917e-05,18000.78953119,0.0,coinmarketcap_data_api_listings_historical
2025-07-04,22088,ING,Infinity Games,3.57e-06,17840.51049227,64403.76,coinmarketcap_data_api_listings_historical
2025-07-04,34637,LOGOS,LOGOS AI,1.754e-05,17540.39096076,0.0,coinmarketcap_data_api_listings_historical
2025-07-04,18354,RBLS,Rebel Bots,0.00014128,17418.96782664,0.0,coinmarketcap_data_api_listings_historical
2025-07-04,36214,DGK,DIGIKA,0.00156042,17352.64578393,4.87,coinmarketcap_data_api_listings_historical
2025-07-04,7377,DOGES,Dogeswap,0.84802696,16960.53928934,0.0,coinmarketcap_data_api_listings_historical
2025-07-04,7553,eRSDL,Residual Token,2.002e-05,16827.72044963,19.8,coinmarketcap_data_api_listings_historical
2025-07-04,29850,DBZ,Dragonball Z Tribute,2e-08,16608.89206689,0.0,coinmarketcap_data_api_listings_historical
2025-07-04,32808,PUCCA,PUCCA,1.963e-05,16548.24011381,0.0,coinmarketcap_data_api_listings_historical
2025-07-04,10666,LANC,Lanceria,6.099e-05,16416.76898363,0.0,coinmarketcap_data_api_listings_historical
2025-07-04,7262,XDNA,extraDNA,1.379e-05,16414.54760795,2.01,coinmarketcap_data_api_listings_historical
2025-07-04,4286,ZNZ,ZENZO,0.00055291,16403.20793809,0.0,coinmarketcap_data_api_listings_historical
2025-07-04,2452,TBX,Tokenbox,0.00144439,16228.4144942,2.14,coinmarketcap_data_api_listings_historical
2025-07-04,3657,LAMB,Lambda,9.85e-06,16217.95659756,27043.07,coinmarketcap_data_api_listings_historical
2025-07-04,33400,TWURTLE,twurtle the turtle,1.612e-05,16120.99134376,0.0,coinmarketcap_data_api_listings_historical
2025-07-04,34335,HOTDOGE,Hot Doge,1.611e-05,16114.10083221,0.0,coinmarketcap_data_api_listings_historical
2025-07-04,30365,SHOOT,Mars Battle,0.00017107,15693.17313364,0.0,coinmarketcap_data_api_listings_historical
2025-07-04,35076,HXAI,Healix AI,0.00156506,15650.59955044,0.0,coinmarketcap_data_api_listings_historical
2025-07-04,9756,VPP,Virtue Poker,0.00014574,15592.94459611,0.0,coinmarketcap_data_api_listings_historical
2025-07-04,9253,TWIN,Twinci,0.07684674,15369.34772432,0.0,coinmarketcap_data_api_listings_historical
2025-07-04,29648,WSG,Wall Street Games,5.548e-05,15279.63250232,0.0,coinmarketcap_data_api_listings_historical
2025-07-04,32598,GODCAT,Godcat Exploding Kittens,1.906e-05,15191.97336588,0.0,coinmarketcap_data_api_listings_historical
2025-07-04,27648,SABLE,Sable Finance,0.00292303,15136.87132019,0.0,coinmarketcap_data_api_listings_historical
2025-07-04,5086,UPI,Pawtocol,5.787e-05,14927.016773,0.0,coinmarketcap_data_api_listings_historical
2025-07-04,30270,FOMO,FOMO BULL CLUB,4.4e-07,14860.62597484,0.0,coinmarketcap_data_api_listings_historical
2025-07-04,27933,WBONES,Wrapped BONES,0.2036,14786.02870568,0.0,coinmarketcap_data_api_listings_historical
2025-07-04,36359,JINGLE,Jingle,1.46e-05,14598.04811371,0.0,coinmarketcap_data_api_listings_historical
2025-07-04,9856,KFT,Knit Finance,0.00294173,14414.49210048,64114.21,coinmarketcap_data_api_listings_historical
2025-07-04,24839,MOZ,Mozaic,9.264e-05,13835.12623128,0.0,coinmarketcap_data_api_listings_historical
2025-07-04,10824,HTZ,Hertz Network,2.62e-06,13738.58574676,0.0,coinmarketcap_data_api_listings_historical
2025-07-04,11251,DXL,Dexlab,0.00026134,13727.40428367,0.0,coinmarketcap_data_api_listings_historical
2025-07-04,32113,HAWK,Hawk Tuah (hawktuuuah.com),1.424e-05,13707.80121828,0.0,coinmarketcap_data_api_listings_historical
2025-07-04,31184,KATCHU,Katchu Coin,1.704e-05,13537.42653596,0.0,coinmarketcap_data_api_listings_historical
2025-07-04,7647,AZUKI,Azuki,0.00119571,13493.60475951,123.1,coinmarketcap_data_api_listings_historical
2025-07-04,10687,NOM,Onomy Protocol,0.00010003,13467.35603026,0.0,coinmarketcap_data_api_listings_historical
2025-07-04,6665,LGCY,LGCY Network,1.05e-06,13353.11379257,0.0,coinmarketcap_data_api_listings_historical
2025-07-04,35198,ZOO,Zoo World,1.329e-05,13288.07534398,0.0,coinmarketcap_data_api_listings_historical
2025-07-04,12463,TCS,Timechain Swap Token,0.00367124,13269.79135611,0.0,coinmarketcap_data_api_listings_historical
2025-07-04,6789,BCUG,Blockchain Cuties Universe Governance,0.00955112,13160.41576206,0.0,coinmarketcap_data_api_listings_historical
2025-07-04,32095,LOVELY,Lovely Finance [New],4.34e-06,12882.01406628,0.0,coinmarketcap_data_api_listings_historical
2025-07-04,31989,QSWAP,Quantum Network,1.38e-06,12715.41221043,0.0,coinmarketcap_data_api_listings_historical
2025-07-04,12042,SYP,Sypool,0.00019074,12467.9481052,41519.58,coinmarketcap_data_api_listings_historical
2025-07-04,10099,KALM,KALM,0.00145346,12427.08574577,0.22,coinmarketcap_data_api_listings_historical
2025-07-04,12797,SHOE,ShoeFy,0.00094916,12352.11737104,63730.62,coinmarketcap_data_api_listings_historical
2025-07-04,35865,RELIGN,RELIGN,1.231e-05,12309.00503228,0.0,coinmarketcap_data_api_listings_historical
2025-07-04,5016,INNBC,Innovative Bioresearch Coin,1e-08,12288.89157696,0.0,coinmarketcap_data_api_listings_historical
2025-07-04,30828,CATA,CATAMOTO,6.3e-07,12203.32252523,67.49,coinmarketcap_data_api_listings_historical
2025-07-04,20896,AZY,Amazy,0.00029387,12026.44565102,58506.13,coinmarketcap_data_api_listings_historical
2025-07-04,21677,SKP,SKYPlay,7.652e-05,12022.6380149,2.79,coinmarketcap_data_api_listings_historical
2025-07-04,2160,INN,Innova,0.00173844,11998.32495618,1.42,coinmarketcap_data_api_listings_historical
2025-07-04,12878,BEM,BEMIL Coin,1.193e-05,11928.30758212,0.0,coinmarketcap_data_api_listings_historical
2025-07-04,25284,WDOGE,Wrapped Dogecoin,0.16098779,11599.2038288,157940.91,coinmarketcap_data_api_listings_historical
2025-07-04,34889,CORGI,Corgi Inu (corgibnb.com),1.705e-05,11496.60724001,0.0,coinmarketcap_data_api_listings_historical
2025-07-04,8449,EGG,Goose Finance,0.00647583,11365.92844799,66156.89,coinmarketcap_data_api_listings_historical
2025-07-04,12690,WPKT,Wrapped PKT,0.00017982,11234.90049,0.0,coinmarketcap_data_api_listings_historical
2025-07-04,29086,CATMAN,Catman,1.159e-05,11012.53003948,0.0,coinmarketcap_data_api_listings_historical
2025-07-04,24899,SALD,Salad,0.00014479,10947.66449623,74233.77,coinmarketcap_data_api_listings_historical
2025-07-04,7698,CORX,CorionX,8.419e-05,10937.5819244,382863.66,coinmarketcap_data_api_listings_historical
2025-07-04,2345,HPB,Hyperblox,0.00014421,10537.42394058,0.0,coinmarketcap_data_api_listings_historical
2025-07-04,12301,TREEB,Retreeb,1.916e-05,10478.3594182,0.0,coinmarketcap_data_api_listings_historical
2025-07-04,11978,RPG,Revolve Games,0.00013283,10274.24088961,0.0,coinmarketcap_data_api_listings_historical
2025-07-04,9544,PRARE,POLKARARE,0.00087542,9965.07857759,64636.61,coinmarketcap_data_api_listings_historical
2025-07-04,16516,DOM,Ancient Kingdom,6.28e-06,9946.45114355,0.0,coinmarketcap_data_api_listings_historical
2025-07-04,11448,HUSL,The HUSL,0.00092774,9629.82431754,0.0,coinmarketcap_data_api_listings_historical
2025-07-04,29834,ND,Nemesis Downfall,8.1e-07,9543.26783613,0.0,coinmarketcap_data_api_listings_historical
2025-07-04,33060,SOCIAL,Social DAO,9.35e-06,9391.39157124,0.0,coinmarketcap_data_api_listings_historical
2025-07-04,7436,BNF,BonFi,3.151e-05,9371.05741708,1.55,coinmarketcap_data_api_listings_historical
2025-07-04,7206,TITAN,TitanSwap,0.00010005,9265.75242546,0.0,coinmarketcap_data_api_listings_historical
2025-07-04,4940,KUV,Kuverit,2.98e-06,8855.56365818,8.62,coinmarketcap_data_api_listings_historical
2025-07-04,17694,IQT,IQ Protocol,0.00019081,8789.30212493,63920.15,coinmarketcap_data_api_listings_historical
2025-07-04,34946,SIMSAI,SimsAI,8.78e-06,8784.2641519,0.0,coinmarketcap_data_api_listings_historical
2025-07-04,27922,SHIA,Shiba Saga,0.00016279,8780.57851048,0.0,coinmarketcap_data_api_listings_historical
2025-07-04,34964,WNETZ,Wrapped NETZ,0.00011191,8609.28328105,91.24,coinmarketcap_data_api_listings_historical
2025-07-04,7942,XCUR,Curate,0.00100962,8509.3163332,0.0,coinmarketcap_data_api_listings_historical
2025-07-04,5277,SNB,SynchroBitcoin,0.00010503,8433.14096297,1.53,coinmarketcap_data_api_listings_historical
2025-07-04,1894,TCC,The ChampCoin,0.00016704,8352.18219864,0.0,coinmarketcap_data_api_listings_historical
2025-07-04,23419,ZYB,Zyberswap,0.00147777,8308.77973625,0.0,coinmarketcap_data_api_listings_historical
2025-07-04,18709,LUC,Lucretius,3.361e-05,8231.52564781,20.27,coinmarketcap_data_api_listings_historical
2025-07-04,9546,ODIN,Odin Protocol,0.00045352,7922.48636841,0.0,coinmarketcap_data_api_listings_historical
2025-07-04,32525,AVACN,AVACOIN,2e-06,7883.39703299,0.0,coinmarketcap_data_api_listings_historical
2025-07-04,10522,PACOCA,Pacoca,2.354e-05,7792.79616652,0.0,coinmarketcap_data_api_listings_historical
2025-07-04,7677,REAP,ReapChain,5.52e-06,7704.93925938,7974.91,coinmarketcap_data_api_listings_historical
2025-07-04,7876,VAL,SORA Validator Token,0.01883324,7684.01733531,312.89,coinmarketcap_data_api_listings_historical
2025-07-04,7594,SMTY,Smoothy,0.0014934,7601.06834661,274399.5,coinmarketcap_data_api_listings_historical
2025-07-04,11354,WAG,WagyuSwap,0.00013973,7568.35092817,0.0,coinmarketcap_data_api_listings_historical
2025-07-04,7225,FIN,DeFiner,4.501e-05,7562.02716141,51248.09,coinmarketcap_data_api_listings_historical
2025-07-04,10295,IOI,IOI Token,0.00066224,7525.44499297,0.0,coinmarketcap_data_api_listings_historical
2025-07-04,12172,MOWA,Moniwar,0.00069462,7509.40848528,0.0,coinmarketcap_data_api_listings_historical
2025-07-04,13237,FS,FutureStarter,7.077e-05,7324.83271613,0.0,coinmarketcap_data_api_listings_historical
2025-07-04,8143,NORD,Nord Finance,0.00080093,7292.12492539,0.0,coinmarketcap_data_api_listings_historical
2025-07-04,15178,GSTS,Gunstar Metaverse,0.00022783,7128.73491214,0.0,coinmarketcap_data_api_listings_historical
2025-07-04,7231,NSURE,Nsure.Network,0.00121032,6861.28575285,52742.61,coinmarketcap_data_api_listings_historical
2025-07-04,3894,CSPN,Crypto Sports Network,0.00250064,6845.5539135,14.37,coinmarketcap_data_api_listings_historical
2025-07-04,8709,ETHA,ETHA Lend,0.00073106,6842.28461318,0.66,coinmarketcap_data_api_listings_historical
2025-07-04,14389,SAO,Sator,0.00012297,6752.82191929,65084.96,coinmarketcap_data_api_listings_historical
2025-07-04,29441,stEVMOS,Stride Staked EVMOS,0.0053883,6606.27993475,0.0,coinmarketcap_data_api_listings_historical
2025-07-04,11417,GAJ,Gaj Finance,0.00337014,6542.83962071,0.0,coinmarketcap_data_api_listings_historical
2025-07-04,9905,RUNE,Rune,1.30822449,6504.920505,248800.23,coinmarketcap_data_api_listings_historical
2025-07-04,19464,MHUNT,MetaShooter,0.00020068,6473.93755818,64363.78,coinmarketcap_data_api_listings_historical
2025-07-04,7332,EZ,EasyFi,0.00100823,6426.09466809,37.52,coinmarketcap_data_api_listings_historical
2025-07-04,601,ACOIN,Acoin,0.00512077,6247.77943943,0.0,coinmarketcap_data_api_listings_historical
2025-07-04,33148,ABDS,ABDS Token,0.00196065,5979.01726349,0.0,coinmarketcap_data_api_listings_historical
2025-07-04,32128,MSI,monkey shit inu,0.0,5892.01087538,59.43,coinmarketcap_data_api_listings_historical
2025-07-04,4257,BTRS,Bitball Treasure,0.01271387,5721.24114697,283949.91,coinmarketcap_data_api_listings_historical
2025-07-04,8942,PAYB,Paybswap,3.671e-05,5658.47185456,4.72,coinmarketcap_data_api_listings_historical
2025-07-04,12307,RENA,Warena,0.00081489,5591.95688662,53503.48,coinmarketcap_data_api_listings_historical
2025-07-04,14682,1EARTH,EarthFund,7.559e-05,5499.20000683,66985.08,coinmarketcap_data_api_listings_historical
2025-07-04,23740,DOB,DOB on Base,0.00054837,5483.66549777,0.0,coinmarketcap_data_api_listings_historical
2025-07-04,35640,DCOIN,Dogcoin,5.41e-06,5409.19761368,0.0,coinmarketcap_data_api_listings_historical
2025-07-04,16231,PTP,Platypus Finance,0.000129,5345.23967172,0.0,coinmarketcap_data_api_listings_historical
2025-07-04,5434,pBTC,pTokens BTC,357.11238798,5079.95585912,0.0,coinmarketcap_data_api_listings_historical
2025-07-04,29438,stUMEE,Stride Staked UMEE,0.00036321,4930.81008261,0.0,coinmarketcap_data_api_listings_historical
2025-07-04,1956,VIVO,Vivo,0.00085784,4625.30427461,0.0,coinmarketcap_data_api_listings_historical
2025-07-04,28399,FANX,FrontFanz,4.648e-05,4540.72070778,0.0,coinmarketcap_data_api_listings_historical
2025-07-04,8862,RAGE,Rage Fan,7.95e-05,4509.05548908,61890.12,coinmarketcap_data_api_listings_historical
2025-07-04,23920,VV,Virtual Versions,1.188e-05,4406.84928124,0.0,coinmarketcap_data_api_listings_historical
2025-07-04,19069,DAMEX,Damex Token,7.999e-05,4245.42455033,0.0,coinmarketcap_data_api_listings_historical
2025-07-04,13138,SUGARB,SugarBlock,2.13e-05,4231.88826425,0.0,coinmarketcap_data_api_listings_historical
2025-07-04,35692,PPL,Purple Platform io,7.55e-06,4155.12806797,1724.6,coinmarketcap_data_api_listings_historical
2025-07-04,5520,MARTK,Martkist,0.00023979,4065.07442333,0.0,coinmarketcap_data_api_listings_historical
2025-07-04,16607,ISA,Islander,7.27e-06,3969.59599791,0.0,coinmarketcap_data_api_listings_historical
2025-07-04,21168,AMA,Mrweb Finance (new),5.312e-05,3829.50670395,0.0,coinmarketcap_data_api_listings_historical
2025-07-04,7665,EGG,NestEGG Coin,8.644e-05,3660.18734963,0.0,coinmarketcap_data_api_listings_historical
2025-07-04,7310,GXT,Gem Exchange and Trading,4.328e-05,3615.17692892,0.0,coinmarketcap_data_api_listings_historical
2025-07-04,4466,ECO,Ormeus Ecosystem,1.6e-06,3565.24086477,0.0,coinmarketcap_data_api_listings_historical
2025-07-04,11086,LFG,Gamerse,2.094e-05,3563.92039687,0.0,coinmarketcap_data_api_listings_historical
2025-07-04,9134,BYN,NBX,0.00039918,3537.99106074,114295.69,coinmarketcap_data_api_listings_historical
2025-07-04,8260,NDX,Indexed Finance,0.00403828,3451.92485172,20.31,coinmarketcap_data_api_listings_historical
2025-07-04,34365,REWARD,Rewardable,1.362e-05,3373.7962822,0.0,coinmarketcap_data_api_listings_historical
2025-07-04,16130,WSHEC,Wrapped Staked HEC,0.16158695,3342.31074494,0.0,coinmarketcap_data_api_listings_historical
2025-07-04,10285,SPWN,Bitspawn,6.4e-06,3291.19682113,35.79,coinmarketcap_data_api_listings_historical
2025-07-04,4881,GDR,Guider,1.185e-05,3076.5870907,0.0,coinmarketcap_data_api_listings_historical
2025-07-04,34010,PONCH,Ponchiqs,9.212e-05,2989.04902966,0.0,coinmarketcap_data_api_listings_historical
2025-07-04,9780,SNOB,Snowball,0.00052506,2883.84344041,4.56,coinmarketcap_data_api_listings_historical
2025-07-04,33094,MCOIN,MCOIN,2.79e-06,2785.5023987,208.56,coinmarketcap_data_api_listings_historical
2025-07-04,9827,SCONEX,Sportcash One,0.00016844,2140.23587131,30.24,coinmarketcap_data_api_listings_historical
2025-07-04,11278,TXA,Project TXA,0.00029007,1946.39373585,2.02,coinmarketcap_data_api_listings_historical
2025-07-04,2662,XHV,Haven Protocol,2.65e-05,1849.02539442,0.0,coinmarketcap_data_api_listings_historical
2025-07-04,11344,MATE,Mate,0.00068365,1845.66253389,0.0,coinmarketcap_data_api_listings_historical
2025-07-04,9262,UFARM,UniFarm,4.794e-05,1839.7661995,0.0,coinmarketcap_data_api_listings_historical
2025-07-04,20390,SPORT,SPORT,6.205e-05,1819.24609595,0.0,coinmarketcap_data_api_listings_historical
2025-07-04,6940,LEAD,Lead Wallet,3.56e-06,1796.44098288,0.0,coinmarketcap_data_api_listings_historical
2025-07-04,5473,CRDT,CRDT,0.00020109,1765.44230642,0.0,coinmarketcap_data_api_listings_historical
2025-07-04,5425,SEFA,Mesefa,0.00407103,1753.21109378,5.65,coinmarketcap_data_api_listings_historical
2025-07-04,29043,MTC,Moonft,0.00524641,1731.31108952,0.0,coinmarketcap_data_api_listings_historical
2025-07-04,24796,ADF,Art de Finance,9e-06,1624.07431433,13.23,coinmarketcap_data_api_listings_historical
2025-07-04,29749,DRINK,Degen Distillery,2.03e-05,1477.4672229,0.0,coinmarketcap_data_api_listings_historical
2025-07-04,9752,AFEN,AFEN Blockchain Network,9.42e-06,1383.52943626,0.0,coinmarketcap_data_api_listings_historical
2025-07-04,8837,SCHO,Scholarship Coin,9.993e-05,1382.08061348,0.0,coinmarketcap_data_api_listings_historical
2025-07-04,10036,BSL,BSClaunch,0.0006882,1344.14957677,0.0,coinmarketcap_data_api_listings_historical
2025-07-04,8752,LAND,Landbox,1.55e-05,1184.27182151,44.84,coinmarketcap_data_api_listings_historical
2025-07-04,32465,PAXE,Paxe,0.00039276,1178.28293959,0.0,coinmarketcap_data_api_listings_historical
2025-07-04,16197,LUS,Luna Rush,0.00023936,1089.11124753,0.0,coinmarketcap_data_api_listings_historical
2025-07-04,27435,SHRED,ShredN,0.00518469,1088.78503265,0.0,coinmarketcap_data_api_listings_historical
2025-07-04,34144,ARIA,Ariacoin,6e-08,981.7311937,0.0,coinmarketcap_data_api_listings_historical
2025-07-04,8145,SFUEL,SparkPoint Fuel,3.452e-05,979.37596944,0.68,coinmarketcap_data_api_listings_historical
2025-07-04,22822,CARE,CareCoin,4.4e-07,842.9738802,59434.28,coinmarketcap_data_api_listings_historical
2025-07-04,8962,ETNA,ETNA Network,3.237e-05,391.00594543,0.0,coinmarketcap_data_api_listings_historical
2025-07-04,5478,ECU,ECOSC,0.00024006,206.75613359,2.11,coinmarketcap_data_api_listings_historical
2025-07-04,7187,SFG,S.Finance,0.00207522,176.19262347,61722.54,coinmarketcap_data_api_listings_historical
2025-07-04,31673,UMJA,Umoja,1.056e-05,174.50436083,0.0,coinmarketcap_data_api_listings_historical
2025-07-04,29391,RVM,Realvirm,0.00148134,133.32061624,0.0,coinmarketcap_data_api_listings_historical
2025-07-04,3931,ELET,Elementeum,2.451e-05,128.04325203,3.85,coinmarketcap_data_api_listings_historical
2025-07-04,18696,FBX,FBX by KXCO,1.17e-05,104.03890682,594.58,coinmarketcap_data_api_listings_historical
2025-07-04,13119,WSPP,Wolf Safe Poor People (Polygon),1e-08,33.33281983,28.7,coinmarketcap_data_api_listings_historical
2025-07-04,36876,TASSHUB,TASSHUB,0.00540089,5.400858,8606.76,coinmarketcap_data_api_listings_historical
2025-07-04,8497,BANANA,ApeSwap,0.0,1.53100497,0.0,coinmarketcap_data_api_listings_historical
2025-07-04,3158,ZCR,ZCore (old),7e-08,0.83706683,0.0,coinmarketcap_data_api_listings_historical
2025-07-04,6975,YFFII,YFFII Finance,0.0,0.0,0.0,coinmarketcap_data_api_listings_historical
2025-07-04,36803,LIBERTY,Torch of Liberty,0.04876999,0.0,140864712.29,coinmarketcap_data_api_listings_historical
2025-07-04,36223,PROMPT,Wayfinder,0.12054393,0.0,78751466.95,coinmarketcap_data_api_listings_historical
2025-07-04,30628,USDT.z,Tether USD Bridged ZED20,1.00073636,0.0,64224888.92,coinmarketcap_data_api_listings_historical
2025-07-04,21353,WBT,WhiteBIT Coin,44.90770034,0.0,60528763.41,coinmarketcap_data_api_listings_historical
2025-07-04,1518,MKR,Maker,1866.36746854,0.0,39217640.74,coinmarketcap_data_api_listings_historical
2025-07-04,25967,UGOLD,UGOLD Inc.,3520.75851151,0.0,37412833.76,coinmarketcap_data_api_listings_historical
2025-07-04,11024,KRW,KingDeFi,0.00073384,0.0,33066667.63,coinmarketcap_data_api_listings_historical
2025-07-04,3759,JNB,Jinbi Token,88908.95923236,0.0,27242886.18,coinmarketcap_data_api_listings_historical
2025-07-04,28546,WBS,Websea,1.22256214,0.0,25261515.05,coinmarketcap_data_api_listings_historical
2025-07-04,32470,L3,Layer3,0.0557128,0.0,22577413.58,coinmarketcap_data_api_listings_historical
2025-07-04,35931,ZORA,ZORA,0.00807962,0.0,20675138.0,coinmarketcap_data_api_listings_historical
2025-07-04,33154,Blum,Blum,0.06742103,0.0,20563920.55,coinmarketcap_data_api_listings_historical
2025-07-04,35051,SONIC,Sonic SVM,0.20344537,0.0,20455083.58,coinmarketcap_data_api_listings_historical
2025-07-04,28877,FMC,Fimarkcoin,0.00265354,0.0,20378092.23,coinmarketcap_data_api_listings_historical
2025-07-04,36883,GOR,Gorbagana,0.02126497,0.0,19176839.58,coinmarketcap_data_api_listings_historical
2025-07-04,29160,HTX,HTX,1.72e-06,0.0,18546299.38,coinmarketcap_data_api_listings_historical
2025-07-04,14721,REAL,RealLink,0.03533973,0.0,17767196.35,coinmarketcap_data_api_listings_historical
2025-07-04,20017,MMXN,Moneta Digital,0.05368149,0.0,16958746.33,coinmarketcap_data_api_listings_historical
2025-07-04,29216,UZX,UZX,2.62359629,0.0,15498705.82,coinmarketcap_data_api_listings_historical
2025-07-04,35491,M,MemeCore,0.05434856,0.0,14533351.57,coinmarketcap_data_api_listings_historical
2025-07-04,24549,PEPE,Arbi Pepe,9.62e-06,0.0,14223218.21,coinmarketcap_data_api_listings_historical
2025-07-04,34245,MSTR,MSTR,0.17817869,0.0,13634738.48,coinmarketcap_data_api_listings_historical
2025-07-04,36988,PYN,Paynetic AI,0.00480623,0.0,12911921.75,coinmarketcap_data_api_listings_historical
2025-07-04,36756,COIN,COINBASE,5.06012874,0.0,12617718.79,coinmarketcap_data_api_listings_historical
2025-07-04,33323,CATS,Cats (catshouse.live),2.66e-06,0.0,12486066.9,coinmarketcap_data_api_listings_historical
2025-07-04,36646,FDS,Foodie Squirrel,0.00108074,0.0,10821502.83,coinmarketcap_data_api_listings_historical
2025-07-04,28300,PPT,Pop Social,0.39740495,0.0,10661377.34,coinmarketcap_data_api_listings_historical
2025-07-04,37109,ONF,Oracle Finance Network,80.07188898,0.0,10506486.16,coinmarketcap_data_api_listings_historical
2025-07-04,5999,XT,XT Smart Chain,4.95605313,0.0,10329652.93,coinmarketcap_data_api_listings_historical
2025-07-04,26854,ELX,Elixir,0.09924349,0.0,10223953.68,coinmarketcap_data_api_listings_historical
2025-07-04,35598,KET,yellow ket,0.34760633,0.0,9658906.07,coinmarketcap_data_api_listings_historical
2025-07-04,31042,BTC.z,Bitcoin Bridged ZED20,106758.66207039,0.0,9581370.37,coinmarketcap_data_api_listings_historical
2025-07-04,31041,ETH.z,Ethereum Bridged ZED20,2508.73965836,0.0,9325264.13,coinmarketcap_data_api_listings_historical
2025-07-04,36740,YBDBD,Yabba Dabba Doo!,2.65e-05,0.0,8979844.36,coinmarketcap_data_api_listings_historical
2025-07-04,28452,rats,rats (Ordinals),1.894e-05,0.0,8806378.04,coinmarketcap_data_api_listings_historical
2025-07-04,36959,MORI,MORI COIN,0.1515687,0.0,8276864.75,coinmarketcap_data_api_listings_historical
2025-07-04,36840,CRT,Create to Reality Token,0.00046382,0.0,8074461.01,coinmarketcap_data_api_listings_historical
2025-07-04,31039,USDC.z,USD Coin Bridged ZED20,1.00000538,0.0,8027641.77,coinmarketcap_data_api_listings_historical
2025-07-04,26908,IRC,IRIS,1.57897293,0.0,7468681.43,coinmarketcap_data_api_listings_historical
2025-07-04,36093,WKEYDAO,WebKey DAO,24.05304266,0.0,7437064.0,coinmarketcap_data_api_listings_historical
2025-07-04,36113,FAT,Fat Fella,0.00307146,0.0,7319019.49,coinmarketcap_data_api_listings_historical
2025-07-04,6872,CRT,Carrot,0.00046407,0.0,7241017.71,coinmarketcap_data_api_listings_historical
2025-07-04,4805,VNDC,VNDC,3.77e-05,0.0,7174271.62,coinmarketcap_data_api_listings_historical
2025-07-04,31501,SHIB,SHIB ON SOLANA,1.143e-05,0.0,6802851.22,coinmarketcap_data_api_listings_historical
2025-07-04,36132,AFT,AIFlow,0.0890273,0.0,6210610.57,coinmarketcap_data_api_listings_historical
2025-07-04,36818,MOOLAH,Moolah,0.00626417,0.0,6182299.81,coinmarketcap_data_api_listings_historical
2025-07-04,30734,ESX,EstateX,0.01843233,0.0,6171044.78,coinmarketcap_data_api_listings_historical
2025-07-04,36972,SAHARA,Sahara AI Coin,0.05105976,0.0,6032588.0,coinmarketcap_data_api_listings_historical
2025-07-04,37075,RICH,GET RICH QUICK,0.00807282,0.0,5738246.71,coinmarketcap_data_api_listings_historical
2025-07-04,36161,AICE,Aicean,2.76838416,0.0,5645897.26,coinmarketcap_data_api_listings_historical
2025-07-04,32207,WXT,WEEX Token,0.02880499,0.0,5630973.12,coinmarketcap_data_api_listings_historical
2025-07-04,34332,PURR,Purr,0.19356945,0.0,5593504.73,coinmarketcap_data_api_listings_historical
2025-07-04,15528,ZODI,Zodium,0.00015155,0.0,5587440.05,coinmarketcap_data_api_listings_historical
2025-07-04,30391,ZEUS,Zeus Network,0.15826814,0.0,5298158.32,coinmarketcap_data_api_listings_historical
2025-07-04,36935,MGO,Mango Network,0.0132323,0.0,5292716.5,coinmarketcap_data_api_listings_historical
2025-07-04,37114,MANYU,Manyu,1e-08,0.0,5224052.53,coinmarketcap_data_api_listings_historical
2025-07-04,30012,HUGE,HugeWin,0.00113208,0.0,5205782.21,coinmarketcap_data_api_listings_historical
2025-07-04,36635,CSTAR,Coinstar,0.01131603,0.0,5078464.52,coinmarketcap_data_api_listings_historical
2025-07-04,35287,TREAT,Shiba Inu TREAT,0.00144071,0.0,4839074.59,coinmarketcap_data_api_listings_historical
2025-07-04,35156,AVAAI,avaai.top,0.02857409,0.0,4744449.42,coinmarketcap_data_api_listings_historical
2025-07-04,27663,WSTUSDT,wstUSDT,1.08252764,0.0,4736086.08,coinmarketcap_data_api_listings_historical
2025-07-04,33335,MARS,MetaMars,0.35435755,0.0,4706436.88,coinmarketcap_data_api_listings_historical
2025-07-04,16193,PI,Pi [IOU],0.46879323,0.0,4669784.49,coinmarketcap_data_api_listings_historical
2025-07-04,30541,DINO,Coding Dino,0.00119086,0.0,4628350.3,coinmarketcap_data_api_listings_historical
2025-07-04,33585,ZND,ZND Token,0.11487195,0.0,4491461.97,coinmarketcap_data_api_listings_historical
2025-07-04,36710,KORI,Kori The Pom,0.00709207,0.0,4363223.79,coinmarketcap_data_api_listings_historical
2025-07-04,36265,LVVA,Levva Protocol,0.00182975,0.0,4320206.65,coinmarketcap_data_api_listings_historical
2025-07-04,36928,GOR,Gorbagana on Base,0.0014632,0.0,4095024.47,coinmarketcap_data_api_listings_historical
2025-07-04,36802,CRYBB,CryBaby,0.01544059,0.0,4079434.75,coinmarketcap_data_api_listings_historical
2025-07-04,36733,BTX,Bitradex Token,0.28747301,0.0,4060261.44,coinmarketcap_data_api_listings_historical
2025-07-04,13887,P2PS,P2P Solutions foundation,225.15576417,0.0,3991817.7,coinmarketcap_data_api_listings_historical
2025-07-04,4077,MPRA,Maya Preferred PRA,17002935.04876097,0.0,3991622.13,coinmarketcap_data_api_listings_historical
2025-07-04,36540,DUPE,Dupe,0.01492746,0.0,3908297.2,coinmarketcap_data_api_listings_historical
2025-07-04,21074,XTUSD,XT Stablecoin XTUSD,1.00018519,0.0,3839720.31,coinmarketcap_data_api_listings_historical
2025-07-04,35632,OFT,ONFA,0.80213231,0.0,3733795.51,coinmarketcap_data_api_listings_historical
2025-07-04,36216,GIZA,Giza,0.1764889,0.0,3727200.26,coinmarketcap_data_api_listings_historical
2025-07-04,34647,GAME,GAME by Virtuals,0.06764128,0.0,3602459.84,coinmarketcap_data_api_listings_historical
2025-07-04,36965,COIN,COINBASE,0.00031711,0.0,3574061.77,coinmarketcap_data_api_listings_historical
2025-07-04,34574,CULT,Milady Cult Coin,0.00052161,0.0,3557757.73,coinmarketcap_data_api_listings_historical
2025-07-04,29407,OVER,OverProtocol,0.03301923,0.0,3535608.02,coinmarketcap_data_api_listings_historical
2025-07-04,35759,BAC,CDARI,8.40945815,0.0,3393146.07,coinmarketcap_data_api_listings_historical
2025-07-04,36193,VCITY,Vcitychain,0.65465426,0.0,3386792.69,coinmarketcap_data_api_listings_historical
2025-07-04,35269,MET,MetYa,0.16297571,0.0,3259386.65,coinmarketcap_data_api_listings_historical
2025-07-04,36793,AMR,Advanced Mortgage & Reserve,0.48073478,0.0,3222649.86,coinmarketcap_data_api_listings_historical
2025-07-04,36897,SN33,ReadyAI,7.45699718,0.0,3161519.3,coinmarketcap_data_api_listings_historical
2025-07-04,36551,PETUNIA,Petunia,0.00079616,0.0,3138966.31,coinmarketcap_data_api_listings_historical
2025-07-04,23486,ARC,Arcadeum,0.02752866,0.0,3123595.64,coinmarketcap_data_api_listings_historical
2025-07-04,36413,BEER,Beers,0.09226531,0.0,3119029.25,coinmarketcap_data_api_listings_historical
2025-07-04,33101,EGP,Eigenpie,0.91248865,0.0,3112230.44,coinmarketcap_data_api_listings_historical
2025-07-04,36815,BRAD,Brad,0.00046401,0.0,2934523.54,coinmarketcap_data_api_listings_historical
2025-07-04,20734,WELL,Moonwell,0.02667178,0.0,2835150.96,coinmarketcap_data_api_listings_historical
2025-07-04,35886,SSE,Solana Social Explorer,0.00378138,0.0,2787182.72,coinmarketcap_data_api_listings_historical
2025-07-04,36683,JOS,JuliaOS,0.00591269,0.0,2772995.56,coinmarketcap_data_api_listings_historical
2025-07-04,36890,SN63,Alpha Trader Exchange (ATX),5.87547544,0.0,2752266.86,coinmarketcap_data_api_listings_historical
2025-07-04,33727,MDOGS,Money Dogs,1.24e-06,0.0,2708529.72,coinmarketcap_data_api_listings_historical
2025-07-04,1343,STRAX,Stratis [Old],0.0481924,0.0,2694030.19,coinmarketcap_data_api_listings_historical
2025-07-04,1765,EOS,EOS,0.52100352,0.0,2642643.12,coinmarketcap_data_api_listings_historical
2025-07-04,8886,USDP,USDP Stablecoin,1.00083237,0.0,2641030.79,coinmarketcap_data_api_listings_historical
2025-07-04,32299,CLOUD,Cloud,0.10575649,0.0,2634133.72,coinmarketcap_data_api_listings_historical
2025-07-04,35929,DOLO,Dolomite,0.03787798,0.0,2624466.33,coinmarketcap_data_api_listings_historical
2025-07-04,36662,SWOL,Snowy Owl,0.00031588,0.0,2621345.88,coinmarketcap_data_api_listings_historical
2025-07-04,25241,GP,Graphite Protocol,0.5560177,0.0,2611133.03,coinmarketcap_data_api_listings_historical
2025-07-04,36814,LOCKIN,LOCK IN,0.01035907,0.0,2487247.92,coinmarketcap_data_api_listings_historical
2025-07-04,36377,NOBODY,Nobody Sausage,0.04425757,0.0,2468686.19,coinmarketcap_data_api_listings_historical
2025-07-04,36778,TAP,The America Party,0.00160332,0.0,2467469.58,coinmarketcap_data_api_listings_historical
2025-07-04,37009,GRDM,Gridium AI,0.003482,0.0,2457655.05,coinmarketcap_data_api_listings_historical
2025-07-04,33199,LYK,LayerK,0.69747979,0.0,2439642.0,coinmarketcap_data_api_listings_historical
2025-07-04,35911,FROC,Based Froc,1.694e-05,0.0,2422210.81,coinmarketcap_data_api_listings_historical
2025-07-04,36601,MAMO,Mamo,0.06363781,0.0,2398700.49,coinmarketcap_data_api_listings_historical
2025-07-04,29945,PUFF,Puff The Dragon,0.07029312,0.0,2392918.83,coinmarketcap_data_api_listings_historical
2025-07-04,27048,APEPE,Ape and Pepe,1.37e-06,0.0,2362316.72,coinmarketcap_data_api_listings_historical
2025-07-04,36260,BAI,bAI Fund,0.00091422,0.0,2343663.69,coinmarketcap_data_api_listings_historical
2025-07-04,36964,50501,50501movement,6.605e-05,0.0,2325127.85,coinmarketcap_data_api_listings_historical
2025-07-04,10508,FLUID,Fluid,3.9012719,0.0,2292112.0,coinmarketcap_data_api_listings_historical
2025-07-04,25417,PLSX,PulseX,1.743e-05,0.0,2233552.44,coinmarketcap_data_api_listings_historical
2025-07-04,36536,MIRAI,Project MIRAI,0.00591604,0.0,2229982.15,coinmarketcap_data_api_listings_historical
2025-07-04,23089,T99,Tethereum,0.19877128,0.0,2181637.78,coinmarketcap_data_api_listings_historical
2025-07-04,13244,BEETS,Beets,0.02967764,0.0,2175619.69,coinmarketcap_data_api_listings_historical
2025-07-04,28690,AIG,A.I Genesis,0.65130196,0.0,2121667.14,coinmarketcap_data_api_listings_historical
2025-07-04,12121,EVDC,EVDC Network,4.038e-05,0.0,2113323.26,coinmarketcap_data_api_listings_historical
2025-07-04,10506,HIT,HitBTC Token,0.22498608,0.0,2075823.12,coinmarketcap_data_api_listings_historical
2025-07-04,37150,TBA,True Base Army,0.00192424,0.0,2068334.4,coinmarketcap_data_api_listings_historical
2025-07-04,22353,SHM,Shardeum,0.10875368,0.0,2063076.9,coinmarketcap_data_api_listings_historical
2025-07-04,36808,AXR,Axelrod by Virtuals,0.02799115,0.0,2047684.86,coinmarketcap_data_api_listings_historical
2025-07-04,30435,BUIDL,Starter.xyz,0.00229092,0.0,2013625.91,coinmarketcap_data_api_listings_historical
2025-07-04,33834,BBSOL,Bybit Staked SOL,161.31130334,0.0,1998913.9,coinmarketcap_data_api_listings_historical
2025-07-04,34491,GO4,GameOnForge,0.46955225,0.0,1979168.06,coinmarketcap_data_api_listings_historical
2025-07-04,36884,SN11,Dippy,4.25360999,0.0,1970905.29,coinmarketcap_data_api_listings_historical
2025-07-04,37001,SIF,Solana Index Fund,0.0002128,0.0,1936706.32,coinmarketcap_data_api_listings_historical
2025-07-04,36858,WOOLLY,Miniature Woolly Mammoth,0.00442572,0.0,1926578.79,coinmarketcap_data_api_listings_historical
2025-07-04,36109,TITCOIN,titcoin,0.01346955,0.0,1878998.86,coinmarketcap_data_api_listings_historical
2025-07-04,36552,LUSD,LUSD,1.0002299,0.0,1873323.27,coinmarketcap_data_api_listings_historical
2025-07-04,36902,SN51,Celium,26.84047653,0.0,1839107.77,coinmarketcap_data_api_listings_historical
2025-07-04,35591,32,Project 32,6.95e-06,0.0,1837284.48,coinmarketcap_data_api_listings_historical
2025-07-04,22354,QUAI,Quai Network,0.05814626,0.0,1835305.07,coinmarketcap_data_api_listings_historical
2025-07-04,11500,BIT,Biconomy Exchange Token,8.47e-06,0.0,1825241.59,coinmarketcap_data_api_listings_historical
2025-07-04,36757,LABUBU,Labubu,4.6e-07,0.0,1801717.79,coinmarketcap_data_api_listings_historical
2025-07-04,36591,GIB,gib,0.00316969,0.0,1765916.04,coinmarketcap_data_api_listings_historical
2025-07-04,22118,XEN,XEN Crypto,3e-08,0.0,1758241.77,coinmarketcap_data_api_listings_historical
2025-07-04,36495,GOONC,gooncoin,0.00290512,0.0,1748314.15,coinmarketcap_data_api_listings_historical
2025-07-04,36867,SOLX,Solaxy,0.00096922,0.0,1742543.89,coinmarketcap_data_api_listings_historical
2025-07-04,36951,KITTY,Hello Kitty,0.00492049,0.0,1732345.29,coinmarketcap_data_api_listings_historical
2025-07-04,36201,FISH2,FISH2,0.00540923,0.0,1698102.6,coinmarketcap_data_api_listings_historical
2025-07-04,35936,COLLAT,Collaterize,0.01678395,0.0,1693162.07,coinmarketcap_data_api_listings_historical
2025-07-04,36357,TRENCHER,Trencher,0.00180171,0.0,1664615.06,coinmarketcap_data_api_listings_historical
2025-07-04,15617,KRRX,Kyrrex,0.03652152,0.0,1655691.65,coinmarketcap_data_api_listings_historical
2025-07-04,36274,BDTC,BDTCOIN,62.44644046,0.0,1637705.44,coinmarketcap_data_api_listings_historical
2025-07-04,36873,SN64,Chutes,51.00591951,0.0,1623939.49,coinmarketcap_data_api_listings_historical
2025-07-04,36211,LIBRA,FUCK LIBRA,0.00186003,0.0,1619814.76,coinmarketcap_data_api_listings_historical
2025-07-04,17972,RBT,Rubix,256.40378662,0.0,1616364.07,coinmarketcap_data_api_listings_historical
2025-07-04,34102,TIG,The Innovation Game,0.61017551,0.0,1612802.99,coinmarketcap_data_api_listings_historical
2025-07-04,36603,BOXCAT,BOXCAT,0.00019825,0.0,1582655.68,coinmarketcap_data_api_listings_historical
2025-07-04,34439,MG8,Megalink,0.00133653,0.0,1572493.93,coinmarketcap_data_api_listings_historical
2025-07-04,32588,PINS,PINs Network Token,0.01757544,0.0,1565220.94,coinmarketcap_data_api_listings_historical
2025-07-04,36901,SN44,Score,12.31003131,0.0,1543221.78,coinmarketcap_data_api_listings_historical
2025-07-04,32022,SKOP,Skulls of Pepe Token,0.03620223,0.0,1535186.05,coinmarketcap_data_api_listings_historical
2025-07-04,13803,MNDE,Marinade,0.1228915,0.0,1531270.9,coinmarketcap_data_api_listings_historical
2025-07-04,36326,FUR,Furfication,0.00047857,0.0,1504510.02,coinmarketcap_data_api_listings_historical
2025-07-04,21672,HGG,Hedera Guild Game,0.00147597,0.0,1491245.81,coinmarketcap_data_api_listings_historical
2025-07-04,36286,TRUMP,PEPE TRUMP (pepetrump.cc),5e-08,0.0,1490432.15,coinmarketcap_data_api_listings_historical
2025-07-04,36391,Buckazoids,Buckazoids,0.00136037,0.0,1465977.45,coinmarketcap_data_api_listings_historical
2025-07-04,31108,SVL,Slash Vision Labs,0.00562297,0.0,1465620.01,coinmarketcap_data_api_listings_historical
2025-07-04,17690,DIFX,Digital Financial Exchange,0.09142322,0.0,1450963.29,coinmarketcap_data_api_listings_historical
2025-07-04,24437,ROCK,Rock Dao,0.00124569,0.0,1436073.92,coinmarketcap_data_api_listings_historical
2025-07-04,28287,GEKKO,Gekko HQ,1.1e-06,0.0,1420809.1,coinmarketcap_data_api_listings_historical
2025-07-04,33471,GROK,SORA GROK,0.3785508,0.0,1412752.83,coinmarketcap_data_api_listings_historical
2025-07-04,28928,HEX,HEX (PulseChain),0.00534352,0.0,1412333.08,coinmarketcap_data_api_listings_historical
2025-07-04,19214,VITA,VitaDAO,1.05058115,0.0,1407961.31,coinmarketcap_data_api_listings_historical
2025-07-04,29148,ETHS,Ethscriptions,0.36082966,0.0,1396855.35,coinmarketcap_data_api_listings_historical
2025-07-04,10807,CWT,CoinW Token,0.03729922,0.0,1387826.64,coinmarketcap_data_api_listings_historical
2025-07-04,33779,BTF,Bitfinity Network,0.00383637,0.0,1384717.11,coinmarketcap_data_api_listings_historical
2025-07-04,28292,JOE,Joe Coin,0.00016764,0.0,1363582.86,coinmarketcap_data_api_listings_historical
2025-07-04,36503,FITCOIN,Fitted,0.00321861,0.0,1341556.19,coinmarketcap_data_api_listings_historical
2025-07-04,10160,PERRY,Swaperry,0.00099019,0.0,1340903.97,coinmarketcap_data_api_listings_historical
2025-07-04,4813,XBT,XBIT,0.00168782,0.0,1324987.91,coinmarketcap_data_api_listings_historical
2025-07-04,36936,COIN,Wrapped COINBASE,0.00146985,0.0,1321073.63,coinmarketcap_data_api_listings_historical
2025-07-04,30109,PUNDU,Pundu,0.00334613,0.0,1317091.35,coinmarketcap_data_api_listings_historical
2025-07-04,32319,CIRX,Circular Protocol,0.00422943,0.0,1289962.46,coinmarketcap_data_api_listings_historical
2025-07-04,32873,USR,Resolv USR,0.99982219,0.0,1288541.67,coinmarketcap_data_api_listings_historical
2025-07-04,14899,MEX,xExchange,1.2e-06,0.0,1274498.03,coinmarketcap_data_api_listings_historical
2025-07-04,36159,GROK,TRUMP GROK (trumpgrok.org),1.517e-05,0.0,1272070.24,coinmarketcap_data_api_listings_historical
2025-07-04,35743,FAFO,FAFO,0.00055548,0.0,1269958.06,coinmarketcap_data_api_listings_historical
2025-07-04,18587,SERSH,Serenity,0.03775717,0.0,1261199.0,coinmarketcap_data_api_listings_historical
2025-07-04,30969,RUNECOIN,RSIC•GENESIS•RUNE,0.00042798,0.0,1251775.3,coinmarketcap_data_api_listings_historical
2025-07-04,30591,FOXY,Foxy,0.00180344,0.0,1247761.8,coinmarketcap_data_api_listings_historical
2025-07-04,33369,BOME,Book of Meme 3.0,0.0,0.0,1244697.43,coinmarketcap_data_api_listings_historical
2025-07-04,36017,PAWS,PAWS,3.585e-05,0.0,1219596.13,coinmarketcap_data_api_listings_historical
2025-07-04,37104,LAIKA,Laïka,0.00376535,0.0,1216943.57,coinmarketcap_data_api_listings_historical
2025-07-04,36501,BUDDY,Creator Buddy,0.00134136,0.0,1206689.51,coinmarketcap_data_api_listings_historical
2025-07-04,34260,INCO,InfinitiCoin,0.01015837,0.0,1205341.91,coinmarketcap_data_api_listings_historical
2025-07-04,24554,BZR,Bazaars,35.1195547,0.0,1203857.17,coinmarketcap_data_api_listings_historical
2025-07-04,36970,ARABCLUB,The Arab Club Token,4.68222655,0.0,1198137.56,coinmarketcap_data_api_listings_historical
2025-07-04,36592,KAKA,KAKA,0.00132358,0.0,1187114.89,coinmarketcap_data_api_listings_historical
2025-07-04,36872,SN73,Merit,4.71491034,0.0,1178599.52,coinmarketcap_data_api_listings_historical
2025-07-04,27036,LUIGI,Luigi Inu,0.00113875,0.0,1175344.98,coinmarketcap_data_api_listings_historical
2025-07-04,36892,SN56,Gradients,17.52978409,0.0,1174970.42,coinmarketcap_data_api_listings_historical
2025-07-04,33620,FNXAI,Finanx AI,0.86958575,0.0,1167573.82,coinmarketcap_data_api_listings_historical
2025-07-04,5445,LBK,LBK,0.01008289,0.0,1158115.69,coinmarketcap_data_api_listings_historical
2025-07-04,34755,IFAI,InfluxAI Token,0.00683209,0.0,1155630.62,coinmarketcap_data_api_listings_historical
2025-07-04,32850,SWGT,SmartWorld Global,0.0633632,0.0,1155092.66,coinmarketcap_data_api_listings_historical
2025-07-04,36799,SBET,SharpLink Gaming,0.00021366,0.0,1153881.75,coinmarketcap_data_api_listings_historical
2025-07-04,36809,GRAY,Gradient,1.99773551,0.0,1153669.22,coinmarketcap_data_api_listings_historical
2025-07-04,32587,UMM,UMM,3.30911782,0.0,1150941.5,coinmarketcap_data_api_listings_historical
2025-07-04,20317,xUSD,xUSD,1.00004162,0.0,1128899.95,coinmarketcap_data_api_listings_historical
2025-07-04,34649,CONVO,Prefrontal Cortex Convo Agent by Virtuals,0.0045797,0.0,1125467.16,coinmarketcap_data_api_listings_historical
2025-07-04,31886,LB,LoveBit,8.1e-07,0.0,1123862.84,coinmarketcap_data_api_listings_historical
2025-07-04,32477,BAR,Gold Standard,0.26127822,0.0,1122885.95,coinmarketcap_data_api_listings_historical
2025-07-04,36318,MGG,MimboGameGroup,0.00144096,0.0,1120651.85,coinmarketcap_data_api_listings_historical
2025-07-04,36446,BRICS,BRICS Chain,19.47541444,0.0,1120557.73,coinmarketcap_data_api_listings_historical
2025-07-04,34948,SEND,Sendcoin,0.01324662,0.0,1118305.25,coinmarketcap_data_api_listings_historical
2025-07-04,30555,CANDLE,Candle Cat,0.00174402,0.0,1098937.59,coinmarketcap_data_api_listings_historical
2025-07-04,19263,KEK,Aavegotchi KEK,0.00180043,0.0,1093283.28,coinmarketcap_data_api_listings_historical
2025-07-04,22454,PEPE,PepePAD,9.64e-06,0.0,1084224.26,coinmarketcap_data_api_listings_historical
2025-07-04,37187,MASA,Alligator Alcatraz,0.0033313,0.0,1075102.53,coinmarketcap_data_api_listings_historical
2025-07-04,36500,GIGGLES,Giggles,0.00150437,0.0,1059386.13,coinmarketcap_data_api_listings_historical
2025-07-04,6773,FXC,FUTUREXCRYPTO,2.95441629,0.0,1055220.8,coinmarketcap_data_api_listings_historical
2025-07-04,36233,COCORO,Cocoro (officialcocoro.com),0.00464479,0.0,1046195.24,coinmarketcap_data_api_listings_historical
2025-07-04,16727,X,X,4.615e-05,0.0,1030887.99,coinmarketcap_data_api_listings_historical
2025-07-04,35670,HONEY,Honey,1.00246485,0.0,1028874.73,coinmarketcap_data_api_listings_historical
2025-07-04,33509,B3TR,VeBetterDAO,0.06846392,0.0,1023691.03,coinmarketcap_data_api_listings_historical
2025-07-04,36065,FISHW,Fishwar,0.00038236,0.0,1022415.89,coinmarketcap_data_api_listings_historical
2025-07-04,34151,PROJECT89,Project89,0.00492561,0.0,1009306.6,coinmarketcap_data_api_listings_historical
2025-07-04,8690,CADC,CAD Coin,0.7347158,0.0,1004160.82,coinmarketcap_data_api_listings_historical
2025-07-04,32110,USA,American Coin,1.29e-06,0.0,1003924.28,coinmarketcap_data_api_listings_historical
2025-07-04,34769,KIP,KIP Protocol,0.00074093,0.0,980223.29,coinmarketcap_data_api_listings_historical
2025-07-04,35689,TEVA,Tevaera,0.00471995,0.0,975950.66,coinmarketcap_data_api_listings_historical
2025-07-04,36158,TRUMP,MAGA TRUMP (magatrumpcoin.com),0.00090128,0.0,963207.16,coinmarketcap_data_api_listings_historical
2025-07-04,34988,SPORE,Spore.fun,0.00050482,0.0,960008.39,coinmarketcap_data_api_listings_historical
2025-07-04,33720,COOK,mETH Protocol,0.0066509,0.0,958138.1,coinmarketcap_data_api_listings_historical
2025-07-04,33740,USD+,Overnight.fi USD+ (Base),1.00078751,0.0,955912.14,coinmarketcap_data_api_listings_historical
2025-07-04,36074,TALK,CrypTalk,0.2679239,0.0,950538.54,coinmarketcap_data_api_listings_historical
2025-07-04,35536,$REI,REI NETWORK,0.11667422,0.0,949572.22,coinmarketcap_data_api_listings_historical
2025-07-04,36250,KULA,KULA,0.35940127,0.0,933080.95,coinmarketcap_data_api_listings_historical
2025-07-04,32217,AARK,Aark,0.00171235,0.0,920578.11,coinmarketcap_data_api_listings_historical
2025-07-04,36979,FROGGIE,Froggie,0.00506212,0.0,909109.7,coinmarketcap_data_api_listings_historical
2025-07-04,32531,RYO,RYO Coin,4.02365363,0.0,893712.87,coinmarketcap_data_api_listings_historical
2025-07-04,36949,CRCL,Circle,0.00068691,0.0,892572.57,coinmarketcap_data_api_listings_historical
2025-07-04,36853,U,U,0.00556518,0.0,885512.11,coinmarketcap_data_api_listings_historical
2025-07-04,30116,REDO,Resistance Dog,0.05163242,0.0,883812.79,coinmarketcap_data_api_listings_historical
2025-07-04,36893,SN3,τemplar,19.6793708,0.0,878280.33,coinmarketcap_data_api_listings_historical
2025-07-04,32722,LAVA,Lava Network,0.05751414,0.0,867199.16,coinmarketcap_data_api_listings_historical
2025-07-04,36670,LOUD,Loud,0.00035826,0.0,849428.96,coinmarketcap_data_api_listings_historical
2025-07-04,36927,INFOFI,WAGMI HUB,0.0007664,0.0,839679.55,coinmarketcap_data_api_listings_historical
2025-07-04,35909,TRC,Terrace,0.00226987,0.0,821424.17,coinmarketcap_data_api_listings_historical
2025-07-04,20182,MBP,Mobipad,0.06550664,0.0,817743.03,coinmarketcap_data_api_listings_historical
2025-07-04,32044,MICHI,Michi,4.448e-05,0.0,810698.89,coinmarketcap_data_api_listings_historical
2025-07-04,16010,SILO,Silo Finance,0.03924437,0.0,803853.16,coinmarketcap_data_api_listings_historical
2025-07-04,32978,KPK,ParkCoin,1.19586393,0.0,797372.75,coinmarketcap_data_api_listings_historical
2025-07-04,21947,EGGT,Egg N Partners,0.12696912,0.0,790150.15,coinmarketcap_data_api_listings_historical
2025-07-04,13268,FLIP,Chainflip,0.31711102,0.0,776031.99,coinmarketcap_data_api_listings_historical
2025-07-04,6245,SG,SocialGood,0.04981329,0.0,771611.66,coinmarketcap_data_api_listings_historical
2025-07-04,31688,DOPU,DOPU The Dog with A Purpose,0.00271301,0.0,771126.72,coinmarketcap_data_api_listings_historical
2025-07-04,36219,NVB,NovaBank,25.60202602,0.0,766831.7,coinmarketcap_data_api_listings_historical
2025-07-04,36187,ROY,Royalty,4.59023083,0.0,759033.43,coinmarketcap_data_api_listings_historical
2025-07-04,35718,STONKS,STONKS,0.01779035,0.0,746013.33,coinmarketcap_data_api_listings_historical
2025-07-04,21829,TBC,Ten Best Coins,11515.27181961,0.0,742710.92,coinmarketcap_data_api_listings_historical
2025-07-04,36680,Z,Z,0.00109846,0.0,742106.78,coinmarketcap_data_api_listings_historical
2025-07-04,36221,RWA,RWA Ecosystem,30.54189203,0.0,734980.24,coinmarketcap_data_api_listings_historical
2025-07-04,19164,ASTO,Altered State Token,0.00837253,0.0,734444.2,coinmarketcap_data_api_listings_historical
2025-07-04,36877,SN14,TAOHash,9.40653138,0.0,733228.17,coinmarketcap_data_api_listings_historical
2025-07-04,36485,RATO,Rato The Rat (ratotherat.com),2.71e-06,0.0,731714.0,coinmarketcap_data_api_listings_historical
2025-07-04,19511,PDX,PDX Coin,195.30939233,0.0,729747.52,coinmarketcap_data_api_listings_historical
2025-07-04,36284,BASE,Base is for everyone,0.0040671,0.0,728627.15,coinmarketcap_data_api_listings_historical
2025-07-04,34529,TRUST,Trust The Process,0.00071247,0.0,708304.0,coinmarketcap_data_api_listings_historical
2025-07-04,33483,MEDUSA,MEDUSA (medusaonsol.xyz),8.002e-05,0.0,703374.27,coinmarketcap_data_api_listings_historical
2025-07-04,34309,CELA,Cellula,0.00112751,0.0,699629.45,coinmarketcap_data_api_listings_historical
2025-07-04,35586,SHY,Shytoshi Kusama,0.00368065,0.0,691324.51,coinmarketcap_data_api_listings_historical
2025-07-04,15610,USTC,Terra Classic USD (Wormhole),0.01244929,0.0,688417.97,coinmarketcap_data_api_listings_historical
2025-07-04,36200,IP,TRUMP IP,8.16e-06,0.0,678377.96,coinmarketcap_data_api_listings_historical
2025-07-04,34159,BONGO,Bongo Cat,0.01205802,0.0,673177.2,coinmarketcap_data_api_listings_historical
2025-07-04,37174,STOCK,Coin Stock,55.3514196,0.0,672023.14,coinmarketcap_data_api_listings_historical
2025-07-04,20289,GRD,Gradium,358.64683593,0.0,661863.25,coinmarketcap_data_api_listings_historical
2025-07-04,36398,AWR,All Will Retire,0.00243927,0.0,661476.34,coinmarketcap_data_api_listings_historical
2025-07-04,27078,NARS,Num ARS v2,0.00081613,0.0,659638.9,coinmarketcap_data_api_listings_historical
2025-07-04,22142,00,00 Token,0.0147331,0.0,658963.14,coinmarketcap_data_api_listings_historical
2025-07-04,36504,NAIIVE,Naiive,0.00076249,0.0,651274.05,coinmarketcap_data_api_listings_historical
2025-07-04,1297,CHESS,ChessCoin,0.08722156,0.0,648928.37,coinmarketcap_data_api_listings_historical
2025-07-04,36912,SN4,Targon,20.7256103,0.0,646699.16,coinmarketcap_data_api_listings_historical
2025-07-04,35621,SOGNI,Sogni AI,0.00297049,0.0,645441.09,coinmarketcap_data_api_listings_historical
2025-07-04,3884,FX,Function X,0.12661375,0.0,644154.82,coinmarketcap_data_api_listings_historical
2025-07-04,5858,QANX,QANplatform,0.03753486,0.0,639433.68,coinmarketcap_data_api_listings_historical
2025-07-04,36509,GET,Global Entertainment Token,0.01119674,0.0,634424.49,coinmarketcap_data_api_listings_historical
2025-07-04,36328,FARTCOIN,FARTCOIN (fartcoin.one),0.0011468,0.0,630749.24,coinmarketcap_data_api_listings_historical
2025-07-04,36651,TQ,TonQuestion,1.508e-05,0.0,630400.78,coinmarketcap_data_api_listings_historical
2025-07-04,34181,AICELL,AICell,0.00161918,0.0,629938.57,coinmarketcap_data_api_listings_historical
2025-07-04,15261,ONUS,ONUS,0.53144573,0.0,625649.66,coinmarketcap_data_api_listings_historical
2025-07-04,36903,SN62,Ridges AI,3.25243151,0.0,619477.93,coinmarketcap_data_api_listings_historical
2025-07-04,36607,USD.Z,Zether USD,1.05230693,0.0,615301.62,coinmarketcap_data_api_listings_historical
2025-07-04,35554,MEMDEX,Memdex100,0.00336994,0.0,613572.32,coinmarketcap_data_api_listings_historical
2025-07-04,36940,KNCH,KAANCH NETWORK,0.39386423,0.0,603255.41,coinmarketcap_data_api_listings_historical
2025-07-04,10562,SQT,SubQuery Network,0.00110463,0.0,602698.91,coinmarketcap_data_api_listings_historical
2025-07-04,36330,BRL1,BRL1,0.1844677,0.0,593233.94,coinmarketcap_data_api_listings_historical
2025-07-04,36730,CCDOG,Courage The Dog,0.00124697,0.0,589250.18,coinmarketcap_data_api_listings_historical
2025-07-04,34849,RBNT,Redbelly Network,0.01373858,0.0,588630.33,coinmarketcap_data_api_listings_historical
2025-07-04,36711,BLOCK,Block,0.39241232,0.0,586796.36,coinmarketcap_data_api_listings_historical
2025-07-04,33724,TURBO,Turbo Trump,0.00047801,0.0,582040.8,coinmarketcap_data_api_listings_historical
2025-07-04,36226,REDX,REDX,0.00572517,0.0,577199.28,coinmarketcap_data_api_listings_historical
2025-07-04,16162,SFM,SafeMoon V2,1.379e-05,0.0,576031.39,coinmarketcap_data_api_listings_historical
2025-07-04,19618,CAW,CAW(A Hunters Dream),4e-08,0.0,575880.18,coinmarketcap_data_api_listings_historical
2025-07-04,31495,NXQ,NexQloud,114.74662921,0.0,573066.06,coinmarketcap_data_api_listings_historical
2025-07-04,36862,SNPT,SNPIT TOKEN,0.00476019,0.0,572111.2,coinmarketcap_data_api_listings_historical
2025-07-04,36337,DON,Salamanca,0.00081094,0.0,569344.18,coinmarketcap_data_api_listings_historical
2025-07-04,33050,PEPE,Based Pepe,3e-08,0.0,567169.15,coinmarketcap_data_api_listings_historical
2025-07-04,34061,DNA,DNA,0.0,0.0,567049.47,coinmarketcap_data_api_listings_historical
2025-07-04,35881,WHYPE,Wrapped HYPE,39.06326442,0.0,566936.36,coinmarketcap_data_api_listings_historical
2025-07-04,28693,ZETRIX,Zetrix,17.06085525,0.0,562105.68,coinmarketcap_data_api_listings_historical
2025-07-04,37124,STOC,STO CHAIN,0.09315488,0.0,549795.07,coinmarketcap_data_api_listings_historical
2025-07-04,19259,lolcat,lolcat,0.00022509,0.0,546991.43,coinmarketcap_data_api_listings_historical
2025-07-04,18386,FTRB,Faith Tribe,0.00350601,0.0,541327.52,coinmarketcap_data_api_listings_historical
2025-07-04,31217,LOS,Lord Of SOL,2.139e-05,0.0,536175.97,coinmarketcap_data_api_listings_historical
2025-07-04,32243,FIGHT,FIGHT,0.00077322,0.0,535024.78,coinmarketcap_data_api_listings_historical
2025-07-04,31227,MINI,mini,0.00736655,0.0,533395.64,coinmarketcap_data_api_listings_historical
2025-07-04,33951,PAI,Panther Ai,0.01543804,0.0,530341.84,coinmarketcap_data_api_listings_historical
2025-07-04,35418,BARRON,OFFICIAL BARRON (SOL),0.00070475,0.0,529768.74,coinmarketcap_data_api_listings_historical
2025-07-04,29717,TREMP,Doland Tremp,0.02089037,0.0,526607.59,coinmarketcap_data_api_listings_historical
2025-07-04,24961,PEPEAI,PepeAI,4.895e-05,0.0,526479.04,coinmarketcap_data_api_listings_historical
2025-07-04,36835,KAPPA,the face of sarcasm,0.00111969,0.0,525852.93,coinmarketcap_data_api_listings_historical
2025-07-04,32998,SVTS,Syncvault,0.35267307,0.0,525715.18,coinmarketcap_data_api_listings_historical
2025-07-04,31082,BOOMER,Boomer,0.00182642,0.0,525245.11,coinmarketcap_data_api_listings_historical
2025-07-04,36606,DIS,Distribute.ai,0.00463312,0.0,522898.26,coinmarketcap_data_api_listings_historical
2025-07-04,36212,SOLVEX,SOLVEX NETWORK,0.07357008,0.0,512811.36,coinmarketcap_data_api_listings_historical
2025-07-04,36813,LBAI,Lemmy The Bat,1.866e-05,0.0,507091.88,coinmarketcap_data_api_listings_historical
2025-07-04,35734,CaptainBNB,CaptainBNB,0.00594213,0.0,504938.23,coinmarketcap_data_api_listings_historical
2025-07-04,35320,GOGLZ,GOGGLES,0.14011803,0.0,496516.81,coinmarketcap_data_api_listings_historical
2025-07-04,33757,LEMX,LEMON,37.75121252,0.0,493458.53,coinmarketcap_data_api_listings_historical
2025-07-04,32713,DOGS,HARRIS DOGS,2.61e-06,0.0,491859.16,coinmarketcap_data_api_listings_historical
2025-07-04,34350,LESTER,Lester,0.00076233,0.0,491357.39,coinmarketcap_data_api_listings_historical
2025-07-04,8267,OKT,OKT Chain,4.68556917,0.0,487642.13,coinmarketcap_data_api_listings_historical
2025-07-04,33392,WPAY,WPAY,0.15635593,0.0,486666.66,coinmarketcap_data_api_listings_historical
2025-07-04,9021,wxDai,Wrapped XDAI,1.00010546,0.0,477031.7,coinmarketcap_data_api_listings_historical
2025-07-04,36909,SN47,For Sale,0.59056877,0.0,476108.73,coinmarketcap_data_api_listings_historical
2025-07-04,35396,PBTC,Purple Bitcoin,0.44837076,0.0,470438.74,coinmarketcap_data_api_listings_historical
2025-07-04,31971,DORKY,Dork Lord,0.02912137,0.0,470323.65,coinmarketcap_data_api_listings_historical
2025-07-04,32514,DMAGA,Dark MAGA,0.00065997,0.0,469893.82,coinmarketcap_data_api_listings_historical
2025-07-04,12457,ZEDXION,Zedxion,0.4154285,0.0,466616.89,coinmarketcap_data_api_listings_historical
2025-07-04,36414,CANDLE,Candle TV,0.00169534,0.0,464287.46,coinmarketcap_data_api_listings_historical
2025-07-04,29634,PUPPIES,I love puppies,2e-08,0.0,461665.64,coinmarketcap_data_api_listings_historical
2025-07-04,30842,RTF,Ready to Fight,0.02830233,0.0,454209.04,coinmarketcap_data_api_listings_historical
2025-07-04,30810,FJO,Fjord Foundry,0.08740559,0.0,454114.32,coinmarketcap_data_api_listings_historical
2025-07-04,32488,GME,GameStop Coin,3.8e-06,0.0,447989.2,coinmarketcap_data_api_listings_historical
2025-07-04,12087,ZKP,Panther Protocol,0.00940862,0.0,445658.51,coinmarketcap_data_api_listings_historical
2025-07-04,33862,PinEye,PinEye,8.276e-05,0.0,434551.12,coinmarketcap_data_api_listings_historical
2025-07-04,27712,PNDC,Pond Coin,1.1e-07,0.0,433957.14,coinmarketcap_data_api_listings_historical
2025-07-04,33934,KDX,Kodexa,0.01820666,0.0,431829.67,coinmarketcap_data_api_listings_historical
2025-07-04,17505,DLB,DiemLibre,0.00073433,0.0,429850.99,coinmarketcap_data_api_listings_historical
2025-07-04,23305,SEDA,SEDA Protocol,0.04293325,0.0,429071.0,coinmarketcap_data_api_listings_historical
2025-07-04,36447,CIK,Christ is King,9.07e-06,0.0,428244.35,coinmarketcap_data_api_listings_historical
2025-07-04,31934,TST,Teleport System Token,0.00187876,0.0,425469.14,coinmarketcap_data_api_listings_historical
2025-07-04,33414,PAI,ParallelAI,0.08899477,0.0,425122.75,coinmarketcap_data_api_listings_historical
2025-07-04,29486,FP,Forgotten Playland,0.0004201,0.0,423854.46,coinmarketcap_data_api_listings_historical
2025-07-04,36034,PELL,Pell Network,0.00236108,0.0,422886.08,coinmarketcap_data_api_listings_historical
2025-07-04,19211,NUC,NuCoin,0.07670556,0.0,420967.12,coinmarketcap_data_api_listings_historical
2025-07-04,30803,GUMMY,GUMMY,0.00133119,0.0,420900.49,coinmarketcap_data_api_listings_historical
2025-07-04,29892,$NAP,SNAP,3.19e-06,0.0,420587.51,coinmarketcap_data_api_listings_historical
2025-07-04,32486,CAT,NOT,2.011e-05,0.0,416296.62,coinmarketcap_data_api_listings_historical
2025-07-04,31970,RCH,SOFA Org,0.2083581,0.0,413184.78,coinmarketcap_data_api_listings_historical
2025-07-04,33850,SBR,STRATEGIC BITCOIN RESERVE,0.0317903,0.0,411895.0,coinmarketcap_data_api_listings_historical
2025-07-04,12186,SGB,Songbird,0.00501451,0.0,410469.7,coinmarketcap_data_api_listings_historical
2025-07-04,35891,XOXO,XO Protocol,0.00169847,0.0,405736.22,coinmarketcap_data_api_listings_historical
2025-07-04,35934,REACT,Reactive Network,0.02620069,0.0,404437.99,coinmarketcap_data_api_listings_historical
2025-07-04,28340,SMART,SMART,0.00394384,0.0,402574.55,coinmarketcap_data_api_listings_historical
2025-07-04,34641,COCA,COCA,0.12651293,0.0,402020.0,coinmarketcap_data_api_listings_historical
2025-07-04,36621,MIM,MAGIC•INTERNET•MONEY (Bitcoin),0.00144265,0.0,401597.68,coinmarketcap_data_api_listings_historical
2025-07-04,36480,AIX9,AthenaX9,0.00094976,0.0,400910.48,coinmarketcap_data_api_listings_historical
2025-07-04,36070,GRAB,GRABWAY,0.07869098,0.0,399872.99,coinmarketcap_data_api_listings_historical
2025-07-04,35986,ORCL,Oracul Analytics,0.7805269,0.0,399801.74,coinmarketcap_data_api_listings_historical
2025-07-04,36749,TACC,The Abundance Community Coin,0.48268314,0.0,398530.31,coinmarketcap_data_api_listings_historical
2025-07-04,33994,CTB,Content Bitcoin,208.88196846,0.0,397809.58,coinmarketcap_data_api_listings_historical
2025-07-04,35595,GMRT,The Game Company,0.00511628,0.0,397707.14,coinmarketcap_data_api_listings_historical
2025-07-04,32589,ECHO,EchoLink Network,0.15190754,0.0,395737.87,coinmarketcap_data_api_listings_historical
2025-07-04,33240,SEIYAN,Seiyan Token,0.0047336,0.0,393758.33,coinmarketcap_data_api_listings_historical
2025-07-04,36249,PTC,Patic,0.00136731,0.0,392678.35,coinmarketcap_data_api_listings_historical
2025-07-04,36874,SN5,OpenKaito,12.33021779,0.0,391604.65,coinmarketcap_data_api_listings_historical
2025-07-04,36420,BOOPA,Boopa,0.00029929,0.0,390525.27,coinmarketcap_data_api_listings_historical
2025-07-04,31055,TICS,Qubetics,1.78061331,0.0,386144.99,coinmarketcap_data_api_listings_historical
2025-07-04,32642,DMCK,Diamond Castle,2.14e-05,0.0,383642.31,coinmarketcap_data_api_listings_historical
2025-07-04,30563,PBUX,Playbux,0.00399535,0.0,382739.3,coinmarketcap_data_api_listings_historical
2025-07-04,29186,PEAS,Peapods Finance,3.70616628,0.0,382486.02,coinmarketcap_data_api_listings_historical
2025-07-04,33680,GOATS,GOATS,5.993e-05,0.0,381132.97,coinmarketcap_data_api_listings_historical
2025-07-04,16690,ABEY,Abey,0.08779762,0.0,379902.14,coinmarketcap_data_api_listings_historical
2025-07-04,4105,XCM,Coinmetro Token,0.12790414,0.0,379707.72,coinmarketcap_data_api_listings_historical
2025-07-04,33027,DIN,DIN,0.06423246,0.0,377174.78,coinmarketcap_data_api_listings_historical
2025-07-04,36060,DCOIN,DaVinci Protocol,0.40012486,0.0,376191.21,coinmarketcap_data_api_listings_historical
2025-07-04,34568,BBA,BBAChain,0.15493935,0.0,373027.64,coinmarketcap_data_api_listings_historical
2025-07-04,31978,EMT,EMAIL Token,0.00500045,0.0,370807.51,coinmarketcap_data_api_listings_historical
2025-07-04,21158,EARNM,EARNM,0.00092588,0.0,363977.06,coinmarketcap_data_api_listings_historical
2025-07-04,33569,NACHO,Nacho the Kat,2.668e-05,0.0,362483.09,coinmarketcap_data_api_listings_historical
2025-07-04,23442,GXE,XENO Governance,0.00231026,0.0,362097.05,coinmarketcap_data_api_listings_historical
2025-07-04,30074,VELAR,Velar,0.00253056,0.0,361466.2,coinmarketcap_data_api_listings_historical
2025-07-04,33803,RECT,ReflectionAI,0.00599618,0.0,360116.83,coinmarketcap_data_api_listings_historical
2025-07-04,25179,TURBOS,Turbos Finance,0.00142803,0.0,357283.42,coinmarketcap_data_api_listings_historical
2025-07-04,28652,SEAM,Seamless,0.36453282,0.0,355929.24,coinmarketcap_data_api_listings_historical
2025-07-04,36975,BINANCIENS,Binanciens,0.00055914,0.0,354768.13,coinmarketcap_data_api_listings_historical
2025-07-04,29265,INS,Inscribe,0.00605754,0.0,352571.65,coinmarketcap_data_api_listings_historical
2025-07-04,36489,RZR,Rezor,0.00020911,0.0,351838.42,coinmarketcap_data_api_listings_historical
2025-07-04,34813,FURM,Furmula,0.00266136,0.0,351104.67,coinmarketcap_data_api_listings_historical
2025-07-04,28356,SDAI,Savings Dai,1.16121459,0.0,348981.23,coinmarketcap_data_api_listings_historical
2025-07-04,35173,BAC,Bacon Protocol,6.5e-07,0.0,347118.44,coinmarketcap_data_api_listings_historical
2025-07-04,34881,TEMA,Tema,0.00042718,0.0,344125.92,coinmarketcap_data_api_listings_historical
2025-07-04,36287,PEPE,PEPE AI (pepeai.one),0.00098827,0.0,343650.71,coinmarketcap_data_api_listings_historical
2025-07-04,36580,MIXIE,Mixie,0.00381011,0.0,343276.97,coinmarketcap_data_api_listings_historical
2025-07-04,28920,ORDS,Ordiswap,0.00076135,0.0,343210.7,coinmarketcap_data_api_listings_historical
2025-07-04,36717,ZENAI,Zen AI,0.00049004,0.0,338343.51,coinmarketcap_data_api_listings_historical
2025-07-04,21345,4EVER,4EVERLAND,0.00127755,0.0,337690.26,coinmarketcap_data_api_listings_historical
2025-07-04,36427,BAYC,BAYC AI,0.11027378,0.0,336669.25,coinmarketcap_data_api_listings_historical
2025-07-04,31649,BICITY,BiCity AI Projects,0.00040482,0.0,334516.37,coinmarketcap_data_api_listings_historical
2025-07-04,36832,LAY,Loomlay,0.01112746,0.0,332763.37,coinmarketcap_data_api_listings_historical
2025-07-04,34974,VDO,Validao,0.4056048,0.0,332418.0,coinmarketcap_data_api_listings_historical
2025-07-04,31543,XETA,XANA,0.00048619,0.0,331610.27,coinmarketcap_data_api_listings_historical
2025-07-04,31225,BUCK,Bucket Protocol BUCK Stablecoin,0.99934493,0.0,329763.63,coinmarketcap_data_api_listings_historical
2025-07-04,35016,AVB,Autonomous Virtual Beings,0.0015628,0.0,329624.12,coinmarketcap_data_api_listings_historical
2025-07-04,36069,GINI,KALP Network,0.04078229,0.0,329489.09,coinmarketcap_data_api_listings_historical
2025-07-04,36522,VELAAI,VELAAI,0.01235637,0.0,327886.72,coinmarketcap_data_api_listings_historical
2025-07-04,31973,RWT,RWT TOKEN,7.318e-05,0.0,326914.98,coinmarketcap_data_api_listings_historical
2025-07-04,36917,SN10,Sturdy,4.23346152,0.0,326138.74,coinmarketcap_data_api_listings_historical
2025-07-04,36365,TDCCP,TakeDownCCP,0.20603255,0.0,324567.99,coinmarketcap_data_api_listings_historical
2025-07-04,35439,MXNA,Dark Machine,0.00382699,0.0,323069.26,coinmarketcap_data_api_listings_historical
2025-07-04,36186,Ghibli,GhibliCZ,0.00110105,0.0,322256.85,coinmarketcap_data_api_listings_historical
2025-07-04,29020,APP,RWAX,0.00504369,0.0,322131.29,coinmarketcap_data_api_listings_historical
2025-07-04,36498,GNC,Greenchie,7.4e-07,0.0,319644.98,coinmarketcap_data_api_listings_historical
2025-07-04,31763,LTT,Luxury Travel Token,0.00284282,0.0,316864.3,coinmarketcap_data_api_listings_historical
2025-07-04,32463,NEIRO,Neiro Solana (neirobropump.com),0.00051005,0.0,315339.49,coinmarketcap_data_api_listings_historical
2025-07-04,34149,AIFUN,AI Agent Layer,0.00250136,0.0,314921.14,coinmarketcap_data_api_listings_historical
2025-07-04,26675,FMB,Flappymoonbird,0.0082589,0.0,308387.89,coinmarketcap_data_api_listings_historical
2025-07-04,4424,XDAG,XDAG,0.00316466,0.0,306815.12,coinmarketcap_data_api_listings_historical
2025-07-04,36925,BLAZE,Blaze,4.19e-06,0.0,305688.63,coinmarketcap_data_api_listings_historical
2025-07-04,6224,BTY,Bityuan,0.01528093,0.0,305411.42,coinmarketcap_data_api_listings_historical
2025-07-04,36882,KAI,KAIKO,0.00536646,0.0,304226.89,coinmarketcap_data_api_listings_historical
2025-07-04,36899,SN41,Sportstensor,2.55729213,0.0,302417.0,coinmarketcap_data_api_listings_historical
2025-07-04,37074,VULPEFI,Vulpe Finance,0.00038489,0.0,298144.65,coinmarketcap_data_api_listings_historical
2025-07-04,10088,POLYDOGE,PolyDoge,0.0,0.0,297738.61,coinmarketcap_data_api_listings_historical
2025-07-04,11190,KCAKE,KittyCake,1.74e-06,0.0,296172.12,coinmarketcap_data_api_listings_historical
2025-07-04,29995,LMEOW,lmeow,0.01678319,0.0,293958.07,coinmarketcap_data_api_listings_historical
2025-07-04,36279,PAPARAZZI,Paparazzi Token,0.00093127,0.0,293944.28,coinmarketcap_data_api_listings_historical
2025-07-04,31288,TRIO,TRIO (OrdinalsBot),0.6676501,0.0,292560.97,coinmarketcap_data_api_listings_historical
2025-07-04,35326,MIDLE,Midle,0.00042926,0.0,292187.95,coinmarketcap_data_api_listings_historical
2025-07-04,29434,SORA,Sora,6.644e-05,0.0,291721.88,coinmarketcap_data_api_listings_historical
2025-07-04,32516,NRN,Neuron,0.03587508,0.0,290823.13,coinmarketcap_data_api_listings_historical
2025-07-04,25512,RFD,RefundCoin,2.96e-06,0.0,289416.02,coinmarketcap_data_api_listings_historical
2025-07-04,34845,TMAI,Token Metrics AI,0.00069867,0.0,289168.33,coinmarketcap_data_api_listings_historical
2025-07-04,24892,TENET,TENET,0.00039737,0.0,288149.37,coinmarketcap_data_api_listings_historical
2025-07-04,28540,MKT,MikeToken,0.0,0.0,286566.71,coinmarketcap_data_api_listings_historical
2025-07-04,33034,CATALORIAN,Catalorian (CatalorianOGETH),0.00047898,0.0,285799.67,coinmarketcap_data_api_listings_historical
2025-07-04,34008,CLAY,Clayton,1.889e-05,0.0,285674.22,coinmarketcap_data_api_listings_historical
2025-07-04,24690,TND,TendaCoin,0.0,0.0,285534.58,coinmarketcap_data_api_listings_historical
2025-07-04,9797,XAVA,Avalaunch,0.23097445,0.0,277621.98,coinmarketcap_data_api_listings_historical
2025-07-04,28582,PT,Phemex Token,0.87650714,0.0,273997.13,coinmarketcap_data_api_listings_historical
2025-07-04,34163,MGT,Moongate,0.00100215,0.0,272571.23,coinmarketcap_data_api_listings_historical
2025-07-04,28589,FROGE,Froge (ETH),0.0,0.0,272381.77,coinmarketcap_data_api_listings_historical
2025-07-04,28826,TURT,TurtSat,0.0001963,0.0,271730.49,coinmarketcap_data_api_listings_historical
2025-07-04,36465,CES,Whalebit,3.55079589,0.0,271521.32,coinmarketcap_data_api_listings_historical
2025-07-04,28756,VPR,VaporFund,0.00067252,0.0,270975.16,coinmarketcap_data_api_listings_historical
2025-07-04,32237,BBTC,Baby Bitcoin,0.00096091,0.0,270906.45,coinmarketcap_data_api_listings_historical
2025-07-04,26954,PLB,Paladeum,0.73671103,0.0,269216.37,coinmarketcap_data_api_listings_historical
2025-07-04,33931,TAP,Tap Protocol,0.42707125,0.0,266369.71,coinmarketcap_data_api_listings_historical
2025-07-04,35982,DAIWO,D.A.I.Wo,1.22825016,0.0,265687.88,coinmarketcap_data_api_listings_historical
2025-07-04,34680,AIAGENT,Casper AI,0.00087234,0.0,265340.66,coinmarketcap_data_api_listings_historical
2025-07-04,36127,MUBARAK,Mubarak(mubarakcoin.link),0.02177071,0.0,264823.77,coinmarketcap_data_api_listings_historical
2025-07-04,34023,LUM,Luminous,1.21704973,0.0,264164.06,coinmarketcap_data_api_listings_historical
2025-07-04,33283,MEI,Mei Solutions,0.02224447,0.0,261868.13,coinmarketcap_data_api_listings_historical
2025-07-04,31293,NIGELLA,Nigella Coin,0.74652587,0.0,260628.06,coinmarketcap_data_api_listings_historical
2025-07-04,2878,DFT,DigiFinexToken,0.01348142,0.0,258883.87,coinmarketcap_data_api_listings_historical
2025-07-04,36914,SN34,BitMind,8.69200204,0.0,257036.44,coinmarketcap_data_api_listings_historical
2025-07-04,36460,BERRY,Strawberry In Bloom,0.00164297,0.0,256669.44,coinmarketcap_data_api_listings_historical
2025-07-04,36252,AQA,AQA,0.000136,0.0,253480.48,coinmarketcap_data_api_listings_historical
2025-07-04,13675,KINT,Kintsugi,0.21057888,0.0,253445.86,coinmarketcap_data_api_listings_historical
2025-07-04,32150,BEER,Beers,0.0005451,0.0,253050.1,coinmarketcap_data_api_listings_historical
2025-07-04,32976,USDG,DGTEK TOKEN,7.18297098,0.0,252324.81,coinmarketcap_data_api_listings_historical
2025-07-04,36450,LAIR,Lair Finance,0.0256392,0.0,252077.19,coinmarketcap_data_api_listings_historical
2025-07-04,36906,SN88,Sταking,1.56126924,0.0,250948.89,coinmarketcap_data_api_listings_historical
2025-07-04,36905,SN25,Mainframe,2.7427407,0.0,249535.68,coinmarketcap_data_api_listings_historical
2025-07-04,36559,MIH,MINE COIN,0.19141198,0.0,248760.78,coinmarketcap_data_api_listings_historical
2025-07-04,36084,HYPERSKIDS,$HYPERSKIDS,0.00108285,0.0,247918.26,coinmarketcap_data_api_listings_historical
2025-07-04,33290,BLUB,BLUB,3e-08,0.0,246594.96,coinmarketcap_data_api_listings_historical
2025-07-04,36886,SN13,Data Universe,7.37743593,0.0,246046.08,coinmarketcap_data_api_listings_historical
2025-07-04,34168,MANIFEST,Manifest,0.00087109,0.0,244825.77,coinmarketcap_data_api_listings_historical
2025-07-04,36514,MAI,MuxyAI,0.0018922,0.0,244544.07,coinmarketcap_data_api_listings_historical
2025-07-04,36709,LABUBU,LABUBU,0.0001931,0.0,244435.63,coinmarketcap_data_api_listings_historical
2025-07-04,33028,NKYC,Nonkyc.io Exchange,23.32431502,0.0,244397.22,coinmarketcap_data_api_listings_historical
2025-07-04,36885,SN12,Compute Horde,5.06251783,0.0,244325.0,coinmarketcap_data_api_listings_historical
2025-07-04,32079,PEOPLE,MAGA,2.967e-05,0.0,243263.39,coinmarketcap_data_api_listings_historical
2025-07-04,31410,FDM,Freedom,0.01296616,0.0,243197.38,coinmarketcap_data_api_listings_historical
2025-07-04,31378,RADX,Radx AI,2.47e-06,0.0,243064.34,coinmarketcap_data_api_listings_historical
2025-07-04,15428,EShib,Euro Shiba Inu,0.0,0.0,242306.67,coinmarketcap_data_api_listings_historical
2025-07-04,35797,BNBAI,BNB Agents,6.95e-05,0.0,241707.03,coinmarketcap_data_api_listings_historical
2025-07-04,4256,KLAY,Klaytn,0.15408641,0.0,241331.33,coinmarketcap_data_api_listings_historical
2025-07-04,24277,OETH,Origin Ether,2510.73491182,0.0,240648.03,coinmarketcap_data_api_listings_historical
2025-07-04,36058,$NOEL,AskNoel,0.00186952,0.0,240405.95,coinmarketcap_data_api_listings_historical
2025-07-04,31254,SPEED,real fast,0.00075152,0.0,240381.32,coinmarketcap_data_api_listings_historical
2025-07-04,32435,TRUMPCOIN,MAGA: Fight for Trump,0.00010696,0.0,238502.55,coinmarketcap_data_api_listings_historical
2025-07-04,28270,FLC,Floor Protocol,0.00011003,0.0,237369.17,coinmarketcap_data_api_listings_historical
2025-07-04,22262,LSD,Pontem Liquidswap,0.24481994,0.0,237171.19,coinmarketcap_data_api_listings_historical
2025-07-04,36009,VAI,Vyvo AI,1.93739202,0.0,236044.6,coinmarketcap_data_api_listings_historical
2025-07-04,32346,COAI,CodeMong Ai,3.22e-06,0.0,234375.45,coinmarketcap_data_api_listings_historical
2025-07-04,34593,BLADE,Blade Games,0.0174629,0.0,233953.34,coinmarketcap_data_api_listings_historical
2025-07-04,34882,DESCI,SUI Desci Agents,0.00081354,0.0,233752.35,coinmarketcap_data_api_listings_historical
2025-07-04,35206,BRP,BananaRepublic,0.00238319,0.0,233250.62,coinmarketcap_data_api_listings_historical
2025-07-04,34317,SAINT,Satoshi AI agent by Virtuals,0.00061177,0.0,231409.01,coinmarketcap_data_api_listings_historical
2025-07-04,33556,KITEAI,KiteAI,2e-07,0.0,231198.94,coinmarketcap_data_api_listings_historical
2025-07-04,35787,BROCCOLI,Broccoli(broccolicoin.me),0.00014526,0.0,230482.9,coinmarketcap_data_api_listings_historical
2025-07-04,35796,TST,[Fake] Test (testtoken.me),0.00012166,0.0,230134.26,coinmarketcap_data_api_listings_historical
2025-07-04,36780,CRAPPY,CrappyBird,0.00233877,0.0,229528.14,coinmarketcap_data_api_listings_historical
2025-07-04,24700,LBR,Lybra Finance,0.02812066,0.0,229527.94,coinmarketcap_data_api_listings_historical
2025-07-04,21314,APTR,Aperture Finance,0.00092629,0.0,229013.81,coinmarketcap_data_api_listings_historical
2025-07-04,20611,LIF3,LIF3,0.00219014,0.0,228875.41,coinmarketcap_data_api_listings_historical
2025-07-04,28647,CATBOY,Catboy,0.00574916,0.0,228793.53,coinmarketcap_data_api_listings_historical
2025-07-04,36370,PI,PI TRUMP (pitrumphub.com),4.8e-07,0.0,225786.77,coinmarketcap_data_api_listings_historical
2025-07-04,35175,METANIA,MetaniaGames v2,0.03837848,0.0,225535.46,coinmarketcap_data_api_listings_historical
2025-07-04,33822,XGP,XGP,1.006e-05,0.0,225244.21,coinmarketcap_data_api_listings_historical
2025-07-04,33686,TITS,We Love Tits,0.00162754,0.0,221741.67,coinmarketcap_data_api_listings_historical
2025-07-04,32686,ZYGO,Zygo the frog,0.00282541,0.0,220651.22,coinmarketcap_data_api_listings_historical
2025-07-04,27467,LEE,Love Earn Enjoy,2.3543385,0.0,220102.16,coinmarketcap_data_api_listings_historical
2025-07-04,33692,GHOAD,GHOAD,0.00019897,0.0,220000.17,coinmarketcap_data_api_listings_historical
2025-07-04,36791,QSHX,Queen Sherex,0.00102066,0.0,219830.8,coinmarketcap_data_api_listings_historical
2025-07-04,29894,PUNKAI,PunkAI,5.96e-06,0.0,219771.27,coinmarketcap_data_api_listings_historical
2025-07-04,35376,MUSK,OFFICIAL MUSK (crypto-altcoins.com),0.00065226,0.0,218570.24,coinmarketcap_data_api_listings_historical
2025-07-04,16794,AMETA,Alpha City,0.00041701,0.0,217535.43,coinmarketcap_data_api_listings_historical
2025-07-04,28884,CAP,Capverse,0.13496379,0.0,216793.73,coinmarketcap_data_api_listings_historical
2025-07-04,28076,OZO,Ozone Chain,0.12995506,0.0,216385.96,coinmarketcap_data_api_listings_historical
2025-07-04,36910,SN93,Bitcast,1.08852413,0.0,216225.23,coinmarketcap_data_api_listings_historical
2025-07-04,35530,OSOL,OSOL AI Index,0.00543902,0.0,216129.01,coinmarketcap_data_api_listings_historical
2025-07-04,6498,MTC,Metacoin,0.03064156,0.0,215793.52,coinmarketcap_data_api_listings_historical
2025-07-04,32865,TRUMP,TRUMP AI,0.00053741,0.0,214982.61,coinmarketcap_data_api_listings_historical
2025-07-04,35563,ELON4AFD,Elon for AfD,0.00467142,0.0,214718.76,coinmarketcap_data_api_listings_historical
2025-07-04,31183,GIKO,Giko Cat,0.39896703,0.0,214713.71,coinmarketcap_data_api_listings_historical
2025-07-04,23520,SMART,Smart Game Finance,0.00393972,0.0,214195.25,coinmarketcap_data_api_listings_historical
2025-07-04,34537,MNEMO,Mnemonics,1.016e-05,0.0,214154.24,coinmarketcap_data_api_listings_historical
2025-07-04,35894,BONDX,BONDX,0.00535154,0.0,212601.76,coinmarketcap_data_api_listings_historical
2025-07-04,31397,HIGHER,Higher,0.00323788,0.0,212206.46,coinmarketcap_data_api_listings_historical
2025-07-04,36207,ZP,Web3PVZ,0.00053181,0.0,212067.26,coinmarketcap_data_api_listings_historical
2025-07-04,28043,FOG,FOGNET,0.05215422,0.0,211522.13,coinmarketcap_data_api_listings_historical
2025-07-04,34229,STOOS,STO Operating System,0.93112654,0.0,210147.14,coinmarketcap_data_api_listings_historical
2025-07-04,1678,INSN,InsaneCoin,4.508e-05,0.0,209983.86,coinmarketcap_data_api_listings_historical
2025-07-04,8635,xDAI,xDAI,1.01767281,0.0,209780.16,coinmarketcap_data_api_listings_historical
2025-07-04,32712,BEBE,BEBE,7.273e-05,0.0,208903.05,coinmarketcap_data_api_listings_historical
2025-07-04,35082,WCO,W Coin,0.00042454,0.0,208720.77,coinmarketcap_data_api_listings_historical
2025-07-04,32270,FIGHT,FIGHT TO MAGA,0.00056588,0.0,208468.09,coinmarketcap_data_api_listings_historical
2025-07-04,22949,GRAIL,Camelot Token,348.81331899,0.0,207381.89,coinmarketcap_data_api_listings_historical
2025-07-04,33293,LOULOU,LOULOU,0.00215116,0.0,207342.56,coinmarketcap_data_api_listings_historical
2025-07-04,32959,ELYS,Elys Network,0.08869075,0.0,206783.46,coinmarketcap_data_api_listings_historical
2025-07-04,4715,TKX,Tokenize Xchange,19.93983666,0.0,206484.55,coinmarketcap_data_api_listings_historical
2025-07-04,31713,SATX,SatoshiDEX,0.00011811,0.0,206334.99,coinmarketcap_data_api_listings_historical
2025-07-04,30267,BTCF,BITCOIN FUTURE,0.08468776,0.0,206250.81,coinmarketcap_data_api_listings_historical
2025-07-04,30952,RFRM,Reform DAO,0.02751066,0.0,205931.12,coinmarketcap_data_api_listings_historical
2025-07-04,5031,MWC,MimbleWimbleCoin,37.97510021,0.0,205694.95,coinmarketcap_data_api_listings_historical
2025-07-04,31737,UDAO,UDAO,0.12347344,0.0,205687.62,coinmarketcap_data_api_listings_historical
2025-07-04,23513,FERMA,FERMA SOSEDI,0.04148574,0.0,205540.3,coinmarketcap_data_api_listings_historical
2025-07-04,30092,ENTS,Ents,0.00013914,0.0,205212.68,coinmarketcap_data_api_listings_historical
2025-07-04,30947,BOBE,BOOK OF BILLIONAIRES,0.00041833,0.0,205103.38,coinmarketcap_data_api_listings_historical
2025-07-04,28649,DAWG,Dawg Coin,0.00013169,0.0,204364.26,coinmarketcap_data_api_listings_historical
2025-07-04,21769,METAL,Metal Blockchain,0.16192065,0.0,204079.41,coinmarketcap_data_api_listings_historical
2025-07-04,31946,$CHIDO,Chinese Doge Wow,0.00195249,0.0,203587.12,coinmarketcap_data_api_listings_historical
2025-07-04,36911,SN17,404—GEN,9.09616621,0.0,203571.29,coinmarketcap_data_api_listings_historical
2025-07-04,20303,ORT,XREATORS,0.00046978,0.0,203570.45,coinmarketcap_data_api_listings_historical
2025-07-04,31906,LILPUMP,lilpump,6.067e-05,0.0,203363.41,coinmarketcap_data_api_listings_historical
2025-07-04,30264,MAGATRUMP,MAGA Trump,0.12584788,0.0,203096.86,coinmarketcap_data_api_listings_historical
2025-07-04,18005,KT,KingdomX,0.00037113,0.0,202790.93,coinmarketcap_data_api_listings_historical
2025-07-04,36966,BJC,BJustCoin,2.80441221,0.0,202692.04,coinmarketcap_data_api_listings_historical
2025-07-04,28719,SOLS,sols,0.03872659,0.0,202287.46,coinmarketcap_data_api_listings_historical
2025-07-04,35850,DNOW,DuelNow,0.00071072,0.0,200007.46,coinmarketcap_data_api_listings_historical
2025-07-04,31788,EAI,Eagle AI,0.14943414,0.0,199167.47,coinmarketcap_data_api_listings_historical
2025-07-04,34788,OPAI,Optopia,4.033e-05,0.0,198891.26,coinmarketcap_data_api_listings_historical
2025-07-04,6890,TON,TON Token,1.41960558,0.0,196714.14,coinmarketcap_data_api_listings_historical
2025-07-04,36817,NAKA,Naka Go,0.00084527,0.0,195277.92,coinmarketcap_data_api_listings_historical
2025-07-04,36386,SATO,Sato The Dog,1.28e-06,0.0,194149.31,coinmarketcap_data_api_listings_historical
2025-07-04,22656,GAU,Gamer Arena,0.00164186,0.0,193390.84,coinmarketcap_data_api_listings_historical
2025-07-04,4586,PROB,ProBit Token,0.03850978,0.0,193141.8,coinmarketcap_data_api_listings_historical
2025-07-04,18519,ASTRA,ASTRA,0.00206947,0.0,192625.3,coinmarketcap_data_api_listings_historical
2025-07-04,33893,SHEGEN,Fi - Ai With Daddy Issues,0.00030768,0.0,192339.9,coinmarketcap_data_api_listings_historical
2025-07-04,23029,VXT,Voxto Amplify,0.03023781,0.0,191948.15,coinmarketcap_data_api_listings_historical
2025-07-04,31953,FTR,Fautor,0.00587318,0.0,191932.34,coinmarketcap_data_api_listings_historical
2025-07-04,27855,SPURDO,spurdo,1e-08,0.0,190652.62,coinmarketcap_data_api_listings_historical
2025-07-04,12078,DOG,DogeSwap,0.00413942,0.0,190307.67,coinmarketcap_data_api_listings_historical
2025-07-04,12200,DSFR,Digital Swiss Franc,0.00270004,0.0,189136.09,coinmarketcap_data_api_listings_historical
2025-07-04,33685,PDJT,President Donald J. Trump,0.00040073,0.0,188005.84,coinmarketcap_data_api_listings_historical
2025-07-04,36626,ORCAI,ORCA,0.00092517,0.0,188000.89,coinmarketcap_data_api_listings_historical
2025-07-04,35653,CATTON,Catton AI,4e-08,0.0,187598.25,coinmarketcap_data_api_listings_historical
2025-07-04,33988,CHEYENNE,Cheyenne,0.00030001,0.0,187452.41,coinmarketcap_data_api_listings_historical
2025-07-04,10854,RAIL,Railgun,0.88210551,0.0,186859.02,coinmarketcap_data_api_listings_historical
2025-07-04,24370,ERN,Ethos Reserve Note,0.95127939,0.0,186081.97,coinmarketcap_data_api_listings_historical
2025-07-04,32709,UWU,Unicorn,5.988e-05,0.0,185592.99,coinmarketcap_data_api_listings_historical
2025-07-04,29912,ORFY,Ordify,0.01339941,0.0,183344.01,coinmarketcap_data_api_listings_historical
2025-07-04,33687,BBQ,BBQCOIN,0.01399762,0.0,183340.65,coinmarketcap_data_api_listings_historical
2025-07-04,35755,TAPS,TapSwap,0.00214063,0.0,183096.53,coinmarketcap_data_api_listings_historical
2025-07-04,36916,SN84,Docs-Insights (Taτsu),0.70400672,0.0,182579.67,coinmarketcap_data_api_listings_historical
2025-07-04,5800,TRCL,Treecle,0.00091164,0.0,181205.9,coinmarketcap_data_api_listings_historical
2025-07-04,28485,NLS,Nolus,0.00644747,0.0,180249.03,coinmarketcap_data_api_listings_historical
2025-07-04,7619,BCA,Bitcoiva,8.77961666,0.0,180173.5,coinmarketcap_data_api_listings_historical
2025-07-04,33463,HOLD,HoldCoin,8.626e-05,0.0,179308.06,coinmarketcap_data_api_listings_historical
2025-07-04,21516,CANTO,CANTO,0.00820891,0.0,178984.96,coinmarketcap_data_api_listings_historical
2025-07-04,8691,DEXTF,Memento,0.1413377,0.0,178567.76,coinmarketcap_data_api_listings_historical
2025-07-04,36261,HYP,HyperX,27.07677176,0.0,178565.14,coinmarketcap_data_api_listings_historical
2025-07-04,32130,RIS,Riser,0.01662208,0.0,178421.57,coinmarketcap_data_api_listings_historical
2025-07-04,24289,LIMO,Limoverse,0.00660308,0.0,178274.51,coinmarketcap_data_api_listings_historical
2025-07-04,15810,OMNIA,OMNIA Protocol,0.01124453,0.0,178237.45,coinmarketcap_data_api_listings_historical
2025-07-04,28510,HOLD,Holdstation,0.92780871,0.0,177173.8,coinmarketcap_data_api_listings_historical
2025-07-04,31460,TBC,Tour Billion,0.00074121,0.0,175057.02,coinmarketcap_data_api_listings_historical
2025-07-04,35795,DRX,DRX Token,0.00725184,0.0,174466.41,coinmarketcap_data_api_listings_historical
2025-07-04,35327,MATES,MATES,8.772e-05,0.0,174273.56,coinmarketcap_data_api_listings_historical
2025-07-04,21288,SAFE,SAFE(AnWang),6.31641555,0.0,174042.12,coinmarketcap_data_api_listings_historical
2025-07-04,33486,RXS,Rexas Finance,0.00910878,0.0,173989.29,coinmarketcap_data_api_listings_historical
2025-07-04,36194,YU,Yellow Umbrella,0.00011003,0.0,173425.05,coinmarketcap_data_api_listings_historical
2025-07-04,9456,ASS,Australian Safe Shepherd,0.0,0.0,172682.52,coinmarketcap_data_api_listings_historical
2025-07-04,21938,$HMT,Humanize,0.00015404,0.0,171752.98,coinmarketcap_data_api_listings_historical
2025-07-04,24916,AUC,Advanced Project,0.00031412,0.0,171707.68,coinmarketcap_data_api_listings_historical
2025-07-04,32849,LVLY,Lyvely,0.02154238,0.0,171159.51,coinmarketcap_data_api_listings_historical
2025-07-04,36660,D,D,2.09e-06,0.0,170765.87,coinmarketcap_data_api_listings_historical
2025-07-04,36520,TFNY,TFNY,0.00056009,0.0,170162.21,coinmarketcap_data_api_listings_historical
2025-07-04,11557,DOG,Own The Doge,0.00149611,0.0,169756.44,coinmarketcap_data_api_listings_historical
2025-07-04,31874,TRUMP,PEPE,3.7e-07,0.0,169755.17,coinmarketcap_data_api_listings_historical
2025-07-04,24439,KAG,Kinesis Silver,36.41594216,0.0,169334.83,coinmarketcap_data_api_listings_historical
2025-07-04,36152,DIGI,Digicoin,4e-08,0.0,169180.96,coinmarketcap_data_api_listings_historical
2025-07-04,33304,WXM,WeatherXM,0.19507998,0.0,168521.32,coinmarketcap_data_api_listings_historical
2025-07-04,34852,AKITA,AKITA-BSC,0.00039204,0.0,167331.69,coinmarketcap_data_api_listings_historical
2025-07-04,4258,XTM,MinoTari (Tari L1),0.00914936,0.0,166744.88,coinmarketcap_data_api_listings_historical
2025-07-04,35427,L1X,Layer One X,19.99699527,0.0,166339.39,coinmarketcap_data_api_listings_historical
2025-07-04,2336,GTC,Game.com,7.413e-05,0.0,165177.02,coinmarketcap_data_api_listings_historical
2025-07-04,36004,MAG,Magnetix,0.00030903,0.0,165037.55,coinmarketcap_data_api_listings_historical
2025-07-04,35773,JOC,Japan Open Chain,0.10492386,0.0,164946.11,coinmarketcap_data_api_listings_historical
2025-07-04,27191,LUCKYSLP,LuckysLeprecoin,9e-08,0.0,163751.8,coinmarketcap_data_api_listings_historical
2025-07-04,12582,POKERFI,PokerFi,6.993e-05,0.0,163284.08,coinmarketcap_data_api_listings_historical
2025-07-04,2329,HPY,Hyper Pay,0.00031101,0.0,163258.86,coinmarketcap_data_api_listings_historical
2025-07-04,35271,LEGEND,Legend,0.00023467,0.0,163090.24,coinmarketcap_data_api_listings_historical
2025-07-04,35582,STRIKE,STRIKE,0.00307107,0.0,163008.64,coinmarketcap_data_api_listings_historical
2025-07-04,33736,DOGE,Department of Gov Efficiency (deptofgovtefficiency.com),0.05891384,0.0,162945.71,coinmarketcap_data_api_listings_historical
2025-07-04,32214,MATT,MATT,8.76e-06,0.0,162702.26,coinmarketcap_data_api_listings_historical
2025-07-04,36285,IMT,Immortal Token,0.00630725,0.0,162500.58,coinmarketcap_data_api_listings_historical
2025-07-04,35649,BEENZ,BEENZ,0.00026505,0.0,162003.23,coinmarketcap_data_api_listings_historical
2025-07-04,30905,SMX,Snapmuse.io,0.00133462,0.0,161631.88,coinmarketcap_data_api_listings_historical
2025-07-04,34215,PLPA,Palapa,0.00605154,0.0,161390.87,coinmarketcap_data_api_listings_historical
2025-07-04,34310,KANGO,KANGO,1.471e-05,0.0,161075.77,coinmarketcap_data_api_listings_historical
2025-07-04,35252,JAM,JAM,0.00025,0.0,160693.5,coinmarketcap_data_api_listings_historical
2025-07-04,8129,FIRE,Fire Protocol,0.00039553,0.0,160335.98,coinmarketcap_data_api_listings_historical
2025-07-04,31031,BARRON,Time Traveler,0.00017557,0.0,160142.24,coinmarketcap_data_api_listings_historical
2025-07-04,35040,AVC,Alterverse,0.00039018,0.0,160079.53,coinmarketcap_data_api_listings_historical
2025-07-04,35636,SAFEMOONSOL,Safemoon CTO on Solana,0.00042309,0.0,159557.24,coinmarketcap_data_api_listings_historical
2025-07-04,19899,EVMOS,Evmos,0.00353141,0.0,159495.48,coinmarketcap_data_api_listings_historical
2025-07-04,35816,BWT,Blockworld,0.0,0.0,159437.2,coinmarketcap_data_api_listings_historical
2025-07-04,33916,PEANUT,#1 Tiktok Squirrel,0.00043608,0.0,159143.91,coinmarketcap_data_api_listings_historical
2025-07-04,34864,AVERY,Avery Games,1.434e-05,0.0,158955.77,coinmarketcap_data_api_listings_historical
2025-07-04,34020,DOGECAST,Dogecast,0.00010003,0.0,158887.87,coinmarketcap_data_api_listings_historical
2025-07-04,24849,CCASH,C-cash,0.00152538,0.0,158882.2,coinmarketcap_data_api_listings_historical
2025-07-04,34811,TRENCHAI,Trenches AI,0.00021907,0.0,158710.18,coinmarketcap_data_api_listings_historical
2025-07-04,35770,PIAI,Pi Network AI,0.0,0.0,158700.39,coinmarketcap_data_api_listings_historical
2025-07-04,35806,GROK3,Grok 3,8.872e-05,0.0,158669.4,coinmarketcap_data_api_listings_historical
2025-07-04,35169,SENTAI,SentAI,0.00026292,0.0,158242.2,coinmarketcap_data_api_listings_historical
2025-07-04,36371,TRUMP,TRUMP MOG (trumpmog.me),0.00023434,0.0,157599.01,coinmarketcap_data_api_listings_historical
2025-07-04,9938,OOE,OpenOcean,0.00396889,0.0,157137.31,coinmarketcap_data_api_listings_historical
2025-07-04,28803,ZERO,Analysoor,0.08634429,0.0,157077.41,coinmarketcap_data_api_listings_historical
2025-07-04,32337,PIZZA,Pizza (Ordinals),0.16257405,0.0,157053.18,coinmarketcap_data_api_listings_historical
2025-07-04,32478,MOXIE,Moxie,4.923e-05,0.0,156792.32,coinmarketcap_data_api_listings_historical
2025-07-04,35251,AION,AION 5100,0.62711156,0.0,156376.99,coinmarketcap_data_api_listings_historical
2025-07-04,28049,TIP,Tipcoin,1.365e-05,0.0,156007.66,coinmarketcap_data_api_listings_historical
2025-07-04,35896,FORM,Form,0.0001313,0.0,155178.22,coinmarketcap_data_api_listings_historical
2025-07-04,33976,HAGGIS,New Born Haggis Pygmy Hippo,5.57e-05,0.0,154864.22,coinmarketcap_data_api_listings_historical
2025-07-04,29770,SMH,Spacemesh,0.00536313,0.0,154698.53,coinmarketcap_data_api_listings_historical
2025-07-04,5015,HEX,HEX,0.00167954,0.0,154171.49,coinmarketcap_data_api_listings_historical
2025-07-04,2994,BIFI,Bitcoin File,0.00022623,0.0,153924.54,coinmarketcap_data_api_listings_historical
2025-07-04,35578,BOOK,Book of Binance,0.00442516,0.0,152820.11,coinmarketcap_data_api_listings_historical
2025-07-04,35713,MIU,Miu,4e-08,0.0,152110.64,coinmarketcap_data_api_listings_historical
2025-07-04,24246,LUMI,LumiShare,0.00182246,0.0,152106.79,coinmarketcap_data_api_listings_historical
2025-07-04,28672,AGII,AGII,2.093e-05,0.0,151605.03,coinmarketcap_data_api_listings_historical
2025-07-04,32158,TRALA,TRALA,0.00903532,0.0,151218.74,coinmarketcap_data_api_listings_historical
2025-07-04,34564,ASI,Sender,0.00400086,0.0,151088.56,coinmarketcap_data_api_listings_historical
2025-07-04,28608,BSSB,BitStable,0.02130525,0.0,150161.2,coinmarketcap_data_api_listings_historical
2025-07-04,23143,MATCH,Matching Game,2.97e-06,0.0,149843.21,coinmarketcap_data_api_listings_historical
2025-07-04,28455,cats,cats (Ordinals),2.9e-06,0.0,147168.17,coinmarketcap_data_api_listings_historical
2025-07-04,22408,DST,DAYSTARTER,0.04071205,0.0,145712.75,coinmarketcap_data_api_listings_historical
2025-07-04,35643,PHAR,Pharaoh,375.18835735,0.0,144843.51,coinmarketcap_data_api_listings_historical
2025-07-04,36468,SNS,Solana Name Service,0.00205843,0.0,144690.39,coinmarketcap_data_api_listings_historical
2025-07-04,27026,MSN,Meson Network,0.01345987,0.0,143950.76,coinmarketcap_data_api_listings_historical
2025-07-04,20475,USDZ,Zedxion,0.99547668,0.0,143663.19,coinmarketcap_data_api_listings_historical
2025-07-04,27363,DLLR,Sovryn Dollar,0.99636022,0.0,143483.73,coinmarketcap_data_api_listings_historical
2025-07-04,34281,XSAT,exSat Network,3.27798209,0.0,142991.92,coinmarketcap_data_api_listings_historical
2025-07-04,9091,CPC,CPCoin,0.08064955,0.0,142735.42,coinmarketcap_data_api_listings_historical
2025-07-04,20261,XPM,XPMarket,0.02279954,0.0,142691.08,coinmarketcap_data_api_listings_historical
2025-07-04,36126,AMI,Amnis Finance,0.10724462,0.0,142584.66,coinmarketcap_data_api_listings_historical
2025-07-04,34369,MEOW,Meow,0.0004209,0.0,142175.18,coinmarketcap_data_api_listings_historical
2025-07-04,11181,SBR,Saber,0.00105959,0.0,142138.05,coinmarketcap_data_api_listings_historical
2025-07-04,23707,HXD,Honeyland,0.00317502,0.0,141918.38,coinmarketcap_data_api_listings_historical
2025-07-04,31909,aUSDT,aUSDT,0.99093047,0.0,141840.84,coinmarketcap_data_api_listings_historical
2025-07-04,35444,YULI,Yuliverse,0.00059562,0.0,141663.85,coinmarketcap_data_api_listings_historical
2025-07-04,30959,TOOKER,tooker kurlson,0.00055049,0.0,141433.54,coinmarketcap_data_api_listings_historical
2025-07-04,35815,HVLO,Hivello,0.00048192,0.0,141290.91,coinmarketcap_data_api_listings_historical
2025-07-04,19823,FAKT,Medifakt,0.00037169,0.0,141010.2,coinmarketcap_data_api_listings_historical
2025-07-04,30571,EPIK,TEH EPIK DUCK,0.00303522,0.0,140999.62,coinmarketcap_data_api_listings_historical
2025-07-04,16001,DKS,DarkShield Games Studio,3.985e-05,0.0,140189.17,coinmarketcap_data_api_listings_historical
2025-07-04,32795,BINANCEDOG,Binancedog,0.00018502,0.0,139858.91,coinmarketcap_data_api_listings_historical
2025-07-04,18356,VOLT,Voltage Finance,5.737e-05,0.0,139356.79,coinmarketcap_data_api_listings_historical
2025-07-04,22276,HALO,HALO COIN,1.783e-05,0.0,139135.27,coinmarketcap_data_api_listings_historical
2025-07-04,32660,OC,Oxchange Finance,0.52866733,0.0,138906.84,coinmarketcap_data_api_listings_historical
2025-07-04,27838,SEILOR,Kryptonite,0.00094762,0.0,138011.98,coinmarketcap_data_api_listings_historical
2025-07-04,30256,$ECET,Evercraft Ecotechnologies,0.00562866,0.0,137972.99,coinmarketcap_data_api_listings_historical
2025-07-04,30766,OBICOIN,OBI Real Estate,0.01052167,0.0,137554.61,coinmarketcap_data_api_listings_historical
2025-07-04,15518,KNG,Kanga Exchange Token,1.75161484,0.0,137541.54,coinmarketcap_data_api_listings_historical
2025-07-04,36919,RITA,Rita Elite Order,0.00124903,0.0,137263.35,coinmarketcap_data_api_listings_historical
2025-07-04,29635,EVO,Devomon,0.00019598,0.0,137087.93,coinmarketcap_data_api_listings_historical
2025-07-04,22099,TTC,Tongtongcoin,0.06623277,0.0,136781.73,coinmarketcap_data_api_listings_historical
2025-07-04,10532,DIVER,Divergence,0.0071836,0.0,136722.37,coinmarketcap_data_api_listings_historical
2025-07-04,35722,SIXP,Sixpack Miner,0.0327002,0.0,136660.28,coinmarketcap_data_api_listings_historical
2025-07-04,36904,SN9,iota,11.27766668,0.0,136642.5,coinmarketcap_data_api_listings_historical
2025-07-04,25159,MEME,meme (Ordinals),0.0014854,0.0,135780.51,coinmarketcap_data_api_listings_historical
2025-07-04,33406,COCO,COCOCOIN,9.728e-05,0.0,135411.55,coinmarketcap_data_api_listings_historical
2025-07-04,31500,HLG,Holograph,8.788e-05,0.0,135270.09,coinmarketcap_data_api_listings_historical
2025-07-04,31468,BITBEDR,Bitcoin EDenRich,2.21231026,0.0,135134.09,coinmarketcap_data_api_listings_historical
2025-07-04,28673,MUSIC,Gala Music,0.01322496,0.0,135063.22,coinmarketcap_data_api_listings_historical
2025-07-04,35849,OIIAOIIA,spinning cat,0.00300601,0.0,134895.07,coinmarketcap_data_api_listings_historical
2025-07-04,16569,ELU,Elumia Crowns,0.00012499,0.0,134881.69,coinmarketcap_data_api_listings_historical
2025-07-04,24382,KAU,Kinesis Gold,108.29678642,0.0,134814.65,coinmarketcap_data_api_listings_historical
2025-07-04,30297,SISC,Shirushi Coin,0.90403486,0.0,134637.28,coinmarketcap_data_api_listings_historical
2025-07-04,32273,ARCA,Legend of Arcadia,0.01850433,0.0,134400.7,coinmarketcap_data_api_listings_historical
2025-07-04,22396,LEVE,Leve Invest,0.00040926,0.0,134133.03,coinmarketcap_data_api_listings_historical
2025-07-04,36699,BBOB,BabyBuilder,0.00030299,0.0,133512.17,coinmarketcap_data_api_listings_historical
2025-07-04,9025,TRIBE,Tribe,0.37589175,0.0,133481.37,coinmarketcap_data_api_listings_historical
2025-07-04,32889,AUKI,Auki Labs,0.01479855,0.0,133292.12,coinmarketcap_data_api_listings_historical
2025-07-04,36729,$GREMLY,Gremly,0.0,0.0,133066.22,coinmarketcap_data_api_listings_historical
2025-07-04,30226,$mfer,mfercoin,0.00754352,0.0,132646.22,coinmarketcap_data_api_listings_historical
2025-07-04,36493,PLAYFUN,PLAYFUN,1.123e-05,0.0,132324.6,coinmarketcap_data_api_listings_historical
2025-07-04,35835,SWAN,Swan Chain,0.00559148,0.0,131485.83,coinmarketcap_data_api_listings_historical
2025-07-04,30739,MCTP,Metacraft,0.23596996,0.0,130628.73,coinmarketcap_data_api_listings_historical
2025-07-04,15530,EGX,Enegra (EGX),191.03657201,0.0,130519.17,coinmarketcap_data_api_listings_historical
2025-07-04,32931,CEC,Counter Fire,0.00251227,0.0,130216.94,coinmarketcap_data_api_listings_historical
2025-07-04,25100,SUIP,SuiPad,0.02255063,0.0,129912.69,coinmarketcap_data_api_listings_historical
2025-07-04,27358,ARCH,Archway,0.00496595,0.0,129754.39,coinmarketcap_data_api_listings_historical
2025-07-04,17447,NOVA,Nova finance,0.00051475,0.0,129098.02,coinmarketcap_data_api_listings_historical
2025-07-04,23174,SPC,Storepay,0.00010202,0.0,128776.8,coinmarketcap_data_api_listings_historical
2025-07-04,36896,SN8,Proprietary Trading Network,15.4200581,0.0,128440.83,coinmarketcap_data_api_listings_historical
2025-07-04,27486,SOPH,SophiaVerse,0.00361127,0.0,127832.41,coinmarketcap_data_api_listings_historical
2025-07-04,29309,TYBG,Base God,5.179e-05,0.0,127731.69,coinmarketcap_data_api_listings_historical
2025-07-04,31077,Y8U,Y8U,0.00133178,0.0,127652.36,coinmarketcap_data_api_listings_historical
2025-07-04,34456,READY,READY!,0.00387754,0.0,127402.22,coinmarketcap_data_api_listings_historical
2025-07-04,10265,NGL,Gold Fever,0.00880362,0.0,126960.01,coinmarketcap_data_api_listings_historical
2025-07-04,8510,QI,QiSwap,0.00175169,0.0,126921.22,coinmarketcap_data_api_listings_historical
2025-07-04,36338,CORAL,Coral Protocol,0.00117418,0.0,126911.12,coinmarketcap_data_api_listings_historical
2025-07-04,29688,stAVAX,Hypha Staked AVAX,20.06947149,0.0,126672.77,coinmarketcap_data_api_listings_historical
2025-07-04,32230,RFL,Reflect,0.20499673,0.0,126392.29,coinmarketcap_data_api_listings_historical
2025-07-04,6833,LIT,Litentry,0.58660625,0.0,125647.13,coinmarketcap_data_api_listings_historical
2025-07-04,34791,TOMA,Tomarket,7e-07,0.0,125612.16,coinmarketcap_data_api_listings_historical
2025-07-04,36291,OZK,OpenZK Network,0.00029535,0.0,125580.86,coinmarketcap_data_api_listings_historical
2025-07-04,31575,GAT,Gather,1.20328097,0.0,125090.83,coinmarketcap_data_api_listings_historical
2025-07-04,31523,PEW,pepe in a memes world,3.5e-07,0.0,124524.56,coinmarketcap_data_api_listings_historical
2025-07-04,3344,ECOREAL,Ecoreal Estate,0.2555521,0.0,124510.56,coinmarketcap_data_api_listings_historical
2025-07-04,30760,NAI,Nuklai,0.00163091,0.0,124338.36,coinmarketcap_data_api_listings_historical
2025-07-04,35837,WOULD,would,0.50007706,0.0,124312.28,coinmarketcap_data_api_listings_historical
2025-07-04,36535,MIA,MIA,0.07242969,0.0,124173.42,coinmarketcap_data_api_listings_historical
2025-07-04,17067,VP,Torah Network,0.01393488,0.0,123577.96,coinmarketcap_data_api_listings_historical
2025-07-04,34763,BBSNEK,BabySNEK,2.425e-05,0.0,123010.0,coinmarketcap_data_api_listings_historical
2025-07-04,9486,BTCT,Bitcoin TRC20,107875.02187739,0.0,122680.48,coinmarketcap_data_api_listings_historical
2025-07-04,27940,GSYS,Genesys,0.02020694,0.0,121443.36,coinmarketcap_data_api_listings_historical
2025-07-04,22065,ALT,AptosLaunch Token,0.00198655,0.0,121377.31,coinmarketcap_data_api_listings_historical
2025-07-04,36554,TURBO,TURBO BOME,1.044e-05,0.0,121152.74,coinmarketcap_data_api_listings_historical
2025-07-04,36984,₿O₿,Bitcoin Bob,0.00406662,0.0,120228.15,coinmarketcap_data_api_listings_historical
2025-07-04,32388,GURU,Guru Network,0.00204283,0.0,120184.35,coinmarketcap_data_api_listings_historical
2025-07-04,33709,SCARCITY,SCARCITY,0.07535607,0.0,119919.13,coinmarketcap_data_api_listings_historical
2025-07-04,29095,SAVM,SatoshiVM,0.16218461,0.0,119475.58,coinmarketcap_data_api_listings_historical
2025-07-04,37078,QGOLD,Quorium,3336.24600553,0.0,118842.02,coinmarketcap_data_api_listings_historical
2025-07-04,28864,XPET,xPET tech,0.0196476,0.0,118451.38,coinmarketcap_data_api_listings_historical
2025-07-04,33081,XBG,XBorg,0.07138333,0.0,117948.24,coinmarketcap_data_api_listings_historical
2025-07-04,34698,SOLARIS,Solaris AI,0.00045676,0.0,117887.92,coinmarketcap_data_api_listings_historical
2025-07-04,28492,ZEPH,Zephyr Protocol,0.70635804,0.0,117640.62,coinmarketcap_data_api_listings_historical
2025-07-04,4568,JFIN,JFIN Coin,0.13253789,0.0,117565.72,coinmarketcap_data_api_listings_historical
2025-07-04,34056,NAWS,NAWS.AI,0.00017672,0.0,116822.0,coinmarketcap_data_api_listings_historical
2025-07-04,18995,XX,xx network,0.02019097,0.0,116464.57,coinmarketcap_data_api_listings_historical
2025-07-04,35971,DPIN,DPIN,4.66090315,0.0,116262.38,coinmarketcap_data_api_listings_historical
2025-07-04,30049,SMOLE,smolecoin,3.278e-05,0.0,115707.93,coinmarketcap_data_api_listings_historical
2025-07-04,21430,THB,Thunder Brawl,0.03084913,0.0,115451.4,coinmarketcap_data_api_listings_historical
2025-07-04,17806,TDROP,ThetaDrop,0.00152028,0.0,115240.12,coinmarketcap_data_api_listings_historical
2025-07-04,36384,HATCH,Hatch,0.07802009,0.0,114693.0,coinmarketcap_data_api_listings_historical
2025-07-04,29557,AXGT,AxonDAO Governance Token,0.07879766,0.0,114502.62,coinmarketcap_data_api_listings_historical
2025-07-04,36837,ESTEE,ShibEstee,0.0,0.0,114242.76,coinmarketcap_data_api_listings_historical
2025-07-04,33479,HACHI,Hachiko,0.00012396,0.0,114014.75,coinmarketcap_data_api_listings_historical
2025-07-04,34818,PNDR,Ponder,0.00721425,0.0,113784.5,coinmarketcap_data_api_listings_historical
2025-07-04,35129,WTON,Wrapped TON,2.74640812,0.0,113760.14,coinmarketcap_data_api_listings_historical
2025-07-04,24282,LIXX,Libra Incentix,0.00033085,0.0,113332.41,coinmarketcap_data_api_listings_historical
2025-07-04,28755,BTCS,BTCs (Ordinals),0.12437542,0.0,113276.61,coinmarketcap_data_api_listings_historical
2025-07-04,18225,BVT,BovineVerse Token,0.07077514,0.0,112943.67,coinmarketcap_data_api_listings_historical
2025-07-04,17774,INTL,Intelly,0.09842432,0.0,112936.85,coinmarketcap_data_api_listings_historical
2025-07-04,24116,RENQ,Renq Finance,0.00183392,0.0,112370.37,coinmarketcap_data_api_listings_historical
2025-07-04,31457,HIP,HIPPOP,0.00036775,0.0,112176.43,coinmarketcap_data_api_listings_historical
2025-07-04,28538,DEXNET,DexNet,0.02642112,0.0,112165.54,coinmarketcap_data_api_listings_historical
2025-07-04,36990,PEPEONTRON,PePeonTron,0.05872123,0.0,111828.6,coinmarketcap_data_api_listings_historical
2025-07-04,8829,PIG,Pig Finance,2e-08,0.0,111789.94,coinmarketcap_data_api_listings_historical
2025-07-04,32529,PACK,HashPack,0.01821182,0.0,110747.65,coinmarketcap_data_api_listings_historical
2025-07-04,23076,LKT,Lux King Tech,1146.58499699,0.0,109431.75,coinmarketcap_data_api_listings_historical
2025-07-04,26217,FNCT,Financie Token,0.0015945,0.0,109140.5,coinmarketcap_data_api_listings_historical
2025-07-04,29094,DMCC,Decentralized Music Chain,0.04891209,0.0,109118.32,coinmarketcap_data_api_listings_historical
2025-07-04,33045,CCO2,Carbon Capture,12.37776344,0.0,108699.07,coinmarketcap_data_api_listings_historical
2025-07-04,20757,HNB,HNB Protocol,0.00012303,0.0,108673.68,coinmarketcap_data_api_listings_historical
2025-07-04,19903,UNDEAD,Undead Blocks,0.00220784,0.0,108454.6,coinmarketcap_data_api_listings_historical
2025-07-04,31229,BET,Betfin,0.00250921,0.0,108233.08,coinmarketcap_data_api_listings_historical
2025-07-04,19699,GBEX,Globiance Exchange Token,0.0,0.0,108154.39,coinmarketcap_data_api_listings_historical
2025-07-04,23192,EDX,edeXa,0.0263959,0.0,108108.83,coinmarketcap_data_api_listings_historical
2025-07-04,14925,WIT,Witnet,0.0011903,0.0,108097.4,coinmarketcap_data_api_listings_historical
2025-07-04,17343,$BULL,Bullieverse,0.00094709,0.0,108079.99,coinmarketcap_data_api_listings_historical
2025-07-04,19266,VT,Virtual Tourist,0.00447107,0.0,107949.37,coinmarketcap_data_api_listings_historical
2025-07-04,36406,CLND,Colend,0.0670495,0.0,107395.85,coinmarketcap_data_api_listings_historical
2025-07-04,12173,REVU,Revuto,0.00540179,0.0,107121.75,coinmarketcap_data_api_listings_historical
2025-07-04,25685,CLNX,Coloniume Network,0.07912521,0.0,107023.93,coinmarketcap_data_api_listings_historical
2025-07-04,2997,DRC,Doric Network,0.32121413,0.0,106996.45,coinmarketcap_data_api_listings_historical
2025-07-04,4139,BRZ,Brazilian Digital Token,0.18242447,0.0,106810.8,coinmarketcap_data_api_listings_historical
2025-07-04,23909,0x0,0x0.com,0.00190051,0.0,106557.83,coinmarketcap_data_api_listings_historical
2025-07-04,15866,PAYN,PayNet Coin,0.84982781,0.0,106155.16,coinmarketcap_data_api_listings_historical
2025-07-04,36929,RAN,Rank,0.00137335,0.0,106098.9,coinmarketcap_data_api_listings_historical
2025-07-04,31314,KANG,Kangamoon,0.00042303,0.0,105441.93,coinmarketcap_data_api_listings_historical
2025-07-04,29742,LEO,LEO,0.00021906,0.0,104961.49,coinmarketcap_data_api_listings_historical
2025-07-04,14515,MMPRO,MMPRO Token,0.00423909,0.0,104928.87,coinmarketcap_data_api_listings_historical
2025-07-04,34538,UNKOWN,""" """,0.0044371,0.0,104322.75,coinmarketcap_data_api_listings_historical
2025-07-04,24859,pogai,POGAI,7.35e-06,0.0,104111.3,coinmarketcap_data_api_listings_historical
2025-07-04,31576,NLK,NuLink,0.00369821,0.0,103942.88,coinmarketcap_data_api_listings_historical
2025-07-04,23371,WOOF,WoofWork.io,0.00011854,0.0,103917.89,coinmarketcap_data_api_listings_historical
2025-07-04,35720,HEU,Heurist AI,0.02122603,0.0,103361.81,coinmarketcap_data_api_listings_historical
2025-07-04,36857,P33L,THE P33L,0.00034219,0.0,103197.14,coinmarketcap_data_api_listings_historical
2025-07-04,35118,FYDE,Fyde,0.0051991,0.0,103110.74,coinmarketcap_data_api_listings_historical
2025-07-04,16345,BMEX,BitMEX Token,0.35686864,0.0,102987.73,coinmarketcap_data_api_listings_historical
2025-07-04,2162,DPY,Delphy,0.01200707,0.0,102471.22,coinmarketcap_data_api_listings_historical
2025-07-04,4100,QBX,QBX,0.00255475,0.0,102384.46,coinmarketcap_data_api_listings_historical
2025-07-04,33749,CATANA,Catana,0.00095567,0.0,102070.38,coinmarketcap_data_api_listings_historical
2025-07-04,29677,SDR,SedraCoin,1.91e-05,0.0,101976.74,coinmarketcap_data_api_listings_historical
2025-07-04,33514,HDRO,Hydro Protocol,0.02162778,0.0,101906.26,coinmarketcap_data_api_listings_historical
2025-07-04,33902,GODL,RoOLZ,0.00021681,0.0,101867.85,coinmarketcap_data_api_listings_historical
2025-07-04,17601,ONI,ONINO,0.03360554,0.0,101843.24,coinmarketcap_data_api_listings_historical
2025-07-04,22186,SDCRV,Stake DAO CRV,0.36442713,0.0,101385.5,coinmarketcap_data_api_listings_historical
2025-07-04,29777,CHMPZ,Chimpzee,2.332e-05,0.0,101249.08,coinmarketcap_data_api_listings_historical
2025-07-04,20146,PLENA,Plena Finance,0.00096289,0.0,101225.14,coinmarketcap_data_api_listings_historical
2025-07-04,5912,4ART,4ART Coin,0.00221079,0.0,101202.66,coinmarketcap_data_api_listings_historical
2025-07-04,36806,CAUSE,Causecoin,0.16821977,0.0,101196.86,coinmarketcap_data_api_listings_historical
2025-07-04,33107,CFN,Cockfight Network,0.13233127,0.0,101082.22,coinmarketcap_data_api_listings_historical
2025-07-04,34814,FARTCOIN,Based Fartcoin,0.00025026,0.0,100865.62,coinmarketcap_data_api_listings_historical
2025-07-04,26776,FUNCH,FUNCH,0.00176344,0.0,100324.59,coinmarketcap_data_api_listings_historical
2025-07-04,32788,XHUNT,CryptoHunter World,0.00110232,0.0,100088.45,coinmarketcap_data_api_listings_historical
2025-07-04,23862,MAS,Massa,0.01336802,0.0,99878.73,coinmarketcap_data_api_listings_historical
2025-07-04,37146,SIMPSONX,Homer xStock,0.0,0.0,99750.68,coinmarketcap_data_api_listings_historical
2025-07-04,21019,HST,HeadStarter,0.00690372,0.0,99740.75,coinmarketcap_data_api_listings_historical
2025-07-04,33264,OPCAT,Cat Protocol,0.06906113,0.0,99636.4,coinmarketcap_data_api_listings_historical
2025-07-04,18897,THT,Thought,0.04501143,0.0,99280.16,coinmarketcap_data_api_listings_historical
2025-07-04,35300,BRAIN,Gigabrain by virtuals,0.00923303,0.0,99008.53,coinmarketcap_data_api_listings_historical
2025-07-04,33989,MLP,Matrix Layer Protocol,0.00295564,0.0,98970.5,coinmarketcap_data_api_listings_historical
2025-07-04,2654,BUBO,Budbo Token,0.02136505,0.0,98965.1,coinmarketcap_data_api_listings_historical
2025-07-04,34067,KOLZ,KOLZ,3.53e-05,0.0,98804.72,coinmarketcap_data_api_listings_historical
2025-07-04,29653,TYT,Bounty Temple,0.00441212,0.0,98533.35,coinmarketcap_data_api_listings_historical
2025-07-04,31602,KAI,Kinetix Finance Token,0.00155242,0.0,98515.22,coinmarketcap_data_api_listings_historical
2025-07-04,32323,MXNB,MXNB,0.05137774,0.0,98400.5,coinmarketcap_data_api_listings_historical
2025-07-04,34625,PIP,PiP (Hyperliquid),15.66204239,0.0,98372.35,coinmarketcap_data_api_listings_historical
2025-07-04,36422,GGEZ1,GGEZ1,0.08749008,0.0,98087.54,coinmarketcap_data_api_listings_historical
2025-07-04,31917,XOXNO,XOXNO,0.02668437,0.0,98046.99,coinmarketcap_data_api_listings_historical
2025-07-04,33289,DOGEN,DOGEN,0.00016227,0.0,98040.64,coinmarketcap_data_api_listings_historical
2025-07-04,36526,RESCUE,Project Rescue,0.24989427,0.0,97936.42,coinmarketcap_data_api_listings_historical
2025-07-04,36795,FAV,Favolo,0.00021652,0.0,97916.15,coinmarketcap_data_api_listings_historical
2025-07-04,28930,OMD,OneMillionDollars,0.00025478,0.0,97603.75,coinmarketcap_data_api_listings_historical
2025-07-04,20603,MLNK,Malinka,0.00545346,0.0,97436.92,coinmarketcap_data_api_listings_historical
2025-07-04,35000,AIVA,AI Voice Agents,0.00016247,0.0,97399.21,coinmarketcap_data_api_listings_historical
2025-07-04,32489,AST,Astroon,0.00581148,0.0,97147.72,coinmarketcap_data_api_listings_historical
2025-07-04,19483,ESG,ESG,0.20821722,0.0,97134.46,coinmarketcap_data_api_listings_historical
2025-07-04,27881,BNBDOG,BNB DOG INU,0.0,0.0,96678.44,coinmarketcap_data_api_listings_historical
2025-07-04,10929,ZPAY,ZoidPay,0.00123084,0.0,96650.31,coinmarketcap_data_api_listings_historical
2025-07-04,31738,CELL,Cellana Finance,0.00616844,0.0,96629.23,coinmarketcap_data_api_listings_historical
2025-07-04,34621,RICH,GPU ai Rich,0.00042913,0.0,96437.06,coinmarketcap_data_api_listings_historical
2025-07-04,34549,A1X,AI Nexus,0.0027688,0.0,96363.52,coinmarketcap_data_api_listings_historical
2025-07-04,29051,FUD,FUD,4e-08,0.0,95934.01,coinmarketcap_data_api_listings_historical
2025-07-04,24067,KREST,krest Network,0.00875222,0.0,95727.32,coinmarketcap_data_api_listings_historical
2025-07-04,35955,AP3X,Apex Fusion,0.10492797,0.0,95634.37,coinmarketcap_data_api_listings_historical
2025-07-04,34681,NEURO,NeuroWeb,0.01606391,0.0,95417.45,coinmarketcap_data_api_listings_historical
2025-07-04,30915,VERUM,Verum Coin,3097.38524795,0.0,94665.43,coinmarketcap_data_api_listings_historical
2025-07-04,33820,DAGS,Dagcoin,0.00048912,0.0,93968.54,coinmarketcap_data_api_listings_historical
2025-07-04,36175,UNIBTC,Universal BTC,104941.92905782,0.0,93776.31,coinmarketcap_data_api_listings_historical
2025-07-04,33726,U,U Coin,0.01207682,0.0,93774.82,coinmarketcap_data_api_listings_historical
2025-07-04,30749,LBM,Libertum,0.03868453,0.0,93761.28,coinmarketcap_data_api_listings_historical
2025-07-04,32134,CAD,Caduceus Protocol (new),0.00740838,0.0,92866.92,coinmarketcap_data_api_listings_historical
2025-07-04,34997,SIMMI,Simmi,2.784e-05,0.0,92770.68,coinmarketcap_data_api_listings_historical
2025-07-04,20487,ORAIX,OraiDEX,0.00105027,0.0,92536.61,coinmarketcap_data_api_listings_historical
2025-07-04,32936,CATS,CATS,2.69e-06,0.0,92493.55,coinmarketcap_data_api_listings_historical
2025-07-04,30872,BORED,BORED,0.00057595,0.0,92342.29,coinmarketcap_data_api_listings_historical
2025-07-04,37188,$GOLD,$GOLD,0.0,0.0,92067.93,coinmarketcap_data_api_listings_historical
2025-07-04,17718,TAP,TAP FANTASY,0.00021719,0.0,91907.26,coinmarketcap_data_api_listings_historical
2025-07-04,10524,BAKED,reBaked,0.00062457,0.0,91823.45,coinmarketcap_data_api_listings_historical
2025-07-04,30767,TICO,Funtico,0.00825807,0.0,91778.12,coinmarketcap_data_api_listings_historical
2025-07-04,32070,RUNI,Runesterminal,0.06458223,0.0,91739.49,coinmarketcap_data_api_listings_historical
2025-07-04,21733,SUDO,sudoswap,0.06564001,0.0,91658.75,coinmarketcap_data_api_listings_historical
2025-07-04,24755,WSB,Wall Street Baby,0.0,0.0,91590.45,coinmarketcap_data_api_listings_historical
2025-07-04,29488,VIA,Octavia AI,0.02071501,0.0,91408.9,coinmarketcap_data_api_listings_historical
2025-07-04,34269,MEY,Mey Network,0.0254261,0.0,91352.29,coinmarketcap_data_api_listings_historical
2025-07-04,21952,BFT,The Big Five Token,1.189e-05,0.0,91331.28,coinmarketcap_data_api_listings_historical
2025-07-04,34141,BARA,Capybara Nation,1.07e-06,0.0,91169.62,coinmarketcap_data_api_listings_historical
2025-07-04,16363,BTCMT,Minto,0.74389759,0.0,90808.44,coinmarketcap_data_api_listings_historical
2025-07-04,34482,TOH,TeddyOnHeels,9.815e-05,0.0,90702.97,coinmarketcap_data_api_listings_historical
2025-07-04,30277,GPTPLUS,GPTPlus,8.323e-05,0.0,90483.21,coinmarketcap_data_api_listings_historical
2025-07-04,32571,INVITE,INVITE Token,0.0050176,0.0,90230.28,coinmarketcap_data_api_listings_historical
2025-07-04,31687,SL,SASEUL,0.00408304,0.0,90220.24,coinmarketcap_data_api_listings_historical
2025-07-04,28463,PTH,PlasticHero,0.04169115,0.0,90143.31,coinmarketcap_data_api_listings_historical
2025-07-04,34816,TRRUE,TRRUE,0.02496634,0.0,89724.81,coinmarketcap_data_api_listings_historical
2025-07-04,29613,UBU,UBU,0.01712447,0.0,89627.81,coinmarketcap_data_api_listings_historical
2025-07-04,28901,DOGI,dogi,0.12958537,0.0,89512.29,coinmarketcap_data_api_listings_historical
2025-07-04,32479,NUTS,Thetanuts Finance,0.00152848,0.0,88965.64,coinmarketcap_data_api_listings_historical
2025-07-04,16488,ARTEM,Artem Coin,0.00213426,0.0,88890.86,coinmarketcap_data_api_listings_historical
2025-07-04,14610,EDAT,EnviDa,0.04941325,0.0,88666.94,coinmarketcap_data_api_listings_historical
2025-07-04,34624,HFUN,Hypurr Fun,27.83647804,0.0,88538.52,coinmarketcap_data_api_listings_historical
2025-07-04,25446,EMP,Empyreal,63.14937124,0.0,88279.97,coinmarketcap_data_api_listings_historical
2025-07-04,30769,HLN,Helion,0.06304714,0.0,87984.77,coinmarketcap_data_api_listings_historical
2025-07-04,35706,ANITA,Anita AI,0.0021798,0.0,87797.63,coinmarketcap_data_api_listings_historical
2025-07-04,35002,TCAPY,TonCapy,0.0003364,0.0,87247.84,coinmarketcap_data_api_listings_historical
2025-07-04,28791,1CAT,Bitcoin Cats,0.00021458,0.0,86760.03,coinmarketcap_data_api_listings_historical
2025-07-04,29485,MUNITY,Metahorse Unity,0.00092669,0.0,86635.42,coinmarketcap_data_api_listings_historical
2025-07-04,20826,NLC,Nelore Coin,0.00031051,0.0,86560.95,coinmarketcap_data_api_listings_historical
2025-07-04,32890,SAY,SAY Coin,0.00100689,0.0,86533.0,coinmarketcap_data_api_listings_historical
2025-07-04,36470,SUIAGENT,aiSUI,0.00023651,0.0,86410.42,coinmarketcap_data_api_listings_historical
2025-07-04,29608,GROW,Grow Token,0.01600292,0.0,86090.67,coinmarketcap_data_api_listings_historical
2025-07-04,29088,HARAMBE,Harambe on Solana,0.00379956,0.0,85631.49,coinmarketcap_data_api_listings_historical
2025-07-04,31386,OKAYEG,Okayeg,8.46e-06,0.0,85356.51,coinmarketcap_data_api_listings_historical
2025-07-04,36005,MINT,Mint Blockchain,0.00631629,0.0,84999.44,coinmarketcap_data_api_listings_historical
2025-07-04,36525,GROK,BOME GROK,5.32e-06,0.0,84516.83,coinmarketcap_data_api_listings_historical
2025-07-04,28184,WAGMI,Wagmi,0.0050331,0.0,84329.55,coinmarketcap_data_api_listings_historical
2025-07-04,35466,ELON,Official Elon Coin (official-elon.xyz),0.00114127,0.0,84258.3,coinmarketcap_data_api_listings_historical
2025-07-04,16615,NETT,Netswap,0.04362052,0.0,84100.37,coinmarketcap_data_api_listings_historical
2025-07-04,35067,BC,BCGame Coin,0.00457472,0.0,84069.34,coinmarketcap_data_api_listings_historical
2025-07-04,27417,NESS,Ness LAB,0.07663811,0.0,84061.64,coinmarketcap_data_api_listings_historical
2025-07-04,34136,DREAM,Dreamcoins,0.0009883,0.0,84015.63,coinmarketcap_data_api_listings_historical
2025-07-04,24618,ETI,Etica,0.03300385,0.0,83696.39,coinmarketcap_data_api_listings_historical
2025-07-04,35954,LION,Loaded Lions,0.01386532,0.0,83599.46,coinmarketcap_data_api_listings_historical
2025-07-04,36963,YURU,YURU COIN,0.37359836,0.0,83329.59,coinmarketcap_data_api_listings_historical
2025-07-04,33123,QTLX,Quantlytica,0.02750371,0.0,83239.0,coinmarketcap_data_api_listings_historical
2025-07-04,10455,EQX,EQIFI,0.00100474,0.0,83153.67,coinmarketcap_data_api_listings_historical
2025-07-04,31405,LOVE,Love Monster,2.389e-05,0.0,82888.79,coinmarketcap_data_api_listings_historical
2025-07-04,36790,IMAGE,Imagen Network,0.01048328,0.0,82878.64,coinmarketcap_data_api_listings_historical
2025-07-04,12965,GGG,Good Games Guild,0.00188712,0.0,82181.48,coinmarketcap_data_api_listings_historical
2025-07-04,35696,GOKU,Goku Super Saiyan,0.00324094,0.0,81929.57,coinmarketcap_data_api_listings_historical
2025-07-04,33974,AAX,Academic Labs,9.971e-05,0.0,81554.75,coinmarketcap_data_api_listings_historical
2025-07-04,36463,XNPCS,NPCS AI,0.00074072,0.0,80844.54,coinmarketcap_data_api_listings_historical
2025-07-04,34376,CNDY,SUGARVERSE,0.00093924,0.0,80586.48,coinmarketcap_data_api_listings_historical
2025-07-04,29093,SPOL,Sociapol,8.07e-06,0.0,80534.79,coinmarketcap_data_api_listings_historical
2025-07-04,34943,BABYFWOG,Baby Fwog,0.00042743,0.0,80303.52,coinmarketcap_data_api_listings_historical
2025-07-04,34246,L1,Lamina1,0.01094392,0.0,80131.59,coinmarketcap_data_api_listings_historical
2025-07-04,22743,NSTR,Nostra,0.02266587,0.0,79953.56,coinmarketcap_data_api_listings_historical
2025-07-04,30470,HEWE,Health & Wealth,0.00051271,0.0,79824.34,coinmarketcap_data_api_listings_historical
2025-07-04,29092,FPS,Web3War,0.01703608,0.0,79266.45,coinmarketcap_data_api_listings_historical
2025-07-04,35148,POLY,Polytrader by Virtuals,0.00139908,0.0,79198.6,coinmarketcap_data_api_listings_historical
2025-07-04,20326,AURA,Aura Network,0.00990069,0.0,78509.06,coinmarketcap_data_api_listings_historical
2025-07-04,36863,TRUMP,Mubarak Trump,4.03e-06,0.0,78366.78,coinmarketcap_data_api_listings_historical
2025-07-04,9188,GDT,Globe Derivative Exchange,0.00338075,0.0,77713.47,coinmarketcap_data_api_listings_historical
2025-07-04,15959,VADER,Vader Protocol,0.03931316,0.0,77608.21,coinmarketcap_data_api_listings_historical
2025-07-04,32149,XAGX,Silver Token,36.88936839,0.0,77558.13,coinmarketcap_data_api_listings_historical
2025-07-04,30429,VSX,Versus-X,0.00549403,0.0,77400.14,coinmarketcap_data_api_listings_historical
2025-07-04,12979,SNTR,Sentre Protocol,0.01838083,0.0,77278.4,coinmarketcap_data_api_listings_historical
2025-07-04,33013,SUNWUKONG,SunWukong,0.00032593,0.0,77223.06,coinmarketcap_data_api_listings_historical
2025-07-04,29081,LIGO,LIGO,3.7e-07,0.0,77161.7,coinmarketcap_data_api_listings_historical
2025-07-04,35503,REGENT,Regent of the North Winds,0.00026097,0.0,77064.27,coinmarketcap_data_api_listings_historical
2025-07-04,29310,UNA,Unagi Token,0.0280373,0.0,76971.42,coinmarketcap_data_api_listings_historical
2025-07-04,19787,XRUN,XRUN,0.06972278,0.0,76736.41,coinmarketcap_data_api_listings_historical
2025-07-04,28965,RETIK,Retik Finance,0.00069752,0.0,76675.74,coinmarketcap_data_api_listings_historical
2025-07-04,10714,BABI,Babylons,0.0002517,0.0,76559.3,coinmarketcap_data_api_listings_historical
2025-07-04,35560,LC,LC SHIB,0.00272298,0.0,76483.07,coinmarketcap_data_api_listings_historical
2025-07-04,22111,MARU,marumaruNFT,0.00126031,0.0,76311.85,coinmarketcap_data_api_listings_historical
2025-07-04,9281,IMO,IMO,1.16894858,0.0,76096.02,coinmarketcap_data_api_listings_historical
2025-07-04,31899,LAK3,LAKE,0.2282694,0.0,75781.61,coinmarketcap_data_api_listings_historical
2025-07-04,16807,NST,Ninja Squad Token,2.45049387,0.0,75644.61,coinmarketcap_data_api_listings_historical
2025-07-04,28484,CSAS,csas (Ordinals),0.000163,0.0,75602.39,coinmarketcap_data_api_listings_historical
2025-07-04,34060,USDX,Stables Labs (USDX),1.00043332,0.0,75493.87,coinmarketcap_data_api_listings_historical
2025-07-04,31845,LAIKA,LAIKA The Cosmodog,1.98e-06,0.0,75439.21,coinmarketcap_data_api_listings_historical
2025-07-04,31625,UAHG,UAHg,0.02360615,0.0,75430.42,coinmarketcap_data_api_listings_historical
2025-07-04,30243,AVALOX,AVALOX,1.009e-05,0.0,75112.74,coinmarketcap_data_api_listings_historical
2025-07-04,18411,TOTO,Tiamonds,0.00622309,0.0,74987.44,coinmarketcap_data_api_listings_historical
2025-07-04,21842,ETHF,EthereumFair,0.00857404,0.0,74982.42,coinmarketcap_data_api_listings_historical
2025-07-04,29253,HOLD,Everybody Holds,0.0009326,0.0,74831.73,coinmarketcap_data_api_listings_historical
2025-07-04,25161,DRAC,Drac (Ordinals),0.00748541,0.0,74791.09,coinmarketcap_data_api_listings_historical
2025-07-04,25736,PAYU,Platform of meme coins,0.0,0.0,74706.15,coinmarketcap_data_api_listings_historical
2025-07-04,36104,TAT,Tell A Tale,0.00138839,0.0,74697.69,coinmarketcap_data_api_listings_historical
2025-07-04,29681,NOCHILL,AVAX HAS NO CHILL,0.00343861,0.0,74644.48,coinmarketcap_data_api_listings_historical
2025-07-04,9531,BCAT,BilliCat,0.00262354,0.0,74550.67,coinmarketcap_data_api_listings_historical
2025-07-04,35887,NVG8,Navigate,0.00703051,0.0,74528.76,coinmarketcap_data_api_listings_historical
2025-07-04,35215,DUCKAI,Duck AI,0.0003934,0.0,74293.96,coinmarketcap_data_api_listings_historical
2025-07-04,30157,BOBAOPPA,Bobaoppa,0.00042189,0.0,74277.86,coinmarketcap_data_api_listings_historical
2025-07-04,33550,BTMT,BITmarkets,0.0619268,0.0,74228.64,coinmarketcap_data_api_listings_historical
2025-07-04,35486,GAMES,OrdzGames,0.04407597,0.0,73861.56,coinmarketcap_data_api_listings_historical
2025-07-04,35394,ONTACT,OnTact,0.02549931,0.0,73856.33,coinmarketcap_data_api_listings_historical
2025-07-04,28035,PSUB,Payment Swap Utility Board,2.075e-05,0.0,73783.72,coinmarketcap_data_api_listings_historical
2025-07-04,23508,GHO,GHO,0.99938583,0.0,73744.38,coinmarketcap_data_api_listings_historical
2025-07-04,26273,AXT,Axioma Token,1.22403489,0.0,73460.15,coinmarketcap_data_api_listings_historical
2025-07-04,12465,RDT,Ridotto,0.00627085,0.0,73372.96,coinmarketcap_data_api_listings_historical
2025-07-04,35811,BILLY,Billy Bets,0.00471922,0.0,73225.26,coinmarketcap_data_api_listings_historical
2025-07-04,15688,DOMI,Domi Online,0.00388105,0.0,72700.88,coinmarketcap_data_api_listings_historical
2025-07-04,29232,ASM,AsMatch,0.01933039,0.0,72676.54,coinmarketcap_data_api_listings_historical
2025-07-04,35374,SUAI,SuiAI,0.00090316,0.0,72530.26,coinmarketcap_data_api_listings_historical
2025-07-04,22300,KOL,King of Legends,0.00015004,0.0,72476.87,coinmarketcap_data_api_listings_historical
2025-07-04,12044,VERA,Vera,0.00010903,0.0,72403.38,coinmarketcap_data_api_listings_historical
2025-07-04,16049,TGT,THORWallet,0.02888246,0.0,72291.41,coinmarketcap_data_api_listings_historical
2025-07-04,30349,BITCAT,Bitcat,0.00037482,0.0,72252.49,coinmarketcap_data_api_listings_historical
2025-07-04,31291,CATX,CATX,2.4e-07,0.0,71986.63,coinmarketcap_data_api_listings_historical
2025-07-04,33275,LAY3R,AutoLayer,0.01665958,0.0,71966.32,coinmarketcap_data_api_listings_historical
2025-07-04,23230,DOGGO,DOGGO,0.0,0.0,71955.33,coinmarketcap_data_api_listings_historical
2025-07-04,36739,BURT,BURT,0.00117174,0.0,71803.5,coinmarketcap_data_api_listings_historical
2025-07-04,7336,INDEX,Index Cooperative,1.05639489,0.0,71768.16,coinmarketcap_data_api_listings_historical
2025-07-04,32165,OPN,OPEN Ticketing Ecosystem,0.00016782,0.0,71745.02,coinmarketcap_data_api_listings_historical
2025-07-04,25376,MC,Magic Crystal,0.09219387,0.0,71736.31,coinmarketcap_data_api_listings_historical
2025-07-04,34557,E4C,E4C,0.00383799,0.0,71730.4,coinmarketcap_data_api_listings_historical
2025-07-04,26590,FAKEAI,DeepFakeAI,0.00152714,0.0,71480.32,coinmarketcap_data_api_listings_historical
2025-07-04,28993,AINN,AINN,0.01246682,0.0,71249.44,coinmarketcap_data_api_listings_historical
2025-07-04,35232,KOII,Koii,0.00053505,0.0,71149.44,coinmarketcap_data_api_listings_historical
2025-07-04,10272,ALD,AladdinDAO,0.08298094,0.0,70844.0,coinmarketcap_data_api_listings_historical
2025-07-04,31169,VOPO,VOPO,1e-08,0.0,70744.71,coinmarketcap_data_api_listings_historical
2025-07-04,19117,CRYN,CRYN,1.1465635,0.0,70558.99,coinmarketcap_data_api_listings_historical
2025-07-04,22368,KCAL,KCAL,0.00854181,0.0,70296.97,coinmarketcap_data_api_listings_historical
2025-07-04,31339,PIZZA,Bitcoin Pizza Day,0.16272021,0.0,70294.22,coinmarketcap_data_api_listings_historical
2025-07-04,30350,OCH,Orchai,0.04021023,0.0,70119.61,coinmarketcap_data_api_listings_historical
2025-07-04,3911,OCEAN,Ocean Protocol,0.3026614,0.0,69969.33,coinmarketcap_data_api_listings_historical
2025-07-04,23225,FRXETH,Frax Finance - Frax Ether,2510.11208201,0.0,69926.04,coinmarketcap_data_api_listings_historical
2025-07-04,2873,MET,Metronome,0.16356042,0.0,69854.74,coinmarketcap_data_api_listings_historical
2025-07-04,30841,UNCOMMONGOODS,UNCOMMON•GOODS,0.06424745,0.0,69738.95,coinmarketcap_data_api_listings_historical
2025-07-04,32137,ROAR,Roaring Kitty,0.00412596,0.0,69370.0,coinmarketcap_data_api_listings_historical
2025-07-04,34915,BEATS,BEATS on BASE,0.00077507,0.0,69349.26,coinmarketcap_data_api_listings_historical
2025-07-04,3741,ECTE,EurocoinToken,0.08909416,0.0,69296.13,coinmarketcap_data_api_listings_historical
2025-07-04,29569,USDM,Mountain Protocol,0.99797452,0.0,69260.55,coinmarketcap_data_api_listings_historical
2025-07-04,29837,RING,Ring AI,0.00754344,0.0,69187.62,coinmarketcap_data_api_listings_historical
2025-07-04,12133,POT,X Protocol,0.00698712,0.0,69173.53,coinmarketcap_data_api_listings_historical
2025-07-04,32038,FAST,Edge Video AI,0.00345493,0.0,68942.82,coinmarketcap_data_api_listings_historical
2025-07-04,33716,KASPER,Kasper the Ghost of Kaspa,5.16e-05,0.0,68765.37,coinmarketcap_data_api_listings_historical
2025-07-04,22423,PRIMAL,PRIMAL,2.229e-05,0.0,68525.16,coinmarketcap_data_api_listings_historical
2025-07-04,16100,CRF,Crafting Finance,0.0003441,0.0,68346.31,coinmarketcap_data_api_listings_historical
2025-07-04,30079,IQ50,IQ50,1.09e-06,0.0,68303.06,coinmarketcap_data_api_listings_historical
2025-07-04,31683,AIR,AIRian,0.00845731,0.0,68204.75,coinmarketcap_data_api_listings_historical
2025-07-04,26543,OX,Open Exchange Token,0.00085923,0.0,68144.82,coinmarketcap_data_api_listings_historical
2025-07-04,36926,ISHI,Ishi Go,0.00014064,0.0,68096.99,coinmarketcap_data_api_listings_historical
2025-07-04,24443,ITC,ITC,0.00212354,0.0,68086.7,coinmarketcap_data_api_listings_historical
2025-07-04,8230,AIN,AI Network,0.00861917,0.0,67901.06,coinmarketcap_data_api_listings_historical
2025-07-04,31056,FRIEND,Friend.tech,0.075545,0.0,67815.84,coinmarketcap_data_api_listings_historical
2025-07-04,16697,BLD,Agoric,0.00899048,0.0,67778.91,coinmarketcap_data_api_listings_historical
2025-07-04,25490,SEED,SEED NFT Marketplace,1.01123133,0.0,67685.95,coinmarketcap_data_api_listings_historical
2025-07-04,33271,TIMES,DARKTIMES,0.00157225,0.0,67426.56,coinmarketcap_data_api_listings_historical
2025-07-04,9946,YFX,Your Future Exchange,0.00993478,0.0,67360.76,coinmarketcap_data_api_listings_historical
2025-07-04,32876,SEAL,Seal,0.03855237,0.0,67238.69,coinmarketcap_data_api_listings_historical
2025-07-04,11973,THALES,Thales,0.14628229,0.0,67217.08,coinmarketcap_data_api_listings_historical
2025-07-04,8831,AUR,Aurix,0.4773753,0.0,67193.75,coinmarketcap_data_api_listings_historical
2025-07-04,34899,CERTAI,CertaiK by Virtuals,0.00109318,0.0,67184.34,coinmarketcap_data_api_listings_historical
2025-07-04,37105,LYP,Lympid,0.0388677,0.0,67071.05,coinmarketcap_data_api_listings_historical
2025-07-04,24406,YESP,Yesports,9.813e-05,0.0,66915.68,coinmarketcap_data_api_listings_historical
2025-07-04,34760,KOS,Kontos,0.00145885,0.0,66853.15,coinmarketcap_data_api_listings_historical
2025-07-04,10613,EMPIRE,Empire Token,0.00016109,0.0,66617.98,coinmarketcap_data_api_listings_historical
2025-07-04,10904,BP,BunnyPark,0.00121572,0.0,66548.32,coinmarketcap_data_api_listings_historical
2025-07-04,36831,BIDEN,Biden Coin,0.00013371,0.0,66383.15,coinmarketcap_data_api_listings_historical
2025-07-04,32459,JUM,Jumoney,0.00141343,0.0,66376.38,coinmarketcap_data_api_listings_historical
2025-07-04,28386,CHAPZ,Chappyz,0.00015596,0.0,66367.46,coinmarketcap_data_api_listings_historical
2025-07-04,24808,HAHA,Hasaki,2.64e-06,0.0,66348.53,coinmarketcap_data_api_listings_historical
2025-07-04,23412,PSI,TridentDAO,0.00213526,0.0,66344.66,coinmarketcap_data_api_listings_historical
2025-07-04,23505,NVG,NightVerse Game,0.00099188,0.0,66318.48,coinmarketcap_data_api_listings_historical
2025-07-04,10391,CTR,Creator Platform,0.00049769,0.0,66283.37,coinmarketcap_data_api_listings_historical
2025-07-04,32263,ATRS,Attarius Network,0.00657788,0.0,66117.84,coinmarketcap_data_api_listings_historical
2025-07-04,23970,OVO,OVO,0.00105122,0.0,66075.14,coinmarketcap_data_api_listings_historical
2025-07-04,3934,CNNS,CNNS,5.222e-05,0.0,66057.25,coinmarketcap_data_api_listings_historical
2025-07-04,9450,BLACK,BLACKHOLE PROTOCOL,0.00425701,0.0,66003.61,coinmarketcap_data_api_listings_historical
2025-07-04,14338,PPAD,PlayPad,0.00045617,0.0,65961.94,coinmarketcap_data_api_listings_historical
2025-07-04,20444,SQUAD,Superpower Squad,0.00011823,0.0,65904.5,coinmarketcap_data_api_listings_historical
2025-07-04,11935,PRT,Parrot Protocol,0.00011033,0.0,65778.6,coinmarketcap_data_api_listings_historical
2025-07-04,22421,BBC,BULL BTC CLUB,2.207e-05,0.0,65603.35,coinmarketcap_data_api_listings_historical
2025-07-04,2947,SOP,SoPay,1.393e-05,0.0,65499.93,coinmarketcap_data_api_listings_historical
2025-07-04,4047,NBOT,Naka Bodhi Token,0.00437658,0.0,65425.08,coinmarketcap_data_api_listings_historical
2025-07-04,17061,CLH,ClearDAO,0.00020452,0.0,65405.6,coinmarketcap_data_api_listings_historical
2025-07-04,31813,NFM,NFMart,2.54e-06,0.0,65385.69,coinmarketcap_data_api_listings_historical
2025-07-04,14950,ORO,Operon Origins,0.00035211,0.0,65362.79,coinmarketcap_data_api_listings_historical
2025-07-04,15312,MOOO,Hashtagger.com,0.02072221,0.0,65189.55,coinmarketcap_data_api_listings_historical
2025-07-04,30990,CATGPT,CatGPT,0.00011069,0.0,65164.43,coinmarketcap_data_api_listings_historical
2025-07-04,24290,SML,Smell Token,0.00019705,0.0,65100.0,coinmarketcap_data_api_listings_historical
2025-07-04,2429,MOBI,Mobius,0.00412243,0.0,65079.52,coinmarketcap_data_api_listings_historical
2025-07-04,21202,$RDF,ReadFi,0.0117079,0.0,65034.97,coinmarketcap_data_api_listings_historical
2025-07-04,36135,ARIO,AR.IO Network,0.01332785,0.0,65025.44,coinmarketcap_data_api_listings_historical
2025-07-04,13437,KIBA,Kiba Inu,6.1e-07,0.0,64934.66,coinmarketcap_data_api_listings_historical
2025-07-04,29684,WX,Weave6,9.302e-05,0.0,64765.25,coinmarketcap_data_api_listings_historical
2025-07-04,16559,CHER,Cherry Network,0.00040954,0.0,64717.48,coinmarketcap_data_api_listings_historical
2025-07-04,15870,LOA,League of Ancients,0.00091807,0.0,64713.37,coinmarketcap_data_api_listings_historical
2025-07-04,8071,ONX,OnX Finance,0.00676499,0.0,64704.57,coinmarketcap_data_api_listings_historical
2025-07-04,24868,AICODE,AI CODE,0.17460286,0.0,64670.69,coinmarketcap_data_api_listings_historical
2025-07-04,9504,NAOS,NAOS Finance,0.00197716,0.0,64639.34,coinmarketcap_data_api_listings_historical
2025-07-04,31455,KIM,Kim Exchange,0.00044737,0.0,64610.54,coinmarketcap_data_api_listings_historical
2025-07-04,19533,MINE,SpaceMine,0.00018241,0.0,64591.2,coinmarketcap_data_api_listings_historical
2025-07-04,24094,MGKL,MAGIKAL.ai,6e-08,0.0,64590.54,coinmarketcap_data_api_listings_historical
2025-07-04,8159,ONC,One Cash,0.05766397,0.0,64588.08,coinmarketcap_data_api_listings_historical
2025-07-04,29858,TAPROOT,Taproot Exchange,0.00080117,0.0,64558.63,coinmarketcap_data_api_listings_historical
2025-07-04,9597,DFND,dFund,0.00029087,0.0,64556.29,coinmarketcap_data_api_listings_historical
2025-07-04,30282,O4DX,OrangeDX,0.00225094,0.0,64535.69,coinmarketcap_data_api_listings_historical
2025-07-04,22113,KAP,KAP Games,0.00096334,0.0,64522.73,coinmarketcap_data_api_listings_historical
2025-07-04,17589,ANML,Animal Concerts,1.533e-05,0.0,64507.39,coinmarketcap_data_api_listings_historical
2025-07-04,10720,BPX,Black Phoenix,0.08730401,0.0,64468.96,coinmarketcap_data_api_listings_historical
2025-07-04,32561,NFTFI,NFTfi,0.00093335,0.0,64459.63,coinmarketcap_data_api_listings_historical
2025-07-04,22700,UUSD,Utopia USD,0.95033765,0.0,64437.66,coinmarketcap_data_api_listings_historical
2025-07-04,11211,DXCT,DNAxCAT Token,0.01605946,0.0,64430.62,coinmarketcap_data_api_listings_historical
2025-07-04,37186,BNKR,BankrCoin,2.66e-06,0.0,64417.68,coinmarketcap_data_api_listings_historical
2025-07-04,17469,SINGLE,Single Finance,0.00025695,0.0,64417.02,coinmarketcap_data_api_listings_historical
2025-07-04,29121,HMX,HMX,0.31221,0.0,64402.38,coinmarketcap_data_api_listings_historical
2025-07-04,33428,STIX,STIX,4.981e-05,0.0,64363.73,coinmarketcap_data_api_listings_historical
2025-07-04,30111,VDT,Vendetta,0.00446163,0.0,64356.78,coinmarketcap_data_api_listings_historical
2025-07-04,11569,OVATO,Ovato,0.6577637,0.0,64336.19,coinmarketcap_data_api_listings_historical
2025-07-04,20894,WRT,WingRiders Governance Token,0.01784609,0.0,64324.5,coinmarketcap_data_api_listings_historical
2025-07-04,12208,TXT,Taxa Token,0.0006841,0.0,64307.58,coinmarketcap_data_api_listings_historical
2025-07-04,35784,POWER,Powerloom,0.01285912,0.0,64292.4,coinmarketcap_data_api_listings_historical
2025-07-04,11715,SNK,Snook,0.00191613,0.0,64246.01,coinmarketcap_data_api_listings_historical
2025-07-04,3182,HIT,HitChain,1e-06,0.0,64216.93,coinmarketcap_data_api_listings_historical
2025-07-04,18813,WEAR,MetaWear,7.24e-05,0.0,64213.55,coinmarketcap_data_api_listings_historical
2025-07-04,34893,GLUTEU,Gluteus Maximus by Virtuals,0.00083702,0.0,64202.47,coinmarketcap_data_api_listings_historical
2025-07-04,26599,MAJO,Majo,0.0042425,0.0,64191.27,coinmarketcap_data_api_listings_historical
2025-07-04,20941,ATOZ,Race Kingdom,0.04553683,0.0,64165.32,coinmarketcap_data_api_listings_historical
2025-07-04,31234,HRT,HIRO,5.433e-05,0.0,64162.34,coinmarketcap_data_api_listings_historical
2025-07-04,10501,BACON,BaconDAO,0.00024144,0.0,64154.14,coinmarketcap_data_api_listings_historical
2025-07-04,17623,LOOT,Lootex,0.00071452,0.0,64139.47,coinmarketcap_data_api_listings_historical
2025-07-04,24929,$SPONGE,Sponge,0.00032708,0.0,64076.66,coinmarketcap_data_api_listings_historical
2025-07-04,3194,RATING,DPRating,8.101e-05,0.0,64053.54,coinmarketcap_data_api_listings_historical
2025-07-04,13698,REAL,Real Realm,0.00033856,0.0,64026.81,coinmarketcap_data_api_listings_historical
2025-07-04,28500,WORK,Work X,0.00184609,0.0,63991.66,coinmarketcap_data_api_listings_historical
2025-07-04,15936,STZ,99Starz,0.00840895,0.0,63938.31,coinmarketcap_data_api_listings_historical
2025-07-04,13871,CRAFT,TaleCraft,0.00115168,0.0,63909.15,coinmarketcap_data_api_listings_historical
2025-07-04,8141,MIS,Mithril Share,0.12705485,0.0,63902.9,coinmarketcap_data_api_listings_historical
2025-07-04,4915,UCX,UCX,0.02029751,0.0,63894.55,coinmarketcap_data_api_listings_historical
2025-07-04,14299,JUNO,JUNO,0.07473805,0.0,63881.94,coinmarketcap_data_api_listings_historical
2025-07-04,11013,LIQ,LIQ Protocol,0.00073902,0.0,63861.47,coinmarketcap_data_api_listings_historical
2025-07-04,19035,TELE,Telefy,9.044e-05,0.0,63747.1,coinmarketcap_data_api_listings_historical
2025-07-04,19599,AMAZINGTEAM,AmazingTeamDAO,0.91974185,0.0,63728.35,coinmarketcap_data_api_listings_historical
2025-07-04,11197,SKT,Sukhavati Network,0.00086261,0.0,63719.13,coinmarketcap_data_api_listings_historical
2025-07-04,28390,ATEM,Atem Network,0.00043676,0.0,63717.28,coinmarketcap_data_api_listings_historical
2025-07-04,8961,FST,Futureswap,0.00190882,0.0,63676.51,coinmarketcap_data_api_listings_historical
2025-07-04,35150,ACOLYT,Acolyte by Virtuals,0.00599082,0.0,63636.18,coinmarketcap_data_api_listings_historical
2025-07-04,14891,DOPE,Dopamine App,0.00123553,0.0,63609.27,coinmarketcap_data_api_listings_historical
2025-07-04,27459,DOGE2.0,Doge 2.0,0.0,0.0,63559.6,coinmarketcap_data_api_listings_historical
2025-07-04,23981,SFTY,Stella Fantasy,0.00046868,0.0,63550.35,coinmarketcap_data_api_listings_historical
2025-07-04,30512,TX20,Trex20,0.00050614,0.0,63528.62,coinmarketcap_data_api_listings_historical
2025-07-04,32649,MATRIX,Matrix One,4.194e-05,0.0,63519.63,coinmarketcap_data_api_listings_historical
2025-07-04,36185,DRAGONZ,Dragonz Land,0.02671946,0.0,63515.49,coinmarketcap_data_api_listings_historical
2025-07-04,33552,KASPY,Kaspy,7.03e-06,0.0,63499.65,coinmarketcap_data_api_listings_historical
2025-07-04,9026,BLES,Blind Boxes,0.0006766,0.0,63421.76,coinmarketcap_data_api_listings_historical
2025-07-04,2725,SKM,Skrumble Network,4.481e-05,0.0,63381.65,coinmarketcap_data_api_listings_historical
2025-07-04,33277,YIELD,YieldStone,0.02426431,0.0,63372.05,coinmarketcap_data_api_listings_historical
2025-07-04,17479,MART,Artmeta,0.00346904,0.0,63347.75,coinmarketcap_data_api_listings_historical
2025-07-04,13420,PLACE,PlaceWar,4.644e-05,0.0,63315.31,coinmarketcap_data_api_listings_historical
2025-07-04,2906,ESS,Essentia,0.0001744,0.0,63293.12,coinmarketcap_data_api_listings_historical
2025-07-04,36712,NAIT,NodeAI,0.18334456,0.0,63272.07,coinmarketcap_data_api_listings_historical
2025-07-04,33598,AIX,ALIENX,0.00336498,0.0,63251.85,coinmarketcap_data_api_listings_historical
2025-07-04,12609,SWAY,Sway Protocol,0.00102931,0.0,63157.11,coinmarketcap_data_api_listings_historical
2025-07-04,14969,DMS,Dragon Mainland Shards,2.205e-05,0.0,63148.84,coinmarketcap_data_api_listings_historical
2025-07-04,32061,BPT,Best Patent,0.00046469,0.0,63142.24,coinmarketcap_data_api_listings_historical
2025-07-04,10264,IONX,Charged Particles,0.00132458,0.0,63096.71,coinmarketcap_data_api_listings_historical
2025-07-04,34452,GET,Get AI,2.88614252,0.0,63052.65,coinmarketcap_data_api_listings_historical
2025-07-04,12807,RICE,DAOSquare,0.26725745,0.0,63030.39,coinmarketcap_data_api_listings_historical
2025-07-04,8310,DIS,TosDis,0.81578061,0.0,63029.07,coinmarketcap_data_api_listings_historical
2025-07-04,35116,FOCAI,Focai.fun,0.00013637,0.0,63013.03,coinmarketcap_data_api_listings_historical
2025-07-04,17822,REIGN,Reign of Terror,0.00014048,0.0,62994.87,coinmarketcap_data_api_listings_historical
2025-07-04,32246,TRHUB,Tradehub,0.08814309,0.0,62908.78,coinmarketcap_data_api_listings_historical
2025-07-04,22789,VATRENI,Croatia Football Association Fan Token,0.83609257,0.0,62888.79,coinmarketcap_data_api_listings_historical
2025-07-04,22205,KICKS,KicksPad,5.239e-05,0.0,62855.14,coinmarketcap_data_api_listings_historical
2025-07-04,30558,RGAME,RGAMES,0.00015296,0.0,62852.56,coinmarketcap_data_api_listings_historical
2025-07-04,11885,HCT,HurricaneSwap Token,4.538e-05,0.0,62836.52,coinmarketcap_data_api_listings_historical
2025-07-04,30881,SGR,Schrodinger,0.43515637,0.0,62816.36,coinmarketcap_data_api_listings_historical
2025-07-04,12364,YCT,Youclout,3.354e-05,0.0,62753.89,coinmarketcap_data_api_listings_historical
2025-07-04,8056,UNN,UNION Protocol Governance Token,0.00012924,0.0,62682.01,coinmarketcap_data_api_listings_historical
2025-07-04,31884,ZIK,Zik coin,0.0001533,0.0,62675.26,coinmarketcap_data_api_listings_historical
2025-07-04,33139,OWN,Otherworld,0.25059764,0.0,62665.8,coinmarketcap_data_api_listings_historical
2025-07-04,18280,B3X,Bnext Token,0.0001719,0.0,62660.14,coinmarketcap_data_api_listings_historical
2025-07-04,11322,MOT,Mobius Finance,0.00035171,0.0,62653.39,coinmarketcap_data_api_listings_historical
2025-07-04,16394,SUPE,SUPE,0.00139275,0.0,62602.15,coinmarketcap_data_api_listings_historical
2025-07-04,2247,BCDN,BlockCDN,0.00023724,0.0,62581.9,coinmarketcap_data_api_listings_historical
2025-07-04,2502,HT,Huobi Token,0.22579159,0.0,62386.9,coinmarketcap_data_api_listings_historical
2025-07-04,34906,MDTI,MEDITOC,0.00234039,0.0,62265.96,coinmarketcap_data_api_listings_historical
2025-07-04,11670,FIWA,DeFi Warrior (FIWA),3.039e-05,0.0,62251.01,coinmarketcap_data_api_listings_historical
2025-07-04,12049,GRBE,Green Beli,0.00036692,0.0,62240.17,coinmarketcap_data_api_listings_historical
2025-07-04,29578,BD20,BRC-20 DEX,1.358e-05,0.0,62193.66,coinmarketcap_data_api_listings_historical
2025-07-04,35902,IMG,Infinite Money Glitch,0.00563337,0.0,62169.43,coinmarketcap_data_api_listings_historical
2025-07-04,15806,ATK,Attack Wagon,0.00012644,0.0,62131.87,coinmarketcap_data_api_listings_historical
2025-07-04,6744,CHAIN,Chain Games,0.01974377,0.0,62099.19,coinmarketcap_data_api_listings_historical
2025-07-04,1035,AMS,AmsterdamCoin,0.003394,0.0,62081.84,coinmarketcap_data_api_listings_historical
2025-07-04,15207,STORE,Bit.Store,0.00048435,0.0,62023.75,coinmarketcap_data_api_listings_historical
2025-07-04,12119,PSB,Planet Sandbox,0.00486985,0.0,62005.91,coinmarketcap_data_api_listings_historical
2025-07-04,27958,KNJ,Kunji Finance,0.02536494,0.0,61940.63,coinmarketcap_data_api_listings_historical
2025-07-04,17998,ABYS,Trinity Of The Fabled,0.00029557,0.0,61921.14,coinmarketcap_data_api_listings_historical
2025-07-04,17313,QTC,Qitcoin,0.08015722,0.0,61908.23,coinmarketcap_data_api_listings_historical
2025-07-04,11794,FOREX,handleFOREX,0.00081718,0.0,61851.74,coinmarketcap_data_api_listings_historical
2025-07-04,36891,SN53,EfficientFrontier,3.96461086,0.0,61818.09,coinmarketcap_data_api_listings_historical
2025-07-04,11220,PORT,Port Finance,0.00454789,0.0,61787.39,coinmarketcap_data_api_listings_historical
2025-07-04,2209,INK,Ink,0.0008546,0.0,61754.28,coinmarketcap_data_api_listings_historical
2025-07-04,14773,CCA,CCA Coin,0.00032908,0.0,61648.22,coinmarketcap_data_api_listings_historical
2025-07-04,33759,NAYM,NAYM,0.00205321,0.0,61642.61,coinmarketcap_data_api_listings_historical
2025-07-04,32519,FTON,Fanton,0.00042194,0.0,61538.19,coinmarketcap_data_api_listings_historical
2025-07-04,22698,PINE,Pine,0.00202118,0.0,61533.89,coinmarketcap_data_api_listings_historical
2025-07-04,23253,TRG,The Rug Game,9e-08,0.0,61497.65,coinmarketcap_data_api_listings_historical
2025-07-04,34135,NIGHT,Midnight Evergreen,0.0005439,0.0,61450.63,coinmarketcap_data_api_listings_historical
2025-07-04,8798,RAM,Ramifi Protocol,0.01216997,0.0,61399.73,coinmarketcap_data_api_listings_historical
2025-07-04,11818,WAG,Waggle Network,0.0003053,0.0,61287.2,coinmarketcap_data_api_listings_historical
2025-07-04,35412,XSEED,MXS Games,2.355e-05,0.0,61234.74,coinmarketcap_data_api_listings_historical
2025-07-04,28751,BNSx,BNSx (Ordinals),0.01349495,0.0,61198.63,coinmarketcap_data_api_listings_historical
2025-07-04,10167,SPAY,SpaceY,0.02005181,0.0,61074.83,coinmarketcap_data_api_listings_historical
2025-07-04,9179,DFY,Defi For You,0.00023233,0.0,61062.16,coinmarketcap_data_api_listings_historical
2025-07-04,23627,MMT,MyMetaTrader,0.00012554,0.0,60942.21,coinmarketcap_data_api_listings_historical
2025-07-04,25221,ZAT,zkApes,0.0,0.0,60924.8,coinmarketcap_data_api_listings_historical
2025-07-04,20700,WKC,Wiki Cat,1e-08,0.0,60896.41,coinmarketcap_data_api_listings_historical
2025-07-04,30232,VDA,Verida,0.0032731,0.0,60889.77,coinmarketcap_data_api_listings_historical
2025-07-04,27603,EXTRA,Extra Finance,0.01988069,0.0,60817.69,coinmarketcap_data_api_listings_historical
2025-07-04,23685,SCT,SuperCells Token,0.00165888,0.0,60561.86,coinmarketcap_data_api_listings_historical
2025-07-04,31203,ICPX,Icrypex token,1.22631143,0.0,60507.05,coinmarketcap_data_api_listings_historical
2025-07-04,6627,MTR,Meter Stable,0.563532,0.0,60481.06,coinmarketcap_data_api_listings_historical
2025-07-04,32282,WATER,Waterfall,0.00020232,0.0,60431.95,coinmarketcap_data_api_listings_historical
2025-07-04,35242,Q,Quantum,0.00369499,0.0,60376.35,coinmarketcap_data_api_listings_historical
2025-07-04,2047,ZSC,Zeusshield,6.349e-05,0.0,60215.83,coinmarketcap_data_api_listings_historical
2025-07-04,32986,MAO,Mao,6.335e-05,0.0,60151.35,coinmarketcap_data_api_listings_historical
2025-07-04,21416,LBLOCK,Lucky Block v2,3.879e-05,0.0,60150.95,coinmarketcap_data_api_listings_historical
2025-07-04,36188,NYS,node.sys,0.03517893,0.0,60146.27,coinmarketcap_data_api_listings_historical
2025-07-04,18749,KNOT,Karmaverse,0.00142488,0.0,60115.37,coinmarketcap_data_api_listings_historical
2025-07-04,12957,GAN,Galactic Arena: The NFTverse,4.542e-05,0.0,60095.49,coinmarketcap_data_api_listings_historical
2025-07-04,29621,RABI,Rabi,0.00045512,0.0,60054.07,coinmarketcap_data_api_listings_historical
2025-07-04,34762,DRX,DoctorX,1.33e-06,0.0,60050.8,coinmarketcap_data_api_listings_historical
2025-07-04,25163,NALS,NALS (Ordinals),0.00915039,0.0,59790.88,coinmarketcap_data_api_listings_historical
2025-07-04,36486,USDX,USD X20,1.00416932,0.0,59705.73,coinmarketcap_data_api_listings_historical
2025-07-04,7618,ALPA,Alpaca City,0.0069511,0.0,59552.24,coinmarketcap_data_api_listings_historical
2025-07-04,35518,DYOR,Do Your Own Research,0.00012547,0.0,59535.71,coinmarketcap_data_api_listings_historical
2025-07-04,26676,INU,INU,0.0,0.0,59507.66,coinmarketcap_data_api_listings_historical
2025-07-04,7217,MPH,Morpher,0.01270749,0.0,59483.02,coinmarketcap_data_api_listings_historical
2025-07-04,23405,HADES,Hadeswap,0.01236713,0.0,59353.39,coinmarketcap_data_api_listings_historical
2025-07-04,2364,TCT,TokenClub,0.00044037,0.0,59341.23,coinmarketcap_data_api_listings_historical
2025-07-04,25162,NOOT,NOOT (Ordinals),0.00014061,0.0,59328.83,coinmarketcap_data_api_listings_historical
2025-07-04,2281,BCX,BitcoinX,0.00014098,0.0,59321.78,coinmarketcap_data_api_listings_historical
2025-07-04,36579,OCN,Official Crypto Nostra,0.00422843,0.0,59290.27,coinmarketcap_data_api_listings_historical
2025-07-04,28737,.COM,BRC20.com,0.02122139,0.0,59268.2,coinmarketcap_data_api_listings_historical
2025-07-04,31019,POPDOG,PopDog,0.00077251,0.0,59206.27,coinmarketcap_data_api_listings_historical
2025-07-04,35625,HQ,Metaverse HQ,0.00185201,0.0,59142.76,coinmarketcap_data_api_listings_historical
2025-07-04,34599,SSSSS,Snake wif Hat,8.501e-05,0.0,59093.71,coinmarketcap_data_api_listings_historical
2025-07-04,24480,CARAT,Alaska Gold Rush,0.00046115,0.0,59090.43,coinmarketcap_data_api_listings_historical
2025-07-04,18323,MILO,Milo Inu,0.0,0.0,59019.59,coinmarketcap_data_api_listings_historical
2025-07-04,8711,PANDO,Pando,8.511e-05,0.0,58916.23,coinmarketcap_data_api_listings_historical
2025-07-04,28709,SNS,Sonorus,0.0018339,0.0,58722.5,coinmarketcap_data_api_listings_historical
2025-07-04,36192,ELVIS,ELVIS,0.00081036,0.0,58618.37,coinmarketcap_data_api_listings_historical
2025-07-04,17955,ZEUM,Colizeum,0.00143595,0.0,58613.81,coinmarketcap_data_api_listings_historical
2025-07-04,33612,CLUB,BOYS,4.677e-05,0.0,58476.23,coinmarketcap_data_api_listings_historical
2025-07-04,19422,EGS,EdgeSwap,0.00044663,0.0,58471.23,coinmarketcap_data_api_listings_historical
2025-07-04,18976,VTG,Victory Gem,0.00013978,0.0,58454.47,coinmarketcap_data_api_listings_historical
2025-07-04,34897,VU,Velvet Unicorn by Virtuals,0.00236075,0.0,58373.85,coinmarketcap_data_api_listings_historical
2025-07-04,36436,SUPR,Superseed,0.00211954,0.0,58271.48,coinmarketcap_data_api_listings_historical
2025-07-04,32744,TXC,TEXITcoin,1.35998538,0.0,58180.06,coinmarketcap_data_api_listings_historical
2025-07-04,34896,LOKY,Loky by Virtuals,0.00295746,0.0,58127.29,coinmarketcap_data_api_listings_historical
2025-07-04,4388,EXCC,ExchangeCoin,0.02296883,0.0,58049.43,coinmarketcap_data_api_listings_historical
2025-07-04,18106,X2Y2,X2Y2,0.00138034,0.0,57975.09,coinmarketcap_data_api_listings_historical
2025-07-04,33990,DEGOD,DEGOD,0.00072259,0.0,57941.09,coinmarketcap_data_api_listings_historical
2025-07-04,34071,TOBI,tobi,0.00040726,0.0,57898.0,coinmarketcap_data_api_listings_historical
2025-07-04,29214,AFG,Army of Fortune Gem,0.00972364,0.0,57862.7,coinmarketcap_data_api_listings_historical
2025-07-04,18079,IRON,Iron Fish,0.13759759,0.0,57826.02,coinmarketcap_data_api_listings_historical
2025-07-04,36667,BDG,Beyond Gaming,0.00180628,0.0,57800.97,coinmarketcap_data_api_listings_historical
2025-07-04,1191,MEME,Memetic / PepeCoin,0.00147851,0.0,57753.69,coinmarketcap_data_api_listings_historical
2025-07-04,29489,MPRO,MPRO Lab,0.00346218,0.0,57602.33,coinmarketcap_data_api_listings_historical
2025-07-04,29019,TITANX,TitanX,1.4e-07,0.0,57457.67,coinmarketcap_data_api_listings_historical
2025-07-04,34096,SIRIUS,Sirius,0.00032867,0.0,57423.52,coinmarketcap_data_api_listings_historical
2025-07-04,32133,XPX,XPX,1.375e-05,0.0,57389.72,coinmarketcap_data_api_listings_historical
2025-07-04,28746,WOLF,LANDWOLF (AVAX),1.99e-06,0.0,57298.0,coinmarketcap_data_api_listings_historical
2025-07-04,11218,BORING,BoringDAO,9.456e-05,0.0,57122.08,coinmarketcap_data_api_listings_historical
2025-07-04,29033,FORA,UFORIKA,0.00010756,0.0,57008.68,coinmarketcap_data_api_listings_historical
2025-07-04,31513,VT,VTRADING,0.00142484,0.0,56939.93,coinmarketcap_data_api_listings_historical
2025-07-04,7411,CQT,Covalent,0.0021952,0.0,56773.37,coinmarketcap_data_api_listings_historical
2025-07-04,7296,TRU,Truebit,0.13183681,0.0,56720.25,coinmarketcap_data_api_listings_historical
2025-07-04,22881,ADF,ADF,2.73069348,0.0,56559.6,coinmarketcap_data_api_listings_historical
2025-07-04,26403,STRDY,Sturdy,0.34521157,0.0,56535.25,coinmarketcap_data_api_listings_historical
2025-07-04,23210,D2T,Dash 2 Trade,0.00040781,0.0,56482.81,coinmarketcap_data_api_listings_historical
2025-07-04,9518,MEPAD,MemePad,0.00097652,0.0,56349.76,coinmarketcap_data_api_listings_historical
2025-07-04,32774,USDZ,Anzen Finance (USDZ),0.9870318,0.0,56225.66,coinmarketcap_data_api_listings_historical
2025-07-04,27692,ECOTERRA,ecoterra,0.00017439,0.0,56088.48,coinmarketcap_data_api_listings_historical
2025-07-04,31705,RNT,Real Nigger Tate,0.00182684,0.0,56008.1,coinmarketcap_data_api_listings_historical
2025-07-04,26795,FXY,Floxypay,0.01388643,0.0,55992.62,coinmarketcap_data_api_listings_historical
2025-07-04,27592,BTC2.0,Bitcoin 2.0,0.02677719,0.0,55931.85,coinmarketcap_data_api_listings_historical
2025-07-04,17995,JUSTICE,AssangeDAO,6.424e-05,0.0,55907.92,coinmarketcap_data_api_listings_historical
2025-07-04,7404,VALUE,Value Liquidity,0.01742226,0.0,55873.16,coinmarketcap_data_api_listings_historical
2025-07-04,30846,ANON,Anon,0.00111367,0.0,55700.36,coinmarketcap_data_api_listings_historical
2025-07-04,25045,VMPX,VMPX (Ordinals),0.00334697,0.0,55636.56,coinmarketcap_data_api_listings_historical
2025-07-04,12644,TTK,The Three Kingdoms,0.00019508,0.0,55584.31,coinmarketcap_data_api_listings_historical
2025-07-04,32817,ROCK,ROCK,8.832e-05,0.0,55498.19,coinmarketcap_data_api_listings_historical
2025-07-04,36294,PUGG,Pugg,0.00015766,0.0,55378.68,coinmarketcap_data_api_listings_historical
2025-07-04,16896,PSY,PsyOptions,0.00020639,0.0,55225.94,coinmarketcap_data_api_listings_historical
2025-07-04,27507,SHIB2.0,Shib2.0,0.0,0.0,55209.73,coinmarketcap_data_api_listings_historical
2025-07-04,21007,BMAX,BMAX,0.04433126,0.0,55095.56,coinmarketcap_data_api_listings_historical
2025-07-04,30127,FAND,Fandomdao,0.01940293,0.0,54980.99,coinmarketcap_data_api_listings_historical
2025-07-04,36110,ROUTINE,Morning Routine,0.00013372,0.0,54749.72,coinmarketcap_data_api_listings_historical
2025-07-04,33996,STICK,Stick,3.851e-05,0.0,54708.17,coinmarketcap_data_api_listings_historical
2025-07-04,31220,WRKX,Web3Workx,0.00665269,0.0,54289.54,coinmarketcap_data_api_listings_historical
2025-07-04,24581,MUMU,Mumu,0.0,0.0,54218.81,coinmarketcap_data_api_listings_historical
2025-07-04,11421,TAUR,Marnotaur,0.00110555,0.0,54180.38,coinmarketcap_data_api_listings_historical
2025-07-04,35587,TECK,Technet,0.996354,0.0,54165.25,coinmarketcap_data_api_listings_historical
2025-07-04,22629,POP,Popcoin,1.1e-07,0.0,54017.44,coinmarketcap_data_api_listings_historical
2025-07-04,24102,PAW,PAWZONE,3.9e-07,0.0,53950.77,coinmarketcap_data_api_listings_historical
2025-07-04,23311,BTAF,BTAF token,0.0362908,0.0,53908.85,coinmarketcap_data_api_listings_historical
2025-07-04,36663,YND,YieldNest,0.00355248,0.0,53745.52,coinmarketcap_data_api_listings_historical
2025-07-04,18754,STNEAR,Staked NEAR,3.02496217,0.0,53649.25,coinmarketcap_data_api_listings_historical
2025-07-04,12382,ZAM,Zamio,3.43e-05,0.0,53645.8,coinmarketcap_data_api_listings_historical
2025-07-04,37149,ENF,enfineo,0.02960982,0.0,53443.79,coinmarketcap_data_api_listings_historical
2025-07-04,32492,DINERO,Dinero,0.00706149,0.0,53169.13,coinmarketcap_data_api_listings_historical
2025-07-04,10394,KUMA,Kuma Inu,0.0,0.0,53102.91,coinmarketcap_data_api_listings_historical
2025-07-04,36494,NOODLE,Noodle,0.00052882,0.0,52709.72,coinmarketcap_data_api_listings_historical
2025-07-04,25046,PEPEBRC,PEPE (Ordinals),0.00904156,0.0,52636.45,coinmarketcap_data_api_listings_historical
2025-07-04,30924,FLDT,FluidTokens,0.17572435,0.0,52544.42,coinmarketcap_data_api_listings_historical
2025-07-04,17275,MILK,MuesliSwap MILK,0.14067771,0.0,52325.86,coinmarketcap_data_api_listings_historical
2025-07-04,15368,EGC,Egoras Credit,1.21930965,0.0,52282.72,coinmarketcap_data_api_listings_historical
2025-07-04,35840,PAPPLE,Pineapple,0.0061938,0.0,52256.1,coinmarketcap_data_api_listings_historical
2025-07-04,36958,MTPLF,Metaplanet,0.00148669,0.0,52249.55,coinmarketcap_data_api_listings_historical
2025-07-04,29311,DOGWIFHAT,dogwifhat (ETH),0.00274618,0.0,52223.65,coinmarketcap_data_api_listings_historical
2025-07-04,2976,RYO,Ryo Currency,0.0033479,0.0,52096.3,coinmarketcap_data_api_listings_historical
2025-07-04,9261,KEL,KelVPN,0.00292715,0.0,52093.33,coinmarketcap_data_api_listings_historical
2025-07-04,30028,SOPHON,Sophon (Atomicals),0.00097146,0.0,52024.68,coinmarketcap_data_api_listings_historical
2025-07-04,16385,CREAL,Celo Brazilian Real,0.1832537,0.0,51997.45,coinmarketcap_data_api_listings_historical
2025-07-04,31194,MONK,monkeyhaircut,0.00057216,0.0,51987.07,coinmarketcap_data_api_listings_historical
2025-07-04,25386,BISO,BISOSwap,0.00028987,0.0,51941.21,coinmarketcap_data_api_listings_historical
2025-07-04,34043,SENDOR,Sendor,0.00010573,0.0,51887.0,coinmarketcap_data_api_listings_historical
2025-07-04,36941,SPONGE,Sponge,0.0,0.0,51639.98,coinmarketcap_data_api_listings_historical
2025-07-04,9085,BOMB,fBomb,0.02477875,0.0,51571.24,coinmarketcap_data_api_listings_historical
2025-07-04,28496,F3,Friend3,0.00206516,0.0,51536.92,coinmarketcap_data_api_listings_historical
2025-07-04,33086,TORA,TORA NEKO,0.00033809,0.0,51493.8,coinmarketcap_data_api_listings_historical
2025-07-04,32265,FEARNOT,FEAR NOT,7.8e-07,0.0,51358.28,coinmarketcap_data_api_listings_historical
2025-07-04,31366,PINU100X,Pi INU 100x,1.569e-05,0.0,51337.86,coinmarketcap_data_api_listings_historical
2025-07-04,34979,DICKBUTT,Dickbutt,1.591e-05,0.0,51125.89,coinmarketcap_data_api_listings_historical
2025-07-04,30419,SGROK,Super Grok,0.0,0.0,50966.09,coinmarketcap_data_api_listings_historical
2025-07-04,31112,AXM,Axiome,0.02063074,0.0,50904.98,coinmarketcap_data_api_listings_historical
2025-07-04,33541,NEIROINU,Neiro Inu,4e-08,0.0,50839.84,coinmarketcap_data_api_listings_historical
2025-07-04,32574,SKX,SKPANAX,0.03020767,0.0,50818.58,coinmarketcap_data_api_listings_historical
2025-07-04,30543,ALB,Alien Base,0.04875773,0.0,50806.4,coinmarketcap_data_api_listings_historical
2025-07-04,34484,VAL,Store of Value,0.00015194,0.0,50591.48,coinmarketcap_data_api_listings_historical
2025-07-04,32705,OMZ,Open Meta City,0.04242077,0.0,50475.14,coinmarketcap_data_api_listings_historical
2025-07-04,24862,AJNA,Ajna Protocol,0.00243842,0.0,50444.51,coinmarketcap_data_api_listings_historical
2025-07-04,35501,MARIO,MarioNawfal on X,0.00028064,0.0,50325.11,coinmarketcap_data_api_listings_historical
2025-07-04,33745,BARK,BARK,1.03e-05,0.0,50301.03,coinmarketcap_data_api_listings_historical
2025-07-04,28775,MICE,Mice (Ordinals),3.964e-05,0.0,50267.55,coinmarketcap_data_api_listings_historical
2025-07-04,35613,D223,DEX223,0.00023566,0.0,50219.66,coinmarketcap_data_api_listings_historical
2025-07-04,24100,IC,Icy,1.135e-05,0.0,50214.25,coinmarketcap_data_api_listings_historical
2025-07-04,17480,PORTX,ChainPort,0.00056063,0.0,50107.07,coinmarketcap_data_api_listings_historical
2025-07-04,29998,BFLOKI,bitFloki,2.3e-07,0.0,50071.87,coinmarketcap_data_api_listings_historical
2025-07-04,5945,TEM,Temtum,0.07983228,0.0,50056.12,coinmarketcap_data_api_listings_historical
2025-07-04,35154,SUGR,Sugar,0.00046741,0.0,50048.08,coinmarketcap_data_api_listings_historical
2025-07-04,5698,GM,GM Holding,8.3e-06,0.0,50038.94,coinmarketcap_data_api_listings_historical
2025-07-04,34496,NIKEPIG,NikePig,0.0018595,0.0,49895.03,coinmarketcap_data_api_listings_historical
2025-07-04,33444,WLFI,World Liberty Financial (worldlibertyfinance.ai),0.0,0.0,49771.55,coinmarketcap_data_api_listings_historical
2025-07-04,33847,ROSS,Ross Ulbricht,8.634e-05,0.0,49754.09,coinmarketcap_data_api_listings_historical
2025-07-04,32908,0DOG,Bitcoin Dogs,3.985e-05,0.0,49695.03,coinmarketcap_data_api_listings_historical
2025-07-04,28835,ADASOL,ADA,0.00027177,0.0,49331.09,coinmarketcap_data_api_listings_historical
2025-07-04,31792,TRUMP,Donald Trump,5.705e-05,0.0,49328.99,coinmarketcap_data_api_listings_historical
2025-07-04,34222,TROPPY,TROPPY,1.1e-07,0.0,49321.41,coinmarketcap_data_api_listings_historical
2025-07-04,23873,MDUS,MEDIEUS,0.00076615,0.0,49260.3,coinmarketcap_data_api_listings_historical
2025-07-04,34670,GUAN,Guanciale by Virtuals,0.00040606,0.0,49133.88,coinmarketcap_data_api_listings_historical
2025-07-04,36812,NTV,Nativ,2.289e-05,0.0,49130.06,coinmarketcap_data_api_listings_historical
2025-07-04,31537,WALTER,walter,0.00085452,0.0,49122.89,coinmarketcap_data_api_listings_historical
2025-07-04,2424,AGIX,SingularityNET,0.29130498,0.0,49004.53,coinmarketcap_data_api_listings_historical
2025-07-04,22989,IUSD,Indigo Protocol - iUSD,0.99733464,0.0,48961.83,coinmarketcap_data_api_listings_historical
2025-07-04,22992,CIX,Centurion Invest,0.00338686,0.0,48884.69,coinmarketcap_data_api_listings_historical
2025-07-04,10781,WAS,Wasder,6.301e-05,0.0,48881.5,coinmarketcap_data_api_listings_historical
2025-07-04,33718,LILY,Lily's Coin,0.0012102,0.0,48703.77,coinmarketcap_data_api_listings_historical
2025-07-04,35435,TERRA,Terraport,0.00324082,0.0,48616.39,coinmarketcap_data_api_listings_historical
2025-07-04,12959,TOON,Pontoon,1.991e-05,0.0,48555.61,coinmarketcap_data_api_listings_historical
2025-07-04,34751,FARM,FARM,2.46432983,0.0,48518.8,coinmarketcap_data_api_listings_historical
2025-07-04,20427,QTO,QToken,0.11012952,0.0,48161.69,coinmarketcap_data_api_listings_historical
2025-07-04,30534,BETS,All Street Bets,1.13e-05,0.0,48116.92,coinmarketcap_data_api_listings_historical
2025-07-04,10555,CNR,Canary,0.00079618,0.0,48108.96,coinmarketcap_data_api_listings_historical
2025-07-04,31420,STASH,STASH INU,0.0001412,0.0,48092.81,coinmarketcap_data_api_listings_historical
2025-07-04,35360,TRUMPJR,OFFICIAL TRUMP JR,9.2e-06,0.0,47831.2,coinmarketcap_data_api_listings_historical
2025-07-04,25164,PIZA,PIZA (Ordinals),0.00761204,0.0,47748.1,coinmarketcap_data_api_listings_historical
2025-07-04,12365,LOVELY,Lovely Finance [Old],2.26e-06,0.0,47672.96,coinmarketcap_data_api_listings_historical
2025-07-04,14332,ADON,Adonis,0.9998613,0.0,47437.49,coinmarketcap_data_api_listings_historical
2025-07-04,36255,LUCIC,Lucidum Coin,0.18515459,0.0,47373.42,coinmarketcap_data_api_listings_historical
2025-07-04,14538,PURSE,Pundi X PURSE,4.793e-05,0.0,47319.57,coinmarketcap_data_api_listings_historical
2025-07-04,23772,DOPE,DOPE Coin,3.161e-05,0.0,47154.43,coinmarketcap_data_api_listings_historical
2025-07-04,9586,PRI,PRIVATEUM GLOBAL,4.12503173,0.0,47113.56,coinmarketcap_data_api_listings_historical
2025-07-04,11371,VICS,RoboFi,0.02552663,0.0,47105.03,coinmarketcap_data_api_listings_historical
2025-07-04,29982,MAZZE,Mazze,0.00075126,0.0,47088.14,coinmarketcap_data_api_listings_historical
2025-07-04,6118,BITO,BitoPro Exchange Token,0.11056936,0.0,47075.85,coinmarketcap_data_api_listings_historical
2025-07-04,32122,MAXETH,Max on ETH,1.24e-06,0.0,46998.5,coinmarketcap_data_api_listings_historical
2025-07-04,18681,PRIDE,Nomad Exiles,0.00081348,0.0,46990.39,coinmarketcap_data_api_listings_historical
2025-07-04,26613,ferc,FairERC20,0.0063036,0.0,46689.11,coinmarketcap_data_api_listings_historical
2025-07-04,25724,JCO,JennyCo,0.00361197,0.0,46524.61,coinmarketcap_data_api_listings_historical
2025-07-04,32527,PEPE,Pepe of Solana,9.8e-06,0.0,46458.78,coinmarketcap_data_api_listings_historical
2025-07-04,18126,PBX,Probinex,0.02179495,0.0,46417.44,coinmarketcap_data_api_listings_historical
2025-07-04,35977,ELON,Official Elon Coin (elonofficial.xyz),0.00018033,0.0,46371.43,coinmarketcap_data_api_listings_historical
2025-07-04,9423,PHTR,Phuture,0.00657409,0.0,46338.81,coinmarketcap_data_api_listings_historical
2025-07-04,22107,ZIX,Coinzix,1.362e-05,0.0,46318.34,coinmarketcap_data_api_listings_historical
2025-07-04,24210,GBK,GBANK APY,0.00747447,0.0,46244.54,coinmarketcap_data_api_listings_historical
2025-07-04,28916,AI,Any Inu,2.01e-06,0.0,46089.68,coinmarketcap_data_api_listings_historical
2025-07-04,33711,SUMMIT,Summit,4.214e-05,0.0,45551.91,coinmarketcap_data_api_listings_historical
2025-07-04,34114,CUUT,CUTTLEFISHY,1.7e-05,0.0,45536.68,coinmarketcap_data_api_listings_historical
2025-07-04,15140,EGAME,EVERY GAME,5.73e-06,0.0,45473.49,coinmarketcap_data_api_listings_historical
2025-07-04,36585,XRT,XRPTurbo,0.01411558,0.0,45282.64,coinmarketcap_data_api_listings_historical
2025-07-04,32782,ORE,Ore,11.78256128,0.0,45177.44,coinmarketcap_data_api_listings_historical
2025-07-04,35901,PALCOIN,Palcoin Ventures,1.07578839,0.0,45044.38,coinmarketcap_data_api_listings_historical
2025-07-04,28472,DERP,Derp,0.0,0.0,44853.32,coinmarketcap_data_api_listings_historical
2025-07-04,2430,HOT,Hydro Protocol,0.0008212,0.0,44618.69,coinmarketcap_data_api_listings_historical
2025-07-04,29526,NWS,Nodewaves,0.00151454,0.0,44600.93,coinmarketcap_data_api_listings_historical
2025-07-04,20582,NMKR,NMKR,0.00060253,0.0,44435.08,coinmarketcap_data_api_listings_historical
2025-07-04,27699,MDI,Medicle,1.337e-05,0.0,44331.76,coinmarketcap_data_api_listings_historical
2025-07-04,33189,MTLS,eMetals,0.0387447,0.0,44235.07,coinmarketcap_data_api_listings_historical
2025-07-04,33037,GGB,GGEBI,0.02060509,0.0,43990.57,coinmarketcap_data_api_listings_historical
2025-07-04,35765,WINK,Wink,0.00120511,0.0,43911.77,coinmarketcap_data_api_listings_historical
2025-07-04,36937,ENT,Enterise,0.08780252,0.0,43779.75,coinmarketcap_data_api_listings_historical
2025-07-04,34357,BLU,Based Blu Alien,1.69e-05,0.0,43588.33,coinmarketcap_data_api_listings_historical
2025-07-04,35910,BGCI,Bloomberg Galaxy Crypto Index,2.64292885,0.0,43538.58,coinmarketcap_data_api_listings_historical
2025-07-04,15658,MEER,Qitmeer Network,0.00318981,0.0,43326.92,coinmarketcap_data_api_listings_historical
2025-07-04,18732,ALOT,Dexalot,0.28624699,0.0,43113.94,coinmarketcap_data_api_listings_historical
2025-07-04,35074,STORAGENT,STORAGENT,2.32e-05,0.0,42829.1,coinmarketcap_data_api_listings_historical
2025-07-04,36859,SIMPSON,Homer,0.0,0.0,42596.87,coinmarketcap_data_api_listings_historical
2025-07-04,30233,EGON,EgonCoin,0.00062027,0.0,42428.38,coinmarketcap_data_api_listings_historical
2025-07-04,34937,ZD,Zarraz Dollar,0.01165956,0.0,42410.28,coinmarketcap_data_api_listings_historical
2025-07-04,19201,PRB,Paribu Net,0.28439682,0.0,42301.18,coinmarketcap_data_api_listings_historical
2025-07-04,24584,AWT,Abyss World,1.627e-05,0.0,42137.68,coinmarketcap_data_api_listings_historical
2025-07-04,27378,BOB,Hello Puppy,5.16e-06,0.0,41861.09,coinmarketcap_data_api_listings_historical
2025-07-04,36614,GPT,Gold Park,0.02996708,0.0,41729.62,coinmarketcap_data_api_listings_historical
2025-07-04,34279,ASS,WE LOVE ASS,0.0022376,0.0,41658.1,coinmarketcap_data_api_listings_historical
2025-07-04,34900,DEGENC,Degen Capital by Virtuals,0.00169548,0.0,41431.01,coinmarketcap_data_api_listings_historical
2025-07-04,154,MARS,Marscoin,0.09174525,0.0,40927.77,coinmarketcap_data_api_listings_historical
2025-07-04,36350,BTC.ℏ,Bitcoin.ℏ,3.08503688,0.0,40697.96,coinmarketcap_data_api_listings_historical
2025-07-04,27951,W3S,Web3Shot,0.00629188,0.0,40644.75,coinmarketcap_data_api_listings_historical
2025-07-04,32419,KAMA,Kamala Horris,0.00017159,0.0,40561.16,coinmarketcap_data_api_listings_historical
2025-07-04,20529,KLC,KalyChain,0.00110328,0.0,40323.64,coinmarketcap_data_api_listings_historical
2025-07-04,30755,GIOVE,GIOVE,1.25017652,0.0,40242.64,coinmarketcap_data_api_listings_historical
2025-07-04,32593,PGN,Paragon,0.00011668,0.0,40204.4,coinmarketcap_data_api_listings_historical
2025-07-04,9537,AIEPK,EpiK Protocol,0.00032062,0.0,40145.88,coinmarketcap_data_api_listings_historical
2025-07-04,31531,BARS,Banksters Token,0.00038511,0.0,40025.3,coinmarketcap_data_api_listings_historical
2025-07-04,21917,PIX,Pixie,3.261e-05,0.0,39828.38,coinmarketcap_data_api_listings_historical
2025-07-04,29611,MZK,MuziKoin,0.0022444,0.0,39828.04,coinmarketcap_data_api_listings_historical
2025-07-04,9184,QTCC,Quick Transfer coin,0.0003931,0.0,39820.77,coinmarketcap_data_api_listings_historical
2025-07-04,27522,PATEX,Patex,0.03809557,0.0,39668.06,coinmarketcap_data_api_listings_historical
2025-07-04,9455,LEMD,Lemond,1.796e-05,0.0,39466.77,coinmarketcap_data_api_listings_historical
2025-07-04,2305,NGC,NAGA,0.01202308,0.0,39162.98,coinmarketcap_data_api_listings_historical
2025-07-04,23893,HLPR,HELPER COIN,0.20825147,0.0,39041.78,coinmarketcap_data_api_listings_historical
2025-07-04,31682,BOOM,Boomco,0.13790656,0.0,39002.78,coinmarketcap_data_api_listings_historical
2025-07-04,24938,CROWN,Crown Token,0.04720781,0.0,38887.62,coinmarketcap_data_api_listings_historical
2025-07-04,28509,JEFF,Jeff World,0.00179152,0.0,38847.26,coinmarketcap_data_api_listings_historical
2025-07-04,30296,TPRO,TPRO Network,0.0023048,0.0,38334.24,coinmarketcap_data_api_listings_historical
2025-07-04,36273,GMUBARAK,Ghibli Mubarak,0.0,0.0,37960.75,coinmarketcap_data_api_listings_historical
2025-07-04,34743,AIC,Aetherius Infinite Chain,1.4e-07,0.0,37725.8,coinmarketcap_data_api_listings_historical
2025-07-04,33603,PEPPER,PEPPER,0.0,0.0,37651.13,coinmarketcap_data_api_listings_historical
2025-07-04,36732,SHROOMY,Shroomy Project,0.00163241,0.0,37238.34,coinmarketcap_data_api_listings_historical
2025-07-04,36974,SIMPSON,Homer Simpson (Ethereum),0.0,0.0,36869.4,coinmarketcap_data_api_listings_historical
2025-07-04,32146,OILX,OilX Token,68.21732441,0.0,36749.09,coinmarketcap_data_api_listings_historical
2025-07-04,18443,RIZE,Rizespor Token,0.02926426,0.0,36414.57,coinmarketcap_data_api_listings_historical
2025-07-04,34479,VOLS,Volaris Games,0.00191043,0.0,36335.85,coinmarketcap_data_api_listings_historical
2025-07-04,2223,VEE,BLOCKv,0.01710484,0.0,36243.03,coinmarketcap_data_api_listings_historical
2025-07-04,32875,FIG,FILLiquid,0.01234641,0.0,35924.78,coinmarketcap_data_api_listings_historical
2025-07-04,34618,LAIKA,Laïka,0.03280566,0.0,35176.29,coinmarketcap_data_api_listings_historical
2025-07-04,8160,ONS,One Share,1.10294979,0.0,35073.79,coinmarketcap_data_api_listings_historical
2025-07-04,24027,BEAR,Bear Inu,0.0,0.0,35039.89,coinmarketcap_data_api_listings_historical
2025-07-04,16395,KYSR,Kayserispor Token,0.08641014,0.0,35035.99,coinmarketcap_data_api_listings_historical
2025-07-04,29280,MTS,META PLUS TOKEN,0.00154949,0.0,34997.72,coinmarketcap_data_api_listings_historical
2025-07-04,19191,DOLA,DOLA,0.99834286,0.0,34780.09,coinmarketcap_data_api_listings_historical
2025-07-04,14968,VINU,Viral Inu,2e-08,0.0,34647.08,coinmarketcap_data_api_listings_historical
2025-07-04,10291,CVXCRV,Convex CRV,0.2646178,0.0,34393.27,coinmarketcap_data_api_listings_historical
2025-07-04,35513,SNAKT,Sna-King Trump,6.4e-06,0.0,34256.32,coinmarketcap_data_api_listings_historical
2025-07-04,23006,DBR,DOLA Borrowing Right,0.06976886,0.0,34190.58,coinmarketcap_data_api_listings_historical
2025-07-04,36147,JLP,JLaunchpad,0.00109418,0.0,33896.69,coinmarketcap_data_api_listings_historical
2025-07-04,14914,UBIT,UBIT,0.00199832,0.0,33838.5,coinmarketcap_data_api_listings_historical
2025-07-04,23002,MTG,MTG Token,0.00020882,0.0,33780.52,coinmarketcap_data_api_listings_historical
2025-07-04,31975,HACHI,Hachi On Base,9.497e-05,0.0,33514.77,coinmarketcap_data_api_listings_historical
2025-07-04,33364,BRIAN,Brian,0.00239261,0.0,33283.39,coinmarketcap_data_api_listings_historical
2025-07-04,5450,WBX,Wibx,0.00047224,0.0,33258.67,coinmarketcap_data_api_listings_historical
2025-07-04,5005,ARX,ARCS,0.00035668,0.0,33223.71,coinmarketcap_data_api_listings_historical
2025-07-04,34955,MINDS,Mindscraft,0.00124369,0.0,33189.11,coinmarketcap_data_api_listings_historical
2025-07-04,25119,SFIN,Songbird Finance,288.42324769,0.0,33178.55,coinmarketcap_data_api_listings_historical
2025-07-04,30453,ANDY,Andy (Base),0.00285306,0.0,32977.29,coinmarketcap_data_api_listings_historical
2025-07-04,36650,MIND,Mind of Pepe,0.00051398,0.0,32875.81,coinmarketcap_data_api_listings_historical
2025-07-04,36779,CTYN,Canyont,0.05810616,0.0,32711.96,coinmarketcap_data_api_listings_historical
2025-07-04,7558,DOC,Dollar on Chain,0.99594599,0.0,32525.88,coinmarketcap_data_api_listings_historical
2025-07-04,33648,TATE,Tate Terminal,0.00104243,0.0,32414.12,coinmarketcap_data_api_listings_historical
2025-07-04,30500,GBTC,Green Bitcoin,0.05425085,0.0,32372.54,coinmarketcap_data_api_listings_historical
2025-07-04,35397,ZAI,ZAYA AI,0.01594903,0.0,32331.41,coinmarketcap_data_api_listings_historical
2025-07-04,17301,DIGAU,Dignity Gold,5.49197224,0.0,32331.38,coinmarketcap_data_api_listings_historical
2025-07-04,18434,BLKS,Balıkesirspor Token,0.03608786,0.0,31935.66,coinmarketcap_data_api_listings_historical
2025-07-04,36298,NATION,LinkedNation,0.00150466,0.0,31911.53,coinmarketcap_data_api_listings_historical
2025-07-04,36046,PEPPER,Pepper,0.00591554,0.0,31630.98,coinmarketcap_data_api_listings_historical
2025-07-04,8443,LUXO,LUXO,0.03922051,0.0,31427.82,coinmarketcap_data_api_listings_historical
2025-07-04,27585,ASEED,Acala,0.24635696,0.0,31409.67,coinmarketcap_data_api_listings_historical
2025-07-04,36633,NIANNIAN,NianNian,0.00105293,0.0,31168.09,coinmarketcap_data_api_listings_historical
2025-07-04,31802,STONKS,Stonks,1.318e-05,0.0,31132.0,coinmarketcap_data_api_listings_historical
2025-07-04,30287,MBC,MonbaseCoin,0.05454385,0.0,31102.85,coinmarketcap_data_api_listings_historical
2025-07-04,26135,AMC,AI Meta Club,0.42918361,0.0,30975.7,coinmarketcap_data_api_listings_historical
2025-07-04,5602,STH,SmartHoldem,0.00201551,0.0,30969.38,coinmarketcap_data_api_listings_historical
2025-07-04,18444,GRS,Giresunspor Token,0.03338495,0.0,30837.51,coinmarketcap_data_api_listings_historical
2025-07-04,23536,PARMA,PARMA Fan Token,0.00561168,0.0,30661.01,coinmarketcap_data_api_listings_historical
2025-07-04,35526,1R0R,R0AR,0.02112274,0.0,30553.96,coinmarketcap_data_api_listings_historical
2025-07-04,35617,OMEGA‎X,Ome‎gaX He‎alth,0.00115095,0.0,30404.38,coinmarketcap_data_api_listings_historical
2025-07-04,33308,BOB,BOB,0.38103386,0.0,30374.04,coinmarketcap_data_api_listings_historical
2025-07-04,12312,NSDX,NASDEX,0.00625846,0.0,30215.2,coinmarketcap_data_api_listings_historical
2025-07-04,35378,JAE,JaeCoin,3.973e-05,0.0,30057.64,coinmarketcap_data_api_listings_historical
2025-07-04,19154,GYMNET,Gym Network,0.00578942,0.0,30056.65,coinmarketcap_data_api_listings_historical
2025-07-04,15970,AGRO,Agro Global,0.00022776,0.0,30031.94,coinmarketcap_data_api_listings_historical
2025-07-04,36083,WLF,WLF PROJECT,0.00063417,0.0,30000.7,coinmarketcap_data_api_listings_historical
2025-07-04,36092,RX,RealtyX,0.00517896,0.0,29979.96,coinmarketcap_data_api_listings_historical
2025-07-04,14112,AQUA,Aquarius,0.00084937,0.0,29817.46,coinmarketcap_data_api_listings_historical
2025-07-04,21849,DLC,Diverge Loop,0.09794646,0.0,29774.59,coinmarketcap_data_api_listings_historical
2025-07-04,32407,ZCD,ZChains,0.01297429,0.0,29740.3,coinmarketcap_data_api_listings_historical
2025-07-04,12388,DUCX,DucatusX,0.00815089,0.0,29622.75,coinmarketcap_data_api_listings_historical
2025-07-04,10347,HMT,Human,0.01984248,0.0,29473.38,coinmarketcap_data_api_listings_historical
2025-07-04,29091,TONNEL,TONNEL Network,2.21113672,0.0,29461.67,coinmarketcap_data_api_listings_historical
2025-07-04,34047,MSM,MusmeCoin,0.0027527,0.0,29458.96,coinmarketcap_data_api_listings_historical
2025-07-04,20570,MIY,Icel Idman Yurdu Token,0.01251531,0.0,29069.47,coinmarketcap_data_api_listings_historical
2025-07-04,29433,AIUS,Arbius,7.33829277,0.0,29048.87,coinmarketcap_data_api_listings_historical
2025-07-04,36689,BURN,Burncoin,0.03400558,0.0,28854.68,coinmarketcap_data_api_listings_historical
2025-07-04,12306,RTM,Raptoreum,0.00025349,0.0,28514.81,coinmarketcap_data_api_listings_historical
2025-07-04,23156,DUST,DeDust,1.33415225,0.0,28137.51,coinmarketcap_data_api_listings_historical
2025-07-04,35899,UUC,USA Unity Coin,0.00029773,0.0,27997.41,coinmarketcap_data_api_listings_historical
2025-07-04,17057,DIYAR,Diyarbekirspor Token,0.02920889,0.0,27952.84,coinmarketcap_data_api_listings_historical
2025-07-04,20569,DUZCE,Duzce Token,0.01248968,0.0,27858.24,coinmarketcap_data_api_listings_historical
2025-07-04,19315,TUZLA,Tuzlaspor Token,0.00116401,0.0,27846.91,coinmarketcap_data_api_listings_historical
2025-07-04,23125,POI$ON,Poison Finance,0.05371594,0.0,27842.33,coinmarketcap_data_api_listings_historical
2025-07-04,21045,NEOX,Neoxa,0.00017266,0.0,27643.78,coinmarketcap_data_api_listings_historical
2025-07-04,34021,ZON,Zon Token,0.04562862,0.0,27637.0,coinmarketcap_data_api_listings_historical
2025-07-04,27645,MTHN,MTH Network,0.12072984,0.0,27230.76,coinmarketcap_data_api_listings_historical
2025-07-04,21524,ULX,ULTRON,0.0055814,0.0,27178.58,coinmarketcap_data_api_listings_historical
2025-07-04,32206,SNK,SNAKE,0.01319456,0.0,26934.69,coinmarketcap_data_api_listings_historical
2025-07-04,5175,BTCV,Bitcoin Vault,0.63631418,0.0,26815.39,coinmarketcap_data_api_listings_historical
2025-07-04,11599,ALI,Alita Finance,0.02879098,0.0,26671.58,coinmarketcap_data_api_listings_historical
2025-07-04,20572,DSK,Darüşşafaka Spor Kulübü Token,0.00029468,0.0,26431.64,coinmarketcap_data_api_listings_historical
2025-07-04,36578,TOR,Syntor AI,0.00282048,0.0,26193.3,coinmarketcap_data_api_listings_historical
2025-07-04,25487,SATOX,Satoxcoin,4.921e-05,0.0,26111.99,coinmarketcap_data_api_listings_historical
2025-07-04,28838,FMC,Fame AI,0.00028183,0.0,26025.67,coinmarketcap_data_api_listings_historical
2025-07-04,29704,GRAM,Gram,0.00274086,0.0,25844.8,coinmarketcap_data_api_listings_historical
2025-07-04,34733,TURBO,Based Turbo,1.117e-05,0.0,25819.48,coinmarketcap_data_api_listings_historical
2025-07-04,33942,$INA,pepeinatux,0.00363116,0.0,25741.42,coinmarketcap_data_api_listings_historical
2025-07-04,35166,DEFAI,DeFi Agents AI,0.00020998,0.0,25694.57,coinmarketcap_data_api_listings_historical
2025-07-04,36656,PEPECASH,PEPECASH,0.00027965,0.0,25611.92,coinmarketcap_data_api_listings_historical
2025-07-04,36421,RED,RED,1499.33270448,0.0,25416.51,coinmarketcap_data_api_listings_historical
2025-07-04,33157,SOURCE,I MADE IT UP,0.00035577,0.0,25294.05,coinmarketcap_data_api_listings_historical
2025-07-04,20259,BCHEM,Bitchemical,1.723e-05,0.0,25260.1,coinmarketcap_data_api_listings_historical
2025-07-04,20724,LKSM,Liquid KSM,2.199852,0.0,25034.21,coinmarketcap_data_api_listings_historical
2025-07-04,36254,ESIM,EvoSimGame,0.07099333,0.0,25003.28,coinmarketcap_data_api_listings_historical
2025-07-04,27508,LFT,Lifeform Token,0.01010248,0.0,25001.04,coinmarketcap_data_api_listings_historical
2025-07-04,30279,CRAZYPEPE,CrazyPepe,0.0,0.0,24963.38,coinmarketcap_data_api_listings_historical
2025-07-04,32944,TOM,TOMCoin,0.00028207,0.0,24934.44,coinmarketcap_data_api_listings_historical
2025-07-04,18435,URFA,Urfaspor Token,0.04109594,0.0,24906.84,coinmarketcap_data_api_listings_historical
2025-07-04,25653,DMT,Sanko GameCorp,5.66299199,0.0,24730.76,coinmarketcap_data_api_listings_historical
2025-07-04,35135,SAGE,Sage Universe,0.00160763,0.0,24638.12,coinmarketcap_data_api_listings_historical
2025-07-04,31647,BTCB,Bitcoin on Base,0.26040538,0.0,24331.44,coinmarketcap_data_api_listings_historical
2025-07-04,27370,FXD,Fathom Dollar,0.65024035,0.0,24254.93,coinmarketcap_data_api_listings_historical
2025-07-04,36361,BABYBONK,Babybonk,7e-08,0.0,24200.2,coinmarketcap_data_api_listings_historical
2025-07-04,37002,PWR,Power Protocol,169.56062897,0.0,24188.73,coinmarketcap_data_api_listings_historical
2025-07-04,22458,DOLZ,DOLZ,0.00642033,0.0,24135.76,coinmarketcap_data_api_listings_historical
2025-07-04,10695,MOONED,MoonEdge,0.00189148,0.0,23800.43,coinmarketcap_data_api_listings_historical
2025-07-04,35146,OSMI,OSMI,0.01807147,0.0,23679.79,coinmarketcap_data_api_listings_historical
2025-07-04,13229,BRUSH,Paintswap (BRUSH),0.01693075,0.0,23636.49,coinmarketcap_data_api_listings_historical
2025-07-04,36781,SAL,SALVIUM,0.07853031,0.0,23627.47,coinmarketcap_data_api_listings_historical
2025-07-04,11260,sICX,Staked ICX,0.16388358,0.0,23470.91,coinmarketcap_data_api_listings_historical
2025-07-04,21315,QLINDO,Qlindo,0.00092724,0.0,23455.39,coinmarketcap_data_api_listings_historical
2025-07-04,19312,HATAY,Hatayspor Token,0.0331457,0.0,23305.09,coinmarketcap_data_api_listings_historical
2025-07-04,35631,ASF,Asymmetry Finance,0.8484181,0.0,23238.01,coinmarketcap_data_api_listings_historical
2025-07-04,35593,LYNK,LYNK,0.00384544,0.0,23183.52,coinmarketcap_data_api_listings_historical
2025-07-04,162,MIM,Magic Internet Money,0.99935349,0.0,23010.8,coinmarketcap_data_api_listings_historical
2025-07-04,25985,HBT,Hebeto,1.01e-06,0.0,22921.7,coinmarketcap_data_api_listings_historical
2025-07-04,28354,XVG,Verge (ETH),0.00017607,0.0,22902.33,coinmarketcap_data_api_listings_historical
2025-07-04,35988,AIV,AIVeronica,0.00273763,0.0,22650.1,coinmarketcap_data_api_listings_historical
2025-07-04,20920,EURe,Monerium EUR emoney,1.17572018,0.0,22405.8,coinmarketcap_data_api_listings_historical
2025-07-04,16388,GOHM,Governance OHM,5440.23938805,0.0,22235.16,coinmarketcap_data_api_listings_historical
2025-07-04,36983,KYO,Kayyo,0.00132865,0.0,22153.43,coinmarketcap_data_api_listings_historical
2025-07-04,17059,ERZ,Erzurumspor Token,0.03423747,0.0,22137.29,coinmarketcap_data_api_listings_historical
2025-07-04,28475,NXN,Naxion,0.06671649,0.0,22107.44,coinmarketcap_data_api_listings_historical
2025-07-04,34844,ARMY,XRP ARMY,0.02227209,0.0,22056.03,coinmarketcap_data_api_listings_historical
2025-07-04,35828,OPT,Optio,0.00750564,0.0,22023.17,coinmarketcap_data_api_listings_historical
2025-07-04,22772,QUILL,Ink Finance,0.00516539,0.0,21982.18,coinmarketcap_data_api_listings_historical
2025-07-04,32066,ALF,ALF,1.23e-06,0.0,21889.84,coinmarketcap_data_api_listings_historical
2025-07-04,23681,WINR,WINR Protocol,0.00645559,0.0,21865.55,coinmarketcap_data_api_listings_historical
2025-07-04,36141,POLLEN,Beraborrow,0.00903694,0.0,21751.61,coinmarketcap_data_api_listings_historical
2025-07-04,24450,UCON,YouCoin,14.60022191,0.0,21725.98,coinmarketcap_data_api_listings_historical
2025-07-04,34939,BETH,Beth,6.196e-05,0.0,21633.18,coinmarketcap_data_api_listings_historical
2025-07-04,28934,BXBT,BoxBet,0.01371364,0.0,21361.97,coinmarketcap_data_api_listings_historical
2025-07-04,34239,SEP,Smart Energy Pay,0.00742489,0.0,21207.72,coinmarketcap_data_api_listings_historical
2025-07-04,24193,SPACE,MicroVisionChain,0.14463976,0.0,21158.6,coinmarketcap_data_api_listings_historical
2025-07-04,30786,KALIS,KALICHAIN,0.00834212,0.0,21131.63,coinmarketcap_data_api_listings_historical
2025-07-04,28112,EDLC,Edelcoin,3.01210358,0.0,21097.7,coinmarketcap_data_api_listings_historical
2025-07-04,15169,GENOME,GenomesDao,0.00393053,0.0,21080.29,coinmarketcap_data_api_listings_historical
2025-07-04,35514,EAFIN,EAFIN,0.06781945,0.0,21000.2,coinmarketcap_data_api_listings_historical
2025-07-04,29660,AAST,AASToken,0.00770983,0.0,20454.52,coinmarketcap_data_api_listings_historical
2025-07-04,36572,EURC,EuroUnion,1.06058478,0.0,20394.4,coinmarketcap_data_api_listings_historical
2025-07-04,13141,AKTIO,Vancelian,0.16239654,0.0,20379.64,coinmarketcap_data_api_listings_historical
2025-07-04,36934,SSTZ,SSTZ,0.00214299,0.0,20286.15,coinmarketcap_data_api_listings_historical
2025-07-04,34949,COW,COW,0.00707833,0.0,20273.65,coinmarketcap_data_api_listings_historical
2025-07-04,19534,FIST,Fistbump,0.54207925,0.0,20249.41,coinmarketcap_data_api_listings_historical
2025-07-04,16529,SKRY,Sakaryaspor Token,0.04116616,0.0,20113.71,coinmarketcap_data_api_listings_historical
2025-07-04,36688,CAI,Catalyse AI,0.00367093,0.0,20087.18,coinmarketcap_data_api_listings_historical
2025-07-04,35260,REM,Real Estate Metaverse,0.00261166,0.0,19965.94,coinmarketcap_data_api_listings_historical
2025-07-04,36439,CINO,Private Aviation Finance Token,0.06380866,0.0,19899.14,coinmarketcap_data_api_listings_historical
2025-07-04,19236,GULF,Gulf Coin,0.00419507,0.0,19860.05,coinmarketcap_data_api_listings_historical
2025-07-04,13606,GBD,Great Bounty Dealer,0.00027307,0.0,19753.01,coinmarketcap_data_api_listings_historical
2025-07-04,15135,TFS,TFS Token,0.00382061,0.0,19738.84,coinmarketcap_data_api_listings_historical
2025-07-04,31145,SOURCE,Source,0.00018067,0.0,19686.47,coinmarketcap_data_api_listings_historical
2025-07-04,21951,OKI,HDOKI,0.00100906,0.0,19679.53,coinmarketcap_data_api_listings_historical
2025-07-04,12923,EXS,Ex Sports,0.00293074,0.0,19408.6,coinmarketcap_data_api_listings_historical
2025-07-04,16201,DBD,Day By Day,0.00112926,0.0,19213.33,coinmarketcap_data_api_listings_historical
2025-07-04,20573,YMS,Yeni Malatyaspor Token,0.0190876,0.0,19210.47,coinmarketcap_data_api_listings_historical
2025-07-04,24935,GUAC,Guacamole,2e-08,0.0,19102.04,coinmarketcap_data_api_listings_historical
2025-07-04,21077,CHANGE,Changex,0.00212619,0.0,19085.94,coinmarketcap_data_api_listings_historical
2025-07-04,34841,STLS,STELSI,0.07734912,0.0,19082.62,coinmarketcap_data_api_listings_historical
2025-07-04,34699,AIP,Pett.AI,0.00415339,0.0,18907.94,coinmarketcap_data_api_listings_historical
2025-07-04,30305,LONG,Nobiko Coin,0.00085092,0.0,18708.8,coinmarketcap_data_api_listings_historical
2025-07-04,27050,PAC,PAC Project,0.00569145,0.0,18604.76,coinmarketcap_data_api_listings_historical
2025-07-04,36875,WLAI,Weblume AI,0.01620474,0.0,18390.18,coinmarketcap_data_api_listings_historical
2025-07-04,30677,DOVU,DOVU,0.001871,0.0,18371.19,coinmarketcap_data_api_listings_historical
2025-07-04,34602,JAV,Javsphere,0.00996832,0.0,18335.49,coinmarketcap_data_api_listings_historical
2025-07-04,26878,MINAR,Miner Arena,0.02099533,0.0,18251.18,coinmarketcap_data_api_listings_historical
2025-07-04,33327,ESTEE,ESTEE,9.1e-07,0.0,18249.9,coinmarketcap_data_api_listings_historical
2025-07-04,36657,ECOR,Ecorpay Token,0.03185608,0.0,18226.76,coinmarketcap_data_api_listings_historical
2025-07-04,31656,MOR,Morpheus,4.72895464,0.0,18042.96,coinmarketcap_data_api_listings_historical
2025-07-04,36331,CHIN,FITCHIN Universe,0.00544814,0.0,17952.47,coinmarketcap_data_api_listings_historical
2025-07-04,22959,ABEL,Abel finance,0.00444543,0.0,17948.34,coinmarketcap_data_api_listings_historical
2025-07-04,36666,TIT,Titan's Tap,0.0132338,0.0,17877.8,coinmarketcap_data_api_listings_historical
2025-07-04,28992,WIN,Win,0.00056616,0.0,17873.82,coinmarketcap_data_api_listings_historical
2025-07-04,34355,HOMS,HOMSTOKEN,0.00053614,0.0,17852.51,coinmarketcap_data_api_listings_historical
2025-07-04,8573,VISTA,Vista Finance,27.98485043,0.0,17826.63,coinmarketcap_data_api_listings_historical
2025-07-04,30732,AIC,AIC (Artificial Intelligence Coin),4.7495875,0.0,17816.46,coinmarketcap_data_api_listings_historical
2025-07-04,28723,GTAVI,GTAVI,0.0,0.0,17713.56,coinmarketcap_data_api_listings_historical
2025-07-04,35872,LLD,Liberland Dollar,1.59295331,0.0,17680.97,coinmarketcap_data_api_listings_historical
2025-07-04,12209,AIR,Altair,0.00617987,0.0,17651.42,coinmarketcap_data_api_listings_historical
2025-07-04,16842,STARS,Stargaze,0.00089793,0.0,17523.86,coinmarketcap_data_api_listings_historical
2025-07-04,36176,EVA,EVA AI,0.07756652,0.0,17464.49,coinmarketcap_data_api_listings_historical
2025-07-04,31251,DECENTRALIZED,DECENTRALIZED (Runes),4.905e-05,0.0,17445.85,coinmarketcap_data_api_listings_historical
2025-07-04,37107,MBTCS,Meta Bitcoin Super,0.62663487,0.0,17418.07,coinmarketcap_data_api_listings_historical
2025-07-04,30101,GNUS,GENIUS AI,1.96373212,0.0,17397.86,coinmarketcap_data_api_listings_historical
2025-07-04,29687,BODEN,Jeo Boden,0.00331301,0.0,17306.47,coinmarketcap_data_api_listings_historical
2025-07-04,11109,ELCASH,Electric Cash,0.05713403,0.0,17281.17,coinmarketcap_data_api_listings_historical
2025-07-04,31046,$MEWING,MEWING,0.00012341,0.0,17268.71,coinmarketcap_data_api_listings_historical
2025-07-04,23097,T23,T23,0.0,0.0,17235.5,coinmarketcap_data_api_listings_historical
2025-07-04,32167,META,MetaDAO,746.35639389,0.0,17188.97,coinmarketcap_data_api_listings_historical
2025-07-04,33023,WLFI,World Liberty Financial (wlfi.club),0.0,0.0,17145.84,coinmarketcap_data_api_listings_historical
2025-07-04,35996,RCX,RecycleX,0.02693666,0.0,17079.74,coinmarketcap_data_api_listings_historical
2025-07-04,35303,$SYMP,Sympson AI,0.00480534,0.0,16836.96,coinmarketcap_data_api_listings_historical
2025-07-04,31956,ANDWU,Chinese Andy,0.0,0.0,16802.07,coinmarketcap_data_api_listings_historical
2025-07-04,10202,STC,Starcoin,0.00093032,0.0,16768.53,coinmarketcap_data_api_listings_historical
2025-07-04,32394,NCOIN,NatronZ,0.03070205,0.0,16733.52,coinmarketcap_data_api_listings_historical
2025-07-04,14540,VPAD,VLaunch,0.00148176,0.0,16731.71,coinmarketcap_data_api_listings_historical
2025-07-04,33623,MBC,Miners.Club,0.00971407,0.0,16729.48,coinmarketcap_data_api_listings_historical
2025-07-04,34265,QF,Quantum Fusion Network,0.74444393,0.0,16678.66,coinmarketcap_data_api_listings_historical
2025-07-04,11153,ESW,EmiSwap,0.00133755,0.0,16642.77,coinmarketcap_data_api_listings_historical
2025-07-04,34840,OXA,Onyx Arches,0.00307878,0.0,16380.65,coinmarketcap_data_api_listings_historical
2025-07-04,29630,TATSU,Taτsu,2.81171626,0.0,16348.52,coinmarketcap_data_api_listings_historical
2025-07-04,32995,BOBER,BOBER,0.00024286,0.0,16240.91,coinmarketcap_data_api_listings_historical
2025-07-04,30466,MEMAGX,Meta Masters Guild Games,0.00045812,0.0,16172.93,coinmarketcap_data_api_listings_historical
2025-07-04,28196,TEE,Guarantee,34.02300845,0.0,16143.58,coinmarketcap_data_api_listings_historical
2025-07-04,31028,GMFI,Golden Magfi,0.0008182,0.0,16093.09,coinmarketcap_data_api_listings_historical
2025-07-04,10102,BSL,BankSocial,0.00052426,0.0,16035.7,coinmarketcap_data_api_listings_historical
2025-07-04,16531,AKREP,Antalyaspor Token,0.09085697,0.0,16024.92,coinmarketcap_data_api_listings_historical
2025-07-04,31158,XB,XBANKING,0.00969089,0.0,16020.39,coinmarketcap_data_api_listings_historical
2025-07-04,36541,SUPFRIEND,Superfriend,0.0003558,0.0,15953.81,coinmarketcap_data_api_listings_historical
2025-07-04,32404,AIM,AI Metaverse,0.00229857,0.0,15884.29,coinmarketcap_data_api_listings_historical
2025-07-04,31616,PEPE,Pepe,0.00088765,0.0,15856.21,coinmarketcap_data_api_listings_historical
2025-07-04,30948,KHAI,Kitten Haimer,0.0343565,0.0,15836.59,coinmarketcap_data_api_listings_historical
2025-07-04,34033,BNTY,Bounty,0.0012295,0.0,15804.92,coinmarketcap_data_api_listings_historical
2025-07-04,36738,MAIV,Multi Asset Investment Vehicle,0.00181726,0.0,15753.03,coinmarketcap_data_api_listings_historical
2025-07-04,22730,MIA,MiaSwap,0.00914478,0.0,15692.26,coinmarketcap_data_api_listings_historical
2025-07-04,36258,SUSD,Solayer USD,1.10411839,0.0,15651.68,coinmarketcap_data_api_listings_historical
2025-07-04,27863,SCM,ScamFari token,5.23e-06,0.0,15592.53,coinmarketcap_data_api_listings_historical
2025-07-04,34495,PHI,Phicoin,0.00078419,0.0,15174.97,coinmarketcap_data_api_listings_historical
2025-07-04,34650,SERAPH,Seraph by Virtuals,0.00079586,0.0,15099.32,coinmarketcap_data_api_listings_historical
2025-07-04,36833,USD.T,Tedra USD,1.00128436,0.0,15098.4,coinmarketcap_data_api_listings_historical
2025-07-04,18415,RBD,Rubidium,0.01687429,0.0,15079.17,coinmarketcap_data_api_listings_historical
2025-07-04,24348,BCT,BabyChita,6.95e-06,0.0,14776.56,coinmarketcap_data_api_listings_historical
2025-07-04,28297,BYTES,Neo Tokyo,2.45798006,0.0,14668.92,coinmarketcap_data_api_listings_historical
2025-07-04,12942,THOR,THORSwap,0.06797572,0.0,14557.06,coinmarketcap_data_api_listings_historical
2025-07-04,34385,YBR,YieldBricks,0.00093399,0.0,14455.22,coinmarketcap_data_api_listings_historical
2025-07-04,35905,ATM,Automatic Treasury Machine,2.312e-05,0.0,14428.74,coinmarketcap_data_api_listings_historical
2025-07-04,12229,DOGEGF,DogeGF,0.0,0.0,14415.7,coinmarketcap_data_api_listings_historical
2025-07-04,25042,GGP,GoGoPool,1.92945781,0.0,14257.38,coinmarketcap_data_api_listings_historical
2025-07-04,23768,GORA,Gora Network,0.02314297,0.0,14063.47,coinmarketcap_data_api_listings_historical
2025-07-04,35088,SIM,Assimilate,0.00433735,0.0,13944.6,coinmarketcap_data_api_listings_historical
2025-07-04,29791,FREN,FREN,1.41e-06,0.0,13858.69,coinmarketcap_data_api_listings_historical
2025-07-04,10201,BBT,BitBook,0.00078705,0.0,13606.78,coinmarketcap_data_api_listings_historical
2025-07-04,33833,ME,Literally Me,0.00011357,0.0,13585.74,coinmarketcap_data_api_listings_historical
2025-07-04,28501,PLMC,Polimec,0.15656776,0.0,13550.63,coinmarketcap_data_api_listings_historical
2025-07-04,35912,FINVESTA,Finvesta,15.22592401,0.0,13492.0,coinmarketcap_data_api_listings_historical
2025-07-04,3156,ABL,Airbloc,0.00022507,0.0,13451.77,coinmarketcap_data_api_listings_historical
2025-07-04,29514,BUILD,BuildAI,0.18912961,0.0,13366.9,coinmarketcap_data_api_listings_historical
2025-07-04,2490,CXO,CargoX,0.17820139,0.0,13310.47,coinmarketcap_data_api_listings_historical
2025-07-04,36349,CHIRP,Chirper AI,0.00258068,0.0,13256.13,coinmarketcap_data_api_listings_historical
2025-07-04,36598,MOON,Wolfswap,0.00020277,0.0,13228.77,coinmarketcap_data_api_listings_historical
2025-07-04,28380,GPRO,GoldPro Token,14.56879455,0.0,13227.26,coinmarketcap_data_api_listings_historical
2025-07-04,33522,DRAGONX,DragonX,1.56e-06,0.0,13148.28,coinmarketcap_data_api_listings_historical
2025-07-04,36266,SOLEY,Soley,5.55e-06,0.0,13115.23,coinmarketcap_data_api_listings_historical
2025-07-04,35331,AGIXBT,AGIXBT by Virtuals,0.00019972,0.0,13072.84,coinmarketcap_data_api_listings_historical
2025-07-04,20293,LAND,Outlanders,0.00162728,0.0,12768.49,coinmarketcap_data_api_listings_historical
2025-07-04,34319,AGENTFUN,AgentFun.AI,1.49684558,0.0,12710.61,coinmarketcap_data_api_listings_historical
2025-07-04,29354,SPONGE,SPONGE,4.37e-06,0.0,12701.35,coinmarketcap_data_api_listings_historical
2025-07-04,12489,GUARD,Guardian,0.06870531,0.0,12695.1,coinmarketcap_data_api_listings_historical
2025-07-04,24230,ZNX,ZENEX,0.49680617,0.0,12423.29,coinmarketcap_data_api_listings_historical
2025-07-04,35069,HB,HBC,0.00134348,0.0,12387.9,coinmarketcap_data_api_listings_historical
2025-07-04,21355,KLEIN,KLEIN TOKEN,0.00939649,0.0,12374.46,coinmarketcap_data_api_listings_historical
2025-07-04,9749,WSB,WallStreetBets DApp,0.00018747,0.0,12348.91,coinmarketcap_data_api_listings_historical
2025-07-04,31370,BBUSD,BounceBit USD,1.00160147,0.0,12258.22,coinmarketcap_data_api_listings_historical
2025-07-04,36930,PIKACHU,Pikachu,0.0,0.0,12216.82,coinmarketcap_data_api_listings_historical
2025-07-04,36968,GWT,Goblin World Token,0.00010944,0.0,12216.04,coinmarketcap_data_api_listings_historical
2025-07-04,34178,TYPUS,Typus,0.01794714,0.0,12172.43,coinmarketcap_data_api_listings_historical
2025-07-04,36310,ATOS,Atoshi,0.05469159,0.0,12145.72,coinmarketcap_data_api_listings_historical
2025-07-04,17235,BNBTIGER,BNBTiger,0.0,0.0,12144.21,coinmarketcap_data_api_listings_historical
2025-07-04,30623,VSL,Vietnam Smarthub Logistics,0.08187197,0.0,12129.44,coinmarketcap_data_api_listings_historical
2025-07-04,13827,SPE,SavePlanetEarth,0.00551768,0.0,12104.52,coinmarketcap_data_api_listings_historical
2025-07-04,35964,MT,Mint Token,0.00682427,0.0,12087.79,coinmarketcap_data_api_listings_historical
2025-07-04,36976,BART,Bart Simpson,0.0,0.0,12021.57,coinmarketcap_data_api_listings_historical
2025-07-04,29430,SHIB,Shibwifhat,0.00097043,0.0,11964.89,coinmarketcap_data_api_listings_historical
2025-07-04,29221,LNR,LiNEAR Protocol,0.00097896,0.0,11886.04,coinmarketcap_data_api_listings_historical
2025-07-04,19638,RUN,RUN TOGETHER,0.000309,0.0,11867.6,coinmarketcap_data_api_listings_historical
2025-07-04,36615,BTC2,Bitcoin 2.0,0.00667219,0.0,11773.9,coinmarketcap_data_api_listings_historical
2025-07-04,34796,NEOTECH,NEOT,0.00106387,0.0,11767.1,coinmarketcap_data_api_listings_historical
2025-07-04,34540,SHRIMP,Shrimp Paste,3.732e-05,0.0,11764.48,coinmarketcap_data_api_listings_historical
2025-07-04,27311,STON,STON.fi,0.78405662,0.0,11754.09,coinmarketcap_data_api_listings_historical
2025-07-04,30808,丰,SATOSHI•NAKAMOTO,0.0229109,0.0,11737.7,coinmarketcap_data_api_listings_historical
2025-07-04,31828,SVN,StakeVault.Network,0.00320491,0.0,11737.17,coinmarketcap_data_api_listings_historical
2025-07-04,32870,R/SNOOFI,r/snoofi,0.00046861,0.0,11684.83,coinmarketcap_data_api_listings_historical
2025-07-04,16914,METO,Metafluence,6.013e-05,0.0,11590.35,coinmarketcap_data_api_listings_historical
2025-07-04,21736,KNDX,Kondux,0.014141,0.0,11557.11,coinmarketcap_data_api_listings_historical
2025-07-04,35947,NORDO,Greenland Rare Bear,0.00666296,0.0,11548.29,coinmarketcap_data_api_listings_historical
2025-07-04,23515,DUSD,Davos.xyz USD,1.00045407,0.0,11481.97,coinmarketcap_data_api_listings_historical
2025-07-04,24521,CBY,Carbify,0.21922626,0.0,11370.91,coinmarketcap_data_api_listings_historical
2025-07-04,30406,AABL,Abble,0.00070236,0.0,11349.25,coinmarketcap_data_api_listings_historical
2025-07-04,32689,AGETH,Kelp DAO's Airdrop Gain ETH,2592.33646491,0.0,11319.41,coinmarketcap_data_api_listings_historical
2025-07-04,36476,SWPX,SwapX,0.07948573,0.0,11205.4,coinmarketcap_data_api_listings_historical
2025-07-04,33447,SQUID,Squid Game (CTO),0.00343754,0.0,11156.52,coinmarketcap_data_api_listings_historical
2025-07-04,34526,GRFT,Grafeté,0.00035992,0.0,11096.49,coinmarketcap_data_api_listings_historical
2025-07-04,31429,WIC,DogWithCap,1e-08,0.0,11076.55,coinmarketcap_data_api_listings_historical
2025-07-04,22306,EFK,EFK Token,0.00087022,0.0,11035.55,coinmarketcap_data_api_listings_historical
2025-07-04,20771,PURR,SpartaCats,1e-08,0.0,11003.06,coinmarketcap_data_api_listings_historical
2025-07-04,29419,XERS,X Project,0.00163996,0.0,10999.74,coinmarketcap_data_api_listings_historical
2025-07-04,4119,VD,VinDax Coin,0.0186827,0.0,10924.16,coinmarketcap_data_api_listings_historical
2025-07-04,35889,FU,Farting Unicorn,8.385e-05,0.0,10787.33,coinmarketcap_data_api_listings_historical
2025-07-04,35023,ROCKET,AI ROCKET by Virtuals,0.00128829,0.0,10760.07,coinmarketcap_data_api_listings_historical
2025-07-04,36317,MNTX,Minutes Network Token,0.2999861,0.0,10691.46,coinmarketcap_data_api_listings_historical
2025-07-04,34961,OMG,Oil Meta Games,4.95813374,0.0,10679.9,coinmarketcap_data_api_listings_historical
2025-07-04,15516,PINU,Pi INU,2.1e-07,0.0,10674.35,coinmarketcap_data_api_listings_historical
2025-07-04,27791,NT,NexDAX Chain,0.00484054,0.0,10645.41,coinmarketcap_data_api_listings_historical
2025-07-04,30225,UBE,Ubeswap [V2],0.00229083,0.0,10634.36,coinmarketcap_data_api_listings_historical
2025-07-04,30069,SQUAD,SquadSwap,0.05587418,0.0,10596.8,coinmarketcap_data_api_listings_historical
2025-07-04,32258,HIT,Hiver,0.00790195,0.0,10566.45,coinmarketcap_data_api_listings_historical
2025-07-04,12329,DBX,DBX,4.843e-05,0.0,10509.1,coinmarketcap_data_api_listings_historical
2025-07-04,32681,FNS,FAUNUS,0.00061516,0.0,10425.21,coinmarketcap_data_api_listings_historical
2025-07-04,36179,MEMEX,Meme Index,0.00147564,0.0,10338.4,coinmarketcap_data_api_listings_historical
2025-07-04,24302,SWITCH,Switch,0.00042055,0.0,10309.97,coinmarketcap_data_api_listings_historical
2025-07-04,32730,ELF,THE LAND ELF Crossing,0.00588348,0.0,10241.51,coinmarketcap_data_api_listings_historical
2025-07-04,26873,CORGIAI,CorgiAI,0.00010996,0.0,10239.47,coinmarketcap_data_api_listings_historical
2025-07-04,14613,XSP,XSwap Protocol,0.00034462,0.0,10229.07,coinmarketcap_data_api_listings_historical
2025-07-04,29627,BLACKDRAGON,Black Dragon,1e-08,0.0,10222.66,coinmarketcap_data_api_listings_historical
2025-07-04,31424,EVR,Evrmore,9.897e-05,0.0,10213.75,coinmarketcap_data_api_listings_historical
2025-07-04,29324,CHONKY,CHONKY,3.34e-06,0.0,10199.98,coinmarketcap_data_api_listings_historical
2025-07-04,23038,NAVI,Navigator Exchange,0.45715446,0.0,10192.86,coinmarketcap_data_api_listings_historical
2025-07-04,31124,HANK,Hank,1.588e-05,0.0,10173.37,coinmarketcap_data_api_listings_historical
2025-07-04,35425,MIAO,MIAOCoin,0.0013073,0.0,10154.75,coinmarketcap_data_api_listings_historical
2025-07-04,25194,JSM,Joseon Mun,0.00040855,0.0,10060.33,coinmarketcap_data_api_listings_historical
2025-07-04,30437,ANDR,Andromeda,0.00364478,0.0,9892.81,coinmarketcap_data_api_listings_historical
2025-07-04,6898,JFI,JackPool.finance,3.72319347,0.0,9875.27,coinmarketcap_data_api_listings_historical
2025-07-04,16168,NITRO,Nitro League,0.0001832,0.0,9825.68,coinmarketcap_data_api_listings_historical
2025-07-04,16528,SIV,Sivasspor Token,0.05781285,0.0,9790.39,coinmarketcap_data_api_listings_historical
2025-07-04,22633,C4E,C4E,0.00755513,0.0,9779.31,coinmarketcap_data_api_listings_historical
2025-07-04,33702,47,President Trump,0.0001366,0.0,9723.3,coinmarketcap_data_api_listings_historical
2025-07-04,23888,USDGLO,Glo Dollar,0.99908144,0.0,9712.2,coinmarketcap_data_api_listings_historical
2025-07-04,29886,LABS,WenPad Labs,0.00488197,0.0,9648.2,coinmarketcap_data_api_listings_historical
2025-07-04,35758,TIT,TITAN,0.38899879,0.0,9556.29,coinmarketcap_data_api_listings_historical
2025-07-04,28545,XAH,Xahau,0.05882228,0.0,9541.92,coinmarketcap_data_api_listings_historical
2025-07-04,9712,SHIH,Shih Tzu,0.0,0.0,9417.19,coinmarketcap_data_api_listings_historical
2025-07-04,29432,WATER,doginwotah,9.28e-06,0.0,9390.22,coinmarketcap_data_api_listings_historical
2025-07-04,29294,CPC,Companion Pet Coin,0.2366352,0.0,9306.9,coinmarketcap_data_api_listings_historical
2025-07-04,36412,BGA,BIGHAIR,0.00091292,0.0,9272.01,coinmarketcap_data_api_listings_historical
2025-07-04,35149,NOMAI,nomAI,0.00125765,0.0,9259.55,coinmarketcap_data_api_listings_historical
2025-07-04,19842,LFNTY,Lifinity,0.94728773,0.0,9253.81,coinmarketcap_data_api_listings_historical
2025-07-04,35779,CONAN,Conan,0.0062235,0.0,9204.08,coinmarketcap_data_api_listings_historical
2025-07-04,7719,XKR,Kryptokrona,0.00089116,0.0,9088.48,coinmarketcap_data_api_listings_historical
2025-07-04,21066,TOS,Cryptopia,6.885e-05,0.0,9082.0,coinmarketcap_data_api_listings_historical
2025-07-04,30722,WW3,WW3,0.00013244,0.0,9041.8,coinmarketcap_data_api_listings_historical
2025-07-04,29584,MYTH,Mystic Land Coin,0.12263031,0.0,8983.53,coinmarketcap_data_api_listings_historical
2025-07-04,28765,NINJA,Dog Wif Nunchucks,0.00200953,0.0,8978.59,coinmarketcap_data_api_listings_historical
2025-07-04,32805,SHISHA,Shisha Coin,0.95465818,0.0,8977.68,coinmarketcap_data_api_listings_historical
2025-07-04,32481,GM,Good Morning!,0.00035313,0.0,8819.47,coinmarketcap_data_api_listings_historical
2025-07-04,36750,BIRDEI,Birdei,3.734e-05,0.0,8738.85,coinmarketcap_data_api_listings_historical
2025-07-04,30088,BAG,catwifbag,0.00039041,0.0,8722.63,coinmarketcap_data_api_listings_historical
2025-07-04,30699,FRBK,FreeBnk,0.0007564,0.0,8689.23,coinmarketcap_data_api_listings_historical
2025-07-04,23994,NEWM,NEWM,0.00023358,0.0,8676.41,coinmarketcap_data_api_listings_historical
2025-07-04,36923,BOSSBURGER,Boss Burger,0.00021605,0.0,8673.9,coinmarketcap_data_api_listings_historical
2025-07-04,36381,ALF,ALF Token,2e-08,0.0,8672.75,coinmarketcap_data_api_listings_historical
2025-07-04,36971,MGAMES,MemeGames AI,0.0028986,0.0,8625.47,coinmarketcap_data_api_listings_historical
2025-07-04,32187,FOUR,4,5.962e-05,0.0,8558.53,coinmarketcap_data_api_listings_historical
2025-07-04,30792,COLLE,Colle AI,0.00021715,0.0,8552.18,coinmarketcap_data_api_listings_historical
2025-07-04,23487,OZONE,Ozonechain,3.70191489,0.0,8544.65,coinmarketcap_data_api_listings_historical
2025-07-04,37106,MINIONS,Minions,0.0,0.0,8469.51,coinmarketcap_data_api_listings_historical
2025-07-04,29565,INSP,InspireAI,0.00031196,0.0,8433.51,coinmarketcap_data_api_listings_historical
2025-07-04,36558,ROVR,ROVR Network,0.01056974,0.0,8382.72,coinmarketcap_data_api_listings_historical
2025-07-04,31509,CHOMP,ChompCoin,0.04630458,0.0,8328.07,coinmarketcap_data_api_listings_historical
2025-07-04,25261,JKL,Jackal Protocol,0.03774412,0.0,8315.82,coinmarketcap_data_api_listings_historical
2025-07-04,34231,JERRY,jerry,0.0003408,0.0,8283.12,coinmarketcap_data_api_listings_historical
2025-07-04,28856,FREN,Frencoin,8.9e-07,0.0,8281.81,coinmarketcap_data_api_listings_historical
2025-07-04,36491,GORTH,Gorth,0.0,0.0,8233.71,coinmarketcap_data_api_listings_historical
2025-07-04,19867,STIMA,STIMA,1.02145941,0.0,8195.57,coinmarketcap_data_api_listings_historical
2025-07-04,10585,TFI,TrustFi Network,0.00386095,0.0,8177.27,coinmarketcap_data_api_listings_historical
2025-07-04,25015,FRTC,FART COIN,1.5e-07,0.0,8141.16,coinmarketcap_data_api_listings_historical
2025-07-04,3715,CAJ,Cajutel,0.06886732,0.0,8128.07,coinmarketcap_data_api_listings_historical
2025-07-04,30738,FUNGI,Fungi,0.00568086,0.0,8065.76,coinmarketcap_data_api_listings_historical
2025-07-04,35751,CGAI,GDAI Agent,0.00013913,0.0,8022.11,coinmarketcap_data_api_listings_historical
2025-07-04,32671,RAGE,Rage Trade,0.13611037,0.0,7946.44,coinmarketcap_data_api_listings_historical
2025-07-04,28381,FLUXB,Fluxbot,0.00862908,0.0,7939.45,coinmarketcap_data_api_listings_historical
2025-07-04,35279,$LIMBO,Limbo,0.00254019,0.0,7881.25,coinmarketcap_data_api_listings_historical
2025-07-04,29741,SOLNIC,Solnic,0.00369716,0.0,7880.87,coinmarketcap_data_api_listings_historical
2025-07-04,36655,USD.T,Ukrainian Sanctioned Digital Token,1.21072713,0.0,7834.79,coinmarketcap_data_api_listings_historical
2025-07-04,32180,BAMBOO,Bamboo on Base,0.0042187,0.0,7829.64,coinmarketcap_data_api_listings_historical
2025-07-04,36637,FLIGHT,Flight Coin,1.63e-06,0.0,7829.53,coinmarketcap_data_api_listings_historical
2025-07-04,35922,CHPD,Chirppad,0.00045636,0.0,7679.79,coinmarketcap_data_api_listings_historical
2025-07-04,36768,ROLLSROYCE,Rollsroyce,7.91148571,0.0,7676.34,coinmarketcap_data_api_listings_historical
2025-07-04,22759,WJEWEL,WJEWEL,0.03645909,0.0,7673.46,coinmarketcap_data_api_listings_historical
2025-07-04,20547,HOP,Hop Protocol,0.00851702,0.0,7672.41,coinmarketcap_data_api_listings_historical
2025-07-04,33361,MCAKE,EasyCake,0.08956469,0.0,7650.24,coinmarketcap_data_api_listings_historical
2025-07-04,37148,TRIX,TikTrix,0.06025064,0.0,7647.26,coinmarketcap_data_api_listings_historical
2025-07-04,32753,XNET,XNET Mobile,0.02126558,0.0,7620.15,coinmarketcap_data_api_listings_historical
2025-07-04,36766,CHANEL,Chanel,8.2334062,0.0,7521.86,coinmarketcap_data_api_listings_historical
2025-07-04,32308,KLY,Klayr,0.00559895,0.0,7473.9,coinmarketcap_data_api_listings_historical
2025-07-04,36594,C,CROAK,8.633e-05,0.0,7409.81,coinmarketcap_data_api_listings_historical
2025-07-04,36764,LIFE,Life,7.81277137,0.0,7359.91,coinmarketcap_data_api_listings_historical
2025-07-04,36765,SHELL,Shell,7.88006728,0.0,7356.7,coinmarketcap_data_api_listings_historical
2025-07-04,36676,ANTS,ANTSCOIN,3.248e-05,0.0,7352.64,coinmarketcap_data_api_listings_historical
2025-07-04,28952,USEDCAR,A Gently Used 2001 Honda Civic,0.00145461,0.0,7320.41,coinmarketcap_data_api_listings_historical
2025-07-04,35226,ASV,Asvoria,0.02334508,0.0,7309.87,coinmarketcap_data_api_listings_historical
2025-07-04,35113,WAI,WAI Combinator by Virtuals,0.00160796,0.0,7303.73,coinmarketcap_data_api_listings_historical
2025-07-04,36763,CARTIER,Cartier,7.30490597,0.0,7252.91,coinmarketcap_data_api_listings_historical
2025-07-04,36954,BABYLABUBU,BABY LABUBU,0.0,0.0,7249.44,coinmarketcap_data_api_listings_historical
2025-07-04,34450,LMI,Lockheed Martin Inu,0.00123734,0.0,7145.89,coinmarketcap_data_api_listings_historical
2025-07-04,36728,HAC,Hacash,0.55053737,0.0,7141.72,coinmarketcap_data_api_listings_historical
2025-07-04,27847,ARS,Aquarius Loan,0.00068817,0.0,7125.32,coinmarketcap_data_api_listings_historical
2025-07-04,12156,ASIA,Asia Coin,0.05299648,0.0,7121.56,coinmarketcap_data_api_listings_historical
2025-07-04,13672,BSX,Basilisk,3.823e-05,0.0,7067.43,coinmarketcap_data_api_listings_historical
2025-07-04,35577,ANZ,Anzen Finance (ANZ),0.00079739,0.0,7065.61,coinmarketcap_data_api_listings_historical
2025-07-04,9524,MEDIA,Media Network,0.29241508,0.0,7052.59,coinmarketcap_data_api_listings_historical
2025-07-04,23374,ASTRO,Astroport,0.00788164,0.0,7048.34,coinmarketcap_data_api_listings_historical
2025-07-04,30513,COST,Costco Hot Dog,0.00085465,0.0,7010.15,coinmarketcap_data_api_listings_historical
2025-07-04,29625,USDCAT,UpSideDownCat,1.785e-05,0.0,6973.72,coinmarketcap_data_api_listings_historical
2025-07-04,26221,NOMOX,NOMOEX Token,0.00666469,0.0,6917.57,coinmarketcap_data_api_listings_historical
2025-07-04,28377,OSHI,Oshi Token,0.02561616,0.0,6888.54,coinmarketcap_data_api_listings_historical
2025-07-04,22950,CAT,Cat,0.0,0.0,6841.0,coinmarketcap_data_api_listings_historical
2025-07-04,27764,BSWAP,BaseSwap,0.08081796,0.0,6832.71,coinmarketcap_data_api_listings_historical
2025-07-04,35029,DEEPSEEKAI,DeepSeek AI Agent,0.0,0.0,6737.25,coinmarketcap_data_api_listings_historical
2025-07-04,35474,FLOCK,FLOCK,0.00020729,0.0,6681.94,coinmarketcap_data_api_listings_historical
2025-07-04,34669,NFTXBT,nftxbt by Virtuals,0.00059963,0.0,6672.8,coinmarketcap_data_api_listings_historical
2025-07-04,17914,NEXM,Nexum,0.00317084,0.0,6658.16,coinmarketcap_data_api_listings_historical
2025-07-04,28449,AIA,AIA Chain,0.00151425,0.0,6627.29,coinmarketcap_data_api_listings_historical
2025-07-04,34227,COBY,Coby,0.0003242,0.0,6624.61,coinmarketcap_data_api_listings_historical
2025-07-04,22983,CROID,Cronos ID,0.02954755,0.0,6616.0,coinmarketcap_data_api_listings_historical
2025-07-04,34998,SPECTRA,Spectra,0.01488059,0.0,6608.01,coinmarketcap_data_api_listings_historical
2025-07-04,34911,DANA,Dana Token,999.00494084,0.0,6454.05,coinmarketcap_data_api_listings_historical
2025-07-04,23452,gCOTI,COTI Governance Token,0.01112017,0.0,6446.11,coinmarketcap_data_api_listings_historical
2025-07-04,7257,APE,APEcoin.dev,0.59434713,0.0,6440.58,coinmarketcap_data_api_listings_historical
2025-07-04,12761,ANGLE,Angle,0.01294223,0.0,6435.77,coinmarketcap_data_api_listings_historical
2025-07-04,36437,PTEK,PropTech,1.5003708,0.0,6414.97,coinmarketcap_data_api_listings_historical
2025-07-04,29862,GROW,Grow,0.00180597,0.0,6365.98,coinmarketcap_data_api_listings_historical
2025-07-04,34461,SANTA,Santa,0.00030297,0.0,6312.03,coinmarketcap_data_api_listings_historical
2025-07-04,33421,TUA,Atua AI,8.953e-05,0.0,6311.04,coinmarketcap_data_api_listings_historical
2025-07-04,5625,LYXe,LUKSO [Old],0.90491371,0.0,6308.77,coinmarketcap_data_api_listings_historical
2025-07-04,17160,VYFI,VyFinance,0.03716414,0.0,6282.35,coinmarketcap_data_api_listings_historical
2025-07-04,35475,WAR,Warrior Coin,9.94e-06,0.0,6226.7,coinmarketcap_data_api_listings_historical
2025-07-04,31832,CHIPPY,FISH N CHIPS,0.0006456,0.0,6193.83,coinmarketcap_data_api_listings_historical
2025-07-04,24790,HSUITE,HbarSuite,0.00028824,0.0,6172.19,coinmarketcap_data_api_listings_historical
2025-07-04,5049,VRSC,VerusCoin,2.19518326,0.0,6158.57,coinmarketcap_data_api_listings_historical
2025-07-04,34162,HISS,Snake of Solana,4.3e-07,0.0,6151.25,coinmarketcap_data_api_listings_historical
2025-07-04,34658,PISCES,Pisces,0.00058122,0.0,6024.8,coinmarketcap_data_api_listings_historical
2025-07-04,23694,CLOUD,CRYPTO CLOUD,0.00403244,0.0,5998.49,coinmarketcap_data_api_listings_historical
2025-07-04,23273,SKETCH,Sketch Coin,0.00023384,0.0,5974.43,coinmarketcap_data_api_listings_historical
2025-07-04,18863,VICA,ViCA Token,0.00013003,0.0,5909.43,coinmarketcap_data_api_listings_historical
2025-07-04,34475,X314,X314,3.954e-05,0.0,5892.43,coinmarketcap_data_api_listings_historical
2025-07-04,8112,BANK,Bankcoin,1.958e-05,0.0,5854.03,coinmarketcap_data_api_listings_historical
2025-07-04,34191,RPLS,Ripples,0.00367793,0.0,5828.56,coinmarketcap_data_api_listings_historical
2025-07-04,32819,AXGT,AxonDAO Governance Token,0.07903999,0.0,5800.26,coinmarketcap_data_api_listings_historical
2025-07-04,1004,HNC,HNC COIN,0.01148109,0.0,5763.96,coinmarketcap_data_api_listings_historical
2025-07-04,2569,CHP,CoinPoker,0.04510519,0.0,5745.01,coinmarketcap_data_api_listings_historical
2025-07-04,32285,ORC,ORC,0.0012513,0.0,5737.92,coinmarketcap_data_api_listings_historical
2025-07-04,29919,SOLC,SolCard,0.02061836,0.0,5718.03,coinmarketcap_data_api_listings_historical
2025-07-04,31891,DJT,TrumpCoin,0.00011799,0.0,5706.05,coinmarketcap_data_api_listings_historical
2025-07-04,23047,IBTC,Indigo Protocol - iBTC,104871.34621961,0.0,5689.89,coinmarketcap_data_api_listings_historical
2025-07-04,21046,GARY,Gary,0.34232564,0.0,5622.88,coinmarketcap_data_api_listings_historical
2025-07-04,35859,FPIBANK,FPIBANK,0.00296203,0.0,5600.82,coinmarketcap_data_api_listings_historical
2025-07-04,35974,MINT,Mintify,0.00618033,0.0,5546.98,coinmarketcap_data_api_listings_historical
2025-07-04,16219,FBX,FireBotToken,0.40914623,0.0,5518.64,coinmarketcap_data_api_listings_historical
2025-07-04,31988,RNT,Reental,0.20112652,0.0,5495.86,coinmarketcap_data_api_listings_historical
2025-07-04,34632,KNOT,Knot Diffie-Hellman,0.00036128,0.0,5475.99,coinmarketcap_data_api_listings_historical
2025-07-04,33798,WING,Shiba $Wing,0.00022649,0.0,5471.33,coinmarketcap_data_api_listings_historical
2025-07-04,34963,WMC,Wrapped MistCoin,5.57193578,0.0,5459.36,coinmarketcap_data_api_listings_historical
2025-07-04,35802,USC,Orby Network (USC),1.00121022,0.0,5429.18,coinmarketcap_data_api_listings_historical
2025-07-04,35832,OI,O Intelligence Coin,14949655.17917718,0.0,5408.07,coinmarketcap_data_api_listings_historical
2025-07-04,33705,BRIL,Brilliantcrypto,0.02159046,0.0,5402.03,coinmarketcap_data_api_listings_historical
2025-07-04,29640,ZYN,ZynCoin,0.00617404,0.0,5401.15,coinmarketcap_data_api_listings_historical
2025-07-04,34673,RIPPLE,XRP589,0.00178742,0.0,5362.4,coinmarketcap_data_api_listings_historical
2025-07-04,24125,MLXC,Marvellex Classic,3.29e-06,0.0,5353.46,coinmarketcap_data_api_listings_historical
2025-07-04,35039,TRAI,Trackgood AI,0.00043683,0.0,5349.16,coinmarketcap_data_api_listings_historical
2025-07-04,30345,HOBBES,Ansem's Cat,0.00026596,0.0,5348.18,coinmarketcap_data_api_listings_historical
2025-07-04,34270,CNCT,BIG Ecosystem,0.00621015,0.0,5296.43,coinmarketcap_data_api_listings_historical
2025-07-04,17926,EBYT,EarthByt,0.0,0.0,5240.08,coinmarketcap_data_api_listings_historical
2025-07-04,36758,DAWAE,DaWae,2.681e-05,0.0,5185.41,coinmarketcap_data_api_listings_historical
2025-07-04,28389,BABYGROK,Baby Grok,0.0,0.0,5178.21,coinmarketcap_data_api_listings_historical
2025-07-04,35186,FEENIX,Feenix,0.00040922,0.0,5165.12,coinmarketcap_data_api_listings_historical
2025-07-04,34784,X,Free Speech,0.00025669,0.0,5148.23,coinmarketcap_data_api_listings_historical
2025-07-04,33944,GROGGO,Groggo By Matt Furie,0.00048911,0.0,5136.98,coinmarketcap_data_api_listings_historical
2025-07-04,23315,HILO,HILO,0.04812939,0.0,5129.22,coinmarketcap_data_api_listings_historical
2025-07-04,19316,VAN,Vanspor Token,0.08320637,0.0,5125.1,coinmarketcap_data_api_listings_historical
2025-07-04,10593,FLURRY,Flurry Finance,0.00010393,0.0,5103.01,coinmarketcap_data_api_listings_historical
2025-07-04,36388,BLCK,BLCK Coin,0.00022344,0.0,5091.98,coinmarketcap_data_api_listings_historical
2025-07-04,36847,COPPER,$COPPER,0.0,0.0,5066.31,coinmarketcap_data_api_listings_historical
2025-07-04,30876,LUAUSD,Lumi Finance LUAUSD,1.00415434,0.0,5011.33,coinmarketcap_data_api_listings_historical
2025-07-04,33905,SP,Spintria,0.00596165,0.0,4989.48,coinmarketcap_data_api_listings_historical
2025-07-04,11607,SWT,Smart Wallet Token,6.1e-07,0.0,4983.15,coinmarketcap_data_api_listings_historical
2025-07-04,34525,PENGU,[Fake] (ETH - pudgypenguin.xyz),3.9e-07,0.0,4978.97,coinmarketcap_data_api_listings_historical
2025-07-04,21436,POOP,PooChain - Powering poo.fun,9.801e-05,0.0,4972.14,coinmarketcap_data_api_listings_historical
2025-07-04,36327,8BALL,Billards Hub,0.03236584,0.0,4910.37,coinmarketcap_data_api_listings_historical
2025-07-04,29142,SATOSHI,Satoshi Nakamoto,0.61187123,0.0,4885.61,coinmarketcap_data_api_listings_historical
2025-07-04,36759,XPARTY,X Party,0.00020124,0.0,4873.84,coinmarketcap_data_api_listings_historical
2025-07-04,28720,GREEN,Green,0.00053835,0.0,4808.31,coinmarketcap_data_api_listings_historical
2025-07-04,19550,USDH,USDH,0.99702048,0.0,4786.33,coinmarketcap_data_api_listings_historical
2025-07-04,29876,KUNAI,KunaiKash,0.01141228,0.0,4786.21,coinmarketcap_data_api_listings_historical
2025-07-04,12898,GOFX,GooseFX,0.00377776,0.0,4750.75,coinmarketcap_data_api_listings_historical
2025-07-04,36360,BOI,Boi the Bear,0.00058795,0.0,4728.96,coinmarketcap_data_api_listings_historical
2025-07-04,33330,CB,Cheeseball,0.00017911,0.0,4724.12,coinmarketcap_data_api_listings_historical
2025-07-04,33537,RALLY,Rally,0.00366268,0.0,4699.43,coinmarketcap_data_api_listings_historical
2025-07-04,23050,IJZ,iinjaz (new),8.91e-06,0.0,4693.4,coinmarketcap_data_api_listings_historical
2025-07-04,20648,JPYC,JPYC Prepaid,0.0072956,0.0,4678.36,coinmarketcap_data_api_listings_historical
2025-07-04,19397,CRYSTAL,DeFi Kingdoms Crystal,0.00609742,0.0,4675.49,coinmarketcap_data_api_listings_historical
2025-07-04,36767,PATEK,Patek,7.7986486,0.0,4628.6,coinmarketcap_data_api_listings_historical
2025-07-04,35542,TOKEN,Token.com,0.00190952,0.0,4594.85,coinmarketcap_data_api_listings_historical
2025-07-04,28523,STAMP,STAMP,0.00476281,0.0,4535.79,coinmarketcap_data_api_listings_historical
2025-07-04,35836,BGR,Bitgrit,0.00897775,0.0,4524.1,coinmarketcap_data_api_listings_historical
2025-07-04,36452,SQUIRT,SQUIRTLE,0.00039614,0.0,4452.82,coinmarketcap_data_api_listings_historical
2025-07-04,35036,XMONEY,X Money,0.06101373,0.0,4449.98,coinmarketcap_data_api_listings_historical
2025-07-04,35897,ATN,Athene Network,4.043e-05,0.0,4432.27,coinmarketcap_data_api_listings_historical
2025-07-04,19116,SEBA,Seba,0.00085022,0.0,4416.8,coinmarketcap_data_api_listings_historical
2025-07-04,34866,KEKE,KEKE Terminal,0.00084907,0.0,4360.19,coinmarketcap_data_api_listings_historical
2025-07-04,34959,FRY,Fry,0.10702718,0.0,4347.4,coinmarketcap_data_api_listings_historical
2025-07-04,18621,MARS,Mars Protocol,0.03314924,0.0,4344.36,coinmarketcap_data_api_listings_historical
2025-07-04,36748,EUROP,EURØP,1.17768119,0.0,4306.32,coinmarketcap_data_api_listings_historical
2025-07-04,16300,DEMIR,Adana Demirspor Token,0.04634303,0.0,4272.71,coinmarketcap_data_api_listings_historical
2025-07-04,16279,CNG,Changer,0.00688285,0.0,4266.47,coinmarketcap_data_api_listings_historical
2025-07-04,6753,HDX,Hydration,0.01040055,0.0,4239.44,coinmarketcap_data_api_listings_historical
2025-07-04,36399,TOKERO,TOKERO,0.02594411,0.0,4222.25,coinmarketcap_data_api_listings_historical
2025-07-04,29947,PUSSYINBIO,Pussy In Bio,3.635e-05,0.0,4200.67,coinmarketcap_data_api_listings_historical
2025-07-04,31210,LEGION,LEGION,0.00014407,0.0,4137.87,coinmarketcap_data_api_listings_historical
2025-07-04,36024,BABY,Deer Seized by US Government,9.209e-05,0.0,4136.95,coinmarketcap_data_api_listings_historical
2025-07-04,28052,FINE,Fine,0.0,0.0,4106.86,coinmarketcap_data_api_listings_historical
2025-07-04,30531,PONCHO,Poncho,0.04962038,0.0,4099.93,coinmarketcap_data_api_listings_historical
2025-07-04,1066,PAK,Pakcoin,0.0046531,0.0,4087.95,coinmarketcap_data_api_listings_historical
2025-07-04,32745,ALPHA,Alpha Fi,1.04839524,0.0,4056.54,coinmarketcap_data_api_listings_historical
2025-07-04,35316,LEO,Leoono,0.00020679,0.0,4053.05,coinmarketcap_data_api_listings_historical
2025-07-04,27599,APFC,APF coin,0.1066725,0.0,4046.97,coinmarketcap_data_api_listings_historical
2025-07-04,36321,$GOLD,$GOLD,0.0,0.0,4032.09,coinmarketcap_data_api_listings_historical
2025-07-04,36675,ATTN,Attention,0.01971479,0.0,4026.36,coinmarketcap_data_api_listings_historical
2025-07-04,18596,POPK,POPKON,3.922e-05,0.0,3995.46,coinmarketcap_data_api_listings_historical
2025-07-04,12326,DTBX,Dotblox,0.00881124,0.0,3993.6,coinmarketcap_data_api_listings_historical
2025-07-04,19923,MATICX,Stader MaticX,0.20891993,0.0,3968.65,coinmarketcap_data_api_listings_historical
2025-07-04,14271,GM,GM Wagmi,0.00080019,0.0,3943.17,coinmarketcap_data_api_listings_historical
2025-07-04,30439,HAROLD,Harold,0.00020362,0.0,3917.35,coinmarketcap_data_api_listings_historical
2025-07-04,1382,NLC,NoLimitCoin,0.00201726,0.0,3916.28,coinmarketcap_data_api_listings_historical
2025-07-04,35176,MAG,Magnify Cash,0.00010677,0.0,3908.61,coinmarketcap_data_api_listings_historical
2025-07-04,31087,POGS,POG,0.00145487,0.0,3798.09,coinmarketcap_data_api_listings_historical
2025-07-04,34667,SAGIT,Sagittarius,0.00060015,0.0,3796.78,coinmarketcap_data_api_listings_historical
2025-07-04,10238,MIMATIC,MAI,0.99382399,0.0,3788.06,coinmarketcap_data_api_listings_historical
2025-07-04,36545,BNBULL,BNBULL,9.46e-06,0.0,3782.39,coinmarketcap_data_api_listings_historical
2025-07-04,35368,USDa,USDa (Avalon Labs),0.99392976,0.0,3774.28,coinmarketcap_data_api_listings_historical
2025-07-04,29405,BAOS,BaoBaoSol,0.00020711,0.0,3762.5,coinmarketcap_data_api_listings_historical
2025-07-04,29134,WYNN,Anita Max Wynn,0.000379,0.0,3734.66,coinmarketcap_data_api_listings_historical
2025-07-04,28987,BABYELON,Baby Elon,0.0,0.0,3730.31,coinmarketcap_data_api_listings_historical
2025-07-04,33545,COR,Cortensor,0.00517275,0.0,3727.32,coinmarketcap_data_api_listings_historical
2025-07-04,34249,SENSUS,Sensus,0.0002891,0.0,3711.78,coinmarketcap_data_api_listings_historical
2025-07-04,27235,OUT,Outter Finance,2.886e-05,0.0,3700.35,coinmarketcap_data_api_listings_historical
2025-07-04,27892,TOPIA,HYTOPIA,0.00890994,0.0,3668.95,coinmarketcap_data_api_listings_historical
2025-07-04,8487,TBCC,TBCC,0.00029642,0.0,3630.01,coinmarketcap_data_api_listings_historical
2025-07-04,30578,FOFAR,Fofar (fofar.com),1.17e-06,0.0,3616.7,coinmarketcap_data_api_listings_historical
2025-07-04,28881,DOODOO,Doodoo,0.11797358,0.0,3596.63,coinmarketcap_data_api_listings_historical
2025-07-04,28353,APX,AstroPepeX,1.85e-05,0.0,3589.95,coinmarketcap_data_api_listings_historical
2025-07-04,16819,RRT,Recovery Right Token,0.75,0.0,3546.84,coinmarketcap_data_api_listings_historical
2025-07-04,11986,SUNDAE,SundaeSwap,0.00402255,0.0,3544.33,coinmarketcap_data_api_listings_historical
2025-07-04,31782,LFIT,LFIT,0.74200942,0.0,3539.14,coinmarketcap_data_api_listings_historical
2025-07-04,24974,WASSIE,WASSIE,9.5e-07,0.0,3539.11,coinmarketcap_data_api_listings_historical
2025-07-04,35906,PLMS,Polemos,0.08706994,0.0,3535.64,coinmarketcap_data_api_listings_historical
2025-07-04,28506,MMX,MMX,0.35528527,0.0,3521.0,coinmarketcap_data_api_listings_historical
2025-07-04,2496,POLY,Polymath,0.09799071,0.0,3504.2,coinmarketcap_data_api_listings_historical
2025-07-04,9590,OBOT,Obortech,0.00455294,0.0,3503.63,coinmarketcap_data_api_listings_historical
2025-07-04,24876,SSE,Soroosh Smart Ecosystem,0.00057052,0.0,3473.77,coinmarketcap_data_api_listings_historical
2025-07-04,31147,PEPE,NEXT GEN PEPE,0.00070539,0.0,3466.6,coinmarketcap_data_api_listings_historical
2025-07-04,32047,BOYS,Boysclub on Base,0.00245302,0.0,3465.65,coinmarketcap_data_api_listings_historical
2025-07-04,31390,ACHI,achi,0.00030931,0.0,3438.27,coinmarketcap_data_api_listings_historical
2025-07-04,20030,SINSO,SINSO,0.00342087,0.0,3425.57,coinmarketcap_data_api_listings_historical
2025-07-04,24341,DXN,DBXen,0.21526847,0.0,3409.04,coinmarketcap_data_api_listings_historical
2025-07-04,32595,AGC,Argocoin,0.03266273,0.0,3401.24,coinmarketcap_data_api_listings_historical
2025-07-04,31858,KENDU,Kendu Inu,8e-08,0.0,3377.02,coinmarketcap_data_api_listings_historical
2025-07-04,32233,PEIPEI,PeiPei,7e-07,0.0,3373.58,coinmarketcap_data_api_listings_historical
2025-07-04,13351,ADACASH,ADACash,0.0,0.0,3364.46,coinmarketcap_data_api_listings_historical
2025-07-04,35739,DEVAI,DEV AI,0.00077145,0.0,3344.13,coinmarketcap_data_api_listings_historical
2025-07-04,36843,AROS,Aros,5.853e-05,0.0,3333.63,coinmarketcap_data_api_listings_historical
2025-07-04,14820,IRT,Infinity Rocket Token,0.0019586,0.0,3333.44,coinmarketcap_data_api_listings_historical
2025-07-04,30666,SHARK,Sharky,0.0036246,0.0,3331.23,coinmarketcap_data_api_listings_historical
2025-07-04,26867,ALV,Alvey Chain,0.00277065,0.0,3316.69,coinmarketcap_data_api_listings_historical
2025-07-04,11145,PLS,Pulsechain,2.476e-05,0.0,3294.65,coinmarketcap_data_api_listings_historical
2025-07-04,24489,enqAI,enqAI,0.00159454,0.0,3293.29,coinmarketcap_data_api_listings_historical
2025-07-04,15024,EURA,Angle Protocol,1.17710284,0.0,3276.6,coinmarketcap_data_api_listings_historical
2025-07-04,24816,KCN,Kylacoin,17.16961524,0.0,3273.45,coinmarketcap_data_api_listings_historical
2025-07-04,34184,AAA,aaa cat,0.00010338,0.0,3258.75,coinmarketcap_data_api_listings_historical
2025-07-04,29551,EVR,Evernode,0.24076261,0.0,3249.74,coinmarketcap_data_api_listings_historical
2025-07-04,19687,DMT,DragonMaster,0.00593824,0.0,3243.8,coinmarketcap_data_api_listings_historical
2025-07-04,26152,ETPOS,EtherPOS,0.32008581,0.0,3231.7,coinmarketcap_data_api_listings_historical
2025-07-04,30868,WIFE,Wifejak,0.00087192,0.0,3209.53,coinmarketcap_data_api_listings_historical
2025-07-04,32432,TIMI,This Is My Iguana,0.00017946,0.0,3203.3,coinmarketcap_data_api_listings_historical
2025-07-04,36013,SYMM,Symmio,0.0346658,0.0,3189.65,coinmarketcap_data_api_listings_historical
2025-07-04,1135,CLUB,ClubCoin,0.00809306,0.0,3186.89,coinmarketcap_data_api_listings_historical
2025-07-04,36613,BEER2,Beercoin 2,6.4e-07,0.0,3167.55,coinmarketcap_data_api_listings_historical
2025-07-04,33859,BTFD,BTFD COIN,5e-06,0.0,3163.08,coinmarketcap_data_api_listings_historical
2025-07-04,34828,SAVE,Save,0.208975,0.0,3145.1,coinmarketcap_data_api_listings_historical
2025-07-04,36177,SANCHO,Sancho,0.0023842,0.0,3144.32,coinmarketcap_data_api_listings_historical
2025-07-04,34243,SATORI,Satori Network,1.45041606,0.0,3129.79,coinmarketcap_data_api_listings_historical
2025-07-04,31103,TOMAN,IRR,1.3e-05,0.0,3126.71,coinmarketcap_data_api_listings_historical
2025-07-04,33067,CORN,Corn,9.261e-05,0.0,3121.22,coinmarketcap_data_api_listings_historical
2025-07-04,31450,WEIRDO,Weirdo,9.78e-06,0.0,3111.93,coinmarketcap_data_api_listings_historical
2025-07-04,30090,SCOTTY,Scotty The Ai,0.00044723,0.0,3077.65,coinmarketcap_data_api_listings_historical
2025-07-04,34663,CAPRICORN,Capricorn,0.0005729,0.0,3047.02,coinmarketcap_data_api_listings_historical
2025-07-04,31541,PESHI,PESHI,5.3e-07,0.0,3038.08,coinmarketcap_data_api_listings_historical
2025-07-04,35353,ICECREAM,IceCream AI,0.01719858,0.0,3031.96,coinmarketcap_data_api_listings_historical
2025-07-04,36829,TDE,Trader,0.97311723,0.0,2999.66,coinmarketcap_data_api_listings_historical
2025-07-04,36097,SIMPSON,Homer,0.0,0.0,2974.39,coinmarketcap_data_api_listings_historical
2025-07-04,30068,WHALE,Blue Whale,1.19e-06,0.0,2971.25,coinmarketcap_data_api_listings_historical
2025-07-04,30985,GVL,Greever,0.00725927,0.0,2930.98,coinmarketcap_data_api_listings_historical
2025-07-04,28215,LONG,LONG,42.19340322,0.0,2916.12,coinmarketcap_data_api_listings_historical
2025-07-04,34519,PEPE,Pepe on Sui,0.0,0.0,2895.04,coinmarketcap_data_api_listings_historical
2025-07-04,24527,XRPC,Xrp Classic (new),0.00098025,0.0,2861.67,coinmarketcap_data_api_listings_historical
2025-07-04,45,CSC,CasinoCoin,9.485e-05,0.0,2859.93,coinmarketcap_data_api_listings_historical
2025-07-04,4769,EOSC,EOS Force,3.508e-05,0.0,2837.82,coinmarketcap_data_api_listings_historical
2025-07-04,2764,UBSN,Silent Notary,3.31e-06,0.0,2824.54,coinmarketcap_data_api_listings_historical
2025-07-04,18761,LOOP,Loop Network,0.01409815,0.0,2815.33,coinmarketcap_data_api_listings_historical
2025-07-04,31393,PEANIE,Peanie,0.00044328,0.0,2808.23,coinmarketcap_data_api_listings_historical
2025-07-04,30117,FISH,TON FISH MEMECOIN,0.0,0.0,2801.83,coinmarketcap_data_api_listings_historical
2025-07-04,36425,ALGOAI,ALGORITHA AI,4.724e-05,0.0,2801.77,coinmarketcap_data_api_listings_historical
2025-07-04,33558,WLFI,World Liberty Financial(worldlibertysol.com),0.0,0.0,2773.52,coinmarketcap_data_api_listings_historical
2025-07-04,36597,SAVVA,SAVVA,0.00315027,0.0,2716.55,coinmarketcap_data_api_listings_historical
2025-07-04,31967,$WATER,WATER,8.26e-06,0.0,2683.7,coinmarketcap_data_api_listings_historical
2025-07-04,34668,LIBRA,Libra,0.00055546,0.0,2673.75,coinmarketcap_data_api_listings_historical
2025-07-04,12769,DANA,Ardana,0.00028167,0.0,2614.17,coinmarketcap_data_api_listings_historical
2025-07-04,36517,BANNED,BANNED,0.00022498,0.0,2582.98,coinmarketcap_data_api_listings_historical
2025-07-04,36682,GEORGE,GEORGE,1.693e-05,0.0,2575.62,coinmarketcap_data_api_listings_historical
2025-07-04,22321,ASH,AshSwap,0.00216071,0.0,2569.21,coinmarketcap_data_api_listings_historical
2025-07-04,31092,NIAO,NIAO,0.0,0.0,2561.64,coinmarketcap_data_api_listings_historical
2025-07-04,36672,BUN,Boundless Network,0.00089916,0.0,2546.03,coinmarketcap_data_api_listings_historical
2025-07-04,36610,SKYOPS,Skyops,0.00131973,0.0,2543.9,coinmarketcap_data_api_listings_historical
2025-07-04,11660,MCF,MCFinance,0.00199051,0.0,2542.25,coinmarketcap_data_api_listings_historical
2025-07-04,8899,XSUSHI,xSUSHI,0.9037354,0.0,2515.61,coinmarketcap_data_api_listings_historical
2025-07-04,34515,CFB,CFB,4.93e-06,0.0,2515.56,coinmarketcap_data_api_listings_historical
2025-07-04,25359,PEPE,Pepe Coin,0.0,0.0,2482.36,coinmarketcap_data_api_listings_historical
2025-07-04,23422,FUD,FTX Users' Debt,11.00648432,0.0,2477.8,coinmarketcap_data_api_listings_historical
2025-07-04,36679,LABUBU,Labubu,3e-08,0.0,2474.68,coinmarketcap_data_api_listings_historical
2025-07-04,32975,MEN,DAC Platform,0.00480384,0.0,2467.09,coinmarketcap_data_api_listings_historical
2025-07-04,24744,NANA,NANA Token,0.00014647,0.0,2458.02,coinmarketcap_data_api_listings_historical
2025-07-04,33958,TGRASS,Top Grass Club,0.00024338,0.0,2435.62,coinmarketcap_data_api_listings_historical
2025-07-04,1908,NAS,Nebulas,0.00016004,0.0,2434.33,coinmarketcap_data_api_listings_historical
2025-07-04,19960,HASH,Provenance Blockchain,0.02641639,0.0,2395.2,coinmarketcap_data_api_listings_historical
2025-07-04,34660,LEO,Leo,0.0005839,0.0,2394.53,coinmarketcap_data_api_listings_historical
2025-07-04,35456,TREB,Treble,0.29373716,0.0,2369.42,coinmarketcap_data_api_listings_historical
2025-07-04,28120,PTS,Piteas,0.05512978,0.0,2361.31,coinmarketcap_data_api_listings_historical
2025-07-04,3022,ZMN,ZMINE,0.01246582,0.0,2306.56,coinmarketcap_data_api_listings_historical
2025-07-04,5781,CBP,CashBackPro,0.02122477,0.0,2305.85,coinmarketcap_data_api_listings_historical
2025-07-04,30498,ORE,Ore (v1),12.02678542,0.0,2278.41,coinmarketcap_data_api_listings_historical
2025-07-04,8339,XFUND,xFund,133.98637184,0.0,2270.4,coinmarketcap_data_api_listings_historical
2025-07-04,9763,COP,Copiosa Coin,0.00024831,0.0,2259.53,coinmarketcap_data_api_listings_historical
2025-07-04,10723,EGG,Arkimals,3.068574,0.0,2249.29,coinmarketcap_data_api_listings_historical
2025-07-04,31722,ICELAND,ICE LAND,0.0,0.0,2208.09,coinmarketcap_data_api_listings_historical
2025-07-04,16923,GAMMA,Gamma,0.02194793,0.0,2183.02,coinmarketcap_data_api_listings_historical
2025-07-04,7760,SC,Swiss Capital,1.0903162,0.0,2170.88,coinmarketcap_data_api_listings_historical
2025-07-04,7570,BLURT,Blurt,0.00218215,0.0,2165.34,coinmarketcap_data_api_listings_historical
2025-07-04,34616,BONE,Fleabone,2.1e-07,0.0,2152.62,coinmarketcap_data_api_listings_historical
2025-07-04,20782,KFI,Klever Finance,0.46816235,0.0,2117.23,coinmarketcap_data_api_listings_historical
2025-07-04,28956,BUCK,Coinbuck,0.00015567,0.0,2107.96,coinmarketcap_data_api_listings_historical
2025-07-04,34268,GLDT,GLDT,1.10556464,0.0,2087.18,coinmarketcap_data_api_listings_historical
2025-07-04,31741,ICS,ICPSwap Token,0.0060768,0.0,2050.97,coinmarketcap_data_api_listings_historical
2025-07-04,30678,DITH,Dither AI,0.01216736,0.0,2021.45,coinmarketcap_data_api_listings_historical
2025-07-04,34662,AQUARIUS,Aquarius,0.00060292,0.0,2016.78,coinmarketcap_data_api_listings_historical
2025-07-04,36630,BIGDOG,Big Dog,5e-08,0.0,1987.75,coinmarketcap_data_api_listings_historical
2025-07-04,29060,RIB,Ribus,0.00559766,0.0,1986.89,coinmarketcap_data_api_listings_historical
2025-07-04,30112,PUNK,PunkCity,0.07805415,0.0,1986.48,coinmarketcap_data_api_listings_historical
2025-07-04,34069,BINK,Big Dog Fink,0.00022176,0.0,1967.57,coinmarketcap_data_api_listings_historical
2025-07-04,30890,PEPE,PEPE 0x69 ON BASE,0.0,0.0,1962.94,coinmarketcap_data_api_listings_historical
2025-07-04,29981,KERMIT,Kermit,5.915e-05,0.0,1922.05,coinmarketcap_data_api_listings_historical
2025-07-04,28217,KIZUNA,KIZUNA,0.0,0.0,1908.96,coinmarketcap_data_api_listings_historical
2025-07-04,23069,XSAUCE,xSAUCE,0.0376344,0.0,1902.2,coinmarketcap_data_api_listings_historical
2025-07-04,35194,WOOF,WOOF,3.917e-05,0.0,1852.55,coinmarketcap_data_api_listings_historical
2025-07-04,31439,MAGAPEPE,MAGA PEPE (SOL),0.0,0.0,1841.4,coinmarketcap_data_api_listings_historical
2025-07-04,33649,CLAP,Clap Cat,0.00050079,0.0,1840.98,coinmarketcap_data_api_listings_historical
2025-07-04,34346,HEEHEE,HeeeHeee,0.00167635,0.0,1823.73,coinmarketcap_data_api_listings_historical
2025-07-04,18148,WIGO,WigoSwap,0.00034379,0.0,1816.89,coinmarketcap_data_api_listings_historical
2025-07-04,25097,BIBI,BIBI,0.0,0.0,1796.91,coinmarketcap_data_api_listings_historical
2025-07-04,35693,BORGY,BORGY,5.963e-05,0.0,1787.29,coinmarketcap_data_api_listings_historical
2025-07-04,122,POT,PotCoin,0.00217848,0.0,1782.75,coinmarketcap_data_api_listings_historical
2025-07-04,8966,SAFEMARS,Safemars,1e-08,0.0,1780.5,coinmarketcap_data_api_listings_historical
2025-07-04,35337,YEET,Yeet,0.00242785,0.0,1763.21,coinmarketcap_data_api_listings_historical
2025-07-04,32533,LOAFCAT,LOAFCAT,9.31e-06,0.0,1737.92,coinmarketcap_data_api_listings_historical
2025-07-04,30086,WOME,WAR OF MEME,1.51e-06,0.0,1734.22,coinmarketcap_data_api_listings_historical
2025-07-04,31239,IMARO,IMARO,0.00036246,0.0,1732.96,coinmarketcap_data_api_listings_historical
2025-07-04,30570,QUNT,Quants,0.00204226,0.0,1722.18,coinmarketcap_data_api_listings_historical
2025-07-04,33949,WEL,Welshare Health,0.00253918,0.0,1713.37,coinmarketcap_data_api_listings_historical
2025-07-04,31667,GHOST,IC GHOST,0.00013975,0.0,1711.73,coinmarketcap_data_api_listings_historical
2025-07-04,30657,TOBY,toby,2e-08,0.0,1708.33,coinmarketcap_data_api_listings_historical
2025-07-04,34442,BGEO,BGEO(Bitcoin Global Eternal Oasis),0.68017274,0.0,1702.3,coinmarketcap_data_api_listings_historical
2025-07-04,18787,FULA,Functionland,0.00355714,0.0,1693.62,coinmarketcap_data_api_listings_historical
2025-07-04,29521,SIMPSON,Homer,0.0,0.0,1685.89,coinmarketcap_data_api_listings_historical
2025-07-04,22736,IST,Inter Stable Token,0.99952702,0.0,1683.02,coinmarketcap_data_api_listings_historical
2025-07-04,18861,DUSD,Decentralized USD (DefiChain),0.02488582,0.0,1664.71,coinmarketcap_data_api_listings_historical
2025-07-04,24310,IZE,Galvan,0.0002043,0.0,1662.92,coinmarketcap_data_api_listings_historical
2025-07-04,9452,BDT,Bandot Protocol,1.281e-05,0.0,1660.81,coinmarketcap_data_api_listings_historical
2025-07-04,11262,BALN,Balanced,0.08839343,0.0,1652.91,coinmarketcap_data_api_listings_historical
2025-07-04,29832,FRGX,FRGX Finance,0.00879957,0.0,1652.28,coinmarketcap_data_api_listings_historical
2025-07-04,36850,PAWSE,PAWSE,1.554e-05,0.0,1651.31,coinmarketcap_data_api_listings_historical
2025-07-04,30811,MEMERUNE,MEME•ECONOMICS,0.00500124,0.0,1639.66,coinmarketcap_data_api_listings_historical
2025-07-04,17859,Teddy V2,Teddy Doge,0.0,0.0,1631.7,coinmarketcap_data_api_listings_historical
2025-07-04,35658,FSTR,Fourth Star,0.02200559,0.0,1630.81,coinmarketcap_data_api_listings_historical
2025-07-04,29136,GMTO,Game Meteor Coin,6.122e-05,0.0,1621.12,coinmarketcap_data_api_listings_historical
2025-07-04,35921,FREN,Frencoin,0.01178947,0.0,1617.62,coinmarketcap_data_api_listings_historical
2025-07-04,35900,BREW,Homebrew Robotics Club,0.00153128,0.0,1593.43,coinmarketcap_data_api_listings_historical
2025-07-04,28030,PASG,Passage,0.00109278,0.0,1583.38,coinmarketcap_data_api_listings_historical
2025-07-04,29102,DOJO,DojoSwap,0.00129366,0.0,1578.23,coinmarketcap_data_api_listings_historical
2025-07-04,28879,INSC,INSC (Ordinals),0.00262665,0.0,1572.14,coinmarketcap_data_api_listings_historical
2025-07-04,36372,STABUL,Stabull Finance,0.53122035,0.0,1569.08,coinmarketcap_data_api_listings_historical
2025-07-04,23244,OFE,Ofero,0.00074953,0.0,1566.47,coinmarketcap_data_api_listings_historical
2025-07-04,23921,CAT,Catcoin BSC,0.0,0.0,1552.46,coinmarketcap_data_api_listings_historical
2025-07-04,32004,TAL,Talentum,124.93172754,0.0,1539.89,coinmarketcap_data_api_listings_historical
2025-07-04,17429,PUFF,Puff,0.00108521,0.0,1505.69,coinmarketcap_data_api_listings_historical
2025-07-04,36700,BECKOS,Beckos,0.0,0.0,1501.71,coinmarketcap_data_api_listings_historical
2025-07-04,29229,PROS,Prospective,0.03741055,0.0,1479.84,coinmarketcap_data_api_listings_historical
2025-07-04,28667,HOMER,Homer Simpson(Solana),0.0,0.0,1469.56,coinmarketcap_data_api_listings_historical
2025-07-04,23188,RCM,READ2N,0.23875669,0.0,1435.52,coinmarketcap_data_api_listings_historical
2025-07-04,31637,PRICK,Pickle Rick,5.842e-05,0.0,1432.64,coinmarketcap_data_api_listings_historical
2025-07-04,12810,DVK,Devikins,0.00023014,0.0,1418.33,coinmarketcap_data_api_listings_historical
2025-07-04,11221,BIT,BitDAO,0.57696713,0.0,1394.61,coinmarketcap_data_api_listings_historical
2025-07-04,32235,WBONE,Wrapped BONE,0.20272817,0.0,1370.18,coinmarketcap_data_api_listings_historical
2025-07-04,15691,WX,WX Token,0.01471717,0.0,1364.65,coinmarketcap_data_api_listings_historical
2025-07-04,36772,GPU,GPUnet,0.48095263,0.0,1353.07,coinmarketcap_data_api_listings_historical
2025-07-04,35490,BTRUMP,Official Baby Trump,7.55e-05,0.0,1344.8,coinmarketcap_data_api_listings_historical
2025-07-04,23657,KAKI,Doge KaKi,2e-08,0.0,1340.14,coinmarketcap_data_api_listings_historical
2025-07-04,18115,SHL,Shelling,1e-06,0.0,1326.7,coinmarketcap_data_api_listings_historical
2025-07-04,31869,PTRUMP,Pepe Trump,0.00067754,0.0,1317.21,coinmarketcap_data_api_listings_historical
2025-07-04,1503,JUP,Jupiter,0.00094958,0.0,1316.15,coinmarketcap_data_api_listings_historical
2025-07-04,36345,DOLR,DOLR AI,0.00590113,0.0,1312.59,coinmarketcap_data_api_listings_historical
2025-07-04,35957,RAMEN,Ramen,0.01371206,0.0,1303.27,coinmarketcap_data_api_listings_historical
2025-07-04,36684,CDR,Cedar,0.01761565,0.0,1302.16,coinmarketcap_data_api_listings_historical
2025-07-04,33920,SAD,SadCat,0.00028773,0.0,1300.21,coinmarketcap_data_api_listings_historical
2025-07-04,32570,JOULE,Joule,0.00479122,0.0,1289.73,coinmarketcap_data_api_listings_historical
2025-07-04,30946,WIT,What in Tarnation?,0.00035039,0.0,1274.87,coinmarketcap_data_api_listings_historical
2025-07-04,33814,GOAT,Goatseus Maximus (goatseusmaximuseth.lol),1.74e-06,0.0,1270.55,coinmarketcap_data_api_listings_historical
2025-07-04,35932,UTYA,Utya,0.00115105,0.0,1269.41,coinmarketcap_data_api_listings_historical
2025-07-04,20801,FOXY,Famous Fox Federation,0.00251762,0.0,1268.17,coinmarketcap_data_api_listings_historical
2025-07-04,23258,MEME,Meme Network,3.06e-06,0.0,1256.6,coinmarketcap_data_api_listings_historical
2025-07-04,12709,HZM,HZM Coin,0.00032245,0.0,1241.05,coinmarketcap_data_api_listings_historical
2025-07-04,34428,HAWK,Hawk Tuah (overhere.gg),0.00022471,0.0,1223.53,coinmarketcap_data_api_listings_historical
2025-07-04,28804,PLQ,Planq,0.00350373,0.0,1211.66,coinmarketcap_data_api_listings_historical
2025-07-04,35918,ROP,Redemption Of Pets,0.03498278,0.0,1197.34,coinmarketcap_data_api_listings_historical
2025-07-04,15921,PLT,Poollotto.finance,1.57657601,0.0,1192.89,coinmarketcap_data_api_listings_historical
2025-07-04,20854,ZED,ZED Token,0.00651219,0.0,1192.52,coinmarketcap_data_api_listings_historical
2025-07-04,1505,ALIAS,ALIAS,0.07826142,0.0,1192.02,coinmarketcap_data_api_listings_historical
2025-07-04,33269,SPS,Sparklife,7.5e-05,0.0,1191.79,coinmarketcap_data_api_listings_historical
2025-07-04,20646,OZONE,Ozone Metaverse,0.00023852,0.0,1187.8,coinmarketcap_data_api_listings_historical
2025-07-04,34447,M3M3,M3M3,0.00237548,0.0,1182.17,coinmarketcap_data_api_listings_historical
2025-07-04,35132,POM,POM,0.00039963,0.0,1177.48,coinmarketcap_data_api_listings_historical
2025-07-04,28364,ETF,ETF,1e-08,0.0,1177.01,coinmarketcap_data_api_listings_historical
2025-07-04,31499,DOGL,DogLibre,1e-08,0.0,1175.16,coinmarketcap_data_api_listings_historical
2025-07-04,14341,SHIBA,BitShiba,0.0,0.0,1170.94,coinmarketcap_data_api_listings_historical
2025-07-04,28229,OVN,Overnight,0.54242507,0.0,1152.17,coinmarketcap_data_api_listings_historical
2025-07-04,34819,PYRATE,PYRATE,0.00027475,0.0,1146.58,coinmarketcap_data_api_listings_historical
2025-07-04,36528,GPECTRA,Pectra Giraffe,3.5e-07,0.0,1140.99,coinmarketcap_data_api_listings_historical
2025-07-04,32141,ICL,ICLighthouse DAO,0.03347108,0.0,1140.66,coinmarketcap_data_api_listings_historical
2025-07-04,35126,EFFECT,Effect AI [New],0.00611338,0.0,1139.16,coinmarketcap_data_api_listings_historical
2025-07-04,3718,BTTOLD,BitTorrent,4.996e-05,0.0,1132.83,coinmarketcap_data_api_listings_historical
2025-07-04,4024,RAVEN,Raven Protocol,7.693e-05,0.0,1124.05,coinmarketcap_data_api_listings_historical
2025-07-04,33404,ETFS,ETFSwap,0.00051161,0.0,1124.02,coinmarketcap_data_api_listings_historical
2025-07-04,34655,GEMINI,Gemini,0.00094605,0.0,1119.14,coinmarketcap_data_api_listings_historical
2025-07-04,26655,SPT,SeaFi,0.01396355,0.0,1107.39,coinmarketcap_data_api_listings_historical
2025-07-04,15354,OPENX,OpenSwap Optimism Token,0.02528422,0.0,1105.65,coinmarketcap_data_api_listings_historical
2025-07-04,1710,VERI,Veritaseum,32.20817956,0.0,1088.74,coinmarketcap_data_api_listings_historical
2025-07-04,36155,AI,AI Protocol,8.05e-06,0.0,1087.37,coinmarketcap_data_api_listings_historical
2025-07-04,21089,CTG,CRYPTORG,0.03977966,0.0,1079.74,coinmarketcap_data_api_listings_historical
2025-07-04,29923,MONKEY,Monkey,0.0,0.0,1078.28,coinmarketcap_data_api_listings_historical
2025-07-04,34012,MEMES,MEMES,9.492e-05,0.0,1063.2,coinmarketcap_data_api_listings_historical
2025-07-04,31827,ROBIN,Robin,1.65e-06,0.0,1063.04,coinmarketcap_data_api_listings_historical
2025-07-04,31862,PCD,Phecda,0.00401867,0.0,1047.15,coinmarketcap_data_api_listings_historical
2025-07-04,34736,CPAL,Chainpal AI,0.04497527,0.0,1035.35,coinmarketcap_data_api_listings_historical
2025-07-04,23204,GENI,Genius,3.58e-06,0.0,1031.76,coinmarketcap_data_api_listings_historical
2025-07-04,15796,BSPT,Blocksport,3.996e-05,0.0,1029.72,coinmarketcap_data_api_listings_historical
2025-07-04,35159,BL,BoLe,0.00990904,0.0,1029.26,coinmarketcap_data_api_listings_historical
2025-07-04,33898,KONG,KongSwap,0.02084914,0.0,1027.2,coinmarketcap_data_api_listings_historical
2025-07-04,32515,CHEESE,Cheese,0.00023802,0.0,1022.3,coinmarketcap_data_api_listings_historical
2025-07-04,30085,VPS,VPS AI,0.00783756,0.0,1021.25,coinmarketcap_data_api_listings_historical
2025-07-04,29815,FLOKITA,FLOKITA,1.97e-06,0.0,1007.23,coinmarketcap_data_api_listings_historical
2025-07-04,29006,LEND,Lendle,0.00861987,0.0,1005.98,coinmarketcap_data_api_listings_historical
2025-07-04,27964,MAGA,TRUMP,0.0,0.0,1004.69,coinmarketcap_data_api_listings_historical
2025-07-04,22253,MEWC,Meowcoin,7.381e-05,0.0,999.04,coinmarketcap_data_api_listings_historical
2025-07-04,23179,FRONK,Fronk,0.0,0.0,974.05,coinmarketcap_data_api_listings_historical
2025-07-04,24687,PMD,Pandemic Multiverse,0.00029206,0.0,964.22,coinmarketcap_data_api_listings_historical
2025-07-04,36664,FRANK,Frank,0.0001176,0.0,956.75,coinmarketcap_data_api_listings_historical
2025-07-04,35405,LTP,Listapie,0.21539995,0.0,952.7,coinmarketcap_data_api_listings_historical
2025-07-04,27642,AVI,Aviator,0.00024617,0.0,948.11,coinmarketcap_data_api_listings_historical
2025-07-04,33622,BRO,Bro the cat,0.00014056,0.0,945.5,coinmarketcap_data_api_listings_historical
2025-07-04,21926,LEOX,LEOX,0.05631617,0.0,941.52,coinmarketcap_data_api_listings_historical
2025-07-04,29554,TAONU,TAO INU,0.00123031,0.0,940.25,coinmarketcap_data_api_listings_historical
2025-07-04,20642,CSR,CSR,0.00534042,0.0,939.44,coinmarketcap_data_api_listings_historical
2025-07-04,30240,EMRLD,The Emerald Company,0.00054608,0.0,938.18,coinmarketcap_data_api_listings_historical
2025-07-04,29384,$TMNT,TMNT,7.101e-05,0.0,931.35,coinmarketcap_data_api_listings_historical
2025-07-04,33030,WLF,World Liberty Financial (worldlibertycto.vip),0.0,0.0,930.79,coinmarketcap_data_api_listings_historical
2025-07-04,12577,PLUG,PL^Gnet,5.282e-05,0.0,920.72,coinmarketcap_data_api_listings_historical
2025-07-04,34966,MINIDOGE,Minidoge (mini-doge.com),0.00011904,0.0,917.66,coinmarketcap_data_api_listings_historical
2025-07-04,33419,TGW,The Green World,0.0269501,0.0,912.02,coinmarketcap_data_api_listings_historical
2025-07-04,30189,SSNC,SatoshiSync,0.00035447,0.0,910.64,coinmarketcap_data_api_listings_historical
2025-07-04,34131,BLOB,Blobana Pet,4.474e-05,0.0,906.41,coinmarketcap_data_api_listings_historical
2025-07-04,16357,TRYC,TRYC,0.02509369,0.0,889.45,coinmarketcap_data_api_listings_historical
2025-07-04,12692,PKN,Poken,4.851e-05,0.0,884.6,coinmarketcap_data_api_listings_historical
2025-07-04,22899,DRB,Digimon Rabbit,0.0,0.0,881.94,coinmarketcap_data_api_listings_historical
2025-07-04,28566,SEX,SEX Odyssey,97409.92552652,0.0,876.24,coinmarketcap_data_api_listings_historical
2025-07-04,17969,HON,Heroes of NFT,0.005561,0.0,873.47,coinmarketcap_data_api_listings_historical
2025-07-04,29211,EGG,EGG SOL,7.21e-06,0.0,873.25,coinmarketcap_data_api_listings_historical
2025-07-04,31195,DIP,Buy the DIP,0.0004472,0.0,860.42,coinmarketcap_data_api_listings_historical
2025-07-04,36505,AURA,Aurascope,0.00018057,0.0,859.29,coinmarketcap_data_api_listings_historical
2025-07-04,2882,ZCN,Zus,0.00661123,0.0,857.45,coinmarketcap_data_api_listings_historical
2025-07-04,33448,ROT,BRAINROT,0.00027705,0.0,847.02,coinmarketcap_data_api_listings_historical
2025-07-04,28663,MMSS,MMSS (Ordinals),0.00164042,0.0,830.04,coinmarketcap_data_api_listings_historical
2025-07-04,34108,$FLY,$FLY,0.01983485,0.0,825.38,coinmarketcap_data_api_listings_historical
2025-07-04,22439,PROTEO,Proteo DeFi,0.02134427,0.0,819.91,coinmarketcap_data_api_listings_historical
2025-07-04,33114,SWP,Solana Wolf Pack,0.00228257,0.0,814.59,coinmarketcap_data_api_listings_historical
2025-07-04,26773,TONI,Daytona Finance,0.00045877,0.0,809.36,coinmarketcap_data_api_listings_historical
2025-07-04,16824,STARX,STARX TOKEN,0.00898306,0.0,790.36,coinmarketcap_data_api_listings_historical
2025-07-04,28894,KITTY,Kitty AI,0.00024887,0.0,781.23,coinmarketcap_data_api_listings_historical
2025-07-04,30522,21X,21X,8e-07,0.0,775.79,coinmarketcap_data_api_listings_historical
2025-07-04,34381,XRP2,XRP2.0,0.0,0.0,773.27,coinmarketcap_data_api_listings_historical
2025-07-04,26836,OCICAT,OciCat,0.0,0.0,770.19,coinmarketcap_data_api_listings_historical
2025-07-04,34858,BRETT2.0,Brett 2.0,0.00011137,0.0,759.47,coinmarketcap_data_api_listings_historical
2025-07-04,13978,METAV,MetaVPad,0.00105598,0.0,743.13,coinmarketcap_data_api_listings_historical
2025-07-04,14650,DEB,AndUsChain,0.00184047,0.0,742.44,coinmarketcap_data_api_listings_historical
2025-07-04,32487,BAKED,Baked,0.00058788,0.0,740.27,coinmarketcap_data_api_listings_historical
2025-07-04,33955,FARM,CryptoFarmers,0.02239526,0.0,736.51,coinmarketcap_data_api_listings_historical
2025-07-04,20506,ZGD,Zambesigold,0.06901753,0.0,735.52,coinmarketcap_data_api_listings_historical
2025-07-04,23227,XI,Xi Token,0.00143055,0.0,735.28,coinmarketcap_data_api_listings_historical
2025-07-04,29895,BYAT,Byat,6.77e-06,0.0,726.73,coinmarketcap_data_api_listings_historical
2025-07-04,30844,PIKA,Pika to Piko,0.00090788,0.0,723.07,coinmarketcap_data_api_listings_historical
2025-07-04,34244,DJI,Doge Jones Industrial Average,0.00013384,0.0,722.97,coinmarketcap_data_api_listings_historical
2025-07-04,6447,FSCC,Fisco Coin,0.09234123,0.0,721.61,coinmarketcap_data_api_listings_historical
2025-07-04,22999,AMKT,Alongside Crypto Market Index,269.09958769,0.0,720.75,coinmarketcap_data_api_listings_historical
2025-07-04,23761,USHARK,uShark,3.196e-05,0.0,715.23,coinmarketcap_data_api_listings_historical
2025-07-04,23476,PEN,Pendulum,0.01632415,0.0,710.67,coinmarketcap_data_api_listings_historical
2025-07-04,21913,PRTG,Pre-retogeum,4.70169404,0.0,707.04,coinmarketcap_data_api_listings_historical
2025-07-04,21988,QIE,QIE Blockchain,0.00149038,0.0,705.9,coinmarketcap_data_api_listings_historical
2025-07-04,17349,QWT,QoWatt,0.00052038,0.0,704.62,coinmarketcap_data_api_listings_historical
2025-07-04,29295,ZUZALU,Zuzalu Inu,0.00018261,0.0,703.16,coinmarketcap_data_api_listings_historical
2025-07-04,31692,TRUMP,MAGA,0.0013373,0.0,683.84,coinmarketcap_data_api_listings_historical
2025-07-04,36019,DISTRIBUTE,DISTRIBUTE,0.00017993,0.0,682.47,coinmarketcap_data_api_listings_historical
2025-07-04,27442,SAUCEINU,SAUCEINU,1.17e-06,0.0,682.06,coinmarketcap_data_api_listings_historical
2025-07-04,28464,$FM,Flowmatic,0.02354541,0.0,675.31,coinmarketcap_data_api_listings_historical
2025-07-04,31551,NYXC,Nyxia AI,0.01165291,0.0,666.8,coinmarketcap_data_api_listings_historical
2025-07-04,32309,BRETTA,Bretta (Brett’s Wife),0.00020501,0.0,659.3,coinmarketcap_data_api_listings_historical
2025-07-04,5886,RWN,Rowan Coin,6.02e-05,0.0,656.53,coinmarketcap_data_api_listings_historical
2025-07-04,31651,MAGASHIB,MAGA SHIB,0.0,0.0,646.61,coinmarketcap_data_api_listings_historical
2025-07-04,31657,LCG,LocaGo,0.00023138,0.0,645.75,coinmarketcap_data_api_listings_historical
2025-07-04,36305,ELXAI,ELIXIR AI,1.329e-05,0.0,639.19,coinmarketcap_data_api_listings_historical
2025-07-04,32370,GUZUTA,CLYDE,0.0,0.0,639.16,coinmarketcap_data_api_listings_historical
2025-07-04,33741,USD+,Overnight.fi USD+ (Optimism),1.00018221,0.0,637.75,coinmarketcap_data_api_listings_historical
2025-07-04,34716,SPKY,Ghosty Cash(ghosty.cash),0.08732218,0.0,636.89,coinmarketcap_data_api_listings_historical
2025-07-04,12040,DOGECOIN,Buff Doge Coin,0.0,0.0,628.92,coinmarketcap_data_api_listings_historical
2025-07-04,35328,TBR,Tuebor,0.00323567,0.0,620.86,coinmarketcap_data_api_listings_historical
2025-07-04,34107,AGENT,Agents AI,0.00042456,0.0,609.18,coinmarketcap_data_api_listings_historical
2025-07-04,31503,BWB,Bitget Wallet Token,0.33385205,0.0,602.39,coinmarketcap_data_api_listings_historical
2025-07-04,11069,BUMP,Bumper,0.00037278,0.0,596.06,coinmarketcap_data_api_listings_historical
2025-07-04,36636,LOOP,Looping Collective,0.02328717,0.0,591.93,coinmarketcap_data_api_listings_historical
2025-07-04,29062,GENO,GenomeFi,0.00146785,0.0,591.53,coinmarketcap_data_api_listings_historical
2025-07-04,36081,CTH,Changcoin,9.05400576,0.0,590.46,coinmarketcap_data_api_listings_historical
2025-07-04,27220,NIX,NIX,0.00271599,0.0,587.49,coinmarketcap_data_api_listings_historical
2025-07-04,2096,RCN,Ripio Credit Network,0.00035752,0.0,582.89,coinmarketcap_data_api_listings_historical
2025-07-04,24376,SBIO,"Vector Space Biosciences, Inc.",0.01400356,0.0,580.15,coinmarketcap_data_api_listings_historical
2025-07-04,34715,SQUID,Squid Game(squidgames.info),1.962e-05,0.0,577.11,coinmarketcap_data_api_listings_historical
2025-07-04,36387,$WSOD,World Series of Degens,5.729e-05,0.0,575.01,coinmarketcap_data_api_listings_historical
2025-07-04,36272,OVER,Overtime,0.1469064,0.0,571.67,coinmarketcap_data_api_listings_historical
2025-07-04,17551,DAOSOL,MonkeDAO,171.49879738,0.0,568.06,coinmarketcap_data_api_listings_historical
2025-07-04,34301,LESLIE,Leslie,2.792e-05,0.0,566.37,coinmarketcap_data_api_listings_historical
2025-07-04,36589,CLOAK,Cloak Network,0.0062657,0.0,564.78,coinmarketcap_data_api_listings_historical
2025-07-04,15893,RBC,Ruby Currency,0.00664559,0.0,561.02,coinmarketcap_data_api_listings_historical
2025-07-04,19006,RADIO,RadioShack,0.00027058,0.0,560.0,coinmarketcap_data_api_listings_historical
2025-07-04,30333,LUA,Lumi Finance,2.43052752,0.0,558.13,coinmarketcap_data_api_listings_historical
2025-07-04,27839,TREAT,Treat,0.0001714,0.0,550.56,coinmarketcap_data_api_listings_historical
2025-07-04,17876,FONE,FONE,2.09e-06,0.0,549.03,coinmarketcap_data_api_listings_historical
2025-07-04,23151,BTTY,Bitcointry Token,0.00079019,0.0,545.41,coinmarketcap_data_api_listings_historical
2025-07-04,35022,SAGE,0xsim by Virtuals,0.00071739,0.0,543.98,coinmarketcap_data_api_listings_historical
2025-07-04,19675,BTE,Betero,0.00130461,0.0,542.96,coinmarketcap_data_api_listings_historical
2025-07-04,35676,BTMETA,BTCASH,0.00068934,0.0,539.72,coinmarketcap_data_api_listings_historical
2025-07-04,35223,AGENT S,Agent S,0.00024546,0.0,537.09,coinmarketcap_data_api_listings_historical
2025-07-04,32551,CHITAN,Chitan,0.00017174,0.0,526.13,coinmarketcap_data_api_listings_historical
2025-07-04,23036,LCRO,Liquid CRO,0.09824572,0.0,525.55,coinmarketcap_data_api_listings_historical
2025-07-04,34213,GM,GM Everyday,3.132e-05,0.0,521.9,coinmarketcap_data_api_listings_historical
2025-07-04,27485,BABYDOGE2.0,Babydoge 2.0,0.0,0.0,521.74,coinmarketcap_data_api_listings_historical
2025-07-04,29705,RAFF,Ton Raffles,0.06999625,0.0,517.23,coinmarketcap_data_api_listings_historical
2025-07-04,22172,PIB,PiBridge,0.01262207,0.0,513.3,coinmarketcap_data_api_listings_historical
2025-07-04,31283,NOHAT,DogWifNoHat,0.00012435,0.0,501.88,coinmarketcap_data_api_listings_historical
2025-07-04,36358,TROLL,Troll Coin,2.345e-05,0.0,501.16,coinmarketcap_data_api_listings_historical
2025-07-04,16181,SLC,Solice,0.00038524,0.0,499.05,coinmarketcap_data_api_listings_historical
2025-07-04,9928,SPACE,Space Token,0.00348031,0.0,498.86,coinmarketcap_data_api_listings_historical
2025-07-04,27432,CAMLY,Camly Coin,7.25e-06,0.0,492.15,coinmarketcap_data_api_listings_historical
2025-07-04,32799,FUELX,Fuel,8.86e-05,0.0,489.42,coinmarketcap_data_api_listings_historical
2025-07-04,32379,$TIME,TIME,3.6e-07,0.0,489.32,coinmarketcap_data_api_listings_historical
2025-07-04,34962,SAAD,Saad Boi,0.00020729,0.0,484.36,coinmarketcap_data_api_listings_historical
2025-07-04,19544,PPI,Swappi,0.00128448,0.0,476.28,coinmarketcap_data_api_listings_historical
2025-07-04,34604,DUSTY,DUSTY,0.0,0.0,473.12,coinmarketcap_data_api_listings_historical
2025-07-04,34085,RNA,RNA,0.0,0.0,471.1,coinmarketcap_data_api_listings_historical
2025-07-04,34975,BAKENEKO,BAKENEKO,1e-08,0.0,465.89,coinmarketcap_data_api_listings_historical
2025-07-04,32116,PC,Peace Network,0.02000508,0.0,463.91,coinmarketcap_data_api_listings_historical
2025-07-04,36342,RWAI,RWAI,0.0003528,0.0,459.08,coinmarketcap_data_api_listings_historical
2025-07-04,24625,DST,Dragon Soul Token,0.00076703,0.0,454.71,coinmarketcap_data_api_listings_historical
2025-07-04,18699,SHD,Shade Protocol,0.62527823,0.0,448.01,coinmarketcap_data_api_listings_historical
2025-07-04,31748,CHRETT,Chinese BRETT,0.00014698,0.0,444.71,coinmarketcap_data_api_listings_historical
2025-07-04,23241,DTG,Defi Tiger,0.0,0.0,443.63,coinmarketcap_data_api_listings_historical
2025-07-04,31482,CADAI,CADAI,0.01500742,0.0,441.36,coinmarketcap_data_api_listings_historical
2025-07-04,29646,PALAI,PaladinAI,0.0022956,0.0,439.57,coinmarketcap_data_api_listings_historical
2025-07-04,32818,FRED,FRED,0.00032964,0.0,431.25,coinmarketcap_data_api_listings_historical
2025-07-04,28715,TALIS,Talis Protocol,0.00190048,0.0,429.43,coinmarketcap_data_api_listings_historical
2025-07-04,8868,50X,50x.com,0.03045944,0.0,428.34,coinmarketcap_data_api_listings_historical
2025-07-04,30873,BENTO,Bento,0.0,0.0,428.13,coinmarketcap_data_api_listings_historical
2025-07-04,23475,OLEA,Olea Token,0.00070018,0.0,425.43,coinmarketcap_data_api_listings_historical
2025-07-04,35318,WIRE,717ai by Virtuals,0.00020532,0.0,424.18,coinmarketcap_data_api_listings_historical
2025-07-04,34950,SUCHIR,JUSTICE FOR SUCHIR,5.837e-05,0.0,415.82,coinmarketcap_data_api_listings_historical
2025-07-04,22724,VASCO,Vasco da Gama Fan Token,0.40050819,0.0,415.12,coinmarketcap_data_api_listings_historical
2025-07-04,5330,ULT,Shardus,0.10367604,0.0,411.75,coinmarketcap_data_api_listings_historical
2025-07-04,34870,VTRV,VITRAVERSE,0.00609754,0.0,405.5,coinmarketcap_data_api_listings_historical
2025-07-04,10095,ELK,Elk Finance,0.02851602,0.0,404.42,coinmarketcap_data_api_listings_historical
2025-07-04,29462,SNEED,Sneed,60.24854887,0.0,399.99,coinmarketcap_data_api_listings_historical
2025-07-04,30813,WANKO,WANKO•MANKO•RUNES,0.00389996,0.0,396.0,coinmarketcap_data_api_listings_historical
2025-07-04,23860,BZE,BeeZee,0.00087014,0.0,387.81,coinmarketcap_data_api_listings_historical
2025-07-04,9279,LAUNCH,SuperLauncher,0.04278012,0.0,375.97,coinmarketcap_data_api_listings_historical
2025-07-04,30674,BONK,Bonk on Base,0.0,0.0,375.12,coinmarketcap_data_api_listings_historical
2025-07-04,17358,STELLA,StellaSwap,0.02143676,0.0,374.6,coinmarketcap_data_api_listings_historical
2025-07-04,13439,COW,CashCow,0.0059015,0.0,365.76,coinmarketcap_data_api_listings_historical
2025-07-04,31804,BRCST,BRCStarter,0.01339974,0.0,363.45,coinmarketcap_data_api_listings_historical
2025-07-04,32006,ZEUS,Zeus (zeuspepesdog.vip),0.02704858,0.0,361.58,coinmarketcap_data_api_listings_historical
2025-07-04,34661,TAURUS,Taurus,0.00074939,0.0,359.83,coinmarketcap_data_api_listings_historical
2025-07-04,11422,WANA,Wanaka Farm,0.00282814,0.0,359.58,coinmarketcap_data_api_listings_historical
2025-07-04,33936,SHORK,Shork,1.88e-06,0.0,351.71,coinmarketcap_data_api_listings_historical
2025-07-04,24185,SRT,Solidray (new),5.671e-05,0.0,350.07,coinmarketcap_data_api_listings_historical
2025-07-04,33235,POX,Monkey Pox,0.00252874,0.0,347.42,coinmarketcap_data_api_listings_historical
2025-07-04,13678,PICA,Picasso,9.68e-06,0.0,345.67,coinmarketcap_data_api_listings_historical
2025-07-04,27134,DOGE,Doge on Pulsechain,1e-08,0.0,341.23,coinmarketcap_data_api_listings_historical
2025-07-04,20658,xcDOT,xcDOT,3.3615613,0.0,338.18,coinmarketcap_data_api_listings_historical
2025-07-04,16519,MMF,MM Finance (Cronos),0.00010742,0.0,332.31,coinmarketcap_data_api_listings_historical
2025-07-04,29245,TANGYUAN,TangYuan,0.0,0.0,327.2,coinmarketcap_data_api_listings_historical
2025-07-04,24191,GRELF,GRELF,0.37043553,0.0,326.56,coinmarketcap_data_api_listings_historical
2025-07-04,31093,DOGE,Dogecoin,0.00012437,0.0,326.29,coinmarketcap_data_api_listings_historical
2025-07-04,31107,STAKE,StakeLayer,5.95e-05,0.0,325.75,coinmarketcap_data_api_listings_historical
2025-07-04,33921,HOPPY,Based Hoppy,0.00013769,0.0,320.45,coinmarketcap_data_api_listings_historical
2025-07-04,30269,SOLANA,HairyPotheadTrempSanic69Inu,9.11e-06,0.0,320.45,coinmarketcap_data_api_listings_historical
2025-07-04,32428,CAMT,CAMELL,0.00300909,0.0,319.58,coinmarketcap_data_api_listings_historical
2025-07-04,19400,PANDA,Panda DAO,0.00378571,0.0,318.06,coinmarketcap_data_api_listings_historical
2025-07-04,32493,UXD,Criptodólar,1.07381388,0.0,315.18,coinmarketcap_data_api_listings_historical
2025-07-04,33815,OKANE,OKANE,0.00018316,0.0,313.93,coinmarketcap_data_api_listings_historical
2025-07-04,33769,OCADA,OCADA.AI,0.00065687,0.0,311.75,coinmarketcap_data_api_listings_historical
2025-07-04,26540,BBTF,Block Buster Tech Inc,0.00011259,0.0,309.16,coinmarketcap_data_api_listings_historical
2025-07-04,31150,CWA,Chris World Asset,0.00644364,0.0,307.61,coinmarketcap_data_api_listings_historical
2025-07-04,27992,DORKL,DORK LORD,0.00010415,0.0,306.88,coinmarketcap_data_api_listings_historical
2025-07-04,22744,JEUR,Jarvis Synthetic Euro,0.64712975,0.0,305.73,coinmarketcap_data_api_listings_historical
2025-07-04,34342,TRD,Triad,0.04613574,0.0,304.37,coinmarketcap_data_api_listings_historical
2025-07-04,30390,SVPN,Shadow Node,0.00076349,0.0,302.05,coinmarketcap_data_api_listings_historical
2025-07-04,31721,PDRIP,Pulse Drip,0.01143908,0.0,299.67,coinmarketcap_data_api_listings_historical
2025-07-04,33836,BABYPOPCAT,Baby PopCat,1.189e-05,0.0,299.61,coinmarketcap_data_api_listings_historical
2025-07-04,29286,EDUM,EDUM,0.20329695,0.0,296.54,coinmarketcap_data_api_listings_historical
2025-07-04,8278,VRX,VEROX,1.74689491,0.0,293.09,coinmarketcap_data_api_listings_historical
2025-07-04,17861,DOGEKING,DogeKing,0.0,0.0,289.56,coinmarketcap_data_api_listings_historical
2025-07-04,27374,LDZ,Voodoo Token,0.00169969,0.0,286.47,coinmarketcap_data_api_listings_historical
2025-07-04,36948,PSC,PowerSnookerCoin,0.02651375,0.0,286.38,coinmarketcap_data_api_listings_historical
2025-07-04,35468,DOGEMARS,DOGE TO MARS,0.0,0.0,282.98,coinmarketcap_data_api_listings_historical
2025-07-04,30395,EGG,JustAnEGG,0.00141403,0.0,280.23,coinmarketcap_data_api_listings_historical
2025-07-04,7988,SZCB,Zugacoin,0.08989007,0.0,278.42,coinmarketcap_data_api_listings_historical
2025-07-04,29249,HARAMBEAI,Harambe AI,0.00821881,0.0,277.95,coinmarketcap_data_api_listings_historical
2025-07-04,21804,USK,USK,0.5531224,0.0,277.54,coinmarketcap_data_api_listings_historical
2025-07-04,23281,COM,Communis,0.0,0.0,275.67,coinmarketcap_data_api_listings_historical
2025-07-04,34137,CROAK,Croak,0.00025773,0.0,274.78,coinmarketcap_data_api_listings_historical
2025-07-04,34427,JAK,Jak,0.00019876,0.0,272.98,coinmarketcap_data_api_listings_historical
2025-07-04,29034,AMAPT,Amnis Aptos Coin,4.3870359,0.0,272.3,coinmarketcap_data_api_listings_historical
2025-07-04,234,EFL,e-Gulden,0.10480898,0.0,271.49,coinmarketcap_data_api_listings_historical
2025-07-04,2724,ZIPT,Zippie,0.00021906,0.0,269.76,coinmarketcap_data_api_listings_historical
2025-07-04,32989,D.O.G.E,D.O.G.E (Solana),0.0,0.0,267.94,coinmarketcap_data_api_listings_historical
2025-07-04,32993,FTW,Black Agnus,0.0,0.0,262.71,coinmarketcap_data_api_listings_historical
2025-07-04,36870,LICKO,LICKO,0.0001311,0.0,262.51,coinmarketcap_data_api_listings_historical
2025-07-04,3748,HXRO,HXRO,0.00228678,0.0,261.72,coinmarketcap_data_api_listings_historical
2025-07-04,20966,BNK,Bankera V2,0.11666317,0.0,260.52,coinmarketcap_data_api_listings_historical
2025-07-04,6500,TFT,ThreeFold,0.00476559,0.0,260.16,coinmarketcap_data_api_listings_historical
2025-07-04,33309,BURN,MSQ Cycle Burn,0.01244204,0.0,259.61,coinmarketcap_data_api_listings_historical
2025-07-04,36474,RATO,Rato The Rat,6e-08,0.0,258.32,coinmarketcap_data_api_listings_historical
2025-07-04,27682,ETHEREUM,VoldemortTrumpRobotnik-10Neko,0.00035296,0.0,254.39,coinmarketcap_data_api_listings_historical
2025-07-04,2349,XIN,Mixin,96.25538631,0.0,254.24,coinmarketcap_data_api_listings_historical
2025-07-04,31281,HODL,HODL,0.0,0.0,244.81,coinmarketcap_data_api_listings_historical
2025-07-04,35953,SNL,Snow Leopard,1e-08,0.0,241.7,coinmarketcap_data_api_listings_historical
2025-07-04,3681,CENT,CENTER COIN,0.0032366,0.0,240.38,coinmarketcap_data_api_listings_historical
2025-07-04,23858,RAM,Ramses Exchange,0.02077311,0.0,239.31,coinmarketcap_data_api_listings_historical
2025-07-04,30646,PURR,Purrcoin,5.273e-05,0.0,238.06,coinmarketcap_data_api_listings_historical
2025-07-04,11469,SOLPAD,Solpad Finance,4.7e-07,0.0,228.02,coinmarketcap_data_api_listings_historical
2025-07-04,17181,MAIA,Maia,1.67122077,0.0,227.55,coinmarketcap_data_api_listings_historical
2025-07-04,36548,PEPE,Pepe by Jason Furie,0.0,0.0,226.28,coinmarketcap_data_api_listings_historical
2025-07-04,6754,PSWAP,Polkaswap,0.00012946,0.0,220.47,coinmarketcap_data_api_listings_historical
2025-07-04,21885,RUG,RUG RADIO,0.02314244,0.0,216.04,coinmarketcap_data_api_listings_historical
2025-07-04,6680,DIGEX,Digex,1.3e-06,0.0,215.48,coinmarketcap_data_api_listings_historical
2025-07-04,32293,DGTA,Digitra.com Token,0.00759094,0.0,214.41,coinmarketcap_data_api_listings_historical
2025-07-04,30215,1EX,1ex Trading Board,4.5e-06,0.0,214.36,coinmarketcap_data_api_listings_historical
2025-07-04,33321,SUIMAN,Suiman,8.217e-05,0.0,213.82,coinmarketcap_data_api_listings_historical
2025-07-04,30322,BENI,Beni,0.00083292,0.0,211.06,coinmarketcap_data_api_listings_historical
2025-07-04,3933,SWIFT,SwiftCash,0.00072574,0.0,208.89,coinmarketcap_data_api_listings_historical
2025-07-04,28122,HOA,Hex Orange Address,0.00479336,0.0,208.38,coinmarketcap_data_api_listings_historical
2025-07-04,32106,MAN,Gentleman,3.751e-05,0.0,206.82,coinmarketcap_data_api_listings_historical
2025-07-04,36848,RDMP,Roadmap Coin,2.464e-05,0.0,204.71,coinmarketcap_data_api_listings_historical
2025-07-04,29263,USDC+,Overnight USDC+,0.99500953,0.0,204.47,coinmarketcap_data_api_listings_historical
2025-07-04,5375,HBD,Hive Dollar,1.00561838,0.0,204.41,coinmarketcap_data_api_listings_historical
2025-07-04,19870,WINTER,Winter,0.00316048,0.0,201.78,coinmarketcap_data_api_listings_historical
2025-07-04,13877,EEUR,e-Money EUR,0.30651522,0.0,200.41,coinmarketcap_data_api_listings_historical
2025-07-04,27942,TRUMP2024,Donald Trump,0.0,0.0,200.18,coinmarketcap_data_api_listings_historical
2025-07-04,32384,DONALD,Donald Pump,8.724e-05,0.0,198.49,coinmarketcap_data_api_listings_historical
2025-07-04,13,IXC,Ixcoin,0.05942777,0.0,196.87,coinmarketcap_data_api_listings_historical
2025-07-04,21198,GHNY,Grizzly Honey,0.03255012,0.0,193.06,coinmarketcap_data_api_listings_historical
2025-07-04,36544,AURA,Aura,0.55714609,0.0,191.64,coinmarketcap_data_api_listings_historical
2025-07-04,26067,MILO,MILO Project,0.0023192,0.0,191.1,coinmarketcap_data_api_listings_historical
2025-07-04,36117,UUU,uDEX,0.00056843,0.0,190.08,coinmarketcap_data_api_listings_historical
2025-07-04,20014,KRD,Krypton DAO,0.90022862,0.0,188.21,coinmarketcap_data_api_listings_historical
2025-07-04,33389,CDOGE,CDOGE,0.00084669,0.0,187.02,coinmarketcap_data_api_listings_historical
2025-07-04,27424,ZOOMER,Zoomer Coin,1.82e-05,0.0,185.52,coinmarketcap_data_api_listings_historical
2025-07-04,16148,FREE,FreeRossDAO,3.133e-05,0.0,182.23,coinmarketcap_data_api_listings_historical
2025-07-04,34727,BRO,Neurobro,0.00383196,0.0,181.48,coinmarketcap_data_api_listings_historical
2025-07-04,28847,AI,AI,0.00024194,0.0,181.04,coinmarketcap_data_api_listings_historical
2025-07-04,32450,BABYNEIRO,Baby Neiro 2024,0.0,0.0,180.12,coinmarketcap_data_api_listings_historical
2025-07-04,32636,RTR,Restore The Republic,0.00171003,0.0,177.96,coinmarketcap_data_api_listings_historical
2025-07-04,36735,CYCLE,Super Cycle,1.591e-05,0.0,177.14,coinmarketcap_data_api_listings_historical
2025-07-04,36400,TNT,Titan Token,0.00208508,0.0,176.43,coinmarketcap_data_api_listings_historical
2025-07-04,15841,KNIGHT,KnightSwap,0.00045256,0.0,175.88,coinmarketcap_data_api_listings_historical
2025-07-04,33754,YLAY,Yelay,0.00675269,0.0,175.15,coinmarketcap_data_api_listings_historical
2025-07-04,9670,GOL,GogolCoin,0.00062016,0.0,173.77,coinmarketcap_data_api_listings_historical
2025-07-04,33840,KS,kittyspin,3.194e-05,0.0,171.38,coinmarketcap_data_api_listings_historical
2025-07-04,20955,ROCKETFI,RocketFi,8.7e-07,0.0,171.28,coinmarketcap_data_api_listings_historical
2025-07-04,19866,NEKO,NEKO,2.083e-05,0.0,171.16,coinmarketcap_data_api_listings_historical
2025-07-04,23234,ASTRADAO,Astra DAO,0.0,0.0,170.98,coinmarketcap_data_api_listings_historical
2025-07-04,26835,CCV2,CelebrityCoinV2,0.03260806,0.0,170.62,coinmarketcap_data_api_listings_historical
2025-07-04,28971,MICKEY,Steamboat Willie,0.00014466,0.0,169.28,coinmarketcap_data_api_listings_historical
2025-07-04,11678,LSP,Lumenswap,0.0008002,0.0,167.94,coinmarketcap_data_api_listings_historical
2025-07-04,36217,BOOGIE,Boogie,0.00011401,0.0,166.38,coinmarketcap_data_api_listings_historical
2025-07-04,5659,XANK,Xank,0.00083121,0.0,165.33,coinmarketcap_data_api_listings_historical
2025-07-04,27190,KRO,Kroma,0.00490121,0.0,161.66,coinmarketcap_data_api_listings_historical
2025-07-04,34425,LLM,LLM,2.958e-05,0.0,158.18,coinmarketcap_data_api_listings_historical
2025-07-04,15840,STT,Stamen Tellus Token,6.129e-05,0.0,158.15,coinmarketcap_data_api_listings_historical
2025-07-04,18248,SOMM,Sommelier,0.00096858,0.0,157.48,coinmarketcap_data_api_listings_historical
2025-07-04,4361,BEST,Bitpanda Ecosystem Token,0.51,0.0,156.57,coinmarketcap_data_api_listings_historical
2025-07-04,6887,UCO,Archethic,0.00019895,0.0,155.69,coinmarketcap_data_api_listings_historical
2025-07-04,34455,ENZYME,Enzyme,0.0,0.0,154.17,coinmarketcap_data_api_listings_historical
2025-07-04,16466,BLI,BALI TOKEN,0.0,0.0,150.01,coinmarketcap_data_api_listings_historical
2025-07-04,29222,MAGA,MAGA 2024,0.0,0.0,146.91,coinmarketcap_data_api_listings_historical
2025-07-04,27356,GENIE,GenieSwap,0.0009236,0.0,146.66,coinmarketcap_data_api_listings_historical
2025-07-04,33986,OBOT,OBOT,0.00052334,0.0,146.65,coinmarketcap_data_api_listings_historical
2025-07-04,9891,BNX,BinaryX [Old],387.95006606,0.0,143.85,coinmarketcap_data_api_listings_historical
2025-07-04,31925,HGEN,HGEN DAO,0.02503619,0.0,140.67,coinmarketcap_data_api_listings_historical
2025-07-04,29167,DACAT,daCat,0.0,0.0,136.53,coinmarketcap_data_api_listings_historical
2025-07-04,6542,HBDC,Happy Birthday Coin,0.0055164,0.0,135.8,coinmarketcap_data_api_listings_historical
2025-07-04,10798,MINIDOGE,MiniDOGE,0.0,0.0,135.16,coinmarketcap_data_api_listings_historical
2025-07-04,36407,GORK,gork AI Agent,0.0,0.0,134.49,coinmarketcap_data_api_listings_historical
2025-07-04,11415,YAK,Yield Yak,227.23019525,0.0,126.46,coinmarketcap_data_api_listings_historical
2025-07-04,32632,SIO,SAINO,4.001e-05,0.0,126.36,coinmarketcap_data_api_listings_historical
2025-07-04,8826,MCO2,Moss Carbon Credit,0.11953746,0.0,125.33,coinmarketcap_data_api_listings_historical
2025-07-04,18453,BETS,BetSwirl,0.00013827,0.0,124.94,coinmarketcap_data_api_listings_historical
2025-07-04,32872,CSW,Crosswalk,1.925e-05,0.0,124.12,coinmarketcap_data_api_listings_historical
2025-07-04,12652,HANU,Hanu Yokia,1.3e-07,0.0,124.06,coinmarketcap_data_api_listings_historical
2025-07-04,11921,NTR,Nether NFT,0.00191149,0.0,118.0,coinmarketcap_data_api_listings_historical
2025-07-04,22926,SPXC,SpaceXCoin,0.0,0.0,117.57,coinmarketcap_data_api_listings_historical
2025-07-04,24497,ABC,ABC PoS Pool,0.3062779,0.0,115.81,coinmarketcap_data_api_listings_historical
2025-07-04,27319,RAIN,Precipitate.AI,0.00094587,0.0,115.62,coinmarketcap_data_api_listings_historical
2025-07-04,20394,XSPECTAR,xSPECTAR,0.01133288,0.0,115.04,coinmarketcap_data_api_listings_historical
2025-07-04,28285,XAI,xAI,0.0,0.0,113.95,coinmarketcap_data_api_listings_historical
2025-07-04,23936,KAF,KAIF Platform,0.00102926,0.0,110.81,coinmarketcap_data_api_listings_historical
2025-07-04,30254,POOWEL,Joram Poowel,1.668e-05,0.0,109.09,coinmarketcap_data_api_listings_historical
2025-07-04,33184,NEIRO,Neiro Pump,0.00046553,0.0,108.66,coinmarketcap_data_api_listings_historical
2025-07-04,32578,WAI,Wiener AI,6.7e-06,0.0,108.1,coinmarketcap_data_api_listings_historical
2025-07-04,17706,AERO,Aerovek Aviation,0.00033159,0.0,108.04,coinmarketcap_data_api_listings_historical
2025-07-04,21324,BTRFLY,Redacted,15.44812134,0.0,107.89,coinmarketcap_data_api_listings_historical
2025-07-04,19518,TOTEM,DragonMaster,0.00041656,0.0,106.81,coinmarketcap_data_api_listings_historical
2025-07-04,12767,FODL,FODL Finance,0.00036922,0.0,103.9,coinmarketcap_data_api_listings_historical
2025-07-04,1902,MYB,MyBit,0.00012848,0.0,103.78,coinmarketcap_data_api_listings_historical
2025-07-04,5765,SETH,sETH,2343.3116948,0.0,102.06,coinmarketcap_data_api_listings_historical
2025-07-04,31381,HSAI,HealthSci.AI,0.00214716,0.0,101.61,coinmarketcap_data_api_listings_historical
2025-07-04,34936,SHIFU,Shifu,9.02e-06,0.0,101.37,coinmarketcap_data_api_listings_historical
2025-07-04,12451,MNDCC,Mondo Community Coin,0.00339786,0.0,100.36,coinmarketcap_data_api_listings_historical
2025-07-04,10685,OLIVE,Olive Cash,0.00068783,0.0,99.58,coinmarketcap_data_api_listings_historical
2025-07-04,34894,FORKY,Forky,1.295e-05,0.0,98.85,coinmarketcap_data_api_listings_historical
2025-07-04,25447,YU,BOUNTYKINDS,0.44567592,0.0,98.56,coinmarketcap_data_api_listings_historical
2025-07-04,28749,KIRA,Kira the Injective Cat,5.61e-06,0.0,97.82,coinmarketcap_data_api_listings_historical
2025-07-04,36184,SNOR,SNOR,0.0,0.0,96.39,coinmarketcap_data_api_listings_historical
2025-07-04,15286,DCT,Degree Crypto Token,3.70335045,0.0,96.35,coinmarketcap_data_api_listings_historical
2025-07-04,1629,ZENI,Zennies,0.00017,0.0,94.22,coinmarketcap_data_api_listings_historical
2025-07-04,5563,CBC,CryptoBharatCoin,0.07051791,0.0,93.63,coinmarketcap_data_api_listings_historical
2025-07-04,21534,BNBX,Stader BNBx,720.61886578,0.0,93.41,coinmarketcap_data_api_listings_historical
2025-07-04,7881,SKLAY,sKLAY,0.21430581,0.0,92.83,coinmarketcap_data_api_listings_historical
2025-07-04,19862,JTS,Jetset,0.00040425,0.0,92.58,coinmarketcap_data_api_listings_historical
2025-07-04,8131,CGT,Curio Gas Token,0.00106224,0.0,92.12,coinmarketcap_data_api_listings_historical
2025-07-04,35937,XPI,XPi,0.0001882,0.0,87.62,coinmarketcap_data_api_listings_historical
2025-07-04,6113,BPLC,BlackPearl Token,0.0,0.0,87.45,coinmarketcap_data_api_listings_historical
2025-07-04,35838,REXBT,rexbt by VIRTUALS,4.718e-05,0.0,87.39,coinmarketcap_data_api_listings_historical
2025-07-04,16797,MMO,MM Optimizer (Cronos),0.01075134,0.0,86.63,coinmarketcap_data_api_listings_historical
2025-07-04,24281,GPT,ArbGPT,1.19e-05,0.0,85.34,coinmarketcap_data_api_listings_historical
2025-07-04,10241,KBC,Kibho Coin,0.00745033,0.0,85.04,coinmarketcap_data_api_listings_historical
2025-07-04,26277,GNC,GenieCoin,0.01184305,0.0,84.31,coinmarketcap_data_api_listings_historical
2025-07-04,16105,CHMB,Chumbi Valley,2.46e-06,0.0,84.28,coinmarketcap_data_api_listings_historical
2025-07-04,2062,AION,Aion,0.00073017,0.0,83.81,coinmarketcap_data_api_listings_historical
2025-07-04,9247,WEC,Whole Earth Coin,0.0008002,0.0,80.34,coinmarketcap_data_api_listings_historical
2025-07-04,36036,LILO,Lilo,0.0,0.0,80.31,coinmarketcap_data_api_listings_historical
2025-07-04,9487,SHEESHA,Sheesha Finance [ERC20],2.0409013,0.0,79.92,coinmarketcap_data_api_listings_historical
2025-07-04,29619,MAGA,MAGA (Solana),0.0,0.0,78.94,coinmarketcap_data_api_listings_historical
2025-07-04,36461,BABYGORK,Baby Gork,1.47e-05,0.0,77.64,coinmarketcap_data_api_listings_historical
2025-07-04,15857,QUA,QUASA,0.00106527,0.0,77.05,coinmarketcap_data_api_listings_historical
2025-07-04,32573,META,Metaverse Convergence,1.79e-05,0.0,74.98,coinmarketcap_data_api_listings_historical
2025-07-04,20232,BHAT,BH Network,0.00105037,0.0,74.22,coinmarketcap_data_api_listings_historical
2025-07-04,27318,LYUM,Layerium,0.0014832,0.0,74.18,coinmarketcap_data_api_listings_historical
2025-07-04,2653,AUC,Auctus,0.00066344,0.0,73.68,coinmarketcap_data_api_listings_historical
2025-07-04,10818,PEFI,Penguin Finance,0.00438341,0.0,72.29,coinmarketcap_data_api_listings_historical
2025-07-04,28700,SOLS,SOLS,0.00277112,0.0,71.9,coinmarketcap_data_api_listings_historical
2025-07-04,28855,ALITA,ALITA,1.27e-06,0.0,71.83,coinmarketcap_data_api_listings_historical
2025-07-04,21555,USDR,Real USD,0.15370871,0.0,71.32,coinmarketcap_data_api_listings_historical
2025-07-04,31615,AIRBTC,AIRBTC,8e-08,0.0,70.27,coinmarketcap_data_api_listings_historical
2025-07-04,17284,DGLN,Dogelana,8.23e-06,0.0,69.52,coinmarketcap_data_api_listings_historical
2025-07-04,14595,QORT,Qortal,0.24006097,0.0,69.41,coinmarketcap_data_api_listings_historical
2025-07-04,26714,BLU,Blue Norva,0.00011374,0.0,69.04,coinmarketcap_data_api_listings_historical
2025-07-04,36308,GNESS,Gameness Token,0.00058528,0.0,68.78,coinmarketcap_data_api_listings_historical
2025-07-04,31995,ANDY,ANDY (BSC),8.9e-07,0.0,68.63,coinmarketcap_data_api_listings_historical
2025-07-04,644,BSTY,GlobalBoost,0.02317422,0.0,67.53,coinmarketcap_data_api_listings_historical
2025-07-04,2883,ZINC,ZINC,0.00349353,0.0,66.74,coinmarketcap_data_api_listings_historical
2025-07-04,34313,OLAF,OLAF,1.417e-05,0.0,65.52,coinmarketcap_data_api_listings_historical
2025-07-04,5633,UCM,UCROWDME,3.701e-05,0.0,64.83,coinmarketcap_data_api_listings_historical
2025-07-04,18371,CLA,ClaimSwap,0.00063096,0.0,63.79,coinmarketcap_data_api_listings_historical
2025-07-04,30955,LLT,LILLIUS,0.00100059,0.0,62.62,coinmarketcap_data_api_listings_historical
2025-07-04,26528,TQRT,TokoQrt,0.56904451,0.0,62.04,coinmarketcap_data_api_listings_historical
2025-07-04,3712,CLBK,Cloudbric,0.00113882,0.0,61.48,coinmarketcap_data_api_listings_historical
2025-07-04,35519,OCAI,OcNest AI,0.01918839,0.0,61.19,coinmarketcap_data_api_listings_historical
2025-07-04,3769,HBX,HashBX,0.00023536,0.0,59.78,coinmarketcap_data_api_listings_historical
2025-07-04,28440,NLINK,Neuralink,0.0,0.0,58.58,coinmarketcap_data_api_listings_historical
2025-07-04,16936,2OMB,2omb Finance,0.00291514,0.0,58.36,coinmarketcap_data_api_listings_historical
2025-07-04,28598,WALK,Walk Token,0.02638839,0.0,57.45,coinmarketcap_data_api_listings_historical
2025-07-04,9045,JPYC,JPY Coin v1,0.00713987,0.0,56.95,coinmarketcap_data_api_listings_historical
2025-07-04,12338,SHICO,ShibaCorgi,0.0,0.0,56.5,coinmarketcap_data_api_listings_historical
2025-07-04,9710,KABOSU,Kabosu,1e-08,0.0,56.12,coinmarketcap_data_api_listings_historical
2025-07-04,32922,SAFUU,Safuu 2.0,0.00439133,0.0,55.83,coinmarketcap_data_api_listings_historical
2025-07-04,33809,FLAT,Flat Earth,0.00088122,0.0,55.72,coinmarketcap_data_api_listings_historical
2025-07-04,28687,TESLAI,Tesla AI,0.0,0.0,55.39,coinmarketcap_data_api_listings_historical
2025-07-04,33564,BEAST,MrBeast,0.01045271,0.0,55.36,coinmarketcap_data_api_listings_historical
2025-07-04,29975,BONK,SUPER BONK,0.0,0.0,54.57,coinmarketcap_data_api_listings_historical
2025-07-04,28668,SNST,Smooth Network Solutions Token,0.01010257,0.0,54.52,coinmarketcap_data_api_listings_historical
2025-07-04,29271,AUTISM,AUTISM,9.702e-05,0.0,53.61,coinmarketcap_data_api_listings_historical
2025-07-04,25081,SIMPSON,Homer,0.0,0.0,53.52,coinmarketcap_data_api_listings_historical
2025-07-04,26514,FTVT,FashionTV Token,0.00694176,0.0,53.32,coinmarketcap_data_api_listings_historical
2025-07-04,30146,SHROOM,Shroomates,0.00025786,0.0,53.08,coinmarketcap_data_api_listings_historical
2025-07-04,31542,NIGI,Nigi,4.02e-05,0.0,52.35,coinmarketcap_data_api_listings_historical
2025-07-04,36506,LUDUS,Ludus,0.00125726,0.0,51.85,coinmarketcap_data_api_listings_historical
2025-07-04,10675,HARE,Hare Token,0.0,0.0,50.9,coinmarketcap_data_api_listings_historical
2025-07-04,12949,BCT,Base Carbon Tonne,0.16252887,0.0,50.69,coinmarketcap_data_api_listings_historical
2025-07-04,5474,XXA,Ixinium,0.00150038,0.0,50.29,coinmarketcap_data_api_listings_historical
2025-07-04,34053,DVL,Develad,0.00043911,0.0,50.26,coinmarketcap_data_api_listings_historical
2025-07-04,31759,BOYS,Boys Club,3.6e-07,0.0,50.24,coinmarketcap_data_api_listings_historical
2025-07-04,36609,LUCYAI,Pitch Lucy AI,0.00014774,0.0,50.17,coinmarketcap_data_api_listings_historical
2025-07-04,8745,A2A,A2A,0.01096621,0.0,50.08,coinmarketcap_data_api_listings_historical
2025-07-04,23747,HMX,Hermes DAO,0.00030533,0.0,49.46,coinmarketcap_data_api_listings_historical
2025-07-04,9870,XWIN,xWIN Finance,0.01546138,0.0,48.87,coinmarketcap_data_api_listings_historical
2025-07-04,22076,RXT,RIMAUNANGIS,0.00200051,0.0,48.78,coinmarketcap_data_api_listings_historical
2025-07-04,35799,GLD,GoldToken,3302.75876539,0.0,48.23,coinmarketcap_data_api_listings_historical
2025-07-04,11427,CYT,Coinary Token,0.00057289,0.0,47.58,coinmarketcap_data_api_listings_historical
2025-07-04,10954,MCONTENT,MContent,0.0,0.0,47.55,coinmarketcap_data_api_listings_historical
2025-07-04,28808,SSHIB,Solana Shib,0.0,0.0,46.55,coinmarketcap_data_api_listings_historical
2025-07-04,29215,SC20,Shine Chain,0.00013403,0.0,46.38,coinmarketcap_data_api_listings_historical
2025-07-04,13685,QTZ,Quartz,3.945e-05,0.0,45.73,coinmarketcap_data_api_listings_historical
2025-07-04,35018,ASSAI,ASSAI,2.36e-05,0.0,43.68,coinmarketcap_data_api_listings_historical
2025-07-04,10364,APW,Spectra,0.69611071,0.0,43.44,coinmarketcap_data_api_listings_historical
2025-07-04,24764,TZPEPE,Tezos Pepe,0.00027006,0.0,43.39,coinmarketcap_data_api_listings_historical
2025-07-04,26127,AIDOGEXLM,AIDOGE Stellar,3.19e-06,0.0,42.77,coinmarketcap_data_api_listings_historical
2025-07-04,35695,POLLY,Polynetica,3.15e-06,0.0,42.47,coinmarketcap_data_api_listings_historical
2025-07-04,13748,SPA,Spartacus,0.21138957,0.0,42.23,coinmarketcap_data_api_listings_historical
2025-07-04,18,DGC,Digitalcoin,0.00216101,0.0,42.1,coinmarketcap_data_api_listings_historical
2025-07-04,13702,STEMX,STEMX,0.00042436,0.0,41.93,coinmarketcap_data_api_listings_historical
2025-07-04,31949,POCAT,Polite Cat,3.48e-05,0.0,41.21,coinmarketcap_data_api_listings_historical
2025-07-04,6961,G$,GoodDollar,9.236e-05,0.0,40.38,coinmarketcap_data_api_listings_historical
2025-07-04,3079,X8X,X8X Token,0.00066429,0.0,39.85,coinmarketcap_data_api_listings_historical
2025-07-04,14240,LED,LEDGIS,0.0007486,0.0,39.65,coinmarketcap_data_api_listings_historical
2025-07-04,36111,PUP,pup,0.0,0.0,38.81,coinmarketcap_data_api_listings_historical
2025-07-04,18551,MELOS,Melos Studio,5.443e-05,0.0,38.6,coinmarketcap_data_api_listings_historical
2025-07-04,26632,AIPEPE,AI PEPE KING,0.0,0.0,37.7,coinmarketcap_data_api_listings_historical
2025-07-04,28310,PMPY,Prometheum Prodigy,4.401e-05,0.0,37.43,coinmarketcap_data_api_listings_historical
2025-07-04,13901,B2M,Bit2Me,0.01045816,0.0,37.26,coinmarketcap_data_api_listings_historical
2025-07-04,21269,GGP,Geegoopuzzle,5.21132346,0.0,37.08,coinmarketcap_data_api_listings_historical
2025-07-04,20467,QUBE,FlatQube,0.01792217,0.0,36.88,coinmarketcap_data_api_listings_historical
2025-07-04,5052,ANK,Apple Network,6.58e-06,0.0,36.84,coinmarketcap_data_api_listings_historical
2025-07-04,3662,HEDG,HedgeTrade,0.01664363,0.0,36.83,coinmarketcap_data_api_listings_historical
2025-07-04,33589,BABYHIPPO,BABY HIPPO,0.0,0.0,36.73,coinmarketcap_data_api_listings_historical
2025-07-04,29031,FFM,Florence Finance Medici,0.00069321,0.0,36.67,coinmarketcap_data_api_listings_historical
2025-07-04,22713,HOLY,HolyGrails.io,0.00041113,0.0,36.4,coinmarketcap_data_api_listings_historical
2025-07-04,12494,MELO,Melo Token,6e-08,0.0,36.39,coinmarketcap_data_api_listings_historical
2025-07-04,18210,KBD,Kyberdyne,0.00012888,0.0,36.19,coinmarketcap_data_api_listings_historical
2025-07-04,3939,TRP,Tronipay,0.00017871,0.0,36.06,coinmarketcap_data_api_listings_historical
2025-07-04,13400,MJT,MojitoSwap,0.00860507,0.0,35.04,coinmarketcap_data_api_listings_historical
2025-07-04,32787,BLASTUP,BlastUP,0.00049013,0.0,34.79,coinmarketcap_data_api_listings_historical
2025-07-04,20631,ICHI,Legacy ICHI,0.35351342,0.0,34.75,coinmarketcap_data_api_listings_historical
2025-07-04,12468,EQ,Equilibrium Games,0.0148774,0.0,34.0,coinmarketcap_data_api_listings_historical
2025-07-04,28312,BNBTIGER,BNBtiger 2.0,0.0,0.0,33.43,coinmarketcap_data_api_listings_historical
2025-07-04,33638,KINGNEIRO,King Neiro,0.0,0.0,33.26,coinmarketcap_data_api_listings_historical
2025-07-04,23879,CYBER,Cyberpunk City,0.00104814,0.0,32.94,coinmarketcap_data_api_listings_historical
2025-07-04,26242,GPN,Gamepass Network,8e-06,0.0,32.54,coinmarketcap_data_api_listings_historical
2025-07-04,2208,DNA,EncrypGen,0.00792152,0.0,31.88,coinmarketcap_data_api_listings_historical
2025-07-04,2667,FTX,FintruX Network,0.00071234,0.0,31.78,coinmarketcap_data_api_listings_historical
2025-07-04,22747,FIBO,FibSWAP DEx,0.00262067,0.0,31.37,coinmarketcap_data_api_listings_historical
2025-07-04,2367,AIX,Aigang,0.00114113,0.0,31.25,coinmarketcap_data_api_listings_historical
2025-07-04,8411,MFI,Marginswap,0.01295561,0.0,30.95,coinmarketcap_data_api_listings_historical
2025-07-04,4508,VOLTZ,Voltz,0.00238157,0.0,29.85,coinmarketcap_data_api_listings_historical
2025-07-04,31640,BUM,WillyBumBum,8.51e-06,0.0,29.71,coinmarketcap_data_api_listings_historical
2025-07-04,29756,PHAUNTEM,Phauntem,0.00103309,0.0,29.53,coinmarketcap_data_api_listings_historical
2025-07-04,32102,BIB,BIB,0.03788192,0.0,29.15,coinmarketcap_data_api_listings_historical
2025-07-04,34211,SUL,Sulaana,0.33695392,0.0,28.68,coinmarketcap_data_api_listings_historical
2025-07-04,9062,LPL,LinkPool,0.26145121,0.0,28.59,coinmarketcap_data_api_listings_historical
2025-07-04,27262,POKEMON,Pokemon,0.0,0.0,28.56,coinmarketcap_data_api_listings_historical
2025-07-04,23119,LVL,Level Finance,0.01370586,0.0,27.97,coinmarketcap_data_api_listings_historical
2025-07-04,11495,TOMB,Tomb,0.00251274,0.0,27.85,coinmarketcap_data_api_listings_historical
2025-07-04,8442,ETHIX,EthicHub,0.16645482,0.0,27.04,coinmarketcap_data_api_listings_historical
2025-07-04,23573,SLIZ,SolidLizard,3.191e-05,0.0,27.02,coinmarketcap_data_api_listings_historical
2025-07-04,32417,HACD,Hacash Diamond,11.89244551,0.0,26.6,coinmarketcap_data_api_listings_historical
2025-07-04,27385,NCT,New Cat,0.0,0.0,26.52,coinmarketcap_data_api_listings_historical
2025-07-04,35648,GROKAI,Grok AI Agent,0.0,0.0,26.43,coinmarketcap_data_api_listings_historical
2025-07-04,36659,BTCPT,Bitcoin Platinum,1e-08,0.0,26.12,coinmarketcap_data_api_listings_historical
2025-07-04,30412,DOGA,DOGITA,4.4e-07,0.0,26.03,coinmarketcap_data_api_listings_historical
2025-07-04,16893,CMFI,Compendium,0.00012601,0.0,26.02,coinmarketcap_data_api_listings_historical
2025-07-04,20322,MXNt,Tether MXNt,0.04488007,0.0,25.95,coinmarketcap_data_api_listings_historical
2025-07-04,4102,TMN,TranslateMe Network Token,0.00086422,0.0,25.94,coinmarketcap_data_api_listings_historical
2025-07-04,28697,STBOT,SolTradingBot,0.00116548,0.0,25.88,coinmarketcap_data_api_listings_historical
2025-07-04,32733,BABYNEIRO,Baby Neiro (ERC20),0.0,0.0,25.85,coinmarketcap_data_api_listings_historical
2025-07-04,19855,JOLT,Joltify,0.00860218,0.0,25.55,coinmarketcap_data_api_listings_historical
2025-07-04,21495,OUSDC,Orbit Bridge Klaytn USDC,0.29440635,0.0,25.17,coinmarketcap_data_api_listings_historical
2025-07-04,148,AUR,Auroracoin,0.03457616,0.0,24.29,coinmarketcap_data_api_listings_historical
2025-07-04,4135,STIPS,STIPS,0.00140206,0.0,24.15,coinmarketcap_data_api_listings_historical
2025-07-04,36008,MOL,Anryton,0.01777181,0.0,24.02,coinmarketcap_data_api_listings_historical
2025-07-04,33605,BDX,Baby DragonX,4.26e-06,0.0,23.76,coinmarketcap_data_api_listings_historical
2025-07-04,5702,MNS,MONNOS,3.59e-06,0.0,23.26,coinmarketcap_data_api_listings_historical
2025-07-04,30748,CGO,Knights of Cathena,3.74e-06,0.0,23.12,coinmarketcap_data_api_listings_historical
2025-07-04,11242,POTS,Moonpot,0.00481586,0.0,22.75,coinmarketcap_data_api_listings_historical
2025-07-04,34380,DEGEN,Degen the Otter,4.84e-06,0.0,22.67,coinmarketcap_data_api_listings_historical
2025-07-04,9073,ICE,Popsicle Finance,0.18529161,0.0,21.92,coinmarketcap_data_api_listings_historical
2025-07-04,17121,RAT,RatCoin,2.08e-06,0.0,21.78,coinmarketcap_data_api_listings_historical
2025-07-04,4268,NYE,NewYork Exchange,0.04368302,0.0,21.61,coinmarketcap_data_api_listings_historical
2025-07-04,12991,MTG,MagnetGold,0.02612771,0.0,21.59,coinmarketcap_data_api_listings_historical
2025-07-04,22568,MIRA,Chains of War,0.04227992,0.0,21.52,coinmarketcap_data_api_listings_historical
2025-07-04,5399,TLW,TILWIKI,0.08936963,0.0,21.32,coinmarketcap_data_api_listings_historical
2025-07-04,3179,ABX,Arbidex,0.00047481,0.0,21.3,coinmarketcap_data_api_listings_historical
2025-07-04,19331,SUPER,PeerMe,0.00590135,0.0,21.17,coinmarketcap_data_api_listings_historical
2025-07-04,7596,SMARTCREDIT,SmartCredit Token,0.18185954,0.0,20.97,coinmarketcap_data_api_listings_historical
2025-07-04,11967,HERA,Hero Arena,0.00010358,0.0,20.82,coinmarketcap_data_api_listings_historical
2025-07-04,8904,RENZEC,renZEC,33.91199538,0.0,20.72,coinmarketcap_data_api_listings_historical
2025-07-04,30222,DAVINCI,Davincigraph,0.00702269,0.0,20.37,coinmarketcap_data_api_listings_historical
2025-07-04,12238,OWL,OwlDAO,2.58e-06,0.0,20.36,coinmarketcap_data_api_listings_historical
2025-07-04,20367,GPCX,Good Person Coin,0.00091023,0.0,20.05,coinmarketcap_data_api_listings_historical
2025-07-04,24552,BOBO,Bobo,0.0,0.0,19.98,coinmarketcap_data_api_listings_historical
2025-07-04,16630,EVU,Evulus Token,0.00152039,0.0,19.82,coinmarketcap_data_api_listings_historical
2025-07-04,33909,ALP,ALP,4.237e-05,0.0,19.65,coinmarketcap_data_api_listings_historical
2025-07-04,32557,TRUMP,TRUMP MAGA PRESIDENT,0.0,0.0,19.34,coinmarketcap_data_api_listings_historical
2025-07-04,8146,ZMT,Zipmex,0.00289073,0.0,18.73,coinmarketcap_data_api_listings_historical
2025-07-04,5914,INTX,Intexcoin,3.39e-06,0.0,18.55,coinmarketcap_data_api_listings_historical
2025-07-04,4596,CTK,Cryptyk Token,0.00017004,0.0,18.37,coinmarketcap_data_api_listings_historical
2025-07-04,21357,ADDY,Adamant,0.02025154,0.0,18.25,coinmarketcap_data_api_listings_historical
2025-07-04,14325,SMARTNFT,SmartNFT,6.844e-05,0.0,17.96,coinmarketcap_data_api_listings_historical
2025-07-04,34130,ELONIA,Elonia Trump,3.16e-06,0.0,17.58,coinmarketcap_data_api_listings_historical
2025-07-04,25320,MNTA,MantaDAO,0.11016534,0.0,17.45,coinmarketcap_data_api_listings_historical
2025-07-04,30329,TRUNK,Elephant Money (TRUNK),0.04688151,0.0,17.27,coinmarketcap_data_api_listings_historical
2025-07-04,6804,MQL,MiraQle,8.4e-07,0.0,16.66,coinmarketcap_data_api_listings_historical
2025-07-04,30752,SOLALA,Solala,9.223e-05,0.0,16.5,coinmarketcap_data_api_listings_historical
2025-07-04,10502,SMARS,SafeMars,0.0,0.0,16.43,coinmarketcap_data_api_listings_historical
2025-07-04,35286,CPXTB,Coin Prediction Tool On Base,0.0,0.0,16.13,coinmarketcap_data_api_listings_historical
2025-07-04,31264,STKXPRT,pSTAKE Staked XPRT,0.0533267,0.0,16.07,coinmarketcap_data_api_listings_historical
2025-07-04,28662,Dovi,Dovi(Ordinals),0.00250147,0.0,16.02,coinmarketcap_data_api_listings_historical
2025-07-04,11392,AAA,Moon Rabbit,3.8e-07,0.0,15.85,coinmarketcap_data_api_listings_historical
2025-07-04,22234,MARCO,MELEGA,0.00061867,0.0,15.84,coinmarketcap_data_api_listings_historical
2025-07-04,27346,MOOVE,Moove Protocol,0.00167426,0.0,15.75,coinmarketcap_data_api_listings_historical
2025-07-04,23812,WEB4,WEB4 AI,0.0,0.0,15.6,coinmarketcap_data_api_listings_historical
2025-07-04,23725,MNB,Mineable,1.5e-05,0.0,15.46,coinmarketcap_data_api_listings_historical
2025-07-04,21828,MBASE,Minebase,0.02550648,0.0,15.38,coinmarketcap_data_api_listings_historical
2025-07-04,34561,RAGS,RAGSCOIN2.0,0.00282112,0.0,15.35,coinmarketcap_data_api_listings_historical
2025-07-04,15615,ROAR,RoArts Token,7.78e-06,0.0,15.24,coinmarketcap_data_api_listings_historical
2025-07-04,36270,KSP,KLK Sync Protocol,0.8563277,0.0,14.94,coinmarketcap_data_api_listings_historical
2025-07-04,35594,DOGEMARS,DOGEMARS,0.0,0.0,14.74,coinmarketcap_data_api_listings_historical
2025-07-04,9120,FLY,Franklin,2.101e-05,0.0,14.64,coinmarketcap_data_api_listings_historical
2025-07-04,20792,RAMA,Ramestta,0.03300838,0.0,14.47,coinmarketcap_data_api_listings_historical
2025-07-04,13429,DOFI,Doge Floki Coin,0.0,0.0,14.27,coinmarketcap_data_api_listings_historical
2025-07-04,32837,YIDO,Yidocy Plus,0.00500134,0.0,14.26,coinmarketcap_data_api_listings_historical
2025-07-04,29177,CDX,CodeXchain,4.859e-05,0.0,13.91,coinmarketcap_data_api_listings_historical
2025-07-04,30469,SLEX,SLEX Token,0.00430109,0.0,13.87,coinmarketcap_data_api_listings_historical
2025-07-04,19500,APX,Appics,0.00062656,0.0,13.83,coinmarketcap_data_api_listings_historical
2025-07-04,9453,AGVE,Agave,34.00860923,0.0,13.35,coinmarketcap_data_api_listings_historical
2025-07-04,28769,RDEX,Orders.Exchange,0.00350206,0.0,13.29,coinmarketcap_data_api_listings_historical
2025-07-04,20324,DEO,Demeter,0.00089664,0.0,12.63,coinmarketcap_data_api_listings_historical
2025-07-04,34031,SHARE,Based Sharon,1.2e-05,0.0,12.38,coinmarketcap_data_api_listings_historical
2025-07-04,118,RDD,ReddCoin,4.869e-05,0.0,12.37,coinmarketcap_data_api_listings_historical
2025-07-04,30508,KOI,Koi Finance,0.00161498,0.0,12.28,coinmarketcap_data_api_listings_historical
2025-07-04,67,UNO,Unobtanium,4.05945702,0.0,12.14,coinmarketcap_data_api_listings_historical
2025-07-04,22001,SONNE,Sonne Finance,0.00073437,0.0,12.01,coinmarketcap_data_api_listings_historical
2025-07-04,22981,SFIT,Sense4FIT,0.00010553,0.0,11.79,coinmarketcap_data_api_listings_historical
2025-07-04,19098,LPY,LeisurePay,0.00300076,0.0,11.78,coinmarketcap_data_api_listings_historical
2025-07-04,23027,ZENIQ,Zeniq,0.00350187,0.0,11.63,coinmarketcap_data_api_listings_historical
2025-07-04,11247,KPHI,Kephi Gallery,0.00031008,0.0,11.33,coinmarketcap_data_api_listings_historical
2025-07-04,33885,BANDIT,Bandit on Base,5.38e-06,0.0,11.31,coinmarketcap_data_api_listings_historical
2025-07-04,35213,LIHUA,LIHUA,5e-08,0.0,11.08,coinmarketcap_data_api_listings_historical
2025-07-04,34208,JUSTICE,Justice for Pnut and Fred,4.486e-05,0.0,10.98,coinmarketcap_data_api_listings_historical
2025-07-04,22367,BGVT,BIT GAME VERSE TOKEN,2.224e-05,0.0,10.93,coinmarketcap_data_api_listings_historical
2025-07-04,24433,RYOSHI,Ryoshi Token,0.0,0.0,10.88,coinmarketcap_data_api_listings_historical
2025-07-04,35408,ELON,Official Elon Meme,8.75e-06,0.0,10.86,coinmarketcap_data_api_listings_historical
2025-07-04,5521,EZY,EzyStayz,5.601e-05,0.0,10.7,coinmarketcap_data_api_listings_historical
2025-07-04,15798,MPWR,Empower,0.00019602,0.0,10.2,coinmarketcap_data_api_listings_historical
2025-07-04,32373,WYZ,WYZth,0.0004001,0.0,10.2,coinmarketcap_data_api_listings_historical
2025-07-04,31048,ROCKY,ROCKY,0.00067038,0.0,10.14,coinmarketcap_data_api_listings_historical
2025-07-04,8665,PAR,Parallel,1.0005541,0.0,10.01,coinmarketcap_data_api_listings_historical
2025-07-04,31876,LCR,Lucre Way,1e-06,0.0,10.01,coinmarketcap_data_api_listings_historical
2025-07-04,2828,SPD,SPINDLE,1.267e-05,0.0,9.47,coinmarketcap_data_api_listings_historical
2025-07-04,33194,TOKE,McToken,0.00032515,0.0,9.17,coinmarketcap_data_api_listings_historical
2025-07-04,13523,MC,Merit Circle,0.0932141,0.0,8.94,coinmarketcap_data_api_listings_historical
2025-07-04,23075,ACRIA,Acria.AI,0.00371219,0.0,8.84,coinmarketcap_data_api_listings_historical
2025-07-04,4513,CNHt,Tether CNHt,0.13202521,0.0,8.81,coinmarketcap_data_api_listings_historical
2025-07-04,12705,POLL,Pollchain,0.00101282,0.0,8.35,coinmarketcap_data_api_listings_historical
2025-07-04,12351,GZX,GreenZoneX,4.011e-05,0.0,8.3,coinmarketcap_data_api_listings_historical
2025-07-04,32248,CLOKI,CATLOKI,7.112e-05,0.0,8.17,coinmarketcap_data_api_listings_historical
2025-07-04,19537,JEX,JEXchange,0.00136654,0.0,8.16,coinmarketcap_data_api_listings_historical
2025-07-04,11614,THEOS,Theos,4.751e-05,0.0,8.05,coinmarketcap_data_api_listings_historical
2025-07-04,35719,BREW,Brewlabs (new),0.02789215,0.0,7.91,coinmarketcap_data_api_listings_historical
2025-07-04,24128,NASTR,Liquid ASTR,0.02190969,0.0,7.89,coinmarketcap_data_api_listings_historical
2025-07-04,35431,YODA,YODA,2.48e-05,0.0,7.82,coinmarketcap_data_api_listings_historical
2025-07-04,8108,YDA,YadaCoin,0.00843364,0.0,7.82,coinmarketcap_data_api_listings_historical
2025-07-04,9908,XKI,Ki,0.00043248,0.0,7.58,coinmarketcap_data_api_listings_historical
2025-07-04,12938,CMCX,Catena,1.42e-05,0.0,7.42,coinmarketcap_data_api_listings_historical
2025-07-04,22206,CAKEW,CakeWSwap,2.525e-05,0.0,7.35,coinmarketcap_data_api_listings_historical
2025-07-04,33218,BOF,Balls of Fate,6.879e-05,0.0,7.32,coinmarketcap_data_api_listings_historical
2025-07-04,5219,USDB,USD Bancor,0.11119047,0.0,7.24,coinmarketcap_data_api_listings_historical
2025-07-04,12082,GOLD,CyberDragon Gold,0.00138018,0.0,7.12,coinmarketcap_data_api_listings_historical
2025-07-04,22602,EQ9,EQ9,2.801e-05,0.0,7.07,coinmarketcap_data_api_listings_historical
2025-07-04,11254,MINIFOOTBALL,Minifootball,0.0,0.0,7.03,coinmarketcap_data_api_listings_historical
2025-07-04,1779,WGR,Wagerr,0.00205357,0.0,6.74,coinmarketcap_data_api_listings_historical
2025-07-04,19632,LEMC,LEMONCHAIN,2.401e-05,0.0,6.71,coinmarketcap_data_api_listings_historical
2025-07-04,5589,DXD,DXdao,23.80263118,0.0,6.71,coinmarketcap_data_api_listings_historical
2025-07-04,8448,MCT,MCOBIT,9.819e-05,0.0,6.61,coinmarketcap_data_api_listings_historical
2025-07-04,7363,POP,POP Network Token,5.98e-06,0.0,6.56,coinmarketcap_data_api_listings_historical
2025-07-04,23682,AMPLE,AmpleSwap (new),4.2e-07,0.0,6.51,coinmarketcap_data_api_listings_historical
2025-07-04,36220,DUCK,DUCK,2.963e-05,0.0,5.97,coinmarketcap_data_api_listings_historical
2025-07-04,5623,SKI,Skillchain,0.00278071,0.0,5.86,coinmarketcap_data_api_listings_historical
2025-07-04,27854,BXC,BitcoinX,2.77e-06,0.0,5.8,coinmarketcap_data_api_listings_historical
2025-07-04,8943,WHX,WHITEX,3.841e-05,0.0,5.51,coinmarketcap_data_api_listings_historical
2025-07-04,22860,METANO,Metano,7.469e-05,0.0,5.5,coinmarketcap_data_api_listings_historical
2025-07-04,15683,METAMUSK,Musk Metaverse,0.0,0.0,5.4,coinmarketcap_data_api_listings_historical
2025-07-04,31449,NIM,Nim Network,0.00185109,0.0,5.34,coinmarketcap_data_api_listings_historical
2025-07-04,8622,VBNT,Bancor Governance Token,0.38315147,0.0,5.31,coinmarketcap_data_api_listings_historical
2025-07-04,10866,MM,Million,1.05445058,0.0,5.21,coinmarketcap_data_api_listings_historical
2025-07-04,21080,OSK-DAO,OSK DAO,0.0111217,0.0,5.18,coinmarketcap_data_api_listings_historical
2025-07-04,21919,METI,Meetin Token,0.00022126,0.0,5.01,coinmarketcap_data_api_listings_historical
2025-07-04,9879,EXO,Exohood,9.179e-05,0.0,4.97,coinmarketcap_data_api_listings_historical
2025-07-04,31364,GSTOP,GameStop (gamestopeth.io),3.144e-05,0.0,4.96,coinmarketcap_data_api_listings_historical
2025-07-04,12546,LIQ,Liquidus (old),0.00595623,0.0,4.75,coinmarketcap_data_api_listings_historical
2025-07-04,21090,ZILLIONXO,ZILLION AAKAR XO,0.00273633,0.0,4.67,coinmarketcap_data_api_listings_historical
2025-07-04,17374,ZAMZAM,Zamzam Token,4.1e-07,0.0,4.63,coinmarketcap_data_api_listings_historical
2025-07-04,30503,DOBEN,dark boden,7.57e-06,0.0,4.63,coinmarketcap_data_api_listings_historical
2025-07-04,8501,LPNT,Luxurious Pro Network Token,0.00564453,0.0,4.62,coinmarketcap_data_api_listings_historical
2025-07-04,8910,DAILY,Daily,0.00499227,0.0,4.54,coinmarketcap_data_api_listings_historical
2025-07-04,6989,ZDEX,Zeedex,0.00593151,0.0,4.33,coinmarketcap_data_api_listings_historical
2025-07-04,10176,SAT,Saturna,0.0,0.0,4.27,coinmarketcap_data_api_listings_historical
2025-07-04,25006,PERRY,Perry The BNB,0.0,0.0,4.16,coinmarketcap_data_api_listings_historical
2025-07-04,16133,FRR,Frontrow,2e-06,0.0,4.15,coinmarketcap_data_api_listings_historical
2025-07-04,14342,DKEY,DKEY BANK,0.01126329,0.0,4.11,coinmarketcap_data_api_listings_historical
2025-07-04,19873,MISA,SANGKARA MISA,8e-08,0.0,4.01,coinmarketcap_data_api_listings_historical
2025-07-04,31498,HERE,SphereX,0.0004001,0.0,4.01,coinmarketcap_data_api_listings_historical
2025-07-04,16427,ICOM,iCommunity Labs,0.00683807,0.0,3.99,coinmarketcap_data_api_listings_historical
2025-07-04,6237,TMED,MDsquare,1.373e-05,0.0,3.95,coinmarketcap_data_api_listings_historical
2025-07-04,30045,GRIMACE,Grimace,0.33383684,0.0,3.8,coinmarketcap_data_api_listings_historical
2025-07-04,18178,APPLE,AppleSwap,0.0,0.0,3.79,coinmarketcap_data_api_listings_historical
2025-07-04,2161,RDN,Raiden Network Token,0.00228272,0.0,3.79,coinmarketcap_data_api_listings_historical
2025-07-04,6714,LIBFX,Libfx,3.101e-05,0.0,3.73,coinmarketcap_data_api_listings_historical
2025-07-04,11384,SOMEE,SoMee.Social,6.002e-05,0.0,3.73,coinmarketcap_data_api_listings_historical
2025-07-04,16800,JEFE,JEFE TOKEN,0.01041831,0.0,3.7,coinmarketcap_data_api_listings_historical
2025-07-04,11456,NORA,SnowCrash Token,0.00041332,0.0,3.68,coinmarketcap_data_api_listings_historical
2025-07-04,24267,CRAZYBUNNY,Crazy Bunny,0.0,0.0,3.65,coinmarketcap_data_api_listings_historical
2025-07-04,7133,DUCATO,Ducato Finance Token,0.00059115,0.0,3.46,coinmarketcap_data_api_listings_historical
2025-07-04,12464,LOX,Lox Network,0.00010463,0.0,3.35,coinmarketcap_data_api_listings_historical
2025-07-04,26650,LAVITA,Lavita AI,0.00148084,0.0,3.26,coinmarketcap_data_api_listings_historical
2025-07-04,36301,DEFIANT,Defiant,4.921e-05,0.0,3.12,coinmarketcap_data_api_listings_historical
2025-07-04,9595,CALI,CaliCoin,0.00244062,0.0,3.06,coinmarketcap_data_api_listings_historical
2025-07-04,13659,CGU,Crypto Global United,0.00073019,0.0,3.04,coinmarketcap_data_api_listings_historical
2025-07-04,10742,NT,NEXTYPE,4.801e-05,0.0,3.03,coinmarketcap_data_api_listings_historical
2025-07-04,32344,HMD,Healthmedi,0.00144537,0.0,3.02,coinmarketcap_data_api_listings_historical
2025-07-04,6111,ECOIN,Ecoin official,7.302e-05,0.0,3.01,coinmarketcap_data_api_listings_historical
2025-07-04,19242,DPLTR,Palantir Tokenized Stock (Defichain),2.99094155,0.0,3.0,coinmarketcap_data_api_listings_historical
2025-07-04,24059,SECT,Sector Finance,0.02250967,0.0,2.95,coinmarketcap_data_api_listings_historical
2025-07-04,3126,XPX,Sirius Chain,0.00018831,0.0,2.94,coinmarketcap_data_api_listings_historical
2025-07-04,18979,TARO,Taroverse,6.888e-05,0.0,2.93,coinmarketcap_data_api_listings_historical
2025-07-04,29868,GPUINU,GPU Inu,2.26e-06,0.0,2.89,coinmarketcap_data_api_listings_historical
2025-07-04,5524,TNC,TNC Coin,0.00026757,0.0,2.82,coinmarketcap_data_api_listings_historical
2025-07-04,6252,EGC,EcoG9coin,8.802e-05,0.0,2.65,coinmarketcap_data_api_listings_historical
2025-07-04,1257,LANA,LanaCoin,0.00216101,0.0,2.63,coinmarketcap_data_api_listings_historical
2025-07-04,24987,CLIPS,Clips,1e-08,0.0,2.6,coinmarketcap_data_api_listings_historical
2025-07-04,21371,DRAC,DRAC Network,0.00014584,0.0,2.59,coinmarketcap_data_api_listings_historical
2025-07-04,33033,MOG,MOG CAT,3.6e-05,0.0,2.52,coinmarketcap_data_api_listings_historical
2025-07-04,9395,STRI,Strite,0.00790201,0.0,2.51,coinmarketcap_data_api_listings_historical
2025-07-04,20346,MTRX,Metarix,0.00019805,0.0,2.5,coinmarketcap_data_api_listings_historical
2025-07-04,20097,EFFORT,Effort Economy,0.00043692,0.0,2.47,coinmarketcap_data_api_listings_historical
2025-07-04,31122,KPOP,KPOP,1.15e-05,0.0,2.43,coinmarketcap_data_api_listings_historical
2025-07-04,11394,WGC,Green Climate World,0.1492379,0.0,2.41,coinmarketcap_data_api_listings_historical
2025-07-04,14327,SMARTLOX,SmartLOX,5.994e-05,0.0,2.41,coinmarketcap_data_api_listings_historical
2025-07-04,25154,SWIM,SWIM - Spread Wisdom,2.49e-06,0.0,2.4,coinmarketcap_data_api_listings_historical
2025-07-04,8611,VKNF,VKENAF,0.0003801,0.0,2.36,coinmarketcap_data_api_listings_historical
2025-07-04,33993,DARAM,Daram,1.14e-06,0.0,2.28,coinmarketcap_data_api_listings_historical
2025-07-04,83,OMNI,Omni,2.48,0.0,2.24,coinmarketcap_data_api_listings_historical
2025-07-04,18064,PLATA,Plata Network,9.248e-05,0.0,2.19,coinmarketcap_data_api_listings_historical
2025-07-04,34954,WYS,WYscale,0.00100025,0.0,2.18,coinmarketcap_data_api_listings_historical
2025-07-04,36332,CAPY,Capybara,6.081e-05,0.0,2.18,coinmarketcap_data_api_listings_historical
2025-07-04,22749,KEC,Kaichain,0.00025006,0.0,2.15,coinmarketcap_data_api_listings_historical
2025-07-04,28355,ACM,All Crypto Mechanics,0.14101581,0.0,2.15,coinmarketcap_data_api_listings_historical
2025-07-04,2313,SRN,SIRIN LABS Token,0.00019776,0.0,2.14,coinmarketcap_data_api_listings_historical
2025-07-04,23205,XST,SORA Synthetics,1e-08,0.0,2.1,coinmarketcap_data_api_listings_historical
2025-07-04,3634,KAT,Kambria,5.901e-05,0.0,2.05,coinmarketcap_data_api_listings_historical
2025-07-04,2603,NPXS,Pundi X (Old),8.966e-05,0.0,2.03,coinmarketcap_data_api_listings_historical
2025-07-04,16128,PRED,Predictcoin,0.01434461,0.0,2.02,coinmarketcap_data_api_listings_historical
2025-07-04,33530,BSK,BTCSKR,0.01986441,0.0,2.01,coinmarketcap_data_api_listings_historical
2025-07-04,7586,EARN,Yearn Classic Finance,0.0062916,0.0,2.01,coinmarketcap_data_api_listings_historical
2025-07-04,8500,NTX,NitroEX,1.93e-05,0.0,2.01,coinmarketcap_data_api_listings_historical
2025-07-04,9193,PROT,Prostarter,0.00487124,0.0,2.01,coinmarketcap_data_api_listings_historical
2025-07-04,9241,SATOZ,Satozhi,0.01111183,0.0,2.01,coinmarketcap_data_api_listings_historical
2025-07-04,11539,VNDT,Vendit,0.00081921,0.0,2.01,coinmarketcap_data_api_listings_historical
2025-07-04,12818,GOTEM,gotEM,9.7e-06,0.0,1.95,coinmarketcap_data_api_listings_historical
2025-07-04,21199,SURF,Surf Live,0.02890734,0.0,1.94,coinmarketcap_data_api_listings_historical
2025-07-04,14094,GEMS,AlgoGems,0.00770196,0.0,1.81,coinmarketcap_data_api_listings_historical
2025-07-04,34983,MIGMIG,MigMig,7.83e-06,0.0,1.76,coinmarketcap_data_api_listings_historical
2025-07-04,27465,CHARGED,GoCharge Tech,0.00071413,0.0,1.68,coinmarketcap_data_api_listings_historical
2025-07-04,35528,MINTO,The AI Mascot,1.309e-05,0.0,1.65,coinmarketcap_data_api_listings_historical
2025-07-04,7986,HUB,Hub - Human Trust Protocol,0.00015304,0.0,1.6,coinmarketcap_data_api_listings_historical
2025-07-04,11413,CERES,Ceres,4.56211117,0.0,1.57,coinmarketcap_data_api_listings_historical
2025-07-04,13531,KVERSE,Keeps Coin,1.61e-05,0.0,1.57,coinmarketcap_data_api_listings_historical
2025-07-04,2705,AMN,Amon,3.52e-06,0.0,1.54,coinmarketcap_data_api_listings_historical
2025-07-04,19585,OCW,Online Cold Wallet,0.0094494,0.0,1.51,coinmarketcap_data_api_listings_historical
2025-07-04,6911,BNSD,BNSD Finance,9.302e-05,0.0,1.51,coinmarketcap_data_api_listings_historical
2025-07-04,9027,HVE2,Uhive,7.031e-05,0.0,1.51,coinmarketcap_data_api_listings_historical
2025-07-04,32845,GC,gold coin,0.01658421,0.0,1.5,coinmarketcap_data_api_listings_historical
2025-07-04,21653,LVM,LakeViewMeta,0.00010671,0.0,1.48,coinmarketcap_data_api_listings_historical
2025-07-04,10518,WSHIB,wShiba,0.0,0.0,1.45,coinmarketcap_data_api_listings_historical
2025-07-04,19372,JOC,Speed Star JOC,5.93e-06,0.0,1.44,coinmarketcap_data_api_listings_historical
2025-07-04,15853,AXL,Axl Inu,1.9e-07,0.0,1.43,coinmarketcap_data_api_listings_historical
2025-07-04,34049,DOBUY,Just do buy,0.00152039,0.0,1.42,coinmarketcap_data_api_listings_historical
2025-07-04,1918,ACT,Achain,0.00081756,0.0,1.36,coinmarketcap_data_api_listings_historical
2025-07-04,10393,LEOPARD,LEOPARD,0.0,0.0,1.25,coinmarketcap_data_api_listings_historical
2025-07-04,18143,FAF,Fairface,0.00271069,0.0,1.23,coinmarketcap_data_api_listings_historical
2025-07-04,12246,SST,Social Swap Token,0.00017124,0.0,1.2,coinmarketcap_data_api_listings_historical
2025-07-04,34824,SKINUT,Skimask Pnut,4.327e-05,0.0,1.08,coinmarketcap_data_api_listings_historical
2025-07-04,33112,FINA,Lufina,0.00022193,0.0,1.05,coinmarketcap_data_api_listings_historical
2025-07-04,8295,CPU,CPUcoin,0.00019005,0.0,1.03,coinmarketcap_data_api_listings_historical
2025-07-04,6598,ANG,Aureus Nummus Gold,0.00016504,0.0,1.02,coinmarketcap_data_api_listings_historical
2025-07-04,19822,SMTF,SmartFi,0.03890988,0.0,1.01,coinmarketcap_data_api_listings_historical
2025-07-04,10570,BSCGIRL,Binance Smart Chain Girl,9.95e-06,0.0,1.01,coinmarketcap_data_api_listings_historical
2025-07-04,32005,JWIF,Jerrywifhat,3.701e-05,0.0,1.01,coinmarketcap_data_api_listings_historical
2025-07-04,16253,TR3,Tr3zor,1.6e-05,0.0,0.96,coinmarketcap_data_api_listings_historical
2025-07-04,12737,UMI,Umi Digital,1.6e-07,0.0,0.93,coinmarketcap_data_api_listings_historical
2025-07-04,32338,BABYPEIPEI,Baby PeiPei,0.0,0.0,0.92,coinmarketcap_data_api_listings_historical
2025-07-04,28897,GECKO,Gecko Coin,3.2e-07,0.0,0.91,coinmarketcap_data_api_listings_historical
2025-07-04,4883,GNTO,GoldeNugget,0.20075098,0.0,0.78,coinmarketcap_data_api_listings_historical
2025-07-04,9700,MCT,Microtuber,0.00014869,0.0,0.78,coinmarketcap_data_api_listings_historical
2025-07-04,18877,DAMZN,Amazon Tokenized Stock (Defichain),4.85492181,0.0,0.69,coinmarketcap_data_api_listings_historical
2025-07-04,3589,ETHM,Ethereum Meta,0.0,0.0,0.65,coinmarketcap_data_api_listings_historical
2025-07-04,17633,EMP,Emp Money,0.00051133,0.0,0.63,coinmarketcap_data_api_listings_historical
2025-07-04,3432,RPD,Rapids,0.00024729,0.0,0.55,coinmarketcap_data_api_listings_historical
2025-07-04,10277,TRONPAD,TRONPAD,0.00118166,0.0,0.53,coinmarketcap_data_api_listings_historical
2025-07-04,29201,BABYPEPE,BabyPepeFi,0.00728625,0.0,0.38,coinmarketcap_data_api_listings_historical
2025-07-04,7116,ACPT,Crypto Accept,9.11e-06,0.0,0.31,coinmarketcap_data_api_listings_historical
2025-07-04,6824,EPS,Epanus,0.03564906,0.0,0.28,coinmarketcap_data_api_listings_historical
2025-07-04,21576,BTCPAY,Bitcoin Pay,0.00481221,0.0,0.27,coinmarketcap_data_api_listings_historical
2025-07-04,8035,GR,Grom,0.00028007,0.0,0.14,coinmarketcap_data_api_listings_historical
2025-07-04,33336,AGNT,iAgent Protocol,0.00106026,0.0,0.13,coinmarketcap_data_api_listings_historical
2025-07-04,10712,AI,Flourishing AI,0.01980743,0.0,0.1,coinmarketcap_data_api_listings_historical
2025-07-04,3672,DOGEC,DogeCash,0.00137372,0.0,0.08,coinmarketcap_data_api_listings_historical
2025-07-04,23608,AIAI,All In AI,6.029e-05,0.0,0.07,coinmarketcap_data_api_listings_historical
2025-07-04,13813,XENT,XENT,0.00230057,0.0,0.06,coinmarketcap_data_api_listings_historical
2025-07-04,29171,JOKER,JOKER,0.0,0.0,0.05,coinmarketcap_data_api_listings_historical
2025-07-04,32894,EARLY,Early Risers,1.501e-05,0.0,0.04,coinmarketcap_data_api_listings_historical
2025-07-04,819,BITB,Bean Cash,0.00045527,0.0,0.04,coinmarketcap_data_api_listings_historical
2025-07-04,35731,BIBI,Bibi,0.0,0.0,0.04,coinmarketcap_data_api_listings_historical
2025-07-04,4075,XCHF,CryptoFranc,0.02464082,0.0,0.04,coinmarketcap_data_api_listings_historical
2025-07-04,32907,FTS,FINANCIAL TRANSACTION SYSTEM,0.00550187,0.0,0.03,coinmarketcap_data_api_listings_historical
2025-07-04,4,TRC,Terracoin,0.01404656,0.0,0.02,coinmarketcap_data_api_listings_historical
2025-07-04,33991,PUMP,PUMP,1.27e-05,0.0,0.02,coinmarketcap_data_api_listings_historical
2025-07-04,20647,VITAL,Vital Network,1.1e-07,0.0,0.02,coinmarketcap_data_api_listings_historical
2025-07-04,707,BLOCK,Blocknet,0.01656832,0.0,0.01,coinmarketcap_data_api_listings_historical
2025-07-04,17299,KKT,Kingdom Karnage Token,0.00138877,0.0,0.01,coinmarketcap_data_api_listings_historical
2025-07-04,17888,ABCD,Crypto Inu,0.0,0.0,0.01,coinmarketcap_data_api_listings_historical
2025-07-04,4909,MERGE,Merge,0.00028668,0.0,0.01,coinmarketcap_data_api_listings_historical
2025-07-04,5066,MON,MoneyByte,0.02744901,0.0,0.01,coinmarketcap_data_api_listings_historical
2025-07-04,23483,AVN,Avian,9.03e-06,0.0,0.01,coinmarketcap_data_api_listings_historical
2025-07-04,23566,MIR,MIR Token,7.13e-05,0.0,0.01,coinmarketcap_data_api_listings_historical
2025-07-04,25394,PEAR,Pear Swap,0.00056,0.0,0.01,coinmarketcap_data_api_listings_historical
2025-07-04,9191,OCC,Occam.Fi,0.003325,0.0,0.01,coinmarketcap_data_api_listings_historical
2025-07-04,31697,MITTENS,Mittens,0.00015888,0.0,0.01,coinmarketcap_data_api_listings_historical
2025-07-04,16387,POOP,Poopsicle,8.608e-05,0.0,0.0,coinmarketcap_data_api_listings_historical
2025-07-04,32773,wzkCRO,Wrapped zkCRO,0.08136069,0.0,0.0,coinmarketcap_data_api_listings_historical
2025-07-04,6,NVC,Novacoin,0.02264326,0.0,0.0,coinmarketcap_data_api_listings_historical
2025-07-04,32776,WUKONG,Sun Wukong,0.00033007,0.0,0.0,coinmarketcap_data_api_listings_historical
2025-07-04,32777,DOGS,DOGS Solana,0.0,0.0,0.0,coinmarketcap_data_api_listings_historical
2025-07-04,10,FRC,Freicoin,0.00755344,0.0,0.0,coinmarketcap_data_api_listings_historical
2025-07-04,32780,MIRAI,MIRAI,0.00072963,0.0,0.0,coinmarketcap_data_api_listings_historical
2025-07-04,32781,USSD,Autonomous Secure Dollar,0.99662489,0.0,0.0,coinmarketcap_data_api_listings_historical
2025-07-04,16,WDC,WorldCoin WDC,0.00210102,0.0,0.0,coinmarketcap_data_api_listings_historical
2025-07-04,16406,CAKESWAP,CakeSwap,0.00083694,0.0,0.0,coinmarketcap_data_api_listings_historical
2025-07-04,32793,TCAT,Tron cat,5.166e-05,0.0,0.0,coinmarketcap_data_api_listings_historical
2025-07-04,16411,PLS,iPulse,0.01000239,0.0,0.0,coinmarketcap_data_api_listings_historical
2025-07-04,32807,SR30,SatsRush,8.537e-05,0.0,0.0,coinmarketcap_data_api_listings_historical
2025-07-04,32811,DIABLO,Diablo IV Solana,0.0,0.0,0.0,coinmarketcap_data_api_listings_historical
2025-07-04,32815,DOGS,DOGS SOL,1e-08,0.0,0.0,coinmarketcap_data_api_listings_historical
2025-07-04,32820,CASPER,Vitalik's Casper,1.029e-05,0.0,0.0,coinmarketcap_data_api_listings_historical
2025-07-04,56,ZET,Zetacoin,0.00098754,0.0,0.0,coinmarketcap_data_api_listings_historical
2025-07-04,32825,FLUFFI,Fluffington,0.00015806,0.0,0.0,coinmarketcap_data_api_listings_historical
2025-07-04,61,TAG,TagCoin,0.00316289,0.0,0.0,coinmarketcap_data_api_listings_historical
2025-07-04,32829,DRGN,Dragon Sun,0.00011101,0.0,0.0,coinmarketcap_data_api_listings_historical
2025-07-04,32835,TRUMP,CRAZY TRUMP,3.47e-06,0.0,0.0,coinmarketcap_data_api_listings_historical
2025-07-04,16458,OBS,Obsidium,0.00416141,0.0,0.0,coinmarketcap_data_api_listings_historical
2025-07-04,32842,BOE,Bullish On Ethereum,4.111e-05,0.0,0.0,coinmarketcap_data_api_listings_historical
2025-07-04,32843,BBC,BBC,0.00167672,0.0,0.0,coinmarketcap_data_api_listings_historical
2025-07-04,78,HBN,HoboNickels,0.00218993,0.0,0.0,coinmarketcap_data_api_listings_historical
2025-07-04,32846,MAD,Madhouse,2.1e-07,0.0,0.0,coinmarketcap_data_api_listings_historical
2025-07-04,93,42,42-coin,81548.33926523,0.0,0.0,coinmarketcap_data_api_listings_historical
2025-07-04,32867,CTO,BaseCTO,6.346e-05,0.0,0.0,coinmarketcap_data_api_listings_historical
2025-07-04,32869,SOLETF,SOL ETF,0.0,0.0,0.0,coinmarketcap_data_api_listings_historical
2025-07-04,32891,DSC,DSC,0.00194581,0.0,0.0,coinmarketcap_data_api_listings_historical
2025-07-04,128,MAX,Maxcoin,0.00219261,0.0,0.0,coinmarketcap_data_api_listings_historical
2025-07-04,16517,VPND,VaporNodes,0.00068538,0.0,0.0,coinmarketcap_data_api_listings_historical
2025-07-04,16526,NMBTC,NanoMeter Bitcoin,3e-08,0.0,0.0,coinmarketcap_data_api_listings_historical
2025-07-04,32910,PACO,Paco,1.401e-05,0.0,0.0,coinmarketcap_data_api_listings_historical
2025-07-04,32911,SHIT,Shitcoin (SOL),0.00011485,0.0,0.0,coinmarketcap_data_api_listings_historical
2025-07-04,32917,FAPTAX,Faptax,0.00013457,0.0,0.0,coinmarketcap_data_api_listings_historical
2025-07-04,32918,BIC,BIC,0.00130393,0.0,0.0,coinmarketcap_data_api_listings_historical
2025-07-04,32919,BNBCAT,BNBcat,4.374e-05,0.0,0.0,coinmarketcap_data_api_listings_historical
2025-07-04,32929,TRUMP,BOME TRUMP,8.076e-05,0.0,0.0,coinmarketcap_data_api_listings_historical
2025-07-04,16547,TRI,Trisolaris,0.00047038,0.0,0.0,coinmarketcap_data_api_listings_historical
2025-07-04,32932,TRUMP,TRUMP MAGA SUPER,1.602e-05,0.0,0.0,coinmarketcap_data_api_listings_historical
2025-07-04,32934,KAGE,Kage Network,0.00260614,0.0,0.0,coinmarketcap_data_api_listings_historical
2025-07-04,32937,UNICORN,Ethereum Unicorn,2.303e-05,0.0,0.0,coinmarketcap_data_api_listings_historical
2025-07-04,170,BLK,BlackCoin,0.05922767,0.0,0.0,coinmarketcap_data_api_listings_historical
2025-07-04,32960,PIKA,Pika,0.00013238,0.0,0.0,coinmarketcap_data_api_listings_historical
2025-07-04,32962,WUKONG,WUKONG,0.0,0.0,0.0,coinmarketcap_data_api_listings_historical
2025-07-04,32973,TBX,TurboX,0.13026896,0.0,0.0,coinmarketcap_data_api_listings_historical
2025-07-04,32974,Blokista,Blokista,0.79998098,0.0,0.0,coinmarketcap_data_api_listings_historical
2025-07-04,32982,PEPE,SEXY PEPE,0.00018476,0.0,0.0,coinmarketcap_data_api_listings_historical
2025-07-04,215,RBY,Rubycoin,0.76751863,0.0,0.0,coinmarketcap_data_api_listings_historical
2025-07-04,32985,NEIRO,Neiro on Tron,8.404e-05,0.0,0.0,coinmarketcap_data_api_listings_historical
2025-07-04,32997,MKL,Merkle Trade,0.07908041,0.0,0.0,coinmarketcap_data_api_listings_historical
2025-07-04,32999,BWULL,Bwull,3.806e-05,0.0,0.0,coinmarketcap_data_api_listings_historical
2025-07-04,33006,FAH,Falcons,1.36060823,0.0,0.0,coinmarketcap_data_api_listings_historical
2025-07-04,33008,MAHA,Make America Healthy Again,9.95e-06,0.0,0.0,coinmarketcap_data_api_listings_historical
2025-07-04,33010,NEIREI,NeiRei,1.1e-06,0.0,0.0,coinmarketcap_data_api_listings_historical
2025-07-04,33012,LUCI,LUCI,0.00096726,0.0,0.0,coinmarketcap_data_api_listings_historical
2025-07-04,33016,MICRODOGE,MicroDoge,0.0,0.0,0.0,coinmarketcap_data_api_listings_historical
2025-07-04,33019,DOGE,Department Of Government Efficiency (doge.ong),1.2e-07,0.0,0.0,coinmarketcap_data_api_listings_historical
2025-07-04,33020,DEEBO,Deebo the Bear,5.055e-05,0.0,0.0,coinmarketcap_data_api_listings_historical
2025-07-04,33022,CATALORIAN,CATALORIAN (catalorian.club),0.0,0.0,0.0,coinmarketcap_data_api_listings_historical
2025-07-04,16640,TETHYS,Tethys,0.00272621,0.0,0.0,coinmarketcap_data_api_listings_historical
2025-07-04,33026,DEV,My Dog Is The DEV,8.4e-05,0.0,0.0,coinmarketcap_data_api_listings_historical
2025-07-04,16643,HBB,Hubble Protocol,0.00527481,0.0,0.0,coinmarketcap_data_api_listings_historical
2025-07-04,260,XPD,PetroDollar,0.0130727,0.0,0.0,coinmarketcap_data_api_listings_historical
2025-07-04,263,PLNC,PLNcoin,0.00098272,0.0,0.0,coinmarketcap_data_api_listings_historical
2025-07-04,33036,WLFI,World Liberty Financial (wlfi.site),0.0,0.0,0.0,coinmarketcap_data_api_listings_historical
2025-07-04,33040,NOOOO,NOOOO,0.0005022,0.0,0.0,coinmarketcap_data_api_listings_historical
2025-07-04,276,BITS,Bitstar,0.0022207,0.0,0.0,coinmarketcap_data_api_listings_historical
2025-07-04,33044,SCAT,Simon's Baby Cat,1.247e-05,0.0,0.0,coinmarketcap_data_api_listings_historical
2025-07-04,278,QBC,Quebecoin,0.00103887,0.0,0.0,coinmarketcap_data_api_listings_historical
2025-07-04,33052,WLFI,World Liberty Financial (wlfi.one),2.03e-05,0.0,0.0,coinmarketcap_data_api_listings_historical
2025-07-04,16671,MVS,Multiverse,2.891e-05,0.0,0.0,coinmarketcap_data_api_listings_historical
2025-07-04,33057,CATI,Catizen on SOL,0.0,0.0,0.0,coinmarketcap_data_api_listings_historical
2025-07-04,290,BLU,BlueCoin,0.00098272,0.0,0.0,coinmarketcap_data_api_listings_historical
2025-07-04,33062,SDOGE,S.D.O.G.E,1.201e-05,0.0,0.0,coinmarketcap_data_api_listings_historical
2025-07-04,33065,MOODENG,MOO DENG (moodengmoon),0.0,0.0,0.0,coinmarketcap_data_api_listings_historical
2025-07-04,33071,MADA,Make America Drill Again,3e-08,0.0,0.0,coinmarketcap_data_api_listings_historical
2025-07-04,33072,UNCN,Unseen,0.33759137,0.0,0.0,coinmarketcap_data_api_listings_historical
2025-07-04,33074,BABYPEIPEI,Baby PeiPei (babypeipeicoin.com),7e-08,0.0,0.0,coinmarketcap_data_api_listings_historical
2025-07-04,33079,NEILUO,CHINESE NEIRO,4e-08,0.0,0.0,coinmarketcap_data_api_listings_historical
2025-07-04,316,DRM,Dreamcoin,0.00583512,0.0,0.0,coinmarketcap_data_api_listings_historical
2025-07-04,33091,GINNAN,Ginnan Doge's Brother,8.5e-07,0.0,0.0,coinmarketcap_data_api_listings_historical
2025-07-04,16708,ZPRO,ZAT Project,9.999e-05,0.0,0.0,coinmarketcap_data_api_listings_historical
2025-07-04,33099,$LIQ,Liquor,1.03e-06,0.0,0.0,coinmarketcap_data_api_listings_historical
2025-07-04,16721,PAVIA,Pavia,0.00042905,0.0,0.0,coinmarketcap_data_api_listings_historical
2025-07-04,33109,BURGER,Crypto Burger,1.3e-07,0.0,0.0,coinmarketcap_data_api_listings_historical
2025-07-04,33118,CDOG,Cyber Dog,1.791e-05,0.0,0.0,coinmarketcap_data_api_listings_historical
2025-07-04,33119,MSC,Matrix SmartChain,0.0,0.0,0.0,coinmarketcap_data_api_listings_historical
2025-07-04,16740,SEOR,SEOR Network,4.465e-05,0.0,0.0,coinmarketcap_data_api_listings_historical
2025-07-04,33124,THUG,THUG,4.2e-07,0.0,0.0,coinmarketcap_data_api_listings_historical
2025-07-04,33125,WIGL,Wigl,0.06407375,0.0,0.0,coinmarketcap_data_api_listings_historical
2025-07-04,360,MOTO,Motocoin,0.00214706,0.0,0.0,coinmarketcap_data_api_listings_historical
2025-07-04,33132,ODIN,ODIN Coin,2.39e-06,0.0,0.0,coinmarketcap_data_api_listings_historical
2025-07-04,16749,FOX,FOX TOKEN,0.0,0.0,0.0,coinmarketcap_data_api_listings_historical
2025-07-04,367,C2,Coin2.1,0.00098272,0.0,0.0,coinmarketcap_data_api_listings_historical
2025-07-04,16751,ISKY,Infinity Skies,0.00054591,0.0,0.0,coinmarketcap_data_api_listings_historical
2025-07-04,33135,ANDX,Anatolia Token,8.6e-07,0.0,0.0,coinmarketcap_data_api_listings_historical
2025-07-04,33136,DEDI,Dedium,0.02153684,0.0,0.0,coinmarketcap_data_api_listings_historical
2025-07-04,33141,AGURI,Aguri-Chan,2.9e-07,0.0,0.0,coinmarketcap_data_api_listings_historical
2025-07-04,377,NAV,Navio,0.05445607,0.0,0.0,coinmarketcap_data_api_listings_historical
2025-07-04,33146,CERBER,CERBEROGE,0.0,0.0,0.0,coinmarketcap_data_api_listings_historical
2025-07-04,16769,SFF,Sunflower Farm,0.0003471,0.0,0.0,coinmarketcap_data_api_listings_historical
2025-07-04,389,START,Startcoin,0.00098272,0.0,0.0,coinmarketcap_data_api_listings_historical
2025-07-04,33161,KERMIT,Kermit,0.0,0.0,0.0,coinmarketcap_data_api_listings_historical
2025-07-04,33169,ANDYMAN,ANDYMAN,0.0005022,0.0,0.0,coinmarketcap_data_api_listings_historical
2025-07-04,405,XDN,DigitalNote,1.669e-05,0.0,0.0,coinmarketcap_data_api_listings_historical
2025-07-04,33176,PUGWIF,PUGWIFHAT,0.00018584,0.0,0.0,coinmarketcap_data_api_listings_historical
2025-07-04,33178,FLAY,Flayer,0.01546273,0.0,0.0,coinmarketcap_data_api_listings_historical
2025-07-04,33181,DOE,Dogs of Elon,0.00014151,0.0,0.0,coinmarketcap_data_api_listings_historical
2025-07-04,33182,MOONBIX,MOONBIX MEME,0.0,0.0,0.0,coinmarketcap_data_api_listings_historical
2025-07-04,33191,SAGE,Sage,0.01257853,0.0,0.0,coinmarketcap_data_api_listings_historical
2025-07-04,33201,MISHA,MISHA,1.5e-07,0.0,0.0,coinmarketcap_data_api_listings_historical
2025-07-04,33203,MARVIN,Marvin Inu (ETH),6.8e-07,0.0,0.0,coinmarketcap_data_api_listings_historical
2025-07-04,16821,MEAN,Mean DAO,0.00015346,0.0,0.0,coinmarketcap_data_api_listings_historical
2025-07-04,33207,HUAHUA,HUA HUA,0.00019737,0.0,0.0,coinmarketcap_data_api_listings_historical
2025-07-04,33214,ZHOA,Chengpang Zhoa,0.00010006,0.0,0.0,coinmarketcap_data_api_listings_historical
2025-07-04,16831,FUSD,Fantom USD,0.09665422,0.0,0.0,coinmarketcap_data_api_listings_historical
2025-07-04,448,XST,Stealth,0.0095024,0.0,0.0,coinmarketcap_data_api_listings_historical
2025-07-04,33219,FTP,Fist Trump Pump,0.06759058,0.0,0.0,coinmarketcap_data_api_listings_historical
2025-07-04,460,CLAM,Clams,0.33716283,0.0,0.0,coinmarketcap_data_api_listings_historical
2025-07-04,33231,MOSHI,Moshi,7.87e-06,0.0,0.0,coinmarketcap_data_api_listings_historical
2025-07-04,33233,MELO,melo,1.9e-07,0.0,0.0,coinmarketcap_data_api_listings_historical
2025-07-04,470,VIA,Viacoin,0.27797906,0.0,0.0,coinmarketcap_data_api_listings_historical
2025-07-04,33242,GRUMPY,Grumpy Cat (grumpycatspl.com),8.72e-06,0.0,0.0,coinmarketcap_data_api_listings_historical
2025-07-04,33246,D.O.G.E,Department Of Government Efficiency,6.5e-07,0.0,0.0,coinmarketcap_data_api_listings_historical
2025-07-04,33247,TERMINUS,Terminus,2e-07,0.0,0.0,coinmarketcap_data_api_listings_historical
2025-07-04,33248,DOGEI,Dogei,1.3e-07,0.0,0.0,coinmarketcap_data_api_listings_historical
2025-07-04,33256,NOTDOG,NOTDOG,5e-08,0.0,0.0,coinmarketcap_data_api_listings_historical
2025-07-04,33257,MARVIN,MARVIN,3.4e-07,0.0,0.0,coinmarketcap_data_api_listings_historical
2025-07-04,16875,TAUM,Orbitau Taureum,1.856e-05,0.0,0.0,coinmarketcap_data_api_listings_historical
2025-07-04,33259,BEE,Bee,2.058e-05,0.0,0.0,coinmarketcap_data_api_listings_historical
2025-07-04,33262,CAPY,Capy coin,2.316e-05,0.0,0.0,coinmarketcap_data_api_listings_historical
2025-07-04,33265,BBONK,BitBonk,9.43e-06,0.0,0.0,coinmarketcap_data_api_listings_historical
2025-07-04,501,XCN,Cryptonite,0.00103944,0.0,0.0,coinmarketcap_data_api_listings_historical
2025-07-04,502,CARBON,Carboncoin,0.0009692,0.0,0.0,coinmarketcap_data_api_listings_historical
2025-07-04,33272,FLS,FLOOS,0.00013793,0.0,0.0,coinmarketcap_data_api_listings_historical
2025-07-04,33281,SUIB,Suiba Inu,0.00013684,0.0,0.0,coinmarketcap_data_api_listings_historical
2025-07-04,16900,OPTCM,Optimus,0.00063033,0.0,0.0,coinmarketcap_data_api_listings_historical
2025-07-04,16902,VERVE,Verve,0.00026024,0.0,0.0,coinmarketcap_data_api_listings_historical
2025-07-04,33286,VOLT,VOLT.WIN,0.0020397,0.0,0.0,coinmarketcap_data_api_listings_historical
2025-07-04,33296,MOO,MooMoo Token,0.001067,0.0,0.0,coinmarketcap_data_api_listings_historical
2025-07-04,33297,DOGGO,Doggo (doggocto.com),4.5e-07,0.0,0.0,coinmarketcap_data_api_listings_historical
2025-07-04,33300,BABYDENG,Baby Moo Deng,4.441e-05,0.0,0.0,coinmarketcap_data_api_listings_historical
2025-07-04,33315,AVENT,Aventa,0.00030703,0.0,0.0,coinmarketcap_data_api_listings_historical
2025-07-04,33317,SASHA,SASHA CAT,0.0,0.0,0.0,coinmarketcap_data_api_listings_historical
2025-07-04,33318,SUITE,Suite,0.02954283,0.0,0.0,coinmarketcap_data_api_listings_historical
2025-07-04,558,EMC,Emercoin,0.09467277,0.0,0.0,coinmarketcap_data_api_listings_historical
2025-07-04,16943,TSHARE,Tomb Shares,9.89870465,0.0,0.0,coinmarketcap_data_api_listings_historical
2025-07-04,33329,BKOK,BKOK FinTech,0.05668359,0.0,0.0,coinmarketcap_data_api_listings_historical
2025-07-04,16946,MCT,Metacraft,1.51281866,0.0,0.0,coinmarketcap_data_api_listings_historical
2025-07-04,33332,LEN,Len Sassaman (Ethereum),0.00066897,0.0,0.0,coinmarketcap_data_api_listings_historical
2025-07-04,33333,CSI,CSI888,0.00018316,0.0,0.0,coinmarketcap_data_api_listings_historical
2025-07-04,33339,NAMI,Suinami,1.108e-05,0.0,0.0,coinmarketcap_data_api_listings_historical
2025-07-04,572,RBBT,RabbitCoin,0.00098272,0.0,0.0,coinmarketcap_data_api_listings_historical
2025-07-04,33341,LEPER,Leper,2.311e-05,0.0,0.0,coinmarketcap_data_api_listings_historical
2025-07-04,33343,TAXI,Robotaxi,0.01496404,0.0,0.0,coinmarketcap_data_api_listings_historical
2025-07-04,33348,MARI,Mari Juana,7e-08,0.0,0.0,coinmarketcap_data_api_listings_historical
2025-07-04,33353,DOGGO,Doggo Inu,0.0,0.0,0.0,coinmarketcap_data_api_listings_historical
2025-07-04,33355,DXY,US Degen Index 6900,0.00057353,0.0,0.0,coinmarketcap_data_api_listings_historical
2025-07-04,16972,MSHEESHA,Sheesha Finance Polygon,0.00010656,0.0,0.0,coinmarketcap_data_api_listings_historical
2025-07-04,597,OPAL,Opal,0.00436779,0.0,0.0,coinmarketcap_data_api_listings_historical
2025-07-04,16981,mCELO,Moola Celo,0.26678292,0.0,0.0,coinmarketcap_data_api_listings_historical
2025-07-04,16982,mCEUR,Moola Celo EUR,1.17877456,0.0,0.0,coinmarketcap_data_api_listings_historical
2025-07-04,16983,mCUSD,Moola Celo USD,1.00051972,0.0,0.0,coinmarketcap_data_api_listings_historical
2025-07-04,33373,FIONA,Fiona,7e-08,0.0,0.0,coinmarketcap_data_api_listings_historical
2025-07-04,33377,SUIJAK,Suijak,1.664e-05,0.0,0.0,coinmarketcap_data_api_listings_historical
2025-07-04,33383,HAWK,Hawk,6.185e-05,0.0,0.0,coinmarketcap_data_api_listings_historical
2025-07-04,33390,TYLER,Tyler,1.684e-05,0.0,0.0,coinmarketcap_data_api_listings_historical
2025-07-04,33394,POCHITA,Pochita (pochita-eth),1.8e-07,0.0,0.0,coinmarketcap_data_api_listings_historical
2025-07-04,33396,ROBOTAXI,ROBOTAXI,0.0,0.0,0.0,coinmarketcap_data_api_listings_historical
2025-07-04,17017,VCG,VCGamers,0.00746842,0.0,0.0,coinmarketcap_data_api_listings_historical
2025-07-04,33408,NASDAQ420,Nasdaq420,0.00297638,0.0,0.0,coinmarketcap_data_api_listings_historical
2025-07-04,33412,MIHARU,Smiling Dolphin(miharucto.com),0.00026895,0.0,0.0,coinmarketcap_data_api_listings_historical
2025-07-04,33415,FROP,Popo The Frog,8e-07,0.0,0.0,coinmarketcap_data_api_listings_historical
2025-07-04,33416,DIDDY,DIDDY,1.646e-05,0.0,0.0,coinmarketcap_data_api_listings_historical
2025-07-04,33417,BABY NEIRO,BABY NEIRO,3.055e-05,0.0,0.0,coinmarketcap_data_api_listings_historical
2025-07-04,33420,ITO,ITO,2.6e-07,0.0,0.0,coinmarketcap_data_api_listings_historical
2025-07-04,33423,NEIROH,NeiroWifHat,2.771e-05,0.0,0.0,coinmarketcap_data_api_listings_historical
2025-07-04,656,PXI,Prime-XI,0.00098272,0.0,0.0,coinmarketcap_data_api_listings_historical
2025-07-04,33432,LABUBU,Labubu,6.183e-05,0.0,0.0,coinmarketcap_data_api_listings_historical
2025-07-04,33436,TSLA,TSLA6900,1e-07,0.0,0.0,coinmarketcap_data_api_listings_historical
2025-07-04,33437,EDOG,EDOG,1.013e-05,0.0,0.0,coinmarketcap_data_api_listings_historical
2025-07-04,33450,TST,TheStandard Token,0.00302486,0.0,0.0,coinmarketcap_data_api_listings_historical
2025-07-04,33453,PAC,America Pac,0.00032833,0.0,0.0,coinmarketcap_data_api_listings_historical
2025-07-04,33456,MINGO,Mingo,0.00306731,0.0,0.0,coinmarketcap_data_api_listings_historical
2025-07-04,33457,SHARP,Sharp AI,8.71e-06,0.0,0.0,coinmarketcap_data_api_listings_historical
2025-07-04,33458,WLFI,World Liberty Financial (wlfi.space),0.0,0.0,0.0,coinmarketcap_data_api_listings_historical
2025-07-04,17076,WMEMO,Wonderful Memories,67.82659498,0.0,0.0,coinmarketcap_data_api_listings_historical
2025-07-04,702,SPR,SpreadCoin,0.00098272,0.0,0.0,coinmarketcap_data_api_listings_historical
2025-07-04,33470,POPCAT,Popcat (ERC),4.192e-05,0.0,0.0,coinmarketcap_data_api_listings_historical
2025-07-04,703,RBT,Rimbit,0.00110067,0.0,0.0,coinmarketcap_data_api_listings_historical
2025-07-04,17088,FEED,chikn feed,5.814e-05,0.0,0.0,coinmarketcap_data_api_listings_historical
2025-07-04,33478,UTHX,Utherverse,0.01342399,0.0,0.0,coinmarketcap_data_api_listings_historical
2025-07-04,17097,SHIBIC,SHIBIC,3e-08,0.0,0.0,coinmarketcap_data_api_listings_historical
2025-07-04,720,CRW,Crown,0.00422013,0.0,0.0,coinmarketcap_data_api_listings_historical
2025-07-04,17109,PIN,Pay It Now,0.00539023,0.0,0.0,coinmarketcap_data_api_listings_historical
2025-07-04,33499,KABOSU,KabosuCoin (ERC),1.8e-07,0.0,0.0,coinmarketcap_data_api_listings_historical
2025-07-04,733,XQN,Quotient,0.00098272,0.0,0.0,coinmarketcap_data_api_listings_historical
2025-07-04,33503,DOGEFATHER,Dogefather,0.0,0.0,0.0,coinmarketcap_data_api_listings_historical
2025-07-04,33504,SHARKI,Sharki,0.00010525,0.0,0.0,coinmarketcap_data_api_listings_historical
2025-07-04,33505,DMAGA,DARK MAGA (darkmagacoin.com),2.3e-07,0.0,0.0,coinmarketcap_data_api_listings_historical
2025-07-04,33507,HEDGE,HedgeFi,0.00081762,0.0,0.0,coinmarketcap_data_api_listings_historical
2025-07-04,33508,CJ,Carl Johnson,2.09e-06,0.0,0.0,coinmarketcap_data_api_listings_historical
2025-07-04,33511,BOG,Bog Coin,0.0,0.0,0.0,coinmarketcap_data_api_listings_historical
2025-07-04,33513,kBTC,Kraken Wrapped Bitcoin,102913.90362724,0.0,0.0,coinmarketcap_data_api_listings_historical
2025-07-04,33517,RINO,Rino,0.0,0.0,0.0,coinmarketcap_data_api_listings_historical
2025-07-04,33519,DOGS,TRUMP DOGS,9.755e-05,0.0,0.0,coinmarketcap_data_api_listings_historical
2025-07-04,33521,MAGA,PEPE MAGA,7.398e-05,0.0,0.0,coinmarketcap_data_api_listings_historical
2025-07-04,33523,WLFI,World Liberty Financial(worldliberty.icu),0.0,0.0,0.0,coinmarketcap_data_api_listings_historical
2025-07-04,33525,MEN,MEN,6.7e-07,0.0,0.0,coinmarketcap_data_api_listings_historical
2025-07-04,33526,SANIN,Sanin,1.1e-07,0.0,0.0,coinmarketcap_data_api_listings_historical
2025-07-04,760,OK,Okcash,0.00322086,0.0,0.0,coinmarketcap_data_api_listings_historical
2025-07-04,764,XPY,PayCoin,0.00098272,0.0,0.0,coinmarketcap_data_api_listings_historical
2025-07-04,33532,FWOG,FWOG,0.0,0.0,0.0,coinmarketcap_data_api_listings_historical
2025-07-04,33536,SLV,Slavi Coin,5.001e-05,0.0,0.0,coinmarketcap_data_api_listings_historical
2025-07-04,33538,PLAY,PLAY,0.00360085,0.0,0.0,coinmarketcap_data_api_listings_historical
2025-07-04,33540,PEEZY,YOUNG PEEZY,5.413e-05,0.0,0.0,coinmarketcap_data_api_listings_historical
2025-07-04,17157,DREAM,Dream,0.04601605,0.0,0.0,coinmarketcap_data_api_listings_historical
2025-07-04,33546,CLASH,Clashub,0.00107185,0.0,0.0,coinmarketcap_data_api_listings_historical
2025-07-04,33547,URS,Uranus,0.00010269,0.0,0.0,coinmarketcap_data_api_listings_historical
2025-07-04,33553,INSURANCE,insurance,57.81991618,0.0,0.0,coinmarketcap_data_api_listings_historical
2025-07-04,17172,REV,Revolution,0.37096762,0.0,0.0,coinmarketcap_data_api_listings_historical
2025-07-04,789,NXS,Nexus,0.01800457,0.0,0.0,coinmarketcap_data_api_listings_historical
2025-07-04,33561,TRUMP,trumpwifhat,0.01965143,0.0,0.0,coinmarketcap_data_api_listings_historical
2025-07-04,33565,PONK,PONK,2.437e-05,0.0,0.0,coinmarketcap_data_api_listings_historical
2025-07-04,17183,LUM,Lum Network,3.236e-05,0.0,0.0,coinmarketcap_data_api_listings_historical
2025-07-04,33576,KHEOWZOO,khaokheowzoo,8.712e-05,0.0,0.0,coinmarketcap_data_api_listings_historical
2025-07-04,33578,INF,INFERNO,1.5e-07,0.0,0.0,coinmarketcap_data_api_listings_historical
2025-07-04,815,KOBO,Kobocoin,0.00527933,0.0,0.0,coinmarketcap_data_api_listings_historical
2025-07-04,33586,WOLT,Wolt,0.0,0.0,0.0,coinmarketcap_data_api_listings_historical
2025-07-04,33587,BELLS,Bellscoin ETH,0.0001511,0.0,0.0,coinmarketcap_data_api_listings_historical
2025-07-04,33590,WAAC,Wrapped  AyeAyeCoin,0.87414868,0.0,0.0,coinmarketcap_data_api_listings_historical
2025-07-04,33593,DOGAI,DOGAI,0.000718,0.0,0.0,coinmarketcap_data_api_listings_historical
2025-07-04,33594,TRAIMP,TRUMP AI,1.703e-05,0.0,0.0,coinmarketcap_data_api_listings_historical
2025-07-04,831,WBB,Wild Beast Block,0.00310585,0.0,0.0,coinmarketcap_data_api_listings_historical
2025-07-04,17215,FLAG,Flag Network,9.36e-06,0.0,0.0,coinmarketcap_data_api_listings_historical
2025-07-04,33602,BEANS,SUNBEANS,1e-08,0.0,0.0,coinmarketcap_data_api_listings_historical
2025-07-04,33610,BIGFOOT,BigFoot Town,0.00011702,0.0,0.0,coinmarketcap_data_api_listings_historical
2025-07-04,33615,BORK,Bork,0.00051384,0.0,0.0,coinmarketcap_data_api_listings_historical
2025-07-04,33617,LMQ,Lightning McQueen,1.82e-06,0.0,0.0,coinmarketcap_data_api_listings_historical
2025-07-04,33618,GOATSE,GOATSE,0.0,0.0,0.0,coinmarketcap_data_api_listings_historical
2025-07-04,33621,SDOGE,DOGE on Solana,8.746e-05,0.0,0.0,coinmarketcap_data_api_listings_historical
2025-07-04,857,SONG,SongCoin,0.00098272,0.0,0.0,coinmarketcap_data_api_listings_historical
2025-07-04,33625,TRUMP47,47th President of the United States,2.449e-05,0.0,0.0,coinmarketcap_data_api_listings_historical
2025-07-04,859,LOG,Woodcoin,0.04002414,0.0,0.0,coinmarketcap_data_api_listings_historical
2025-07-04,33636,TWIN,Twin Protocol,0.00193714,0.0,0.0,coinmarketcap_data_api_listings_historical
2025-07-04,33639,GDOG,GDOG,1.38e-06,0.0,0.0,coinmarketcap_data_api_listings_historical
2025-07-04,33647,MOODENG,Moo Deng (moodeng.sbs),1.546e-05,0.0,0.0,coinmarketcap_data_api_listings_historical
2025-07-04,33660,DOGS,Golden Dog,2e-08,0.0,0.0,coinmarketcap_data_api_listings_historical
2025-07-04,33663,BOG,Bog,0.0,0.0,0.0,coinmarketcap_data_api_listings_historical
2025-07-04,33664,$DICE,Mega Dice Casino,0.00134316,0.0,0.0,coinmarketcap_data_api_listings_historical
2025-07-04,898,CF,Californium,0.00103396,0.0,0.0,coinmarketcap_data_api_listings_historical
2025-07-04,33667,LOTUS,LOTUS,0.00014737,0.0,0.0,coinmarketcap_data_api_listings_historical
2025-07-04,33668,SPX2.0,SPX6900 2.0,0.00053308,0.0,0.0,coinmarketcap_data_api_listings_historical
2025-07-04,33682,SHIKOKU,Mikawa Inu,0.0,0.0,0.0,coinmarketcap_data_api_listings_historical
2025-07-04,33684,SKULL,Wolf Skull,8e-08,0.0,0.0,coinmarketcap_data_api_listings_historical
2025-07-04,918,BUB,Bubble,0.00106593,0.0,0.0,coinmarketcap_data_api_listings_historical
2025-07-04,17302,CHINAZILLA,ChinaZilla,0.0,0.0,0.0,coinmarketcap_data_api_listings_historical
2025-07-04,33688,POUPE,Poupe,8.68e-06,0.0,0.0,coinmarketcap_data_api_listings_historical
2025-07-04,921,UNIT,Universal Currency,0.00207669,0.0,0.0,coinmarketcap_data_api_listings_historical
2025-07-04,17306,LSR,LaserEyes,0.00072057,0.0,0.0,coinmarketcap_data_api_listings_historical
2025-07-04,33690,BARY,Bary,0.0,0.0,0.0,coinmarketcap_data_api_listings_historical
2025-07-04,33691,BX,Blynex,2.01e-06,0.0,0.0,coinmarketcap_data_api_listings_historical
2025-07-04,33693,HOOT,HOOT,1.435e-05,0.0,0.0,coinmarketcap_data_api_listings_historical
2025-07-04,33700,GRIMACE,Grimace,6e-08,0.0,0.0,coinmarketcap_data_api_listings_historical
2025-07-04,17317,INUS,MultiPlanetary Inus,0.0,0.0,0.0,coinmarketcap_data_api_listings_historical
2025-07-04,934,PKB,ParkByte,0.00211567,0.0,0.0,coinmarketcap_data_api_listings_historical
2025-07-04,17318,CATS,CATCOIN,0.0,0.0,0.0,coinmarketcap_data_api_listings_historical
2025-07-04,938,ARB,ARbit,0.00105562,0.0,0.0,coinmarketcap_data_api_listings_historical
2025-07-04,945,BTA,Bata,0.10549081,0.0,0.0,coinmarketcap_data_api_listings_historical
2025-07-04,948,ADC,AudioCoin,0.00098272,0.0,0.0,coinmarketcap_data_api_listings_historical
2025-07-04,951,SNRG,Synergy,0.01581447,0.0,0.0,coinmarketcap_data_api_listings_historical
2025-07-04,33721,CHIB,Chiba,3.6e-07,0.0,0.0,coinmarketcap_data_api_listings_historical
2025-07-04,33723,GOAT2,Goatseus Maximus 2.0,5.97e-06,0.0,0.0,coinmarketcap_data_api_listings_historical
2025-07-04,33735,SMETX,SpecialMetalX,0.82582651,0.0,0.0,coinmarketcap_data_api_listings_historical
2025-07-04,33738,LIO,Lio,1.125e-05,0.0,0.0,coinmarketcap_data_api_listings_historical
2025-07-04,33742,USD+,Overnight.fi USD+ (Blast),0.98989918,0.0,0.0,coinmarketcap_data_api_listings_historical
2025-07-04,33743,SUIMON,Sui Monster,1.861e-05,0.0,0.0,coinmarketcap_data_api_listings_historical
2025-07-04,978,XRA,Ratecoin,0.00096935,0.0,0.0,coinmarketcap_data_api_listings_historical
2025-07-04,33750,THECAT,THECAT,0.00050346,0.0,0.0,coinmarketcap_data_api_listings_historical
2025-07-04,33752,$MIHARU,Miharu The Smiling Dolphin,2.439e-05,0.0,0.0,coinmarketcap_data_api_listings_historical
2025-07-04,986,CREVA,CrevaCoin,0.00098272,0.0,0.0,coinmarketcap_data_api_listings_historical
2025-07-04,33756,TAB,TabMan,3.25e-06,0.0,0.0,coinmarketcap_data_api_listings_historical
2025-07-04,993,BSC,BowsCoin,0.00220134,0.0,0.0,coinmarketcap_data_api_listings_historical
2025-07-04,33761,GTA,GRANDTHEFTAUTOSOLANA,2.398e-05,0.0,0.0,coinmarketcap_data_api_listings_historical
2025-07-04,33764,MONDO,mondo,1.64e-05,0.0,0.0,coinmarketcap_data_api_listings_historical
2025-07-04,33765,DJT,Donald J Trump,0.0,0.0,0.0,coinmarketcap_data_api_listings_historical
2025-07-04,33768,CAI,Chasm,0.01774772,0.0,0.0,coinmarketcap_data_api_listings_historical
2025-07-04,17390,PRNT,Prime Numbers Labs Ecosystem (old),0.00618254,0.0,0.0,coinmarketcap_data_api_listings_historical
2025-07-04,33778,OGGIE,Oggie,0.00078029,0.0,0.0,coinmarketcap_data_api_listings_historical
2025-07-04,1019,MANNA,Manna,0.00101927,0.0,0.0,coinmarketcap_data_api_listings_historical
2025-07-04,1020,AXIOM,Axiom,0.00104741,0.0,0.0,coinmarketcap_data_api_listings_historical
2025-07-04,33789,PNUT,Pnut,0.00041587,0.0,0.0,coinmarketcap_data_api_listings_historical
2025-07-04,33796,SUWI,suwi,0.00030092,0.0,0.0,coinmarketcap_data_api_listings_historical
2025-07-04,33797,EARL,earl,9.852e-05,0.0,0.0,coinmarketcap_data_api_listings_historical
2025-07-04,1032,TX,TransferCoin,0.15550779,0.0,0.0,coinmarketcap_data_api_listings_historical
2025-07-04,1033,GCC,GuccioneCoin,0.00219852,0.0,0.0,coinmarketcap_data_api_listings_historical
2025-07-04,17418,ATS,Atlas DEX,0.0002271,0.0,0.0,coinmarketcap_data_api_listings_historical
2025-07-04,1038,EUC,Eurocoin,0.00098272,0.0,0.0,coinmarketcap_data_api_listings_historical
2025-07-04,33806,BWEN,Baby Wen,0.00409654,0.0,0.0,coinmarketcap_data_api_listings_historical
2025-07-04,17430,LENFI,Lenfi,0.15743693,0.0,0.0,coinmarketcap_data_api_listings_historical
2025-07-04,33816,WOR,World of Rewards,0.00011313,0.0,0.0,coinmarketcap_data_api_listings_historical
2025-07-04,17433,LIQR,Topshelf Finance,9.321e-05,0.0,0.0,coinmarketcap_data_api_listings_historical
2025-07-04,1052,VEC2,VectorAI,0.00098272,0.0,0.0,coinmarketcap_data_api_listings_historical
2025-07-04,17444,FROYO,Froyo Games,3.577e-05,0.0,0.0,coinmarketcap_data_api_listings_historical
2025-07-04,33830,TOP,Top,0.02070878,0.0,0.0,coinmarketcap_data_api_listings_historical
2025-07-04,33832,WICKED,Wicked,0.00010975,0.0,0.0,coinmarketcap_data_api_listings_historical
2025-07-04,33835,ynETHx,ynETH MAX,2626.90820278,0.0,0.0,coinmarketcap_data_api_listings_historical
2025-07-04,17459,WEVE,veDAO,3.629e-05,0.0,0.0,coinmarketcap_data_api_listings_historical
2025-07-04,33844,SPN,SpinnerCoin,0.00583033,0.0,0.0,coinmarketcap_data_api_listings_historical
2025-07-04,1082,SIB,SIBCoin,0.0656154,0.0,0.0,coinmarketcap_data_api_listings_historical
2025-07-04,17468,DBC,Dhabi Coin,5.6e-07,0.0,0.0,coinmarketcap_data_api_listings_historical
2025-07-04,1085,SWING,Swing,0.01639712,0.0,0.0,coinmarketcap_data_api_listings_historical
2025-07-04,1090,SANDG,Save and Gain,0.00062797,0.0,0.0,coinmarketcap_data_api_listings_historical
2025-07-04,33864,GOLD,GOLDEN AGE,0.0,0.0,0.0,coinmarketcap_data_api_listings_historical
2025-07-04,33865,ABI,Abi,1.598e-05,0.0,0.0,coinmarketcap_data_api_listings_historical
2025-07-04,33877,X,Legacy Media Killer,0.00217008,0.0,0.0,coinmarketcap_data_api_listings_historical
2025-07-04,33878,BTCAT,Bitcat,6.308e-05,0.0,0.0,coinmarketcap_data_api_listings_historical
2025-07-04,33884,VYPER,VYPER.WIN,0.00116946,0.0,0.0,coinmarketcap_data_api_listings_historical
2025-07-04,33886,ARMY,ARMY,2.167e-05,0.0,0.0,coinmarketcap_data_api_listings_historical
2025-07-04,1120,DFT,DraftCoin,0.00105182,0.0,0.0,coinmarketcap_data_api_listings_historical
2025-07-04,17504,LIB,Librium Tech,0.00040454,0.0,0.0,coinmarketcap_data_api_listings_historical
2025-07-04,33888,TRUMP,TrumpEffect69420,0.00060897,0.0,0.0,coinmarketcap_data_api_listings_historical
2025-07-04,33889,MELON,Melon Dog,0.00056562,0.0,0.0,coinmarketcap_data_api_listings_historical
2025-07-04,33891,TRUMPX,TRUMP X,0.0,0.0,0.0,coinmarketcap_data_api_listings_historical
2025-07-04,33894,SHIB,Strategic Hub for Innovation in Blockchain,0.00021105,0.0,0.0,coinmarketcap_data_api_listings_historical
2025-07-04,33896,WMM,Weird Medieval Memes,0.00030571,0.0,0.0,coinmarketcap_data_api_listings_historical
2025-07-04,33900,WINNIE,Winnie the Poodle,3.226e-05,0.0,0.0,coinmarketcap_data_api_listings_historical
2025-07-04,1136,ADZ,Adzcoin,0.0010444,0.0,0.0,coinmarketcap_data_api_listings_historical
2025-07-04,33904,EIQT,IQ Prediction,6.194e-05,0.0,0.0,coinmarketcap_data_api_listings_historical
2025-07-04,33910,BAKSO,Disney Sumatran Tiger,6.908e-05,0.0,0.0,coinmarketcap_data_api_listings_historical
2025-07-04,33911,X,Lil X,0.0,0.0,0.0,coinmarketcap_data_api_listings_historical
2025-07-04,1146,AV,AvatarCoin,0.08139167,0.0,0.0,coinmarketcap_data_api_listings_historical
2025-07-04,33917,FTD,42DAO,0.07598288,0.0,0.0,coinmarketcap_data_api_listings_historical
2025-07-04,17535,UXD,UXD Stablecoin,1.00062016,0.0,0.0,coinmarketcap_data_api_listings_historical
2025-07-04,1155,LTCR,Litecred,0.00098272,0.0,0.0,coinmarketcap_data_api_listings_historical
2025-07-04,1159,SLS,SaluS,8.45769031,0.0,0.0,coinmarketcap_data_api_listings_historical
2025-07-04,33927,DANNY,Degen Danny,1.723e-05,0.0,0.0,coinmarketcap_data_api_listings_historical
2025-07-04,1164,FRN,Francs,0.00320988,0.0,0.0,coinmarketcap_data_api_listings_historical
2025-07-04,17548,OXD,0xDAO,2.464e-05,0.0,0.0,coinmarketcap_data_api_listings_historical
2025-07-04,33932,ALASKA,Alaska,1.715e-05,0.0,0.0,coinmarketcap_data_api_listings_historical
2025-07-04,1165,EVIL,Evil Coin,0.00330201,0.0,0.0,coinmarketcap_data_api_listings_historical
2025-07-04,33940,PNUT,Peanut the Squirrel on Ethereum,0.01066824,0.0,0.0,coinmarketcap_data_api_listings_historical
2025-07-04,1175,RBIES,Rubies,0.00436695,0.0,0.0,coinmarketcap_data_api_listings_historical
2025-07-04,33947,COIN,Coin6900,0.00011651,0.0,0.0,coinmarketcap_data_api_listings_historical
2025-07-04,33948,LAPUPU,Lapupu,0.00029642,0.0,0.0,coinmarketcap_data_api_listings_historical
2025-07-04,33950,CDOGE,Cyberdoge,0.00064941,0.0,0.0,coinmarketcap_data_api_listings_historical
2025-07-04,17571,BPAD,BLOKPAD,0.00023666,0.0,0.0,coinmarketcap_data_api_listings_historical
2025-07-04,33961,NOOB,Blast Royale,0.00012404,0.0,0.0,coinmarketcap_data_api_listings_historical
2025-07-04,1194,IMS,Independent Money System,0.00088102,0.0,0.0,coinmarketcap_data_api_listings_historical
2025-07-04,17578,MATA,Ninneko (Mata),7.04e-06,0.0,0.0,coinmarketcap_data_api_listings_historical
2025-07-04,33969,YES,Yes Chad,6.54e-05,0.0,0.0,coinmarketcap_data_api_listings_historical
2025-07-04,33970,GATSBY,Elon Musks dog,7e-08,0.0,0.0,coinmarketcap_data_api_listings_historical
2025-07-04,33971,TODD,todd,4.264e-05,0.0,0.0,coinmarketcap_data_api_listings_historical
2025-07-04,33972,SKG888,Safu & Kek Gigafundz 888,1.812e-05,0.0,0.0,coinmarketcap_data_api_listings_historical
2025-07-04,33973,SGM,SRCGAME,1.2e-06,0.0,0.0,coinmarketcap_data_api_listings_historical
2025-07-04,1209,PEX,PosEx,0.0021724,0.0,0.0,coinmarketcap_data_api_listings_historical
2025-07-04,1210,CAB,Cabbage,0.00102603,0.0,0.0,coinmarketcap_data_api_listings_historical
2025-07-04,17594,PROTO,Protofi,1.204e-05,0.0,0.0,coinmarketcap_data_api_listings_historical
2025-07-04,1212,MOJO,MojoCoin,5e-06,0.0,0.0,coinmarketcap_data_api_listings_historical
2025-07-04,17596,BWJ,Baby WOJ,3.4e-07,0.0,0.0,coinmarketcap_data_api_listings_historical
2025-07-04,33980,BABYPNUT,Baby Pnut,3.855e-05,0.0,0.0,coinmarketcap_data_api_listings_historical
2025-07-04,1216,EDRC,EDRCoin,0.00919409,0.0,0.0,coinmarketcap_data_api_listings_historical
2025-07-04,1218,POST,PostCoin,0.00108542,0.0,0.0,coinmarketcap_data_api_listings_historical
2025-07-04,1223,BERN,BERNcash,0.00098272,0.0,0.0,coinmarketcap_data_api_listings_historical
2025-07-04,33992,VIVEK,Head of D.O.G.E,1.124e-05,0.0,0.0,coinmarketcap_data_api_listings_historical
2025-07-04,17619,EAGLE,Eagle Token,1e-08,0.0,0.0,coinmarketcap_data_api_listings_historical
2025-07-04,1244,XHI,HiCoin,0.00098272,0.0,0.0,coinmarketcap_data_api_listings_historical
2025-07-04,34014,UNFK,UNFK,2e-08,0.0,0.0,coinmarketcap_data_api_listings_historical
2025-07-04,1248,XBTC21,Bitcoin 21,0.00397146,0.0,0.0,coinmarketcap_data_api_listings_historical
2025-07-04,1250,ZUR,Zurcoin,7.525e-05,0.0,0.0,coinmarketcap_data_api_listings_historical
2025-07-04,34019,NUTZ,NUTZ,1.04e-05,0.0,0.0,coinmarketcap_data_api_listings_historical
2025-07-04,1252,2GIVE,2GIVE,0.00098272,0.0,0.0,coinmarketcap_data_api_listings_historical
2025-07-04,1254,XPTX,PlatinumBAR,0.00203398,0.0,0.0,coinmarketcap_data_api_listings_historical
2025-07-04,1259,PONZI,PonziCoin,0.00214797,0.0,0.0,coinmarketcap_data_api_listings_historical
2025-07-04,34027,SOLITO,SOLITO,2.026e-05,0.0,0.0,coinmarketcap_data_api_listings_historical
2025-07-04,34032,BUENO,Bueno,3.348e-05,0.0,0.0,coinmarketcap_data_api_listings_historical
2025-07-04,34035,ANR,AiNero,0.63247813,0.0,0.0,coinmarketcap_data_api_listings_historical
2025-07-04,34036,AURORA,Aurora,3.138e-05,0.0,0.0,coinmarketcap_data_api_listings_historical
2025-07-04,34039,RATS,rats (Ethereum),0.0005393,0.0,0.0,coinmarketcap_data_api_listings_historical
2025-07-04,1273,CTL,Citadel,0.00216105,0.0,0.0,coinmarketcap_data_api_listings_historical
2025-07-04,34042,KAAI,KanzzAI,0.0004493,0.0,0.0,coinmarketcap_data_api_listings_historical
2025-07-04,34044,BALTO,BALTO,4.4e-07,0.0,0.0,coinmarketcap_data_api_listings_historical
2025-07-04,34046,BULL,Wall Street Bull,9.26e-06,0.0,0.0,coinmarketcap_data_api_listings_historical
2025-07-04,1281,ION,ION,67.01762069,0.0,0.0,coinmarketcap_data_api_listings_historical
2025-07-04,1282,HVCO,High Voltage,0.00109269,0.0,0.0,coinmarketcap_data_api_listings_historical
2025-07-04,34050,PARADOX,Paradox (the-base-paradox.com),0.07227276,0.0,0.0,coinmarketcap_data_api_listings_historical
2025-07-04,34052,SUNTRON,TRON MASCOT,0.00058496,0.0,0.0,coinmarketcap_data_api_listings_historical
2025-07-04,1285,GB,GoldBlocks,0.00105322,0.0,0.0,coinmarketcap_data_api_listings_historical
2025-07-04,34054,B.S.C,BUILDING STRONG COMMUNITY,0.0,0.0,0.0,coinmarketcap_data_api_listings_historical
2025-07-04,34055,CHATTY,ChatGPT's Mascot,0.00022879,0.0,0.0,coinmarketcap_data_api_listings_historical
2025-07-04,17672,KINGDOG,King Dog Inu,5.08e-06,0.0,0.0,coinmarketcap_data_api_listings_historical
2025-07-04,1291,CMT,Comet,0.0062225,0.0,0.0,coinmarketcap_data_api_listings_historical
2025-07-04,34062,BBT,Baby Tiger,4.43e-06,0.0,0.0,coinmarketcap_data_api_listings_historical
2025-07-04,34063,WALLY,Wally - Peanut's Brother,3.306e-05,0.0,0.0,coinmarketcap_data_api_listings_historical
2025-07-04,34065,CHLOE,Pnut's Sister,1.31e-05,0.0,0.0,coinmarketcap_data_api_listings_historical
2025-07-04,34068,CHINAU,Chinau,1e-08,0.0,0.0,coinmarketcap_data_api_listings_historical
2025-07-04,17688,cNETA,AnetaBTC,8.738e-05,0.0,0.0,coinmarketcap_data_api_listings_historical
2025-07-04,1306,CJ,Cryptojacks,0.00098272,0.0,0.0,coinmarketcap_data_api_listings_historical
2025-07-04,34080,VIDEO,Videocoin by Drakula,0.41086368,0.0,0.0,coinmarketcap_data_api_listings_historical
2025-07-04,17698,LBLOCK,Lucky Block v1,4e-08,0.0,0.0,coinmarketcap_data_api_listings_historical
2025-07-04,17699,RPR,The Reaper,0.00900137,0.0,0.0,coinmarketcap_data_api_listings_historical
2025-07-04,34084,D.O.G.E,Department Of Government Efficiency(Base),1.495e-05,0.0,0.0,coinmarketcap_data_api_listings_historical
2025-07-04,34088,sUSDX,Stables Labs (Staked USDX),1.08966124,0.0,0.0,coinmarketcap_data_api_listings_historical
2025-07-04,34091,MCEN,Main Character Energy,4.406e-05,0.0,0.0,coinmarketcap_data_api_listings_historical
2025-07-04,34093,CHEESE,Cheese,0.0016672,0.0,0.0,coinmarketcap_data_api_listings_historical
2025-07-04,34097,LUMOS,Lumos,4e-08,0.0,0.0,coinmarketcap_data_api_listings_historical
2025-07-04,34101,MYRE,Myre,1.316e-05,0.0,0.0,coinmarketcap_data_api_listings_historical
2025-07-04,17724,TRACE,Trace Network Labs,0.00187115,0.0,0.0,coinmarketcap_data_api_listings_historical
2025-07-04,1351,ACES,Aces,0.00098272,0.0,0.0,coinmarketcap_data_api_listings_historical
2025-07-04,34120,TUCKER,Pnut's Dog,4.678e-05,0.0,0.0,coinmarketcap_data_api_listings_historical
2025-07-04,1353,TAJ,TajCoin,0.00108028,0.0,0.0,coinmarketcap_data_api_listings_historical
2025-07-04,34124,GOOMPY,Goompy by Matt Furie,7e-08,0.0,0.0,coinmarketcap_data_api_listings_historical
2025-07-04,17743,JONES,Jones DAO,0.08033529,0.0,0.0,coinmarketcap_data_api_listings_historical
2025-07-04,34128,FROG,FROG,1.614e-05,0.0,0.0,coinmarketcap_data_api_listings_historical
2025-07-04,34132,LONG,Longcat,1.347e-05,0.0,0.0,coinmarketcap_data_api_listings_historical
2025-07-04,34134,MAYA,Maya,3.733e-05,0.0,0.0,coinmarketcap_data_api_listings_historical
2025-07-04,1368,VLT,Veltor,0.00377995,0.0,0.0,coinmarketcap_data_api_listings_historical
2025-07-04,34138,PUGDOG,PUGDOG,5.487e-05,0.0,0.0,coinmarketcap_data_api_listings_historical
2025-07-04,34139,RAVANA,Ravana,0.0,0.0,0.0,coinmarketcap_data_api_listings_historical
2025-07-04,34146,FROX,Frox,1.311e-05,0.0,0.0,coinmarketcap_data_api_listings_historical
2025-07-04,34150,KAT,NearKat,4.485e-05,0.0,0.0,coinmarketcap_data_api_listings_historical
2025-07-04,34153,WALLY,Emotional Support Alligator,2.98e-06,0.0,0.0,coinmarketcap_data_api_listings_historical
2025-07-04,17770,NXTT,NextEarth,5.93e-06,0.0,0.0,coinmarketcap_data_api_listings_historical
2025-07-04,17772,SOCA,Socaverse,7e-08,0.0,0.0,coinmarketcap_data_api_listings_historical
2025-07-04,34156,FAML,FAML,1.853e-05,0.0,0.0,coinmarketcap_data_api_listings_historical
2025-07-04,1389,ZYD,Zayedcoin,0.0010642,0.0,0.0,coinmarketcap_data_api_listings_historical
2025-07-04,1395,DLC,Dollarcoin,5.53e-05,0.0,0.0,coinmarketcap_data_api_listings_historical
2025-07-04,1396,MST,MustangCoin,0.00622749,0.0,0.0,coinmarketcap_data_api_listings_historical
2025-07-04,34164,GIRL,im just a girl,1.545e-05,0.0,0.0,coinmarketcap_data_api_listings_historical
2025-07-04,34167,CURLY,Curly,1.743e-05,0.0,0.0,coinmarketcap_data_api_listings_historical
2025-07-04,17786,RING,OneRing,0.00493052,0.0,0.0,coinmarketcap_data_api_listings_historical
2025-07-04,34172,UWU,uwu,7.18e-06,0.0,0.0,coinmarketcap_data_api_listings_historical
2025-07-04,34174,BABYSOL,Baby Solana,8.493e-05,0.0,0.0,coinmarketcap_data_api_listings_historical
2025-07-04,17793,AMF,AddMeFast,0.00196673,0.0,0.0,coinmarketcap_data_api_listings_historical
2025-07-04,34179,GNOME,Gnome,1.996e-05,0.0,0.0,coinmarketcap_data_api_listings_historical
2025-07-04,34183,$ADHD,ADHD,2.357e-05,0.0,0.0,coinmarketcap_data_api_listings_historical
2025-07-04,34185,PIM,PIM,2.229e-05,0.0,0.0,coinmarketcap_data_api_listings_historical
2025-07-04,17804,GKF,Galatic Kitty Fighters,0.0,0.0,0.0,coinmarketcap_data_api_listings_historical
2025-07-04,34188,DESCI,DeSci Meme,0.0,0.0,0.0,coinmarketcap_data_api_listings_historical
2025-07-04,34189,BTCACT,BITCOIN Act,0.00584582,0.0,0.0,coinmarketcap_data_api_listings_historical
2025-07-04,34190,WAWA,Wawa Cat,0.00010397,0.0,0.0,coinmarketcap_data_api_listings_historical
2025-07-04,34194,HELA,Science Cult Mascot,4.988e-05,0.0,0.0,coinmarketcap_data_api_listings_historical
2025-07-04,34195,BBC,BLUE BUTT CHEESE,3.873e-05,0.0,0.0,coinmarketcap_data_api_listings_historical
2025-07-04,34197,DADDYCHILL,Daddy Chill,3.103e-05,0.0,0.0,coinmarketcap_data_api_listings_historical
2025-07-04,34198,SOLCAT,SOLCAT,8.37e-06,0.0,0.0,coinmarketcap_data_api_listings_historical
2025-07-04,17818,RADR,CoinRadr,0.00011692,0.0,0.0,coinmarketcap_data_api_listings_historical
2025-07-04,34205,LILB,Lil Brett,9.807e-05,0.0,0.0,coinmarketcap_data_api_listings_historical
2025-07-04,1439,ASAFE,AllSafe,0.0016542,0.0,0.0,coinmarketcap_data_api_listings_historical
2025-07-04,34214,ASPIRIN,Aspirin,0.0,0.0,0.0,coinmarketcap_data_api_listings_historical
2025-07-04,34216,STARSHIP,Starship,2.28e-06,0.0,0.0,coinmarketcap_data_api_listings_historical
2025-07-04,34217,CULTUR,Cultur,6.4e-06,0.0,0.0,coinmarketcap_data_api_listings_historical
2025-07-04,34221,BONKEY,Bonkey,0.00011735,0.0,0.0,coinmarketcap_data_api_listings_historical
2025-07-04,17839,LENDA,Lenda,0.00012624,0.0,0.0,coinmarketcap_data_api_listings_historical
2025-07-04,34223,NAVAL,PATCHWORK NAVAL,4.866e-05,0.0,0.0,coinmarketcap_data_api_listings_historical
2025-07-04,34226,SUGAR,Sugar Bush The Squirrel,1.83e-05,0.0,0.0,coinmarketcap_data_api_listings_historical
2025-07-04,34230,NFNT,NFINITY AI,0.01241691,0.0,0.0,coinmarketcap_data_api_listings_historical
2025-07-04,34234,BABYSHIRO,Baby Shiro Neko,1.495e-05,0.0,0.0,coinmarketcap_data_api_listings_historical
2025-07-04,1468,KURT,Kurrent,0.00102311,0.0,0.0,coinmarketcap_data_api_listings_historical
2025-07-04,34241,CRISPR,CRISPR,0.0,0.0,0.0,coinmarketcap_data_api_listings_historical
2025-07-04,1474,ENT,Eternity,0.00611369,0.0,0.0,coinmarketcap_data_api_listings_historical
2025-07-04,34242,GNOME,Gnome Child,0.0,0.0,0.0,coinmarketcap_data_api_listings_historical
2025-07-04,34251,FLOWER,FlowerAI,0.00019903,0.0,0.0,coinmarketcap_data_api_listings_historical
2025-07-04,34255,QUESTS,Golden Frog Inn,1.475e-05,0.0,0.0,coinmarketcap_data_api_listings_historical
2025-07-04,34262,IMAGINE,Imagine We All Held,1.527e-05,0.0,0.0,coinmarketcap_data_api_listings_historical
2025-07-04,1495,POSW,PoSW Coin,0.00218666,0.0,0.0,coinmarketcap_data_api_listings_historical
2025-07-04,34263,PROTEIN,Protein,0.0,0.0,0.0,coinmarketcap_data_api_listings_historical
2025-07-04,34266,KEYCAT,Keyboard Cat(keycatsol.com),0.00015149,0.0,0.0,coinmarketcap_data_api_listings_historical
2025-07-04,34267,BLOB,Blob(belikeblob.com),4.614e-05,0.0,0.0,coinmarketcap_data_api_listings_historical
2025-07-04,1500,WINGS,Wings,0.00287239,0.0,0.0,coinmarketcap_data_api_listings_historical
2025-07-04,34273,CZAR,Crypto Czar,0.00330925,0.0,0.0,coinmarketcap_data_api_listings_historical
2025-07-04,34275,PFROG,Peace Frog,5e-08,0.0,0.0,coinmarketcap_data_api_listings_historical
2025-07-04,1511,VIDZ,PureVidz,0.00098272,0.0,0.0,coinmarketcap_data_api_listings_historical
2025-07-04,17895,MARTIA,Colonize Mars,4.19e-06,0.0,0.0,coinmarketcap_data_api_listings_historical
2025-07-04,1514,ICOB,ICOBID,0.00098272,0.0,0.0,coinmarketcap_data_api_listings_historical
2025-07-04,1515,IBANK,iBank,0.00098272,0.0,0.0,coinmarketcap_data_api_listings_historical
2025-07-04,34283,JORGIE,Monkey Taken By Police,5.006e-05,0.0,0.0,coinmarketcap_data_api_listings_historical
2025-07-04,1522,FRST,FirstCoin,0.00014766,0.0,0.0,coinmarketcap_data_api_listings_historical
2025-07-04,1528,ICON,Iconic,0.00217351,0.0,0.0,coinmarketcap_data_api_listings_historical
2025-07-04,34296,ELF,Buddy The Elf,9.4e-06,0.0,0.0,coinmarketcap_data_api_listings_historical
2025-07-04,34298,JANRO,Janro The Rat,6.238e-05,0.0,0.0,coinmarketcap_data_api_listings_historical
2025-07-04,34299,MONET,Claude Monet Memeory Coin,0.00060574,0.0,0.0,coinmarketcap_data_api_listings_historical
2025-07-04,34300,SIZE,Size,0.00030872,0.0,0.0,coinmarketcap_data_api_listings_historical
2025-07-04,34303,KAPPY,Kappy,0.00012456,0.0,0.0,coinmarketcap_data_api_listings_historical
2025-07-04,17920,NINKY,Idle Ninja Online,1.721e-05,0.0,0.0,coinmarketcap_data_api_listings_historical
2025-07-04,34312,LFDOG,lifedog,2.587e-05,0.0,0.0,coinmarketcap_data_api_listings_historical
2025-07-04,1546,CNT,Centurion,0.00098272,0.0,0.0,coinmarketcap_data_api_listings_historical
2025-07-04,34316,BTC,HarryPotterTrumpSonic100Inu,3.539e-05,0.0,0.0,coinmarketcap_data_api_listings_historical
2025-07-04,34322,FRIC,Frictionless,0.00092379,0.0,0.0,coinmarketcap_data_api_listings_historical
2025-07-04,34323,WWW,Wood Wide Web,1.953e-05,0.0,0.0,coinmarketcap_data_api_listings_historical
2025-07-04,34324,RONDA,Ronda On Sui,3.89e-06,0.0,0.0,coinmarketcap_data_api_listings_historical
2025-07-04,17941,MAGIK,Magik Finance,0.00390603,0.0,0.0,coinmarketcap_data_api_listings_historical
2025-07-04,1558,ARGUS,Argus,0.00098272,0.0,0.0,coinmarketcap_data_api_listings_historical
2025-07-04,34326,AVA,AVA Chiang Mai Night Safari,0.00010859,0.0,0.0,coinmarketcap_data_api_listings_historical
2025-07-04,34329,BIO,bioDAOs,0.0,0.0,0.0,coinmarketcap_data_api_listings_historical
2025-07-04,1562,SWT,Swarm City,0.00518533,0.0,0.0,coinmarketcap_data_api_listings_historical
2025-07-04,34334,DYOR,DYOR,0.001757,0.0,0.0,coinmarketcap_data_api_listings_historical
2025-07-04,17954,BASED,Based Finance,0.00151292,0.0,0.0,coinmarketcap_data_api_listings_historical
2025-07-04,34338,MORTY,Morty,3.72e-05,0.0,0.0,coinmarketcap_data_api_listings_historical
2025-07-04,34339,LONGEVITY,longevity,1.663e-05,0.0,0.0,coinmarketcap_data_api_listings_historical
2025-07-04,1582,NETKO,Netko,0.00556255,0.0,0.0,coinmarketcap_data_api_listings_historical
2025-07-04,34356,CATGUY,Roscoe,1.662e-05,0.0,0.0,coinmarketcap_data_api_listings_historical
2025-07-04,34358,QUASAR,Quasar (quasar.social),3.228e-05,0.0,0.0,coinmarketcap_data_api_listings_historical
2025-07-04,34359,LIZ,Lizcoin,0.00017551,0.0,0.0,coinmarketcap_data_api_listings_historical
2025-07-04,34360,MARMOT,Marmot,1.2e-07,0.0,0.0,coinmarketcap_data_api_listings_historical
2025-07-04,34362,CHILLGUY,Just a chill guy (Ethereum),0.00038953,0.0,0.0,coinmarketcap_data_api_listings_historical
2025-07-04,34363,CBLP,Yamfore,0.00158125,0.0,0.0,coinmarketcap_data_api_listings_historical
2025-07-04,34370,HGT,Project Hive,2.555e-05,0.0,0.0,coinmarketcap_data_api_listings_historical
2025-07-04,34371,XRPETF,XRP ETF,0.0,0.0,0.0,coinmarketcap_data_api_listings_historical
2025-07-04,34373,KOL,ProtoKOLs,0.2208296,0.0,0.0,coinmarketcap_data_api_listings_historical
2025-07-04,1612,DIBC,DIBCOIN,0.00140468,0.0,0.0,coinmarketcap_data_api_listings_historical
2025-07-04,34382,SLIMER,SLIMER,1.58e-06,0.0,0.0,coinmarketcap_data_api_listings_historical
2025-07-04,17999,$MKONG,MKong Ventures,0.01746795,0.0,0.0,coinmarketcap_data_api_listings_historical
2025-07-04,34384,DAY,Dayhub,0.00591488,0.0,0.0,coinmarketcap_data_api_listings_historical
2025-07-04,1619,SKY,Skycoin,0.03737429,0.0,0.0,coinmarketcap_data_api_listings_historical
2025-07-04,34388,$SPAD,Searchpad,1.852e-05,0.0,0.0,coinmarketcap_data_api_listings_historical
2025-07-04,34389,PEACE,PeacePal AI,6.439e-05,0.0,0.0,coinmarketcap_data_api_listings_historical
2025-07-04,1623,BLAZR,BlazerCoin,0.00098272,0.0,0.0,coinmarketcap_data_api_listings_historical
2025-07-04,34393,RURI,Ruri - Truth Terminal's Crush,0.00011019,0.0,0.0,coinmarketcap_data_api_listings_historical
2025-07-04,1630,CXT,Coinonat,0.00098272,0.0,0.0,coinmarketcap_data_api_listings_historical
2025-07-04,1632,CONX,Concoin,0.00196545,0.0,0.0,coinmarketcap_data_api_listings_historical
2025-07-04,34403,BASEPRINTER,BasePrinter,0.00019055,0.0,0.0,coinmarketcap_data_api_listings_historical
2025-07-04,1638,TRST,WeTrust,0.00048458,0.0,0.0,coinmarketcap_data_api_listings_historical
2025-07-04,18022,BSK-BAA025,Beskar,2.6e-07,0.0,0.0,coinmarketcap_data_api_listings_historical
2025-07-04,34407,SQUID,Squid Game (squidgame.top),4.79e-06,0.0,0.0,coinmarketcap_data_api_listings_historical
2025-07-04,34412,ZEN,Zenith,4.665e-05,0.0,0.0,coinmarketcap_data_api_listings_historical
2025-07-04,34413,$XRPWIF,xrpwifhat,0.0,0.0,0.0,coinmarketcap_data_api_listings_historical
2025-07-04,34414,SAFU,SAFU,4.701e-05,0.0,0.0,coinmarketcap_data_api_listings_historical
2025-07-04,34415,BOSSUS,Boss US,1e-08,0.0,0.0,coinmarketcap_data_api_listings_historical
2025-07-04,1651,SCS,SpeedCash,0.00760105,0.0,0.0,coinmarketcap_data_api_listings_historical
2025-07-04,18035,DOGE-1,Doge-1 Mission to the moon,0.0,0.0,0.0,coinmarketcap_data_api_listings_historical
2025-07-04,34419,CHANT,Bloodline chanting my name,4.422e-05,0.0,0.0,coinmarketcap_data_api_listings_historical
2025-07-04,34421,GMIX,One,0.00694273,0.0,0.0,coinmarketcap_data_api_listings_historical
2025-07-04,1657,VOLT,Bitvolt,0.00098272,0.0,0.0,coinmarketcap_data_api_listings_historical
2025-07-04,1658,LUN,Lunyr,0.01415424,0.0,0.0,coinmarketcap_data_api_listings_historical
2025-07-04,1660,TKN,Monolith,0.07707359,0.0,0.0,coinmarketcap_data_api_listings_historical
2025-07-04,34429,MISATO,MISATO,0.00058331,0.0,0.0,coinmarketcap_data_api_listings_historical
2025-07-04,34432,LIQQ,LIQUIDATED,0.0001431,0.0,0.0,coinmarketcap_data_api_listings_historical
2025-07-04,34433,BTCMOON,BTCMOON,0.0,0.0,0.0,coinmarketcap_data_api_listings_historical
2025-07-04,18059,QMALL,QMALL TOKEN,0.00481893,0.0,0.0,coinmarketcap_data_api_listings_historical
2025-07-04,34445,ASTER,ASTERION,0.00739993,0.0,0.0,coinmarketcap_data_api_listings_historical
2025-07-04,34451,JFP,JUSTICE FOR PEANUT,2.344e-05,0.0,0.0,coinmarketcap_data_api_listings_historical
2025-07-04,34454,BITZ,MARBITZ,0.00016397,0.0,0.0,coinmarketcap_data_api_listings_historical
2025-07-04,34458,ROCK,Rock (rockgoup.com),0.01386477,0.0,0.0,coinmarketcap_data_api_listings_historical
2025-07-04,34459,PLUTO,PlutoChain,0.01064964,0.0,0.0,coinmarketcap_data_api_listings_historical
2025-07-04,1693,MAY,Theresa May Coin,0.00098272,0.0,0.0,coinmarketcap_data_api_listings_historical
2025-07-04,34462,DOPAMINE,DOPAMINE,0.0,0.0,0.0,coinmarketcap_data_api_listings_historical
2025-07-04,34464,CIRCLE,GOT EM,7.22e-06,0.0,0.0,coinmarketcap_data_api_listings_historical
2025-07-04,1706,ADK,Aidos Kuneen,0.01893097,0.0,0.0,coinmarketcap_data_api_listings_historical
2025-07-04,1708,PTOY,Patientory,0.00142468,0.0,0.0,coinmarketcap_data_api_listings_historical
2025-07-04,34478,GATO,Gato CTO,2.303e-05,0.0,0.0,coinmarketcap_data_api_listings_historical
2025-07-04,34481,BICHI,bichi mao,6.792e-05,0.0,0.0,coinmarketcap_data_api_listings_historical
2025-07-04,34483,OMIRA,Omira,0.00844586,0.0,0.0,coinmarketcap_data_api_listings_historical
2025-07-04,34485,BOBLS,Boblles,0.00016779,0.0,0.0,coinmarketcap_data_api_listings_historical
2025-07-04,34487,SOLO,Solo,0.00019658,0.0,0.0,coinmarketcap_data_api_listings_historical
2025-07-04,34488,GOBI,Gverse,6.056e-05,0.0,0.0,coinmarketcap_data_api_listings_historical
2025-07-04,18105,TOR,TOR,0.00194293,0.0,0.0,coinmarketcap_data_api_listings_historical
2025-07-04,18109,RUBY,Ruby Play Network,0.00021352,0.0,0.0,coinmarketcap_data_api_listings_historical
2025-07-04,34493,STICK,Stick,6.034e-05,0.0,0.0,coinmarketcap_data_api_listings_historical
2025-07-04,34494,CDN,CEDEN Network,0.00354358,0.0,0.0,coinmarketcap_data_api_listings_historical
2025-07-04,1731,GLT,GlobalToken,0.00017288,0.0,0.0,coinmarketcap_data_api_listings_historical
2025-07-04,34501,$OAKMONT,Stratton Oakmont,9.56e-06,0.0,0.0,coinmarketcap_data_api_listings_historical
2025-07-04,1736,UNIFY,Unify,0.00311238,0.0,0.0,coinmarketcap_data_api_listings_historical
2025-07-04,34505,SEC CHAIR,Paul Atkins,0.00015473,0.0,0.0,coinmarketcap_data_api_listings_historical
2025-07-04,34506,LIMITLESS,Limitless,0.00056592,0.0,0.0,coinmarketcap_data_api_listings_historical
2025-07-04,18123,METABOT,Robot Warriors,0.00399704,0.0,0.0,coinmarketcap_data_api_listings_historical
2025-07-04,18124,TOURISTS,TOURIST SHIBA INU,0.0,0.0,0.0,coinmarketcap_data_api_listings_historical
2025-07-04,34511,ODDS],OddsNotify,8.005e-05,0.0,0.0,coinmarketcap_data_api_listings_historical
2025-07-04,1745,DCY,Dinastycoin,0.00075637,0.0,0.0,coinmarketcap_data_api_listings_historical
2025-07-04,1747,ONX,Onix,0.00098272,0.0,0.0,coinmarketcap_data_api_listings_historical
2025-07-04,1750,GXC,GXChain,0.33330154,0.0,0.0,coinmarketcap_data_api_listings_historical
2025-07-04,34518,HERMY,Hermy The Stallion,8.28e-06,0.0,0.0,coinmarketcap_data_api_listings_historical
2025-07-04,34523,LUFFY,Luffy Mugiwara,4.63e-06,0.0,0.0,coinmarketcap_data_api_listings_historical
2025-07-04,34524,$S$,SPERO,1e-07,0.0,0.0,coinmarketcap_data_api_listings_historical
2025-07-04,34530,$OTTO,Otto,0.00011345,0.0,0.0,coinmarketcap_data_api_listings_historical
2025-07-04,34541,RPG,Massive Meme Outbreak,8.26e-06,0.0,0.0,coinmarketcap_data_api_listings_historical
2025-07-04,1774,SOCC,SocialCoin,0.00057851,0.0,0.0,coinmarketcap_data_api_listings_historical
2025-07-04,34542,HODI,Cat in Hoodie,0.00022622,0.0,0.0,coinmarketcap_data_api_listings_historical
2025-07-04,34545,FLASH,Flash Technologies,0.00113594,0.0,0.0,coinmarketcap_data_api_listings_historical
2025-07-04,34551,SOLYCAT,Solycat,1.227e-05,0.0,0.0,coinmarketcap_data_api_listings_historical
2025-07-04,1784,PLBT,Polybius,0.20810783,0.0,0.0,coinmarketcap_data_api_listings_historical
2025-07-04,34554,DNAPEPE,DNA PEPE,0.0,0.0,0.0,coinmarketcap_data_api_listings_historical
2025-07-04,18172,BULT,Bullit,0.00164216,0.0,0.0,coinmarketcap_data_api_listings_historical
2025-07-04,34558,STEAM,Earthlings.land,0.00700077,0.0,0.0,coinmarketcap_data_api_listings_historical
2025-07-04,34559,AFITR,A Fork in the Road,6.815e-05,0.0,0.0,coinmarketcap_data_api_listings_historical
2025-07-04,34560,MEAI,MeAI,0.00015865,0.0,0.0,coinmarketcap_data_api_listings_historical
2025-07-04,34565,KENSEI,Kensei,1.105e-05,0.0,0.0,coinmarketcap_data_api_listings_historical
2025-07-04,34569,ISAAC,Bitcoin breaking $100 in 2013,8.721e-05,0.0,0.0,coinmarketcap_data_api_listings_historical
2025-07-04,34572,CHILLGIRL,Just a chill girl,4.67e-06,0.0,0.0,coinmarketcap_data_api_listings_historical
2025-07-04,18190,4MW,For Meta World,7.4e-07,0.0,0.0,coinmarketcap_data_api_listings_historical
2025-07-04,34576,PEPEDNA,PEPE DNA,0.0,0.0,0.0,coinmarketcap_data_api_listings_historical
2025-07-04,18196,FORS,Forus,1.799e-05,0.0,0.0,coinmarketcap_data_api_listings_historical
2025-07-04,18200,GYFI,Gyroscope,1.26487987,0.0,0.0,coinmarketcap_data_api_listings_historical
2025-07-04,34584,TOKI,Toki,0.0,0.0,0.0,coinmarketcap_data_api_listings_historical
2025-07-04,34588,KAY,KAYPLE,2.26713555,0.0,0.0,coinmarketcap_data_api_listings_historical
2025-07-04,18207,ACCG,Australian Crypto Coin Green,0.00248771,0.0,0.0,coinmarketcap_data_api_listings_historical
2025-07-04,34592,AICM,AI Crypto Marketplace,0.00288824,0.0,0.0,coinmarketcap_data_api_listings_historical
2025-07-04,34595,RZ,RZcoin,41.78828306,0.0,0.0,coinmarketcap_data_api_listings_historical
2025-07-04,34596,TYLER,Tyler (basedtyler.com),0.00014266,0.0,0.0,coinmarketcap_data_api_listings_historical
2025-07-04,34603,TUPE,Turtle Pepe,8.021e-05,0.0,0.0,coinmarketcap_data_api_listings_historical
2025-07-04,34606,BUCK,GME Mascot,3.05e-06,0.0,0.0,coinmarketcap_data_api_listings_historical
2025-07-04,34607,WORKIE,Workie,6.69e-05,0.0,0.0,coinmarketcap_data_api_listings_historical
2025-07-04,1846,GSR,GeyserCoin,0.00307107,0.0,0.0,coinmarketcap_data_api_listings_historical
2025-07-04,18236,TITI,Titi Financial,0.0,0.0,0.0,coinmarketcap_data_api_listings_historical
2025-07-04,34622,BUCK,BUCK INU,1.6e-07,0.0,0.0,coinmarketcap_data_api_listings_historical
2025-07-04,18239,SSU,Sunny Side up,0.00125329,0.0,0.0,coinmarketcap_data_api_listings_historical
2025-07-04,34626,KNUT,Knut From Zoo,4.826e-05,0.0,0.0,coinmarketcap_data_api_listings_historical
2025-07-04,34627,DUCK,DUCK,2.921e-05,0.0,0.0,coinmarketcap_data_api_listings_historical
2025-07-04,34633,XMAIL,X Mail,0.0,0.0,0.0,coinmarketcap_data_api_listings_historical
2025-07-04,34638,HAIYEZ,Yahtzee DAO,6.992e-05,0.0,0.0,coinmarketcap_data_api_listings_historical
2025-07-04,18255,META,META ARENA,0.00159554,0.0,0.0,coinmarketcap_data_api_listings_historical
2025-07-04,34644,$STAR,Sponstar,0.01200336,0.0,0.0,coinmarketcap_data_api_listings_historical
2025-07-04,1878,SHDW,Shadow Token,0.00315496,0.0,0.0,coinmarketcap_data_api_listings_historical
2025-07-04,1881,ONION,DeepOnion,0.02328494,0.0,0.0,coinmarketcap_data_api_listings_historical
2025-07-04,34651,AIYP,Agent YP by Virtuals,0.00182847,0.0,0.0,coinmarketcap_data_api_listings_historical
2025-07-04,1888,IFT,InvestFeed,0.00099328,0.0,0.0,coinmarketcap_data_api_listings_historical
2025-07-04,34657,VIRGO,Virgo,0.00056698,0.0,0.0,coinmarketcap_data_api_listings_historical
2025-07-04,34664,ARIES,Aries,0.00057467,0.0,0.0,coinmarketcap_data_api_listings_historical
2025-07-04,34665,SCORPIO,Scorpio,0.0005821,0.0,0.0,coinmarketcap_data_api_listings_historical
2025-07-04,34666,CANCER,Cancer,0.00056339,0.0,0.0,coinmarketcap_data_api_listings_historical
2025-07-04,34672,MUSTAAAAAARD,Mustard,0.00014274,0.0,0.0,coinmarketcap_data_api_listings_historical
2025-07-04,18293,WEB3,Web3 Doge,0.0,0.0,0.0,coinmarketcap_data_api_listings_historical
2025-07-04,34678,AI9000,ai9000,0.00016146,0.0,0.0,coinmarketcap_data_api_listings_historical
2025-07-04,34685,PUNKY,PUNKY,2.234e-05,0.0,0.0,coinmarketcap_data_api_listings_historical
2025-07-04,34686,M-BTC,Merlin Chain (M-BTC),106259.55373555,0.0,0.0,coinmarketcap_data_api_listings_historical
2025-07-04,34690,BUBSY,Bubsy AI,0.00821572,0.0,0.0,coinmarketcap_data_api_listings_historical
2025-07-04,34692,CRUZE,Cruze,1.905e-05,0.0,0.0,coinmarketcap_data_api_listings_historical
2025-07-04,34694,BOMI,Book of Miggles,0.63615704,0.0,0.0,coinmarketcap_data_api_listings_historical
2025-07-04,34697,APU,Based Apu,0.0,0.0,0.0,coinmarketcap_data_api_listings_historical
2025-07-04,34702,PEPE,El Sapo Pepe,5.053e-05,0.0,0.0,coinmarketcap_data_api_listings_historical
2025-07-04,34706,OIIA,OiiaOiia,5.643e-05,0.0,0.0,coinmarketcap_data_api_listings_historical
2025-07-04,34709,CGX,Chill Guy Xmas,9.26e-06,0.0,0.0,coinmarketcap_data_api_listings_historical
2025-07-04,1949,DLT,Agrello,0.00077119,0.0,0.0,coinmarketcap_data_api_listings_historical
2025-07-04,34724,RSP,Reality Spiral,1.3e-07,0.0,0.0,coinmarketcap_data_api_listings_historical
2025-07-04,34725,NIKITA,Nikita,0.00010738,0.0,0.0,coinmarketcap_data_api_listings_historical
2025-07-04,34726,HMC,HamsterChamp,0.00642212,0.0,0.0,coinmarketcap_data_api_listings_historical
2025-07-04,34729,GLS,Glacier Network,0.00017174,0.0,0.0,coinmarketcap_data_api_listings_historical
2025-07-04,1962,BUZZ,BUZZCoin,3.24e-05,0.0,0.0,coinmarketcap_data_api_listings_historical
2025-07-04,34730,ASI,AltSignals,0.00109585,0.0,0.0,coinmarketcap_data_api_listings_historical
2025-07-04,18348,VIS,Envision,0.01056495,0.0,0.0,coinmarketcap_data_api_listings_historical
2025-07-04,18349,FPAD,FantomPAD,0.00106546,0.0,0.0,coinmarketcap_data_api_listings_historical
2025-07-04,34734,SFG,SolForge Fusion,0.57589024,0.0,0.0,coinmarketcap_data_api_listings_historical
2025-07-04,1967,IND,Indorse Token,0.0026825,0.0,0.0,coinmarketcap_data_api_listings_historical
2025-07-04,34737,INKY,Inkryptus,1.58609911,0.0,0.0,coinmarketcap_data_api_listings_historical
2025-07-04,1970,ATB,ATBCoin,0.0009846,0.0,0.0,coinmarketcap_data_api_listings_historical
2025-07-04,34741,MOM,Museum Of Memes,1.803e-05,0.0,0.0,coinmarketcap_data_api_listings_historical
2025-07-04,34742,SQUID2,SquidGame2,0.0,0.0,0.0,coinmarketcap_data_api_listings_historical
2025-07-04,34745,DEGEX,Degen Express,6.96e-06,0.0,0.0,coinmarketcap_data_api_listings_historical
2025-07-04,18362,CVC,Covid Cutter,9.98e-06,0.0,0.0,coinmarketcap_data_api_listings_historical
2025-07-04,1984,SUB,Substratum,0.00023336,0.0,0.0,coinmarketcap_data_api_listings_historical
2025-07-04,34758,MINIDOGE,Minidoge (minidoge.co),2.326e-05,0.0,0.0,coinmarketcap_data_api_listings_historical
2025-07-04,1991,RVT,Rivetz,0.00088005,0.0,0.0,coinmarketcap_data_api_listings_historical
2025-07-04,18381,BABYCATS,Baby Cat Coin,0.0,0.0,0.0,coinmarketcap_data_api_listings_historical
2025-07-04,34767,SISHENGSHENG,SiShengSheng,8e-08,0.0,0.0,coinmarketcap_data_api_listings_historical
2025-07-04,34775,SPR,Super Meme,0.00024261,0.0,0.0,coinmarketcap_data_api_listings_historical
2025-07-04,34776,SEALS,Seals-Ready to Crack Pengu's Ice,1.255e-05,0.0,0.0,coinmarketcap_data_api_listings_historical
2025-07-04,18397,HARE PLUS,Hare Plus,0.0,0.0,0.0,coinmarketcap_data_api_listings_historical
2025-07-04,34781,MSCHINA,Miss China AI,0.000134,0.0,0.0,coinmarketcap_data_api_listings_historical
2025-07-04,18398,SEX,Solidex,0.00023454,0.0,0.0,coinmarketcap_data_api_listings_historical
2025-07-04,34782,SNAKE2025,Lunar Snake Coin,1.874e-05,0.0,0.0,coinmarketcap_data_api_listings_historical
2025-07-04,34787,UAI,AImerica,0.0001435,0.0,0.0,coinmarketcap_data_api_listings_historical
2025-07-04,34790,SOLID,Solana ID,0.00205045,0.0,0.0,coinmarketcap_data_api_listings_historical
2025-07-04,18407,WRC,Werecoin EV Charging,3.62e-06,0.0,0.0,coinmarketcap_data_api_listings_historical
2025-07-04,2027,CNX,Cryptonex,55.9305522,0.0,0.0,coinmarketcap_data_api_listings_historical
2025-07-04,34795,MEDXT,MediChainX,0.00222777,0.0,0.0,coinmarketcap_data_api_listings_historical
2025-07-04,18418,VTX,Vector Finance,0.00849856,0.0,0.0,coinmarketcap_data_api_listings_historical
2025-07-04,34802,SUICY,SUICY the Seal,4.307e-05,0.0,0.0,coinmarketcap_data_api_listings_historical
2025-07-04,34803,TWRAE,Trump Was Right About Everything,5.634e-05,0.0,0.0,coinmarketcap_data_api_listings_historical
2025-07-04,34808,BMIGGLES,Baby Miggles,4.083e-05,0.0,0.0,coinmarketcap_data_api_listings_historical
2025-07-04,2043,CND,Cindicator,0.00025781,0.0,0.0,coinmarketcap_data_api_listings_historical
2025-07-04,34815,SHIRO,Shiro Pet,1.103e-05,0.0,0.0,coinmarketcap_data_api_listings_historical
2025-07-04,34817,MOLECULE,Molecule,0.0,0.0,0.0,coinmarketcap_data_api_listings_historical
2025-07-04,34823,HERIA,Astheria,3.835e-05,0.0,0.0,coinmarketcap_data_api_listings_historical
2025-07-04,34826,MSI,Monkey Sol Inu,1.504e-05,0.0,0.0,coinmarketcap_data_api_listings_historical
2025-07-04,34829,PEPEC,Pepe Clanker,0.1538263,0.0,0.0,coinmarketcap_data_api_listings_historical
2025-07-04,34831,GMG,Goblin Mine Game,0.00031608,0.0,0.0,coinmarketcap_data_api_listings_historical
2025-07-04,34832,SYNDOG,Synthesizer Dog,0.00035228,0.0,0.0,coinmarketcap_data_api_listings_historical
2025-07-04,34842,DEPINS,DePINs,3.92e-06,0.0,0.0,coinmarketcap_data_api_listings_historical
2025-07-04,2076,BLUE,Blue Protocol,0.0010584,0.0,0.0,coinmarketcap_data_api_listings_historical
2025-07-04,34846,GUD,Gud Tech,9.071e-05,0.0,0.0,coinmarketcap_data_api_listings_historical
2025-07-04,34850,SHILL,SHILLGUY,1.488e-05,0.0,0.0,coinmarketcap_data_api_listings_historical
2025-07-04,18471,LETSGO,Lets Go Brandon,1e-08,0.0,0.0,coinmarketcap_data_api_listings_historical
2025-07-04,34857,SHIBUSSY,SHIBUSSY,1.03e-06,0.0,0.0,coinmarketcap_data_api_listings_historical
2025-07-04,34860,SSHIP,StarShip,0.0003302,0.0,0.0,coinmarketcap_data_api_listings_historical
2025-07-04,34863,BEPE,BEPE,0.00074877,0.0,0.0,coinmarketcap_data_api_listings_historical
2025-07-04,34868,NKT,Naka Token,0.0009726,0.0,0.0,coinmarketcap_data_api_listings_historical
2025-07-04,34869,MDOGE,MDOGE,4e-07,0.0,0.0,coinmarketcap_data_api_listings_historical
2025-07-04,2104,IETH,iEthereum,0.0042346,0.0,0.0,coinmarketcap_data_api_listings_historical
2025-07-04,34873,CRAZE,Craze,0.00065379,0.0,0.0,coinmarketcap_data_api_listings_historical
2025-07-04,34874,HOLO,HOLO,1.787e-05,0.0,0.0,coinmarketcap_data_api_listings_historical
2025-07-04,34875,$BABU,Babu Pepe,0.0,0.0,0.0,coinmarketcap_data_api_listings_historical
2025-07-04,34877,QAAGAI,QAAGAI,0.00071858,0.0,0.0,coinmarketcap_data_api_listings_historical
2025-07-04,34879,MORPHAI,Morph AI,0.00588678,0.0,0.0,coinmarketcap_data_api_listings_historical
2025-07-04,34883,HOODRAT,Hoodrat,2.934e-05,0.0,0.0,coinmarketcap_data_api_listings_historical
2025-07-04,34891,DORA,DORA AI by Virtuals,0.00073321,0.0,0.0,coinmarketcap_data_api_listings_historical
2025-07-04,34892,CALLS,OnlyCalls by Virtuals,0.00013533,0.0,0.0,coinmarketcap_data_api_listings_historical
2025-07-04,34895,VAIN,Vainguard,0.00010409,0.0,0.0,coinmarketcap_data_api_listings_historical
2025-07-04,34898,OLYN,Olyn by Virtuals,0.00115434,0.0,0.0,coinmarketcap_data_api_listings_historical
2025-07-04,18515,SAFUU,Safuu,0.13173515,0.0,0.0,coinmarketcap_data_api_listings_historical
2025-07-04,18517,SOMDEJ,Somdejcoin,0.02470326,0.0,0.0,coinmarketcap_data_api_listings_historical
2025-07-04,34901,VIRTU,Virtu by Virtuals,0.00026926,0.0,0.0,coinmarketcap_data_api_listings_historical
2025-07-04,34903,BOB,Breakout Bro by Virtuals,6.847e-05,0.0,0.0,coinmarketcap_data_api_listings_historical
2025-07-04,2136,ATL,ATLANT,0.00215219,0.0,0.0,coinmarketcap_data_api_listings_historical
2025-07-04,18520,OATH,Oath,0.00075253,0.0,0.0,coinmarketcap_data_api_listings_historical
2025-07-04,34905,OXI,Oxbull,0.19584294,0.0,0.0,coinmarketcap_data_api_listings_historical
2025-07-04,34907,KANDO,KANDO AI,1.686e-05,0.0,0.0,coinmarketcap_data_api_listings_historical
2025-07-04,18525,WWD,Wolf Works DAO,0.00352233,0.0,0.0,coinmarketcap_data_api_listings_historical
2025-07-04,34909,MOON,Black Unicorn Corp.,9.17e-06,0.0,0.0,coinmarketcap_data_api_listings_historical
2025-07-04,34921,MUSIC,Music by Virtuals,0.00175431,0.0,0.0,coinmarketcap_data_api_listings_historical
2025-07-04,34924,SONIC,Sonic,6e-08,0.0,0.0,coinmarketcap_data_api_listings_historical
2025-07-04,34933,PAT,Pepe's Cat,1.531e-05,0.0,0.0,coinmarketcap_data_api_listings_historical
2025-07-04,34941,KOVU,Red Siberian Husky,3.185e-05,0.0,0.0,coinmarketcap_data_api_listings_historical
2025-07-04,34942,WVPC,Wrapped Viplus Coin,0.10313124,0.0,0.0,coinmarketcap_data_api_listings_historical
2025-07-04,2178,UFR,Upfiring,0.00169063,0.0,0.0,coinmarketcap_data_api_listings_historical
2025-07-04,2184,PRIX,Privatix,0.00952101,0.0,0.0,coinmarketcap_data_api_listings_historical
2025-07-04,34952,OPM,OpMentis,0.0013697,0.0,0.0,coinmarketcap_data_api_listings_historical
2025-07-04,34957,ONC,Oncology Network,0.00017143,0.0,0.0,coinmarketcap_data_api_listings_historical
2025-07-04,18584,DKNIGHT,Dark Knight,3.933e-05,0.0,0.0,coinmarketcap_data_api_listings_historical
2025-07-04,34969,DUEL,BetDuel.ai,9.92e-06,0.0,0.0,coinmarketcap_data_api_listings_historical
2025-07-04,34970,$KEKIUS,Kekius Maximus (kekius.club),0.0,0.0,0.0,coinmarketcap_data_api_listings_historical
2025-07-04,34972,KEKIUS,Kekius Maximus (kekiusmaximus.wtf),4.146e-05,0.0,0.0,coinmarketcap_data_api_listings_historical
2025-07-04,18590,SKO,Sugar Kingdom Odyssey,0.00074334,0.0,0.0,coinmarketcap_data_api_listings_historical
2025-07-04,34978,BABYKEKIUS,Baby Kekius Maximus,0.0,0.0,0.0,coinmarketcap_data_api_listings_historical
2025-07-04,34982,HADES,HadesAI by Virtuals,4.943e-05,0.0,0.0,coinmarketcap_data_api_listings_historical
2025-07-04,34985,SYRAX,Syrax AI,0.11188618,0.0,0.0,coinmarketcap_data_api_listings_historical
2025-07-04,34986,ROBOCOIN,First Bitcoin ATM,1.438e-05,0.0,0.0,coinmarketcap_data_api_listings_historical
2025-07-04,34989,ERC AI,Euruka Tech,0.00017093,0.0,0.0,coinmarketcap_data_api_listings_historical
2025-07-04,34992,GENIE,Genie Ai,0.00054982,0.0,0.0,coinmarketcap_data_api_listings_historical
2025-07-04,18609,FOOD,Food Bank,0.0,0.0,0.0,coinmarketcap_data_api_listings_historical
2025-07-04,34996,SETAI,SETAI Agents,0.00108295,0.0,0.0,coinmarketcap_data_api_listings_historical
2025-07-04,34999,SIMON,Simon the NYC Dog Mayor,6.218e-05,0.0,0.0,coinmarketcap_data_api_listings_historical
2025-07-04,35003,BRYAN,DrPepe.ai,0.0,0.0,0.0,coinmarketcap_data_api_listings_historical
2025-07-04,35004,AVRK,Avarik Saga,0.00271123,0.0,0.0,coinmarketcap_data_api_listings_historical
2025-07-04,35005,AURK,Aurk AI,0.0037033,0.0,0.0,coinmarketcap_data_api_listings_historical
2025-07-04,35006,TARDI,Tardi,0.00112209,0.0,0.0,coinmarketcap_data_api_listings_historical
2025-07-04,35008,HACHI INU,Hachi Inu,0.01917576,0.0,0.0,coinmarketcap_data_api_listings_historical
2025-07-04,35009,BUCK,BuckTheBunny,2.6e-07,0.0,0.0,coinmarketcap_data_api_listings_historical
2025-07-04,18627,CNC,Cornatto,1.849e-05,0.0,0.0,coinmarketcap_data_api_listings_historical
2025-07-04,35012,ORCL,Oracle,0.0019853,0.0,0.0,coinmarketcap_data_api_listings_historical
2025-07-04,35013,DESCIAI,DeSci AI Agent,0.0,0.0,0.0,coinmarketcap_data_api_listings_historical
2025-07-04,35017,SHRUBIUS,Shrubius Maximus,1.815e-05,0.0,0.0,coinmarketcap_data_api_listings_historical
2025-07-04,35021,IONA,Iona by Virtuals,0.0011257,0.0,0.0,coinmarketcap_data_api_listings_historical
2025-07-04,35024,SENKU,Senku Ishigami by Virtuals,7.849e-05,0.0,0.0,coinmarketcap_data_api_listings_historical
2025-07-04,35025,PEAGUY,The Pea Guy by Virtuals,2.555e-05,0.0,0.0,coinmarketcap_data_api_listings_historical
2025-07-04,35026,AIRENE,AIRENE by Virtuals,0.00034574,0.0,0.0,coinmarketcap_data_api_listings_historical
2025-07-04,35027,CROW,Crow Computer,1.121e-05,0.0,0.0,coinmarketcap_data_api_listings_historical
2025-07-04,18646,TINC,Tiny Coin,0.0017848,0.0,0.0,coinmarketcap_data_api_listings_historical
2025-07-04,35033,PNDN,Pandana,0.00013313,0.0,0.0,coinmarketcap_data_api_listings_historical
2025-07-04,35037,INDI,Indi,0.00776902,0.0,0.0,coinmarketcap_data_api_listings_historical
2025-07-04,35038,AITHER,Aither,0.00013835,0.0,0.0,coinmarketcap_data_api_listings_historical
2025-07-04,35042,COAI,COTI AI Agents,5.445e-05,0.0,0.0,coinmarketcap_data_api_listings_historical
2025-07-04,35043,BONKERS,Bonkers Meme Token,6.427e-05,0.0,0.0,coinmarketcap_data_api_listings_historical
2025-07-04,35044,HOPECOIN,Hopecoin,2.015e-05,0.0,0.0,coinmarketcap_data_api_listings_historical
2025-07-04,2277,SMT,SmartMesh,0.00017455,0.0,0.0,coinmarketcap_data_api_listings_historical
2025-07-04,35045,VIRUS,Virus Protocol,1.11e-05,0.0,0.0,coinmarketcap_data_api_listings_historical
2025-07-04,35046,PERCY,Percy Verence,1.521e-05,0.0,0.0,coinmarketcap_data_api_listings_historical
2025-07-04,35047,$MYST,MYST,0.00669407,0.0,0.0,coinmarketcap_data_api_listings_historical
2025-07-04,2282,SBTC,Super Bitcoin,0.24056297,0.0,0.0,coinmarketcap_data_api_listings_historical
2025-07-04,2288,WRC,Worldcore,3.84e-05,0.0,0.0,coinmarketcap_data_api_listings_historical
2025-07-04,35057,DOGEIUS,DOGEIUS,1.474e-05,0.0,0.0,coinmarketcap_data_api_listings_historical
2025-07-04,35059,OPERATOR,OpenAI Agent,0.0,0.0,0.0,coinmarketcap_data_api_listings_historical
2025-07-04,35060,PAWSY,Bark Ruffalo by Virtuals,7.817e-05,0.0,0.0,coinmarketcap_data_api_listings_historical
2025-07-04,2293,UBTC,United Bitcoin,1.47399699,0.0,0.0,coinmarketcap_data_api_listings_historical
2025-07-04,35061,IAOMIN,Yao Ming,0.00017207,0.0,0.0,coinmarketcap_data_api_listings_historical
2025-07-04,35062,PADRE,Padre,0.06108828,0.0,0.0,coinmarketcap_data_api_listings_historical
2025-07-04,2295,STAR,Starbase,4e-06,0.0,0.0,coinmarketcap_data_api_listings_historical
2025-07-04,35071,COQAI,COQ AI,0.00038073,0.0,0.0,coinmarketcap_data_api_listings_historical
2025-07-04,2307,BIX,Bibox Token,0.00340004,0.0,0.0,coinmarketcap_data_api_listings_historical
2025-07-04,35079,ynBNBx,ynBNB Max,682.8282413,0.0,0.0,coinmarketcap_data_api_listings_historical
2025-07-04,35081,WEBSIM,The Css God by Virtuals,0.00018682,0.0,0.0,coinmarketcap_data_api_listings_historical
2025-07-04,18698,MFAM,Moonwell Apollo,0.01083239,0.0,0.0,coinmarketcap_data_api_listings_historical
2025-07-04,35083,CYI,CYI by Virtuals,0.00093996,0.0,0.0,coinmarketcap_data_api_listings_historical
2025-07-04,18700,BITMETA,Bitcoin Metaverse,4.099e-05,0.0,0.0,coinmarketcap_data_api_listings_historical
2025-07-04,35084,H4CK,H4CK Terminal by Virtuals,0.00037352,0.0,0.0,coinmarketcap_data_api_listings_historical
2025-07-04,2318,NEU,Neumark,0.00982724,0.0,0.0,coinmarketcap_data_api_listings_historical
2025-07-04,35087,DIGGAI,DIGGER AI,8.23e-06,0.0,0.0,coinmarketcap_data_api_listings_historical
2025-07-04,35089,PEPEAI,Pepe AI Agent,0.0,0.0,0.0,coinmarketcap_data_api_listings_historical
2025-07-04,18707,POLYCUB,PolyCub,0.00274702,0.0,0.0,coinmarketcap_data_api_listings_historical
2025-07-04,35093,CPAI,Moontax,0.00275569,0.0,0.0,coinmarketcap_data_api_listings_historical
2025-07-04,35100,KEKIUS,Kekius Maximus (kekiusbsc.world),0.00020769,0.0,0.0,coinmarketcap_data_api_listings_historical
2025-07-04,35110,DVA,DeVap AI,0.00096326,0.0,0.0,coinmarketcap_data_api_listings_historical
2025-07-04,35111,AETHRA,Aethra AI,0.00065654,0.0,0.0,coinmarketcap_data_api_listings_historical
2025-07-04,35119,SPOT,SPOT AI,4.3e-07,0.0,0.0,coinmarketcap_data_api_listings_historical
2025-07-04,35120,POPPY,Poppy,0.00024764,0.0,0.0,coinmarketcap_data_api_listings_historical
2025-07-04,35122,ECO,EcoAI,1.371e-05,0.0,0.0,coinmarketcap_data_api_listings_historical
2025-07-04,35123,ATA,ATA by Virtuals,0.00030546,0.0,0.0,coinmarketcap_data_api_listings_historical
2025-07-04,35128,POPPY,Poppy,0.00010738,0.0,0.0,coinmarketcap_data_api_listings_historical
2025-07-04,35133,FRGB,Pepe's Frogbar,1.1e-07,0.0,0.0,coinmarketcap_data_api_listings_historical
2025-07-04,35136,TALE,TALE,5.19e-06,0.0,0.0,coinmarketcap_data_api_listings_historical
2025-07-04,2370,GOD,Bitcoin God,0.53558529,0.0,0.0,coinmarketcap_data_api_listings_historical
2025-07-04,35138,NORA,NORA,3.363e-05,0.0,0.0,coinmarketcap_data_api_listings_historical
2025-07-04,35140,N2,Niggachain AI Layer 2,0.00022403,0.0,0.0,coinmarketcap_data_api_listings_historical
2025-07-04,35142,SLAYER,ThreatSlayerAI by Virtuals,4.736e-05,0.0,0.0,coinmarketcap_data_api_listings_historical
2025-07-04,35143,DXAI,DXAI.app by Virtuals,7.648e-05,0.0,0.0,coinmarketcap_data_api_listings_historical
2025-07-04,35144,CORA,Cora,0.00011783,0.0,0.0,coinmarketcap_data_api_listings_historical
2025-07-04,35147,TRUST,$TRUST ME BROs by Virtuals,0.00540205,0.0,0.0,coinmarketcap_data_api_listings_historical
2025-07-04,35151,OMNI,Omnis Genesis by Virtuals,6.454e-05,0.0,0.0,coinmarketcap_data_api_listings_historical
2025-07-04,35152,DRPXBT,Hunter by Virtuals,7.464e-05,0.0,0.0,coinmarketcap_data_api_listings_historical
2025-07-04,35153,POD,Podflow AI by Virtuals,0.00015618,0.0,0.0,coinmarketcap_data_api_listings_historical
2025-07-04,18770,GLINK,Gemlink,0.00114954,0.0,0.0,coinmarketcap_data_api_listings_historical
2025-07-04,35155,STSHIP,Starship On Solana,7.9e-07,0.0,0.0,coinmarketcap_data_api_listings_historical
2025-07-04,35161,MONSTA,Based Monsta,4.311e-05,0.0,0.0,coinmarketcap_data_api_listings_historical
2025-07-04,35165,PLANT,Plant,9.634e-05,0.0,0.0,coinmarketcap_data_api_listings_historical
2025-07-04,18783,DXS,Dx Spot,8.85e-06,0.0,0.0,coinmarketcap_data_api_listings_historical
2025-07-04,35168,1000X,1000x by Virtuals,0.00160219,0.0,0.0,coinmarketcap_data_api_listings_historical
2025-07-04,35180,VMC,VMS Classic,60.21220272,0.0,0.0,coinmarketcap_data_api_listings_historical
2025-07-04,35182,BTCQ8,Bitcoin Kuwait,0.00044933,0.0,0.0,coinmarketcap_data_api_listings_historical
2025-07-04,2415,ARCT,ArbitrageCT,0.00082437,0.0,0.0,coinmarketcap_data_api_listings_historical
2025-07-04,35184,WULFY,Wulfy,4e-08,0.0,0.0,coinmarketcap_data_api_listings_historical
2025-07-04,35187,SUIDEPIN,Sui DePIN,0.00022098,0.0,0.0,coinmarketcap_data_api_listings_historical
2025-07-04,35195,SPHERE,Sphere AI,1.815e-05,0.0,0.0,coinmarketcap_data_api_listings_historical
2025-07-04,2428,DDD,Scry.info,2.221e-05,0.0,0.0,coinmarketcap_data_api_listings_historical
2025-07-04,35196,AIVIA,AI Virtual Agents,1.913e-05,0.0,0.0,coinmarketcap_data_api_listings_historical
2025-07-04,35199,AGI,Agently,0.00037404,0.0,0.0,coinmarketcap_data_api_listings_historical
2025-07-04,35201,BENGY,BENGY,9.37e-06,0.0,0.0,coinmarketcap_data_api_listings_historical
2025-07-04,18818,LSWAP,LoopSwap,0.00016279,0.0,0.0,coinmarketcap_data_api_listings_historical
2025-07-04,35204,GUDTEK,ai16zterminalfartARCzereLLMswarm,2.782e-05,0.0,0.0,coinmarketcap_data_api_listings_historical
2025-07-04,35209,JEWELRY,Jewelry Token,16.51365309,0.0,0.0,coinmarketcap_data_api_listings_historical
2025-07-04,18827,FACEDAO,FaceDAO,0.0,0.0,0.0,coinmarketcap_data_api_listings_historical
2025-07-04,35212,UTON,UTONIC,2.81421908,0.0,0.0,coinmarketcap_data_api_listings_historical
2025-07-04,35218,GINGER,GINGER GANG,5.865e-05,0.0,0.0,coinmarketcap_data_api_listings_historical
2025-07-04,35229,HTP,HowToPay,0.00017993,0.0,0.0,coinmarketcap_data_api_listings_historical
2025-07-04,2462,AID,AidCoin,0.00381714,0.0,0.0,coinmarketcap_data_api_listings_historical
2025-07-04,35233,TRUMP,First Crypto President (firstcryptopresident.xyz),0.12503175,0.0,0.0,coinmarketcap_data_api_listings_historical
2025-07-04,35234,IDRISS,IDRISS,0.0042903,0.0,0.0,coinmarketcap_data_api_listings_historical
2025-07-04,35235,GNZ,gAInz,2.66e-05,0.0,0.0,coinmarketcap_data_api_listings_historical
2025-07-04,2468,LET,LinkEye,0.00035084,0.0,0.0,coinmarketcap_data_api_listings_historical
2025-07-04,35246,LABUBU,Labubu,1.677e-05,0.0,0.0,coinmarketcap_data_api_listings_historical
2025-07-04,35247,DEFAI,DeFAIRewards,0.00015176,0.0,0.0,coinmarketcap_data_api_listings_historical
2025-07-04,35248,CRX,Cerebro Protocol,0.00236833,0.0,0.0,coinmarketcap_data_api_listings_historical
2025-07-04,2482,CPC,CPChain,0.0003428,0.0,0.0,coinmarketcap_data_api_listings_historical
2025-07-04,35250,ANEX,AstroNexus,0.00700206,0.0,0.0,coinmarketcap_data_api_listings_historical
2025-07-04,35253,FLSH,FlashWash,0.00076437,0.0,0.0,coinmarketcap_data_api_listings_historical
2025-07-04,35259,HOODRAT,Hoodrat Coin,0.0,0.0,0.0,coinmarketcap_data_api_listings_historical
2025-07-04,18878,DNFLX,Netflix Tokenized Stock (Defichain),86.924377,0.0,0.0,coinmarketcap_data_api_listings_historical
2025-07-04,18879,DQQQ,Invesco QQQ Trust tokenized ETF (Defichain),72.17444909,0.0,0.0,coinmarketcap_data_api_listings_historical
2025-07-04,35263,FCP,First Crypto President,2.152e-05,0.0,0.0,coinmarketcap_data_api_listings_historical
2025-07-04,18880,DTLT,iShares 20+ Year Treasury Bond ETF Defichain,1.92211118,0.0,0.0,coinmarketcap_data_api_listings_historical
2025-07-04,35264,CHATOSHI,chAtoshI,0.00174051,0.0,0.0,coinmarketcap_data_api_listings_historical
2025-07-04,18882,DEEM,iShares MSCI Emerging Markets tokenized ETF (Defichain),1.05987464,0.0,0.0,coinmarketcap_data_api_listings_historical
2025-07-04,35266,VIBE,VibrantX,0.00053337,0.0,0.0,coinmarketcap_data_api_listings_historical
2025-07-04,18883,DVOO,Vanguard S&P 500 tokenized ETF (Defichain),47.66247299,0.0,0.0,coinmarketcap_data_api_listings_historical
2025-07-04,18884,DVNQ,Vanguard Real Estate Tokenized ETF (Defichain),2.56708206,0.0,0.0,coinmarketcap_data_api_listings_historical
2025-07-04,18885,DAAPL,Apple Tokenized Stock (Defichain),4.98082639,0.0,0.0,coinmarketcap_data_api_listings_historical
2025-07-04,18886,DURTH,iShares MSCI World ETF tokenized ETF (Defichain),3.62444438,0.0,0.0,coinmarketcap_data_api_listings_historical
2025-07-04,2503,DMT,DMarket,0.00098272,0.0,0.0,coinmarketcap_data_api_listings_historical
2025-07-04,18887,DSLV,iShares Silver Trust (Defichain),0.65483551,0.0,0.0,coinmarketcap_data_api_listings_historical
2025-07-04,35272,BRAIN,Brain Frog,0.00186931,0.0,0.0,coinmarketcap_data_api_listings_historical
2025-07-04,18889,RIF3,MetaTariffv3,0.00150026,0.0,0.0,coinmarketcap_data_api_listings_historical
2025-07-04,35278,IONP,ION POWER GRID,0.22139343,0.0,0.0,coinmarketcap_data_api_listings_historical
2025-07-04,2512,UCASH,UNIVERSAL CASH,0.00163,0.0,0.0,coinmarketcap_data_api_listings_historical
2025-07-04,2513,MNTP,GoldMint,0.00547195,0.0,0.0,coinmarketcap_data_api_listings_historical
2025-07-04,18900,CRBRUS,Cerberus,1.75e-06,0.0,0.0,coinmarketcap_data_api_listings_historical
2025-07-04,35299,JAIHOZ,Jaihoz by Virtuals,0.00072242,0.0,0.0,coinmarketcap_data_api_listings_historical
2025-07-04,18917,GREEN,Greenhouse,0.00495265,0.0,0.0,coinmarketcap_data_api_listings_historical
2025-07-04,35301,NODE,noderzz by Virtuals,2.832e-05,0.0,0.0,coinmarketcap_data_api_listings_historical
2025-07-04,35302,VOLTX,VolatilityX,0.000262,0.0,0.0,coinmarketcap_data_api_listings_historical
2025-07-04,2535,EDGE,Edge,0.55008032,0.0,0.0,coinmarketcap_data_api_listings_historical
2025-07-04,2536,NTK,Neurotoken,9.93e-05,0.0,0.0,coinmarketcap_data_api_listings_historical
2025-07-04,35304,CROW,cr0w by Virtuals,6.833e-05,0.0,0.0,coinmarketcap_data_api_listings_historical
2025-07-04,35305,H1DR4,H1DR4 by Virtuals,0.00052454,0.0,0.0,coinmarketcap_data_api_listings_historical
2025-07-04,35306,AAAI,AAAI_agent by Virtuals,2.167e-05,0.0,0.0,coinmarketcap_data_api_listings_historical
2025-07-04,18923,KRO,Krogan,0.00020299,0.0,0.0,coinmarketcap_data_api_listings_historical
2025-07-04,35307,RAIN,Rain by Virtuals,0.00011752,0.0,0.0,coinmarketcap_data_api_listings_historical
2025-07-04,35308,WOKIE,Wokie Plumpkin by Virtuals,8.019e-05,0.0,0.0,coinmarketcap_data_api_listings_historical
2025-07-04,35309,WAGMI,WAGMI,3.579e-05,0.0,0.0,coinmarketcap_data_api_listings_historical
2025-07-04,2542,TDX,Tidex Token,0.00310096,0.0,0.0,coinmarketcap_data_api_listings_historical
2025-07-04,35311,GENZAI,GENZAI,4.997e-05,0.0,0.0,coinmarketcap_data_api_listings_historical
2025-07-04,35312,KOGIN,Kogin by Virtuals,9.413e-05,0.0,0.0,coinmarketcap_data_api_listings_historical
2025-07-04,35313,MXNBC,Rekt Burgundy by Virtuals,9.563e-05,0.0,0.0,coinmarketcap_data_api_listings_historical
2025-07-04,2546,REM,Remme,7.6e-06,0.0,0.0,coinmarketcap_data_api_listings_historical
2025-07-04,35314,ECHO,EchoLeaks by Virtuals,0.00041438,0.0,0.0,coinmarketcap_data_api_listings_historical
2025-07-04,35315,$HOUND,BaseHoundBot by Virtuals,8.339e-05,0.0,0.0,coinmarketcap_data_api_listings_historical
2025-07-04,2548,POA,POA Network,0.02295946,0.0,0.0,coinmarketcap_data_api_listings_historical
2025-07-04,18933,CLASS,Class Coin,4.46e-06,0.0,0.0,coinmarketcap_data_api_listings_historical
2025-07-04,35317,LESTER,LESTER by Virtuals,0.00010595,0.0,0.0,coinmarketcap_data_api_listings_historical
2025-07-04,18938,MEME,Memeverse,0.00067049,0.0,0.0,coinmarketcap_data_api_listings_historical
2025-07-04,35323,GRIND,Self Improving,5.84e-06,0.0,0.0,coinmarketcap_data_api_listings_historical
2025-07-04,35324,ROUGE,Rouge Studio,0.00303964,0.0,0.0,coinmarketcap_data_api_listings_historical
2025-07-04,35325,KEK,Kek,3.075e-05,0.0,0.0,coinmarketcap_data_api_listings_historical
2025-07-04,35329,YILONG,Yi Long Ma,3.843e-05,0.0,0.0,coinmarketcap_data_api_listings_historical
2025-07-04,2565,STAC,StarterCoin,4.22e-05,0.0,0.0,coinmarketcap_data_api_listings_historical
2025-07-04,35333,YILONGMA,Chinese Elon Musk,0.0397923,0.0,0.0,coinmarketcap_data_api_listings_historical
2025-07-04,35334,NAI,Nimbus AI,2.306e-05,0.0,0.0,coinmarketcap_data_api_listings_historical
2025-07-04,18952,CLVX,Calvex,2e-06,0.0,0.0,coinmarketcap_data_api_listings_historical
2025-07-04,35339,APEMAN,APEMAN,5.2e-07,0.0,0.0,coinmarketcap_data_api_listings_historical
2025-07-04,35340,VITALIK,OFFICIAL VITALIK,7.107e-05,0.0,0.0,coinmarketcap_data_api_listings_historical
2025-07-04,35341,PUMPTRUMP,PUMP TRUMP,6.28e-06,0.0,0.0,coinmarketcap_data_api_listings_historical
2025-07-04,35342,$TRUMP,FIGHT FIGHT FIGHT,0.0,0.0,0.0,coinmarketcap_data_api_listings_historical
2025-07-04,2576,TEN,Tokenomy,0.00894205,0.0,0.0,coinmarketcap_data_api_listings_historical
2025-07-04,35345,BUILD,BUILD,0.02909573,0.0,0.0,coinmarketcap_data_api_listings_historical
2025-07-04,35348,UTHR,Utherverse Xaeon,0.02523112,0.0,0.0,coinmarketcap_data_api_listings_historical
2025-07-04,35352,HLO,Halo,0.00100759,0.0,0.0,coinmarketcap_data_api_listings_historical
2025-07-04,35354,SKAI,SKAINET,2.451e-05,0.0,0.0,coinmarketcap_data_api_listings_historical
2025-07-04,35359,BSOP,Bsop,0.00025535,0.0,0.0,coinmarketcap_data_api_listings_historical
2025-07-04,35370,1HUB,1HubAI,3.638e-05,0.0,0.0,coinmarketcap_data_api_listings_historical
2025-07-04,18996,BB,BB Gaming,1.801e-05,0.0,0.0,coinmarketcap_data_api_listings_historical
2025-07-04,2614,XBP,BlitzPick,8.088e-05,0.0,0.0,coinmarketcap_data_api_listings_historical
2025-07-04,18998,BANANA,Banana,0.26580208,0.0,0.0,coinmarketcap_data_api_listings_historical
2025-07-04,35383,VZ,Vault Zero,0.00011373,0.0,0.0,coinmarketcap_data_api_listings_historical
2025-07-04,19001,SING,SingSing,0.0001039,0.0,0.0,coinmarketcap_data_api_listings_historical
2025-07-04,19004,IRENA,Irena Coin Apps,5.2e-07,0.0,0.0,coinmarketcap_data_api_listings_historical
2025-07-04,35391,PEPO,PEPO,0.00405544,0.0,0.0,coinmarketcap_data_api_listings_historical
2025-07-04,35402,BOMT,Baby One More Time,4.8e-07,0.0,0.0,coinmarketcap_data_api_listings_historical
2025-07-04,35409,DCOIN,Dogcoin,0.00010194,0.0,0.0,coinmarketcap_data_api_listings_historical
2025-07-04,19026,SHIBKILLER,ShibKiller,0.0,0.0,0.0,coinmarketcap_data_api_listings_historical
2025-07-04,2644,EOSDAC,eosDAC,0.00011664,0.0,0.0,coinmarketcap_data_api_listings_historical
2025-07-04,35414,DOGEAI,Doge AI Agent,0.0,0.0,0.0,coinmarketcap_data_api_listings_historical
2025-07-04,19034,SPACEPI,SpacePi,0.0,0.0,0.0,coinmarketcap_data_api_listings_historical
2025-07-04,35420,BUILT,Built Different,3.039e-05,0.0,0.0,coinmarketcap_data_api_listings_historical
2025-07-04,35428,BOLTAI,Bolt AI,1.271e-05,0.0,0.0,coinmarketcap_data_api_listings_historical
2025-07-04,19046,QWLA,Qawalla,0.24917082,0.0,0.0,coinmarketcap_data_api_listings_historical
2025-07-04,35432,CRADLE,Cradle,1.42365609,0.0,0.0,coinmarketcap_data_api_listings_historical
2025-07-04,35440,AZR,Azerop,5.00283382,0.0,0.0,coinmarketcap_data_api_listings_historical
2025-07-04,35443,MIA,Made in America,7.239e-05,0.0,0.0,coinmarketcap_data_api_listings_historical
2025-07-04,35445,CAR,Car,14.30944024,0.0,0.0,coinmarketcap_data_api_listings_historical
2025-07-04,35447,TAXAD,TAXAD,0.00218816,0.0,0.0,coinmarketcap_data_api_listings_historical
2025-07-04,19066,GNFT,GNFT,0.08600484,0.0,0.0,coinmarketcap_data_api_listings_historical
2025-07-04,35453,RUG,Robin Rug,4.503e-05,0.0,0.0,coinmarketcap_data_api_listings_historical
2025-07-04,35454,SWRX,SwissRx Coin,0.00017561,0.0,0.0,coinmarketcap_data_api_listings_historical
2025-07-04,35455,STOCK,Digital Asset Stockpile,2.084e-05,0.0,0.0,coinmarketcap_data_api_listings_historical
2025-07-04,19072,PAL,Paladin,0.1118812,0.0,0.0,coinmarketcap_data_api_listings_historical
2025-07-04,35457,BOBY,BOBY,1.203e-05,0.0,0.0,coinmarketcap_data_api_listings_historical
2025-07-04,19077,BYTE,BinaryDAO,0.07644779,0.0,0.0,coinmarketcap_data_api_listings_historical
2025-07-04,35464,JFOX,JuniperFox AI,9.19e-06,0.0,0.0,coinmarketcap_data_api_listings_historical
2025-07-04,35470,DOGECAUCUS,OFFICIAL DOGE CAUCUS,2.769e-05,0.0,0.0,coinmarketcap_data_api_listings_historical
2025-07-04,2704,TNS,Transcodium,5.307e-05,0.0,0.0,coinmarketcap_data_api_listings_historical
2025-07-04,35473,CBM,Cerebrum,1.85e-05,0.0,0.0,coinmarketcap_data_api_listings_historical
2025-07-04,19091,H2O,H2O DAO,0.08011581,0.0,0.0,coinmarketcap_data_api_listings_historical
2025-07-04,2712,MT,MyToken,0.00027002,0.0,0.0,coinmarketcap_data_api_listings_historical
2025-07-04,35483,DOGEMOON,DOGE TO MOON,0.0,0.0,0.0,coinmarketcap_data_api_listings_historical
2025-07-04,35485,STARGATEAI,Stargate AI Agent,0.0,0.0,0.0,coinmarketcap_data_api_listings_historical
2025-07-04,35489,GOD,Godcoin,0.00445202,0.0,0.0,coinmarketcap_data_api_listings_historical
2025-07-04,19107,RATS,Ratscoin,0.0,0.0,0.0,coinmarketcap_data_api_listings_historical
2025-07-04,19108,MTRM,Materium,0.00988492,0.0,0.0,coinmarketcap_data_api_listings_historical
2025-07-04,35492,KEIRA,Keira,0.00027116,0.0,0.0,coinmarketcap_data_api_listings_historical
2025-07-04,35494,SUIRWA,Sui RWA,0.00035472,0.0,0.0,coinmarketcap_data_api_listings_historical
2025-07-04,35495,BRAWL,Metabrawl,0.00143448,0.0,0.0,coinmarketcap_data_api_listings_historical
2025-07-04,35497,CTF,Crypto Task Force,5e-08,0.0,0.0,coinmarketcap_data_api_listings_historical
2025-07-04,35498,USTREAM,Ustream Coin,0.00018133,0.0,0.0,coinmarketcap_data_api_listings_historical
2025-07-04,35499,DEEPSEEK,DeepSeek AI,0.0,0.0,0.0,coinmarketcap_data_api_listings_historical
2025-07-04,35500,2025,The Year Of The Snake,7.67e-06,0.0,0.0,coinmarketcap_data_api_listings_historical
2025-07-04,19119,MKC,Meta Kongz,0.00159414,0.0,0.0,coinmarketcap_data_api_listings_historical
2025-07-04,35505,DEEPSEEKR1,DeepSeek R1,0.0,0.0,0.0,coinmarketcap_data_api_listings_historical
2025-07-04,35507,BLC,Balance Coin,0.99685638,0.0,0.0,coinmarketcap_data_api_listings_historical
2025-07-04,35508,LARRY,Crypto Bro,1.989e-05,0.0,0.0,coinmarketcap_data_api_listings_historical
2025-07-04,35511,TREE,Tree,0.28037422,0.0,0.0,coinmarketcap_data_api_listings_historical
2025-07-04,19130,STI,Seek Tiger,7.721e-05,0.0,0.0,coinmarketcap_data_api_listings_historical
2025-07-04,35516,CAIV,CARVIS,5.6e-06,0.0,0.0,coinmarketcap_data_api_listings_historical
2025-07-04,2752,DTRC,Datarius Credit,4.983e-05,0.0,0.0,coinmarketcap_data_api_listings_historical
2025-07-04,35520,KARUM,Karum Coin,1.43718491,0.0,0.0,coinmarketcap_data_api_listings_historical
2025-07-04,35527,RISE,AdRise,0.00023589,0.0,0.0,coinmarketcap_data_api_listings_historical
2025-07-04,19148,ECOIN,Ecoin Finance,0.00064534,0.0,0.0,coinmarketcap_data_api_listings_historical
2025-07-04,35532,HOG,HOG,2.564e-05,0.0,0.0,coinmarketcap_data_api_listings_historical
2025-07-04,35534,GROK3,Grok 3,1.207e-05,0.0,0.0,coinmarketcap_data_api_listings_historical
2025-07-04,19151,MSG,MsgSender,0.01619718,0.0,0.0,coinmarketcap_data_api_listings_historical
2025-07-04,35535,AMERICAI,AMERICA AI Agent,0.0,0.0,0.0,coinmarketcap_data_api_listings_historical
2025-07-04,35539,EVAL,EVAL Engine,0.00081121,0.0,0.0,coinmarketcap_data_api_listings_historical
2025-07-04,35540,NITRO,Nitro,1.067e-05,0.0,0.0,coinmarketcap_data_api_listings_historical
2025-07-04,35541,ABRA,Cadabra Finance,0.01501969,0.0,0.0,coinmarketcap_data_api_listings_historical
2025-07-04,35548,OASIS,Oasis Metaverse,0.00297034,0.0,0.0,coinmarketcap_data_api_listings_historical
2025-07-04,35549,ICE,Immigration Customs Enforcement,1.382e-05,0.0,0.0,coinmarketcap_data_api_listings_historical
2025-07-04,35550,A2I,Arcana AI,6.82e-06,0.0,0.0,coinmarketcap_data_api_listings_historical
2025-07-04,35551,QWENAI,Qwen AI Agent,0.0,0.0,0.0,coinmarketcap_data_api_listings_historical
2025-07-04,35555,TRIP,Trip,10.02055923,0.0,0.0,coinmarketcap_data_api_listings_historical
2025-07-04,35556,HODL,HODL,2.184e-05,0.0,0.0,coinmarketcap_data_api_listings_historical
2025-07-04,35557,WLSC,WESTLAND SMART CITY,0.07001137,0.0,0.0,coinmarketcap_data_api_listings_historical
2025-07-04,35558,BEATAI,eBeat AI,0.00159397,0.0,0.0,coinmarketcap_data_api_listings_historical
2025-07-04,35562,TWIGGY,Twiggy the water skiing squirrel,7.51e-05,0.0,0.0,coinmarketcap_data_api_listings_historical
2025-07-04,35564,DOGECAUCUS,Doge Caucus,0.01990343,0.0,0.0,coinmarketcap_data_api_listings_historical
2025-07-04,35568,QWEN,Qwen AI,0.0,0.0,0.0,coinmarketcap_data_api_listings_historical
2025-07-04,35570,JELLYAI,jelly ai agent,0.0,0.0,0.0,coinmarketcap_data_api_listings_historical
2025-07-04,35571,HOODAI,Robinhood AI Agent,0.0,0.0,0.0,coinmarketcap_data_api_listings_historical
2025-07-04,35573,HOODAI,Robinhood AI,0.0,0.0,0.0,coinmarketcap_data_api_listings_historical
2025-07-04,35579,MCC,Meshchain Ai,0.01400407,0.0,0.0,coinmarketcap_data_api_listings_historical
2025-07-04,19196,TVRS,TiraVerse,0.00038008,0.0,0.0,coinmarketcap_data_api_listings_historical
2025-07-04,35580,DUKE,DUKE COIN,1.256e-05,0.0,0.0,coinmarketcap_data_api_listings_historical
2025-07-04,35581,COINAI,Coinbase AI Agent,0.0,0.0,0.0,coinmarketcap_data_api_listings_historical
2025-07-04,35584,JAI,Japanese Akita Inu,1.095e-05,0.0,0.0,coinmarketcap_data_api_listings_historical
2025-07-04,35585,USA,Official USA Token,0.00948979,0.0,0.0,coinmarketcap_data_api_listings_historical
2025-07-04,35588,PEE,peecoin,8.06e-06,0.0,0.0,coinmarketcap_data_api_listings_historical
2025-07-04,35592,VINE,Vine Coin,2.43e-05,0.0,0.0,coinmarketcap_data_api_listings_historical
2025-07-04,19225,HERA,Hera Finance,0.88332712,0.0,0.0,coinmarketcap_data_api_listings_historical
2025-07-04,35611,HOL,Hall of Legends,1.048e-05,0.0,0.0,coinmarketcap_data_api_listings_historical
2025-07-04,19229,PRIMATE,Primate,0.00550695,0.0,0.0,coinmarketcap_data_api_listings_historical
2025-07-04,19232,LFT,LifeTime,0.0101025,0.0,0.0,coinmarketcap_data_api_listings_historical
2025-07-04,35620,BTCAI,BTC AI Agent,0.0,0.0,0.0,coinmarketcap_data_api_listings_historical
2025-07-04,35623,GEEK,GIGAGEEK,0.00012001,0.0,0.0,coinmarketcap_data_api_listings_historical
2025-07-04,35627,ASKAI,Ask AI,0.0,0.0,0.0,coinmarketcap_data_api_listings_historical
2025-07-04,19246,DPDBC,PDBC Defichain,0.41494982,0.0,0.0,coinmarketcap_data_api_listings_historical
2025-07-04,19247,DMSFT,Microsoft tokenized stock (Defichain),9.55145534,0.0,0.0,coinmarketcap_data_api_listings_historical
2025-07-04,35633,DOGPU,DogeGPU,3.8e-07,0.0,0.0,coinmarketcap_data_api_listings_historical
2025-07-04,35639,PWOG,Purple Fwog,3.2e-07,0.0,0.0,coinmarketcap_data_api_listings_historical
2025-07-04,19260,FUD,Aavegotchi FUD,8.227e-05,0.0,0.0,coinmarketcap_data_api_listings_historical
2025-07-04,19261,FOMO,Aavegotchi FOMO,0.00019534,0.0,0.0,coinmarketcap_data_api_listings_historical
2025-07-04,19262,ALPHA,Aavegotchi ALPHA,0.00039672,0.0,0.0,coinmarketcap_data_api_listings_historical
2025-07-04,35659,$YE,Kanye West,0.0,0.0,0.0,coinmarketcap_data_api_listings_historical
2025-07-04,35660,NEXEA,NEXEA,5.76e-06,0.0,0.0,coinmarketcap_data_api_listings_historical
2025-07-04,35661,MUSKAI,Musk AI Agent,0.0,0.0,0.0,coinmarketcap_data_api_listings_historical
2025-07-04,19279,VALAS,Valas Finance,0.00010903,0.0,0.0,coinmarketcap_data_api_listings_historical
2025-07-04,2896,MFT,Mainframe,0.00172217,0.0,0.0,coinmarketcap_data_api_listings_historical
2025-07-04,35668,redpacket,Redpacket,0.00581969,0.0,0.0,coinmarketcap_data_api_listings_historical
2025-07-04,19287,HAT,Joe Hat Token,351.95931584,0.0,0.0,coinmarketcap_data_api_listings_historical
2025-07-04,19289,VITY,Vitteey,9e-08,0.0,0.0,coinmarketcap_data_api_listings_historical
2025-07-04,35673,SPUNK,Spunk,4.09e-06,0.0,0.0,coinmarketcap_data_api_listings_historical
2025-07-04,35674,CLAY,Metropolis World (CLAY),0.00058581,0.0,0.0,coinmarketcap_data_api_listings_historical
2025-07-04,2907,KBC,Karatgold Coin,0.0010051,0.0,0.0,coinmarketcap_data_api_listings_historical
2025-07-04,2909,LIKE,LikeCoin,0.00210579,0.0,0.0,coinmarketcap_data_api_listings_historical
2025-07-04,35677,LEIA,Leia Games,5.2e-07,0.0,0.0,coinmarketcap_data_api_listings_historical
2025-07-04,35679,SFX,SpaceFrog X,2.3e-07,0.0,0.0,coinmarketcap_data_api_listings_historical
2025-07-04,35683,NEST,Nest AI,0.00105939,0.0,0.0,coinmarketcap_data_api_listings_historical
2025-07-04,35691,NINA,NINA,0.00030499,0.0,0.0,coinmarketcap_data_api_listings_historical
2025-07-04,35698,NEZHA,NEZHA,4.902e-05,0.0,0.0,coinmarketcap_data_api_listings_historical
2025-07-04,35699,FARTDEV,Fart Dev,7.4e-06,0.0,0.0,coinmarketcap_data_api_listings_historical
2025-07-04,35703,COKE,Coke on Sol,1.231e-05,0.0,0.0,coinmarketcap_data_api_listings_historical
2025-07-04,35704,HODL,HoldOn4DearLife,1.376e-05,0.0,0.0,coinmarketcap_data_api_listings_historical
2025-07-04,35716,RZUSD,RZUSD,1.00020994,0.0,0.0,coinmarketcap_data_api_listings_historical
2025-07-04,19333,RLM,MarbleVerse,0.00011538,0.0,0.0,coinmarketcap_data_api_listings_historical
2025-07-04,35725,DEEPSEEK,DeepSeek AI (deepseekaibnb.com),1.691e-05,0.0,0.0,coinmarketcap_data_api_listings_historical
2025-07-04,35729,BDOG,BIRD DOG,2.567e-05,0.0,0.0,coinmarketcap_data_api_listings_historical
2025-07-04,35730,AFD,Alice Weidel,1.399e-05,0.0,0.0,coinmarketcap_data_api_listings_historical
2025-07-04,35733,PUMPY,WOW MOON LAMBO PUMPPPPPPY,1.408e-05,0.0,0.0,coinmarketcap_data_api_listings_historical
2025-07-04,35735,CX,Cortex Protocol,0.01777736,0.0,0.0,coinmarketcap_data_api_listings_historical
2025-07-04,35737,MOON,SafeMoon,2.374e-05,0.0,0.0,coinmarketcap_data_api_listings_historical
2025-07-04,35738,DEEP,Deep AI,7.126e-05,0.0,0.0,coinmarketcap_data_api_listings_historical
2025-07-04,35740,CZDOG,CZ Dog,0.0,0.0,0.0,coinmarketcap_data_api_listings_historical
2025-07-04,19357,POLYPAD,PolyPad,0.00018024,0.0,0.0,coinmarketcap_data_api_listings_historical
2025-07-04,19362,TAKI,Taki Games,0.00019199,0.0,0.0,coinmarketcap_data_api_listings_historical
2025-07-04,35746,FABIENNE,Fabienne,1.393e-05,0.0,0.0,coinmarketcap_data_api_listings_historical
2025-07-04,35748,BROCCOLI,Broccoli (broccolibsc.com),9.005e-05,0.0,0.0,coinmarketcap_data_api_listings_historical
2025-07-04,19366,CZUSD,CZUSD,0.9796474,0.0,0.0,coinmarketcap_data_api_listings_historical
2025-07-04,19370,BABYOKX,BABYOKX,0.0,0.0,0.0,coinmarketcap_data_api_listings_historical
2025-07-04,35754,Broccoli,Broccoli (Bounce Finance),0.0004997,0.0,0.0,coinmarketcap_data_api_listings_historical
2025-07-04,19376,BTP,Bitpaid Token,0.02571144,0.0,0.0,coinmarketcap_data_api_listings_historical
2025-07-04,35760,BROCCOLI,Official CZ Dog,0.00013089,0.0,0.0,coinmarketcap_data_api_listings_historical
2025-07-04,19378,ZIRVE,Zirve Coin,3e-06,0.0,0.0,coinmarketcap_data_api_listings_historical
2025-07-04,35768,TIND,Tinder Swindler,0.00075168,0.0,0.0,coinmarketcap_data_api_listings_historical
2025-07-04,35769,RAMON,Ramon,4.64e-06,0.0,0.0,coinmarketcap_data_api_listings_historical
2025-07-04,35771,PIDOGE,Pi Network Doge,0.0,0.0,0.0,coinmarketcap_data_api_listings_historical
2025-07-04,35772,GROK3AI,Grok 3 AI,0.0,0.0,0.0,coinmarketcap_data_api_listings_historical
2025-07-04,3006,NBR,Niobio,0.00864421,0.0,0.0,coinmarketcap_data_api_listings_historical
2025-07-04,19393,CROGE,Crogecoin,0.0001818,0.0,0.0,coinmarketcap_data_api_listings_historical
2025-07-04,35777,MANDY,MANDY COIN,7.34e-06,0.0,0.0,coinmarketcap_data_api_listings_historical
2025-07-04,35780,ZHOUKING,ZhouKing,1e-08,0.0,0.0,coinmarketcap_data_api_listings_historical
2025-07-04,3013,PRIV,PRiVCY,0.00098262,0.0,0.0,coinmarketcap_data_api_listings_historical
2025-07-04,35781,PIAI,Pi Network AI Agent,0.0,0.0,0.0,coinmarketcap_data_api_listings_historical
2025-07-04,19398,GLIDE,Glide Finance,0.00837665,0.0,0.0,coinmarketcap_data_api_listings_historical
2025-07-04,35782,GROK3,GROK 3 (grok3bnb.xyz),0.00017767,0.0,0.0,coinmarketcap_data_api_listings_historical
2025-07-04,35788,BROCCOLI,BROCCOLI (FirstBroccoli on BNB),3.67e-06,0.0,0.0,coinmarketcap_data_api_listings_historical
2025-07-04,35790,HULEZHI,HU LE ZHI,0.00127903,0.0,0.0,coinmarketcap_data_api_listings_historical
2025-07-04,19413,FGD,Freedom God Dao,0.0881819,0.0,0.0,coinmarketcap_data_api_listings_historical
2025-07-04,19418,ASNT,Assent Protocol,3.814e-05,0.0,0.0,coinmarketcap_data_api_listings_historical
2025-07-04,35805,MANYU,MANYU,1.297e-05,0.0,0.0,coinmarketcap_data_api_listings_historical
2025-07-04,19423,STRNGR,Stronger,0.2671687,0.0,0.0,coinmarketcap_data_api_listings_historical
2025-07-04,19424,FPIS,Frax Price Index Share,0.37451214,0.0,0.0,coinmarketcap_data_api_listings_historical
2025-07-04,35808,XAIGAME,xAI Game Studio,0.0,0.0,0.0,coinmarketcap_data_api_listings_historical
2025-07-04,19425,FPI,Frax Price Index,1.13649106,0.0,0.0,coinmarketcap_data_api_listings_historical
2025-07-04,19426,GIDDY,Giddy,0.00013364,0.0,0.0,coinmarketcap_data_api_listings_historical
2025-07-04,35810,AIWS,AIWS,0.00371215,0.0,0.0,coinmarketcap_data_api_listings_historical
2025-07-04,19427,WOOP,WOOP,0.00021031,0.0,0.0,coinmarketcap_data_api_listings_historical
2025-07-04,35814,PHRZ,Pharaohs,0.00045731,0.0,0.0,coinmarketcap_data_api_listings_historical
2025-07-04,35819,HINAGI,Hinagi,5.109e-05,0.0,0.0,coinmarketcap_data_api_listings_historical
2025-07-04,35822,DEEPSEARCH,Grok 3 DeepSearch,0.0,0.0,0.0,coinmarketcap_data_api_listings_historical
2025-07-04,35825,KAKA,Miss Kaka,0.00010129,0.0,0.0,coinmarketcap_data_api_listings_historical
2025-07-04,19445,PDD,PDDOLLAR,0.0,0.0,0.0,coinmarketcap_data_api_listings_historical
2025-07-04,35831,MERGE,Merge Pals,5.503e-05,0.0,0.0,coinmarketcap_data_api_listings_historical
2025-07-04,35839,CARROT,Carrot by Puffer,0.06393056,0.0,0.0,coinmarketcap_data_api_listings_historical
2025-07-04,35847,$OG,Original Gangsters,3.199e-05,0.0,0.0,coinmarketcap_data_api_listings_historical
2025-07-04,35848,UNITREEAI,Unitree G1 AI,0.0,0.0,0.0,coinmarketcap_data_api_listings_historical
2025-07-04,35851,BABYBROCCOLI,Baby Broccoli,0.00033739,0.0,0.0,coinmarketcap_data_api_listings_historical
2025-07-04,35852,369,The 369 code,8.82e-06,0.0,0.0,coinmarketcap_data_api_listings_historical
2025-07-04,19470,CKC,ChikinCoin,0.00016957,0.0,0.0,coinmarketcap_data_api_listings_historical
2025-07-04,35857,CTOAI,ClustroAI,4.38e-06,0.0,0.0,coinmarketcap_data_api_listings_historical
2025-07-04,35861,AQUARI,Aquari,0.00598301,0.0,0.0,coinmarketcap_data_api_listings_historical
2025-07-04,3094,SCR,Scorum Coins,0.00081852,0.0,0.0,coinmarketcap_data_api_listings_historical
2025-07-04,19478,SPEED,Speed Star SPEED,1.47e-06,0.0,0.0,coinmarketcap_data_api_listings_historical
2025-07-04,35862,DOGED,Doge Dividends,7.59e-06,0.0,0.0,coinmarketcap_data_api_listings_historical
2025-07-04,35866,ORACLER,Oracler,0.0006647,0.0,0.0,coinmarketcap_data_api_listings_historical
2025-07-04,35868,GTY,G-Agents AI,7.868e-05,0.0,0.0,coinmarketcap_data_api_listings_historical
2025-07-04,35871,MIMIKO,MIMIKO,9596.40798348,0.0,0.0,coinmarketcap_data_api_listings_historical
2025-07-04,3106,PKG,PKG Token,2.06e-06,0.0,0.0,coinmarketcap_data_api_listings_historical
2025-07-04,35874,BBDOGITO,BabyBullDogito,0.00043061,0.0,0.0,coinmarketcap_data_api_listings_historical
2025-07-04,35883,INDUSTRIAL,Industrial,11.88943591,0.0,0.0,coinmarketcap_data_api_listings_historical
2025-07-04,19513,ANA,Nirvana ANA,5.15114886,0.0,0.0,coinmarketcap_data_api_listings_historical
2025-07-04,35898,SIDELINED,Sidelined?,0.00291403,0.0,0.0,coinmarketcap_data_api_listings_historical
2025-07-04,35907,ALIBABAAI,Alibaba AI Agent,0.0,0.0,0.0,coinmarketcap_data_api_listings_historical
2025-07-04,35908,CAPYBARA,Capybara,4.4e-07,0.0,0.0,coinmarketcap_data_api_listings_historical
2025-07-04,19526,PINETWORKDEFI,Pi Network DeFi,4.81e-06,0.0,0.0,coinmarketcap_data_api_listings_historical
2025-07-04,3144,THR,ThoreCoin,122.32819251,0.0,0.0,coinmarketcap_data_api_listings_historical
2025-07-04,35914,GONE,AND IT'S GONE,1.36e-05,0.0,0.0,coinmarketcap_data_api_listings_historical
2025-07-04,35915,101M,101M,0.0,0.0,0.0,coinmarketcap_data_api_listings_historical
2025-07-04,35917,CAT,CRYPTO AGENT TRUMP,0.0,0.0,0.0,coinmarketcap_data_api_listings_historical
2025-07-04,35924,MAG,Magnum Trading Bot,0.00012147,0.0,0.0,coinmarketcap_data_api_listings_historical
2025-07-04,3164,PMA,PumaPay,4.23e-06,0.0,0.0,coinmarketcap_data_api_listings_historical
2025-07-04,35935,MRT,Meana Raptor,0.00870431,0.0,0.0,coinmarketcap_data_api_listings_historical
2025-07-04,35938,JOBSEEK,JOBSEEK,0.00013852,0.0,0.0,coinmarketcap_data_api_listings_historical
2025-07-04,35944,FUCKTRUMP,FUCK TRUMP,0.0,0.0,0.0,coinmarketcap_data_api_listings_historical
2025-07-04,3181,HAND,ShowHand,3.434e-05,0.0,0.0,coinmarketcap_data_api_listings_historical
2025-07-04,35949,REALESTATE,RealEstate,9.56103074,0.0,0.0,coinmarketcap_data_api_listings_historical
2025-07-04,35951,TRUMP,Agent Krasnov,0.0,0.0,0.0,coinmarketcap_data_api_listings_historical
2025-07-04,19568,GGR,Gagarin,0.00607784,0.0,0.0,coinmarketcap_data_api_listings_historical
2025-07-04,3189,MFTU,Mainstream For The Underground,0.0,0.0,0.0,coinmarketcap_data_api_listings_historical
2025-07-04,35958,FORTKNOX,Fort Knox,3.816e-05,0.0,0.0,coinmarketcap_data_api_listings_historical
2025-07-04,35959,MINIDOGE,MiniDoge,0.00015549,0.0,0.0,coinmarketcap_data_api_listings_historical
2025-07-04,35960,SHDX,Shido DEX,4.561e-05,0.0,0.0,coinmarketcap_data_api_listings_historical
2025-07-04,19577,YUSD,YUSD Stablecoin,0.99487654,0.0,0.0,coinmarketcap_data_api_listings_historical
2025-07-04,35965,USDA,USDA,0.99915085,0.0,0.0,coinmarketcap_data_api_listings_historical
2025-07-04,19582,ZENC,Zenc Coin,0.00182847,0.0,0.0,coinmarketcap_data_api_listings_historical
2025-07-04,19583,NIRV,Nirvana NIRV,1.00226351,0.0,0.0,coinmarketcap_data_api_listings_historical
2025-07-04,35972,MANUSAI,Manus AI Agent,0.0,0.0,0.0,coinmarketcap_data_api_listings_historical
2025-07-04,35973,CLUTCH,CLUTCH,5.51585737,0.0,0.0,coinmarketcap_data_api_listings_historical
2025-07-04,35975,BROCCOLI,Broccoli (broccoliaab.com),0.00058041,0.0,0.0,coinmarketcap_data_api_listings_historical
2025-07-04,35978,FINE,This Is Fine,1.209e-05,0.0,0.0,coinmarketcap_data_api_listings_historical
2025-07-04,35980,$RICH,$RICH,0.00012038,0.0,0.0,coinmarketcap_data_api_listings_historical
2025-07-04,35983,RSVETH,Reddio Vault Ethereum,2394.81797066,0.0,0.0,coinmarketcap_data_api_listings_historical
2025-07-04,35984,SRN,SILVERNOVA,0.00163775,0.0,0.0,coinmarketcap_data_api_listings_historical
2025-07-04,35985,MTHB,MTHAIBAHT,0.0050252,0.0,0.0,coinmarketcap_data_api_listings_historical
2025-07-04,35987,DUCAT,Ducat,0.00681369,0.0,0.0,coinmarketcap_data_api_listings_historical
2025-07-04,19606,EMP,Empowa,0.01654321,0.0,0.0,coinmarketcap_data_api_listings_historical
2025-07-04,35995,EYE,THE EYE,1.248e-05,0.0,0.0,coinmarketcap_data_api_listings_historical
2025-07-04,19615,TMC,Tom Coin,0.0,0.0,0.0,coinmarketcap_data_api_listings_historical
2025-07-04,35999,FAME,FAME - Rumble Kong League,0.00010682,0.0,0.0,coinmarketcap_data_api_listings_historical
2025-07-04,36001,1OZT,TALA,3337.9711099,0.0,0.0,coinmarketcap_data_api_listings_historical
2025-07-04,19626,KINU,Kragger Inu,9.988e-05,0.0,0.0,coinmarketcap_data_api_listings_historical
2025-07-04,36014,DDM,Deutsche Mark,1.03412714,0.0,0.0,coinmarketcap_data_api_listings_historical
2025-07-04,3247,FLOT,Fire Lotto,0.00104892,0.0,0.0,coinmarketcap_data_api_listings_historical
2025-07-04,36015,WIN,WinX.io,1.908e-05,0.0,0.0,coinmarketcap_data_api_listings_historical
2025-07-04,36023,$BROC,Broccoli(broc.wtf),9.31e-06,0.0,0.0,coinmarketcap_data_api_listings_historical
2025-07-04,36025,POPG,POPG,0.05012928,0.0,0.0,coinmarketcap_data_api_listings_historical
2025-07-04,19642,MAV,Massive Protocol,0.06444339,0.0,0.0,coinmarketcap_data_api_listings_historical
2025-07-04,36026,ATM,ATM (BSC),0.00078864,0.0,0.0,coinmarketcap_data_api_listings_historical
2025-07-04,36027,POKEMON,Pokemon (pokemon2025.xyz),0.0,0.0,0.0,coinmarketcap_data_api_listings_historical
2025-07-04,36029,STITCH,Stitch,0.0,0.0,0.0,coinmarketcap_data_api_listings_historical
2025-07-04,36033,BUT,Bucket Protocol,0.01429587,0.0,0.0,coinmarketcap_data_api_listings_historical
2025-07-04,19651,GHC,Galaxy Heroes,0.0,0.0,0.0,coinmarketcap_data_api_listings_historical
2025-07-04,36037,TOOTHLESS,Toothless,0.0,0.0,0.0,coinmarketcap_data_api_listings_historical
2025-07-04,36042,DOPE,DOPE,0.0,0.0,0.0,coinmarketcap_data_api_listings_historical
2025-07-04,36045,GLUE,Bridged Glue,0.12651752,0.0,0.0,coinmarketcap_data_api_listings_historical
2025-07-04,19663,BRIDGE,Octus Bridge,0.04057287,0.0,0.0,coinmarketcap_data_api_listings_historical
2025-07-04,36048,TRDX,Trendix,2.866e-05,0.0,0.0,coinmarketcap_data_api_listings_historical
2025-07-04,19665,HOTMOON,HotMoon Token,0.0,0.0,0.0,coinmarketcap_data_api_listings_historical
2025-07-04,19667,VIK,VIKTAMA,0.0,0.0,0.0,coinmarketcap_data_api_listings_historical
2025-07-04,36057,$M,Mantis,0.00457843,0.0,0.0,coinmarketcap_data_api_listings_historical
2025-07-04,19683,EBT,ELON BUYS TWITTER,2e-08,0.0,0.0,coinmarketcap_data_api_listings_historical
2025-07-04,36067,USDO,OpenEden OpenDollar,1.00034156,0.0,0.0,coinmarketcap_data_api_listings_historical
2025-07-04,19685,PEN,Protocon,0.09868638,0.0,0.0,coinmarketcap_data_api_listings_historical
2025-07-04,36071,FLOCO,flocoin,0.25005507,0.0,0.0,coinmarketcap_data_api_listings_historical
2025-07-04,3304,MOLK,MobilinkToken,2.721e-05,0.0,0.0,coinmarketcap_data_api_listings_historical
2025-07-04,36072,BOB,Bob The Builder,1.098e-05,0.0,0.0,coinmarketcap_data_api_listings_historical
2025-07-04,36076,AKZ,Akzumite,1.01986986,0.0,0.0,coinmarketcap_data_api_listings_historical
2025-07-04,36077,SHORT,Bermuda Shorts,1.748e-05,0.0,0.0,coinmarketcap_data_api_listings_historical
2025-07-04,36082,SFAGRO,SFAGRO,0.27882077,0.0,0.0,coinmarketcap_data_api_listings_historical
2025-07-04,36085,LEGAL,LegalX,0.00010652,0.0,0.0,coinmarketcap_data_api_listings_historical
2025-07-04,36088,GHHS,GHHS Healthcare,0.28313386,0.0,0.0,coinmarketcap_data_api_listings_historical
2025-07-04,19710,PLD,Plutonians,0.00154824,0.0,0.0,coinmarketcap_data_api_listings_historical
2025-07-04,36094,SAMS,Samsara.Build,9.577e-05,0.0,0.0,coinmarketcap_data_api_listings_historical
2025-07-04,36095,PATLU,Patlu,6.497e-05,0.0,0.0,coinmarketcap_data_api_listings_historical
2025-07-04,36096,SPONGE,Spongebob,2.973e-05,0.0,0.0,coinmarketcap_data_api_listings_historical
2025-07-04,19714,LUSD,ℓUSD,0.06617114,0.0,0.0,coinmarketcap_data_api_listings_historical
2025-07-04,36098,SAUDIPEPE,SAUDI PEPE (new),5.04e-06,0.0,0.0,coinmarketcap_data_api_listings_historical
2025-07-04,36103,NAILONG,Nailong,5.662e-05,0.0,0.0,coinmarketcap_data_api_listings_historical
2025-07-04,36112,BOMBLOONG,BOMBLOONG,1.486e-05,0.0,0.0,coinmarketcap_data_api_listings_historical
2025-07-04,19744,DDD,Dot Dot Finance,4.884e-05,0.0,0.0,coinmarketcap_data_api_listings_historical
2025-07-04,36128,HABIBI,HABIBICOIN,1.687e-05,0.0,0.0,coinmarketcap_data_api_listings_historical
2025-07-04,36130,SPEED,IShowSpeed,0.0,0.0,0.0,coinmarketcap_data_api_listings_historical
2025-07-04,36136,BYB,BiorBank,0.00040117,0.0,0.0,coinmarketcap_data_api_listings_historical
2025-07-04,19756,CHECKR,CheckerChain,2.826e-05,0.0,0.0,coinmarketcap_data_api_listings_historical
2025-07-04,19758,GODE,Gode Chain,0.00780119,0.0,0.0,coinmarketcap_data_api_listings_historical
2025-07-04,19762,SANI,Sanin Inu,3.5e-07,0.0,0.0,coinmarketcap_data_api_listings_historical
2025-07-04,36146,CAMEL,CAMEL,6.28e-06,0.0,0.0,coinmarketcap_data_api_listings_historical
2025-07-04,19764,MAIN,MAIN,1.788e-05,0.0,0.0,coinmarketcap_data_api_listings_historical
2025-07-04,36150,DOGEMARS,DOGE TO MARS,0.0,0.0,0.0,coinmarketcap_data_api_listings_historical
2025-07-04,19772,$KYUB,Kyuubi,1.15e-06,0.0,0.0,coinmarketcap_data_api_listings_historical
2025-07-04,36163,BIKE,White Bike,6.18e-06,0.0,0.0,coinmarketcap_data_api_listings_historical
2025-07-04,3415,BCZERO,Buggyra Coin Zero,0.18414614,0.0,0.0,coinmarketcap_data_api_listings_historical
2025-07-04,36183,MCD,McDonald's Job Application,0.0,0.0,0.0,coinmarketcap_data_api_listings_historical
2025-07-04,36190,BNBETF,BNB ETF,0.0,0.0,0.0,coinmarketcap_data_api_listings_historical
2025-07-04,36191,TSO,Thesirion,0.0001728,0.0,0.0,coinmarketcap_data_api_listings_historical
2025-07-04,36196,DOLLY,DOLLY,1.726e-05,0.0,0.0,coinmarketcap_data_api_listings_historical
2025-07-04,36197,Orange Diamond,Orange Diamond,1.034e-05,0.0,0.0,coinmarketcap_data_api_listings_historical
2025-07-04,36202,ROCKET,DOGE ROCKET,1.454e-05,0.0,0.0,coinmarketcap_data_api_listings_historical
2025-07-04,36203,BOOB,boob,4.61e-06,0.0,0.0,coinmarketcap_data_api_listings_historical
2025-07-04,36204,DOGEMOON,DOGE TO MOON,0.0,0.0,0.0,coinmarketcap_data_api_listings_historical
2025-07-04,36205,SHONG,Shong Inu,3.53e-05,0.0,0.0,coinmarketcap_data_api_listings_historical
2025-07-04,36209,DNA,DNA,0.0,0.0,0.0,coinmarketcap_data_api_listings_historical
2025-07-04,19833,API,API INU,0.0,0.0,0.0,coinmarketcap_data_api_listings_historical
2025-07-04,36218,4444,4444 Meme,4.7e-07,0.0,0.0,coinmarketcap_data_api_listings_historical
2025-07-04,36222,S,Token S,0.00220375,0.0,0.0,coinmarketcap_data_api_listings_historical
2025-07-04,19840,THOL,AngelBlock,0.00121218,0.0,0.0,coinmarketcap_data_api_listings_historical
2025-07-04,36228,GLDS,Glades,0.0004012,0.0,0.0,coinmarketcap_data_api_listings_historical
2025-07-04,36230,MAXIMUSA,Kekius Maximusa,0.0,0.0,0.0,coinmarketcap_data_api_listings_historical
2025-07-04,19847,KUKU,panKUKU,3.9e-07,0.0,0.0,coinmarketcap_data_api_listings_historical
2025-07-04,19850,AVXT,Avaxtars Token,3.497e-05,0.0,0.0,coinmarketcap_data_api_listings_historical
2025-07-04,36237,GBB,GameBeeBSC,1.075e-05,0.0,0.0,coinmarketcap_data_api_listings_historical
2025-07-04,36242,DEAL,The Art Of The Deal,0.0,0.0,0.0,coinmarketcap_data_api_listings_historical
2025-07-04,36243,FARTIMUS,Fartimus Prime,0.0,0.0,0.0,coinmarketcap_data_api_listings_historical
2025-07-04,3479,MODX,MODEL-X-coin,0.00096827,0.0,0.0,coinmarketcap_data_api_listings_historical
2025-07-04,36248,BLIFFY,Bliffy,7.27e-06,0.0,0.0,coinmarketcap_data_api_listings_historical
2025-07-04,19865,RIA,aRIA Currency,0.02880712,0.0,0.0,coinmarketcap_data_api_listings_historical
2025-07-04,36253,ALIENS,Aliens,8.52e-06,0.0,0.0,coinmarketcap_data_api_listings_historical
2025-07-04,19871,PRDS,Brise Paradise,2.998e-05,0.0,0.0,coinmarketcap_data_api_listings_historical
2025-07-04,36259,ELMO,ELMO (elmomemecoin),0.0,0.0,0.0,coinmarketcap_data_api_listings_historical
2025-07-04,36268,BULL,bulls-eye,5.18e-06,0.0,0.0,coinmarketcap_data_api_listings_historical
2025-07-04,19886,FAME,Fame MMA,1.076e-05,0.0,0.0,coinmarketcap_data_api_listings_historical
2025-07-04,36276,JARVIS,Jarvis AI,2.102e-05,0.0,0.0,coinmarketcap_data_api_listings_historical
2025-07-04,36283,FURSIMPSON,Fur Simpson,0.0,0.0,0.0,coinmarketcap_data_api_listings_historical
2025-07-04,19900,ARGO,Argo Finance,5.944e-05,0.0,0.0,coinmarketcap_data_api_listings_historical
2025-07-04,36289,NDEPS,Native Decentralized Euro Protocol Share,0.38772303,0.0,0.0,coinmarketcap_data_api_listings_historical
2025-07-04,36290,ND7,Nexdol,1.00139871,0.0,0.0,coinmarketcap_data_api_listings_historical
2025-07-04,36293,GOOFY,Goofy,0.0,0.0,0.0,coinmarketcap_data_api_listings_historical
2025-07-04,36297,FARTCOIN,First AI Revolution Takeover,4.1e-07,0.0,0.0,coinmarketcap_data_api_listings_historical
2025-07-04,36299,TOYSTORY,Toy Story,0.0,0.0,0.0,coinmarketcap_data_api_listings_historical
2025-07-04,36304,DUCKY,ducky,6.752e-05,0.0,0.0,coinmarketcap_data_api_listings_historical
2025-07-04,36307,KULU,Kulu the Pangolin,2.718e-05,0.0,0.0,coinmarketcap_data_api_listings_historical
2025-07-04,36311,ARI,ARI,0.00516324,0.0,0.0,coinmarketcap_data_api_listings_historical
2025-07-04,36316,WAYRU,Wayru,0.00021601,0.0,0.0,coinmarketcap_data_api_listings_historical
2025-07-04,19935,SPRING,Spring,0.00292078,0.0,0.0,coinmarketcap_data_api_listings_historical
2025-07-04,19936,SUMMER,Summer,0.00291812,0.0,0.0,coinmarketcap_data_api_listings_historical
2025-07-04,36322,NYWNFT,NEW YORK WORLD NFT,0.0003768,0.0,0.0,coinmarketcap_data_api_listings_historical
2025-07-04,36324,SPIN,Spin It,0.00250333,0.0,0.0,coinmarketcap_data_api_listings_historical
2025-07-04,36329,MMA,God Fighters,0.11057719,0.0,0.0,coinmarketcap_data_api_listings_historical
2025-07-04,36334,TITO,TITO,4.43e-06,0.0,0.0,coinmarketcap_data_api_listings_historical
2025-07-04,19951,USV,Universal Store of Value,1.07554171,0.0,0.0,coinmarketcap_data_api_listings_historical
2025-07-04,36336,ALONE,Forever Alone,1.441e-05,0.0,0.0,coinmarketcap_data_api_listings_historical
2025-07-04,36339,VGBP,VNX British Pound,1.36438366,0.0,0.0,coinmarketcap_data_api_listings_historical
2025-07-04,19958,SLIME,Snail Trail,0.00043279,0.0,0.0,coinmarketcap_data_api_listings_historical
2025-07-04,36346,DMCP,DeMCP,0.00012051,0.0,0.0,coinmarketcap_data_api_listings_historical
2025-07-04,19964,PLS,PlutusDAO,0.01821828,0.0,0.0,coinmarketcap_data_api_listings_historical
2025-07-04,36348,AMBIOS,Ambios Network,0.00648005,0.0,0.0,coinmarketcap_data_api_listings_historical
2025-07-04,36351,TRACTOR,Tractor,13.88264672,0.0,0.0,coinmarketcap_data_api_listings_historical
2025-07-04,36353,DIVINER,DIVINER,3.977e-05,0.0,0.0,coinmarketcap_data_api_listings_historical
2025-07-04,36354,GOLDGR,Goldgr,107.44884328,0.0,0.0,coinmarketcap_data_api_listings_historical
2025-07-04,19973,MVX,Metavault Trade,0.07169134,0.0,0.0,coinmarketcap_data_api_listings_historical
2025-07-04,19976,$FORGE,Blocksmith Labs Forge,0.00350496,0.0,0.0,coinmarketcap_data_api_listings_historical
2025-07-04,19978,FERT,Chikn Fert,2.504e-05,0.0,0.0,coinmarketcap_data_api_listings_historical
2025-07-04,19979,YUSE,Yuse Token,0.0,0.0,0.0,coinmarketcap_data_api_listings_historical
2025-07-04,36363,APARTMENT,Apartment,0.0,0.0,0.0,coinmarketcap_data_api_listings_historical
2025-07-04,19982,NUMI,Numitor,0.04202149,0.0,0.0,coinmarketcap_data_api_listings_historical
2025-07-04,19983,ELTG,Graphen,6e-06,0.0,0.0,coinmarketcap_data_api_listings_historical
2025-07-04,36368,ART,ExchangeArt,0.00071157,0.0,0.0,coinmarketcap_data_api_listings_historical
2025-07-04,19987,ASIX+,ASIX+,6e-08,0.0,0.0,coinmarketcap_data_api_listings_historical
2025-07-04,36373,USDBIT,USD BIT,0.97786642,0.0,0.0,coinmarketcap_data_api_listings_historical
2025-07-04,36376,2049,TOKEN 2049,5.14e-06,0.0,0.0,coinmarketcap_data_api_listings_historical
2025-07-04,3610,MICRO,Micromines,4e-08,0.0,0.0,coinmarketcap_data_api_listings_historical
2025-07-04,36380,BFT,BiFinanceToken,0.67272626,0.0,0.0,coinmarketcap_data_api_listings_historical
2025-07-04,36383,PIPE,PIPE,1.803e-05,0.0,0.0,coinmarketcap_data_api_listings_historical
2025-07-04,3621,BTNTV2,BitNautic Token,0.00094977,0.0,0.0,coinmarketcap_data_api_listings_historical
2025-07-04,36392,AID,AID,0.36802371,0.0,0.0,coinmarketcap_data_api_listings_historical
2025-07-04,36395,GORKXAI,XAI Gork,4.33e-06,0.0,0.0,coinmarketcap_data_api_listings_historical
2025-07-04,20022,SENSI,Sensi,0.00460115,0.0,0.0,coinmarketcap_data_api_listings_historical
2025-07-04,36409,TRUMPOPE,I’d like to be pope,0.0,0.0,0.0,coinmarketcap_data_api_listings_historical
2025-07-04,36426,SCAN,scan meme,6.596e-05,0.0,0.0,coinmarketcap_data_api_listings_historical
2025-07-04,36432,BLPAI,BullPerks,0.00536099,0.0,0.0,coinmarketcap_data_api_listings_historical
2025-07-04,36441,WALE,Wale,1.325e-05,0.0,0.0,coinmarketcap_data_api_listings_historical
2025-07-04,36442,AINBNB,AINBNB,6.19e-06,0.0,0.0,coinmarketcap_data_api_listings_historical
2025-07-04,36443,$POPE,POPE PIETRO PAROLIN,0.0,0.0,0.0,coinmarketcap_data_api_listings_historical
2025-07-04,36444,$POPE,POPE LEO XIV,0.0,0.0,0.0,coinmarketcap_data_api_listings_historical
2025-07-04,36445,MULTI,Multichain (BSC),0.06244597,0.0,0.0,coinmarketcap_data_api_listings_historical
2025-07-04,36451,TRIX,Triceps,1.47e-06,0.0,0.0,coinmarketcap_data_api_listings_historical
2025-07-04,36454,TYPE,Type Shit,7.58e-06,0.0,0.0,coinmarketcap_data_api_listings_historical
2025-07-04,36456,MECO,Memeseco,4.083e-05,0.0,0.0,coinmarketcap_data_api_listings_historical
2025-07-04,36459,STITCH,Stitch,0.0,0.0,0.0,coinmarketcap_data_api_listings_historical
2025-07-04,20077,SFL,Sunflower Land,0.08223847,0.0,0.0,coinmarketcap_data_api_listings_historical
2025-07-04,20081,OMNIA,OmniaVerse,0.0001419,0.0,0.0,coinmarketcap_data_api_listings_historical
2025-07-04,20082,MON,Monstock,5.99e-06,0.0,0.0,coinmarketcap_data_api_listings_historical
2025-07-04,36469,MMC,Magic Money Computers,0.00021588,0.0,0.0,coinmarketcap_data_api_listings_historical
2025-07-04,36471,HAMBURG,Hamburg Eyes,4e-08,0.0,0.0,coinmarketcap_data_api_listings_historical
2025-07-04,36473,FROGGER,FROGGER,0.00018797,0.0,0.0,coinmarketcap_data_api_listings_historical
2025-07-04,36475,$TRUTH,Truth Social,0.0,0.0,0.0,coinmarketcap_data_api_listings_historical
2025-07-04,36477,INTEL,Intel Protocol,8.8e-07,0.0,0.0,coinmarketcap_data_api_listings_historical
2025-07-04,36478,WAYGU,WAYGU CASH,0.00031406,0.0,0.0,coinmarketcap_data_api_listings_historical
2025-07-04,36482,ZKAI,ZKCrypt AI,0.04422519,0.0,0.0,coinmarketcap_data_api_listings_historical
2025-07-04,36483,UR,URSWAP,0.00585971,0.0,0.0,coinmarketcap_data_api_listings_historical
2025-07-04,36490,AIAF,AI Agent Factory,4.09e-05,0.0,0.0,coinmarketcap_data_api_listings_historical
2025-07-04,36497,$BITCOIN,DIGITAL GOLD,0.0,0.0,0.0,coinmarketcap_data_api_listings_historical
2025-07-04,3730,TCAT,The Currency Analytics,4.12e-06,0.0,0.0,coinmarketcap_data_api_listings_historical
2025-07-04,36502,MOODENG,Moo Deng (MooDengBase),1.14e-06,0.0,0.0,coinmarketcap_data_api_listings_historical
2025-07-04,36516,QU3,QU3 AI,0.0101716,0.0,0.0,coinmarketcap_data_api_listings_historical
2025-07-04,20136,PESA,Pesabase,0.04001068,0.0,0.0,coinmarketcap_data_api_listings_historical
2025-07-04,36521,$OPTIMUS,Optimus,0.0,0.0,0.0,coinmarketcap_data_api_listings_historical
2025-07-04,20138,PIGE,Pige,0.0,0.0,0.0,coinmarketcap_data_api_listings_historical
2025-07-04,36523,FIFA,FIFA,5e-08,0.0,0.0,coinmarketcap_data_api_listings_historical
2025-07-04,20143,HTO,Heavenland,0.00048029,0.0,0.0,coinmarketcap_data_api_listings_historical
2025-07-04,36529,YLT,Yieltra,0.00939885,0.0,0.0,coinmarketcap_data_api_listings_historical
2025-07-04,3763,OWC,Oduwacoin,0.32055973,0.0,0.0,coinmarketcap_data_api_listings_historical
2025-07-04,36534,MORPHIS,MorphIS,0.00204775,0.0,0.0,coinmarketcap_data_api_listings_historical
2025-07-04,20156,BULL,Bullshit Inu,1e-08,0.0,0.0,coinmarketcap_data_api_listings_historical
2025-07-04,20158,AMINO,Amino,0.00020588,0.0,0.0,coinmarketcap_data_api_listings_historical
2025-07-04,36546,HACHI,Hachiko,1.431e-05,0.0,0.0,coinmarketcap_data_api_listings_historical
2025-07-04,36549,A7A5,A7A5,0.01257154,0.0,0.0,coinmarketcap_data_api_listings_historical
2025-07-04,36550,WA7A5,Wrapped A7A5,0.01287106,0.0,0.0,coinmarketcap_data_api_listings_historical
2025-07-04,36553,GAMES,GAME,3.949e-05,0.0,0.0,coinmarketcap_data_api_listings_historical
2025-07-04,20170,LC,LuckyChip,0.00031291,0.0,0.0,coinmarketcap_data_api_listings_historical
2025-07-04,36555,BASEFARCON,Base@FarCon 2025,3.908e-05,0.0,0.0,coinmarketcap_data_api_listings_historical
2025-07-04,36561,CNC,Cats N Cars,0.00036981,0.0,0.0,coinmarketcap_data_api_listings_historical
2025-07-04,36565,$SEND,$SEND,0.0,0.0,0.0,coinmarketcap_data_api_listings_historical
2025-07-04,36566,AGI,Ambient AGI,0.00013119,0.0,0.0,coinmarketcap_data_api_listings_historical
2025-07-04,36567,CMX,CMX Agent,0.00032454,0.0,0.0,coinmarketcap_data_api_listings_historical
2025-07-04,20191,HOOP,Chibi Dinos,4.555e-05,0.0,0.0,coinmarketcap_data_api_listings_historical
2025-07-04,3809,DOS,DOS Network,0.0010116,0.0,0.0,coinmarketcap_data_api_listings_historical
2025-07-04,36582,BRANDY,BRANDY,4.934e-05,0.0,0.0,coinmarketcap_data_api_listings_historical
2025-07-04,36583,MCP,MCP AI,0.0,0.0,0.0,coinmarketcap_data_api_listings_historical
2025-07-04,36600,$RWA,$RWA,0.0,0.0,0.0,coinmarketcap_data_api_listings_historical
2025-07-04,20227,FAR,Few and Far Protocol,0.00028617,0.0,0.0,coinmarketcap_data_api_listings_historical
2025-07-04,20228,EZI,Ezillion,0.0,0.0,0.0,coinmarketcap_data_api_listings_historical
2025-07-04,36612,USDUC,Unstable Coin (usduc.ai),8.17e-05,0.0,0.0,coinmarketcap_data_api_listings_historical
2025-07-04,36617,ARCOS,ArcadiaOS,0.00126015,0.0,0.0,coinmarketcap_data_api_listings_historical
2025-07-04,36618,KAWS,Kaws,3.083e-05,0.0,0.0,coinmarketcap_data_api_listings_historical
2025-07-04,36620,DCN,DECENTRA PROTOCOL,12.98369103,0.0,0.0,coinmarketcap_data_api_listings_historical
2025-07-04,36623,PURR,8BitPurrs,9.07e-06,0.0,0.0,coinmarketcap_data_api_listings_historical
2025-07-04,36624,GX3,GX3.AI,0.00092902,0.0,0.0,coinmarketcap_data_api_listings_historical
2025-07-04,36625,CONY,Cony,1.128e-05,0.0,0.0,coinmarketcap_data_api_listings_historical
2025-07-04,36627,BABYTOSHI,Baby Toshi,3.85e-06,0.0,0.0,coinmarketcap_data_api_listings_historical
2025-07-04,36631,KABOSU,Kabosu,0.0004678,0.0,0.0,coinmarketcap_data_api_listings_historical
2025-07-04,36640,VNX,VNX Community Hub,0.04964425,0.0,0.0,coinmarketcap_data_api_listings_historical
2025-07-04,36642,KERMIT,Kermit,3.07e-06,0.0,0.0,coinmarketcap_data_api_listings_historical
2025-07-04,36644,POPMART,POP MART,0.0,0.0,0.0,coinmarketcap_data_api_listings_historical
2025-07-04,36647,BROWN,Brown,3.093e-05,0.0,0.0,coinmarketcap_data_api_listings_historical
2025-07-04,36648,BILL,Shill Bill,6.47e-06,0.0,0.0,coinmarketcap_data_api_listings_historical
2025-07-04,20266,STEAK,SteakHut Finance,0.15957856,0.0,0.0,coinmarketcap_data_api_listings_historical
2025-07-04,36652,$TITO,TITO,0.0002098,0.0,0.0,coinmarketcap_data_api_listings_historical
2025-07-04,36653,S,SLOTH,1.569e-05,0.0,0.0,coinmarketcap_data_api_listings_historical
2025-07-04,20272,SHINO,ShinobiVerse,6.5e-06,0.0,0.0,coinmarketcap_data_api_listings_historical
2025-07-04,20273,X,X Doge,0.0,0.0,0.0,coinmarketcap_data_api_listings_historical
2025-07-04,36677,DUCKY,Ducky,5e-08,0.0,0.0,coinmarketcap_data_api_listings_historical
2025-07-04,36681,F,F,0.00012729,0.0,0.0,coinmarketcap_data_api_listings_historical
2025-07-04,3914,GTN,GlitzKoin,0.00710017,0.0,0.0,coinmarketcap_data_api_listings_historical
2025-07-04,36685,BB,BabyBUILDon,9.4e-06,0.0,0.0,coinmarketcap_data_api_listings_historical
2025-07-04,36686,BITO,BINANCE TOAD,2.753e-05,0.0,0.0,coinmarketcap_data_api_listings_historical
2025-07-04,36691,$XCHAT,XChat,0.0,0.0,0.0,coinmarketcap_data_api_listings_historical
2025-07-04,36698,MLG,MLG DOGE,5e-08,0.0,0.0,coinmarketcap_data_api_listings_historical
2025-07-04,20319,GOLDY,DeFi Land Gold,7.89e-06,0.0,0.0,coinmarketcap_data_api_listings_historical
2025-07-04,3948,TERA,TERA,2.001e-05,0.0,0.0,coinmarketcap_data_api_listings_historical
2025-07-04,36718,JACKPOT,Solana Jackpot,9.3e-06,0.0,0.0,coinmarketcap_data_api_listings_historical
2025-07-04,20335,GFT,Galaxy Finance,0.0040968,0.0,0.0,coinmarketcap_data_api_listings_historical
2025-07-04,36731,AXR,Axelrod,0.00716517,0.0,0.0,coinmarketcap_data_api_listings_historical
2025-07-04,36736,CRAZY,Crazy Frog,0.00019566,0.0,0.0,coinmarketcap_data_api_listings_historical
2025-07-04,36742,SBB,Slim Beautiful Bill,0.0,0.0,0.0,coinmarketcap_data_api_listings_historical
2025-07-04,36745,RTX,ORBITX,1.50445693,0.0,0.0,coinmarketcap_data_api_listings_historical
2025-07-04,20364,GOO,Gooeys,1.27e-06,0.0,0.0,coinmarketcap_data_api_listings_historical
2025-07-04,36760,$SILVER,$SILVER,0.0,0.0,0.0,coinmarketcap_data_api_listings_historical
2025-07-04,20381,GRAV,Graviton,0.00018398,0.0,0.0,coinmarketcap_data_api_listings_historical
2025-07-04,20389,S2K,Sports 2K75,0.0,0.0,0.0,coinmarketcap_data_api_listings_historical
2025-07-04,36773,$PLAT,$PLATINUM,0.0,0.0,0.0,coinmarketcap_data_api_listings_historical
2025-07-04,36776,JPMORGAN,JPMorgan,13964.18948076,0.0,0.0,coinmarketcap_data_api_listings_historical
2025-07-04,36782,LUNA,Luna The Panthera,8.21e-06,0.0,0.0,coinmarketcap_data_api_listings_historical
2025-07-04,20401,CPS,Cryptostone,1.69e-06,0.0,0.0,coinmarketcap_data_api_listings_historical
2025-07-04,36792,TEUSD,TeUSD,1.00023228,0.0,0.0,coinmarketcap_data_api_listings_historical
2025-07-04,36794,EAGLE,Army Eagle 250,1.17e-06,0.0,0.0,coinmarketcap_data_api_listings_historical
2025-07-04,36798,TUKI,Tuki,5.75e-06,0.0,0.0,coinmarketcap_data_api_listings_historical
2025-07-04,36800,OBVIOUS,OBVIOUS COIN,5.724e-05,0.0,0.0,coinmarketcap_data_api_listings_historical
2025-07-04,36801,HTB,Happy Trump Birthday,0.0,0.0,0.0,coinmarketcap_data_api_listings_historical
2025-07-04,4035,HNST,Honest,0.00277751,0.0,0.0,coinmarketcap_data_api_listings_historical
2025-07-04,36804,LUR,Lumera Health,5.26870285,0.0,0.0,coinmarketcap_data_api_listings_historical
2025-07-04,36810,COUSIN,Big Cousin,3.8e-07,0.0,0.0,coinmarketcap_data_api_listings_historical
2025-07-04,4043,PROPEL,PayRue (Propel),2e-07,0.0,0.0,coinmarketcap_data_api_listings_historical
2025-07-04,36811,BULLA,Bulla On Base,4.61e-06,0.0,0.0,coinmarketcap_data_api_listings_historical
2025-07-04,36822,FUSIO,Fusio,0.00199738,0.0,0.0,coinmarketcap_data_api_listings_historical
2025-07-04,36823,FMT,FingerMonkeys,1.344e-05,0.0,0.0,coinmarketcap_data_api_listings_historical
2025-07-04,36824,KEETARD,Keetard,1.063e-05,0.0,0.0,coinmarketcap_data_api_listings_historical
2025-07-04,36825,SQD,Subsquid on Base,1.26e-06,0.0,0.0,coinmarketcap_data_api_listings_historical
2025-07-04,36827,GNOME,Gnome Child,2e-08,0.0,0.0,coinmarketcap_data_api_listings_historical
2025-07-04,36834,PC,Pentagon Chain,18.96055632,0.0,0.0,coinmarketcap_data_api_listings_historical
2025-07-04,36842,POM,Pepe of Memeland,0.0,0.0,0.0,coinmarketcap_data_api_listings_historical
2025-07-04,36844,UA1,UA1,0.00034847,0.0,0.0,coinmarketcap_data_api_listings_historical
2025-07-04,36855,T1,Trump Mobile,0.00119172,0.0,0.0,coinmarketcap_data_api_listings_historical
2025-07-04,20485,VIZSLASWAP,VizslaSwap,0.00106383,0.0,0.0,coinmarketcap_data_api_listings_historical
2025-07-04,36869,AURA,aura,1.5e-06,0.0,0.0,coinmarketcap_data_api_listings_historical
2025-07-04,20493,HOT,HyperOne,1.96541072,0.0,0.0,coinmarketcap_data_api_listings_historical
2025-07-04,20508,SHINJI,Shinjiru Inu V2,0.0,0.0,0.0,coinmarketcap_data_api_listings_historical
2025-07-04,36894,AB,Newton,1.06e-06,0.0,0.0,coinmarketcap_data_api_listings_historical
2025-07-04,36921,SPCX,Paimon SpaceX SPV Token,221.15395685,0.0,0.0,coinmarketcap_data_api_listings_historical
2025-07-04,4156,IMG,ImageCoin,0.00010805,0.0,0.0,coinmarketcap_data_api_listings_historical
2025-07-04,36924,SGC,SG Coin,2.69e-06,0.0,0.0,coinmarketcap_data_api_listings_historical
2025-07-04,36932,BYB,ByexToken,0.16194113,0.0,0.0,coinmarketcap_data_api_listings_historical
2025-07-04,20550,LINU,Luna Inu,0.0,0.0,0.0,coinmarketcap_data_api_listings_historical
2025-07-04,20564,OLOID,OLOID,0.00040448,0.0,0.0,coinmarketcap_data_api_listings_historical
2025-07-04,36950,BOJI,Boji,9.83e-06,0.0,0.0,coinmarketcap_data_api_listings_historical
2025-07-04,36955,USUD,USUD by UMBRA,0.98743485,0.0,0.0,coinmarketcap_data_api_listings_historical
2025-07-04,36956,NAGANO,nagano,1.66e-05,0.0,0.0,coinmarketcap_data_api_listings_historical
2025-07-04,36960,MARGE,Marge Simpson,0.0,0.0,0.0,coinmarketcap_data_api_listings_historical
2025-07-04,36967,BTH,HarvestAI,0.73288612,0.0,0.0,coinmarketcap_data_api_listings_historical
2025-07-04,20604,BRRR,Burrow,0.00129721,0.0,0.0,coinmarketcap_data_api_listings_historical
2025-07-04,4229,YO,Yobit Token,660.7429812,0.0,0.0,coinmarketcap_data_api_listings_historical
2025-07-04,4263,BCNA,BitCanna,0.0002718,0.0,0.0,coinmarketcap_data_api_listings_historical
2025-07-04,20649,PAI,Parrot USD,0.96843338,0.0,0.0,coinmarketcap_data_api_listings_historical
2025-07-04,20655,TBAC,BlockAura,0.00334319,0.0,0.0,coinmarketcap_data_api_listings_historical
2025-07-04,37069,REG,RealToken Ecosystem Governance,0.23298981,0.0,0.0,coinmarketcap_data_api_listings_historical
2025-07-04,20686,BlueSparrow,BlueSparrow Token,0.01426206,0.0,0.0,coinmarketcap_data_api_listings_historical
2025-07-04,20696,M,MetaVerse-M,0.00069073,0.0,0.0,coinmarketcap_data_api_listings_historical
2025-07-04,37080,GRAMS,Silver (Grams),1.17763492,0.0,0.0,coinmarketcap_data_api_listings_historical
2025-07-04,37089,PALM,Palm Economy,0.0014423,0.0,0.0,coinmarketcap_data_api_listings_historical
2025-07-04,20714,GAMBL,Metagamble,0.0,0.0,0.0,coinmarketcap_data_api_listings_historical
2025-07-04,20718,JEDALS,Yoda Coin Swap,0.30016797,0.0,0.0,coinmarketcap_data_api_listings_historical
2025-07-04,37103,BALVI,Balvi,0.05101226,0.0,0.0,coinmarketcap_data_api_listings_historical
2025-07-04,37125,$SIX,Six Sigma Sports,0.06663838,0.0,0.0,coinmarketcap_data_api_listings_historical
2025-07-04,37143,SUMMIT,SUMMIT,0.00045038,0.0,0.0,coinmarketcap_data_api_listings_historical
2025-07-04,20763,LOOK,LooksCoin,0.00977517,0.0,0.0,coinmarketcap_data_api_listings_historical
2025-07-04,20764,USDF,USD Freedom,1.21109817,0.0,0.0,coinmarketcap_data_api_listings_historical
2025-07-04,4381,YCE,MYCE,0.00216101,0.0,0.0,coinmarketcap_data_api_listings_historical
2025-07-04,20770,START,EverStart,0.00545937,0.0,0.0,coinmarketcap_data_api_listings_historical
2025-07-04,20775,MDR,Mudra MDR,0.01698512,0.0,0.0,coinmarketcap_data_api_listings_historical
2025-07-04,4427,BDCC,BITICA COIN,0.03997178,0.0,0.0,coinmarketcap_data_api_listings_historical
2025-07-04,4431,VIDY,VIDY,4e-06,0.0,0.0,coinmarketcap_data_api_listings_historical
2025-07-04,20817,DMA,Dragoma,0.00023922,0.0,0.0,coinmarketcap_data_api_listings_historical
2025-07-04,20818,$INR,Inery,0.00368362,0.0,0.0,coinmarketcap_data_api_listings_historical
2025-07-04,20828,OSK,OSK,1.18854453,0.0,0.0,coinmarketcap_data_api_listings_historical
2025-07-04,20850,TRIVIA,Trivians,4.641e-05,0.0,0.0,coinmarketcap_data_api_listings_historical
2025-07-04,20860,INU,Inu.,0.0,0.0,0.0,coinmarketcap_data_api_listings_historical
2025-07-04,4487,SCSX,Secure Cash,0.06158998,0.0,0.0,coinmarketcap_data_api_listings_historical
2025-07-04,20905,H2ON,H2O Securities,0.02483716,0.0,0.0,coinmarketcap_data_api_listings_historical
2025-07-04,4525,YEAR,Lightyears,0.06387708,0.0,0.0,coinmarketcap_data_api_listings_historical
2025-07-04,20921,BOMB,Bombcrypto (MATIC),0.00354555,0.0,0.0,coinmarketcap_data_api_listings_historical
2025-07-04,20927,NFTL,NFTL,0.00159204,0.0,0.0,coinmarketcap_data_api_listings_historical
2025-07-04,20930,WTN,Wateenswap,0.00029979,0.0,0.0,coinmarketcap_data_api_listings_historical
2025-07-04,20989,INUINU,Inu Inu,0.0,0.0,0.0,coinmarketcap_data_api_listings_historical
2025-07-04,21023,XRX,REX,1.127e-05,0.0,0.0,coinmarketcap_data_api_listings_historical
2025-07-04,21064,GICT,GICTrade,0.87152181,0.0,0.0,coinmarketcap_data_api_listings_historical
2025-07-04,21082,L2DAO,Layer2DAO,9.805e-05,0.0,0.0,coinmarketcap_data_api_listings_historical
2025-07-04,21113,BUILD,BUILD,3.23e-05,0.0,0.0,coinmarketcap_data_api_listings_historical
2025-07-04,21129,ARB,ARB Protocol,2.703e-05,0.0,0.0,coinmarketcap_data_api_listings_historical
2025-07-04,4761,NU,NuCypher,0.0501375,0.0,0.0,coinmarketcap_data_api_listings_historical
2025-07-04,21165,KENKA,KENKA METAVERSE,1e-08,0.0,0.0,coinmarketcap_data_api_listings_historical
2025-07-04,21175,ECG,EcoSmart,0.0144938,0.0,0.0,coinmarketcap_data_api_listings_historical
2025-07-04,21176,dKUMA,KumaDex Token,8.311e-05,0.0,0.0,coinmarketcap_data_api_listings_historical
2025-07-04,4794,FNB,FinexboxToken,2.06272423,0.0,0.0,coinmarketcap_data_api_listings_historical
2025-07-04,21178,MRS,Metars Genesis,30.1272497,0.0,0.0,coinmarketcap_data_api_listings_historical
2025-07-04,4797,SMILE,SMILE,0.03130965,0.0,0.0,coinmarketcap_data_api_listings_historical
2025-07-04,4801,CDEX,Codex,9.72e-06,0.0,0.0,coinmarketcap_data_api_listings_historical
2025-07-04,4808,BCNT,Bincentive,0.00106748,0.0,0.0,coinmarketcap_data_api_listings_historical
2025-07-04,21204,STC,Styleo Coin,0.25005896,0.0,0.0,coinmarketcap_data_api_listings_historical
2025-07-04,4824,SYM,SymVerse,0.01501073,0.0,0.0,coinmarketcap_data_api_listings_historical
2025-07-04,21266,LAND,Landboard,0.00289987,0.0,0.0,coinmarketcap_data_api_listings_historical
2025-07-04,21272,HERMES,Hermes Protocol,0.00199281,0.0,0.0,coinmarketcap_data_api_listings_historical
2025-07-04,21284,ITEM,ITEMVERSE,1.717e-05,0.0,0.0,coinmarketcap_data_api_listings_historical
2025-07-04,21290,OKINAMI,Kanagawa Nami,0.00066783,0.0,0.0,coinmarketcap_data_api_listings_historical
2025-07-04,21292,WDOT,WDOT,3.39250996,0.0,0.0,coinmarketcap_data_api_listings_historical
2025-07-04,4929,JDC,JD Coin,0.00190742,0.0,0.0,coinmarketcap_data_api_listings_historical
2025-07-04,21342,SUZUME,Shita-kiri Suzume,1.1e-07,0.0,0.0,coinmarketcap_data_api_listings_historical
2025-07-04,21348,$YAKU,Yaku,0.00195908,0.0,0.0,coinmarketcap_data_api_listings_historical
2025-07-04,21370,MMF,MM Finance (Polygon),3.885e-05,0.0,0.0,coinmarketcap_data_api_listings_historical
2025-07-04,21373,3AIR,3air,6.602e-05,0.0,0.0,coinmarketcap_data_api_listings_historical
2025-07-04,21394,UVT,UvToken,0.00058092,0.0,0.0,coinmarketcap_data_api_listings_historical
2025-07-04,5024,ALTS,Crypto-Altcoins.com,0.00035558,0.0,0.0,coinmarketcap_data_api_listings_historical
2025-07-04,21429,MIIDAS,Miidas NFT,2.263e-05,0.0,0.0,coinmarketcap_data_api_listings_historical
2025-07-04,21467,HAO,HistoryDAO,4.9e-06,0.0,0.0,coinmarketcap_data_api_listings_historical
2025-07-04,21477,YODE,YodeSwap,0.00239925,0.0,0.0,coinmarketcap_data_api_listings_historical
2025-07-04,5109,FRED,FRED Energy,0.00086438,0.0,0.0,coinmarketcap_data_api_listings_historical
2025-07-04,21528,MIX,DSC Mix,0.002665,0.0,0.0,coinmarketcap_data_api_listings_historical
2025-07-04,21531,1MT,1Move,0.00088374,0.0,0.0,coinmarketcap_data_api_listings_historical
2025-07-04,21540,NOTE,Note,1.00489509,0.0,0.0,coinmarketcap_data_api_listings_historical
2025-07-04,21552,POO DOGE,Poo Doge,8e-08,0.0,0.0,coinmarketcap_data_api_listings_historical
2025-07-04,21556,TINU,Telegram Inu,5.8e-07,0.0,0.0,coinmarketcap_data_api_listings_historical
2025-07-04,21563,SNFTS,Seedify NFT Space,0.00042225,0.0,0.0,coinmarketcap_data_api_listings_historical
2025-07-04,5181,TRYB,BiLira,0.02509873,0.0,0.0,coinmarketcap_data_api_listings_historical
2025-07-04,5184,BTCP,Bitcoin Pro,38.36839721,0.0,0.0,coinmarketcap_data_api_listings_historical
2025-07-04,21572,USDTZ,USDtez,1.00025485,0.0,0.0,coinmarketcap_data_api_listings_historical
2025-07-04,5190,FLEX,FLEX,0.57001069,0.0,0.0,coinmarketcap_data_api_listings_historical
2025-07-04,21600,IBAT,Battle Infinity,1.144e-05,0.0,0.0,coinmarketcap_data_api_listings_historical
2025-07-04,5287,ZTC,Zent Cash,1.08e-06,0.0,0.0,coinmarketcap_data_api_listings_historical
2025-07-04,5336,HMR,Homeros,0.0001659,0.0,0.0,coinmarketcap_data_api_listings_historical
2025-07-04,21726,CAI,Colony Avalanche Index,65.43793081,0.0,0.0,coinmarketcap_data_api_listings_historical
2025-07-04,21756,SHAN,Shanum,0.00024689,0.0,0.0,coinmarketcap_data_api_listings_historical
2025-07-04,21768,HOICHI,Hoichi,1.34e-06,0.0,0.0,coinmarketcap_data_api_listings_historical
2025-07-04,21775,YYAVAX,Yield Yak AVAX,20.40340833,0.0,0.0,coinmarketcap_data_api_listings_historical
2025-07-04,5392,SCOP,Scopuly,0.00845434,0.0,0.0,coinmarketcap_data_api_listings_historical
2025-07-04,5401,CLT,CoinLoan,0.32902483,0.0,0.0,coinmarketcap_data_api_listings_historical
2025-07-04,21805,OBTC,Optical Bitcoin,0.00216105,0.0,0.0,coinmarketcap_data_api_listings_historical
2025-07-04,5437,BIZZ,BIZZCOIN,0.00017307,0.0,0.0,coinmarketcap_data_api_listings_historical
2025-07-04,21831,O,Childhoods End,1.88e-06,0.0,0.0,coinmarketcap_data_api_listings_historical
2025-07-04,21835,SFTMX,Stader sFTMX,0.34971425,0.0,0.0,coinmarketcap_data_api_listings_historical
2025-07-04,21856,ZARP,ZARP Stablecoin,0.05570578,0.0,0.0,coinmarketcap_data_api_listings_historical
2025-07-04,5486,JACK,Jack Token,0.01680017,0.0,0.0,coinmarketcap_data_api_listings_historical
2025-07-04,21871,CUSD,Coin98 Dollar,0.3246512,0.0,0.0,coinmarketcap_data_api_listings_historical
2025-07-04,21882,BOB,BOB,1.00002641,0.0,0.0,coinmarketcap_data_api_listings_historical
2025-07-04,21889,NTG,NEWTOWNGAMING,0.00021001,0.0,0.0,coinmarketcap_data_api_listings_historical
2025-07-04,21905,NSK,NSKSwap,3.40121665,0.0,0.0,coinmarketcap_data_api_listings_historical
2025-07-04,21912,STATE,New World Order,0.0,0.0,0.0,coinmarketcap_data_api_listings_historical
2025-07-04,5540,MPS,Mt Pelerin Shares,3.66005118,0.0,0.0,coinmarketcap_data_api_listings_historical
2025-07-04,21946,CRAMER,Cramer Coin,0.00017523,0.0,0.0,coinmarketcap_data_api_listings_historical
2025-07-04,21971,ECS,eCredits,0.00235573,0.0,0.0,coinmarketcap_data_api_listings_historical
2025-07-04,21991,HATCHY,Hatchyverse,0.00050734,0.0,0.0,coinmarketcap_data_api_listings_historical
2025-07-04,22008,VBG,Vibing,0.14003756,0.0,0.0,coinmarketcap_data_api_listings_historical
2025-07-04,22009,WEB5,WEB5 Inu,0.0,0.0,0.0,coinmarketcap_data_api_listings_historical
2025-07-04,22010,IRISTOKEN,Iris Ecosystem,0.00105302,0.0,0.0,coinmarketcap_data_api_listings_historical
2025-07-04,22014,MOONION,Moonions,3e-08,0.0,0.0,coinmarketcap_data_api_listings_historical
2025-07-04,5631,ORN,Orion,0.22288774,0.0,0.0,coinmarketcap_data_api_listings_historical
2025-07-04,22039,ATC,Atlantis Coin®,700.18293881,0.0,0.0,coinmarketcap_data_api_listings_historical
2025-07-04,22046,STZU,Shihtzu Exchange,0.0,0.0,0.0,coinmarketcap_data_api_listings_historical
2025-07-04,22069,ET,Extraterrestrial Token,3.36325413,0.0,0.0,coinmarketcap_data_api_listings_historical
2025-07-04,5686,VECT,Vectorium,0.09445843,0.0,0.0,coinmarketcap_data_api_listings_historical
2025-07-04,22082,TORI,Teritori,0.00036512,0.0,0.0,coinmarketcap_data_api_listings_historical
2025-07-04,5721,SORA,SorachanCoin,0.01404684,0.0,0.0,coinmarketcap_data_api_listings_historical
2025-07-04,22112,KRS,Kingdom Raids,7.6e-07,0.0,0.0,coinmarketcap_data_api_listings_historical
2025-07-04,22117,CROWD,CrowdSwap,0.00094511,0.0,0.0,coinmarketcap_data_api_listings_historical
2025-07-04,22129,ICSA,Icosa,0.02197311,0.0,0.0,coinmarketcap_data_api_listings_historical
2025-07-04,22153,ELF,ELF Wallet,6.517e-05,0.0,0.0,coinmarketcap_data_api_listings_historical
2025-07-04,22165,CLEV,CLever Token,8.4161654,0.0,0.0,coinmarketcap_data_api_listings_historical
2025-07-04,22166,LWC,Linework Coin,0.00620118,0.0,0.0,coinmarketcap_data_api_listings_historical
2025-07-04,5785,STP,STPAY,0.10697208,0.0,0.0,coinmarketcap_data_api_listings_historical
2025-07-04,22181,FRP,Fame Reward Plus,0.00318653,0.0,0.0,coinmarketcap_data_api_listings_historical
2025-07-04,22197,SOCCER,SoccerInu,0.0,0.0,0.0,coinmarketcap_data_api_listings_historical
2025-07-04,22242,CLAY,Clay Nation,0.00105084,0.0,0.0,coinmarketcap_data_api_listings_historical
2025-07-04,5892,ANY,Anyswap,1.8469323,0.0,0.0,coinmarketcap_data_api_listings_historical
2025-07-04,22284,GOL,Goledo Finance,0.00014127,0.0,0.0,coinmarketcap_data_api_listings_historical
2025-07-04,22307,ACE,ACEToken,1e-08,0.0,0.0,coinmarketcap_data_api_listings_historical
2025-07-04,5926,ZOOM,CoinZoom,0.02270909,0.0,0.0,coinmarketcap_data_api_listings_historical
2025-07-04,22312,ZZC,ZudgeZury,1.86e-06,0.0,0.0,coinmarketcap_data_api_listings_historical
2025-07-04,22314,HPO,Hippo Wallet Token (HPO),0.0016235,0.0,0.0,coinmarketcap_data_api_listings_historical
2025-07-04,22318,BOOP,Boop,0.02311389,0.0,0.0,coinmarketcap_data_api_listings_historical
2025-07-04,22330,BAO,BAO,0.0,0.0,0.0,coinmarketcap_data_api_listings_historical
2025-07-04,22334,BCL,Bitcoin Legend,1.781e-05,0.0,0.0,coinmarketcap_data_api_listings_historical
2025-07-04,22339,HQR,Hayya Qatar,0.0,0.0,0.0,coinmarketcap_data_api_listings_historical
2025-07-04,22342,WDOG,Winterdog,4.994e-05,0.0,0.0,coinmarketcap_data_api_listings_historical
2025-07-04,22352,LCT,Local Traders,0.00035993,0.0,0.0,coinmarketcap_data_api_listings_historical
2025-07-04,22356,TYRANT,Fable Of The Dragon,0.02640823,0.0,0.0,coinmarketcap_data_api_listings_historical
2025-07-04,22373,NUTGV2,NUTGAIN,9.998e-05,0.0,0.0,coinmarketcap_data_api_listings_historical
2025-07-04,22376,VMT,Vemate,0.00266061,0.0,0.0,coinmarketcap_data_api_listings_historical
2025-07-04,22383,APTOGE,Aptoge,0.00017305,0.0,0.0,coinmarketcap_data_api_listings_historical
2025-07-04,22389,MMSC,MMSC PLATFORM,0.01479984,0.0,0.0,coinmarketcap_data_api_listings_historical
2025-07-04,22399,MOJO,Mojito Markets,0.0003542,0.0,0.0,coinmarketcap_data_api_listings_historical
2025-07-04,22404,SNS,Melody,0.0041333,0.0,0.0,coinmarketcap_data_api_listings_historical
2025-07-04,22412,tAPT,Tortuga Finance Aptos,5.14871171,0.0,0.0,coinmarketcap_data_api_listings_historical
2025-07-04,22420,CCHG,C+Charge,0.00021657,0.0,0.0,coinmarketcap_data_api_listings_historical
2025-07-04,22442,PALM,PalmPay,0.05273854,0.0,0.0,coinmarketcap_data_api_listings_historical
2025-07-04,22449,NAC,Nirvana Chain,0.13403579,0.0,0.0,coinmarketcap_data_api_listings_historical
2025-07-04,22455,JPD,JackpotDoge,0.0001996,0.0,0.0,coinmarketcap_data_api_listings_historical
2025-07-04,22456,XCRX,xCRX,0.00032853,0.0,0.0,coinmarketcap_data_api_listings_historical
2025-07-04,22468,QUO,Quoll Finance,0.00044193,0.0,0.0,coinmarketcap_data_api_listings_historical
2025-07-04,22470,BBC,Babacoin,2.69e-06,0.0,0.0,coinmarketcap_data_api_listings_historical
2025-07-04,22488,SILK,SILK,0.01000168,0.0,0.0,coinmarketcap_data_api_listings_historical
2025-07-04,22495,GLF,Galaxy Finance,0.00869386,0.0,0.0,coinmarketcap_data_api_listings_historical
2025-07-04,22502,DBI,Don't Buy Inu,0.00027591,0.0,0.0,coinmarketcap_data_api_listings_historical
2025-07-04,22527,GGT,GameGuru,9.462e-05,0.0,0.0,coinmarketcap_data_api_listings_historical
2025-07-04,22534,GENZ,GENZ Token,7.458e-05,0.0,0.0,coinmarketcap_data_api_listings_historical
2025-07-04,22538,TMG,T-mac DAO,0.50012701,0.0,0.0,coinmarketcap_data_api_listings_historical
2025-07-04,22547,UPLOAD,Upload Token,3.91e-05,0.0,0.0,coinmarketcap_data_api_listings_historical
2025-07-04,22564,ZFM,ZFMCOIN,1e-08,0.0,0.0,coinmarketcap_data_api_listings_historical
2025-07-04,22582,FBURN,Forever Burn,0.10002538,0.0,0.0,coinmarketcap_data_api_listings_historical
2025-07-04,22601,AUTUMN,Autumn,0.0030662,0.0,0.0,coinmarketcap_data_api_listings_historical
2025-07-04,6243,PIE,DeFiPie,0.0011312,0.0,0.0,coinmarketcap_data_api_listings_historical
2025-07-04,6264,DEC,Dark Energy Crystals,0.00090212,0.0,0.0,coinmarketcap_data_api_listings_historical
2025-07-04,22650,ANI,AnimeSwap,0.00020164,0.0,0.0,coinmarketcap_data_api_listings_historical
2025-07-04,22652,MLC,Mithila Coin,0.13002599,0.0,0.0,coinmarketcap_data_api_listings_historical
2025-07-04,22705,MEE,Meeiro,0.00398167,0.0,0.0,coinmarketcap_data_api_listings_historical
2025-07-04,22706,HYCO,HYPERCOMIC,4.89e-06,0.0,0.0,coinmarketcap_data_api_listings_historical
2025-07-04,6323,LKN,LinkCoin Token,0.00013402,0.0,0.0,coinmarketcap_data_api_listings_historical
2025-07-04,22735,XTT,XSwap Treasure,0.00068812,0.0,0.0,coinmarketcap_data_api_listings_historical
2025-07-04,6377,CBU,Banque Universal,0.14275369,0.0,0.0,coinmarketcap_data_api_listings_historical
2025-07-04,22761,CRVFRAX,Curve.fi FRAX/USDC,1.01405212,0.0,0.0,coinmarketcap_data_api_listings_historical
2025-07-04,22770,GFLY,BattleFly,0.00723302,0.0,0.0,coinmarketcap_data_api_listings_historical
2025-07-04,22788,LOD3,LOD3 Token,0.00154254,0.0,0.0,coinmarketcap_data_api_listings_historical
2025-07-04,22794,CANDY,Bored Candy City,0.0014896,0.0,0.0,coinmarketcap_data_api_listings_historical
2025-07-04,22816,NUSA,Nusa,7.5450588,0.0,0.0,coinmarketcap_data_api_listings_historical
2025-07-04,22862,EMAID,MaidSafeCoin,0.07160791,0.0,0.0,coinmarketcap_data_api_listings_historical
2025-07-04,22865,IGUP,IGUP (IguVerse),0.00038947,0.0,0.0,coinmarketcap_data_api_listings_historical
2025-07-04,22870,DGH,DigiHealth,0.00028964,0.0,0.0,coinmarketcap_data_api_listings_historical
2025-07-04,6490,ITAM,ITAM Games,0.00856626,0.0,0.0,coinmarketcap_data_api_listings_historical
2025-07-04,22877,ITP,Interport Token,0.00796213,0.0,0.0,coinmarketcap_data_api_listings_historical
2025-07-04,22906,SDL,stake.link,0.48668558,0.0,0.0,coinmarketcap_data_api_listings_historical
2025-07-04,22916,SHINJA,Shibnobi(New),4.897e-05,0.0,0.0,coinmarketcap_data_api_listings_historical
2025-07-04,22963,GERMANY,Germany Rabbit Token,0.0,0.0,0.0,coinmarketcap_data_api_listings_historical
2025-07-04,22964,OORC,Orbit Bridge Klaytn Orbit Chain,0.00212148,0.0,0.0,coinmarketcap_data_api_listings_historical
2025-07-04,22966,OHANDY,Orbit Bridge Klaytn Handy,0.00163845,0.0,0.0,coinmarketcap_data_api_listings_historical
2025-07-04,22984,CADINU,Canadian Inuit Dog,1e-07,0.0,0.0,coinmarketcap_data_api_listings_historical
2025-07-04,6602,XFUEL,XFUEL,0.00734758,0.0,0.0,coinmarketcap_data_api_listings_historical
2025-07-04,23004,SAMA,Moonsama,0.00211384,0.0,0.0,coinmarketcap_data_api_listings_historical
2025-07-04,6653,USDF,FolgoryUSD,2.14239406,0.0,0.0,coinmarketcap_data_api_listings_historical
2025-07-04,23049,GOBI,Gobi Labs,0.00023491,0.0,0.0,coinmarketcap_data_api_listings_historical
2025-07-04,23057,OREO,OreoSwap,0.00455032,0.0,0.0,coinmarketcap_data_api_listings_historical
2025-07-04,23058,XOLO,Xoloitzcuintli,1.2e-06,0.0,0.0,coinmarketcap_data_api_listings_historical
2025-07-04,23060,SPOT,Spot,1.19891665,0.0,0.0,coinmarketcap_data_api_listings_historical
2025-07-04,23063,SHIK,SHIKOKU,0.0,0.0,0.0,coinmarketcap_data_api_listings_historical
2025-07-04,23068,MURA,Murasaki,0.36909373,0.0,0.0,coinmarketcap_data_api_listings_historical
2025-07-04,6693,OCP,OC Protocol,0.00108999,0.0,0.0,coinmarketcap_data_api_listings_historical
2025-07-04,6704,JBX,JBOX,0.00039309,0.0,0.0,coinmarketcap_data_api_listings_historical
2025-07-04,23091,LYFE,LYFE,2.56099028,0.0,0.0,coinmarketcap_data_api_listings_historical
2025-07-04,23112,KABOSU,Kabosu Inu,2.5e-07,0.0,0.0,coinmarketcap_data_api_listings_historical
2025-07-04,23115,SHEN,Shen,0.61336419,0.0,0.0,coinmarketcap_data_api_listings_historical
2025-07-04,6735,XLT,Nexalt,0.00686029,0.0,0.0,coinmarketcap_data_api_listings_historical
2025-07-04,23120,LGO,Level Finance,89124.76874308,0.0,0.0,coinmarketcap_data_api_listings_historical
2025-07-04,23128,TSM,Tusima Network,0.0005733,0.0,0.0,coinmarketcap_data_api_listings_historical
2025-07-04,6759,DUST,Nifty Wizards Dust,3.241e-05,0.0,0.0,coinmarketcap_data_api_listings_historical
2025-07-04,23157,LAKE,Data Lake,0.00112186,0.0,0.0,coinmarketcap_data_api_listings_historical
2025-07-04,23164,DUBBZ,Dubbz,0.04500536,0.0,0.0,coinmarketcap_data_api_listings_historical
2025-07-04,23165,BCB,Blockchain Bets,0.00085131,0.0,0.0,coinmarketcap_data_api_listings_historical
2025-07-04,23172,CHILI,CHILI,0.0,0.0,0.0,coinmarketcap_data_api_listings_historical
2025-07-04,23183,SBONK,SHIBONK,0.43760762,0.0,0.0,coinmarketcap_data_api_listings_historical
2025-07-04,23185,HBARX,HBARX,0.20485381,0.0,0.0,coinmarketcap_data_api_listings_historical
2025-07-04,23208,PLSB,PulseBitcoin,0.07255311,0.0,0.0,coinmarketcap_data_api_listings_historical
2025-07-04,23212,COPE,Cope,0.0,0.0,0.0,coinmarketcap_data_api_listings_historical
2025-07-04,23216,ROE,Rise of Elves,0.01585555,0.0,0.0,coinmarketcap_data_api_listings_historical
2025-07-04,23224,NEFTY,NeftyBlocks,0.00226235,0.0,0.0,coinmarketcap_data_api_listings_historical
2025-07-04,23248,VELA,Vela Exchange,0.00086635,0.0,0.0,coinmarketcap_data_api_listings_historical
2025-07-04,23252,BUND,BundlesBets V2,1.44122402,0.0,0.0,coinmarketcap_data_api_listings_historical
2025-07-04,23267,NFAI,Not Financial Advice,8.776e-05,0.0,0.0,coinmarketcap_data_api_listings_historical
2025-07-04,6889,LIVE,TRONbetLive,0.01280051,0.0,0.0,coinmarketcap_data_api_listings_historical
2025-07-04,23275,METADOGE,MetaDoge,0.00019283,0.0,0.0,coinmarketcap_data_api_listings_historical
2025-07-04,6905,EURU,Upper Euro,0.09992693,0.0,0.0,coinmarketcap_data_api_listings_historical
2025-07-04,6906,GBPU,Upper Pound,0.19985194,0.0,0.0,coinmarketcap_data_api_listings_historical
2025-07-04,6907,USDU,Upper Dollar,0.02997778,0.0,0.0,coinmarketcap_data_api_listings_historical
2025-07-04,23304,VETME,VetMe,0.00025064,0.0,0.0,coinmarketcap_data_api_listings_historical
2025-07-04,23334,AUD,Aussie Digital,0.01570008,0.0,0.0,coinmarketcap_data_api_listings_historical
2025-07-04,23347,UT,Fantaverse,9.005e-05,0.0,0.0,coinmarketcap_data_api_listings_historical
2025-07-04,23450,PEPE,PepeSol,0.00040168,0.0,0.0,coinmarketcap_data_api_listings_historical
2025-07-04,23453,JP,JP,0.00033383,0.0,0.0,coinmarketcap_data_api_listings_historical
2025-07-04,23455,CS,Child Support,7e-08,0.0,0.0,coinmarketcap_data_api_listings_historical
2025-07-04,7077,UP,UniFi Protocol,0.00785236,0.0,0.0,coinmarketcap_data_api_listings_historical
2025-07-04,23481,GLC,GlieseCoin,0.01022916,0.0,0.0,coinmarketcap_data_api_listings_historical
2025-07-04,23494,CVXFXS,Convex FXS,0.84535393,0.0,0.0,coinmarketcap_data_api_listings_historical
2025-07-04,23501,TERZ,SHELTERZ,0.00039667,0.0,0.0,coinmarketcap_data_api_listings_historical
2025-07-04,23502,FCTR,Factor,0.05302023,0.0,0.0,coinmarketcap_data_api_listings_historical
2025-07-04,23509,CARMIN,Carmin,0.00089985,0.0,0.0,coinmarketcap_data_api_listings_historical
2025-07-04,7126,GHD,Giftedhands [Old],4.3e-07,0.0,0.0,coinmarketcap_data_api_listings_historical
2025-07-04,23523,SHARBI,SHARBI,3.17e-06,0.0,0.0,coinmarketcap_data_api_listings_historical
2025-07-04,23532,ORD,ordinex,2.6e-07,0.0,0.0,coinmarketcap_data_api_listings_historical
2025-07-04,23557,KITTI,KITTI TOKEN,0.0,0.0,0.0,coinmarketcap_data_api_listings_historical
2025-07-04,23560,CTS,Cats Coin,0.0,0.0,0.0,coinmarketcap_data_api_listings_historical
2025-07-04,23563,OT,Onchain Trade,0.0014696,0.0,0.0,coinmarketcap_data_api_listings_historical
2025-07-04,23580,TROVE,Arbitrove Protocol,0.00218886,0.0,0.0,coinmarketcap_data_api_listings_historical
2025-07-04,23581,NUT,Nucleon,0.30051771,0.0,0.0,coinmarketcap_data_api_listings_historical
2025-07-04,7200,BID,Bidao,0.0004307,0.0,0.0,coinmarketcap_data_api_listings_historical
2025-07-04,23584,EQUAL,Equalizer DEX,0.03329076,0.0,0.0,coinmarketcap_data_api_listings_historical
2025-07-04,23602,BOC,BOCOIN,0.00112395,0.0,0.0,coinmarketcap_data_api_listings_historical
2025-07-04,23621,VEE,Zeeverse,0.00024266,0.0,0.0,coinmarketcap_data_api_listings_historical
2025-07-04,23624,XFT,Offshift [New],0.05320598,0.0,0.0,coinmarketcap_data_api_listings_historical
2025-07-04,7242,CORE,cVault.finance,5022.74192196,0.0,0.0,coinmarketcap_data_api_listings_historical
2025-07-04,23629,SKULL,Skull Order,7.28e-06,0.0,0.0,coinmarketcap_data_api_listings_historical
2025-07-04,23631,ALIEN,Alien,0.00305417,0.0,0.0,coinmarketcap_data_api_listings_historical
2025-07-04,23637,JADE,DeFi Kingdoms JADE,0.00112184,0.0,0.0,coinmarketcap_data_api_listings_historical
2025-07-04,23639,SHDW,Shadowswap Finance,0.00291416,0.0,0.0,coinmarketcap_data_api_listings_historical
2025-07-04,23640,MILK,Cool Cats MILK,6.961e-05,0.0,0.0,coinmarketcap_data_api_listings_historical
2025-07-04,23641,FLOKICEO,FLOKI CEO,0.0,0.0,0.0,coinmarketcap_data_api_listings_historical
2025-07-04,23649,COLLAB,Collab.Land,0.00017011,0.0,0.0,coinmarketcap_data_api_listings_historical
2025-07-04,23659,XCFX,Nucleon,0.09286092,0.0,0.0,coinmarketcap_data_api_listings_historical
2025-07-04,23668,MSHD,MASHIDA,0.00290096,0.0,0.0,coinmarketcap_data_api_listings_historical
2025-07-04,23695,DOKE,Doke Inu,9.995e-05,0.0,0.0,coinmarketcap_data_api_listings_historical
2025-07-04,23700,ICE,IceCream,0.2774679,0.0,0.0,coinmarketcap_data_api_listings_historical
2025-07-04,23708,SOLID,Solidly,0.03936854,0.0,0.0,coinmarketcap_data_api_listings_historical
2025-07-04,23712,LFG,LFGSwap Finance (Core),9.755e-05,0.0,0.0,coinmarketcap_data_api_listings_historical
2025-07-04,23731,PLX,PLEXUS,0.00600287,0.0,0.0,coinmarketcap_data_api_listings_historical
2025-07-04,23750,HALO,HALO NFT OFFICIAL,0.00044855,0.0,0.0,coinmarketcap_data_api_listings_historical
2025-07-04,23764,DOGECEO,Doge CEO,0.0,0.0,0.0,coinmarketcap_data_api_listings_historical
2025-07-04,23773,UNIETH,Universal ETH,2823.35628723,0.0,0.0,coinmarketcap_data_api_listings_historical
2025-07-04,23788,TSUBASAUT,TSUBASA UT on Polygon,0.01557286,0.0,0.0,coinmarketcap_data_api_listings_historical
2025-07-04,7414,EYE,Behodler,0.01879581,0.0,0.0,coinmarketcap_data_api_listings_historical
2025-07-04,23800,EUROE,EUROe Stablecoin,1.17836661,0.0,0.0,coinmarketcap_data_api_listings_historical
2025-07-04,23807,MZR,Mizar,0.00052364,0.0,0.0,coinmarketcap_data_api_listings_historical
2025-07-04,23830,ALIF,ALIF COIN,0.13918425,0.0,0.0,coinmarketcap_data_api_listings_historical
2025-07-04,23836,VARA,Équilibre,1.185e-05,0.0,0.0,coinmarketcap_data_api_listings_historical
2025-07-04,23839,SATS,Satoshis Vision,0.00350823,0.0,0.0,coinmarketcap_data_api_listings_historical
2025-07-04,23856,NEKO,Maneki,0.00030643,0.0,0.0,coinmarketcap_data_api_listings_historical
2025-07-04,23880,WOR,Hollywood Capital Group WARRIOR,0.01315047,0.0,0.0,coinmarketcap_data_api_listings_historical
2025-07-04,23913,CID,CORE ID,0.00111748,0.0,0.0,coinmarketcap_data_api_listings_historical
2025-07-04,23922,ROKO,Roko,1.526e-05,0.0,0.0,coinmarketcap_data_api_listings_historical
2025-07-04,23931,DOGECUBE,DOGECUBE,1.13e-05,0.0,0.0,coinmarketcap_data_api_listings_historical
2025-07-04,23933,ST,Social Trade,0.00356426,0.0,0.0,coinmarketcap_data_api_listings_historical
2025-07-04,23941,GDX,Gridex,0.07894226,0.0,0.0,coinmarketcap_data_api_listings_historical
2025-07-04,23953,DZOO,Degen Zoo,0.0010224,0.0,0.0,coinmarketcap_data_api_listings_historical
2025-07-04,23955,AI,Chat AI,3.097e-05,0.0,0.0,coinmarketcap_data_api_listings_historical
2025-07-04,23958,DAOP,Dao Space,0.00966164,0.0,0.0,coinmarketcap_data_api_listings_historical
2025-07-04,23963,UW3S,Utility Web3Shot,0.1052986,0.0,0.0,coinmarketcap_data_api_listings_historical
2025-07-04,23967,VAPE,VAPE,0.26657185,0.0,0.0,coinmarketcap_data_api_listings_historical
2025-07-04,7593,DFD,DefiDollar DAO,0.00729485,0.0,0.0,coinmarketcap_data_api_listings_historical
2025-07-04,23977,LUFFY,Luffy,2.995e-05,0.0,0.0,coinmarketcap_data_api_listings_historical
2025-07-04,23995,DGEN,The MVP Society,5.569e-05,0.0,0.0,coinmarketcap_data_api_listings_historical
2025-07-04,24006,FROGCEO,Frog Ceo,0.0,0.0,0.0,coinmarketcap_data_api_listings_historical
2025-07-04,7623,LST,Libartysharetoken,0.00377686,0.0,0.0,coinmarketcap_data_api_listings_historical
2025-07-04,7635,UNW,UniWorld,0.00029979,0.0,0.0,coinmarketcap_data_api_listings_historical
2025-07-04,24022,CHT,CyberHarbor,0.00753015,0.0,0.0,coinmarketcap_data_api_listings_historical
2025-07-04,7645,WTK,WadzPay Token,0.0001363,0.0,0.0,coinmarketcap_data_api_listings_historical
2025-07-04,24046,EG,EG Token,0.00010408,0.0,0.0,coinmarketcap_data_api_listings_historical
2025-07-04,7676,AXN,Axion,5.8e-07,0.0,0.0,coinmarketcap_data_api_listings_historical
2025-07-04,24060,UNW,Uniwhale,0.00160015,0.0,0.0,coinmarketcap_data_api_listings_historical
2025-07-04,24062,PEPA,Pepa Inu,0.0,0.0,0.0,coinmarketcap_data_api_listings_historical
2025-07-04,24081,EKS,Elumia Krystal Shards,0.00806137,0.0,0.0,coinmarketcap_data_api_listings_historical
2025-07-04,24103,THX,THX Network,0.00068076,0.0,0.0,coinmarketcap_data_api_listings_historical
2025-07-04,24107,GOLDEN,Golden Inu,0.0,0.0,0.0,coinmarketcap_data_api_listings_historical
2025-07-04,24112,WUSDR,Wrapped USDR,0.16050568,0.0,0.0,coinmarketcap_data_api_listings_historical
2025-07-04,7739,KIT,DexKit,0.25792115,0.0,0.0,coinmarketcap_data_api_listings_historical
2025-07-04,24136,4TOKEN,Ignore Fud,5.6e-07,0.0,0.0,coinmarketcap_data_api_listings_historical
2025-07-04,24138,HAIR,HairDAO,35.95754186,0.0,0.0,coinmarketcap_data_api_listings_historical
2025-07-04,7757,BFHT,BeFaster Holder Token,0.00322769,0.0,0.0,coinmarketcap_data_api_listings_historical
2025-07-04,24142,TOKU,Toku,1.4e-07,0.0,0.0,coinmarketcap_data_api_listings_historical
2025-07-04,24149,LOP,Kilopi,0.00015098,0.0,0.0,coinmarketcap_data_api_listings_historical
2025-07-04,24158,CHR,Chronos,0.00075449,0.0,0.0,coinmarketcap_data_api_listings_historical
2025-07-04,24159,W$C,World$tateCoin,3.877e-05,0.0,0.0,coinmarketcap_data_api_listings_historical
2025-07-04,24161,ZKDOGE,zkDoge,3.5e-06,0.0,0.0,coinmarketcap_data_api_listings_historical
2025-07-04,24171,LFG,LFGSwap Finance (Arbitrum),2.696e-05,0.0,0.0,coinmarketcap_data_api_listings_historical
2025-07-04,24176,BOW,Archer Swap,0.02106013,0.0,0.0,coinmarketcap_data_api_listings_historical
2025-07-04,24177,KSWAP,KyotoSwap,0.04729084,0.0,0.0,coinmarketcap_data_api_listings_historical
2025-07-04,24178,LODE,Lodestar,0.00366484,0.0,0.0,coinmarketcap_data_api_listings_historical
2025-07-04,7819,UCAP,Unicap.finance,0.00593681,0.0,0.0,coinmarketcap_data_api_listings_historical
2025-07-04,24214,OSEA,Omnisea,0.00125004,0.0,0.0,coinmarketcap_data_api_listings_historical
2025-07-04,24254,VC,Velocore,0.00237103,0.0,0.0,coinmarketcap_data_api_listings_historical
2025-07-04,24265,MEED,Meeds,0.4039363,0.0,0.0,coinmarketcap_data_api_listings_historical
2025-07-04,24292,OSP,OpenSocial,0.00039337,0.0,0.0,coinmarketcap_data_api_listings_historical
2025-07-04,24328,FLOKICASH,Floki Cash,0.0,0.0,0.0,coinmarketcap_data_api_listings_historical
2025-07-04,7965,vXRP,Venus XRP,0.04544056,0.0,0.0,coinmarketcap_data_api_listings_historical
2025-07-04,7972,HNY,Honey,1.71717779,0.0,0.0,coinmarketcap_data_api_listings_historical
2025-07-04,24364,AGI,Agility LSD,0.00090029,0.0,0.0,coinmarketcap_data_api_listings_historical
2025-07-04,24369,SDG,Crypto SDG,0.00073034,0.0,0.0,coinmarketcap_data_api_listings_historical
2025-07-04,24387,DRAGONKING,DragonKing,1e-08,0.0,0.0,coinmarketcap_data_api_listings_historical
2025-07-04,24393,EVEAI,EVEAI,0.00203646,0.0,0.0,coinmarketcap_data_api_listings_historical
2025-07-04,8020,DFIAT,DeFiato,0.00081408,0.0,0.0,coinmarketcap_data_api_listings_historical
2025-07-04,24432,EDX,EADX Token,0.00054918,0.0,0.0,coinmarketcap_data_api_listings_historical
2025-07-04,24435,CRAZYTIGER,CRAZY TIGER,0.0,0.0,0.0,coinmarketcap_data_api_listings_historical
2025-07-04,8080,DYP,Dypius [Old],0.00402906,0.0,0.0,coinmarketcap_data_api_listings_historical
2025-07-04,24464,MONKEYS,Monkeys,2.4e-07,0.0,0.0,coinmarketcap_data_api_listings_historical
2025-07-04,24485,KERMIT,Kermit,0.00012104,0.0,0.0,coinmarketcap_data_api_listings_historical
2025-07-04,24492,BCN,BemChain,0.00579357,0.0,0.0,coinmarketcap_data_api_listings_historical
2025-07-04,24507,CHAD,Chad Coin,1.49e-06,0.0,0.0,coinmarketcap_data_api_listings_historical
2025-07-04,8125,RARE,Unique One,3e-08,0.0,0.0,coinmarketcap_data_api_listings_historical
2025-07-04,8136,WAXE,WAXE,19.14828649,0.0,0.0,coinmarketcap_data_api_listings_historical
2025-07-04,24528,LEX,LEXER Markets,0.0,0.0,0.0,coinmarketcap_data_api_listings_historical
2025-07-04,24529,BABYPEPE,BabyPepe,0.0,0.0,0.0,coinmarketcap_data_api_listings_historical
2025-07-04,24538,AJUN,Ajuna Network,0.00097139,0.0,0.0,coinmarketcap_data_api_listings_historical
2025-07-04,8156,GGTK,GGDApp,0.01363289,0.0,0.0,coinmarketcap_data_api_listings_historical
2025-07-04,24543,PER,Perproject,0.0017022,0.0,0.0,coinmarketcap_data_api_listings_historical
2025-07-04,8167,WISE,Wise Token,0.14974182,0.0,0.0,coinmarketcap_data_api_listings_historical
2025-07-04,24553,HONK,Clown Pepe,4.3e-07,0.0,0.0,coinmarketcap_data_api_listings_historical
2025-07-04,24556,COPE,Cope,1.35e-06,0.0,0.0,coinmarketcap_data_api_listings_historical
2025-07-04,24562,FGM,Feels Good Man,5.51e-06,0.0,0.0,coinmarketcap_data_api_listings_historical
2025-07-04,8180,ACTN,Action Coin,0.00032005,0.0,0.0,coinmarketcap_data_api_listings_historical
2025-07-04,24573,shibai,AiShiba,0.0,0.0,0.0,coinmarketcap_data_api_listings_historical
2025-07-04,24574,SHANG,Shanghai Inu,0.0,0.0,0.0,coinmarketcap_data_api_listings_historical
2025-07-04,8196,MNTIS,Mantis,0.06699262,0.0,0.0,coinmarketcap_data_api_listings_historical
2025-07-04,24592,IPX,InpulseX,1e-05,0.0,0.0,coinmarketcap_data_api_listings_historical
2025-07-04,24595,JAY,Jaypeggers,6.34457907,0.0,0.0,coinmarketcap_data_api_listings_historical
2025-07-04,8213,vFIL,Venus Filecoin,0.04682895,0.0,0.0,coinmarketcap_data_api_listings_historical
2025-07-04,24612,PEPI,Pepito BSC,4.887e-05,0.0,0.0,coinmarketcap_data_api_listings_historical
2025-07-04,24615,TRUMP,FreeTrump,0.00057095,0.0,0.0,coinmarketcap_data_api_listings_historical
2025-07-04,8232,MOLTEN,Molten,0.10626523,0.0,0.0,coinmarketcap_data_api_listings_historical
2025-07-04,24619,RUG,RUGAME,7e-08,0.0,0.0,coinmarketcap_data_api_listings_historical
2025-07-04,24622,GENSLR,Good Gensler,0.0,0.0,0.0,coinmarketcap_data_api_listings_historical
2025-07-04,8266,MDX,Mandala Exchange Token,0.00142736,0.0,0.0,coinmarketcap_data_api_listings_historical
2025-07-04,8294,MUST,Cometh,1.05619828,0.0,0.0,coinmarketcap_data_api_listings_historical
2025-07-04,24679,BULL,Bull Market,0.00014146,0.0,0.0,coinmarketcap_data_api_listings_historical
2025-07-04,24708,NEUROS,Shockwaves,0.00207021,0.0,0.0,coinmarketcap_data_api_listings_historical
2025-07-04,24713,RF,ReactorFusion,0.00103863,0.0,0.0,coinmarketcap_data_api_listings_historical
2025-07-04,24724,PEEPO,Peepo,0.0,0.0,0.0,coinmarketcap_data_api_listings_historical
2025-07-04,24731,BOG,Bogdanoff,0.0,0.0,0.0,coinmarketcap_data_api_listings_historical
2025-07-04,24739,TATE,Tate,0.0,0.0,0.0,coinmarketcap_data_api_listings_historical
2025-07-04,8370,VBETH,Venus BETH,51.52242231,0.0,0.0,coinmarketcap_data_api_listings_historical
2025-07-04,8377,SX,SX Network,0.09798394,0.0,0.0,coinmarketcap_data_api_listings_historical
2025-07-04,8389,BAMBOO,BambooDeFi,0.0003026,0.0,0.0,coinmarketcap_data_api_listings_historical
2025-07-04,8394,ANI,Anime Token,0.00097341,0.0,0.0,coinmarketcap_data_api_listings_historical
2025-07-04,8398,YFO,YFIONE,0.71686804,0.0,0.0,coinmarketcap_data_api_listings_historical
2025-07-04,24789,RUM,RUM - Pirates of Arrland Token,0.00031314,0.0,0.0,coinmarketcap_data_api_listings_historical
2025-07-04,24791,OGSM,OGSMINEM,0.0,0.0,0.0,coinmarketcap_data_api_listings_historical
2025-07-04,24800,MUSK,Elon Musk,1.312e-05,0.0,0.0,coinmarketcap_data_api_listings_historical
2025-07-04,8426,FILDA,Filda,0.00028735,0.0,0.0,coinmarketcap_data_api_listings_historical
2025-07-04,24821,SONIC,Sonic Inu,0.0,0.0,0.0,coinmarketcap_data_api_listings_historical
2025-07-04,8444,GFARM2,Gains Farm,2474.23306164,0.0,0.0,coinmarketcap_data_api_listings_historical
2025-07-04,24829,FXI,FX1 Sports,0.00349902,0.0,0.0,coinmarketcap_data_api_listings_historical
2025-07-04,24834,QCK,Quicksilver,0.00231165,0.0,0.0,coinmarketcap_data_api_listings_historical
2025-07-04,24840,TKC,The Kingdom Coin,0.00220075,0.0,0.0,coinmarketcap_data_api_listings_historical
2025-07-04,24857,LAMBO,$LAMBO,1.68e-06,0.0,0.0,coinmarketcap_data_api_listings_historical
2025-07-04,8476,PREMIA,Premia,0.10501687,0.0,0.0,coinmarketcap_data_api_listings_historical
2025-07-04,24878,IVIP,iVipCoin,1.42e-06,0.0,0.0,coinmarketcap_data_api_listings_historical
2025-07-04,24882,4CHAN,4-CHAN,0.0,0.0,0.0,coinmarketcap_data_api_listings_historical
2025-07-04,24887,POV,Pepe Original Version,0.0,0.0,0.0,coinmarketcap_data_api_listings_historical
2025-07-04,8528,HBO,HashBridge Oracle,0.01099351,0.0,0.0,coinmarketcap_data_api_listings_historical
2025-07-04,8537,CAN,Channels,0.00030512,0.0,0.0,coinmarketcap_data_api_listings_historical
2025-07-04,8558,BT,BT.Finance,0.25749487,0.0,0.0,coinmarketcap_data_api_listings_historical
2025-07-04,8566,BSP,Ballswap,1.7e-07,0.0,0.0,coinmarketcap_data_api_listings_historical
2025-07-04,24953,AIBABYDOGE,AIBabyDoge,0.0,0.0,0.0,coinmarketcap_data_api_listings_historical
2025-07-04,8570,GRAPE,Grapeswap,3.09e-06,0.0,0.0,coinmarketcap_data_api_listings_historical
2025-07-04,24989,NYAN,NYAN Meme Coin,0.0,0.0,0.0,coinmarketcap_data_api_listings_historical
2025-07-04,24991,WISTA,Wistaverse,0.00066829,0.0,0.0,coinmarketcap_data_api_listings_historical
2025-07-04,8610,DMC,DMEX (Decentralized Mining Exchange),0.00231964,0.0,0.0,coinmarketcap_data_api_listings_historical
2025-07-04,8624,ADCO,Advertise Coin,0.55207722,0.0,0.0,coinmarketcap_data_api_listings_historical
2025-07-04,25009,FOXE,Foxe,0.0,0.0,0.0,coinmarketcap_data_api_listings_historical
2025-07-04,25014,RIBBIT,Ribbit,0.0,0.0,0.0,coinmarketcap_data_api_listings_historical
2025-07-04,8633,NS,Nodestats,0.00086442,0.0,0.0,coinmarketcap_data_api_listings_historical
2025-07-04,25018,PUGAI,PUG AI,0.0,0.0,0.0,coinmarketcap_data_api_listings_historical
2025-07-04,25019,JEFF,JEFF,0.00241591,0.0,0.0,coinmarketcap_data_api_listings_historical
2025-07-04,25022,PEPEAI,Pepe AI Coin,0.0,0.0,0.0,coinmarketcap_data_api_listings_historical
2025-07-04,25026,VNM,Venom,0.00030998,0.0,0.0,coinmarketcap_data_api_listings_historical
2025-07-04,8657,WANUSDT,wanUSDT,0.9968337,0.0,0.0,coinmarketcap_data_api_listings_historical
2025-07-04,8662,START,BSCStarter,0.01108685,0.0,0.0,coinmarketcap_data_api_listings_historical
2025-07-04,25049,FOUR,FourCoin,1.51e-06,0.0,0.0,coinmarketcap_data_api_listings_historical
2025-07-04,8666,DFX,DFX Finance,0.00226438,0.0,0.0,coinmarketcap_data_api_listings_historical
2025-07-04,25059,PTAS,La Peseta,3.501e-05,0.0,0.0,coinmarketcap_data_api_listings_historical
2025-07-04,25060,CRAZYPEPE,CRAZY PEPE,0.0,0.0,0.0,coinmarketcap_data_api_listings_historical
2025-07-04,25076,CAPY,Capybara,5.42e-06,0.0,0.0,coinmarketcap_data_api_listings_historical
2025-07-04,25092,KEVIN,KEVIN,1.1e-07,0.0,0.0,coinmarketcap_data_api_listings_historical
2025-07-04,25102,MBC,Mad Bears Club,0.24032718,0.0,0.0,coinmarketcap_data_api_listings_historical
2025-07-04,25106,SU,Smol Su,0.06038554,0.0,0.0,coinmarketcap_data_api_listings_historical
2025-07-04,25130,ARX,ArbiDex Token,0.00197547,0.0,0.0,coinmarketcap_data_api_listings_historical
2025-07-04,25139,PEPECHAIN,PEPE Chain,0.0,0.0,0.0,coinmarketcap_data_api_listings_historical
2025-07-04,8759,ZEFI,ZCore Finance,0.00193978,0.0,0.0,coinmarketcap_data_api_listings_historical
2025-07-04,25143,XAI,XAI,0.0,0.0,0.0,coinmarketcap_data_api_listings_historical
2025-07-04,25145,SWTS,SWEETS,0.0,0.0,0.0,coinmarketcap_data_api_listings_historical
2025-07-04,25177,$TOAD,Toad Killer,0.0,0.0,0.0,coinmarketcap_data_api_listings_historical
2025-07-04,8795,MUTE,Mute,0.01619183,0.0,0.0,coinmarketcap_data_api_listings_historical
2025-07-04,25184,MANIA,ScapesMania,0.00047473,0.0,0.0,coinmarketcap_data_api_listings_historical
2025-07-04,25196,ELS,Ethlas,0.00182887,0.0,0.0,coinmarketcap_data_api_listings_historical
2025-07-04,8823,POODL,Poodl Token,0.0,0.0,0.0,coinmarketcap_data_api_listings_historical
2025-07-04,25222,DAI+,Overnight DAI+,0.99563871,0.0,0.0,coinmarketcap_data_api_listings_historical
2025-07-04,25223,FLAME,Flame Protocol,0.00024716,0.0,0.0,coinmarketcap_data_api_listings_historical
2025-07-04,25230,BOLT,Huebel Bolt,0.04115196,0.0,0.0,coinmarketcap_data_api_listings_historical
2025-07-04,8850,VIPER,Viper Protocol,1.176e-05,0.0,0.0,coinmarketcap_data_api_listings_historical
2025-07-04,8858,CUB,Cub Finance,0.001127,0.0,0.0,coinmarketcap_data_api_listings_historical
2025-07-04,25245,SMUDGE,Smudge Lord,0.0,0.0,0.0,coinmarketcap_data_api_listings_historical
2025-07-04,8865,VBSWAP,vBSWAP,15.06178149,0.0,0.0,coinmarketcap_data_api_listings_historical
2025-07-04,8871,RYIU,RYI Unity,0.00013226,0.0,0.0,coinmarketcap_data_api_listings_historical
2025-07-04,25256,WEN,WEN Token,2.3e-07,0.0,0.0,coinmarketcap_data_api_listings_historical
2025-07-04,8905,BTSG,BitSong,0.0023389,0.0,0.0,coinmarketcap_data_api_listings_historical
2025-07-04,25289,PEPE,Pepe Coin,0.0,0.0,0.0,coinmarketcap_data_api_listings_historical
2025-07-04,8908,VEN,ImpulseVen,0.01678815,0.0,0.0,coinmarketcap_data_api_listings_historical
2025-07-04,8926,ATD,A2DAO,0.01750607,0.0,0.0,coinmarketcap_data_api_listings_historical
2025-07-04,25330,ANIMA,Realm Anima,0.00038338,0.0,0.0,coinmarketcap_data_api_listings_historical
2025-07-04,25331,PEPEAI,Pepe AI (BSC),0.0,0.0,0.0,coinmarketcap_data_api_listings_historical
2025-07-04,25333,MURATIAI,MuratiAI,1.45e-06,0.0,0.0,coinmarketcap_data_api_listings_historical
2025-07-04,8964,xBLZD,Blizzard.money,0.00260897,0.0,0.0,coinmarketcap_data_api_listings_historical
2025-07-04,8969,PIXIU,PIXIU FINANCE TOKEN,0.00300089,0.0,0.0,coinmarketcap_data_api_listings_historical
2025-07-04,8978,POOCOIN,PooCoin,0.317582,0.0,0.0,coinmarketcap_data_api_listings_historical
2025-07-04,8981,WAD,WardenSwap,0.0079231,0.0,0.0,coinmarketcap_data_api_listings_historical
2025-07-04,8994,DELTA,Delta,0.64193011,0.0,0.0,coinmarketcap_data_api_listings_historical
2025-07-04,25378,LOVESNOOPY,I LOVE SNOOPY,0.0,0.0,0.0,coinmarketcap_data_api_listings_historical
2025-07-04,25385,WAGMI,Wagmi Coin,0.0,0.0,0.0,coinmarketcap_data_api_listings_historical
2025-07-04,9007,ZOO,ZooCoin,4.539e-05,0.0,0.0,coinmarketcap_data_api_listings_historical
2025-07-04,9008,AMI,AMMYI Coin,0.00444249,0.0,0.0,coinmarketcap_data_api_listings_historical
2025-07-04,25396,TWELVE,TWELVE ZODIAC,0.09489964,0.0,0.0,coinmarketcap_data_api_listings_historical
2025-07-04,9016,HAUS,DAOhaus,0.30232607,0.0,0.0,coinmarketcap_data_api_listings_historical
2025-07-04,25442,NGMI,NGMI Coin,0.0,0.0,0.0,coinmarketcap_data_api_listings_historical
2025-07-04,25445,AGB,Apes Go Bananas,0.0,0.0,0.0,coinmarketcap_data_api_listings_historical
2025-07-04,9065,REFI,Realfinance Network,2e-06,0.0,0.0,coinmarketcap_data_api_listings_historical
2025-07-04,9069,GOAT,Goatcoin,28.12592521,0.0,0.0,coinmarketcap_data_api_listings_historical
2025-07-04,9070,CFXQ,CFX Quantum,0.00171864,0.0,0.0,coinmarketcap_data_api_listings_historical
2025-07-04,25467,MASYA,MASYA,0.0,0.0,0.0,coinmarketcap_data_api_listings_historical
2025-07-04,9086,HUB,Minter HUB,0.58924292,0.0,0.0,coinmarketcap_data_api_listings_historical
2025-07-04,9118,SCA,Scaleswap,0.0029735,0.0,0.0,coinmarketcap_data_api_listings_historical
2025-07-04,25514,DEGEN,DegensTogether,1.75e-06,0.0,0.0,coinmarketcap_data_api_listings_historical
2025-07-04,9131,MIST,Alchemist,0.47795359,0.0,0.0,coinmarketcap_data_api_listings_historical
2025-07-04,25523,2DAI,2DAI.io,2.118e-05,0.0,0.0,coinmarketcap_data_api_listings_historical
2025-07-04,9158,WOLF,moonwolf.io,7e-08,0.0,0.0,coinmarketcap_data_api_listings_historical
2025-07-04,25563,AMBER,Amber Soul Stone,2.96e-05,0.0,0.0,coinmarketcap_data_api_listings_historical
2025-07-04,9207,MVI,Metaverse Index,14.32093758,0.0,0.0,coinmarketcap_data_api_listings_historical
2025-07-04,9214,MOONSTAR,MoonStar,0.0,0.0,0.0,coinmarketcap_data_api_listings_historical
2025-07-04,25604,PINU,Pulse Inu,0.0,0.0,0.0,coinmarketcap_data_api_listings_historical
2025-07-04,25615,PSYOP,Psyop,2.161e-05,0.0,0.0,coinmarketcap_data_api_listings_historical
2025-07-04,25627,GCW,GCWine,0.0,0.0,0.0,coinmarketcap_data_api_listings_historical
2025-07-04,25642,AVO,Avocado Blockchain Group,0.00011234,0.0,0.0,coinmarketcap_data_api_listings_historical
2025-07-04,25645,BNBLION,Bob LION Inu,0.0,0.0,0.0,coinmarketcap_data_api_listings_historical
2025-07-04,25664,KINGY,KINGYTON,0.06339578,0.0,0.0,coinmarketcap_data_api_listings_historical
2025-07-04,25667,KELP,KELP,0.00252256,0.0,0.0,coinmarketcap_data_api_listings_historical
2025-07-04,9284,SMRAT,Secured MoonRat Token,0.0,0.0,0.0,coinmarketcap_data_api_listings_historical
2025-07-04,25679,XAI,XAI Corp,0.00025211,0.0,0.0,coinmarketcap_data_api_listings_historical
2025-07-04,9302,KEY,MoMo KEY,11.72184054,0.0,0.0,coinmarketcap_data_api_listings_historical
2025-07-04,25687,JOEY,Joey Inu,0.01099654,0.0,0.0,coinmarketcap_data_api_listings_historical
2025-07-04,25748,WECO,WECOIN,9.26e-06,0.0,0.0,coinmarketcap_data_api_listings_historical
2025-07-04,25771,ROLS,RollerSwap,0.00010001,0.0,0.0,coinmarketcap_data_api_listings_historical
2025-07-04,25779,PUPPETS,Puppets Coin,6e-08,0.0,0.0,coinmarketcap_data_api_listings_historical
2025-07-04,25796,JW,Jasan Wellness,0.51014634,0.0,0.0,coinmarketcap_data_api_listings_historical
2025-07-04,9413,REAU,Vira-lata Finance,0.0,0.0,0.0,coinmarketcap_data_api_listings_historical
2025-07-04,9427,vDOGE,Venus Dogecoin,0.00331506,0.0,0.0,coinmarketcap_data_api_listings_historical
2025-07-04,9437,CHE,CherrySwap,0.04501287,0.0,0.0,coinmarketcap_data_api_listings_historical
2025-07-04,9438,NMX,Nominex,0.00271621,0.0,0.0,coinmarketcap_data_api_listings_historical
2025-07-04,25868,$PG,Pepe Grow,0.0,0.0,0.0,coinmarketcap_data_api_listings_historical
2025-07-04,9502,PIPI,Pippi Finance,0.00252821,0.0,0.0,coinmarketcap_data_api_listings_historical
2025-07-04,9522,BONFIRE,Bonfire,1e-08,0.0,0.0,coinmarketcap_data_api_listings_historical
2025-07-04,25912,PEPE,PepeCoin,0.0,0.0,0.0,coinmarketcap_data_api_listings_historical
2025-07-04,9533,GNT,GreenTrust,0.0,0.0,0.0,coinmarketcap_data_api_listings_historical
2025-07-04,25920,SDX,Steakd,1e-08,0.0,0.0,coinmarketcap_data_api_listings_historical
2025-07-04,25926,GMFAM,GMFAM,0.0,0.0,0.0,coinmarketcap_data_api_listings_historical
2025-07-04,25956,COLLECT,CoinCollect,0.00033856,0.0,0.0,coinmarketcap_data_api_listings_historical
2025-07-04,25987,WAR,Water Rabbit Token,9.577e-05,0.0,0.0,coinmarketcap_data_api_listings_historical
2025-07-04,25990,HUNDRED,HUNDRED,0.00010172,0.0,0.0,coinmarketcap_data_api_listings_historical
2025-07-04,9628,RPTR,Raptor Finance,0.00010235,0.0,0.0,coinmarketcap_data_api_listings_historical
2025-07-04,9632,UMI,UMI,0.00033302,0.0,0.0,coinmarketcap_data_api_listings_historical
2025-07-04,9635,SYA,SaveYourAssets,0.0,0.0,0.0,coinmarketcap_data_api_listings_historical
2025-07-04,26028,TIGERMOON,TigerMoon,0.0,0.0,0.0,coinmarketcap_data_api_listings_historical
2025-07-04,9651,EMON,Ethermon,0.00015874,0.0,0.0,coinmarketcap_data_api_listings_historical
2025-07-04,26059,AEVUM,Aevum,0.00487284,0.0,0.0,coinmarketcap_data_api_listings_historical
2025-07-04,9694,UPR,Upfire,0.00047067,0.0,0.0,coinmarketcap_data_api_listings_historical
2025-07-04,26089,UNSHETH,unshETH Ether,1813.39103643,0.0,0.0,coinmarketcap_data_api_listings_historical
2025-07-04,9737,HMNG,Hummingbird Finance (Old),0.0,0.0,0.0,coinmarketcap_data_api_listings_historical
2025-07-04,9740,PINK,Dot Finance,9.171e-05,0.0,0.0,coinmarketcap_data_api_listings_historical
2025-07-04,9766,RNB,Rentible,0.0257991,0.0,0.0,coinmarketcap_data_api_listings_historical
2025-07-04,26160,TOSHE,Toshe,0.0,0.0,0.0,coinmarketcap_data_api_listings_historical
2025-07-04,9783,ROSX,Roseon,0.00023864,0.0,0.0,coinmarketcap_data_api_listings_historical
2025-07-04,9789,ETH2X-FLI,ETH 2x Flexible Leverage Index,7.32244558,0.0,0.0,coinmarketcap_data_api_listings_historical
2025-07-04,26197,ARCH,Archean,0.00060011,0.0,0.0,coinmarketcap_data_api_listings_historical
2025-07-04,9819,PALG,PalGold,0.00199852,0.0,0.0,coinmarketcap_data_api_listings_historical
2025-07-04,9855,EMAX,EthereumMax,0.0,0.0,0.0,coinmarketcap_data_api_listings_historical
2025-07-04,26241,YOEX,YO EXCHANGE,2.16182104,0.0,0.0,coinmarketcap_data_api_listings_historical
2025-07-04,9859,YUMMY,YUMMY,3.97e-06,0.0,0.0,coinmarketcap_data_api_listings_historical
2025-07-04,9862,SISHI,Sishi Finance,0.00036174,0.0,0.0,coinmarketcap_data_api_listings_historical
2025-07-04,9872,TFC,TheFutbolCoin,0.09003868,0.0,0.0,coinmarketcap_data_api_listings_historical
2025-07-04,26265,NIHAO,NiHao,0.0,0.0,0.0,coinmarketcap_data_api_listings_historical
2025-07-04,26267,SELF,SelfToken,0.18056583,0.0,0.0,coinmarketcap_data_api_listings_historical
2025-07-04,26302,LADYS,Milady Coin,0.0,0.0,0.0,coinmarketcap_data_api_listings_historical
2025-07-04,9932,EDOGE,ElonDoge,0.0,0.0,0.0,coinmarketcap_data_api_listings_historical
2025-07-04,9936,ELEPHANT,Elephant Money,4e-08,0.0,0.0,coinmarketcap_data_api_listings_historical
2025-07-04,26333,MOOX,Moox Protocol,0.00327606,0.0,0.0,coinmarketcap_data_api_listings_historical
2025-07-04,9951,WEX,WaultSwap,8.34e-06,0.0,0.0,coinmarketcap_data_api_listings_historical
2025-07-04,26337,LOVE,Love,0.00014801,0.0,0.0,coinmarketcap_data_api_listings_historical
2025-07-04,9968,CORGI,Corgidoge,0.0,0.0,0.0,coinmarketcap_data_api_listings_historical
2025-07-04,9982,DINGO,DINGO TOKEN (old),0.0,0.0,0.0,coinmarketcap_data_api_listings_historical
2025-07-04,9991,C3,Charli3,0.03535064,0.0,0.0,coinmarketcap_data_api_listings_historical
2025-07-04,26376,JIM,Jim,2.26e-06,0.0,0.0,coinmarketcap_data_api_listings_historical
2025-07-04,9996,BEZOGE,Bezoge Earth,0.0,0.0,0.0,coinmarketcap_data_api_listings_historical
2025-07-04,26380,SCIVIVE,sciVive,0.0,0.0,0.0,coinmarketcap_data_api_listings_historical
2025-07-04,10005,ZOOT,Zoo Token,0.0,0.0,0.0,coinmarketcap_data_api_listings_historical
2025-07-04,26394,PERRY,Perry The BNB V2,0.0,0.0,0.0,coinmarketcap_data_api_listings_historical
2025-07-04,10011,COW,CoinWind,0.0052553,0.0,0.0,coinmarketcap_data_api_listings_historical
2025-07-04,26396,BANK,BankerCoinAda,6e-07,0.0,0.0,coinmarketcap_data_api_listings_historical
2025-07-04,10023,AQUA,Planet,1.55427536,0.0,0.0,coinmarketcap_data_api_listings_historical
2025-07-04,10029,USDm,USD mars,0.99048105,0.0,0.0,coinmarketcap_data_api_listings_historical
2025-07-04,10030,XMS,Mars Ecosystem Token,0.00032777,0.0,0.0,coinmarketcap_data_api_listings_historical
2025-07-04,10031,TENFI,TEN,0.00047984,0.0,0.0,coinmarketcap_data_api_listings_historical
2025-07-04,26417,LIZD,Dancing Lizard Coin,0.0,0.0,0.0,coinmarketcap_data_api_listings_historical
2025-07-04,26436,NOSO,Noso,0.03997032,0.0,0.0,coinmarketcap_data_api_listings_historical
2025-07-04,10059,PNDR,Pandora Finance,0.00293873,0.0,0.0,coinmarketcap_data_api_listings_historical
2025-07-04,26456,SBC,Stable Coin,0.99489169,0.0,0.0,coinmarketcap_data_api_listings_historical
2025-07-04,10081,SAFEMOONCASH,SafeMoonCash,0.0,0.0,0.0,coinmarketcap_data_api_listings_historical
2025-07-04,10084,NUUM,MNet,0.00131453,0.0,0.0,coinmarketcap_data_api_listings_historical
2025-07-04,10090,FWB,Friends With Benefits Pro,0.61998457,0.0,0.0,coinmarketcap_data_api_listings_historical
2025-07-04,10132,DUET,Duet Protocol,0.00021341,0.0,0.0,coinmarketcap_data_api_listings_historical
2025-07-04,10134,FISH,Polycat Finance,0.01965895,0.0,0.0,coinmarketcap_data_api_listings_historical
2025-07-04,10145,DEFX,DeFinity,0.02979185,0.0,0.0,coinmarketcap_data_api_listings_historical
2025-07-04,26529,CHOW,CHOW CHOW,1e-07,0.0,0.0,coinmarketcap_data_api_listings_historical
2025-07-04,26536,BITBULL,Bitbull,0.00099926,0.0,0.0,coinmarketcap_data_api_listings_historical
2025-07-04,10155,VNY,Vanity,1.181e-05,0.0,0.0,coinmarketcap_data_api_listings_historical
2025-07-04,10158,GRIMEX,SpaceGrime,0.0,0.0,0.0,coinmarketcap_data_api_listings_historical
2025-07-04,10178,RABBIT,Rabbit Finance,0.00038369,0.0,0.0,coinmarketcap_data_api_listings_historical
2025-07-04,10182,FOLD,Manifold Finance,0.6084523,0.0,0.0,coinmarketcap_data_api_listings_historical
2025-07-04,10185,MOLA,Moonlana,9.77e-06,0.0,0.0,coinmarketcap_data_api_listings_historical
2025-07-04,26586,CHT,CryptoHunterTrading,0.0010219,0.0,0.0,coinmarketcap_data_api_listings_historical
2025-07-04,26597,XBTC,XenBitcoin,0.00924902,0.0,0.0,coinmarketcap_data_api_listings_historical
2025-07-04,10237,QI,QiDao,0.00018401,0.0,0.0,coinmarketcap_data_api_listings_historical
2025-07-04,26636,APPA,Dappad,0.00134712,0.0,0.0,coinmarketcap_data_api_listings_historical
2025-07-04,26640,DAO,Distributed Autonomous Organization,0.01779754,0.0,0.0,coinmarketcap_data_api_listings_historical
2025-07-04,10262,KLEE,KleeKai,0.0,0.0,0.0,coinmarketcap_data_api_listings_historical
2025-07-04,26648,FINALE,Ben's Finale,2.34e-06,0.0,0.0,coinmarketcap_data_api_listings_historical
2025-07-04,10289,DAISY,Daisy Launch Pad,0.40011529,0.0,0.0,coinmarketcap_data_api_listings_historical
2025-07-04,10290,VFOX,RFOX Finance,0.00770868,0.0,0.0,coinmarketcap_data_api_listings_historical
2025-07-04,26689,OT,Olaf Token,0.0,0.0,0.0,coinmarketcap_data_api_listings_historical
2025-07-04,10307,QBIT,Project Quantum,2.6e-07,0.0,0.0,coinmarketcap_data_api_listings_historical
2025-07-04,26694,QUBY,QUBY,0.02180877,0.0,0.0,coinmarketcap_data_api_listings_historical
2025-07-04,10325,EnergyX,Safe Energy,0.0,0.0,0.0,coinmarketcap_data_api_listings_historical
2025-07-04,26713,HOW,Howinu,0.0,0.0,0.0,coinmarketcap_data_api_listings_historical
2025-07-04,26719,PVC,PVC Meta,0.00834913,0.0,0.0,coinmarketcap_data_api_listings_historical
2025-07-04,10337,SHEESHA,Sheesha Finance [BEP20],4.73474576,0.0,0.0,coinmarketcap_data_api_listings_historical
2025-07-04,26721,TIG,Tigris,0.0,0.0,0.0,coinmarketcap_data_api_listings_historical
2025-07-04,26733,HABIBI,The Habibiz,1.1e-07,0.0,0.0,coinmarketcap_data_api_listings_historical
2025-07-04,10357,DC,Datachain Foundation (DC),0.00190055,0.0,0.0,coinmarketcap_data_api_listings_historical
2025-07-04,26743,VCORE,IMVU,0.00045066,0.0,0.0,coinmarketcap_data_api_listings_historical
2025-07-04,26744,FUSDC,Fluid USDC,0.99810869,0.0,0.0,coinmarketcap_data_api_listings_historical
2025-07-04,26762,DUCKER,Ducker,6.2e-07,0.0,0.0,coinmarketcap_data_api_listings_historical
2025-07-04,10388,SXC,SupremeX,0.00540674,0.0,0.0,coinmarketcap_data_api_listings_historical
2025-07-04,26778,FETS,FE TECH,9.3e-05,0.0,0.0,coinmarketcap_data_api_listings_historical
2025-07-04,26788,CAT,Cyber Arena,2.644e-05,0.0,0.0,coinmarketcap_data_api_listings_historical
2025-07-04,26809,ZES,Zetos,0.0092679,0.0,0.0,coinmarketcap_data_api_listings_historical
2025-07-04,10428,ALM,Alium Finance,0.00162781,0.0,0.0,coinmarketcap_data_api_listings_historical
2025-07-04,10436,XGC,Xiglute Coin,1e-07,0.0,0.0,coinmarketcap_data_api_listings_historical
2025-07-04,10439,SWISE,StakeWise,0.01582581,0.0,0.0,coinmarketcap_data_api_listings_historical
2025-07-04,26832,HACHI,Hachi,0.0,0.0,0.0,coinmarketcap_data_api_listings_historical
2025-07-04,10452,SOLAPE,SolAPE Token,0.00010766,0.0,0.0,coinmarketcap_data_api_listings_historical
2025-07-04,26837,PEPEW,PEPEPOW,2.45e-06,0.0,0.0,coinmarketcap_data_api_listings_historical
2025-07-04,10467,TITAN,IRON Titanium Token,1e-08,0.0,0.0,coinmarketcap_data_api_listings_historical
2025-07-04,26852,GARU,Garuda Coin,3e-08,0.0,0.0,coinmarketcap_data_api_listings_historical
2025-07-04,10482,BULL,BULL FINANCE,0.0,0.0,0.0,coinmarketcap_data_api_listings_historical
2025-07-04,26880,ENCS,ENCOINS,0.05394786,0.0,0.0,coinmarketcap_data_api_listings_historical
2025-07-04,10514,HUNNY,HUNNY FINANCE,0.00246479,0.0,0.0,coinmarketcap_data_api_listings_historical
2025-07-04,26907,FSM,Floki SafeMoon,0.0,0.0,0.0,coinmarketcap_data_api_listings_historical
2025-07-04,10530,CWT,CrossWallet,0.00105198,0.0,0.0,coinmarketcap_data_api_listings_historical
2025-07-04,26915,LFG,LFG,0.0010901,0.0,0.0,coinmarketcap_data_api_listings_historical
2025-07-04,26925,DOGC,Dogeclub,0.0,0.0,0.0,coinmarketcap_data_api_listings_historical
2025-07-04,10554,SKRT,Sekuritance,0.00029521,0.0,0.0,coinmarketcap_data_api_listings_historical
2025-07-04,10557,SWAPZ,Swapz,0.00035468,0.0,0.0,coinmarketcap_data_api_listings_historical
2025-07-04,26944,REDDIT,Reddit,0.00079423,0.0,0.0,coinmarketcap_data_api_listings_historical
2025-07-04,26959,HOME,OtterHome,0.02680489,0.0,0.0,coinmarketcap_data_api_listings_historical
2025-07-04,26979,DACKIE,DackieSwap,0.00022446,0.0,0.0,coinmarketcap_data_api_listings_historical
2025-07-04,26984,X,AI-X,0.0,0.0,0.0,coinmarketcap_data_api_listings_historical
2025-07-04,26994,SMILEY,SMILEY,0.0,0.0,0.0,coinmarketcap_data_api_listings_historical
2025-07-04,27006,KNS,Kenshi,0.00195118,0.0,0.0,coinmarketcap_data_api_listings_historical
2025-07-04,27023,FOOM,FOOM,1.2e-07,0.0,0.0,coinmarketcap_data_api_listings_historical
2025-07-04,10644,SAFEBULL,SafeBull,0.0,0.0,0.0,coinmarketcap_data_api_listings_historical
2025-07-04,10648,EIFI,Eifi FInance,0.00124625,0.0,0.0,coinmarketcap_data_api_listings_historical
2025-07-04,27033,MIC,Magic Internet Cash,0.00013445,0.0,0.0,coinmarketcap_data_api_listings_historical
2025-07-04,10665,KOGECOIN,KogeCoin.io,0.00028025,0.0,0.0,coinmarketcap_data_api_listings_historical
2025-07-04,10677,PLN,Pollen,0.00098925,0.0,0.0,coinmarketcap_data_api_listings_historical
2025-07-04,10680,KOJI,Koji,5.3e-07,0.0,0.0,coinmarketcap_data_api_listings_historical
2025-07-04,27068,UNLEASH,UnleashClub,3.236e-05,0.0,0.0,coinmarketcap_data_api_listings_historical
2025-07-04,27073,FRTN,EbisusBay Fortune,0.00107747,0.0,0.0,coinmarketcap_data_api_listings_historical
2025-07-04,27109,PIN,Pin Token,0.32045908,0.0,0.0,coinmarketcap_data_api_listings_historical
2025-07-04,10753,GENX,Evodefi,0.00039233,0.0,0.0,coinmarketcap_data_api_listings_historical
2025-07-04,27171,$L,L,2e-08,0.0,0.0,coinmarketcap_data_api_listings_historical
2025-07-04,10800,HVI,Hungarian Vizsla Inu,0.0,0.0,0.0,coinmarketcap_data_api_listings_historical
2025-07-04,10814,OBS,One Basis,0.10480958,0.0,0.0,coinmarketcap_data_api_listings_historical
2025-07-04,10820,YLDY,Yieldly,4.16e-06,0.0,0.0,coinmarketcap_data_api_listings_historical
2025-07-04,10831,MIMO,Mimo Governance Token,0.00312611,0.0,0.0,coinmarketcap_data_api_listings_historical
2025-07-04,10832,ETL,Etherlite,1.098e-05,0.0,0.0,coinmarketcap_data_api_listings_historical
2025-07-04,27218,OSEAN,OSEAN,0.00046427,0.0,0.0,coinmarketcap_data_api_listings_historical
2025-07-04,27243,C2H6,Ethane,0.27928818,0.0,0.0,coinmarketcap_data_api_listings_historical
2025-07-04,10875,CHAINCADE,ChainCade,0.0,0.0,0.0,coinmarketcap_data_api_listings_historical
2025-07-04,10877,AINU,Ainu Token,0.0,0.0,0.0,coinmarketcap_data_api_listings_historical
2025-07-04,10888,NEWB,NewB.Farm,2.52954498,0.0,0.0,coinmarketcap_data_api_listings_historical
2025-07-04,10899,DADDYDOGE,Daddy Doge,1e-08,0.0,0.0,coinmarketcap_data_api_listings_historical
2025-07-04,27293,LAC,LaCoin,0.00996705,0.0,0.0,coinmarketcap_data_api_listings_historical
2025-07-04,10914,$BABYDOGEINU,BABY DOGE INU,0.0,0.0,0.0,coinmarketcap_data_api_listings_historical
2025-07-04,27333,BABY AROF TOKEN,BABY AROF,7.841e-05,0.0,0.0,coinmarketcap_data_api_listings_historical
2025-07-04,27343,CARO,Meta Ricaro,1.697e-05,0.0,0.0,coinmarketcap_data_api_listings_historical
2025-07-04,27344,AI,AIDOGE,3.4e-07,0.0,0.0,coinmarketcap_data_api_listings_historical
2025-07-04,27357,LOBSTER,Lobster,0.0,0.0,0.0,coinmarketcap_data_api_listings_historical
2025-07-04,10999,TKG,Takamaka,1.69786479,0.0,0.0,coinmarketcap_data_api_listings_historical
2025-07-04,11017,SPADE,PolygonFarm Finance,0.00714435,0.0,0.0,coinmarketcap_data_api_listings_historical
2025-07-04,11020,ZOO,ZOO Crypto World,0.0001838,0.0,0.0,coinmarketcap_data_api_listings_historical
2025-07-04,11032,BABYBITC,BabyBitcoin,0.0,0.0,0.0,coinmarketcap_data_api_listings_historical
2025-07-04,11042,NFTBS,NFTBooks,0.0,0.0,0.0,coinmarketcap_data_api_listings_historical
2025-07-04,11061,AI,Multiverse,4.073e-05,0.0,0.0,coinmarketcap_data_api_listings_historical
2025-07-04,27455,ICLICK,Iclick inu,4.91e-06,0.0,0.0,coinmarketcap_data_api_listings_historical
2025-07-04,11076,JOJO,JOJO,4.4e-07,0.0,0.0,coinmarketcap_data_api_listings_historical
2025-07-04,27462,CUT,CryptoUnity,0.0004699,0.0,0.0,coinmarketcap_data_api_listings_historical
2025-07-04,11082,ARENA,Arena Token,0.00458602,0.0,0.0,coinmarketcap_data_api_listings_historical
2025-07-04,11085,BTBS,BitBase Token,0.11612795,0.0,0.0,coinmarketcap_data_api_listings_historical
2025-07-04,27470,PEEPA,Peepa,0.0,0.0,0.0,coinmarketcap_data_api_listings_historical
2025-07-04,27471,ARA,Aurora Klay,0.00021458,0.0,0.0,coinmarketcap_data_api_listings_historical
2025-07-04,11088,EJS,Enjinstarter,8.57e-05,0.0,0.0,coinmarketcap_data_api_listings_historical
2025-07-04,11093,DRIP,Drip Network,0.00144357,0.0,0.0,coinmarketcap_data_api_listings_historical
2025-07-04,27479,BKPT,Biokript,0.00026302,0.0,0.0,coinmarketcap_data_api_listings_historical
2025-07-04,27489,LTX,Tanox,8.4e-07,0.0,0.0,coinmarketcap_data_api_listings_historical
2025-07-04,11107,BIRB,Birb,0.00239559,0.0,0.0,coinmarketcap_data_api_listings_historical
2025-07-04,11112,$BRICKS,MyBricks,0.00016232,0.0,0.0,coinmarketcap_data_api_listings_historical
2025-07-04,27501,LUNA2.0,Luna 2.0,1e-08,0.0,0.0,coinmarketcap_data_api_listings_historical
2025-07-04,27506,Shiba 2.0,Shiba 2.0,0.0,0.0,0.0,coinmarketcap_data_api_listings_historical
2025-07-04,11126,HID,Hypersign Identity,0.00570063,0.0,0.0,coinmarketcap_data_api_listings_historical
2025-07-04,27526,BABYDOGE2.0,Baby Doge 2.0,0.0,0.0,0.0,coinmarketcap_data_api_listings_historical
2025-07-04,11148,PRXY,Proxy,0.00050012,0.0,0.0,coinmarketcap_data_api_listings_historical
2025-07-04,27535,RBC,Real BIG Coin,2e-08,0.0,0.0,coinmarketcap_data_api_listings_historical
2025-07-04,27553,CUAN,CuanSwap.com,0.00110032,0.0,0.0,coinmarketcap_data_api_listings_historical
2025-07-04,11185,TAB,TABANK,0.02998857,0.0,0.0,coinmarketcap_data_api_listings_historical
2025-07-04,11186,VENTION,Vention,6.384e-05,0.0,0.0,coinmarketcap_data_api_listings_historical
2025-07-04,11188,DPX,Dopex,3.60414974,0.0,0.0,coinmarketcap_data_api_listings_historical
2025-07-04,27572,COLA,ColaFactory,0.00194726,0.0,0.0,coinmarketcap_data_api_listings_historical
2025-07-04,11191,LYD,Lydia Finance,0.00011725,0.0,0.0,coinmarketcap_data_api_listings_historical
2025-07-04,27616,HOPPY,Hoppy,0.0,0.0,0.0,coinmarketcap_data_api_listings_historical
2025-07-04,27627,MINU,Mantle Inu,0.00019046,0.0,0.0,coinmarketcap_data_api_listings_historical
2025-07-04,27628,XRP 2.0,XRP 2.0,0.0,0.0,0.0,coinmarketcap_data_api_listings_historical
2025-07-04,27639,YIELDX,Yield Finance,0.0001253,0.0,0.0,coinmarketcap_data_api_listings_historical
2025-07-04,11271,COL,Colana,0.00045874,0.0,0.0,coinmarketcap_data_api_listings_historical
2025-07-04,27655,X,X AI,0.0,0.0,0.0,coinmarketcap_data_api_listings_historical
2025-07-04,11275,BSR,BinStarter,0.01801803,0.0,0.0,coinmarketcap_data_api_listings_historical
2025-07-04,27664,XRP2,XRP2.0,3.896e-05,0.0,0.0,coinmarketcap_data_api_listings_historical
2025-07-04,11283,RYOSHI,Ryoshis Vision,0.0,0.0,0.0,coinmarketcap_data_api_listings_historical
2025-07-04,27673,XD,XDoge,0.0,0.0,0.0,coinmarketcap_data_api_listings_historical
2025-07-04,11292,UGT,Unreal Finance,0.00137526,0.0,0.0,coinmarketcap_data_api_listings_historical
2025-07-04,11299,PTT,POTENT,9.404e-05,0.0,0.0,coinmarketcap_data_api_listings_historical
2025-07-04,27684,WMOXY,Moxy,0.00040014,0.0,0.0,coinmarketcap_data_api_listings_historical
2025-07-04,11301,YEL,YEL.Finance,0.00184292,0.0,0.0,coinmarketcap_data_api_listings_historical
2025-07-04,27691,XDOGE,XDOGE,0.0,0.0,0.0,coinmarketcap_data_api_listings_historical
2025-07-04,11323,CYCE,Crypto Carbon Energy,0.00058991,0.0,0.0,coinmarketcap_data_api_listings_historical
2025-07-04,27717,BALD,Bald,0.01478591,0.0,0.0,coinmarketcap_data_api_listings_historical
2025-07-04,11340,DARA,Immutable,0.0024507,0.0,0.0,coinmarketcap_data_api_listings_historical
2025-07-04,11341,DLTA,delta.theta,0.00036491,0.0,0.0,coinmarketcap_data_api_listings_historical
2025-07-04,27726,APC,Apin Pulse,2.05e-06,0.0,0.0,coinmarketcap_data_api_listings_historical
2025-07-04,11368,NFD,Feisty Doge NFT,9.04e-05,0.0,0.0,coinmarketcap_data_api_listings_historical
2025-07-04,27755,SOLANA,BarbieCrashBandicootRFK888Inu,0.0,0.0,0.0,coinmarketcap_data_api_listings_historical
2025-07-04,27759,SYNTH,Synthswap,0.16727781,0.0,0.0,coinmarketcap_data_api_listings_historical
2025-07-04,27761,RCKT,RocketSwap,0.02235043,0.0,0.0,coinmarketcap_data_api_listings_historical
2025-07-04,11380,DOGE2,Dogecoin 2.0,0.00032826,0.0,0.0,coinmarketcap_data_api_listings_historical
2025-07-04,27771,X,CruxDecussata,0.03253938,0.0,0.0,coinmarketcap_data_api_listings_historical
2025-07-04,11395,BR,BOHR,0.00542082,0.0,0.0,coinmarketcap_data_api_listings_historical
2025-07-04,11397,KSHIB,Kaiken Shiba,0.0,0.0,0.0,coinmarketcap_data_api_listings_historical
2025-07-04,11414,QBT,Qubit,0.0001655,0.0,0.0,coinmarketcap_data_api_listings_historical
2025-07-04,11438,4WMM,4-Way Mirror Money,84.5941095,0.0,0.0,coinmarketcap_data_api_listings_historical
2025-07-04,27846,EDE,El Dorado Exchange (Base),0.01815257,0.0,0.0,coinmarketcap_data_api_listings_historical
2025-07-04,11463,HUSKY,Husky Avax,1e-08,0.0,0.0,coinmarketcap_data_api_listings_historical
2025-07-04,11465,CATO,CATO,0.00047271,0.0,0.0,coinmarketcap_data_api_listings_historical
2025-07-04,11470,BOP,Boring Protocol,5.502e-05,0.0,0.0,coinmarketcap_data_api_listings_historical
2025-07-04,27873,ETHEREUM,HarryPotterTrumpHomerSimpson777Inu,0.00017044,0.0,0.0,coinmarketcap_data_api_listings_historical
2025-07-04,11497,SCREAM,Scream,0.11018471,0.0,0.0,coinmarketcap_data_api_listings_historical
2025-07-04,11499,AMT,AMATERAS,0.00781802,0.0,0.0,coinmarketcap_data_api_listings_historical
2025-07-04,11503,$MANGA,Manga Token,9.98e-06,0.0,0.0,coinmarketcap_data_api_listings_historical
2025-07-04,27887,BVM,Base Velocimeter,0.00367655,0.0,0.0,coinmarketcap_data_api_listings_historical
2025-07-04,27895,MARGA,Margaritis,0.39191325,0.0,0.0,coinmarketcap_data_api_listings_historical
2025-07-04,27897,GOLD,GoldenBoys,14.66247793,0.0,0.0,coinmarketcap_data_api_listings_historical
2025-07-04,27903,HIPP,El Hippo,0.0,0.0,0.0,coinmarketcap_data_api_listings_historical
2025-07-04,27905,BABYSHIB,Baby Shiba Inu,0.00071897,0.0,0.0,coinmarketcap_data_api_listings_historical
2025-07-04,27923,DOBO,DogeBonk,0.00061787,0.0,0.0,coinmarketcap_data_api_listings_historical
2025-07-04,27927,GBL,Global Token,1.75241272,0.0,0.0,coinmarketcap_data_api_listings_historical
2025-07-04,27928,PEPE,Pepe Community,0.00032537,0.0,0.0,coinmarketcap_data_api_listings_historical
2025-07-04,27938,HOSHI,Dejitaru Hoshi,3.913e-05,0.0,0.0,coinmarketcap_data_api_listings_historical
2025-07-04,11556,ZOO,CryptoZoo  (new),4.9e-07,0.0,0.0,coinmarketcap_data_api_listings_historical
2025-07-04,27941,BANUS,Banus.Finance,0.00015028,0.0,0.0,coinmarketcap_data_api_listings_historical
2025-07-04,11566,ASH,ASH,0.68076457,0.0,0.0,coinmarketcap_data_api_listings_historical
2025-07-04,27952,UCJL,Utility Cjournal,4.19503195,0.0,0.0,coinmarketcap_data_api_listings_historical
2025-07-04,11579,TECH,Cryptomeda,2.77e-06,0.0,0.0,coinmarketcap_data_api_listings_historical
2025-07-04,11586,STORY,Story,1.95e-05,0.0,0.0,coinmarketcap_data_api_listings_historical
2025-07-04,11591,RAID,Raid Token,0.00061352,0.0,0.0,coinmarketcap_data_api_listings_historical
2025-07-04,27988,OGD,OLYMPIC GAMES DOGE,0.0,0.0,0.0,coinmarketcap_data_api_listings_historical
2025-07-04,11612,SUNNY,Sunny Aggregator,2.22e-06,0.0,0.0,coinmarketcap_data_api_listings_historical
2025-07-04,28002,RYOSHI,Ryoshi's Coin,1.87e-06,0.0,0.0,coinmarketcap_data_api_listings_historical
2025-07-04,11621,PUNK,Punk Vault (NFTX),96371.76912615,0.0,0.0,coinmarketcap_data_api_listings_historical
2025-07-04,11646,REGEN,Regen Network,0.01816405,0.0,0.0,coinmarketcap_data_api_listings_historical
2025-07-04,28034,BNBCAT,BNBcat,0.0,0.0,0.0,coinmarketcap_data_api_listings_historical
2025-07-04,28040,AIS,AISwap,0.0,0.0,0.0,coinmarketcap_data_api_listings_historical
2025-07-04,11672,POCO,Pocoland,0.00011481,0.0,0.0,coinmarketcap_data_api_listings_historical
2025-07-04,28057,AA,Alva,3.95017876,0.0,0.0,coinmarketcap_data_api_listings_historical
2025-07-04,28061,SHIB2,SHIB2,5.543e-05,0.0,0.0,coinmarketcap_data_api_listings_historical
2025-07-04,28071,CJPY,Convertible JPY Token,0.00606445,0.0,0.0,coinmarketcap_data_api_listings_historical
2025-07-04,11690,BSTS,Magic Beasties,1.5e-07,0.0,0.0,coinmarketcap_data_api_listings_historical
2025-07-04,28078,BSX,BaseX,0.02192849,0.0,0.0,coinmarketcap_data_api_listings_historical
2025-07-04,28084,XRP20,XRP20,1.203e-05,0.0,0.0,coinmarketcap_data_api_listings_historical
2025-07-04,11701,COPYCAT,Copycat Finance,0.00255045,0.0,0.0,coinmarketcap_data_api_listings_historical
2025-07-04,11707,SONA,Sona Network,9e-06,0.0,0.0,coinmarketcap_data_api_listings_historical
2025-07-04,11713,BALA,Shambala,0.0,0.0,0.0,coinmarketcap_data_api_listings_historical
2025-07-04,28097,FLRBRG,Floor Cheese Burger,3.43e-06,0.0,0.0,coinmarketcap_data_api_listings_historical
2025-07-04,28125,JNGL,Jungle Labz,0.06499279,0.0,0.0,coinmarketcap_data_api_listings_historical
2025-07-04,28126,WHETH,Where Did The ETH Go? (Pulsechain),0.01191148,0.0,0.0,coinmarketcap_data_api_listings_historical
2025-07-04,28135,CONX,Connex,57.15498024,0.0,0.0,coinmarketcap_data_api_listings_historical
2025-07-04,28143,MOB,Mobster,0.0,0.0,0.0,coinmarketcap_data_api_listings_historical
2025-07-04,28152,GEMSTON,GEMSTON,0.08520185,0.0,0.0,coinmarketcap_data_api_listings_historical
2025-07-04,11770,EVERETH,EverETH Reflect,0.0,0.0,0.0,coinmarketcap_data_api_listings_historical
2025-07-04,28155,MOVE,MoveApp,0.000258,0.0,0.0,coinmarketcap_data_api_listings_historical
2025-07-04,28156,JTT,Justus,0.00832848,0.0,0.0,coinmarketcap_data_api_listings_historical
2025-07-04,28158,FACT,Orcfax,0.00246282,0.0,0.0,coinmarketcap_data_api_listings_historical
2025-07-04,28160,PHAME,PHAME,0.05608935,0.0,0.0,coinmarketcap_data_api_listings_historical
2025-07-04,28161,SHIBU,SHIBU INU,0.0,0.0,0.0,coinmarketcap_data_api_listings_historical
2025-07-04,28166,CYBA,CYBRIA,0.00018461,0.0,0.0,coinmarketcap_data_api_listings_historical
2025-07-04,28169,BNBDOGE,BNBdoge,0.0,0.0,0.0,coinmarketcap_data_api_listings_historical
2025-07-04,28170,CAL,Calcium,0.00083447,0.0,0.0,coinmarketcap_data_api_listings_historical
2025-07-04,11801,DLYCOP,Daily COP,4e-08,0.0,0.0,coinmarketcap_data_api_listings_historical
2025-07-04,11805,STF,Structure finance,0.00030508,0.0,0.0,coinmarketcap_data_api_listings_historical
2025-07-04,28192,SHIBA,Shiba,0.0,0.0,0.0,coinmarketcap_data_api_listings_historical
2025-07-04,28193,DSHIB,DOLLAR SHIBA INU,0.0,0.0,0.0,coinmarketcap_data_api_listings_historical
2025-07-04,11810,PirateCoin☠,Pirate Coin Games,0.0,0.0,0.0,coinmarketcap_data_api_listings_historical
2025-07-04,11813,AFR,Afreum,0.00050116,0.0,0.0,coinmarketcap_data_api_listings_historical
2025-07-04,11814,POTATO,Potato,1e-08,0.0,0.0,coinmarketcap_data_api_listings_historical
2025-07-04,11820,TORG,TORG,2e-08,0.0,0.0,coinmarketcap_data_api_listings_historical
2025-07-04,11835,MONS,Monsters Clan,0.00473705,0.0,0.0,coinmarketcap_data_api_listings_historical
2025-07-04,11838,Milk,MilkshakeSwap,0.00036379,0.0,0.0,coinmarketcap_data_api_listings_historical
2025-07-04,28224,CRAZYMUSK,CRAZY MUSK,0.0,0.0,0.0,coinmarketcap_data_api_listings_historical
2025-07-04,28233,NBABSC,NBA BSC,3.82e-06,0.0,0.0,coinmarketcap_data_api_listings_historical
2025-07-04,11851,CIOTX,Crosschain IOTX,0.02125774,0.0,0.0,coinmarketcap_data_api_listings_historical
2025-07-04,11854,NYAN,ArbiNYAN,0.00131385,0.0,0.0,coinmarketcap_data_api_listings_historical
2025-07-04,28238,GYROWIN,Gyrowin,0.00015199,0.0,0.0,coinmarketcap_data_api_listings_historical
2025-07-04,28241,MARIO,MARIO CEO,0.0,0.0,0.0,coinmarketcap_data_api_listings_historical
2025-07-04,28250,UFC,UFC WIN,0.0,0.0,0.0,coinmarketcap_data_api_listings_historical
2025-07-04,11869,REALM,Realm,0.00013327,0.0,0.0,coinmarketcap_data_api_listings_historical
2025-07-04,11878,ADOGE,Arbidoge,6e-08,0.0,0.0,coinmarketcap_data_api_listings_historical
2025-07-04,28262,SPIDERMAN,SPIDERMAN BITCOIN,0.0,0.0,0.0,coinmarketcap_data_api_listings_historical
2025-07-04,28263,HAY,HayCoin,77473.51681068,0.0,0.0,coinmarketcap_data_api_listings_historical
2025-07-04,28264,PREME,PREME Token,0.00273459,0.0,0.0,coinmarketcap_data_api_listings_historical
2025-07-04,11888,MATRIX,Matrix Labs,0.00072223,0.0,0.0,coinmarketcap_data_api_listings_historical
2025-07-04,28274,PAW,PAW PATROL INU,0.0,0.0,0.0,coinmarketcap_data_api_listings_historical
2025-07-04,28276,CRE,Creso,5e-07,0.0,0.0,coinmarketcap_data_api_listings_historical
2025-07-04,11896,MORPH,Morpheus Token,0.01679817,0.0,0.0,coinmarketcap_data_api_listings_historical
2025-07-04,28290,JUSDC,TON Bridged USDC,0.94855404,0.0,0.0,coinmarketcap_data_api_listings_historical
2025-07-04,11907,FTMO,Fantom Oasis,8.919e-05,0.0,0.0,coinmarketcap_data_api_listings_historical
2025-07-04,28291,APU,Apu,1.6e-07,0.0,0.0,coinmarketcap_data_api_listings_historical
2025-07-04,11910,SOKU,SokuSwap,5.69e-06,0.0,0.0,coinmarketcap_data_api_listings_historical
2025-07-04,28295,HALLOWEEN,HALLOWEEN X,0.0,0.0,0.0,coinmarketcap_data_api_listings_historical
2025-07-04,11916,MIVA,Minerva Wallet,0.00185465,0.0,0.0,coinmarketcap_data_api_listings_historical
2025-07-04,11918,X,GIBX Swap,0.0006204,0.0,0.0,coinmarketcap_data_api_listings_historical
2025-07-04,28304,SPACEPI,SpacePi (ETH),0.0,0.0,0.0,coinmarketcap_data_api_listings_historical
2025-07-04,28306,MANDOX,Mandox Token,1e-08,0.0,0.0,coinmarketcap_data_api_listings_historical
2025-07-04,11931,TRDC,Traders coin,0.00022415,0.0,0.0,coinmarketcap_data_api_listings_historical
2025-07-04,11933,PIZA,HalfPizza,1.93e-06,0.0,0.0,coinmarketcap_data_api_listings_historical
2025-07-04,28327,GLINT,Glint Coin,0.0122773,0.0,0.0,coinmarketcap_data_api_listings_historical
2025-07-04,28335,PRISMA,Prisma Finance,0.05414415,0.0,0.0,coinmarketcap_data_api_listings_historical
2025-07-04,28339,BLF,Baby Luffy,0.00020774,0.0,0.0,coinmarketcap_data_api_listings_historical
2025-07-04,28344,SIMPSONS,The SIMPSONS BNB,0.0,0.0,0.0,coinmarketcap_data_api_listings_historical
2025-07-04,11961,VEE,Vee Finance,2.108e-05,0.0,0.0,coinmarketcap_data_api_listings_historical
2025-07-04,28349,OTSEA,OTSea,0.00195653,0.0,0.0,coinmarketcap_data_api_listings_historical
2025-07-04,28357,XAI,Grok,0.0,0.0,0.0,coinmarketcap_data_api_listings_historical
2025-07-04,11993,HAPPY,HappyFans,7e-08,0.0,0.0,coinmarketcap_data_api_listings_historical
2025-07-04,28379,HMNG,Hummingbird Finance (New),0.0,0.0,0.0,coinmarketcap_data_api_listings_historical
2025-07-04,28384,DOGE,DOGE SATELLITE INU,0.0,0.0,0.0,coinmarketcap_data_api_listings_historical
2025-07-04,28387,GROK,Grok,0.0,0.0,0.0,coinmarketcap_data_api_listings_historical
2025-07-04,28392,BTEX,BTEX,0.00318024,0.0,0.0,coinmarketcap_data_api_listings_historical
2025-07-04,28403,vAAVE,Venus AAVE,5.51630231,0.0,0.0,coinmarketcap_data_api_listings_historical
2025-07-04,28404,vCAKE,Venus CAKE,0.06198428,0.0,0.0,coinmarketcap_data_api_listings_historical
2025-07-04,28407,vTRX,Venus TRX,0.30170795,0.0,0.0,coinmarketcap_data_api_listings_historical
2025-07-04,28408,vTUSD,Venus TUSD,1.15107416,0.0,0.0,coinmarketcap_data_api_listings_historical
2025-07-04,28411,PIPI,PIPI,0.0,0.0,0.0,coinmarketcap_data_api_listings_historical
2025-07-04,28418,TPAD,Trustpad (New),0.00027504,0.0,0.0,coinmarketcap_data_api_listings_historical
2025-07-04,28420,vUNI,Venus UNI,6.9566032,0.0,0.0,coinmarketcap_data_api_listings_historical
2025-07-04,28425,STARSHIP,STARSHIP,1.039e-05,0.0,0.0,coinmarketcap_data_api_listings_historical
2025-07-04,12046,IDO,Idexo Token,0.01980491,0.0,0.0,coinmarketcap_data_api_listings_historical
2025-07-04,28435,WEB,Web-x-ai,2.3e-07,0.0,0.0,coinmarketcap_data_api_listings_historical
2025-07-04,28437,SEXY,EthXY,0.04217411,0.0,0.0,coinmarketcap_data_api_listings_historical
2025-07-04,28438,DOGE,DOGECOIN X,0.0,0.0,0.0,coinmarketcap_data_api_listings_historical
2025-07-04,12058,LIGHT,Light DeFi,6.832e-05,0.0,0.0,coinmarketcap_data_api_listings_historical
2025-07-04,12060,XTT-B20,XTblock,0.00014247,0.0,0.0,coinmarketcap_data_api_listings_historical
2025-07-04,28448,DOGE-1,Satellite Doge-1 Mission,0.00010572,0.0,0.0,coinmarketcap_data_api_listings_historical
2025-07-04,28450,FLOKIX,FLOKI X,0.0037414,0.0,0.0,coinmarketcap_data_api_listings_historical
2025-07-04,28451,PUMP,2024PUMP,3.3e-07,0.0,0.0,coinmarketcap_data_api_listings_historical
2025-07-04,12070,QUIDD,Quidd,0.00075496,0.0,0.0,coinmarketcap_data_api_listings_historical
2025-07-04,28470,SQUID,Squid Game (squid-game.cool),2.9e-07,0.0,0.0,coinmarketcap_data_api_listings_historical
2025-07-04,12090,YOCO,YoCoin,0.00050334,0.0,0.0,coinmarketcap_data_api_listings_historical
2025-07-04,12097,GEM,NFTmall,0.00685155,0.0,0.0,coinmarketcap_data_api_listings_historical
2025-07-04,12100,CRYSTL,Crystl Finance,0.00016449,0.0,0.0,coinmarketcap_data_api_listings_historical
2025-07-04,12109,POOF,Poof.cash,4.25e-06,0.0,0.0,coinmarketcap_data_api_listings_historical
2025-07-04,28493,SHIBA,SHIBA INU X,0.00469247,0.0,0.0,coinmarketcap_data_api_listings_historical
2025-07-04,28498,LILA,LiquidLayer,0.0053441,0.0,0.0,coinmarketcap_data_api_listings_historical
2025-07-04,12118,CELT,Celestial,0.00098922,0.0,0.0,coinmarketcap_data_api_listings_historical
2025-07-04,28503,BAI,Bonsai3,6.76e-06,0.0,0.0,coinmarketcap_data_api_listings_historical
2025-07-04,12136,IJC,IjasCoin,0.00023983,0.0,0.0,coinmarketcap_data_api_listings_historical
2025-07-04,28524,LIQ,Liquidus Foundation,0.05632469,0.0,0.0,coinmarketcap_data_api_listings_historical
2025-07-04,28529,USDCASH,USDCASH,1.00565898,0.0,0.0,coinmarketcap_data_api_listings_historical
2025-07-04,12153,KURO,Kurobi,1.317e-05,0.0,0.0,coinmarketcap_data_api_listings_historical
2025-07-04,28547,CRAZYCAT,CRAZY CAT,0.0,0.0,0.0,coinmarketcap_data_api_listings_historical
2025-07-04,28549,QKNTL,Quick Intel,0.00811611,0.0,0.0,coinmarketcap_data_api_listings_historical
2025-07-04,12179,ALPHA,PolyAlpha Finance,0.40233528,0.0,0.0,coinmarketcap_data_api_listings_historical
2025-07-04,28565,RMBCASH,RMBCASH,0.15253356,0.0,0.0,coinmarketcap_data_api_listings_historical
2025-07-04,28571,MOROS,MOROS NET,0.00028522,0.0,0.0,coinmarketcap_data_api_listings_historical
2025-07-04,28575,0XL,0x Leverage,0.00059687,0.0,0.0,coinmarketcap_data_api_listings_historical
2025-07-04,28576,VEIL,Veil,0.00014702,0.0,0.0,coinmarketcap_data_api_listings_historical
2025-07-04,12194,BABYFLOKI,Baby Floki (BSC),0.0,0.0,0.0,coinmarketcap_data_api_listings_historical
2025-07-04,28579,FOMO,FOMOSolana,0.00048161,0.0,0.0,coinmarketcap_data_api_listings_historical
2025-07-04,12199,FUFU,FUFU,1.631e-05,0.0,0.0,coinmarketcap_data_api_listings_historical
2025-07-04,28584,AEGIS,Aegis Ai,0.00098881,0.0,0.0,coinmarketcap_data_api_listings_historical
2025-07-04,28590,OCAI,Onchain AI,0.00118571,0.0,0.0,coinmarketcap_data_api_listings_historical
2025-07-04,12212,ABR,Allbridge,0.07926785,0.0,0.0,coinmarketcap_data_api_listings_historical
2025-07-04,28600,CRAZYDOGE,CRAZY DOGE,0.0,0.0,0.0,coinmarketcap_data_api_listings_historical
2025-07-04,28601,DARIK,Darik,0.26314054,0.0,0.0,coinmarketcap_data_api_listings_historical
2025-07-04,12218,UM,Continuum World,0.00014233,0.0,0.0,coinmarketcap_data_api_listings_historical
2025-07-04,28606,GROK,GROK,1e-08,0.0,0.0,coinmarketcap_data_api_listings_historical
2025-07-04,12230,RVST,Revest Finance,0.00359189,0.0,0.0,coinmarketcap_data_api_listings_historical
2025-07-04,12236,JET,Jet Protocol,7.999e-05,0.0,0.0,coinmarketcap_data_api_listings_historical
2025-07-04,12242,GRAPE,Grape Network,0.00014128,0.0,0.0,coinmarketcap_data_api_listings_historical
2025-07-04,28637,KAI,Kreaitor,0.0081772,0.0,0.0,coinmarketcap_data_api_listings_historical
2025-07-04,28639,BAZED,Bazed Games,0.06048063,0.0,0.0,coinmarketcap_data_api_listings_historical
2025-07-04,12257,XTRA,XTRA Token,2.8e-07,0.0,0.0,coinmarketcap_data_api_listings_historical
2025-07-04,12258,SNE,StrongNode Edge,7.6e-07,0.0,0.0,coinmarketcap_data_api_listings_historical
2025-07-04,28643,GEC,Gec,0.00583216,0.0,0.0,coinmarketcap_data_api_listings_historical
2025-07-04,28645,DD,DuckDAO,0.10356366,0.0,0.0,coinmarketcap_data_api_listings_historical
2025-07-04,12271,KING,CryptoBlades Kingdoms,8.686e-05,0.0,0.0,coinmarketcap_data_api_listings_historical
2025-07-04,28657,MVU,Memes vs Undead,0.00098056,0.0,0.0,coinmarketcap_data_api_listings_historical
2025-07-04,28661,ROCKY,Rocky,8.165e-05,0.0,0.0,coinmarketcap_data_api_listings_historical
2025-07-04,28686,GTA6,GTA VI,0.0,0.0,0.0,coinmarketcap_data_api_listings_historical
2025-07-04,12308,LGX,Legion Network,4.772e-05,0.0,0.0,coinmarketcap_data_api_listings_historical
2025-07-04,28694,GFY,go fu*k yourself.,2e-07,0.0,0.0,coinmarketcap_data_api_listings_historical
2025-07-04,28701,SAFEGROK,SafeGrok,0.0,0.0,0.0,coinmarketcap_data_api_listings_historical
2025-07-04,28703,MARSUPILAMI,MARSUPILAMI INU,0.0,0.0,0.0,coinmarketcap_data_api_listings_historical
2025-07-04,28705,PETS,MicroPets,3.915e-05,0.0,0.0,coinmarketcap_data_api_listings_historical
2025-07-04,28710,CAT,SPACE CAT,0.0,0.0,0.0,coinmarketcap_data_api_listings_historical
2025-07-04,28729,MANE,MANE,0.00601675,0.0,0.0,coinmarketcap_data_api_listings_historical
2025-07-04,28732,GROKGIRL,Grok Girl,0.0,0.0,0.0,coinmarketcap_data_api_listings_historical
2025-07-04,28740,MAU,MAU,4.67e-06,0.0,0.0,coinmarketcap_data_api_listings_historical
2025-07-04,12359,WOJ,Wojak Finance,0.00059306,0.0,0.0,coinmarketcap_data_api_listings_historical
2025-07-04,28750,TOAD,TOAD,1.7e-07,0.0,0.0,coinmarketcap_data_api_listings_historical
2025-07-04,28759,BIIS,biis (Ordinals),0.0004001,0.0,0.0,coinmarketcap_data_api_listings_historical
2025-07-04,28762,GROKINU,Grok Inu,0.0,0.0,0.0,coinmarketcap_data_api_listings_historical
2025-07-04,28763,NOLA,Nola,1.916e-05,0.0,0.0,coinmarketcap_data_api_listings_historical
2025-07-04,28770,AVIVE,Avive World,5.954e-05,0.0,0.0,coinmarketcap_data_api_listings_historical
2025-07-04,28773,DEGEN,Degen (SOL),2.84e-06,0.0,0.0,coinmarketcap_data_api_listings_historical
2025-07-04,28776,LQDX,reddex,0.00136706,0.0,0.0,coinmarketcap_data_api_listings_historical
2025-07-04,12393,LHC,Lightcoin,0.00021611,0.0,0.0,coinmarketcap_data_api_listings_historical
2025-07-04,28777,ECLIP,Eclipse Fi,0.0009774,0.0,0.0,coinmarketcap_data_api_listings_historical
2025-07-04,12395,MTO,Merchant Token,0.03669096,0.0,0.0,coinmarketcap_data_api_listings_historical
2025-07-04,28784,GRAPE,GrapeCoin,0.00013806,0.0,0.0,coinmarketcap_data_api_listings_historical
2025-07-04,28785,NEAT,NEAT,0.00071986,0.0,0.0,coinmarketcap_data_api_listings_historical
2025-07-04,28788,BOK,BONKLANA,7.026e-05,0.0,0.0,coinmarketcap_data_api_listings_historical
2025-07-04,28795,PIIN,piin  (Ordinals),2.073e-05,0.0,0.0,coinmarketcap_data_api_listings_historical
2025-07-04,28796,PAW,PAW,0.0,0.0,0.0,coinmarketcap_data_api_listings_historical
2025-07-04,28797,BABYCAT,BABY CAT INU,0.0,0.0,0.0,coinmarketcap_data_api_listings_historical
2025-07-04,12414,MRHB,MRHB DeFi Network,0.00285535,0.0,0.0,coinmarketcap_data_api_listings_historical
2025-07-04,12418,WJXN,Jax.Network,0.0058845,0.0,0.0,coinmarketcap_data_api_listings_historical
2025-07-04,28802,GM,The GM Machine,0.0,0.0,0.0,coinmarketcap_data_api_listings_historical
2025-07-04,28809,SOBER,Solabrador,1.019e-05,0.0,0.0,coinmarketcap_data_api_listings_historical
2025-07-04,28814,SANTA,SANTA CHRISTMAS INU,0.0,0.0,0.0,coinmarketcap_data_api_listings_historical
2025-07-04,12431,SSS,StarSharks (SSS),0.03716008,0.0,0.0,coinmarketcap_data_api_listings_historical
2025-07-04,12432,SEA,StarSharks SEA,0.00182627,0.0,0.0,coinmarketcap_data_api_listings_historical
2025-07-04,28818,FUZN,Fuzion,0.01002988,0.0,0.0,coinmarketcap_data_api_listings_historical
2025-07-04,12436,TIME,Timeleap Finance,0.02698826,0.0,0.0,coinmarketcap_data_api_listings_historical
2025-07-04,12439,BRCP,BRCP TOKEN,0.21685741,0.0,0.0,coinmarketcap_data_api_listings_historical
2025-07-04,28825,SOL,SonicObamaLockheedMartin69Inu,0.0,0.0,0.0,coinmarketcap_data_api_listings_historical
2025-07-04,28827,OMNI,OmniCat,1.143e-05,0.0,0.0,coinmarketcap_data_api_listings_historical
2025-07-04,28834,MND,Mind,0.00338525,0.0,0.0,coinmarketcap_data_api_listings_historical
2025-07-04,12452,TETU,TETU,0.00081319,0.0,0.0,coinmarketcap_data_api_listings_historical
2025-07-04,28839,SMOL,Smolcoin,3.9e-07,0.0,0.0,coinmarketcap_data_api_listings_historical
2025-07-04,28841,MTC,Matrix Chain,0.00025172,0.0,0.0,coinmarketcap_data_api_listings_historical
2025-07-04,28844,CIF,CATWIFHAT,2.917e-05,0.0,0.0,coinmarketcap_data_api_listings_historical
2025-07-04,28849,SIZE,SIZE,1.24e-06,0.0,0.0,coinmarketcap_data_api_listings_historical
2025-07-04,28852,MOE,Merchant Moe,0.02006712,0.0,0.0,coinmarketcap_data_api_listings_historical
2025-07-04,28863,GONE,GONE,1.58e-06,0.0,0.0,coinmarketcap_data_api_listings_historical
2025-07-04,28871,CODEX,CODEX,0.00130994,0.0,0.0,coinmarketcap_data_api_listings_historical
2025-07-04,28872,DOGE,SPACE DOGE,0.0,0.0,0.0,coinmarketcap_data_api_listings_historical
2025-07-04,28875,GROKMOON,Grok Moon,0.0,0.0,0.0,coinmarketcap_data_api_listings_historical
2025-07-04,28876,SOL10,SOLANA MEME TOKEN,1.454e-05,0.0,0.0,coinmarketcap_data_api_listings_historical
2025-07-04,28883,BORK,Bork,2.258e-05,0.0,0.0,coinmarketcap_data_api_listings_historical
2025-07-04,28886,BANANA,BananaCoin,0.0,0.0,0.0,coinmarketcap_data_api_listings_historical
2025-07-04,28888,DETF,Decentralized ETF,0.0041551,0.0,0.0,coinmarketcap_data_api_listings_historical
2025-07-04,28891,BRETT,Brett (SOL),0.00045083,0.0,0.0,coinmarketcap_data_api_listings_historical
2025-07-04,28892,PIF,pepewifhat,1.39e-06,0.0,0.0,coinmarketcap_data_api_listings_historical
2025-07-04,12510,DEFIDO,DeFido,0.0001605,0.0,0.0,coinmarketcap_data_api_listings_historical
2025-07-04,12513,DINO,Dino,0.00029011,0.0,0.0,coinmarketcap_data_api_listings_historical
2025-07-04,28899,BEAR,Bear Coin on Avax,1.2e-07,0.0,0.0,coinmarketcap_data_api_listings_historical
2025-07-04,28902,AI,AI PIN,0.00389579,0.0,0.0,coinmarketcap_data_api_listings_historical
2025-07-04,28917,BLOCK,Block,2.68e-05,0.0,0.0,coinmarketcap_data_api_listings_historical
2025-07-04,12537,BETA,PolyBeta Finance,0.12813265,0.0,0.0,coinmarketcap_data_api_listings_historical
2025-07-04,28923,BEE,BNBEE,0.00015518,0.0,0.0,coinmarketcap_data_api_listings_historical
2025-07-04,12549,DSG,Dinosaureggs,0.00020427,0.0,0.0,coinmarketcap_data_api_listings_historical
2025-07-04,28937,JOTCHUA,Perro Dinero,0.00018525,0.0,0.0,coinmarketcap_data_api_listings_historical
2025-07-04,28939,DRAGON,DragonCoin,0.0,0.0,0.0,coinmarketcap_data_api_listings_historical
2025-07-04,28940,OPX,Optimus X,0.0,0.0,0.0,coinmarketcap_data_api_listings_historical
2025-07-04,28943,DRAGON,BNB DRAGON,0.0,0.0,0.0,coinmarketcap_data_api_listings_historical
2025-07-04,28945,CC,CC,0.0016464,0.0,0.0,coinmarketcap_data_api_listings_historical
2025-07-04,12562,Mononoke-Inu,Mononoke Inu,0.0,0.0,0.0,coinmarketcap_data_api_listings_historical
2025-07-04,28949,SDOGE,SDOGE,5.2e-07,0.0,0.0,coinmarketcap_data_api_listings_historical
2025-07-04,12566,PINKSALE,PinkSale,255.31392367,0.0,0.0,coinmarketcap_data_api_listings_historical
2025-07-04,28953,PAI,Purple AI,0.05126939,0.0,0.0,coinmarketcap_data_api_listings_historical
2025-07-04,12576,GEIST,Geist Finance,5.917e-05,0.0,0.0,coinmarketcap_data_api_listings_historical
2025-07-04,28964,MILEI,MILEI Token,0.01076702,0.0,0.0,coinmarketcap_data_api_listings_historical
2025-07-04,12581,CZF,CZodiac Farming Token,0.0,0.0,0.0,coinmarketcap_data_api_listings_historical
2025-07-04,28967,EXE,Windoge98,0.11595174,0.0,0.0,coinmarketcap_data_api_listings_historical
2025-07-04,28968,MEOW,Zeek Coin,2.8e-07,0.0,0.0,coinmarketcap_data_api_listings_historical
2025-07-04,28973,OPSEC,OpSec,0.0062691,0.0,0.0,coinmarketcap_data_api_listings_historical
2025-07-04,12591,LUCHOW,LunaChow,2.3e-07,0.0,0.0,coinmarketcap_data_api_listings_historical
2025-07-04,28977,CRAZY,Crazy Frog,0.00010026,0.0,0.0,coinmarketcap_data_api_listings_historical
2025-07-04,12597,Liza,Liza Coin,0.16005881,0.0,0.0,coinmarketcap_data_api_listings_historical
2025-07-04,28983,BABYDRAGON,BABY DRAGON,0.0,0.0,0.0,coinmarketcap_data_api_listings_historical
2025-07-04,28990,MEMES,Solana Deployer,0.00030749,0.0,0.0,coinmarketcap_data_api_listings_historical
2025-07-04,12607,SLB,Solberg,0.00875953,0.0,0.0,coinmarketcap_data_api_listings_historical
2025-07-04,28994,YOTO,yotoshi,2.2e-07,0.0,0.0,coinmarketcap_data_api_listings_historical
2025-07-04,29002,SKIBIDI,Skibidi Toilet,1.4e-07,0.0,0.0,coinmarketcap_data_api_listings_historical
2025-07-04,29004,BURRRD,BURRRD,0.0,0.0,0.0,coinmarketcap_data_api_listings_historical
2025-07-04,29005,SONIC,Sonic,0.0413776,0.0,0.0,coinmarketcap_data_api_listings_historical
2025-07-04,29009,$BONG,Bong - Bonk's Brother,1.9e-07,0.0,0.0,coinmarketcap_data_api_listings_historical
2025-07-04,29013,DOGEGROKAI,Doge Of Grok AI,9.7e-07,0.0,0.0,coinmarketcap_data_api_listings_historical
2025-07-04,29014,CRAZYDRAGON,CRAZY DRAGON,0.0,0.0,0.0,coinmarketcap_data_api_listings_historical
2025-07-04,29021,BABYMYRO,Baby Myro,0.0,0.0,0.0,coinmarketcap_data_api_listings_historical
2025-07-04,29029,MYRA,Myra,9.209e-05,0.0,0.0,coinmarketcap_data_api_listings_historical
2025-07-04,12650,GAIA,GAIA Everworld,0.00047511,0.0,0.0,coinmarketcap_data_api_listings_historical
2025-07-04,29038,XPHX,PhoenixCo Token,0.00246456,0.0,0.0,coinmarketcap_data_api_listings_historical
2025-07-04,29039,TWD,THE WORD TOKEN,1.32e-06,0.0,0.0,coinmarketcap_data_api_listings_historical
2025-07-04,29041,XPE,Xpense,0.00356212,0.0,0.0,coinmarketcap_data_api_listings_historical
2025-07-04,29044,DRAGON,SPACE DRAGON,0.0,0.0,0.0,coinmarketcap_data_api_listings_historical
2025-07-04,29047,CHINU,Chinu,3.66e-05,0.0,0.0,coinmarketcap_data_api_listings_historical
2025-07-04,29056,FTHM,Fathom Protocol,0.00452699,0.0,0.0,coinmarketcap_data_api_listings_historical
2025-07-04,12675,DMD,Dark Matter DeFi,5.025e-05,0.0,0.0,coinmarketcap_data_api_listings_historical
2025-07-04,12682,DWEB,DecentraWeb,0.00658898,0.0,0.0,coinmarketcap_data_api_listings_historical
2025-07-04,29066,BULL,Bull Token,0.0,0.0,0.0,coinmarketcap_data_api_listings_historical
2025-07-04,29069,UP,TonUP,0.00111692,0.0,0.0,coinmarketcap_data_api_listings_historical
2025-07-04,12691,SAFLE,Safle,0.00070776,0.0,0.0,coinmarketcap_data_api_listings_historical
2025-07-04,29076,BABYDRAGON,Baby Dragon,0.0,0.0,0.0,coinmarketcap_data_api_listings_historical
2025-07-04,29077,SOLO,Solordi,7.547e-05,0.0,0.0,coinmarketcap_data_api_listings_historical
2025-07-04,12695,COLLAR,PolyPup Finance,0.00046189,0.0,0.0,coinmarketcap_data_api_listings_historical
2025-07-04,12698,NINJA,Ninja Protocol,0.0012751,0.0,0.0,coinmarketcap_data_api_listings_historical
2025-07-04,29084,PEPE,pepecoin on SOL,0.00010009,0.0,0.0,coinmarketcap_data_api_listings_historical
2025-07-04,12703,GYRO,Gyro,1.04759237,0.0,0.0,coinmarketcap_data_api_listings_historical
2025-07-04,29096,DOGE,ELON DOGE,0.0,0.0,0.0,coinmarketcap_data_api_listings_historical
2025-07-04,29098,BABYTOMCAT,Baby Tomcat,0.0,0.0,0.0,coinmarketcap_data_api_listings_historical
2025-07-04,29101,KINGBONK,King Bonk,0.0,0.0,0.0,coinmarketcap_data_api_listings_historical
2025-07-04,29103,REACH,/Reach,0.00059182,0.0,0.0,coinmarketcap_data_api_listings_historical
2025-07-04,29105,VONSPEED,Andrea Von Speed,7.492e-05,0.0,0.0,coinmarketcap_data_api_listings_historical
2025-07-04,29113,FENTANYL,Chinese Communist Dragon,4.18e-06,0.0,0.0,coinmarketcap_data_api_listings_historical
2025-07-04,12731,INET,Ideanet Token,0.01998519,0.0,0.0,coinmarketcap_data_api_listings_historical
2025-07-04,12735,PIGGY,Piggy Finance,0.00028991,0.0,0.0,coinmarketcap_data_api_listings_historical
2025-07-04,12739,RVL,Revolotto,0.03131965,0.0,0.0,coinmarketcap_data_api_listings_historical
2025-07-04,29126,KORRA,KORRA,0.00022529,0.0,0.0,coinmarketcap_data_api_listings_historical
2025-07-04,12743,ORE,Open Rights Exchange,0.00028286,0.0,0.0,coinmarketcap_data_api_listings_historical
2025-07-04,29143,SOLANA,HarryPotterWifHatMyroWynn10Inu,9.31e-06,0.0,0.0,coinmarketcap_data_api_listings_historical
2025-07-04,29145,BNBLION,BNB LION,0.0,0.0,0.0,coinmarketcap_data_api_listings_historical
2025-07-04,29146,ICG,Invest Club Global,1e-06,0.0,0.0,coinmarketcap_data_api_listings_historical
2025-07-04,12774,pWINGS,JetSwap pWings,4.4e-06,0.0,0.0,coinmarketcap_data_api_listings_historical
2025-07-04,29173,WSTOR,StorageChain,0.00099727,0.0,0.0,coinmarketcap_data_api_listings_historical
2025-07-04,29176,BTCINU,Bitcoin Inu,0.006507,0.0,0.0,coinmarketcap_data_api_listings_historical
2025-07-04,29178,XPAY,X Payments,0.00015039,0.0,0.0,coinmarketcap_data_api_listings_historical
2025-07-04,29179,RSTK,Restake Finance,0.00535787,0.0,0.0,coinmarketcap_data_api_listings_historical
2025-07-04,29188,CNG,CoinNavigator,3.82124044,0.0,0.0,coinmarketcap_data_api_listings_historical
2025-07-04,29190,NVX,NovaDEX,0.00012688,0.0,0.0,coinmarketcap_data_api_listings_historical
2025-07-04,29199,TUCKER,TUCKER CARLSON,4.8e-07,0.0,0.0,coinmarketcap_data_api_listings_historical
2025-07-04,29207,cNGN,Compliant Naira,0.00066524,0.0,0.0,coinmarketcap_data_api_listings_historical
2025-07-04,29209,BOOM,BOOM DAO,0.00109192,0.0,0.0,coinmarketcap_data_api_listings_historical
2025-07-04,12833,MECH,Mech Master,0.00047827,0.0,0.0,coinmarketcap_data_api_listings_historical
2025-07-04,29217,CHURRO,CHURRO-The Jupiter Dog,2.034e-05,0.0,0.0,coinmarketcap_data_api_listings_historical
2025-07-04,12836,AU,AutoCrypto,0.0161762,0.0,0.0,coinmarketcap_data_api_listings_historical
2025-07-04,29223,JAN,Storm Warfare,0.0024554,0.0,0.0,coinmarketcap_data_api_listings_historical
2025-07-04,29224,BURNS,Burnsdefi,0.00082422,0.0,0.0,coinmarketcap_data_api_listings_historical
2025-07-04,12843,GFN,Graphene,0.00025852,0.0,0.0,coinmarketcap_data_api_listings_historical
2025-07-04,29234,LION,CRAZY LION,0.0,0.0,0.0,coinmarketcap_data_api_listings_historical
2025-07-04,12851,BODAV2,BODA Token,0.0,0.0,0.0,coinmarketcap_data_api_listings_historical
2025-07-04,29236,GFOX,Galaxy Fox,3.325e-05,0.0,0.0,coinmarketcap_data_api_listings_historical
2025-07-04,29244,BABYLONG,BABYLONG,8e-08,0.0,0.0,coinmarketcap_data_api_listings_historical
2025-07-04,29252,CIRCLE,You Looked,0.00017376,0.0,0.0,coinmarketcap_data_api_listings_historical
2025-07-04,29269,GINGER,GINGER,1.7e-07,0.0,0.0,coinmarketcap_data_api_listings_historical
2025-07-04,12886,BLXM,bloXmove Token,0.00496784,0.0,0.0,coinmarketcap_data_api_listings_historical
2025-07-04,29272,NEOK,NEOKingdom DAO,1.08909277,0.0,0.0,coinmarketcap_data_api_listings_historical
2025-07-04,12889,HND,Hundred Finance,0.00591386,0.0,0.0,coinmarketcap_data_api_listings_historical
2025-07-04,29275,DRAGON,SUPER DRAGON,0.0,0.0,0.0,coinmarketcap_data_api_listings_historical
2025-07-04,29283,FAR,FarLaunch,8.14e-06,0.0,0.0,coinmarketcap_data_api_listings_historical
2025-07-04,29285,SHIBA 3.0,Shiba 3.0,0.0,0.0,0.0,coinmarketcap_data_api_listings_historical
2025-07-04,29287,BMX,BitMinerX,0.00566548,0.0,0.0,coinmarketcap_data_api_listings_historical
2025-07-04,12907,VIRES,Vires Finance,0.06207602,0.0,0.0,coinmarketcap_data_api_listings_historical
2025-07-04,29292,CASINU,Casinu Inu,9e-07,0.0,0.0,coinmarketcap_data_api_listings_historical
2025-07-04,29300,MARVIN,Marvin,0.00034309,0.0,0.0,coinmarketcap_data_api_listings_historical
2025-07-04,12919,UBI,Universal Basic Income,6.847e-05,0.0,0.0,coinmarketcap_data_api_listings_historical
2025-07-04,12920,NFTL,Nifty League,0.00022984,0.0,0.0,coinmarketcap_data_api_listings_historical
2025-07-04,12922,FINN,Huckleberry,0.01884573,0.0,0.0,coinmarketcap_data_api_listings_historical
2025-07-04,12924,XDOGE,XDoge Network,2.27e-06,0.0,0.0,coinmarketcap_data_api_listings_historical
2025-07-04,29308,BOZO,Bozo Benk,0.00316265,0.0,0.0,coinmarketcap_data_api_listings_historical
2025-07-04,29312,FORK,FlokiFork,1e-08,0.0,0.0,coinmarketcap_data_api_listings_historical
2025-07-04,12932,LBR,Little Bunny Rocket,0.0,0.0,0.0,coinmarketcap_data_api_listings_historical
2025-07-04,29320,ARBUZ,ARBUZ,0.02584508,0.0,0.0,coinmarketcap_data_api_listings_historical
2025-07-04,29326,YPC,YoungParrot V2,3.565e-05,0.0,0.0,coinmarketcap_data_api_listings_historical
2025-07-04,29330,BEBE,BEBE,0.0,0.0,0.0,coinmarketcap_data_api_listings_historical
2025-07-04,29332,CULO,CULO (Polygon),2e-08,0.0,0.0,coinmarketcap_data_api_listings_historical
2025-07-04,12954,VETTER,Vetter Token,3.866e-05,0.0,0.0,coinmarketcap_data_api_listings_historical
2025-07-04,12956,WE,Wanda Exchange,0.0029518,0.0,0.0,coinmarketcap_data_api_listings_historical
2025-07-04,29340,DRAGON,BLACK DRAGON,0.0,0.0,0.0,coinmarketcap_data_api_listings_historical
2025-07-04,29342,YES,YES,1.54702052,0.0,0.0,coinmarketcap_data_api_listings_historical
2025-07-04,12967,GM,GoldMiner,2.5e-07,0.0,0.0,coinmarketcap_data_api_listings_historical
2025-07-04,29351,CDOGE,cyberdoge,6.6e-07,0.0,0.0,coinmarketcap_data_api_listings_historical
2025-07-04,12972,DEUS,DEUS Finance,9.39970896,0.0,0.0,coinmarketcap_data_api_listings_historical
2025-07-04,29359,MYST,MYSTCL,41.44667215,0.0,0.0,coinmarketcap_data_api_listings_historical
2025-07-04,29366,DRAGON,WHITE DRAGON,0.0,0.0,0.0,coinmarketcap_data_api_listings_historical
2025-07-04,12983,PAWTH,Pawthereum,0.00049442,0.0,0.0,coinmarketcap_data_api_listings_historical
2025-07-04,29369,CATFISH,Catfish,3.415e-05,0.0,0.0,coinmarketcap_data_api_listings_historical
2025-07-04,29382,TRUMP,TRUMP,8.4e-07,0.0,0.0,coinmarketcap_data_api_listings_historical
2025-07-04,29383,GIGA,GigaChadGPT,0.00070197,0.0,0.0,coinmarketcap_data_api_listings_historical
2025-07-04,29390,UNMD,Utility Nexusmind,1.22488316,0.0,0.0,coinmarketcap_data_api_listings_historical
2025-07-04,29395,LENDS,Lends,0.00015015,0.0,0.0,coinmarketcap_data_api_listings_historical
2025-07-04,29397,SILLYCAT,Sillycat,0.0,0.0,0.0,coinmarketcap_data_api_listings_historical
2025-07-04,29398,KINGCAT,King Cat,0.0,0.0,0.0,coinmarketcap_data_api_listings_historical
2025-07-04,29403,DOGE,SUPER DOGE,0.0012846,0.0,0.0,coinmarketcap_data_api_listings_historical
2025-07-04,13020,1FLR,Flare Token,2.77e-06,0.0,0.0,coinmarketcap_data_api_listings_historical
2025-07-04,13021,MOO,Moola Market,0.00259061,0.0,0.0,coinmarketcap_data_api_listings_historical
2025-07-04,29412,SPYRO,SPYRO,1.1e-07,0.0,0.0,coinmarketcap_data_api_listings_historical
2025-07-04,29413,HSUI,Suicune,0.00183652,0.0,0.0,coinmarketcap_data_api_listings_historical
2025-07-04,13030,PGX,Pegaxy,0.00140098,0.0,0.0,coinmarketcap_data_api_listings_historical
2025-07-04,29418,RKR,REAKTOR,1.18e-06,0.0,0.0,coinmarketcap_data_api_listings_historical
2025-07-04,13037,MAGICK,Cosmic Universe Magick,0.00176846,0.0,0.0,coinmarketcap_data_api_listings_historical
2025-07-04,13038,STARS,StarLaunch,0.00741728,0.0,0.0,coinmarketcap_data_api_listings_historical
2025-07-04,13041,SOLAR,Solarbeam,0.08682925,0.0,0.0,coinmarketcap_data_api_listings_historical
2025-07-04,29448,JUGNI,JUGNI,0.00014597,0.0,0.0,coinmarketcap_data_api_listings_historical
2025-07-04,29451,MPIX,Megapix,1.556e-05,0.0,0.0,coinmarketcap_data_api_listings_historical
2025-07-04,13071,SGT,SquidGameToken,0.0,0.0,0.0,coinmarketcap_data_api_listings_historical
2025-07-04,13074,FLOKI,Baby Moon Floki,0.0,0.0,0.0,coinmarketcap_data_api_listings_historical
2025-07-04,13080,USX,dForce USD,0.99371288,0.0,0.0,coinmarketcap_data_api_listings_historical
2025-07-04,29468,EVERMOON,Evermoon,1.114e-05,0.0,0.0,coinmarketcap_data_api_listings_historical
2025-07-04,29469,CAT,SUPER CAT,0.0,0.0,0.0,coinmarketcap_data_api_listings_historical
2025-07-04,29473,MIM,Magic Internet Money,7.579e-05,0.0,0.0,coinmarketcap_data_api_listings_historical
2025-07-04,29475,BABYTROLL,Baby Troll,0.0,0.0,0.0,coinmarketcap_data_api_listings_historical
2025-07-04,13105,WARS,MetaWars,9.683e-05,0.0,0.0,coinmarketcap_data_api_listings_historical
2025-07-04,29492,MZERO,MetaZero,0.00447122,0.0,0.0,coinmarketcap_data_api_listings_historical
2025-07-04,29501,STZETA,ZetaEarn,0.18460763,0.0,0.0,coinmarketcap_data_api_listings_historical
2025-07-04,13118,YOSHI,Yoshi.exchange,0.00959364,0.0,0.0,coinmarketcap_data_api_listings_historical
2025-07-04,29508,VRSW,VirtuSwap,0.00016438,0.0,0.0,coinmarketcap_data_api_listings_historical
2025-07-04,29510,BAI,Balance AI,0.22326329,0.0,0.0,coinmarketcap_data_api_listings_historical
2025-07-04,29517,LUSH,Lush AI,0.00064947,0.0,0.0,coinmarketcap_data_api_listings_historical
2025-07-04,29518,CHAT,VectorChat.ai,0.01417258,0.0,0.0,coinmarketcap_data_api_listings_historical
2025-07-04,29527,TBANK,TaoBank,0.0032558,0.0,0.0,coinmarketcap_data_api_listings_historical
2025-07-04,29529,BNBSNAKE,BNB SNAKE,0.0,0.0,0.0,coinmarketcap_data_api_listings_historical
2025-07-04,29531,FXB,FxBox,9.1e-07,0.0,0.0,coinmarketcap_data_api_listings_historical
2025-07-04,29532,PTP,PulseTrailerPark,0.0,0.0,0.0,coinmarketcap_data_api_listings_historical
2025-07-04,29533,GTA,GTA Token,0.00356085,0.0,0.0,coinmarketcap_data_api_listings_historical
2025-07-04,29534,BNBVEGETA,BNB VEGETA,0.0,0.0,0.0,coinmarketcap_data_api_listings_historical
2025-07-04,29536,ORACLE,Oracle AI,0.00011056,0.0,0.0,coinmarketcap_data_api_listings_historical
2025-07-04,29539,SMURF,Real Smurf Cat - шайлушай,3.514e-05,0.0,0.0,coinmarketcap_data_api_listings_historical
2025-07-04,29540,GOKU,Goku,0.00033679,0.0,0.0,coinmarketcap_data_api_listings_historical
2025-07-04,29556,CHATGPT,AI Dragon,2.7e-07,0.0,0.0,coinmarketcap_data_api_listings_historical
2025-07-04,29561,TRUMP,MAGA,1.35e-05,0.0,0.0,coinmarketcap_data_api_listings_historical
2025-07-04,29563,BICS,Biceps,3.1e-07,0.0,0.0,coinmarketcap_data_api_listings_historical
2025-07-04,29570,DOGO,DOGO,1.45e-06,0.0,0.0,coinmarketcap_data_api_listings_historical
2025-07-04,13197,KNOX,KnoxDAO,0.00327289,0.0,0.0,coinmarketcap_data_api_listings_historical
2025-07-04,29583,NEURALINK,Neuralink,0.13041072,0.0,0.0,coinmarketcap_data_api_listings_historical
2025-07-04,29594,MINU,MINU 2.0,0.00140828,0.0,0.0,coinmarketcap_data_api_listings_historical
2025-07-04,29598,BD,BlastDEX,3.297e-05,0.0,0.0,coinmarketcap_data_api_listings_historical
2025-07-04,29601,PUMP,PUMP,0.01614539,0.0,0.0,coinmarketcap_data_api_listings_historical
2025-07-04,29604,FAN,Film.io,0.00057242,0.0,0.0,coinmarketcap_data_api_listings_historical
2025-07-04,29618,TOTO,TOTO,0.0,0.0,0.0,coinmarketcap_data_api_listings_historical
2025-07-04,29620,YES,YES Money,3.21502349,0.0,0.0,coinmarketcap_data_api_listings_historical
2025-07-04,13246,LQDR,LiquidDriver,0.2721096,0.0,0.0,coinmarketcap_data_api_listings_historical
2025-07-04,29631,NAO,Nettensor,0.00220132,0.0,0.0,coinmarketcap_data_api_listings_historical
2025-07-04,29633,GROW,ValleyDAO,0.30575093,0.0,0.0,coinmarketcap_data_api_listings_historical
2025-07-04,13250,SCAR,ScarQuest,0.00022977,0.0,0.0,coinmarketcap_data_api_listings_historical
2025-07-04,29641,CRAZYBONK,CRAZY BONK,0.00200464,0.0,0.0,coinmarketcap_data_api_listings_historical
2025-07-04,13265,FID,Fidira,0.00041644,0.0,0.0,coinmarketcap_data_api_listings_historical
2025-07-04,29650,BABYPEPE,Baby Pepe,3e-07,0.0,0.0,coinmarketcap_data_api_listings_historical
2025-07-04,29651,BIF,bonkwifhat,0.00011964,0.0,0.0,coinmarketcap_data_api_listings_historical
2025-07-04,29652,GVC,Global Virtual Coin,0.0047491,0.0,0.0,coinmarketcap_data_api_listings_historical
2025-07-04,29655,SEAT,Seamans Token,0.00027286,0.0,0.0,coinmarketcap_data_api_listings_historical
2025-07-04,29659,SHIBAAI,SHIBAAI,0.0,0.0,0.0,coinmarketcap_data_api_listings_historical
2025-07-04,13276,SQUID,Squid Game (squidgametoken.vip),0.000127,0.0,0.0,coinmarketcap_data_api_listings_historical
2025-07-04,29661,BFICGOLD,BFICGOLD,0.02001059,0.0,0.0,coinmarketcap_data_api_listings_historical
2025-07-04,29662,RYU,The Blue Dragon,0.0,0.0,0.0,coinmarketcap_data_api_listings_historical
2025-07-04,13286,CORGI,CorgiCoin,1.605e-05,0.0,0.0,coinmarketcap_data_api_listings_historical
2025-07-04,29671,VTRU,Vitruveo Bridged VTRU,0.04549188,0.0,0.0,coinmarketcap_data_api_listings_historical
2025-07-04,29673,DLY,Daily Finance,0.00069939,0.0,0.0,coinmarketcap_data_api_listings_historical
2025-07-04,29674,CYBONK,CYBONK,5.7e-07,0.0,0.0,coinmarketcap_data_api_listings_historical
2025-07-04,29678,BSTC,BST Chain,3.00059084,0.0,0.0,coinmarketcap_data_api_listings_historical
2025-07-04,29680,TECH,NumberGoUpTech,3.03e-06,0.0,0.0,coinmarketcap_data_api_listings_historical
2025-07-04,29685,BONK2.0,Bonk 2.0,0.0,0.0,0.0,coinmarketcap_data_api_listings_historical
2025-07-04,29707,LOAF,LOAF CAT,3.8e-07,0.0,0.0,coinmarketcap_data_api_listings_historical
2025-07-04,29710,ORBIT,Orbit Protocol,0.00079556,0.0,0.0,coinmarketcap_data_api_listings_historical
2025-07-04,29712,MK,Meme Kombat,0.00691742,0.0,0.0,coinmarketcap_data_api_listings_historical
2025-07-04,29720,DOGS,Doggensnout Skeptic,0.0,0.0,0.0,coinmarketcap_data_api_listings_historical
2025-07-04,13337,MCASH,MMScash,0.00998253,0.0,0.0,coinmarketcap_data_api_listings_historical
2025-07-04,29721,DFNDR,Defender Bot,0.00223788,0.0,0.0,coinmarketcap_data_api_listings_historical
2025-07-04,13342,SOUL,SoulSwap Finance,7.046e-05,0.0,0.0,coinmarketcap_data_api_listings_historical
2025-07-04,29728,RST,Raini Studios Token,0.00202179,0.0,0.0,coinmarketcap_data_api_listings_historical
2025-07-04,29730,BALLZ,Wolf Wif,5.123e-05,0.0,0.0,coinmarketcap_data_api_listings_historical
2025-07-04,29731,WHOREN,elizabath whoren,0.00045025,0.0,0.0,coinmarketcap_data_api_listings_historical
2025-07-04,13352,DINGER,Dinger Token,7.3e-07,0.0,0.0,coinmarketcap_data_api_listings_historical
2025-07-04,29746,TPU,TensorSpace,5.033e-05,0.0,0.0,coinmarketcap_data_api_listings_historical
2025-07-04,29764,SWIFTIES,Taylor Swift,0.00377523,0.0,0.0,coinmarketcap_data_api_listings_historical
2025-07-04,29772,EARN,HOLD,0.00266508,0.0,0.0,coinmarketcap_data_api_listings_historical
2025-07-04,29783,PEPE,SUPER PEPE,5.8e-07,0.0,0.0,coinmarketcap_data_api_listings_historical
2025-07-04,29785,LICK,LICKGOAT,7.8e-06,0.0,0.0,coinmarketcap_data_api_listings_historical
2025-07-04,13403,HWL,Howl City,1.127e-05,0.0,0.0,coinmarketcap_data_api_listings_historical
2025-07-04,29789,BOBO,BOBO,1.896e-05,0.0,0.0,coinmarketcap_data_api_listings_historical
2025-07-04,13411,TITA,Titan Hunters,3.86e-06,0.0,0.0,coinmarketcap_data_api_listings_historical
2025-07-04,29795,SI,Sealwifhat,3.584e-05,0.0,0.0,coinmarketcap_data_api_listings_historical
2025-07-04,29796,BABYWIF,babydogwifhat,6.751e-05,0.0,0.0,coinmarketcap_data_api_listings_historical
2025-07-04,29800,APEWIFHAT,ApeWifHat,0.0,0.0,0.0,coinmarketcap_data_api_listings_historical
2025-07-04,29801,POU,Pouwifhat,2.791e-05,0.0,0.0,coinmarketcap_data_api_listings_historical
2025-07-04,29804,GBOY,GameBoy,1.85e-05,0.0,0.0,coinmarketcap_data_api_listings_historical
2025-07-04,29805,GOO,Silly Goose,0.00022715,0.0,0.0,coinmarketcap_data_api_listings_historical
2025-07-04,29806,POU,Pou,0.00034215,0.0,0.0,coinmarketcap_data_api_listings_historical
2025-07-04,13425,CHAMP,NFT Champions,7.743e-05,0.0,0.0,coinmarketcap_data_api_listings_historical
2025-07-04,13431,AGX,Agricoin,0.00034975,0.0,0.0,coinmarketcap_data_api_listings_historical
2025-07-04,29816,PIGEON,Pigeon In Yellow Boots,2.116e-05,0.0,0.0,coinmarketcap_data_api_listings_historical
2025-07-04,29818,SORADOGE,Sora Doge,0.0,0.0,0.0,coinmarketcap_data_api_listings_historical
2025-07-04,13436,ELITE,ftm.guru,670.78089489,0.0,0.0,coinmarketcap_data_api_listings_historical
2025-07-04,29827,NEX,NEXUS,0.00021792,0.0,0.0,coinmarketcap_data_api_listings_historical
2025-07-04,29839,MGC,Meta Games Coin,1.47798484,0.0,0.0,coinmarketcap_data_api_listings_historical
2025-07-04,29844,MELANIA,Melania Trump Parody (melania.world),0.00408011,0.0,0.0,coinmarketcap_data_api_listings_historical
2025-07-04,29846,BABYSOL,Baby Solana,0.0009218,0.0,0.0,coinmarketcap_data_api_listings_historical
2025-07-04,29852,FAM,Family,2.571e-05,0.0,0.0,coinmarketcap_data_api_listings_historical
2025-07-04,29854,RED,Red The Mal,0.00070916,0.0,0.0,coinmarketcap_data_api_listings_historical
2025-07-04,13471,OCP,Omni Consumer Protocols,0.00374255,0.0,0.0,coinmarketcap_data_api_listings_historical
2025-07-04,29860,FLOKI,SUPER FLOKI,0.0,0.0,0.0,coinmarketcap_data_api_listings_historical
2025-07-04,29861,SOLAMB,SOLAMB,1.105e-05,0.0,0.0,coinmarketcap_data_api_listings_historical
2025-07-04,13479,WPC,WePiggy Coin,3.285e-05,0.0,0.0,coinmarketcap_data_api_listings_historical
2025-07-04,29863,TIGRA,Tigra,9.847e-05,0.0,0.0,coinmarketcap_data_api_listings_historical
2025-07-04,29865,SOLAR,Solar Swap,2.701e-05,0.0,0.0,coinmarketcap_data_api_listings_historical
2025-07-04,13485,SPY,Smarty Pay,0.00025917,0.0,0.0,coinmarketcap_data_api_listings_historical
2025-07-04,29877,ISHI,Ishi,2.8e-07,0.0,0.0,coinmarketcap_data_api_listings_historical
2025-07-04,29878,BESA,Besa Gaming,4.36e-06,0.0,0.0,coinmarketcap_data_api_listings_historical
2025-07-04,29885,SBF,Sam Bankmeme-Fried,0.00070822,0.0,0.0,coinmarketcap_data_api_listings_historical
2025-07-04,29888,FOTTIE,Fottie,4.5e-07,0.0,0.0,coinmarketcap_data_api_listings_historical
2025-07-04,29891,TRUMPEPE,Trump Pepe,0.0,0.0,0.0,coinmarketcap_data_api_listings_historical
2025-07-04,13518,OS,Ethereans,0.11468452,0.0,0.0,coinmarketcap_data_api_listings_historical
2025-07-04,29902,SOLY,Solamander,3.186e-05,0.0,0.0,coinmarketcap_data_api_listings_historical
2025-07-04,29904,BRIUN,Briun Armstrung,0.00030758,0.0,0.0,coinmarketcap_data_api_listings_historical
2025-07-04,29906,GB,Grand Base,0.00038745,0.0,0.0,coinmarketcap_data_api_listings_historical
2025-07-04,29907,EPEP,Epep,1.16e-05,0.0,0.0,coinmarketcap_data_api_listings_historical
2025-07-04,29914,SOLANA,Solana Beach,3.324e-05,0.0,0.0,coinmarketcap_data_api_listings_historical
2025-07-04,29915,XENO,Xeno,5.38e-06,0.0,0.0,coinmarketcap_data_api_listings_historical
2025-07-04,29921,SHRIMP,SHRIMP,0.00039837,0.0,0.0,coinmarketcap_data_api_listings_historical
2025-07-04,29925,ORBK,Ordibank,8.354e-05,0.0,0.0,coinmarketcap_data_api_listings_historical
2025-07-04,13542,SDT,Stabledoc,0.00143793,0.0,0.0,coinmarketcap_data_api_listings_historical
2025-07-04,13543,BMBO,Bamboo Coin,1.12e-06,0.0,0.0,coinmarketcap_data_api_listings_historical
2025-07-04,29929,ZEBU,ZEBU,4.046e-05,0.0,0.0,coinmarketcap_data_api_listings_historical
2025-07-04,29934,$TD,The Big Red,2.39e-06,0.0,0.0,coinmarketcap_data_api_listings_historical
2025-07-04,29937,SWIFTIES,SWIFTIES,0.00013054,0.0,0.0,coinmarketcap_data_api_listings_historical
2025-07-04,29941,MAGAIBA,Magaiba,6.344e-05,0.0,0.0,coinmarketcap_data_api_listings_historical
2025-07-04,13560,SBZ2.0,ShibaZilla2.0 (old),0.0,0.0,0.0,coinmarketcap_data_api_listings_historical
2025-07-04,29946,LOOPY,Loopy,6.31e-06,0.0,0.0,coinmarketcap_data_api_listings_historical
2025-07-04,29949,VCAT,Vibing Cat,0.0981434,0.0,0.0,coinmarketcap_data_api_listings_historical
2025-07-04,13567,SMRTR,SmarterCoin (SMRTr),4e-08,0.0,0.0,coinmarketcap_data_api_listings_historical
2025-07-04,29951,ANDY,Andy (SOL),0.00014303,0.0,0.0,coinmarketcap_data_api_listings_historical
2025-07-04,29954,PANO,PanoVerse,0.01108354,0.0,0.0,coinmarketcap_data_api_listings_historical
2025-07-04,29956,ETF,ETH Trust Fund,0.0,0.0,0.0,coinmarketcap_data_api_listings_historical
2025-07-04,29962,GRIM,GRIMREAPER,1.169e-05,0.0,0.0,coinmarketcap_data_api_listings_historical
2025-07-04,29972,BCOQ,BLACK COQINU,0.0,0.0,0.0,coinmarketcap_data_api_listings_historical
2025-07-04,29979,SAFEMOON,SAFEMOON SOLANA,3.489e-05,0.0,0.0,coinmarketcap_data_api_listings_historical
2025-07-04,29983,EXIT,EXIT Designer Token,2.65087338,0.0,0.0,coinmarketcap_data_api_listings_historical
2025-07-04,29985,CETI,Tao Ceτi,0.05006859,0.0,0.0,coinmarketcap_data_api_listings_historical
2025-07-04,29990,HARAMBE,Harambe Coin,1.5e-07,0.0,0.0,coinmarketcap_data_api_listings_historical
2025-07-04,29991,ETH,The Infinite Garden,0.00342443,0.0,0.0,coinmarketcap_data_api_listings_historical
2025-07-04,29994,KOL,KeyOfLife Multichain Store Of Value,0.42769659,0.0,0.0,coinmarketcap_data_api_listings_historical
2025-07-04,13618,SHIBGF,Shiba Girlfriend,0.0,0.0,0.0,coinmarketcap_data_api_listings_historical
2025-07-04,30002,BANX,Banx.gg,1.817e-05,0.0,0.0,coinmarketcap_data_api_listings_historical
2025-07-04,30003,BNBBONK,BNB BONK,0.0,0.0,0.0,coinmarketcap_data_api_listings_historical
2025-07-04,30013,BLOO,bloo foster coin,0.06393672,0.0,0.0,coinmarketcap_data_api_listings_historical
2025-07-04,13630,OOGI,OOGI,2.77e-06,0.0,0.0,coinmarketcap_data_api_listings_historical
2025-07-04,30018,HOKK,Hokkaidu Inu,0.0,0.0,0.0,coinmarketcap_data_api_listings_historical
2025-07-04,30024,ELECTRON,Electron (Bitcoin),0.00125432,0.0,0.0,coinmarketcap_data_api_listings_historical
2025-07-04,13643,CHLI,ChilliSwap,0.04491141,0.0,0.0,coinmarketcap_data_api_listings_historical
2025-07-04,30029,BENJI,Taylor Swift's Cat BENJI,8.224e-05,0.0,0.0,coinmarketcap_data_api_listings_historical
2025-07-04,13649,E8,Energy8,0.0,0.0,0.0,coinmarketcap_data_api_listings_historical
2025-07-04,30040,$BABA,Baba,5.662e-05,0.0,0.0,coinmarketcap_data_api_listings_historical
2025-07-04,30050,VIZION,ViZion Protocol,0.00029135,0.0,0.0,coinmarketcap_data_api_listings_historical
2025-07-04,30052,CHONK,Chonk The Cat,2.289e-05,0.0,0.0,coinmarketcap_data_api_listings_historical
2025-07-04,30054,HMKR,Hitmakr,0.00020281,0.0,0.0,coinmarketcap_data_api_listings_historical
2025-07-04,30056,ETH 3.0,ETH3.0,0.0,0.0,0.0,coinmarketcap_data_api_listings_historical
2025-07-04,30058,VIC,Value Interlocking exchange,7.36602798,0.0,0.0,coinmarketcap_data_api_listings_historical
2025-07-04,30060,DUCK,DuckCoin,0.0003306,0.0,0.0,coinmarketcap_data_api_listings_historical
2025-07-04,30061,PEPESORA,Pepe Sora AI,2.214e-05,0.0,0.0,coinmarketcap_data_api_listings_historical
2025-07-04,30064,BABYBOME,Book of Baby Memes,0.0,0.0,0.0,coinmarketcap_data_api_listings_historical
2025-07-04,30072,FBG,Fort Block Games,0.02051393,0.0,0.0,coinmarketcap_data_api_listings_historical
2025-07-04,30082,CATWIF,Cat wif Hands,1.8e-07,0.0,0.0,coinmarketcap_data_api_listings_historical
2025-07-04,30091,FOMO,Fomo Base,1.182e-05,0.0,0.0,coinmarketcap_data_api_listings_historical
2025-07-04,30098,BIRDDOG,Bird Dog,0.00024962,0.0,0.0,coinmarketcap_data_api_listings_historical
2025-07-04,30105,SHIB,ShibaInu On Solana,2.843e-05,0.0,0.0,coinmarketcap_data_api_listings_historical
2025-07-04,30113,TINU,Ton Inu,7.323e-05,0.0,0.0,coinmarketcap_data_api_listings_historical
2025-07-04,30118,TGRAM,TG20 TGram,2.1e-07,0.0,0.0,coinmarketcap_data_api_listings_historical
2025-07-04,13735,SDOGE,SolDoge,9.37e-06,0.0,0.0,coinmarketcap_data_api_listings_historical
2025-07-04,30122,PLANE,Paper Plane,0.00157357,0.0,0.0,coinmarketcap_data_api_listings_historical
2025-07-04,30123,TONY,TONY THE DUCK,8.476e-05,0.0,0.0,coinmarketcap_data_api_listings_historical
2025-07-04,30128,WIK,Wicked Bet,0.00385609,0.0,0.0,coinmarketcap_data_api_listings_historical
2025-07-04,13746,FLOOF,FLOOF,1.2e-07,0.0,0.0,coinmarketcap_data_api_listings_historical
2025-07-04,30130,SHIV,Shiva Inu,1e-08,0.0,0.0,coinmarketcap_data_api_listings_historical
2025-07-04,30132,BASE,BrianArmstrongCoinbaseUSDC2012,8.3e-07,0.0,0.0,coinmarketcap_data_api_listings_historical
2025-07-04,13751,LICO,Liquid Collectibles,8.708e-05,0.0,0.0,coinmarketcap_data_api_listings_historical
2025-07-04,30135,BLERF,BLERF,3.2e-06,0.0,0.0,coinmarketcap_data_api_listings_historical
2025-07-04,30136,CAT,CAT COIN,0.0,0.0,0.0,coinmarketcap_data_api_listings_historical
2025-07-04,30141,TYBGS,Base Goddess,1.4e-07,0.0,0.0,coinmarketcap_data_api_listings_historical
2025-07-04,13760,SHIBARMY,Shib Army,0.0,0.0,0.0,coinmarketcap_data_api_listings_historical
2025-07-04,30147,YIKES,Yikes Dog,1.047e-05,0.0,0.0,coinmarketcap_data_api_listings_historical
2025-07-04,13768,ERW,ZeLoop Eco Reward,7.3e-07,0.0,0.0,coinmarketcap_data_api_listings_historical
2025-07-04,30162,CAN,canwifhat,0.00062027,0.0,0.0,coinmarketcap_data_api_listings_historical
2025-07-04,13783,AFRO,Afrostar,0.0,0.0,0.0,coinmarketcap_data_api_listings_historical
2025-07-04,30167,ATM,ATM (ATMcoin.top),5e-08,0.0,0.0,coinmarketcap_data_api_listings_historical
2025-07-04,30172,STREAM,Solstream,0.00243363,0.0,0.0,coinmarketcap_data_api_listings_historical
2025-07-04,30178,TSA,TensorScan AI,0.06520314,0.0,0.0,coinmarketcap_data_api_listings_historical
2025-07-04,30187,REX,Rex,0.00015655,0.0,0.0,coinmarketcap_data_api_listings_historical
2025-07-04,30191,MOON,MOON INU,0.0,0.0,0.0,coinmarketcap_data_api_listings_historical
2025-07-04,13808,CPOO,Cockapoo,1.2e-07,0.0,0.0,coinmarketcap_data_api_listings_historical
2025-07-04,30197,SYNO,Syno Finance,0.00053105,0.0,0.0,coinmarketcap_data_api_listings_historical
2025-07-04,30201,DIG,Doge In Glasses,0.00110097,0.0,0.0,coinmarketcap_data_api_listings_historical
2025-07-04,30202,BNBFLOKI,BNB FLOKI,0.0,0.0,0.0,coinmarketcap_data_api_listings_historical
2025-07-04,30209,CATEX,CATEX,2.2e-07,0.0,0.0,coinmarketcap_data_api_listings_historical
2025-07-04,30213,BOOK,Solbook,0.00309583,0.0,0.0,coinmarketcap_data_api_listings_historical
2025-07-04,30220,ROCK,BLACK ROCK,5.43e-06,0.0,0.0,coinmarketcap_data_api_listings_historical
2025-07-04,13842,BSCAKE,Bunscake,7.4e-07,0.0,0.0,coinmarketcap_data_api_listings_historical
2025-07-04,13850,SANTA,Santa Coin,0.0,0.0,0.0,coinmarketcap_data_api_listings_historical
2025-07-04,30234,CATWIF,CatWifHat,0.00013186,0.0,0.0,coinmarketcap_data_api_listings_historical
2025-07-04,30237,AGO,AgoDefi,0.00072306,0.0,0.0,coinmarketcap_data_api_listings_historical
2025-07-04,30239,FILES,Solfiles,0.0002794,0.0,0.0,coinmarketcap_data_api_listings_historical
2025-07-04,30241,MEAT,Meat,1.07e-06,0.0,0.0,coinmarketcap_data_api_listings_historical
2025-07-04,30249,KNOB,KNOB$,2.12e-06,0.0,0.0,coinmarketcap_data_api_listings_historical
2025-07-04,30253,FLOKI,CRAZY FLOKI,0.0,0.0,0.0,coinmarketcap_data_api_listings_historical
2025-07-04,13874,GAMI,GAMI World,0.0110615,0.0,0.0,coinmarketcap_data_api_listings_historical
2025-07-04,30258,GMNT,Gmining,2.57e-05,0.0,0.0,coinmarketcap_data_api_listings_historical
2025-07-04,30263,DAW,DAWKOINS,6.025e-05,0.0,0.0,coinmarketcap_data_api_listings_historical
2025-07-04,30273,SUBF,Super Best Friends,0.0,0.0,0.0,coinmarketcap_data_api_listings_historical
2025-07-04,30295,AAZ,ATLAZ,4.53927723,0.0,0.0,coinmarketcap_data_api_listings_historical
2025-07-04,30298,CRMS,Cryptomus,0.98240372,0.0,0.0,coinmarketcap_data_api_listings_historical
2025-07-04,30301,LIGMA,Ligma Node,3.326e-05,0.0,0.0,coinmarketcap_data_api_listings_historical
2025-07-04,30312,CHUCHU,CHUCHU,0.03413492,0.0,0.0,coinmarketcap_data_api_listings_historical
2025-07-04,30314,ZEDX,ZEDXION,0.39881554,0.0,0.0,coinmarketcap_data_api_listings_historical
2025-07-04,30317,PLEB,PLEB,2.786e-05,0.0,0.0,coinmarketcap_data_api_listings_historical
2025-07-04,30319,BASED,BASEDChad,6.952e-05,0.0,0.0,coinmarketcap_data_api_listings_historical
2025-07-04,13936,Ari10,Ari10,0.0005941,0.0,0.0,coinmarketcap_data_api_listings_historical
2025-07-04,30323,BOE,Boe,3.959e-05,0.0,0.0,coinmarketcap_data_api_listings_historical
2025-07-04,30324,POOP,Poopcoin,0.00012944,0.0,0.0,coinmarketcap_data_api_listings_historical
2025-07-04,30326,CAT,TOP CAT,0.0,0.0,0.0,coinmarketcap_data_api_listings_historical
2025-07-04,13943,GINZA,GINZA NETWORK,0.00050376,0.0,0.0,coinmarketcap_data_api_listings_historical
2025-07-04,30327,JEET,Jeet,1.426e-05,0.0,0.0,coinmarketcap_data_api_listings_historical
2025-07-04,30330,JUICE,Juice,0.0590149,0.0,0.0,coinmarketcap_data_api_listings_historical
2025-07-04,30331,HOBA,Honey Badger,0.08838336,0.0,0.0,coinmarketcap_data_api_listings_historical
2025-07-04,30332,BANANA,World Record Banana,1.54e-06,0.0,0.0,coinmarketcap_data_api_listings_historical
2025-07-04,30336,INFRA,infraX,4.33634832,0.0,0.0,coinmarketcap_data_api_listings_historical
2025-07-04,30341,PEPE,Pepe,0.00010843,0.0,0.0,coinmarketcap_data_api_listings_historical
2025-07-04,30346,WASD,WASD Studios,0.00029332,0.0,0.0,coinmarketcap_data_api_listings_historical
2025-07-04,30351,DPLN,DePlan,0.01005554,0.0,0.0,coinmarketcap_data_api_listings_historical
2025-07-04,30352,CMPT,Spatial Computing,0.32127061,0.0,0.0,coinmarketcap_data_api_listings_historical
2025-07-04,30354,GATSBY,Gatsby,0.0,0.0,0.0,coinmarketcap_data_api_listings_historical
2025-07-04,30355,DCM,Ducky City,1.594e-05,0.0,0.0,coinmarketcap_data_api_listings_historical
2025-07-04,30363,SGT,Shill Guard Token,0.00079258,0.0,0.0,coinmarketcap_data_api_listings_historical
2025-07-04,30366,UPTOS,UPTOS,5.1e-07,0.0,0.0,coinmarketcap_data_api_listings_historical
2025-07-04,13987,DYOR,DYOR Token,2.12e-06,0.0,0.0,coinmarketcap_data_api_listings_historical
2025-07-04,30374,PEACH,Based Peaches,2.139e-05,0.0,0.0,coinmarketcap_data_api_listings_historical
2025-07-04,30376,ANDY,AndyBlast,0.00296527,0.0,0.0,coinmarketcap_data_api_listings_historical
2025-07-04,30379,MOCHICAT,MochiCat,1.794e-05,0.0,0.0,coinmarketcap_data_api_listings_historical
2025-07-04,30382,SCAT,Selfie Cat,1.453e-05,0.0,0.0,coinmarketcap_data_api_listings_historical
2025-07-04,30385,BOGE,Boge,4.769e-05,0.0,0.0,coinmarketcap_data_api_listings_historical
2025-07-04,30408,BTCAT,Bitcoin Cat,0.0,0.0,0.0,coinmarketcap_data_api_listings_historical
2025-07-04,14027,SB,Snowbank,220.72127231,0.0,0.0,coinmarketcap_data_api_listings_historical
2025-07-04,30411,DODO,DODO,0.08248439,0.0,0.0,coinmarketcap_data_api_listings_historical
2025-07-04,30416,CAT,TOM CAT,0.0,0.0,0.0,coinmarketcap_data_api_listings_historical
2025-07-04,30422,KOIN,Fishkoin,3e-08,0.0,0.0,coinmarketcap_data_api_listings_historical
2025-07-04,30423,BABYCAT,Baby Cat,0.0,0.0,0.0,coinmarketcap_data_api_listings_historical
2025-07-04,30432,GEMAI,Next Gem AI,0.00042155,0.0,0.0,coinmarketcap_data_api_listings_historical
2025-07-04,30442,SHIBK,ShibaKeanu,0.0,0.0,0.0,coinmarketcap_data_api_listings_historical
2025-07-04,30445,MOGGO,MOGGO,0.01015433,0.0,0.0,coinmarketcap_data_api_listings_historical
2025-07-04,30446,BUL,bul,7e-08,0.0,0.0,coinmarketcap_data_api_listings_historical
2025-07-04,14063,FHM,FantOHM,0.03270268,0.0,0.0,coinmarketcap_data_api_listings_historical
2025-07-04,30447,SPDR,Spiderswap,0.00591866,0.0,0.0,coinmarketcap_data_api_listings_historical
2025-07-04,30450,PINK,Pink,0.00018772,0.0,0.0,coinmarketcap_data_api_listings_historical
2025-07-04,30452,FLY,Fluidity,0.00435897,0.0,0.0,coinmarketcap_data_api_listings_historical
2025-07-04,14069,FIA,FIA Protocol,3.882e-05,0.0,0.0,coinmarketcap_data_api_listings_historical
2025-07-04,30456,COOL,coolcat,3.912e-05,0.0,0.0,coinmarketcap_data_api_listings_historical
2025-07-04,30461,CATME,ELON’S CAT,0.0,0.0,0.0,coinmarketcap_data_api_listings_historical
2025-07-04,30463,BASEAI,BaseAI,0.000185,0.0,0.0,coinmarketcap_data_api_listings_historical
2025-07-04,30473,PEPECASH,PEPECASH,0.0,0.0,0.0,coinmarketcap_data_api_listings_historical
2025-07-04,30477,GROKCAT,Grok Cat,3.64e-06,0.0,0.0,coinmarketcap_data_api_listings_historical
2025-07-04,30478,CAT,CAT INU,0.0,0.0,0.0,coinmarketcap_data_api_listings_historical
2025-07-04,30481,XTO,EXTOCIUM,0.00733895,0.0,0.0,coinmarketcap_data_api_listings_historical
2025-07-04,30482,SOLX,Sol X,0.00026052,0.0,0.0,coinmarketcap_data_api_listings_historical
2025-07-04,14114,SA,Superalgos,0.00084276,0.0,0.0,coinmarketcap_data_api_listings_historical
2025-07-04,30499,PRZS,Perezoso,0.0,0.0,0.0,coinmarketcap_data_api_listings_historical
2025-07-04,30502,$DAUMEN,Daumenfrosch,0.01818913,0.0,0.0,coinmarketcap_data_api_listings_historical
2025-07-04,14119,CHFU,Upper Swiss Franc,0.97927416,0.0,0.0,coinmarketcap_data_api_listings_historical
2025-07-04,30507,ZED,ZedDex,0.34016032,0.0,0.0,coinmarketcap_data_api_listings_historical
2025-07-04,30539,BONKFA,Bonk of America,2.973e-05,0.0,0.0,coinmarketcap_data_api_listings_historical
2025-07-04,30548,DOGE,MOON DOGE,0.0,0.0,0.0,coinmarketcap_data_api_listings_historical
2025-07-04,30549,BOSHI,Boshi,8.629e-05,0.0,0.0,coinmarketcap_data_api_listings_historical
2025-07-04,30557,NEGED,Neged,2.553e-05,0.0,0.0,coinmarketcap_data_api_listings_historical
2025-07-04,30562,SB,Solbank,1.184e-05,0.0,0.0,coinmarketcap_data_api_listings_historical
2025-07-04,30572,CROB,Crob Coin,0.01239759,0.0,0.0,coinmarketcap_data_api_listings_historical
2025-07-04,30574,WMN,WebMind Network,2.293e-05,0.0,0.0,coinmarketcap_data_api_listings_historical
2025-07-04,30577,GDT,Gradient,0.01936856,0.0,0.0,coinmarketcap_data_api_listings_historical
2025-07-04,30586,BOPE,Book of Pepe,1.5e-07,0.0,0.0,coinmarketcap_data_api_listings_historical
2025-07-04,14205,WKD,Wakanda Inu,0.0,0.0,0.0,coinmarketcap_data_api_listings_historical
2025-07-04,30593,LUIS,Tongue Cat,2.916e-05,0.0,0.0,coinmarketcap_data_api_listings_historical
2025-07-04,30597,CCC,Cute Cat Candle,0.0,0.0,0.0,coinmarketcap_data_api_listings_historical
2025-07-04,30602,FOX,Foxify,0.18304511,0.0,0.0,coinmarketcap_data_api_listings_historical
2025-07-04,14222,ISHND,StrongHands Finance,0.00161393,0.0,0.0,coinmarketcap_data_api_listings_historical
2025-07-04,30607,KING,King Of Memes,1e-07,0.0,0.0,coinmarketcap_data_api_listings_historical
2025-07-04,30610,QUACK,QUACK,6.92e-06,0.0,0.0,coinmarketcap_data_api_listings_historical
2025-07-04,30611,BON,BOOK OF NOTHING,1.742e-05,0.0,0.0,coinmarketcap_data_api_listings_historical
2025-07-04,30613,ICC,Indian Call Center,2.711e-05,0.0,0.0,coinmarketcap_data_api_listings_historical
2025-07-04,30615,MBTC,Mini Bitcoin,1.40311793,0.0,0.0,coinmarketcap_data_api_listings_historical
2025-07-04,30618,OIL,CRUDE OIL BRENT (Zedcex),69.30907729,0.0,0.0,coinmarketcap_data_api_listings_historical
2025-07-04,30620,WALLY,Wally The Whale,2e-08,0.0,0.0,coinmarketcap_data_api_listings_historical
2025-07-04,30625,AGT,Ageio Stagnum,0.00034048,0.0,0.0,coinmarketcap_data_api_listings_historical
2025-07-04,30633,GBE,Gambex,0.74228653,0.0,0.0,coinmarketcap_data_api_listings_historical
2025-07-04,30635,PIG,Pigcoin,4e-08,0.0,0.0,coinmarketcap_data_api_listings_historical
2025-07-04,14253,BABY,Baby Samo Coin,2.32e-06,0.0,0.0,coinmarketcap_data_api_listings_historical
2025-07-04,30638,CAT,MOON CAT,0.0,0.0,0.0,coinmarketcap_data_api_listings_historical
2025-07-04,14256,QDROP,QuizDrop,0.0330083,0.0,0.0,coinmarketcap_data_api_listings_historical
2025-07-04,30642,CEICAT,CEILING CAT,4.433e-05,0.0,0.0,coinmarketcap_data_api_listings_historical
2025-07-04,30652,MEDIA,Solmedia,0.00039097,0.0,0.0,coinmarketcap_data_api_listings_historical
2025-07-04,30654,GCAT,Giga Cat on Base,2.931e-05,0.0,0.0,coinmarketcap_data_api_listings_historical
2025-07-04,14275,GFT,Game Fantasy Token,0.01005114,0.0,0.0,coinmarketcap_data_api_listings_historical
2025-07-04,14276,ZM,ZoomSwap,0.00124124,0.0,0.0,coinmarketcap_data_api_listings_historical
2025-07-04,30662,PAC,PacMoon,0.0003648,0.0,0.0,coinmarketcap_data_api_listings_historical
2025-07-04,30663,BROGG,Brett's Dog,0.0182051,0.0,0.0,coinmarketcap_data_api_listings_historical
2025-07-04,30665,BRETT,Brett On ETH,0.00523547,0.0,0.0,coinmarketcap_data_api_listings_historical
2025-07-04,30672,BANK,Bank,0.0,0.0,0.0,coinmarketcap_data_api_listings_historical
2025-07-04,30686,NITEFEEDER,Nitefeeder,0.0,0.0,0.0,coinmarketcap_data_api_listings_historical
2025-07-04,30688,$BLUE,blue on base,3e-08,0.0,0.0,coinmarketcap_data_api_listings_historical
2025-07-04,30689,AOC,Alickshundra Occasional-Cortex,2.696e-05,0.0,0.0,coinmarketcap_data_api_listings_historical
2025-07-04,30691,CAT,WHALES CAT,0.0,0.0,0.0,coinmarketcap_data_api_listings_historical
2025-07-04,30696,SHORK,shork,0.00017432,0.0,0.0,coinmarketcap_data_api_listings_historical
2025-07-04,30697,SPEEDY,Speedy,3e-08,0.0,0.0,coinmarketcap_data_api_listings_historical
2025-07-04,30701,NOBL,NOBLEBLOCKS,0.00101784,0.0,0.0,coinmarketcap_data_api_listings_historical
2025-07-04,30702,DD,Diment Dollar,0.09017363,0.0,0.0,coinmarketcap_data_api_listings_historical
2025-07-04,30703,BODA,Based Yoda,1.88e-06,0.0,0.0,coinmarketcap_data_api_listings_historical
2025-07-04,30713,DEEPAI,Deep Whales AI,0.00523659,0.0,0.0,coinmarketcap_data_api_listings_historical
2025-07-04,30716,BSB,Based Street Bets,6.1e-07,0.0,0.0,coinmarketcap_data_api_listings_historical
2025-07-04,30727,POODL,Poodl Inu,1.218e-05,0.0,0.0,coinmarketcap_data_api_listings_historical
2025-07-04,30731,SNA,SUKUYANA,0.0,0.0,0.0,coinmarketcap_data_api_listings_historical
2025-07-04,14349,TUT,Tutellus,0.01375406,0.0,0.0,coinmarketcap_data_api_listings_historical
2025-07-04,14362,ICONS,SportsIcon,0.00926169,0.0,0.0,coinmarketcap_data_api_listings_historical
2025-07-04,14363,GCAKE,Pancake Games,4e-08,0.0,0.0,coinmarketcap_data_api_listings_historical
2025-07-04,30762,TONALD,Tonald Trump,5.868e-05,0.0,0.0,coinmarketcap_data_api_listings_historical
2025-07-04,30764,CONDO,CONDO,0.00029504,0.0,0.0,coinmarketcap_data_api_listings_historical
2025-07-04,14382,KITTY,Kitty Solana,0.0,0.0,0.0,coinmarketcap_data_api_listings_historical
2025-07-04,30775,MEREDITH,Taylor Swift's Cat MEREDITH,5.35e-06,0.0,0.0,coinmarketcap_data_api_listings_historical
2025-07-04,30776,CFT,CANNFINITY,0.01173993,0.0,0.0,coinmarketcap_data_api_listings_historical
2025-07-04,30779,$NOTINU,NOTCOIN INU,3.1e-07,0.0,0.0,coinmarketcap_data_api_listings_historical
2025-07-04,30780,WOLF,Landwolf (firstlandwolfeth),4.49e-06,0.0,0.0,coinmarketcap_data_api_listings_historical
2025-07-04,14397,DCAU,Dragon Crypto Aurum,0.79918891,0.0,0.0,coinmarketcap_data_api_listings_historical
2025-07-04,30787,BIRDDOG,Bird Dog,3.24e-06,0.0,0.0,coinmarketcap_data_api_listings_historical
2025-07-04,14404,ECC,Etherconnect,6.341e-05,0.0,0.0,coinmarketcap_data_api_listings_historical
2025-07-04,30788,WEB3,Web3 TON Token,0.03559191,0.0,0.0,coinmarketcap_data_api_listings_historical
2025-07-04,30814,ERIC,Elon's Pet Fish ERIC,0.00121402,0.0,0.0,coinmarketcap_data_api_listings_historical
2025-07-04,30821,NINJA,Shinobi,6.909e-05,0.0,0.0,coinmarketcap_data_api_listings_historical
2025-07-04,30823,KIT,Kitsune,1.437e-05,0.0,0.0,coinmarketcap_data_api_listings_historical
2025-07-04,30824,WOLF,Landwolf (Base),0.0,0.0,0.0,coinmarketcap_data_api_listings_historical
2025-07-04,30827,SPOT,Defispot,0.0,0.0,0.0,coinmarketcap_data_api_listings_historical
2025-07-04,14447,SWOLE,Swole Doge,8.2e-07,0.0,0.0,coinmarketcap_data_api_listings_historical
2025-07-04,14449,JaiHo,JaiHo,0.0005965,0.0,0.0,coinmarketcap_data_api_listings_historical
2025-07-04,14452,THC,Transhuman Coin,7.68e-05,0.0,0.0,coinmarketcap_data_api_listings_historical
2025-07-04,30840,CHEWY,Chewy,5.2e-07,0.0,0.0,coinmarketcap_data_api_listings_historical
2025-07-04,14461,SPHYNX,Sphynx Labs,0.00083557,0.0,0.0,coinmarketcap_data_api_listings_historical
2025-07-04,30845,MEM,Not Meme,0.0001691,0.0,0.0,coinmarketcap_data_api_listings_historical
2025-07-04,14463,REAL,Realy,0.00242063,0.0,0.0,coinmarketcap_data_api_listings_historical
2025-07-04,30852,DOGE,WHALES DOGE,0.0,0.0,0.0,coinmarketcap_data_api_listings_historical
2025-07-04,14490,BTH,Bit Hotel,0.00016819,0.0,0.0,coinmarketcap_data_api_listings_historical
2025-07-04,30874,CHEERS,DICAPRIO CHEERS,6.144e-05,0.0,0.0,coinmarketcap_data_api_listings_historical
2025-07-04,14492,NMSP,Nemesis PRO,0.92104173,0.0,0.0,coinmarketcap_data_api_listings_historical
2025-07-04,30878,DICK,adDICKted,0.00074061,0.0,0.0,coinmarketcap_data_api_listings_historical
2025-07-04,30882,ABI,AB DEFI,11.66687338,0.0,0.0,coinmarketcap_data_api_listings_historical
2025-07-04,30885,JELLI,JELLI,0.0002603,0.0,0.0,coinmarketcap_data_api_listings_historical
2025-07-04,30886,CONAN,Conan,2.4e-07,0.0,0.0,coinmarketcap_data_api_listings_historical
2025-07-04,30887,DOGEGROK,Doge Grok,0.0,0.0,0.0,coinmarketcap_data_api_listings_historical
2025-07-04,14516,DAL,DAOLaunch,0.0026118,0.0,0.0,coinmarketcap_data_api_listings_historical
2025-07-04,30910,BUNNY,BasedBunny,1.684e-05,0.0,0.0,coinmarketcap_data_api_listings_historical
2025-07-04,30911,SNORT,SNORT,0.00012505,0.0,0.0,coinmarketcap_data_api_listings_historical
2025-07-04,30914,BOYSCLUB,Matt Furie's Boys Club,0.00301338,0.0,0.0,coinmarketcap_data_api_listings_historical
2025-07-04,30917,BDROP,BlockDrop,0.00056668,0.0,0.0,coinmarketcap_data_api_listings_historical
2025-07-04,30919,B01,b0rder1ess,0.10439343,0.0,0.0,coinmarketcap_data_api_listings_historical
2025-07-04,30920,LUBE,Joe Lube Coin,4.82e-06,0.0,0.0,coinmarketcap_data_api_listings_historical
2025-07-04,14541,HDV,Hydraverse,1.398e-05,0.0,0.0,coinmarketcap_data_api_listings_historical
2025-07-04,30925,PLEB,Plebz,0.0,0.0,0.0,coinmarketcap_data_api_listings_historical
2025-07-04,30932,SANSHU!,SANSHU!,0.00026776,0.0,0.0,coinmarketcap_data_api_listings_historical
2025-07-04,30936,NORMIE,NORMIE,0.00166709,0.0,0.0,coinmarketcap_data_api_listings_historical
2025-07-04,14553,PANDA,Panda Coin,3.75e-06,0.0,0.0,coinmarketcap_data_api_listings_historical
2025-07-04,14557,CIND,Cindrum,1.1e-05,0.0,0.0,coinmarketcap_data_api_listings_historical
2025-07-04,30941,DOGE20,Dogecoin20,6.27e-06,0.0,0.0,coinmarketcap_data_api_listings_historical
2025-07-04,30965,CRYO,CryoDAO,0.38463809,0.0,0.0,coinmarketcap_data_api_listings_historical
2025-07-04,14587,CAVE,Crypto Cavemen Club,0.00941537,0.0,0.0,coinmarketcap_data_api_listings_historical
2025-07-04,30977,DINU,Doge Inu,0.0,0.0,0.0,coinmarketcap_data_api_listings_historical
2025-07-04,14599,PWT,PANDAINU,4.3e-07,0.0,0.0,coinmarketcap_data_api_listings_historical
2025-07-04,30992,ORBI,Orbital7,3.245e-05,0.0,0.0,coinmarketcap_data_api_listings_historical
2025-07-04,30993,STOG,Stooges,9.539e-05,0.0,0.0,coinmarketcap_data_api_listings_historical
2025-07-04,14611,RICE,Rice Wallet,0.00091566,0.0,0.0,coinmarketcap_data_api_listings_historical
2025-07-04,30995,FLUFFYS,Fluffys,0.00097426,0.0,0.0,coinmarketcap_data_api_listings_historical
2025-07-04,30996,WAI,AI Waifu,0.09020905,0.0,0.0,coinmarketcap_data_api_listings_historical
2025-07-04,30997,BIAO,Biao Coin,1.046e-05,0.0,0.0,coinmarketcap_data_api_listings_historical
2025-07-04,31007,BIRDDOG,BIRDDOG,5.1e-07,0.0,0.0,coinmarketcap_data_api_listings_historical
2025-07-04,14625,CRONA,CronaSwap,0.00031013,0.0,0.0,coinmarketcap_data_api_listings_historical
2025-07-04,31009,WORK,Worken,0.000204,0.0,0.0,coinmarketcap_data_api_listings_historical
2025-07-04,14627,SONAR,SonarWatch,0.00580107,0.0,0.0,coinmarketcap_data_api_listings_historical
2025-07-04,14631,NOTE,Notional Finance,0.02323628,0.0,0.0,coinmarketcap_data_api_listings_historical
2025-07-04,31021,BRITT,Britt,0.00010662,0.0,0.0,coinmarketcap_data_api_listings_historical
2025-07-04,14651,WCS,Weecoins,0.02966461,0.0,0.0,coinmarketcap_data_api_listings_historical
2025-07-04,31043,JOWNES,Alux Jownes,9.01e-06,0.0,0.0,coinmarketcap_data_api_listings_historical
2025-07-04,31045,PONGO,Pongo,3.1e-07,0.0,0.0,coinmarketcap_data_api_listings_historical
2025-07-04,31047,KEPT,KeptChain,0.00021055,0.0,0.0,coinmarketcap_data_api_listings_historical
2025-07-04,31050,WTEC,World Trade Exhibition Center,0.00170042,0.0,0.0,coinmarketcap_data_api_listings_historical
2025-07-04,31052,FECES,FECES,0.00015379,0.0,0.0,coinmarketcap_data_api_listings_historical
2025-07-04,14676,TRUSTNFT,TrustNFT,0.00014537,0.0,0.0,coinmarketcap_data_api_listings_historical
2025-07-04,31060,BUNNY,SUPER BUNNY,0.0,0.0,0.0,coinmarketcap_data_api_listings_historical
2025-07-04,31063,$BADCAT,Andy’s Alter Ego,2e-07,0.0,0.0,coinmarketcap_data_api_listings_historical
2025-07-04,31068,MADPEPE,Mad Pepe,0.0,0.0,0.0,coinmarketcap_data_api_listings_historical
2025-07-04,31070,TRUMPCAT,TRUMP CAT,2e-08,0.0,0.0,coinmarketcap_data_api_listings_historical
2025-07-04,31071,TIM,TIM,3.502e-05,0.0,0.0,coinmarketcap_data_api_listings_historical
2025-07-04,31072,PIRB,PIRB,0.01628654,0.0,0.0,coinmarketcap_data_api_listings_historical
2025-07-04,31084,ARSW,ArthSwap,4.103e-05,0.0,0.0,coinmarketcap_data_api_listings_historical
2025-07-04,31085,MOCHI,Mochi DeFi,0.0,0.0,0.0,coinmarketcap_data_api_listings_historical
2025-07-04,31095,SOUTH,DeepSouth AI,0.10534211,0.0,0.0,coinmarketcap_data_api_listings_historical
2025-07-04,31096,CHUMP,Chump Change,6.91e-06,0.0,0.0,coinmarketcap_data_api_listings_historical
2025-07-04,14713,CMDX,Comdex,0.00067072,0.0,0.0,coinmarketcap_data_api_listings_historical
2025-07-04,31113,WOAS,Wrapped Oasys,0.01073487,0.0,0.0,coinmarketcap_data_api_listings_historical
2025-07-04,31118,$JOGECO,Jogecodog,0.0,0.0,0.0,coinmarketcap_data_api_listings_historical
2025-07-04,31132,GPT,SolGPT,4.279e-05,0.0,0.0,coinmarketcap_data_api_listings_historical
2025-07-04,31136,BONK,Bonk on ETH,0.0,0.0,0.0,coinmarketcap_data_api_listings_historical
2025-07-04,31140,SQUOGE,DogeSquatch,0.00018603,0.0,0.0,coinmarketcap_data_api_listings_historical
2025-07-04,31142,BNBX,BNBX,0.0021521,0.0,0.0,coinmarketcap_data_api_listings_historical
2025-07-04,31144,WIF2,DogWif2.0,1.105e-05,0.0,0.0,coinmarketcap_data_api_listings_historical
2025-07-04,31151,STUCK,mouse in pasta,7.36e-06,0.0,0.0,coinmarketcap_data_api_listings_historical
2025-07-04,31153,MONKE,Monke,3e-08,0.0,0.0,coinmarketcap_data_api_listings_historical
2025-07-04,31155,CROAK,Croakey,1.96e-06,0.0,0.0,coinmarketcap_data_api_listings_historical
2025-07-04,31157,THOL,Tholana,1e-08,0.0,0.0,coinmarketcap_data_api_listings_historical
2025-07-04,31167,CRODIE,Crodie,0.00027063,0.0,0.0,coinmarketcap_data_api_listings_historical
2025-07-04,31168,DEMI,DeMi,0.78353769,0.0,0.0,coinmarketcap_data_api_listings_historical
2025-07-04,31170,PEDRO,Pedro The Raccoon,0.00088635,0.0,0.0,coinmarketcap_data_api_listings_historical
2025-07-04,31174,BNBBUNNY,BNB BUNNY,0.0,0.0,0.0,coinmarketcap_data_api_listings_historical
2025-07-04,31181,PATTON,Patton,1.4e-07,0.0,0.0,coinmarketcap_data_api_listings_historical
2025-07-04,31192,SKIPUP,SKI MASK PUP,0.03856867,0.0,0.0,coinmarketcap_data_api_listings_historical
2025-07-04,31199,ROXY,ROXY FROG,1.96e-06,0.0,0.0,coinmarketcap_data_api_listings_historical
2025-07-04,31202,HIM,Human Intelligence Machine,0.00298081,0.0,0.0,coinmarketcap_data_api_listings_historical
2025-07-04,31204,$LOLA,Lola,1e-08,0.0,0.0,coinmarketcap_data_api_listings_historical
2025-07-04,14825,VIBLO,Viblos,0.00022005,0.0,0.0,coinmarketcap_data_api_listings_historical
2025-07-04,31212,JUSD,JUSD Stable Token,1.00025506,0.0,0.0,coinmarketcap_data_api_listings_historical
2025-07-04,31221,WIF,WIF on ETH,7.911e-05,0.0,0.0,coinmarketcap_data_api_listings_historical
2025-07-04,14838,AI,Artificial Intelligence,1e-07,0.0,0.0,coinmarketcap_data_api_listings_historical
2025-07-04,14843,SPIN,Spintop,0.00052778,0.0,0.0,coinmarketcap_data_api_listings_historical
2025-07-04,31228,KAKAXA,KAKAXA,0.00057786,0.0,0.0,coinmarketcap_data_api_listings_historical
2025-07-04,14849,CENX,Centcex,0.00012031,0.0,0.0,coinmarketcap_data_api_listings_historical
2025-07-04,31233,EARLY,EarlyFans,0.00039652,0.0,0.0,coinmarketcap_data_api_listings_historical
2025-07-04,31242,BOBUKI,Bobuki Neko,9.259e-05,0.0,0.0,coinmarketcap_data_api_listings_historical
2025-07-04,31244,SHIBA,Shiba Armstrong,7.976e-05,0.0,0.0,coinmarketcap_data_api_listings_historical
2025-07-04,31249,MOST,MOST Global,0.68080721,0.0,0.0,coinmarketcap_data_api_listings_historical
2025-07-04,14868,XM,xMooney,3.44e-06,0.0,0.0,coinmarketcap_data_api_listings_historical
2025-07-04,31252,SHIT,Shitcoin,0.00087646,0.0,0.0,coinmarketcap_data_api_listings_historical
2025-07-04,31253,DOOMER,Doomer,0.00038589,0.0,0.0,coinmarketcap_data_api_listings_historical
2025-07-04,14872,HGHG,HUGHUG Coin,0.0002886,0.0,0.0,coinmarketcap_data_api_listings_historical
2025-07-04,31258,MPRO,Max Property,0.07351151,0.0,0.0,coinmarketcap_data_api_listings_historical
2025-07-04,14876,YON,YESorNO,0.00030946,0.0,0.0,coinmarketcap_data_api_listings_historical
2025-07-04,31263,RPLAY,Replay,0.00013337,0.0,0.0,coinmarketcap_data_api_listings_historical
2025-07-04,31271,LOA,Law Of Attraction,0.00048025,0.0,0.0,coinmarketcap_data_api_listings_historical
2025-07-04,31277,SCAM,ScamPump,0.00482079,0.0,0.0,coinmarketcap_data_api_listings_historical
2025-07-04,14896,TAG,Tag Protocol,0.00086217,0.0,0.0,coinmarketcap_data_api_listings_historical
2025-07-04,31280,CUFF,Jail Cat,3.934e-05,0.0,0.0,coinmarketcap_data_api_listings_historical
2025-07-04,31290,WBS,White Boy Summer,0.00021235,0.0,0.0,coinmarketcap_data_api_listings_historical
2025-07-04,31298,JUNGLE,JUNGLEDOGE,6.7e-07,0.0,0.0,coinmarketcap_data_api_listings_historical
2025-07-04,31299,USA,Based USA,0.00013403,0.0,0.0,coinmarketcap_data_api_listings_historical
2025-07-04,31300,OFF,BlastOff,0.00773877,0.0,0.0,coinmarketcap_data_api_listings_historical
2025-07-04,31303,PPFT,Papparico Finance,3.94e-06,0.0,0.0,coinmarketcap_data_api_listings_historical
2025-07-04,31304,CHEEPEPE,CHEEPEPE,0.00019276,0.0,0.0,coinmarketcap_data_api_listings_historical
2025-07-04,31309,NCASH,Nutcash,0.00692865,0.0,0.0,coinmarketcap_data_api_listings_historical
2025-07-04,31311,PARAM,Param,9.805e-05,0.0,0.0,coinmarketcap_data_api_listings_historical
2025-07-04,14928,ROY,Crypto Royale,0.00052302,0.0,0.0,coinmarketcap_data_api_listings_historical
2025-07-04,31313,PROOF,PROOF,0.05230704,0.0,0.0,coinmarketcap_data_api_listings_historical
2025-07-04,31316,SATS,Satoshi Stablecoin,0.00106574,0.0,0.0,coinmarketcap_data_api_listings_historical
2025-07-04,31319,QLIX,QLix,0.0593853,0.0,0.0,coinmarketcap_data_api_listings_historical
2025-07-04,31325,TRUMPINU,TRUMP INU,0.0,0.0,0.0,coinmarketcap_data_api_listings_historical
2025-07-04,31329,PEPI,PEPi,10.39009485,0.0,0.0,coinmarketcap_data_api_listings_historical
2025-07-04,31333,MUZKI,Muzki,4.726e-05,0.0,0.0,coinmarketcap_data_api_listings_historical
2025-07-04,31336,CHEEKS,CHEEKS,1.94e-05,0.0,0.0,coinmarketcap_data_api_listings_historical
2025-07-04,31341,CVAI,Agentlauncher,0.00075334,0.0,0.0,coinmarketcap_data_api_listings_historical
2025-07-04,31345,BARRON,BARRON,0.0,0.0,0.0,coinmarketcap_data_api_listings_historical
2025-07-04,31352,CES,swap.coffee,0.75899902,0.0,0.0,coinmarketcap_data_api_listings_historical
2025-07-04,31365,BNBOLYMPIC,BNB OLYMPIC,0.0,0.0,0.0,coinmarketcap_data_api_listings_historical
2025-07-04,31367,ZACK,Zack Morris,0.00044267,0.0,0.0,coinmarketcap_data_api_listings_historical
2025-07-04,31368,MONKAS,Monkas,2.2e-07,0.0,0.0,coinmarketcap_data_api_listings_historical
2025-07-04,31371,ARG,ArgentinaCoin,5.885e-05,0.0,0.0,coinmarketcap_data_api_listings_historical
2025-07-04,31374,NIGHT,Midnight,5.08e-06,0.0,0.0,coinmarketcap_data_api_listings_historical
2025-07-04,31376,SONIC,sonic,3.655e-05,0.0,0.0,coinmarketcap_data_api_listings_historical
2025-07-04,31377,RPEPE,RoaringPepe,1.823e-05,0.0,0.0,coinmarketcap_data_api_listings_historical
2025-07-04,31379,ZCHF,Frankencoin,1.26121413,0.0,0.0,coinmarketcap_data_api_listings_historical
2025-07-04,31388,KILLA,The Bitcoin Killa,2.14977632,0.0,0.0,coinmarketcap_data_api_listings_historical
2025-07-04,15006,XMT,MetalSwap,0.01383967,0.0,0.0,coinmarketcap_data_api_listings_historical
2025-07-04,15013,SOURCE,ReSource Protocol,0.00106765,0.0,0.0,coinmarketcap_data_api_listings_historical
2025-07-04,31398,KEK,Kekistan,7.52e-06,0.0,0.0,coinmarketcap_data_api_listings_historical
2025-07-04,31400,TRUMP,TRUMP ON BASE,5e-08,0.0,0.0,coinmarketcap_data_api_listings_historical
2025-07-04,15021,SSGTX,SafeSwap,5.702e-05,0.0,0.0,coinmarketcap_data_api_listings_historical
2025-07-04,31406,PAMBI,Pambicoin,0.00011577,0.0,0.0,coinmarketcap_data_api_listings_historical
2025-07-04,31411,BUBBA,Bubba,3.273e-05,0.0,0.0,coinmarketcap_data_api_listings_historical
2025-07-04,15035,KEYS,KEYS,0.00069973,0.0,0.0,coinmarketcap_data_api_listings_historical
2025-07-04,31419,$PEPE,Pepe,0.0,0.0,0.0,coinmarketcap_data_api_listings_historical
2025-07-04,31422,BTCDRAGON,BTC Dragon,6e-08,0.0,0.0,coinmarketcap_data_api_listings_historical
2025-07-04,31426,LAB,The Professor,6.632e-05,0.0,0.0,coinmarketcap_data_api_listings_historical
2025-07-04,31427,CAT,CAT SYLVESTER,0.0,0.0,0.0,coinmarketcap_data_api_listings_historical
2025-07-04,31430,APETARDIO,Apetardio,0.000166,0.0,0.0,coinmarketcap_data_api_listings_historical
2025-07-04,15050,MILK,Milk,3.01e-06,0.0,0.0,coinmarketcap_data_api_listings_historical
2025-07-04,31434,APE,Ape.lol,2.475e-05,0.0,0.0,coinmarketcap_data_api_listings_historical
2025-07-04,31438,CAT,CAT (SOL),0.00017557,0.0,0.0,coinmarketcap_data_api_listings_historical
2025-07-04,15056,WOOL,Wolf Game Wool,0.00030639,0.0,0.0,coinmarketcap_data_api_listings_historical
2025-07-04,15069,CRX,CRODEX,0.40204733,0.0,0.0,coinmarketcap_data_api_listings_historical
2025-07-04,31462,SHARE,SHARE,1.979e-05,0.0,0.0,coinmarketcap_data_api_listings_historical
2025-07-04,31466,MUSCAT,MusCat,1.3e-07,0.0,0.0,coinmarketcap_data_api_listings_historical
2025-07-04,31472,$PELF,PELFORT,2.171e-05,0.0,0.0,coinmarketcap_data_api_listings_historical
2025-07-04,31474,DAMOON,Damoon Coin,0.03431306,0.0,0.0,coinmarketcap_data_api_listings_historical
2025-07-04,31477,CHAD,Based Chad,1.709e-05,0.0,0.0,coinmarketcap_data_api_listings_historical
2025-07-04,31479,XALPHA,XAlpha AI,0.00813888,0.0,0.0,coinmarketcap_data_api_listings_historical
2025-07-04,15110,WEAPON,MEGAWEAPON,0.02362298,0.0,0.0,coinmarketcap_data_api_listings_historical
2025-07-04,31502,MAGA,TRUMP’S HAT,6.602e-05,0.0,0.0,coinmarketcap_data_api_listings_historical
2025-07-04,31507,PEPEMAGA,Trump Pepe,0.0,0.0,0.0,coinmarketcap_data_api_listings_historical
2025-07-04,31508,ANIME,Anime (animeonbase.art),1.275e-05,0.0,0.0,coinmarketcap_data_api_listings_historical
2025-07-04,31511,CHIPI,chipi,0.00011664,0.0,0.0,coinmarketcap_data_api_listings_historical
2025-07-04,31519,KERMIT,Kermit,5.88e-05,0.0,0.0,coinmarketcap_data_api_listings_historical
2025-07-04,31520,NUT,NutFlex,1.596e-05,0.0,0.0,coinmarketcap_data_api_listings_historical
2025-07-04,31522,SPURDO,SPURDO,0.00022194,0.0,0.0,coinmarketcap_data_api_listings_historical
2025-07-04,31535,TUZKI,Tuzki,2.2e-07,0.0,0.0,coinmarketcap_data_api_listings_historical
2025-07-04,31539,KABOSU,KABOSU,0.01070113,0.0,0.0,coinmarketcap_data_api_listings_historical
2025-07-04,31540,PPT,PAPA Trump,1.4e-07,0.0,0.0,coinmarketcap_data_api_listings_historical
2025-07-04,31554,MAGAPEPE,MAGA PEPE,0.0,0.0,0.0,coinmarketcap_data_api_listings_historical
2025-07-04,31558,EAGLE,EAGLE INU,0.0,0.0,0.0,coinmarketcap_data_api_listings_historical
2025-07-04,31563,SMIDGE,SMIDGE,0.0,0.0,0.0,coinmarketcap_data_api_listings_historical
2025-07-04,31564,DADDY,Crypto Journey,0.04135391,0.0,0.0,coinmarketcap_data_api_listings_historical
2025-07-04,31565,KHABY LAME,Khaby Lame,1.333e-05,0.0,0.0,coinmarketcap_data_api_listings_historical
2025-07-04,31566,MAMBA,Mamba,3.432e-05,0.0,0.0,coinmarketcap_data_api_listings_historical
2025-07-04,31567,MARV,Marv,0.0,0.0,0.0,coinmarketcap_data_api_listings_historical
2025-07-04,31571,PEPEMAGA,PEPE MAGA,0.0,0.0,0.0,coinmarketcap_data_api_listings_historical
2025-07-04,15193,PEX,Pexcoin,2.565e-05,0.0,0.0,coinmarketcap_data_api_listings_historical
2025-07-04,31579,314DAO,Tonken 314 DAO,18.52425106,0.0,0.0,coinmarketcap_data_api_listings_historical
2025-07-04,31583,SNPAD,SNP adverse,0.01275977,0.0,0.0,coinmarketcap_data_api_listings_historical
2025-07-04,31584,BOBBY,Kennedy Coin,1.62e-06,0.0,0.0,coinmarketcap_data_api_listings_historical
2025-07-04,31587,PEPE,Pepe on Sol,0.0,0.0,0.0,coinmarketcap_data_api_listings_historical
2025-07-04,31591,PEPE GOLD,PEPE,1.523e-05,0.0,0.0,coinmarketcap_data_api_listings_historical
2025-07-04,31599,SCLASSIC,Solana Classic,0.000508,0.0,0.0,coinmarketcap_data_api_listings_historical
2025-07-04,31605,JJ,JEJE,0.0,0.0,0.0,coinmarketcap_data_api_listings_historical
2025-07-04,31608,BM,based morning,1.207e-05,0.0,0.0,coinmarketcap_data_api_listings_historical
2025-07-04,31609,APUGURL,APU GURL,7.9e-07,0.0,0.0,coinmarketcap_data_api_listings_historical
2025-07-04,31613,WAZ,MikeAI,3.2e-07,0.0,0.0,coinmarketcap_data_api_listings_historical
2025-07-04,15231,BB,Baby Bali,0.0,0.0,0.0,coinmarketcap_data_api_listings_historical
2025-07-04,31617,PE,Pe,7.215e-05,0.0,0.0,coinmarketcap_data_api_listings_historical
2025-07-04,15238,MARMAJ,marmaj,0.1671465,0.0,0.0,coinmarketcap_data_api_listings_historical
2025-07-04,31622,EAGLE,AMERICAN EAGLE,0.0,0.0,0.0,coinmarketcap_data_api_listings_historical
2025-07-04,15241,CANDYLAD,Candylad,0.0,0.0,0.0,coinmarketcap_data_api_listings_historical
2025-07-04,31627,TMANIA,Trump Mania,6.921e-05,0.0,0.0,coinmarketcap_data_api_listings_historical
2025-07-04,15246,SSG,Surviving Soldiers,0.06471498,0.0,0.0,coinmarketcap_data_api_listings_historical
2025-07-04,31630,PEPO,Peepo,1.73e-06,0.0,0.0,coinmarketcap_data_api_listings_historical
2025-07-04,31635,MACHO,macho,0.00015964,0.0,0.0,coinmarketcap_data_api_listings_historical
2025-07-04,31636,POLLUK,Jasse Polluk,2.477e-05,0.0,0.0,coinmarketcap_data_api_listings_historical
2025-07-04,31642,MOLLARS,MollarsToken,0.01534887,0.0,0.0,coinmarketcap_data_api_listings_historical
2025-07-04,31644,NPTX,NeptuneX,8.551e-05,0.0,0.0,coinmarketcap_data_api_listings_historical
2025-07-04,31652,BTC,batcat,5.126e-05,0.0,0.0,coinmarketcap_data_api_listings_historical
2025-07-04,31658,CAT,AMERICAN CAT,0.0,0.0,0.0,coinmarketcap_data_api_listings_historical
2025-07-04,15275,RXCG,RXCGames,7.247e-05,0.0,0.0,coinmarketcap_data_api_listings_historical
2025-07-04,31662,MAGA,MAGA,0.00133962,0.0,0.0,coinmarketcap_data_api_listings_historical
2025-07-04,31663,TYBENG,TYBENG,3.261e-05,0.0,0.0,coinmarketcap_data_api_listings_historical
2025-07-04,31664,BADCAT,BADCAT,1.3e-07,0.0,0.0,coinmarketcap_data_api_listings_historical
2025-07-04,31666,SHIN,Shina Inu,0.0,0.0,0.0,coinmarketcap_data_api_listings_historical
2025-07-04,15284,SWIN,SwinCoin,1.7e-06,0.0,0.0,coinmarketcap_data_api_listings_historical
2025-07-04,15288,TEM,TemplarDAO,2.27989604,0.0,0.0,coinmarketcap_data_api_listings_historical
2025-07-04,31676,DOGEVERSE,DogeVerse,5.06e-06,0.0,0.0,coinmarketcap_data_api_listings_historical
2025-07-04,31677,EYE,SolEye - OFFCHAIN TRACKER,2.764e-05,0.0,0.0,coinmarketcap_data_api_listings_historical
2025-07-04,31679,MAGADOGE,MAGA DOGE,0.0,0.0,0.0,coinmarketcap_data_api_listings_historical
2025-07-04,31686,ET,Elon Trump,2e-08,0.0,0.0,coinmarketcap_data_api_listings_historical
2025-07-04,31689,9MM,Shigure UI,6.283e-05,0.0,0.0,coinmarketcap_data_api_listings_historical
2025-07-04,15313,BG,BunnyPark Game,1.29e-05,0.0,0.0,coinmarketcap_data_api_listings_historical
2025-07-04,31698,HIF,Hedgehog in the fog,0.00018335,0.0,0.0,coinmarketcap_data_api_listings_historical
2025-07-04,31703,TOPG,TOP G,0.00025314,0.0,0.0,coinmarketcap_data_api_listings_historical
2025-07-04,31710,RTK,RetaFi,0.00417646,0.0,0.0,coinmarketcap_data_api_listings_historical
2025-07-04,31715,CAPRI,Caprisun Monkey,9.902e-05,0.0,0.0,coinmarketcap_data_api_listings_historical
2025-07-04,31718,DOGER,Robotic Doge,9e-08,0.0,0.0,coinmarketcap_data_api_listings_historical
2025-07-04,31719,PEEZY,Peezy,0.0,0.0,0.0,coinmarketcap_data_api_listings_historical
2025-07-04,31726,PEN,Penjamin Blinkerton,7e-08,0.0,0.0,coinmarketcap_data_api_listings_historical
2025-07-04,31729,TDAN,TDAN,0.12982465,0.0,0.0,coinmarketcap_data_api_listings_historical
2025-07-04,31730,BIAO,Biaoqing,0.00022181,0.0,0.0,coinmarketcap_data_api_listings_historical
2025-07-04,31733,WIF,HAMSTER WIF HAT,1.06e-05,0.0,0.0,coinmarketcap_data_api_listings_historical
2025-07-04,31734,ANON,Anonymous,1.222e-05,0.0,0.0,coinmarketcap_data_api_listings_historical
2025-07-04,31736,ZUSHI,ZUSHI,3.083e-05,0.0,0.0,coinmarketcap_data_api_listings_historical
2025-07-04,31744,FLOCHI,Flochi,0.0,0.0,0.0,coinmarketcap_data_api_listings_historical
2025-07-04,31746,BOLT,BOLT,0.00029591,0.0,0.0,coinmarketcap_data_api_listings_historical
2025-07-04,31755,BRETT,Bretter Brett,1.74e-06,0.0,0.0,coinmarketcap_data_api_listings_historical
2025-07-04,31758,CHADCAT,CHAD CAT,4.082e-05,0.0,0.0,coinmarketcap_data_api_listings_historical
2025-07-04,31761,DMOON,DollarMoon (Solana),0.00383944,0.0,0.0,coinmarketcap_data_api_listings_historical
2025-07-04,31772,LION,King Of Meme,0.0,0.0,0.0,coinmarketcap_data_api_listings_historical
2025-07-04,31778,BIF,Brianwifhat,3e-08,0.0,0.0,coinmarketcap_data_api_listings_historical
2025-07-04,15395,MST,Monster,0.00646137,0.0,0.0,coinmarketcap_data_api_listings_historical
2025-07-04,15397,FIRU,Firulais,0.0,0.0,0.0,coinmarketcap_data_api_listings_historical
2025-07-04,31781,LANDWU,LandWu,0.0,0.0,0.0,coinmarketcap_data_api_listings_historical
2025-07-04,31785,S315,SWAP315,0.00974527,0.0,0.0,coinmarketcap_data_api_listings_historical
2025-07-04,31786,MIXER,$TON Mixer,0.00055943,0.0,0.0,coinmarketcap_data_api_listings_historical
2025-07-04,31789,ASS,Abella Danger,4.479e-05,0.0,0.0,coinmarketcap_data_api_listings_historical
2025-07-04,31797,NORMUS,NORMUS,2.954e-05,0.0,0.0,coinmarketcap_data_api_listings_historical
2025-07-04,31800,ALMC,Awkward Look Monkey Club,1.854e-05,0.0,0.0,coinmarketcap_data_api_listings_historical
2025-07-04,31814,BULEI,Bulei,2.5e-07,0.0,0.0,coinmarketcap_data_api_listings_historical
2025-07-04,31815,DIDID,Didi Duck,0.00026578,0.0,0.0,coinmarketcap_data_api_listings_historical
2025-07-04,31816,DVINCI,Davinci Jeremie,3.82e-05,0.0,0.0,coinmarketcap_data_api_listings_historical
2025-07-04,31817,WIF,Wif - SecondChance,0.00010118,0.0,0.0,coinmarketcap_data_api_listings_historical
2025-07-04,31826,BMONEY,B-money,0.0,0.0,0.0,coinmarketcap_data_api_listings_historical
2025-07-04,31833,MOGE,Moge,0.0,0.0,0.0,coinmarketcap_data_api_listings_historical
2025-07-04,15456,JBX,Juicebox,0.00088757,0.0,0.0,coinmarketcap_data_api_listings_historical
2025-07-04,31846,TRUMP,MoonTrump,1.748e-05,0.0,0.0,coinmarketcap_data_api_listings_historical
2025-07-04,31849,RECA,The Resistance Cat,0.01823116,0.0,0.0,coinmarketcap_data_api_listings_historical
2025-07-04,31851,FROG,Frog,3.3e-07,0.0,0.0,coinmarketcap_data_api_listings_historical
2025-07-04,31852,MAGA,Maek Amuruca Graet Agun,1.812e-05,0.0,0.0,coinmarketcap_data_api_listings_historical
2025-07-04,31856,BBRETT,Baby Brett,0.00069376,0.0,0.0,coinmarketcap_data_api_listings_historical
2025-07-04,31859,GIGACHAD,GigaChad (gigachad.com),0.0,0.0,0.0,coinmarketcap_data_api_listings_historical
2025-07-04,15476,LUXY,LUXY,0.00533272,0.0,0.0,coinmarketcap_data_api_listings_historical
2025-07-04,15480,UMAMI,Umami Finance,2.47996226,0.0,0.0,coinmarketcap_data_api_listings_historical
2025-07-04,15483,LTT,LocalTrade,0.00027382,0.0,0.0,coinmarketcap_data_api_listings_historical
2025-07-04,31873,CRYPTON,CRYPTON,0.06691125,0.0,0.0,coinmarketcap_data_api_listings_historical
2025-07-04,15492,HDAO,humanDAO,0.00137708,0.0,0.0,coinmarketcap_data_api_listings_historical
2025-07-04,15493,MVC,Multiverse Capital,2.9e-07,0.0,0.0,coinmarketcap_data_api_listings_historical
2025-07-04,31877,PEIPEI,PeiPei (BSC),0.0,0.0,0.0,coinmarketcap_data_api_listings_historical
2025-07-04,31879,BEATS,Sol Beats,0.00010997,0.0,0.0,coinmarketcap_data_api_listings_historical
2025-07-04,15501,DFH,DeFiHorse,0.00029915,0.0,0.0,coinmarketcap_data_api_listings_historical
2025-07-04,31885,FPEPE,Based Father Pepe,3.548e-05,0.0,0.0,coinmarketcap_data_api_listings_historical
2025-07-04,31889,CHIPPY,Chippy,1.626e-05,0.0,0.0,coinmarketcap_data_api_listings_historical
2025-07-04,15510,xDG,Decentral Games Governance (xDG),0.00109019,0.0,0.0,coinmarketcap_data_api_listings_historical
2025-07-04,31895,AISCII,AISCII,2.647e-05,0.0,0.0,coinmarketcap_data_api_listings_historical
2025-07-04,15517,WMW,WoopMoney,3e-07,0.0,0.0,coinmarketcap_data_api_listings_historical
2025-07-04,31901,POLA,Pola On Base,4.417e-05,0.0,0.0,coinmarketcap_data_api_listings_historical
2025-07-04,31904,$DTJR,Donald Trump Jr.,3.85e-05,0.0,0.0,coinmarketcap_data_api_listings_historical
2025-07-04,31905,SBAE,Salt Bae For The People,9.407e-05,0.0,0.0,coinmarketcap_data_api_listings_historical
2025-07-04,31912,EAVE,EaveAI,0.03883913,0.0,0.0,coinmarketcap_data_api_listings_historical
2025-07-04,31913,FLAPPY,Flappy,3.2e-07,0.0,0.0,coinmarketcap_data_api_listings_historical
2025-07-04,31915,ETHB,ETHEREUM ON BASE,0.09018337,0.0,0.0,coinmarketcap_data_api_listings_historical
2025-07-04,31916,FLOCKA,Waka Flocka,0.0002863,0.0,0.0,coinmarketcap_data_api_listings_historical
2025-07-04,31918,NGMI,NGMI,3.018e-05,0.0,0.0,coinmarketcap_data_api_listings_historical
2025-07-04,15535,FLX,Flux,0.01525063,0.0,0.0,coinmarketcap_data_api_listings_historical
2025-07-04,31919,BALT,Brett's cat,0.00015015,0.0,0.0,coinmarketcap_data_api_listings_historical
2025-07-04,31926,MAGANOMICS,Maganomics,2.2e-07,0.0,0.0,coinmarketcap_data_api_listings_historical
2025-07-04,31928,CHUANPU,Chuan Pu,6.384e-05,0.0,0.0,coinmarketcap_data_api_listings_historical
2025-07-04,31929,NCAT,Neuracat,1.7e-07,0.0,0.0,coinmarketcap_data_api_listings_historical
2025-07-04,31937,FAC,Flying Avocado Cat,0.04754242,0.0,0.0,coinmarketcap_data_api_listings_historical
2025-07-04,31944,WHISKEY,WHISKEY,0.00369441,0.0,0.0,coinmarketcap_data_api_listings_historical
2025-07-04,31948,WVTRS,Vitreus,0.01076373,0.0,0.0,coinmarketcap_data_api_listings_historical
2025-07-04,15565,CHEESE,CheeseSwap,2.7e-07,0.0,0.0,coinmarketcap_data_api_listings_historical
2025-07-04,15574,UMY,KaraStar UMY,0.00084776,0.0,0.0,coinmarketcap_data_api_listings_historical
2025-07-04,15577,BIVE,BIZVERSE,0.00119915,0.0,0.0,coinmarketcap_data_api_listings_historical
2025-07-04,31961,NEURON,Cerebrum DAO,9.872e-05,0.0,0.0,coinmarketcap_data_api_listings_historical
2025-07-04,31981,BAOM,Battle of Memes,9.151e-05,0.0,0.0,coinmarketcap_data_api_listings_historical
2025-07-04,31987,BBB,Beny Bad Boy,0.00014806,0.0,0.0,coinmarketcap_data_api_listings_historical
2025-07-04,15608,TTT,TabTrader Token,0.00055753,0.0,0.0,coinmarketcap_data_api_listings_historical
2025-07-04,31994,PEEPO,Peepo,8.6e-06,0.0,0.0,coinmarketcap_data_api_listings_historical
2025-07-04,31996,GYD,Gyroscope GYD,0.99968396,0.0,0.0,coinmarketcap_data_api_listings_historical
2025-07-04,32008,IX,illumineX,0.01265103,0.0,0.0,coinmarketcap_data_api_listings_historical
2025-07-04,32011,BUCKY,Bucky,2.3e-07,0.0,0.0,coinmarketcap_data_api_listings_historical
2025-07-04,32012,ETT,Euro 20,0.33975322,0.0,0.0,coinmarketcap_data_api_listings_historical
2025-07-04,32015,MOOLA,Degen Forest,0.01007827,0.0,0.0,coinmarketcap_data_api_listings_historical
2025-07-04,32018,ZAZA,ZAZA,3.199e-05,0.0,0.0,coinmarketcap_data_api_listings_historical
2025-07-04,32020,RFC,Royal Finance Coin,0.00094623,0.0,0.0,coinmarketcap_data_api_listings_historical
2025-07-04,15641,KTO,Kounotori,0.0,0.0,0.0,coinmarketcap_data_api_listings_historical
2025-07-04,32028,SOLETF,SOL ETF,0.0,0.0,0.0,coinmarketcap_data_api_listings_historical
2025-07-04,32033,MICKEY,OG Mickey,0.00015144,0.0,0.0,coinmarketcap_data_api_listings_historical
2025-07-04,32034,MMIP,Memes Make It Possible,4.09e-05,0.0,0.0,coinmarketcap_data_api_listings_historical
2025-07-04,32045,CHWY,CHEWY,0.0,0.0,0.0,coinmarketcap_data_api_listings_historical
2025-07-04,32051,GROOVE,GROOVE,1.046e-05,0.0,0.0,coinmarketcap_data_api_listings_historical
2025-07-04,15669,PRL,The Parallel,0.00052772,0.0,0.0,coinmarketcap_data_api_listings_historical
2025-07-04,32056,$COFEEE,COFFEE,0.00327473,0.0,0.0,coinmarketcap_data_api_listings_historical
2025-07-04,32057,FLORK,HeyFlork,1.498e-05,0.0,0.0,coinmarketcap_data_api_listings_historical
2025-07-04,32060,MOB,Marvin on Base,6e-08,0.0,0.0,coinmarketcap_data_api_listings_historical
2025-07-04,32062,SHEI,SheiShei,0.0,0.0,0.0,coinmarketcap_data_api_listings_historical
2025-07-04,32063,CPL,CATERPILLAR,0.0,0.0,0.0,coinmarketcap_data_api_listings_historical
2025-07-04,32067,DOOGLE,Doogle,3.06e-05,0.0,0.0,coinmarketcap_data_api_listings_historical
2025-07-04,15709,GENS,Genius Yield,0.01034616,0.0,0.0,coinmarketcap_data_api_listings_historical
2025-07-04,32097,JASON,Jason Derulo,8.92e-05,0.0,0.0,coinmarketcap_data_api_listings_historical
2025-07-04,32098,DCI,Dynamic Crypto Index,9106.92402679,0.0,0.0,coinmarketcap_data_api_listings_historical
2025-07-04,32099,BICHO,bicho,5.915e-05,0.0,0.0,coinmarketcap_data_api_listings_historical
2025-07-04,32101,REXHAT,rexwifhat,0.00018114,0.0,0.0,coinmarketcap_data_api_listings_historical
2025-07-04,32109,BCHB,Bitcoin Cash on Base,0.00503019,0.0,0.0,coinmarketcap_data_api_listings_historical
2025-07-04,32111,CHILL,LumiChill,0.0,0.0,0.0,coinmarketcap_data_api_listings_historical
2025-07-04,32114,WYNN,Wynn,3.269e-05,0.0,0.0,coinmarketcap_data_api_listings_historical
2025-07-04,15731,XSTUSD,SORA Synthetic USD,0.04017748,0.0,0.0,coinmarketcap_data_api_listings_historical
2025-07-04,32119,MOLLY,Molly,1.2e-07,0.0,0.0,coinmarketcap_data_api_listings_historical
2025-07-04,32121,FOX,Fox,8e-08,0.0,0.0,coinmarketcap_data_api_listings_historical
2025-07-04,32123,PEON,Peon,0.0,0.0,0.0,coinmarketcap_data_api_listings_historical
2025-07-04,32124,BUD,Big Bud,0.0,0.0,0.0,coinmarketcap_data_api_listings_historical
2025-07-04,32142,MOJO,Mojo,0.0,0.0,0.0,coinmarketcap_data_api_listings_historical
2025-07-04,32145,DOGGY,DOGGY,0.0,0.0,0.0,coinmarketcap_data_api_listings_historical
2025-07-04,32163,JEFFRY,jeffry,0.00017095,0.0,0.0,coinmarketcap_data_api_listings_historical
2025-07-04,15782,GEO$,Geopoly,7.187e-05,0.0,0.0,coinmarketcap_data_api_listings_historical
2025-07-04,32170,TOWELI,Towelie,0.00011409,0.0,0.0,coinmarketcap_data_api_listings_historical
2025-07-04,32172,MELLOW,Matt Furie's Mellow Man,0.00972544,0.0,0.0,coinmarketcap_data_api_listings_historical
2025-07-04,15789,THOR,ThorFi,0.01219669,0.0,0.0,coinmarketcap_data_api_listings_historical
2025-07-04,32173,BARRON,Mini Donald,0.00020473,0.0,0.0,coinmarketcap_data_api_listings_historical
2025-07-04,32177,$LANDLORD,LANDLORD RONALD,0.00011035,0.0,0.0,coinmarketcap_data_api_listings_historical
2025-07-04,32178,MOLI,Mobile Liquidity,0.03122298,0.0,0.0,coinmarketcap_data_api_listings_historical
2025-07-04,32184,BUB,LIL BUB,1.071e-05,0.0,0.0,coinmarketcap_data_api_listings_historical
2025-07-04,32185,BARRON,Barron Trump,0.0,0.0,0.0,coinmarketcap_data_api_listings_historical
2025-07-04,15808,FCP,FILIPCOIN,7.516e-05,0.0,0.0,coinmarketcap_data_api_listings_historical
2025-07-04,32209,DOLPHY,Dolphy,1e-07,0.0,0.0,coinmarketcap_data_api_listings_historical
2025-07-04,32215,SYK,Stryke,0.03344299,0.0,0.0,coinmarketcap_data_api_listings_historical
2025-07-04,32218,GNOMY,Gnomy,4.77e-06,0.0,0.0,coinmarketcap_data_api_listings_historical
2025-07-04,32219,BOYS,Boys Club,0.0,0.0,0.0,coinmarketcap_data_api_listings_historical
2025-07-04,15842,ROCK,Bedrock,0.00094887,0.0,0.0,coinmarketcap_data_api_listings_historical
2025-07-04,32226,POPDOG,POPDOG,2.484e-05,0.0,0.0,coinmarketcap_data_api_listings_historical
2025-07-04,32236,SOLYMPICS,Solympics,1.132e-05,0.0,0.0,coinmarketcap_data_api_listings_historical
2025-07-04,32239,AIST,Artificial intelligence staking token,0.00014565,0.0,0.0,coinmarketcap_data_api_listings_historical
2025-07-04,32241,KRAZY,krazy n.d.,0.0,0.0,0.0,coinmarketcap_data_api_listings_historical
2025-07-04,32244,OCO,Owners Casino Online,2.17e-06,0.0,0.0,coinmarketcap_data_api_listings_historical
2025-07-04,32251,BOB,BOB (SOL),1.789e-05,0.0,0.0,coinmarketcap_data_api_listings_historical
2025-07-04,32252,OPCAT,OP_CAT(BIP-420),1.033e-05,0.0,0.0,coinmarketcap_data_api_listings_historical
2025-07-04,32253,ANDY,Andy,5.73e-06,0.0,0.0,coinmarketcap_data_api_listings_historical
2025-07-04,32256,MAPE,Maga Pepe,1e-07,0.0,0.0,coinmarketcap_data_api_listings_historical
2025-07-04,15876,BOMB,Bomb Money,0.00372846,0.0,0.0,coinmarketcap_data_api_listings_historical
2025-07-04,32260,DEGA,DEGA,1.55e-05,0.0,0.0,coinmarketcap_data_api_listings_historical
2025-07-04,32266,ZEXY,ZEXY,2.007e-05,0.0,0.0,coinmarketcap_data_api_listings_historical
2025-07-04,32267,GOP,The Republican Party,2.06e-06,0.0,0.0,coinmarketcap_data_api_listings_historical
2025-07-04,32269,PENDY,Pendy,0.0,0.0,0.0,coinmarketcap_data_api_listings_historical
2025-07-04,15891,CCV2,CryptoCart V2,0.85794546,0.0,0.0,coinmarketcap_data_api_listings_historical
2025-07-04,32276,GRASS,Touch Grass,3.119e-05,0.0,0.0,coinmarketcap_data_api_listings_historical
2025-07-04,32277,VANCE,JD Vance,1.92e-06,0.0,0.0,coinmarketcap_data_api_listings_historical
2025-07-04,32278,X,RUNES·X·BITCOIN,2.7e-07,0.0,0.0,coinmarketcap_data_api_listings_historical
2025-07-04,32281,BEEF,PepeBull,0.0,0.0,0.0,coinmarketcap_data_api_listings_historical
2025-07-04,15898,MTK,Metakings,3.692e-05,0.0,0.0,coinmarketcap_data_api_listings_historical
2025-07-04,15899,LSC,Last Survivor,2.33e-06,0.0,0.0,coinmarketcap_data_api_listings_historical
2025-07-04,32292,PEGA,Pepe Maga,5e-08,0.0,0.0,coinmarketcap_data_api_listings_historical
2025-07-04,32295,BTC,Bullish Trump Coin,4e-08,0.0,0.0,coinmarketcap_data_api_listings_historical
2025-07-04,15933,BSHARE,Bomb Money,0.06067982,0.0,0.0,coinmarketcap_data_api_listings_historical
2025-07-04,15937,PLY,PlayNity,0.00021037,0.0,0.0,coinmarketcap_data_api_listings_historical
2025-07-04,32330,DOPA,DopaMeme,0.00011547,0.0,0.0,coinmarketcap_data_api_listings_historical
2025-07-04,32332,FLAKY,FLAKY,1.5e-07,0.0,0.0,coinmarketcap_data_api_listings_historical
2025-07-04,32333,CAT,Catson,7.11e-05,0.0,0.0,coinmarketcap_data_api_listings_historical
2025-07-04,32334,RIZZ,Rizz,0.00032428,0.0,0.0,coinmarketcap_data_api_listings_historical
2025-07-04,32335,DELON,Dark Elon,1.1e-07,0.0,0.0,coinmarketcap_data_api_listings_historical
2025-07-04,32343,WEWE,WEWECOIN,1.17e-06,0.0,0.0,coinmarketcap_data_api_listings_historical
2025-07-04,32348,ARS,ALBETROS,0.00013861,0.0,0.0,coinmarketcap_data_api_listings_historical
2025-07-04,32349,BLUE,BLUE,0.00031475,0.0,0.0,coinmarketcap_data_api_listings_historical
2025-07-04,32355,DTRUMP,Dark Trump,0.0,0.0,0.0,coinmarketcap_data_api_listings_historical
2025-07-04,15973,MEOW,MEOW,0.00477473,0.0,0.0,coinmarketcap_data_api_listings_historical
2025-07-04,32360,MONGY,MONGY,4.503e-05,0.0,0.0,coinmarketcap_data_api_listings_historical
2025-07-04,32361,JOKER,Joker,0.0,0.0,0.0,coinmarketcap_data_api_listings_historical
2025-07-04,32374,BTCLE,Bitcoin Limited Edition,115.67692469,0.0,0.0,coinmarketcap_data_api_listings_historical
2025-07-04,32377,RARE,Rare Pepe,8e-08,0.0,0.0,coinmarketcap_data_api_listings_historical
2025-07-04,32385,JVT,JVault,0.08565116,0.0,0.0,coinmarketcap_data_api_listings_historical
2025-07-04,16007,RVC,Revenue Coin,0.00052856,0.0,0.0,coinmarketcap_data_api_listings_historical
2025-07-04,32403,MAO,mao,8.766e-05,0.0,0.0,coinmarketcap_data_api_listings_historical
2025-07-04,32405,RABBIT,Based Rabbit,4.575e-05,0.0,0.0,coinmarketcap_data_api_listings_historical
2025-07-04,32410,USPEPE,American pepe,0.0,0.0,0.0,coinmarketcap_data_api_listings_historical
2025-07-04,32418,PLAY,Solana Poker,0.01120436,0.0,0.0,coinmarketcap_data_api_listings_historical
2025-07-04,16035,FIGHT,Crypto Fight Club,0.00013744,0.0,0.0,coinmarketcap_data_api_listings_historical
2025-07-04,16045,ADAO,Adadao,0.00053964,0.0,0.0,coinmarketcap_data_api_listings_historical
2025-07-04,32430,SIMPSON,Simpson Predictions,0.0,0.0,0.0,coinmarketcap_data_api_listings_historical
2025-07-04,32433,DANK,Thomas,1.35e-06,0.0,0.0,coinmarketcap_data_api_listings_historical
2025-07-04,32434,MIGGLEI,Migglei,1.137e-05,0.0,0.0,coinmarketcap_data_api_listings_historical
2025-07-04,32445,HARRIS,Kamala Harris (kamalaharristoken.xyz),1.4e-07,0.0,0.0,coinmarketcap_data_api_listings_historical
2025-07-04,32446,BULLISH,bullish,1.744e-05,0.0,0.0,coinmarketcap_data_api_listings_historical
2025-07-04,32447,XGD,XGold,82.49564948,0.0,0.0,coinmarketcap_data_api_listings_historical
2025-07-04,32455,MOON,MoreGen FreeMoon,1.7e-07,0.0,0.0,coinmarketcap_data_api_listings_historical
2025-07-04,32467,DRIP,DRIP,0.00597318,0.0,0.0,coinmarketcap_data_api_listings_historical
2025-07-04,32468,BARS,Silver Standard,0.02940795,0.0,0.0,coinmarketcap_data_api_listings_historical
2025-07-04,32473,BUTT,Buttercat,1.965e-05,0.0,0.0,coinmarketcap_data_api_listings_historical
2025-07-04,32474,DOLLAR,Dollar,0.00022724,0.0,0.0,coinmarketcap_data_api_listings_historical
2025-07-04,16091,MGOD,MetaGods,0.00046658,0.0,0.0,coinmarketcap_data_api_listings_historical
2025-07-04,32483,BSC,BSC Layer,6.169e-05,0.0,0.0,coinmarketcap_data_api_listings_historical
2025-07-04,32490,SNIBBU,Snibbu The Crab,2e-08,0.0,0.0,coinmarketcap_data_api_listings_historical
2025-07-04,32496,PAN,Pankito,0.00040489,0.0,0.0,coinmarketcap_data_api_listings_historical
2025-07-04,32499,IRO,Iro-Chan,2.878e-05,0.0,0.0,coinmarketcap_data_api_listings_historical
2025-07-04,32500,BOBO,Bobo The Bear,3e-08,0.0,0.0,coinmarketcap_data_api_listings_historical
2025-07-04,16121,WHALE,White Whale,0.00024341,0.0,0.0,coinmarketcap_data_api_listings_historical
2025-07-04,32505,XROCK,xRocket,0.02479866,0.0,0.0,coinmarketcap_data_api_listings_historical
2025-07-04,32507,FWOG,FWOG (ETH),0.0,0.0,0.0,coinmarketcap_data_api_listings_historical
2025-07-04,32510,MIND,MindCoin,2.82e-06,0.0,0.0,coinmarketcap_data_api_listings_historical
2025-07-04,16135,SHG,Shib Generating,7.33e-06,0.0,0.0,coinmarketcap_data_api_listings_historical
2025-07-04,32523,ONIGIRI,Onigiri The Cat,1.357e-05,0.0,0.0,coinmarketcap_data_api_listings_historical
2025-07-04,32530,DODO,Dodo the Black Swan,2e-08,0.0,0.0,coinmarketcap_data_api_listings_historical
2025-07-04,32534,BLUE,Blue Guy,9.35e-06,0.0,0.0,coinmarketcap_data_api_listings_historical
2025-07-04,32542,KEN,Ken,9.102e-05,0.0,0.0,coinmarketcap_data_api_listings_historical
2025-07-04,16160,MCC,Multi-Chain Capital (new),1.1e-07,0.0,0.0,coinmarketcap_data_api_listings_historical
2025-07-04,32545,HYDRA,HYDRA,0.92533071,0.0,0.0,coinmarketcap_data_api_listings_historical
2025-07-04,32546,REGI,Resistance Girl,0.00051614,0.0,0.0,coinmarketcap_data_api_listings_historical
2025-07-04,32547,POE,Portal Network,0.35827159,0.0,0.0,coinmarketcap_data_api_listings_historical
2025-07-04,32548,TIGER,TIGER,2.78e-05,0.0,0.0,coinmarketcap_data_api_listings_historical
2025-07-04,32564,UE,UE Coin,0.0034819,0.0,0.0,coinmarketcap_data_api_listings_historical
2025-07-04,16191,TPV,TravGoPV,0.0,0.0,0.0,coinmarketcap_data_api_listings_historical
2025-07-04,32575,N64,N64,0.00075706,0.0,0.0,coinmarketcap_data_api_listings_historical
2025-07-04,16194,AKITAX,Akitavax,1.49e-06,0.0,0.0,coinmarketcap_data_api_listings_historical
2025-07-04,32581,CATLIFE,Cat Life,1.24e-05,0.0,0.0,coinmarketcap_data_api_listings_historical
2025-07-04,32582,JSET,Jsetcoin,0.0071719,0.0,0.0,coinmarketcap_data_api_listings_historical
2025-07-04,32586,BALL,Game 5 BALL,0.00275196,0.0,0.0,coinmarketcap_data_api_listings_historical
2025-07-04,16209,OHM,Olympus v1,115.61231665,0.0,0.0,coinmarketcap_data_api_listings_historical
2025-07-04,16218,MNFT,Marvelous NFTs (Bad Days),0.0014863,0.0,0.0,coinmarketcap_data_api_listings_historical
2025-07-04,32602,COCONUT,Coconut,1.951e-05,0.0,0.0,coinmarketcap_data_api_listings_historical
2025-07-04,32603,WBC,WorldBrain Coin,0.00278708,0.0,0.0,coinmarketcap_data_api_listings_historical
2025-07-04,16230,EFT,ETH Fan Token Ecosystem,1e-08,0.0,0.0,coinmarketcap_data_api_listings_historical
2025-07-04,32621,99BTC,99 Bitcoins,2.296e-05,0.0,0.0,coinmarketcap_data_api_listings_historical
2025-07-04,16258,WOD,World of Defish,7.26e-06,0.0,0.0,coinmarketcap_data_api_listings_historical
2025-07-04,32643,PEPE,MOG PEPE,0.00043596,0.0,0.0,coinmarketcap_data_api_listings_historical
2025-07-04,32651,CIG,cig,1.342e-05,0.0,0.0,coinmarketcap_data_api_listings_historical
2025-07-04,32652,TIDDIES,TIDDIES,1.3e-07,0.0,0.0,coinmarketcap_data_api_listings_historical
2025-07-04,16275,MMETA,Duckie Land,0.00262711,0.0,0.0,coinmarketcap_data_api_listings_historical
2025-07-04,32664,BTW,Banana Tape Wall,0.0001757,0.0,0.0,coinmarketcap_data_api_listings_historical
2025-07-04,16285,GEON,Triathon,5.136e-05,0.0,0.0,coinmarketcap_data_api_listings_historical
2025-07-04,32669,OWO,SoMon,0.00126131,0.0,0.0,coinmarketcap_data_api_listings_historical
2025-07-04,16290,GTE,GreenTek,0.05378735,0.0,0.0,coinmarketcap_data_api_listings_historical
2025-07-04,32676,BTX,Batonex Token,0.07266796,0.0,0.0,coinmarketcap_data_api_listings_historical
2025-07-04,32679,$CODE,Code Token,8e-08,0.0,0.0,coinmarketcap_data_api_listings_historical
2025-07-04,16298,HBOT,Hummingbot,0.00144874,0.0,0.0,coinmarketcap_data_api_listings_historical
2025-07-04,32682,GUA,GUA,2.344e-05,0.0,0.0,coinmarketcap_data_api_listings_historical
2025-07-04,32688,GOU,Gou,0.00012102,0.0,0.0,coinmarketcap_data_api_listings_historical
2025-07-04,32695,KOLT,Kolt,3.367e-05,0.0,0.0,coinmarketcap_data_api_listings_historical
2025-07-04,16314,CNF,CryptoNeur Network foundation,8.062e-05,0.0,0.0,coinmarketcap_data_api_listings_historical
2025-07-04,32701,CBE,Coinbidex,3e-08,0.0,0.0,coinmarketcap_data_api_listings_historical
2025-07-04,32710,COLON,Colon,0.00011776,0.0,0.0,coinmarketcap_data_api_listings_historical
2025-07-04,16330,EGG,Chikn Egg,0.00107601,0.0,0.0,coinmarketcap_data_api_listings_historical
2025-07-04,32714,SQUID2,Squid Game 2,0.0,0.0,0.0,coinmarketcap_data_api_listings_historical
2025-07-04,16366,PHX,Phoenix Blockchain,0.0110952,0.0,0.0,coinmarketcap_data_api_listings_historical
2025-07-04,32750,TIEDAN,TieDan,9.72e-05,0.0,0.0,coinmarketcap_data_api_listings_historical
2025-07-04,32751,MAGA,TRUMP MAGA (trumpmaga.me),0.00046784,0.0,0.0,coinmarketcap_data_api_listings_historical
2025-07-04,32759,D.O.G.E.,D.O.G.E.,0.0,0.0,0.0,coinmarketcap_data_api_listings_historical
2025-07-04,32760,POODL,Poodlana,5.829e-05,0.0,0.0,coinmarketcap_data_api_listings_historical
2025-07-04,32763,4WIN,4TRUMP,0.00036044,0.0,0.0,coinmarketcap_data_api_listings_historical
