snapshot_date,asset_id,symbol,asset_name,price,market_cap,volume,source
2026-02-27,1,BTC,Bitcoin,65881.7951254,1317355443706.246,40283655942.19,coinmarketcap_data_api_listings_historical
2026-02-27,1027,ETH,Ethereum,1930.76180835,233027982193.54224,21136821038.85,coinmarketcap_data_api_listings_historical
2026-02-27,825,USDT,Tether USDt,0.99991795,183567509483.1742,82164254218.69,coinmarketcap_data_api_listings_historical
2026-02-27,1839,BNB,BNB,613.96955159,83720157897.7386,1782727959.6,coinmarketcap_data_api_listings_historical
2026-02-27,52,XRP,XRP,1.35592082,82833714300.634,3242202203.82,coinmarketcap_data_api_listings_historical
2026-02-27,3408,USDC,USDC,0.99996759,75225706127.61552,11120526796.07,coinmarketcap_data_api_listings_historical
2026-02-27,5426,SOL,Solana,81.95148287,46673563574.75467,3859172094.4,coinmarketcap_data_api_listings_historical
2026-02-27,1958,TRX,TRON,0.28285298,26797190030.578453,480575751.15,coinmarketcap_data_api_listings_historical
2026-02-27,74,DOGE,Dogecoin,0.09337019,15772126282.406694,1000779752.64,coinmarketcap_data_api_listings_historical
2026-02-27,2010,ADA,Cardano,0.27761965,10014889087.265884,502932086.28,coinmarketcap_data_api_listings_historical
2026-02-27,1831,BCH,Bitcoin Cash,461.53460189,9231052611.72852,370738270.11,coinmarketcap_data_api_listings_historical
2026-02-27,3957,LEO,UNUS SED LEO,8.80210535,8109139408.784799,1136337.64,coinmarketcap_data_api_listings_historical
2026-02-27,32196,HYPE,Hyperliquid,27.31396978,7056696998.811181,258436275.04,coinmarketcap_data_api_listings_historical
2026-02-27,37263,CC,Canton,0.17060083,6455270623.604683,523709608.81,coinmarketcap_data_api_listings_historical
2026-02-27,328,XMR,Monero,337.7553431,6230486373.637749,83469070.53,coinmarketcap_data_api_listings_historical
2026-02-27,1975,LINK,Chainlink,8.7087762,6166684166.398089,335270205.65,coinmarketcap_data_api_listings_historical
2026-02-27,29470,USDe,Ethena USDe,0.99925805,6060693374.60424,62324858.21,coinmarketcap_data_api_listings_historical
2026-02-27,4943,DAI,Dai,0.99997546,5365251037.771087,128280177.81,coinmarketcap_data_api_listings_historical
2026-02-27,512,XLM,Stellar,0.15887912,5235462506.615332,108647479.26,coinmarketcap_data_api_listings_historical
2026-02-27,36148,USD1,World Liberty Financial USD,0.99984015,4704343242.337935,1921231424.53,coinmarketcap_data_api_listings_historical
2026-02-27,4642,HBAR,Hedera,0.10045486,4319902657.556117,122527862.38,coinmarketcap_data_api_listings_historical
2026-02-27,27772,PYUSD,PayPal USD,0.99965165,4201877342.31653,119878477.28,coinmarketcap_data_api_listings_historical
2026-02-27,2,LTC,Litecoin,54.52947135,4193169565.8878536,323623302.98,coinmarketcap_data_api_listings_historical
2026-02-27,5805,AVAX,Avalanche,8.95996008,3868659534.4629064,330920274.08,coinmarketcap_data_api_listings_historical
2026-02-27,1437,ZEC,Zcash,219.11473255,3627659850.8486657,264902412.79,coinmarketcap_data_api_listings_historical
2026-02-27,20947,SUI,Sui,0.89991528,3461229413.1933236,666811369.31,coinmarketcap_data_api_listings_historical
2026-02-27,5994,SHIB,Shiba Inu,5.79e-06,3410704578.9555483,125368060.4,coinmarketcap_data_api_listings_historical
2026-02-27,11419,TON,Toncoin,1.2996132,3187203997.4060907,93638439.69,coinmarketcap_data_api_listings_historical
2026-02-27,3635,CRO,Cronos,0.07567659,3107614540.0777545,9826532.46,coinmarketcap_data_api_listings_historical
2026-02-27,33251,WLFI,World Liberty Financial,0.11086446,3066628634.105876,72117995.34,coinmarketcap_data_api_listings_historical
2026-02-27,5176,XAUt,Tether Gold,5260.37879718,2890834022.7986603,428332745.11,coinmarketcap_data_api_listings_historical
2026-02-27,6636,DOT,Polkadot,1.59949264,2670538769.2402897,339449295.43,coinmarketcap_data_api_listings_historical
2026-02-27,4705,PAXG,PAX Gold,5291.09228075,2506949083.9496813,447791435.96,coinmarketcap_data_api_listings_historical
2026-02-27,7083,UNI,Uniswap,3.74563149,2374414092.47862,172396776.01,coinmarketcap_data_api_listings_historical
2026-02-27,27075,MNT,Mantle,0.63499575,2065605662.3961623,40447415.94,coinmarketcap_data_api_listings_historical
2026-02-27,22974,TAO,Bittensor,176.1615383,1887334614.7069867,107542038.45,coinmarketcap_data_api_listings_historical
2026-02-27,35491,M,MemeCore,1.43625606,1828751030.5459943,13632994.72,coinmarketcap_data_api_listings_historical
2026-02-27,33793,USDG,Global Dollar,1.00001112,1767466895.5232844,51020908.96,coinmarketcap_data_api_listings_historical
2026-02-27,36341,ASTER,Aster,0.70469488,1744988632.5837018,106395252.59,coinmarketcap_data_api_listings_historical
2026-02-27,7278,AAVE,Aave,112.9874847,1732119997.6992059,368900825.4,coinmarketcap_data_api_listings_historical
2026-02-27,35697,PI,Pi,0.17196167,1612995682.4383242,14691374.44,coinmarketcap_data_api_listings_historical
2026-02-27,3897,OKB,OKB,76.36505178,1603666087.4204242,20241246.81,coinmarketcap_data_api_listings_historical
2026-02-27,33038,SKY,Sky,0.06722108,1547516364.4106314,16088311.36,coinmarketcap_data_api_listings_historical
2026-02-27,24478,PEPE,Pepe,3.68e-06,1524170788.7820275,389015612.83,coinmarketcap_data_api_listings_historical
2026-02-27,11092,BGB,Bitget Token,2.17159148,1519375786.0565438,12304129.21,coinmarketcap_data_api_listings_historical
2026-02-27,34387,RLUSD,Ripple USD,1.00004494,1495091041.7927544,124574267.87,coinmarketcap_data_api_listings_historical
2026-02-27,6535,NEAR,NEAR Protocol,1.09344725,1409357771.866976,198295508.14,coinmarketcap_data_api_listings_historical
2026-02-27,8916,ICP,Internet Computer,2.49858752,1372523797.4499452,140153397.61,coinmarketcap_data_api_listings_historical
2026-02-27,1321,ETC,Ethereum Classic,8.64430373,1345960862.7128296,74268466.45,coinmarketcap_data_api_listings_historical
2026-02-27,21159,ONDO,Ondo,0.25708301,1251822192.0267856,47252309.05,coinmarketcap_data_api_listings_historical
2026-02-27,28321,POL,Polygon (prev. MATIC),0.1089739,1155082713.9498868,84632884.46,coinmarketcap_data_api_listings_historical
2026-02-27,19891,USDD,USDD,0.99979229,1126697858.405169,3150247.82,coinmarketcap_data_api_listings_historical
2026-02-27,13502,WLD,Worldcoin,0.38954491,1120863501.2742271,93917635.26,coinmarketcap_data_api_listings_historical
2026-02-27,2087,KCS,KuCoin Token,8.37283856,1106512662.2459943,2526734.75,coinmarketcap_data_api_listings_historical
2026-02-27,39064,NIGHT,Midnight,0.05824137,967237769.2905794,12911055.14,coinmarketcap_data_api_listings_historical
2026-02-27,3794,ATOM,Cosmos,1.85065915,916410470.5039595,71268512.37,coinmarketcap_data_api_listings_historical
2026-02-27,30171,ENA,Ethena,0.10265358,844325674.8147161,105316381.06,coinmarketcap_data_api_listings_historical
2026-02-27,20396,KAS,Kaspa,0.03026853,824535072.9158047,19963482.62,coinmarketcap_data_api_listings_historical
2026-02-27,4269,GT,GateToken,6.95506885,801088815.6855603,3552619.2,coinmarketcap_data_api_listings_historical
2026-02-27,35336,TRUMP,OFFICIAL TRUMP,3.40123776,790780917.3904648,97440898.39,coinmarketcap_data_api_listings_historical
2026-02-27,7950,FLR,Flare,0.00928523,788991229.7778478,3993230.87,coinmarketcap_data_api_listings_historical
2026-02-27,3155,QNT,Quant,64.47530347,778393446.2666991,9304351.2,coinmarketcap_data_api_listings_historical
2026-02-27,4030,ALGO,Algorand,0.08654144,768963756.0519986,27922649.4,coinmarketcap_data_api_listings_historical
2026-02-27,2280,FIL,Filecoin,0.99382139,750160842.4898863,112620770.8,coinmarketcap_data_api_listings_historical
2026-02-27,5690,RENDER,Render,1.41554849,734306239.9352111,34547831.61,coinmarketcap_data_api_listings_historical
2026-02-27,21794,APT,Aptos,0.93734041,731237705.5866859,90053122.13,coinmarketcap_data_api_listings_historical
2026-02-27,34104,MORPHO,Morpho,1.83745047,717645530.0394648,34280573.22,coinmarketcap_data_api_listings_historical
2026-02-27,2634,XDC,XDC Network,0.03387722,675331739.4893322,27988597.02,coinmarketcap_data_api_listings_historical
2026-02-27,39120,U,United Stables,1.00022016,665046370.6838229,26425240.32,coinmarketcap_data_api_listings_historical
2026-02-27,35053,PIPPIN,pippin,0.64441854,644416120.5874639,92230134.86,coinmarketcap_data_api_listings_historical
2026-02-27,36507,PUMP,Pump.fun,0.00179563,635653690.6307851,124371965.28,coinmarketcap_data_api_listings_historical
2026-02-27,3077,VET,VeChain,0.00735683,632577258.8060089,23412628.8,coinmarketcap_data_api_listings_historical
2026-02-27,11841,ARB,Arbitrum,0.10030035,595691296.4631944,202269094.06,coinmarketcap_data_api_listings_historical
2026-02-27,1168,DCR,Decred,34.34455547,594071630.0059775,17023704.51,coinmarketcap_data_api_listings_historical
2026-02-27,38892,STABLE,Stable,0.03247115,571492208.668589,1725339142.46,coinmarketcap_data_api_listings_historical
2026-02-27,2694,NEXO,Nexo,0.8475594,547646977.2062696,10326848.39,coinmarketcap_data_api_listings_historical
2026-02-27,29210,JUP,Jupiter,0.15263569,533822506.3701307,32173234.08,coinmarketcap_data_api_listings_historical
2026-02-27,23095,BONK,Bonk,5.93e-06,522235393.82948685,55696370.52,coinmarketcap_data_api_listings_historical
2026-02-27,2563,TUSD,TrueUSD,0.99925521,494146773.84133315,14891733.79,coinmarketcap_data_api_listings_historical
2026-02-27,26997,ZRO,LayerZero,1.62411568,491554371.6704076,103004960.91,coinmarketcap_data_api_listings_historical
2026-02-27,4847,STX,Stacks,0.2595401,470962975.0213261,14494513.94,coinmarketcap_data_api_listings_historical
2026-02-27,23149,SEI,Sei,0.06895836,464319621.3051513,39549227.76,coinmarketcap_data_api_listings_historical
2026-02-27,20641,EURC,EURC,1.1804947,461191361.0512019,49288370.22,coinmarketcap_data_api_listings_historical
2026-02-27,29420,VIRTUAL,Virtuals Protocol,0.68197382,447580764.8922742,139747624.87,coinmarketcap_data_api_listings_historical
2026-02-27,7186,CAKE,PancakeSwap,1.2982712,429476079.49528253,33131692.63,coinmarketcap_data_api_listings_historical
2026-02-27,34466,PENGU,Pudgy Penguins,0.00679926,427404231.2961641,96342694.07,coinmarketcap_data_api_listings_historical
2026-02-27,38828,KITE,Kite,0.23476231,422572164.9303855,156931022.48,coinmarketcap_data_api_listings_historical
2026-02-27,131,DASH,Dash,33.23459035,419010703.4165769,72207739.82,coinmarketcap_data_api_listings_historical
2026-02-27,5488,JST,JUST,0.04742288,418037803.3370457,33033302.88,coinmarketcap_data_api_listings_historical
2026-02-27,2011,XTZ,Tezos,0.38317147,412593322.58897746,15009974.29,coinmarketcap_data_api_listings_historical
2026-02-27,26081,FDUSD,First Digital USD,0.99944783,380203762.1838794,398037072.99,coinmarketcap_data_api_listings_historical
2026-02-27,29814,ETHFI,ether.fi,0.49349477,367191728.8570155,23695893.02,coinmarketcap_data_api_listings_historical
2026-02-27,6538,CRV,Curve DAO Token,0.24207013,355586189.8661871,55446199.76,coinmarketcap_data_api_listings_historical
2026-02-27,3773,FET,Artificial Superintelligence Alliance,0.15613056,353005697.5383589,127366404.98,coinmarketcap_data_api_listings_historical
2026-02-27,32880,KAIA,Kaia,0.05566153,348164383.9545465,10173030.09,coinmarketcap_data_api_listings_historical
2026-02-27,4066,CHZ,Chiliz,0.03375412,347705643.5698303,74957688.36,coinmarketcap_data_api_listings_historical
2026-02-27,39125,LIT,Lighter,1.3601267,340031674.534407,31472870.51,coinmarketcap_data_api_listings_historical
2026-02-27,16086,BTT,BitTorrent [New],3.4e-07,338053585.5054205,19946842.84,coinmarketcap_data_api_listings_historical
2026-02-27,35626,IP,Story,0.94464325,331453343.3004321,40719407.37,coinmarketcap_data_api_listings_historical
2026-02-27,9816,NFT,AINFT,3.3e-07,330839025.253687,38883834.78,coinmarketcap_data_api_listings_historical
2026-02-27,1659,GNO,Gnosis,124.98224849,329865478.8168183,3521505.34,coinmarketcap_data_api_listings_historical
2026-02-27,10603,IMX,Immutable,0.16502034,328220924.45362383,22670824.02,coinmarketcap_data_api_listings_historical
2026-02-27,3602,BSV,Bitcoin SV,15.70761043,314066503.8954279,17847566.69,coinmarketcap_data_api_listings_historical
2026-02-27,29270,AERO,Aerodrome Finance,0.33911083,312729425.0938855,14429552.62,coinmarketcap_data_api_listings_historical
2026-02-27,7226,INJ,Injective,3.08161753,308072187.17598253,61079746.55,coinmarketcap_data_api_listings_historical
2026-02-27,10529,SUN,Sun [New],0.01599237,307290582.9050406,16321188.26,coinmarketcap_data_api_listings_historical
2026-02-27,36922,H,Humanity Protocol,0.1200694,302103198.4783581,92991074.48,coinmarketcap_data_api_listings_historical
2026-02-27,7326,DEXE,DeXe,3.45873555,289612661.04887366,10710302.4,coinmarketcap_data_api_listings_historical
2026-02-27,1720,IOTA,IOTA,0.06722511,289565277.9721277,13535341.92,coinmarketcap_data_api_listings_historical
2026-02-27,28177,PYTH,Pyth Network,0.04955332,284930707.36918813,14689733.37,coinmarketcap_data_api_listings_historical
2026-02-27,22861,TIA,Celestia,0.31962997,283074368.8689578,31447037.23,coinmarketcap_data_api_listings_historical
2026-02-27,6719,GRT,The Graph,0.02618147,280969435.36611575,24965767.85,coinmarketcap_data_api_listings_historical
2026-02-27,8425,JASMY,JasmyCoin,0.0056345,278597702.7518339,17149475.38,coinmarketcap_data_api_listings_historical
2026-02-27,28081,SPX,SPX6900,0.29742567,276901241.93619436,7995309.47,coinmarketcap_data_api_listings_historical
2026-02-27,10804,FLOKI,FLOKI,2.853e-05,272163068.506292,37065810.18,coinmarketcap_data_api_listings_historical
2026-02-27,33824,SYRUP,Maple Finance,0.23282499,269935133.3198448,13277860.02,coinmarketcap_data_api_listings_historical
2026-02-27,38515,2Z,DoubleZero,0.07550979,262125989.57832518,11925742.52,coinmarketcap_data_api_listings_historical
2026-02-27,8000,LDO,Lido DAO,0.30078127,255413469.60883674,49531283.01,coinmarketcap_data_api_listings_historical
2026-02-27,11840,OP,Optimism,0.11979932,253716662.55322027,95767377.0,coinmarketcap_data_api_listings_historical
2026-02-27,7334,CFX,Conflux,0.04841719,251145927.52257353,12135971.95,coinmarketcap_data_api_listings_historical
2026-02-27,5665,HNT,Helium,1.32770224,247379390.4950484,3702332.17,coinmarketcap_data_api_listings_historical
2026-02-27,6210,SAND,The Sandbox,0.08364543,245720139.12127215,35028816.26,coinmarketcap_data_api_listings_historical
2026-02-27,2394,TEL,Telcoin,0.00253632,243674928.58258066,1255135.27,coinmarketcap_data_api_listings_historical
2026-02-27,3871,AB,AB,0.00242572,239719013.14349487,6000874.34,coinmarketcap_data_api_listings_historical
2026-02-27,4172,LUNC,Terra Classic,4.306e-05,235357193.52195773,127504648.2,coinmarketcap_data_api_listings_historical
2026-02-27,13855,ENS,Ethereum Name Service,6.06332979,231654827.27924082,26941309.06,coinmarketcap_data_api_listings_historical
2026-02-27,38417,RIVER,River,11.444337,224309005.12517682,31030522.74,coinmarketcap_data_api_listings_historical
2026-02-27,30495,MON,Monad,0.02068281,224006887.97961974,48409657.1,coinmarketcap_data_api_listings_historical
2026-02-27,22691,STRK,Starknet,0.0407597,222042137.58513525,41000016.28,coinmarketcap_data_api_listings_historical
2026-02-27,6783,AXS,Axie Infinity,1.29853683,219889965.0281894,55730020.04,coinmarketcap_data_api_listings_historical
2026-02-27,5964,TWT,Trust Wallet Token,0.51146599,219859033.30937865,15791802.34,coinmarketcap_data_api_listings_historical
2026-02-27,9481,PENDLE,Pendle,1.25419589,207361187.56787086,32032266.9,coinmarketcap_data_api_listings_historical
2026-02-27,28752,WIF,dogwifhat,0.20400398,203767229.54883057,65317964.52,coinmarketcap_data_api_listings_historical
2026-02-27,30636,ZBCN,Zebec Network,0.00201343,199318688.3447275,7328003.06,coinmarketcap_data_api_listings_historical
2026-02-27,38408,BARD,Lombard,0.8602874,193564664.72641113,43491978.4,coinmarketcap_data_api_listings_historical
2026-02-27,1376,NEO,Neo,2.71524034,191529879.6933324,12007567.81,coinmarketcap_data_api_listings_historical
2026-02-27,37322,VSN,Vision,0.05394822,191208210.78129083,7740906.47,coinmarketcap_data_api_listings_historical
2026-02-27,1966,MANA,Decentraland,0.09627629,191195996.3120084,22049163.95,coinmarketcap_data_api_listings_historical
2026-02-27,2416,THETA,Theta Network,0.18824032,188240317.9147745,7443152.59,coinmarketcap_data_api_listings_historical
2026-02-27,38482,FF,Falcon Finance,0.07878419,184354998.38750762,75316112.46,coinmarketcap_data_api_listings_historical
2026-02-27,5692,COMP,Compound,18.46647474,184027813.48253602,51360398.02,coinmarketcap_data_api_listings_historical
2026-02-27,18679,XCN,Onyxcoin,0.00486745,181065477.8416239,9835256.91,coinmarketcap_data_api_listings_historical
2026-02-27,24091,ZK,ZKsync,0.01925639,177653965.0883123,17388354.37,coinmarketcap_data_api_listings_historical
2026-02-27,7080,GALA,Gala,0.0036556,173132198.57575202,26677652.72,coinmarketcap_data_api_listings_historical
2026-02-27,9903,CVX,Convex Finance,1.7304885,172398252.0804796,18611740.39,coinmarketcap_data_api_listings_historical
2026-02-27,10508,FLUID,Fluid,2.17890091,171114631.06470868,4341474.41,coinmarketcap_data_api_listings_historical
2026-02-27,36532,B,BUILDon,0.17089957,170899565.6040457,11537890.18,coinmarketcap_data_api_listings_historical
2026-02-27,36645,XPL,Plasma,0.09164521,164961386.00870952,72873469.13,coinmarketcap_data_api_listings_historical
2026-02-27,4041,MX,MX Token,1.79063581,164447219.0271766,8035122.57,coinmarketcap_data_api_listings_historical
2026-02-27,38868,SENT,Sentient,0.02254519,163179328.9143688,36753348.09,coinmarketcap_data_api_listings_historical
2026-02-27,1697,BAT,Basic Attention Token,0.10697542,160005771.58542484,31990435.87,coinmarketcap_data_api_listings_historical
2026-02-27,8526,RAY,Raydium,0.59206935,159078389.56418872,20161386.63,coinmarketcap_data_api_listings_historical
2026-02-27,33597,FARTCOIN,Fartcoin,0.15683104,156830765.80627725,66448267.31,coinmarketcap_data_api_listings_historical
2026-02-27,2467,TRAC,OriginTrail,0.31270546,156352195.90513223,7501698.58,coinmarketcap_data_api_listings_historical
2026-02-27,10791,XEC,eCash,7.38e-06,147570047.401096,6024058.83,coinmarketcap_data_api_listings_historical
2026-02-27,7548,WEMIX,WEMIX,0.30618508,141542575.67524776,986821.47,coinmarketcap_data_api_listings_historical
2026-02-27,4157,RUNE,THORChain,0.39789473,139519536.13090184,23050180.16,coinmarketcap_data_api_listings_historical
2026-02-27,38337,0G,0G,0.63683261,135800731.85102382,30616303.52,coinmarketcap_data_api_listings_historical
2026-02-27,1455,GLM,Golem,0.13521217,135212165.6286661,10934730.72,coinmarketcap_data_api_listings_historical
2026-02-27,8119,SFP,SafePal,0.26327264,131636319.61405122,4233847.19,coinmarketcap_data_api_listings_historical
2026-02-27,6892,EGLD,MultiversX,4.44084635,130615471.94123334,8747684.58,coinmarketcap_data_api_listings_historical
2026-02-27,36462,A,Vaulta,0.08016314,130304726.08413473,15053539.97,coinmarketcap_data_api_listings_historical
2026-02-27,8104,1INCH,1inch,0.09126753,128157925.80730078,14527822.03,coinmarketcap_data_api_listings_historical
2026-02-27,24647,BERA,Berachain,0.5923698,127375281.22300854,46780095.04,coinmarketcap_data_api_listings_historical
2026-02-27,6945,AMP,Amp,0.00145905,122971796.32762529,4494132.23,coinmarketcap_data_api_listings_historical
2026-02-27,28541,JTO,Jito,0.27720955,122450313.1148051,15562514.99,coinmarketcap_data_api_listings_historical
2026-02-27,36119,WAL,Walrus,0.07559251,121688186.61131005,9247645.34,coinmarketcap_data_api_listings_historical
2026-02-27,19269,COW,CoW Protocol,0.21298786,119574344.05202305,6151782.63,coinmarketcap_data_api_listings_historical
2026-02-27,33391,DEEP,DeepBook Protocol,0.02497567,119415152.5753037,6790710.37,coinmarketcap_data_api_listings_historical
2026-02-27,30494,EIGEN,EigenCloud,0.18645417,119343343.87392803,18071054.98,coinmarketcap_data_api_listings_historical
2026-02-27,32684,S,Sonic,0.03997443,115126358.2977938,14755366.29,coinmarketcap_data_api_listings_historical
2026-02-27,3640,LPT,Livepeer,2.30367912,114467407.29566975,12112174.48,coinmarketcap_data_api_listings_historical
2026-02-27,2586,SNX,Synthetix,0.32929751,113448337.25832827,15739782.99,coinmarketcap_data_api_listings_historical
2026-02-27,39377,SKR,Seeker,0.02068945,109967174.300961,20676699.81,coinmarketcap_data_api_listings_historical
2026-02-27,35347,MELANIA,Official Melania Meme,0.10828564,108285242.83048598,11776553.03,coinmarketcap_data_api_listings_historical
2026-02-27,36410,MYX,MYX Finance,0.42472052,106805922.30504209,44098800.4,coinmarketcap_data_api_listings_historical
2026-02-27,5632,AR,Arweave,1.61470101,106009103.20157401,26527228.66,coinmarketcap_data_api_listings_historical
2026-02-27,4195,FTT,FTX Token,0.31709658,104291513.92895612,5266518.55,coinmarketcap_data_api_listings_historical
2026-02-27,30083,ATH,Aethir,0.00594791,104011992.70445658,92964440.31,coinmarketcap_data_api_listings_historical
2026-02-27,1785,GAS,Gas,1.59950563,103955599.6289788,4998443.45,coinmarketcap_data_api_listings_historical
2026-02-27,29587,W,Wormhole,0.01892235,103390044.27546431,20603075.06,coinmarketcap_data_api_listings_historical
2026-02-27,4006,AWE,AWE,0.05318346,103304633.54389393,8980404.7,coinmarketcap_data_api_listings_historical
2026-02-27,38356,FOGO,Fogo,0.0271453,102636669.87476546,20844212.94,coinmarketcap_data_api_listings_historical
2026-02-27,36133,HOME,Defi App,0.02900907,99815381.70394047,12661474.12,coinmarketcap_data_api_listings_historical
2026-02-27,3822,TFUEL,Theta Fuel,0.01377497,99784115.96139406,2136292.27,coinmarketcap_data_api_listings_historical
2026-02-27,38151,YZY,YZY MONEY,0.32883159,98649349.45214982,1206537.18,coinmarketcap_data_api_listings_historical
2026-02-27,1698,ZEN,Horizen,5.41713874,96817761.844217,17866980.25,coinmarketcap_data_api_listings_historical
2026-02-27,1684,QTUM,Qtum,0.91058785,96497919.7188058,13655709.64,coinmarketcap_data_api_listings_historical
2026-02-27,28298,BEAM,Beam,0.00192544,95243661.1824018,4827878.49,coinmarketcap_data_api_listings_historical
2026-02-27,18934,STG,Stargate Finance,0.14305945,94555336.53067312,8335467.27,coinmarketcap_data_api_listings_historical
2026-02-27,693,XVG,Verge,0.00569904,94159254.93384323,4797352.54,coinmarketcap_data_api_listings_historical
2026-02-27,7653,ROSE,Oasis,0.01239327,93551642.21833587,9922365.93,coinmarketcap_data_api_listings_historical
2026-02-27,5864,YFI,yearn.finance,2614.58209308,93266858.35954536,42207981.03,coinmarketcap_data_api_listings_historical
2026-02-27,2577,RVN,Ravencoin,0.00577487,93014706.88340497,5819340.74,coinmarketcap_data_api_listings_historical
2026-02-27,38353,MET,Meteora,0.18242928,92423148.12178902,17099925.24,coinmarketcap_data_api_listings_historical
2026-02-27,3964,RSR,Reserve Rights,0.00147681,92379443.77297053,6484888.66,coinmarketcap_data_api_listings_historical
2026-02-27,24613,EDU,Open Campus,0.1099006,91368613.33802862,3811940.18,coinmarketcap_data_api_listings_historical
2026-02-27,5034,KSM,Kusama,4.98502755,88898547.98667617,5806621.3,coinmarketcap_data_api_listings_historical
2026-02-27,7431,AKT,Akash Network,0.30770593,88894631.41107756,3711300.89,coinmarketcap_data_api_listings_historical
2026-02-27,27750,TOSHI,Toshi,0.00020691,87039397.4573297,9890240.33,coinmarketcap_data_api_listings_historical
2026-02-27,18579,WTRX,Wrapped TRON,0.2831187,24751057994.97949,831968.15,coinmarketcap_data_api_listings_historical
2026-02-27,8085,stETH,Lido Staked ETH,1928.79084576,18185973325.316303,31469625.34,coinmarketcap_data_api_listings_historical
2026-02-27,33039,USDS,USDS,0.99993668,9989889216.901497,75136636.98,coinmarketcap_data_api_listings_historical
2026-02-27,12409,WSTETH,Lido wstETH,2360.21441148,8482582499.530667,6929109.23,coinmarketcap_data_api_listings_historical
2026-02-27,3717,WBTC,Wrapped Bitcoin,65660.71901787,7900539105.026839,254897102.54,coinmarketcap_data_api_listings_historical
2026-02-27,24760,WBETH,Wrapped Beacon ETH,2106.04294779,7086597029.033916,8845568.75,coinmarketcap_data_api_listings_historical
2026-02-27,2396,WETH,WETH,1927.42638261,6505676177.741643,1319735477.66,coinmarketcap_data_api_listings_historical
2026-02-27,28695,weETH,Wrapped eETH,2096.9954032,5834748230.731817,2009677.53,coinmarketcap_data_api_listings_historical
2026-02-27,36457,AETHUSDT,Aave Ethereum USDT,1.00019655,5652606836.631342,1586237.27,coinmarketcap_data_api_listings_historical
2026-02-27,32994,CBBTC,Coinbase Wrapped BTC,65808.29207149,5560416737.248244,317822003.84,coinmarketcap_data_api_listings_historical
2026-02-27,36458,AETHWETH,Aave Ethereum WETH,1881.71966462,5526695191.925982,25.3,coinmarketcap_data_api_listings_historical
2026-02-27,38341,RAIN,Rain,0.00936098,4473913681.603584,32126696.42,coinmarketcap_data_api_listings_historical
2026-02-27,4023,BTCB,Bitcoin BEP2,65826.9272664,4292983711.714556,71226702.67,coinmarketcap_data_api_listings_historical
2026-02-27,29471,sUSDe,Ethena Staked USDe,1.21986431,3511336253.618398,4750704.43,coinmarketcap_data_api_listings_historical
2026-02-27,37760,BFUSD,BFUSD,0.99923181,1786192483.9196517,3052659.95,coinmarketcap_data_api_listings_historical
2026-02-27,35721,USDf,Falcon USD,0.99678176,1622282234.4630344,1451250.7,coinmarketcap_data_api_listings_historical
2026-02-27,38779,syrupUSDC,syrupUSDC,1.15367443,1553098128.4296803,14411604.44,coinmarketcap_data_api_listings_historical
2026-02-27,9486,BTCT,Bitcoin TRC20,65881.18966858,1155909442.743066,77635.68,coinmarketcap_data_api_listings_historical
2026-02-27,29242,RSETH,Kelp DAO Restaked ETH,2053.78930866,1133971001.0186324,147201.66,coinmarketcap_data_api_listings_historical
2026-02-27,28853,JLP,Jupiter Perps LP,3.61196473,1090696878.082711,11529559.12,coinmarketcap_data_api_listings_historical
2026-02-27,18852,USDC.e,USD Coin Bridged,0.9994561,1090353720.545508,25314047.65,coinmarketcap_data_api_listings_historical
2026-02-27,22533,JITOSOL,Jito Staked SOL,103.4934857,1038040428.7240856,15041618.37,coinmarketcap_data_api_listings_historical
2026-02-27,7192,WBNB,Wrapped BNB,613.36754412,970890002.8261993,384233661.28,coinmarketcap_data_api_listings_historical
2026-02-27,31369,BBTC,BounceBit BTC,67180.34011859,967376745.6210526,0.0,coinmarketcap_data_api_listings_historical
2026-02-27,34691,USDtb,Ethena Labs (USDtb),1.00049929,835685772.954277,52430.66,coinmarketcap_data_api_listings_historical
2026-02-27,28183,WFLR,Wrapped Flare,0.00927233,787895008.3881459,0.0,coinmarketcap_data_api_listings_historical
2026-02-27,33652,LBTC,Lombard Staked BTC,65783.78813192,775213185.5210335,352445.33,coinmarketcap_data_api_listings_historical
2026-02-27,15060,RETH,Rocket Pool ETH,2225.98211888,769733647.2592766,30.51,coinmarketcap_data_api_listings_historical
2026-02-27,32882,BNSOL,Binance Staked SOL,90.08347685,732878070.6564976,1796236.39,coinmarketcap_data_api_listings_historical
2026-02-27,32306,FBTC,Function,65212.60759954,722029255.3423247,0.0,coinmarketcap_data_api_listings_historical
2026-02-27,29256,USDY,Ondo US Dollar Yield,1.11409986,706483886.6890277,163062.22,coinmarketcap_data_api_listings_historical
2026-02-27,3987,BDX,Beldex,0.08097408,615879427.9056333,14039858.89,coinmarketcap_data_api_listings_historical
2026-02-27,27568,slisBNB,Lista Staked BNB,634.11885305,603536307.8157712,225276.6,coinmarketcap_data_api_listings_historical
2026-02-27,39072,KHYPE,Kinetiq Staked HYPE,27.58579965,584171244.5770177,9578181.03,coinmarketcap_data_api_listings_historical
2026-02-27,32307,USD0,Usual USD,0.99841978,572398272.2361727,277744.73,coinmarketcap_data_api_listings_historical
2026-02-27,29035,METH,Mantle Staked Ether,2095.91084735,571045509.9099687,3347778.54,coinmarketcap_data_api_listings_historical
2026-02-27,38786,syrupUSDT,syrupUSDT,1.11766405,567341781.2206713,0.0,coinmarketcap_data_api_listings_historical
2026-02-27,23508,GHO,GHO,1.00019561,527541056.12310886,886902.88,coinmarketcap_data_api_listings_historical
2026-02-27,23782,LSETH,Liquid Staked ETH,2141.49265901,524629557.65140504,6287.13,coinmarketcap_data_api_listings_historical
2026-02-27,33055,slisBNBx,slisBNBx,613.8998,518057810.4099225,4584745.02,coinmarketcap_data_api_listings_historical
2026-02-27,33981,bUSD0,Bond USD0,0.96295504,505031177.28475547,0.0,coinmarketcap_data_api_listings_historical
2026-02-27,38562,USDAI,USDai,0.99996489,501333525.5240559,927325.98,coinmarketcap_data_api_listings_historical
2026-02-27,22615,FTN,Fasttoken,1.08948537,475300538.01581705,61501.41,coinmarketcap_data_api_listings_historical
2026-02-27,7962,vBTC,Venus BTC,1344.20358145,460672829.07470065,0.0,coinmarketcap_data_api_listings_historical
2026-02-27,26133,TBTC,tBTC,65577.96541095,446901180.5782957,2268736.61,coinmarketcap_data_api_listings_historical
2026-02-27,33312,SolvBTC,SolvBTC,65644.89010689,417619844.33735824,56401.57,coinmarketcap_data_api_listings_historical
2026-02-27,7961,vBNB,Venus BNB,15.29818699,409431997.5052766,409278098.24,coinmarketcap_data_api_listings_historical
2026-02-27,29520,EZETH,Renzo Restaked ETH,2055.76793986,399400324.9551508,4436.86,coinmarketcap_data_api_listings_historical
2026-02-27,28476,osETH,StakeWise Staked ETH,2051.29901553,394862458.259091,0.0,coinmarketcap_data_api_listings_historical
2026-02-27,35930,WXTZ,Wrapped XTZ,0.38084726,393359509.3548291,0.0,coinmarketcap_data_api_listings_historical
2026-02-27,38192,JUPSOL,Jupiter Staked SOL,95.38473894,389526226.2169544,309029.64,coinmarketcap_data_api_listings_historical
2026-02-27,37745,CTM,c8ntinuum,0.0797339,347603302.393481,998792.24,coinmarketcap_data_api_listings_historical
2026-02-27,28568,EETH,ether.fi Staked ETH,1922.72893237,346743116.5119382,81047.21,coinmarketcap_data_api_listings_historical
2026-02-27,33469,WCHZ,Wrapped Chiliz,0.03366969,309989850.17585963,40673.72,coinmarketcap_data_api_listings_historical
2026-02-27,39042,POWER,Power Protocol,1.43099821,300509624.95003,47360893.41,coinmarketcap_data_api_listings_historical
2026-02-27,24927,CRVUSD,crvUSD,0.99711023,289605214.24949604,15199163.02,coinmarketcap_data_api_listings_historical
2026-02-27,36246,stkAAVE,Staked Aave,111.29858473,287192575.23221624,0.0,coinmarketcap_data_api_listings_historical
2026-02-27,6952,FRAX,Legacy Frax Dollar,0.99065637,273405490.8809661,219724.79,coinmarketcap_data_api_listings_historical
2026-02-27,33852,DUCKY,Ducky,0.00065888,273039172.32444656,227131.1,coinmarketcap_data_api_listings_historical
2026-02-27,33771,PEANUT,Peanut,0.00065889,269786916.2043905,204590.19,coinmarketcap_data_api_listings_historical
2026-02-27,21535,cbETH,Coinbase Wrapped Staked ETH,2165.24713547,268283005.21618629,5321590.17,coinmarketcap_data_api_listings_historical
2026-02-27,27566,ETHX,Stader ETHx,2087.41779791,257884542.46005923,295898.2,coinmarketcap_data_api_listings_historical
2026-02-27,35766,SIREN,siren,0.35354242,257682194.72700492,19863095.12,coinmarketcap_data_api_listings_historical
2026-02-27,7957,vUSDT,Venus USDT,0.02567629,241395312.54305458,40477.68,coinmarketcap_data_api_listings_historical
2026-02-27,11461,MSOL,Marinade Staked SOL,111.38321701,235450420.63125038,1361131.07,coinmarketcap_data_api_listings_historical
2026-02-27,35881,WHYPE,Wrapped HYPE,27.29732912,232741719.18809372,71838776.88,coinmarketcap_data_api_listings_historical
2026-02-27,20721,BTC.b,Bitcoin Avalanche Bridged,65834.3562697,231443261.27494568,8659587.78,coinmarketcap_data_api_listings_historical
2026-02-27,18523,sAVAX,BENQI Liquid Staked AVAX,11.17463292,217607004.83187905,106229.74,coinmarketcap_data_api_listings_historical
2026-02-27,37574,TETH,Treehouse ETH,2375.93913866,212632297.27505377,0.0,coinmarketcap_data_api_listings_historical
2026-02-27,27048,APEPE,Ape and Pepe,9.8e-07,206643982.35222,27124803.8,coinmarketcap_data_api_listings_historical
2026-02-27,35509,VVV,Venice Token,4.60705742,203708387.2191114,38818427.23,coinmarketcap_data_api_listings_historical
2026-02-27,39090,GTBTC,GTBTC,66107.28528335,198286431.26168054,24247.44,coinmarketcap_data_api_listings_historical
2026-02-27,36175,UNIBTC,Universal BTC,65554.30711183,194979691.71323702,0.0,coinmarketcap_data_api_listings_historical
2026-02-27,23177,SFRXETH,Frax Staked Ether,2177.57259012,193612737.20697895,0.0,coinmarketcap_data_api_listings_historical
2026-02-27,8353,BETH,Beacon ETH,1909.11014381,192768578.55077928,6299921.33,coinmarketcap_data_api_listings_historical
2026-02-27,12760,INF,Sanctum Infinity,114.78635848,192316045.94819707,1198011.76,coinmarketcap_data_api_listings_historical
2026-02-27,28293,ULTIMA,Ultima,5004.99427581,187231830.86384082,19101572.34,coinmarketcap_data_api_listings_historical
2026-02-27,2499,BORG,SwissBorg,0.18820802,184867789.11486232,602157.03,coinmarketcap_data_api_listings_historical
2026-02-27,3626,rBTC,Rootstock Bitcoin,65683.54892799,183515241.46896887,32754.24,coinmarketcap_data_api_listings_historical
2026-02-27,27765,ZBU,Zeebu,0.44101045,182414268.3104431,51129.97,coinmarketcap_data_api_listings_historical
2026-02-27,29933,UDS,Undeads Games,1.83489806,182136185.6480045,641563.79,coinmarketcap_data_api_listings_historical
2026-02-27,32864,AUSD,AUSD,0.99990292,177599427.58463264,40672880.68,coinmarketcap_data_api_listings_historical
2026-02-27,38185,ADI,ADI,3.37256875,172506891.4637924,919174.43,coinmarketcap_data_api_listings_historical
2026-02-27,24875,STRX,Staked TRX,0.35385561,172031713.76039815,3289976.85,coinmarketcap_data_api_listings_historical
2026-02-27,36743,TIBBIR,Ribbita by Virtuals,0.17003897,170038969.2275134,8516269.56,coinmarketcap_data_api_listings_historical
2026-02-27,34261,WFI,WeFi,2.06756108,165530486.0428158,2914511.27,coinmarketcap_data_api_listings_historical
2026-02-27,35293,asBNB,Aster asBNB,651.32337071,163115778.19982544,29593.55,coinmarketcap_data_api_listings_historical
2026-02-27,7184,KOGE,48 Club Token,48.00132398,162639450.59833086,98942401.29,coinmarketcap_data_api_listings_historical
2026-02-27,16116,SOL,Wrapped Solana,81.80131482,152512761.54794496,523394796.64,coinmarketcap_data_api_listings_historical
2026-02-27,38330,GUSD,GUSD,0.99899667,149290062.57313675,722906.59,coinmarketcap_data_api_listings_historical
2026-02-27,33978,CMETH,Mantle Restaked Ether,2098.81560233,149258300.74133843,6844237.7,coinmarketcap_data_api_listings_historical
2026-02-27,35437,USDF,Aster USDF,0.99843842,145369357.46322164,29778.5,coinmarketcap_data_api_listings_historical
2026-02-27,9462,WAVAX,Wrapped AVAX,8.95931282,134770242.3000361,75495769.86,coinmarketcap_data_api_listings_historical
2026-02-27,15271,RLB,Rollbit Coin,0.0755162,131618576.50499406,257135.99,coinmarketcap_data_api_listings_historical
2026-02-27,35954,LION,Loaded Lions,0.00394774,121768997.88759232,735903.89,coinmarketcap_data_api_listings_historical
2026-02-27,36066,KTA,Keeta,0.2440127,120751910.45668504,3208580.22,coinmarketcap_data_api_listings_historical
2026-02-27,10180,GOMINING,GoМining,0.29327734,118917585.90988111,11360419.27,coinmarketcap_data_api_listings_historical
2026-02-27,4691,ZANO,Zano,7.81148641,117198081.93657662,1301604.06,coinmarketcap_data_api_listings_historical
2026-02-27,30605,ALE,Ailey,0.26632366,117108430.5895867,155706.18,coinmarketcap_data_api_listings_historical
2026-02-27,37986,LIGHT,Light,0.19353221,113758658.6633917,0.0,coinmarketcap_data_api_listings_historical
2026-02-27,33881,BAN,Comedian,0.11297981,112975503.73027733,9218288.22,coinmarketcap_data_api_listings_historical
2026-02-27,36039,FRXUSD,Frax USD,0.99951072,112922335.04990613,1715180.44,coinmarketcap_data_api_listings_historical
2026-02-27,33834,BBSOL,Bybit Staked SOL,93.04994597,110241199.2258331,3209835.58,coinmarketcap_data_api_listings_historical
2026-02-27,36762,DUSD,StandX DUSD,0.99913265,104901188.44528157,1275088.1,coinmarketcap_data_api_listings_historical
2026-02-27,28656,VCNT,ViciCoin,17.07256238,103956740.65524928,944891.5,coinmarketcap_data_api_listings_historical
2026-02-27,2933,BMX,BitMart Token,0.32057105,103955297.7175294,9609797.57,coinmarketcap_data_api_listings_historical
2026-02-27,33310,xSolvBTC,xSolvBTC,67009.48275837,103547172.4576785,0.0,coinmarketcap_data_api_listings_historical
2026-02-27,20279,DHN,Dohrnii,6.03112786,102981761.46157613,723465.46,coinmarketcap_data_api_listings_historical
2026-02-27,36511,SLT,SLT,12.02888112,102245489.48786476,227663.74,coinmarketcap_data_api_listings_historical
2026-02-27,33983,SUT,SuperTrust,0.53967399,101676593.25940157,1966884.94,coinmarketcap_data_api_listings_historical
2026-02-27,14926,JSOL,JPool Staked SOL (JSOL),108.3119317,101228898.8925855,9461.61,coinmarketcap_data_api_listings_historical
2026-02-27,32878,MNEE,MNEE,0.99817452,100338341.99147104,86320.87,coinmarketcap_data_api_listings_historical
2026-02-27,35818,SOSO,SoSoValue,0.35461386,97436390.60874563,1587205.51,coinmarketcap_data_api_listings_historical
2026-02-27,37070,ICNT,Impossible Cloud Network,0.38161922,96552001.86659008,3898295.4,coinmarketcap_data_api_listings_historical
2026-02-27,38849,PIEVERSE,Pieverse,0.49561656,95168442.1807612,9656486.35,coinmarketcap_data_api_listings_historical
2026-02-27,38339,UB,Unibase,0.03761331,94033277.0032571,13625655.73,coinmarketcap_data_api_listings_historical
2026-02-27,10186,SMILEK,Smilek to the Bank,4.7e-05,92060810.23534267,120184.18,coinmarketcap_data_api_listings_historical
2026-02-27,39595,ROBO,Fabric Protocol,0.04045703,90259626.79501157,142881898.18,coinmarketcap_data_api_listings_historical
2026-02-27,10240,WFTM,Wrapped Fantom,0.03998733,87214908.14807595,379.03,coinmarketcap_data_api_listings_historical
2026-02-27,1896,ZRX,0x Protocol,0.1022129,86717073.89141405,21397023.93,coinmarketcap_data_api_listings_historical
2026-02-27,30933,DOG,Dog (Bitcoin),0.00085894,85893571.6925826,2340587.15,coinmarketcap_data_api_listings_historical
2026-02-27,23254,CORE,Core,0.07981929,85696383.53306773,5824124.03,coinmarketcap_data_api_listings_historical
2026-02-27,37004,TSLAX,Tesla tokenized stock (xStock),401.50118843,85578763.2510753,8905387.82,coinmarketcap_data_api_listings_historical
2026-02-27,29960,SHFL,Shuffle,0.22412019,85212285.78316455,469902.83,coinmarketcap_data_api_listings_historical
2026-02-27,30986,KMNO,Kamino,0.0210671,84961031.62638041,8002941.9,coinmarketcap_data_api_listings_historical
2026-02-27,5198,CTC,Creditcoin,0.16269056,84706275.28999817,10564025.43,coinmarketcap_data_api_listings_historical
2026-02-27,28862,BSOL,BlazeStake Staked SOL,104.67699337,84469995.93849164,228418.3,coinmarketcap_data_api_listings_historical
2026-02-27,35269,MY,MetYa,0.08480654,83672277.56157896,9254633.58,coinmarketcap_data_api_listings_historical
2026-02-27,37414,ESPORTS,Yooldo,0.30776097,83665126.05363794,118793722.51,coinmarketcap_data_api_listings_historical
2026-02-27,35931,ZORA,ZORA,0.01864631,83349012.87662709,13697468.43,coinmarketcap_data_api_listings_historical
2026-02-27,2469,ZIL,Zilliqa,0.00417586,83232663.66563697,12637421.08,coinmarketcap_data_api_listings_historical
2026-02-27,35763,KAITO,KAITO,0.34187088,82523831.81151006,22891243.68,coinmarketcap_data_api_listings_historical
2026-02-27,38236,Q,Quack AI,0.02309242,81148061.78073002,6993517.04,coinmarketcap_data_api_listings_historical
2026-02-27,18031,CCD,Concordium,0.00674626,80782946.9270601,320631.3,coinmarketcap_data_api_listings_historical
2026-02-27,9104,AIOZ,AIOZ Network,0.06516423,80704905.92648403,5069739.65,coinmarketcap_data_api_listings_historical
2026-02-27,38967,RAVE,RaveDAO,0.33664521,80516182.94955146,38261382.15,coinmarketcap_data_api_listings_historical
2026-02-27,38561,LYN,Everlyn AI,0.31382059,80224645.68156211,10798082.69,coinmarketcap_data_api_listings_historical
2026-02-27,39379,GWEI,ETHGas,0.04547685,79584484.99954785,59197219.38,coinmarketcap_data_api_listings_historical
2026-02-27,37654,SUSD1+,Lorenzo staked USD1+,1.01337616,78704174.34320796,0.0,coinmarketcap_data_api_listings_historical
2026-02-27,28324,DYDX,dYdX,0.09543859,78626131.15488636,8775731.86,coinmarketcap_data_api_listings_historical
2026-02-27,33280,CHEEMS,Cheems (cheems.pet),4.2e-07,77994645.15117289,1954705.84,coinmarketcap_data_api_listings_historical
2026-02-27,32796,EURCV,EUR CoinVertible,1.18000317,77592228.40511811,11356674.22,coinmarketcap_data_api_listings_historical
2026-02-27,18876,APE,ApeCoin,0.10249372,77142050.91791087,20294180.44,coinmarketcap_data_api_listings_historical
2026-02-27,6536,OM,MANTRA,0.06466628,76889957.44445296,25448890.17,coinmarketcap_data_api_listings_historical
2026-02-27,21330,lisUSD,lisUSD,0.99873548,76181877.42274234,3298.31,coinmarketcap_data_api_listings_historical
2026-02-27,14101,RON,Ronin,0.09878323,76003986.01737088,2418608.11,coinmarketcap_data_api_listings_historical
2026-02-27,38590,币安人生,币安人生,0.07525083,75250829.16366982,32828291.23,coinmarketcap_data_api_listings_historical
2026-02-27,6941,HBTC,Huobi BTC,51427.74611521,75013057.3179575,0.0,coinmarketcap_data_api_listings_historical
2026-02-27,30923,CDCETH,Crypto.com Staked ETH,2056.79382439,74908431.08437808,13588.5,coinmarketcap_data_api_listings_historical
2026-02-27,109,DGB,DigiByte,0.00409859,74469197.64550252,2696799.54,coinmarketcap_data_api_listings_historical
2026-02-27,4948,CKB,Nervos Network,0.00153352,74068076.66418004,3751171.92,coinmarketcap_data_api_listings_historical
2026-02-27,8646,MINA,Mina,0.05791172,73893114.00463754,4663919.66,coinmarketcap_data_api_listings_historical
2026-02-27,23635,FORM,Four,0.19121215,73017660.21633919,4511901.25,coinmarketcap_data_api_listings_historical
2026-02-27,21585,SAFE,Safe,0.1020506,72867440.59466301,2184581.23,coinmarketcap_data_api_listings_historical
2026-02-27,8290,SUPER,SuperVerse,0.11427217,72809958.06080547,8611734.75,coinmarketcap_data_api_listings_historical
2026-02-27,17751,T,Threshold,0.00651169,72637857.75076649,3220466.02,coinmarketcap_data_api_listings_historical
2026-02-27,32452,MOVE,Movement,0.02158036,72159338.29921485,17816681.39,coinmarketcap_data_api_listings_historical
2026-02-27,14721,REAL,RealLink,0.05224616,71788410.56616686,4273216.68,coinmarketcap_data_api_listings_historical
2026-02-27,7958,vUSDC,Venus USDC,0.02632454,71729283.8398274,0.0,coinmarketcap_data_api_listings_historical
2026-02-27,2682,HOT,Holo,0.00040728,71467874.3188052,27366205.64,coinmarketcap_data_api_listings_historical
2026-02-27,36542,SOON,SOON,0.16374376,71289384.97923675,5191054.34,coinmarketcap_data_api_listings_historical
2026-02-27,32193,ALEO,Aleo,0.07727627,70959358.28137836,5206583.33,coinmarketcap_data_api_listings_historical
2026-02-27,1567,XNO,Nano,0.52832685,70398652.8806599,424104.66,coinmarketcap_data_api_listings_historical
2026-02-27,11857,GMX,GMX,6.72314603,69942295.2052637,6670058.85,coinmarketcap_data_api_listings_historical
2026-02-27,36044,NXPC,NEXPACE,0.2760681,69600903.67929599,11104245.6,coinmarketcap_data_api_listings_historical
2026-02-27,29743,BRETT,Brett (Based),0.0069222,69221986.25890933,7829675.34,coinmarketcap_data_api_listings_historical
2026-02-27,36302,NILA,MindWaveDAO,0.08192892,69046920.87549828,277330.08,coinmarketcap_data_api_listings_historical
2026-02-27,10407,BabyDoge,Baby Doge Coin,0.0,69042997.19744015,5584146.14,coinmarketcap_data_api_listings_historical
2026-02-27,24735,WPLS,Wrapped Pulse,8.91e-06,68676289.3564027,915777.08,coinmarketcap_data_api_listings_historical
2026-02-27,34880,ALCH,Alchemist AI,0.08036254,68308155.879416,24443121.59,coinmarketcap_data_api_listings_historical
2026-02-27,6958,ACH,Alchemy Pay,0.00679529,67724384.15574673,8203392.04,coinmarketcap_data_api_listings_historical
2026-02-27,16093,KUB,KUB Coin,0.97837425,67483145.00792696,257013.71,coinmarketcap_data_api_listings_historical
2026-02-27,6748,CFG,Centrifuge,0.11675805,67351305.88297705,17063997.86,coinmarketcap_data_api_listings_historical
2026-02-27,24911,TURBO,Turbo,0.00097533,67298083.77653103,12483447.15,coinmarketcap_data_api_listings_historical
2026-02-27,30030,EDGESOL,Edgevana Staked SOL,102.81277928,67272039.79379568,11.59,coinmarketcap_data_api_listings_historical
2026-02-27,38331,USDH,USDH,0.99978414,66258541.24876085,13835123.06,coinmarketcap_data_api_listings_historical
2026-02-27,39548,ESP,Espresso,0.12710695,66165522.33351389,88272359.45,coinmarketcap_data_api_listings_historical
2026-02-27,32743,APES,APES,0.06572592,65725588.11108103,185171.13,coinmarketcap_data_api_listings_historical
2026-02-27,35537,JELLYJELLY,Jelly-My-Jelly,0.06559367,65593613.85353748,5129109.93,coinmarketcap_data_api_listings_historical
2026-02-27,21259,ZETA,ZetaChain,0.05150871,65242751.15450146,4531440.86,coinmarketcap_data_api_listings_historical
2026-02-27,36671,SAHARA,Sahara AI,0.02240586,65182367.54601072,400083399.38,coinmarketcap_data_api_listings_historical
2026-02-27,33696,EBTC,ether.fi Staked BTC,65615.33921632,64959901.30365469,0.0,coinmarketcap_data_api_listings_historical
2026-02-27,14519,VVS,VVS Finance,1.49e-06,64691616.42660243,187321.52,coinmarketcap_data_api_listings_historical
2026-02-27,31526,MOCA,Moca Network,0.0161746,63933233.51583606,6682264.78,coinmarketcap_data_api_listings_historical
2026-02-27,2299,ELF,aelf,0.07776257,63681387.04361842,1547119.99,coinmarketcap_data_api_listings_historical
2026-02-27,34212,XAUM,Matrixdock Gold,5253.64447005,63481492.43106585,414481.88,coinmarketcap_data_api_listings_historical
2026-02-27,39177,TBK,TronBank,0.39812219,63363056.495016,340767.01,coinmarketcap_data_api_listings_historical
2026-02-27,4558,FLOW,Flow,0.03837078,63116748.41544295,31061645.0,coinmarketcap_data_api_listings_historical
2026-02-27,17799,AXL,Axelar,0.05584545,62977079.24591142,13976866.35,coinmarketcap_data_api_listings_historical
2026-02-27,12885,ASTR,Astar,0.00733688,62770582.26172483,2539834.92,coinmarketcap_data_api_listings_historical
2026-02-27,10898,WCFG,Wrapped Centrifuge,0.11574806,62760113.64984736,0.0,coinmarketcap_data_api_listings_historical
2026-02-27,27659,MOG,Mog Coin,1.6e-07,62716188.05654637,10168054.45,coinmarketcap_data_api_listings_historical
2026-02-27,39549,FIDD,Fidelity Digital Dollar,0.99962528,62577602.35333815,25124168.15,coinmarketcap_data_api_listings_historical
2026-02-27,27793,STUSDT,Staked USDT,0.98725319,62328692.73114085,0.0,coinmarketcap_data_api_listings_historical
2026-02-27,5275,PCI,Paycoin,0.05840916,62093966.00384554,412079.03,coinmarketcap_data_api_listings_historical
2026-02-27,36277,BTR,Bitlayer,0.17987614,62019666.71427061,6183927.22,coinmarketcap_data_api_listings_historical
2026-02-27,37277,INI,InitVerse,0.11254844,61489245.66327697,1371457.89,coinmarketcap_data_api_listings_historical
2026-02-27,5350,XPR,XPR Network,0.00215014,61365008.15155809,1493298.78,coinmarketcap_data_api_listings_historical
2026-02-27,1042,SC,Siacoin,0.00109448,61318829.68498449,6152649.9,coinmarketcap_data_api_listings_historical
2026-02-27,29169,QUBIC,Qubic,4.5e-07,61316946.32416752,787393.48,coinmarketcap_data_api_listings_historical
2026-02-27,36080,MBG,MultiBank Group,0.31837814,60794455.72999352,5432442.88,coinmarketcap_data_api_listings_historical
2026-02-27,38056,CRCLon,Circle Internet Group Tokenized Stock (Ondo),83.2302775,60720576.23432943,6524046.23,coinmarketcap_data_api_listings_historical
2026-02-27,38273,USDon,U.S. Dollar Tokenized Currency (Ondo),0.99996655,60446305.32112773,22112239.12,coinmarketcap_data_api_listings_historical
2026-02-27,39521,AZTEC,Aztec,0.02096508,60371026.26618052,32210147.42,coinmarketcap_data_api_listings_historical
2026-02-27,7959,vBUSD,Venus BUSD,0.02231431,60131950.73202144,0.0,coinmarketcap_data_api_listings_historical
2026-02-27,35637,BDCA,BitDCA,0.72636708,59496827.84118499,234355.93,coinmarketcap_data_api_listings_historical
2026-02-27,1732,NMR,Numeraire,7.87189418,59071782.97370465,5791570.11,coinmarketcap_data_api_listings_historical
2026-02-27,6953,FRAX,Frax (prev. FXS),0.61993133,58799741.48713633,1925430.94,coinmarketcap_data_api_listings_historical
2026-02-27,39172,VAM,Vitalum,0.17269955,58669295.53729174,2276762.56,coinmarketcap_data_api_listings_historical
2026-02-27,1274,WAVES,Waves,0.48467763,58412562.85266938,4711955.32,coinmarketcap_data_api_listings_historical
2026-02-27,3012,VTHO,VeThor Token,0.00059339,58351615.56668068,1905636.48,coinmarketcap_data_api_listings_historical
2026-02-27,21846,ID,SPACE ID,0.04457003,58331704.59209787,26644278.6,coinmarketcap_data_api_listings_historical
2026-02-27,37006,SPYX,SP500 tokenized ETF (xStock),687.34693689,58172681.32572726,2480522.98,coinmarketcap_data_api_listings_historical
2026-02-27,13769,WMTX,World Mobile Token,0.06942665,57860432.12660457,106401423.11,coinmarketcap_data_api_listings_historical
2026-02-27,6758,SUSHI,SushiSwap,0.201515,57801505.27565494,14460981.78,coinmarketcap_data_api_listings_historical
2026-02-27,29325,PUFETH,pufETH,2051.95058427,57423289.40223475,1953.89,coinmarketcap_data_api_listings_historical
2026-02-27,38299,AVNT,Avantis,0.17883822,57220805.55495029,18200201.61,coinmarketcap_data_api_listings_historical
2026-02-27,7127,VELO,Velo,0.00324308,56961030.2628436,1453149.3,coinmarketcap_data_api_listings_historical
2026-02-27,38489,COAI,ChainOpera AI,0.30244977,56860586.48097796,5336057.32,coinmarketcap_data_api_listings_historical
2026-02-27,37593,PROVE,Succinct,0.28996485,56543145.58763991,10898977.69,coinmarketcap_data_api_listings_historical
2026-02-27,35216,PYTHIA,Pythia,0.05622379,56120384.20996096,2092469.85,coinmarketcap_data_api_listings_historical
2026-02-27,32197,ME,Magic Eden,0.12055099,56035844.3565922,106736365.76,coinmarketcap_data_api_listings_historical
2026-02-27,28596,AEUR,Anchored Coins AEUR,1.16512251,55843861.11829567,18001.11,coinmarketcap_data_api_listings_historical
2026-02-27,2765,XYO,XYO,0.00408493,55780467.71873589,11902609.96,coinmarketcap_data_api_listings_historical
2026-02-27,14532,WCRO,Wrapped CRO,0.07553685,55767113.1847861,701193.15,coinmarketcap_data_api_listings_historical
2026-02-27,26220,ISLM,ISLM,0.02541465,55568078.1228633,35042.54,coinmarketcap_data_api_listings_historical
2026-02-27,32644,EURI,Eurite,1.18102894,55471669.11755704,5703253.26,coinmarketcap_data_api_listings_historical
2026-02-27,20969,GEOD,GEODNET,0.1263125,55423140.10393805,178124.22,coinmarketcap_data_api_listings_historical
2026-02-27,23121,BLUR,Blur,0.02002242,54930029.25509068,28841390.23,coinmarketcap_data_api_listings_historical
2026-02-27,33849,HSK,HashKey Platform Token,0.15833788,54620236.25735938,9836944.81,coinmarketcap_data_api_listings_historical
2026-02-27,20964,LBT,Law Blocks (AI),0.22254062,54522004.58061195,476813.01,coinmarketcap_data_api_listings_historical
2026-02-27,27960,NPC,Non-Playable Coin,0.0072038,54319805.99331152,6041030.76,coinmarketcap_data_api_listings_historical
2026-02-27,39071,CYS,Cysic,0.33780885,54319663.17084798,6770749.65,coinmarketcap_data_api_listings_historical
2026-02-27,34143,WHITE,WhiteRock,8.298e-05,53937238.0200992,271677.57,coinmarketcap_data_api_listings_historical
2026-02-27,11165,ORCA,Orca,0.89085639,53591391.94501415,12482796.44,coinmarketcap_data_api_listings_historical
2026-02-27,4846,KAVA,Kava,0.0487727,52813390.36166296,4542771.97,coinmarketcap_data_api_listings_historical
2026-02-27,4805,VNDC,VNDC,3.727e-05,52639023.689606,11343639.99,coinmarketcap_data_api_listings_historical
2026-02-27,30126,MEW,cat in a dogs world,0.00059152,52579147.93491385,8656522.05,coinmarketcap_data_api_listings_historical
2026-02-27,29402,HASUI,Haedal Staked SUI,0.96410625,52454139.02457353,27947.19,coinmarketcap_data_api_listings_historical
2026-02-27,38001,GOOGLon,Alphabet Class A Tokenized Stock (Ondo),309.5711581,52373418.80358774,1219266.92,coinmarketcap_data_api_listings_historical
2026-02-27,32956,GRASS,Grass,0.21121572,51516589.40023492,24408613.3,coinmarketcap_data_api_listings_historical
2026-02-27,21707,RED,RedStone,0.16409976,51345374.93686056,47320827.13,coinmarketcap_data_api_listings_historical
2026-02-27,25028,ORDI,ORDI,2.43701017,51177213.59170984,16490282.05,coinmarketcap_data_api_listings_historical
2026-02-27,1759,SNT,Status,0.01059881,50853014.87743741,4538699.48,coinmarketcap_data_api_listings_historical
2026-02-27,9260,ZIG,ZIGChain,0.03587159,50540952.91031077,1434869.81,coinmarketcap_data_api_listings_historical
2026-02-27,36300,SKYAI,SKYAI,0.05047868,50478681.09467608,12060929.18,coinmarketcap_data_api_listings_historical
2026-02-27,2071,REQ,Request,0.06251468,49805119.16802259,1896963.19,coinmarketcap_data_api_listings_historical
2026-02-27,33093,MOODENG,Moo Deng (moodengsol.com),0.05026031,49756288.3011015,14733463.78,coinmarketcap_data_api_listings_historical
2026-02-27,30712,MERL,Merlin Chain,0.0428102,49724290.36420526,8374585.35,coinmarketcap_data_api_listings_historical
2026-02-27,36569,SPK,Spark,0.02044221,49528918.74295319,12297142.59,coinmarketcap_data_api_listings_historical
2026-02-27,3951,ARRR,Pirate Chain,0.25228454,49501707.86986341,133912.51,coinmarketcap_data_api_listings_historical
2026-02-27,36352,B2,BSquared Network,0.73046761,49199455.47740943,18086684.11,coinmarketcap_data_api_listings_historical
2026-02-27,39332,ZAMA,Zama,0.02232316,49110943.3394681,35985620.73,coinmarketcap_data_api_listings_historical
2026-02-27,20314,LUNA,Terra,0.06844081,48591910.23273239,62964336.86,coinmarketcap_data_api_listings_historical
2026-02-27,34434,REKT,Rekt (rekt.com),1.7e-07,48545270.17770233,899901.87,coinmarketcap_data_api_listings_historical
2026-02-27,7288,XVS,Venus,2.96605158,48383388.60283646,4067107.59,coinmarketcap_data_api_listings_historical
2026-02-27,39150,RTX,RateX,2.89388657,48212150.18647825,14764573.04,coinmarketcap_data_api_listings_historical
2026-02-27,10442,DESO,Decentralized Social,5.42197297,48171714.03498619,21167.95,coinmarketcap_data_api_listings_historical
2026-02-27,32372,XUSD,StraitsX USD,1.00004424,47953330.94038418,8927128.64,coinmarketcap_data_api_listings_historical
2026-02-27,3835,ORBS,Orbs,0.01098574,47910896.11151628,33901514.9,coinmarketcap_data_api_listings_historical
2026-02-27,31278,DRIFT,Drift,0.08626384,47697840.5495269,10767826.2,coinmarketcap_data_api_listings_historical
2026-02-27,35364,PLUME,Plume,0.00928409,47546886.63930128,10174663.69,coinmarketcap_data_api_listings_historical
2026-02-27,27657,LINEA,Linea,0.0030641,47438836.01218855,28499298.07,coinmarketcap_data_api_listings_historical
2026-02-27,5567,CELO,Celo,0.07919319,47109031.25985033,9702829.04,coinmarketcap_data_api_listings_historical
2026-02-27,19765,BIRB,Moonbirds,0.16502152,47031132.22832592,17917504.31,coinmarketcap_data_api_listings_historical
2026-02-27,36804,LUR,Lumera Health,3.09501845,46953092.16821639,42934.43,coinmarketcap_data_api_listings_historical
2026-02-27,34118,BANANAS31,Banana For Scale,0.0046926,46925999.18758368,8318302.83,coinmarketcap_data_api_listings_historical
2026-02-27,2777,IOTX,IoTeX,0.00496837,46908218.84683745,6628836.89,coinmarketcap_data_api_listings_historical
2026-02-27,30651,QAI,QuantixAI,57.86131079,46511938.56345015,1079450.18,coinmarketcap_data_api_listings_historical
2026-02-27,28782,POPCAT,Popcat (SOL),0.04728708,46338409.32729851,16414041.48,coinmarketcap_data_api_listings_historical
2026-02-27,36068,CUSDO,OpenEden Compounding OpenDollar,1.04231056,46285105.84730077,283635.15,coinmarketcap_data_api_listings_historical
2026-02-27,12999,SSV,ssv.network,2.81210587,46233481.66001687,16860868.22,coinmarketcap_data_api_listings_historical
2026-02-27,36707,CBXRP,Coinbase Wrapped XRP,1.35447589,45827142.84996792,343169.3,coinmarketcap_data_api_listings_historical
2026-02-27,10894,SRX,StorX Network,0.06315292,45814161.94072236,2813713.68,coinmarketcap_data_api_listings_historical
2026-02-27,37637,SOMI,Somnia,0.21088579,45758391.58901691,13193339.7,coinmarketcap_data_api_listings_historical
2026-02-27,34812,BIO,Bio Protocol,0.02245012,45513495.99176542,31214351.56,coinmarketcap_data_api_listings_historical
2026-02-27,36510,LA,Lagrange,0.23242752,44858512.24518758,19242780.22,coinmarketcap_data_api_listings_historical
2026-02-27,33788,PNUT,Peanut the Squirrel,0.04484006,44832998.09704522,12850526.08,coinmarketcap_data_api_listings_historical
2026-02-27,3855,LOCUS,Locus Chain,0.01117513,44647700.05167545,193337.5,coinmarketcap_data_api_listings_historical
2026-02-27,3306,GUSD,Gemini Dollar,1.00003861,44561886.33505376,1605297.53,coinmarketcap_data_api_listings_historical
2026-02-27,38841,UAI,UnifAI Network,0.18620416,44502795.31414202,17263053.35,coinmarketcap_data_api_listings_historical
2026-02-27,39143,WHITEWHALE,The White Whale,0.04443804,44430159.9168323,4130450.9,coinmarketcap_data_api_listings_historical
2026-02-27,1934,LRC,Loopring,0.03245359,44402229.80678189,9422361.46,coinmarketcap_data_api_listings_historical
2026-02-27,36102,PARTI,Particle Network,0.0986584,44361747.03092478,16322257.16,coinmarketcap_data_api_listings_historical
2026-02-27,7963,vETH,Venus ETH,40.46381317,44207655.01011853,44207227.63,coinmarketcap_data_api_listings_historical
2026-02-27,32941,FB,Fractal Bitcoin,0.4581553,44181965.84905122,5840417.77,coinmarketcap_data_api_listings_historical
2026-02-27,30460,BURN,Burnedfi,3.56721674,44105688.28845851,103480.06,coinmarketcap_data_api_listings_historical
2026-02-27,28688,AIAT,AI Analysis Token,0.30111007,44079340.69138722,367252.03,coinmarketcap_data_api_listings_historical
2026-02-27,20362,POLYX,Polymesh,0.04286255,44063087.9249291,1180757.24,coinmarketcap_data_api_listings_historical
2026-02-27,8049,TORN,Tornado Cash,8.36264784,43989312.49124056,131629.61,coinmarketcap_data_api_listings_historical
2026-02-27,34619,VANA,Vana,1.45760806,43850680.95611688,4143243.67,coinmarketcap_data_api_listings_historical
2026-02-27,1320,ARDR,Ardor,0.04374206,43674972.61866815,1737136.38,coinmarketcap_data_api_listings_historical
2026-02-27,39382,TRIA,Tria,0.02001416,43183963.24131367,15591389.27,coinmarketcap_data_api_listings_historical
2026-02-27,14822,VR,Victoria VR,0.00255491,42922449.31447983,919742.88,coinmarketcap_data_api_listings_historical
2026-02-27,23951,STIK,Staika,0.31091451,42920267.7875293,16677.07,coinmarketcap_data_api_listings_historical
2026-02-27,35837,WOULD,would,0.04290171,42878227.76506014,77089.5,coinmarketcap_data_api_listings_historical
2026-02-27,4950,LCX,LCX,0.04513368,42842005.66109612,356563.07,coinmarketcap_data_api_listings_historical
2026-02-27,29073,ALT,Altlayer,0.00751088,42673310.19215178,15126665.67,coinmarketcap_data_api_listings_historical
2026-02-27,3783,ANKR,Ankr,0.00424561,42456130.01929026,4973706.46,coinmarketcap_data_api_listings_historical
2026-02-27,3801,BORA,BORA,0.03854029,42384688.7235873,300083.02,coinmarketcap_data_api_listings_historical
2026-02-27,5899,CSPR,Casper,0.00305039,42376196.67513356,1987253.09,coinmarketcap_data_api_listings_historical
2026-02-27,8536,MASK,Mask Network,0.42372064,42372063.77525201,16792688.52,coinmarketcap_data_api_listings_historical
2026-02-27,32968,AIC,AI Companions,0.05643634,42327235.17632529,2959585.84,coinmarketcap_data_api_listings_historical
2026-02-27,5691,SKL,SKALE,0.00690818,42098571.1360197,14192177.61,coinmarketcap_data_api_listings_historical
2026-02-27,38978,IRYS,Irys,0.0191568,41953043.31023339,5551780.85,coinmarketcap_data_api_listings_historical
2026-02-27,36156,GUN,GUNZ,0.02696513,41926289.76748076,20457289.86,coinmarketcap_data_api_listings_historical
2026-02-27,37005,CRCLX,Circle tokenized stock (xStock),83.32911696,41881073.67716375,22640343.94,coinmarketcap_data_api_listings_historical
2026-02-27,3893,NOW,ChangeNOW Token,0.49291325,41800852.72103327,8376.9,coinmarketcap_data_api_listings_historical
2026-02-27,35701,GOHOME,GOHOME,83.09149084,41537020.81526986,860608.15,coinmarketcap_data_api_listings_historical
2026-02-27,19843,APEX,ApeX Protocol,0.29846806,41042418.54732961,3039122.66,coinmarketcap_data_api_listings_historical
2026-02-27,4092,DUSK,Dusk,0.08255274,41028710.47459054,12483043.94,coinmarketcap_data_api_listings_historical
2026-02-27,25264,SNEK,Snek,0.00054596,40804190.07745125,5182142.57,coinmarketcap_data_api_listings_historical
2026-02-27,2943,RPL,Rocket Pool,1.83595882,40758707.24737779,5451568.72,coinmarketcap_data_api_listings_historical
2026-02-27,2566,ONT,Ontology,0.04355364,40690449.32195338,6094558.09,coinmarketcap_data_api_listings_historical
2026-02-27,35976,YUSD,Aegis YUSD,0.99858658,40601762.47320807,6633.72,coinmarketcap_data_api_listings_historical
2026-02-27,3330,USDP,Pax Dollar,0.99992155,40566270.2903759,5824528.08,coinmarketcap_data_api_listings_historical
2026-02-27,9040,PUNDIX,Pundi X (New),0.1568618,40530977.65742721,2844495.95,coinmarketcap_data_api_listings_historical
2026-02-27,24190,FUL,Fulcrom Finance,0.00242726,40339087.96880191,39816.03,coinmarketcap_data_api_listings_historical
2026-02-27,38057,SLVon,iShares Silver Trust Tokenized ETF (Ondo),85.14530078,40191225.30978772,8328983.61,coinmarketcap_data_api_listings_historical
2026-02-27,34024,SCRVUSD,Savings crvUSD,1.08829257,40140312.38431327,281416.26,coinmarketcap_data_api_listings_historical
2026-02-27,5617,UMA,UMA,0.4383914,40067645.07582726,4147887.73,coinmarketcap_data_api_listings_historical
2026-02-27,1772,STORJ,Storj,0.09468885,40050860.76213217,4111135.54,coinmarketcap_data_api_listings_historical
2026-02-27,4687,BUSD,BUSD,1.00043858,40043625.01953879,1070878.25,coinmarketcap_data_api_listings_historical
2026-02-27,38837,BEAT,Audiera,0.19714802,40024333.15782777,11987654.16,coinmarketcap_data_api_listings_historical
2026-02-27,2099,ICX,ICON,0.03650989,39861336.9923177,808588.82,coinmarketcap_data_api_listings_historical
2026-02-27,38757,AT,APRO,0.15935348,39838370.65926617,6899845.68,coinmarketcap_data_api_listings_historical
2026-02-27,35600,SIGN,Sign,0.02429033,39836146.74646197,44864681.11,coinmarketcap_data_api_listings_historical
2026-02-27,4944,TRB,Tellor,14.41791606,39688557.97579461,42674798.36,coinmarketcap_data_api_listings_historical
2026-02-27,37055,METAX,Meta tokenized stock (xStock),646.62972132,39398103.03860837,7616554.3,coinmarketcap_data_api_listings_historical
2026-02-27,10312,ELG,EscoinToken,0.24993249,39273704.30753711,333538.79,coinmarketcap_data_api_listings_historical
2026-02-27,35268,GPS,GoPlus Security,0.00901749,38948527.82579498,13809697.16,coinmarketcap_data_api_listings_historical
2026-02-27,12894,SQD,Subsquid,0.03757993,38856709.37805161,4379936.11,coinmarketcap_data_api_listings_historical
2026-02-27,9258,XCH,Chia,2.69111981,38783681.40498722,1732042.51,coinmarketcap_data_api_listings_historical
2026-02-27,36828,USELESS,Useless Coin,0.0388053,38769940.05278877,9783664.51,coinmarketcap_data_api_listings_historical
2026-02-27,2982,MVL,MVL,0.00138927,38625818.98779344,175326.59,coinmarketcap_data_api_listings_historical
2026-02-27,2130,ENJ,Enjin Coin,0.01991099,38567810.02576609,5821891.43,coinmarketcap_data_api_listings_historical
2026-02-27,34958,TAG,Tagger,0.00035442,38421151.05179038,2973972.22,coinmarketcap_data_api_listings_historical
2026-02-27,36310,ATOS,Atoshi,0.04254055,38420954.02485778,69664.49,coinmarketcap_data_api_listings_historical
2026-02-27,28301,MEME,Memecoin,0.00061423,38413081.0258403,7086451.02,coinmarketcap_data_api_listings_historical
2026-02-27,2341,SWFTC,SwftCoin,0.00383942,38394219.95597824,642529.98,coinmarketcap_data_api_listings_historical
2026-02-27,36992,NVDAX,NVIDIA tokenized stock (xStock),178.19030331,38302616.55806813,33780505.11,coinmarketcap_data_api_listings_historical
2026-02-27,36761,EGL1,EGL1,0.03800616,38006160.11127558,2739609.46,coinmarketcap_data_api_listings_historical
2026-02-27,37615,GLIDR,Glidr,1.06333214,37707576.07401188,160147.48,coinmarketcap_data_api_listings_historical
2026-02-27,24877,BIM,BIM,1.25237595,37571278.43707697,224311.22,coinmarketcap_data_api_listings_historical
2026-02-27,1974,PRO,Propy,0.3751416,37514159.59050618,10435954.81,coinmarketcap_data_api_listings_historical
2026-02-27,2405,IOST,IOST,0.00118757,37458541.81316326,5549512.81,coinmarketcap_data_api_listings_historical
2026-02-27,5429,DEP,DEAPcoin,0.00124334,37166891.6094649,128682.83,coinmarketcap_data_api_listings_historical
2026-02-27,33223,LAB,LAB,0.16050996,36981493.79767352,5740724.8,coinmarketcap_data_api_listings_historical
2026-02-27,38554,KGEN,KGeN,0.17460408,36855872.15971809,2046730.17,coinmarketcap_data_api_listings_historical
2026-02-27,7878,MOB,MobileCoin,0.18558523,36820059.83668973,15565.02,coinmarketcap_data_api_listings_historical
2026-02-27,28850,NOT,Notcoin,0.00036905,36694912.86305217,7229097.79,coinmarketcap_data_api_listings_historical
2026-02-27,37057,QQQX,Nasdaq tokenized ETF (xStock),607.25090791,36563159.31558057,1994762.34,coinmarketcap_data_api_listings_historical
2026-02-27,32120,G,Gravity (by Galxe),0.00346472,36509536.89444969,2502265.4,coinmarketcap_data_api_listings_historical
2026-02-27,18069,GMT,GMT,0.01163062,36187505.25191171,75231033.83,coinmarketcap_data_api_listings_historical
2026-02-27,25147,SWETH,swETH,2134.77443354,36002293.37788368,0.0,coinmarketcap_data_api_listings_historical
2026-02-27,4679,BAND,Band,0.20721084,35779793.64411662,5049473.97,coinmarketcap_data_api_listings_historical
2026-02-27,7236,CUSD,Celo Dollar,0.99992421,35551470.80593033,826009.34,coinmarketcap_data_api_listings_historical
2026-02-27,19075,OMI,ECOMI,0.00012557,35481135.66823541,940134.51,coinmarketcap_data_api_listings_historical
2026-02-27,24781,CYBER,Cyber,0.55269131,35472557.39797185,27568837.04,coinmarketcap_data_api_listings_historical
2026-02-27,31379,ZCHF,Frankencoin,1.30081809,35460918.49366335,610338.26,coinmarketcap_data_api_listings_historical
2026-02-27,2132,POWR,Powerledger,0.06223255,35356563.43541466,3603319.81,coinmarketcap_data_api_listings_historical
2026-02-27,9436,ELON,Dogelon Mars,4e-08,35201314.73682617,6213253.84,coinmarketcap_data_api_listings_historical
2026-02-27,11823,POKT,Pocket Network,0.01518675,35073855.61069635,4254762.31,coinmarketcap_data_api_listings_historical
2026-02-27,3945,ONE,Harmony,0.00235401,34982802.56963234,3594315.7,coinmarketcap_data_api_listings_historical
2026-02-27,11171,MNGO,Mango,0.0311046,34758362.16398312,2705.97,coinmarketcap_data_api_listings_historical
2026-02-27,37166,CROSS,CROSS,0.10367618,34754629.9318651,5530958.34,coinmarketcap_data_api_listings_historical
2026-02-27,37013,GOOGLX,Alphabet tokenized stock (xStock),309.90644511,34588433.66850391,33513471.29,coinmarketcap_data_api_listings_historical
2026-02-27,1586,ARK,Ark,0.17954868,34546983.34784812,1127778.71,coinmarketcap_data_api_listings_historical
2026-02-27,5370,HIVE,Hive,0.06590971,34522464.79069551,3124465.77,coinmarketcap_data_api_listings_historical
2026-02-27,32198,BABY,Babylon,0.01214409,34428932.56652219,4187072.1,coinmarketcap_data_api_listings_historical
2026-02-27,4056,AMPL,Ampleforth,1.21491894,34351217.73448105,40381.79,coinmarketcap_data_api_listings_historical
2026-02-27,39159,BREV,Brevis,0.1366744,34168598.79638219,23468351.09,coinmarketcap_data_api_listings_historical
2026-02-27,28735,UNP,UNIPOLY,0.15550509,34091381.80612042,316286.62,coinmarketcap_data_api_listings_historical
2026-02-27,8083,LON,Tokenlon Network Token,0.27585244,34057601.74846042,18132.76,coinmarketcap_data_api_listings_historical
2026-02-27,39070,KNTQ,Kinetiq,0.1259728,34012655.43955427,251546.0,coinmarketcap_data_api_listings_historical
2026-02-27,36576,HUMA,Huma Finance,0.01171306,33956314.79674811,9040842.71,coinmarketcap_data_api_listings_historical
2026-02-27,36935,MGO,Mango Network,0.02112777,33867037.96880832,4417134.84,coinmarketcap_data_api_listings_historical
2026-02-27,37024,GLDX,Gold tokenized ETF (xStock),483.87259409,33656176.71746806,702819.69,coinmarketcap_data_api_listings_historical
2026-02-27,5119,DGLD,DGLD - Digital Gold Token,18899.63292108,33532801.71044545,0.0,coinmarketcap_data_api_listings_historical
2026-02-27,1637,RLC,iExec RLC,0.38435848,33439105.13446354,2758792.32,coinmarketcap_data_api_listings_historical
2026-02-27,1230,STEEM,Steem,0.06159036,33308826.93085986,29079142.22,coinmarketcap_data_api_listings_historical
2026-02-27,21296,ETHW,EthereumPoW,0.30587956,32979627.75132593,4383431.07,coinmarketcap_data_api_listings_historical
2026-02-27,14806,PEOPLE,ConstitutionDAO,0.00648926,32836571.92677942,9294321.74,coinmarketcap_data_api_listings_historical
2026-02-27,33372,CARV,CARV,0.06318123,32812542.94634081,9796652.56,coinmarketcap_data_api_listings_historical
2026-02-27,37456,OPEN,OpenLedger,0.15137552,32621425.48931186,10166180.38,coinmarketcap_data_api_listings_historical
2026-02-27,11948,XRD,Radix,0.00243808,32607423.93828901,309789.01,coinmarketcap_data_api_listings_historical
2026-02-27,22354,QUAI,Quai Network,0.04137706,32376907.83669133,248213.93,coinmarketcap_data_api_listings_historical
2026-02-27,29974,RSWETH,Restaked Swell Ethereum,2036.69472835,32363868.85766299,0.0,coinmarketcap_data_api_listings_historical
2026-02-27,2868,DAG,Constellation,0.01117619,32114200.19272307,1053834.83,coinmarketcap_data_api_listings_historical
2026-02-27,3661,SHX,Stronghold SHx,0.0055391,32093015.69445546,679190.17,coinmarketcap_data_api_listings_historical
2026-02-27,8602,AUCTION,Bounce Token,4.86868436,32086573.16029063,8146896.44,coinmarketcap_data_api_listings_historical
2026-02-27,37016,KLK,Klickl Token,0.32026547,32026547.21600955,644492.03,coinmarketcap_data_api_listings_historical
2026-02-27,23335,THE,THENA,0.25716589,32004308.6975383,5445009.04,coinmarketcap_data_api_listings_historical
2026-02-27,29401,VSUI,Volo Staked SUI,0.95199819,31979217.3698638,16380.96,coinmarketcap_data_api_listings_historical
2026-02-27,1816,CVC,Civic,0.03176019,31760190.8115515,2894455.24,coinmarketcap_data_api_listings_historical
2026-02-27,29835,IO,io.net,0.11067018,31576255.46881951,14238620.37,coinmarketcap_data_api_listings_historical
2026-02-27,3992,COTI,COTI,0.01173298,31462731.72423356,5519129.02,coinmarketcap_data_api_listings_historical
2026-02-27,38588,OWB,OWB,0.06895084,31381694.99377001,255945.7,coinmarketcap_data_api_listings_historical
2026-02-27,9566,LUSD,Liquity USD,1.01871803,31346225.36142986,27666.5,coinmarketcap_data_api_listings_historical
2026-02-27,3701,RIF,Rootstock Infrastructure Framework,0.03128608,31286083.37218259,1178738.01,coinmarketcap_data_api_listings_historical
2026-02-27,8120,WHITE,Whiteheart,3506.37955597,31164701.49349512,0.0,coinmarketcap_data_api_listings_historical
2026-02-27,38407,BOLD,Liquity BOLD,1.00384598,30893627.29468454,73735.13,coinmarketcap_data_api_listings_historical
2026-02-27,8534,CHEX,Chintai,0.03088772,30854413.30438134,162209.35,coinmarketcap_data_api_listings_historical
2026-02-27,34926,ARC,AI Rig Complex,0.03083069,30830635.31271574,96664864.5,coinmarketcap_data_api_listings_historical
2026-02-27,38585,CLASH,GeorgePlaysClashRoyale,0.03082924,30819668.63013264,1798302.57,coinmarketcap_data_api_listings_historical
2026-02-27,11289,SPELL,Spell Token,0.00017912,30720314.57575795,4289824.0,coinmarketcap_data_api_listings_historical
2026-02-27,38014,MUon,Micron Technology Tokenized Stock (Ondo),411.45329255,30568632.53637365,1454894.54,coinmarketcap_data_api_listings_historical
2026-02-27,1727,BNT,Bancor,0.27869778,30520930.33070712,2794186.11,coinmarketcap_data_api_listings_historical
2026-02-27,38668,ENSO,Enso,1.48168976,30507992.13807993,158816009.44,coinmarketcap_data_api_listings_historical
2026-02-27,31528,DBR,deBridge,0.01583849,30484096.3922805,8138554.16,coinmarketcap_data_api_listings_historical
2026-02-27,30168,STRAX,Xertra,0.01471798,30371431.64243451,763000.91,coinmarketcap_data_api_listings_historical
2026-02-27,35429,LAYER,Solayer,0.0893915,30317267.62226396,72739805.95,coinmarketcap_data_api_listings_historical
2026-02-27,28340,SMART,SMART,0.00450531,30277631.0865814,442695.05,coinmarketcap_data_api_listings_historical
2026-02-27,38187,UCN,Uchain,605.32249544,30266124.77184371,7031258.38,coinmarketcap_data_api_listings_historical
2026-02-27,7501,WOO,WOO,0.01601319,30245429.39690055,3317101.33,coinmarketcap_data_api_listings_historical
2026-02-27,33871,WONUS,Wrapped ONUS,0.36119484,30130371.91901676,6950.24,coinmarketcap_data_api_listings_historical
2026-02-27,39369,WPEAQ,Wrapped peaq,0.0161065,29934717.62372835,8154.75,coinmarketcap_data_api_listings_historical
2026-02-27,35793,ANT,Autonomi,0.09296795,29852769.92365745,627102.52,coinmarketcap_data_api_listings_historical
2026-02-27,4807,CTK,Shentu,0.19084767,29833105.68279175,6617167.61,coinmarketcap_data_api_listings_historical
2026-02-27,30963,ZENT,Zentry,0.00371956,29792253.48842146,13535793.75,coinmarketcap_data_api_listings_historical
2026-02-27,38067,SPYon,SPDR S&P 500 Tokenized ETF (Ondo),686.20202848,29658939.45517056,5519182.24,coinmarketcap_data_api_listings_historical
2026-02-27,14588,PEAQ,peaq,0.01595202,29647615.69128642,1399840.51,coinmarketcap_data_api_listings_historical
2026-02-27,7129,USTC,TerraClassicUSD,0.00530512,29605085.13116635,13190333.35,coinmarketcap_data_api_listings_historical
2026-02-27,34269,MEY,Mey Network,0.10395943,29556630.52251751,429176.41,coinmarketcap_data_api_listings_historical
2026-02-27,28480,BLAST,Blast,0.00052123,29466887.91495138,3567348.21,coinmarketcap_data_api_listings_historical
2026-02-27,28230,BIGTIME,Big Time,0.0141288,29453090.95078326,8351912.7,coinmarketcap_data_api_listings_historical
2026-02-27,5858,QANX,QANplatform,0.01648005,29426795.60125815,226443.1,coinmarketcap_data_api_listings_historical
2026-02-27,4064,USDK,USDK,1.02618005,29348823.34033164,0.0,coinmarketcap_data_api_listings_historical
2026-02-27,5266,MLK,MiL.k,0.05493829,29333484.61857556,408685.2,coinmarketcap_data_api_listings_historical
2026-02-27,13631,MANTA,Manta Network,0.0630046,29313803.54222078,5231463.57,coinmarketcap_data_api_listings_historical
2026-02-27,20700,WKC,Wiki Cat,5e-08,29223409.77270753,353570.28,coinmarketcap_data_api_listings_historical
2026-02-27,38309,HOLO,Holoworld AI,0.060466,28944634.56422394,42763916.93,coinmarketcap_data_api_listings_historical
2026-02-27,2930,IQ,IQ,0.00116174,28899570.99173702,1150945.46,coinmarketcap_data_api_listings_historical
2026-02-27,1214,LSK,Lisk,0.12743467,28897722.47607362,4517607.27,coinmarketcap_data_api_listings_historical
2026-02-27,2300,WAXP,WAX,0.00634119,28870978.38108982,1575521.3,coinmarketcap_data_api_listings_historical
2026-02-27,34285,CLANKER,tokenbot,29.27106652,28869387.18702481,9782491.09,coinmarketcap_data_api_listings_historical
2026-02-27,36405,SXT,Space and Time,0.02057827,28809581.34540963,9648985.07,coinmarketcap_data_api_listings_historical
2026-02-27,1762,ERG,Ergo,0.34685904,28760273.69874793,173245.91,coinmarketcap_data_api_listings_historical
2026-02-27,32521,NEIRO,Neiro,6.802e-05,28615174.84354598,24631596.5,coinmarketcap_data_api_listings_historical
2026-02-27,10688,YGG,Yield Guild Games,0.03977224,28452703.18929591,14531066.52,coinmarketcap_data_api_listings_historical
2026-02-27,36238,XPIN,XPIN Network,0.00149407,28271595.64945828,3804513.79,coinmarketcap_data_api_listings_historical
2026-02-27,7429,LQTY,Liquity,0.29503373,28219241.99208307,6948692.77,coinmarketcap_data_api_listings_historical
2026-02-27,2273,UQC,Uquid Coin,2.81499708,28149970.84872837,27697.36,coinmarketcap_data_api_listings_historical
2026-02-27,35319,ANIME,Animecoin,0.00506458,28050733.303472,37639074.01,coinmarketcap_data_api_listings_historical
2026-02-27,7455,AUDIO,Audius,0.02000443,28015495.12471548,2310784.5,coinmarketcap_data_api_listings_historical
2026-02-27,9444,KNC,Kyber Network Crystal v2,0.13744344,27998806.35077766,4717354.08,coinmarketcap_data_api_listings_historical
2026-02-27,3217,ONG,Ontology Gas,0.06278726,27929738.95646119,1651546.87,coinmarketcap_data_api_listings_historical
2026-02-27,32782,ORE,Ore,64.02635559,27758148.74993014,724010.72,coinmarketcap_data_api_listings_historical
2026-02-27,3637,AERGO,Aergo,0.05653793,27703583.72095767,5902974.1,coinmarketcap_data_api_listings_historical
2026-02-27,2927,SUSD,sUSD,0.83165118,27685993.70555859,259345.11,coinmarketcap_data_api_listings_historical
2026-02-27,23081,UNS,UNS TOKEN,0.26202498,27670938.05944153,0.0,coinmarketcap_data_api_listings_historical
2026-02-27,33249,WIBE,Wibegram,1.35148209,27550859.75953883,545110.61,coinmarketcap_data_api_listings_historical
2026-02-27,22933,eUSD,Electronic USD,1.00057613,27510551.50917184,272093.26,coinmarketcap_data_api_listings_historical
2026-02-27,39049,WET,Humidifi,0.11827735,27203789.48347477,90753234.47,coinmarketcap_data_api_listings_historical
2026-02-27,35014,DRV,Derive,0.03680597,27145496.93653907,50834.13,coinmarketcap_data_api_listings_historical
2026-02-27,38984,GUA,SUPERFORTUNE,0.21607502,27009377.61993966,193799738.55,coinmarketcap_data_api_listings_historical
2026-02-27,36038,SFRXUSD,Staked Frax USD,1.18388341,26888784.10771714,182697.88,coinmarketcap_data_api_listings_historical
2026-02-27,1886,DENT,Dent,0.00026709,26709137.87830098,77620449.5,coinmarketcap_data_api_listings_historical
2026-02-27,31246,GAME,GameBuild,0.00141233,26485231.29359458,729130.91,coinmarketcap_data_api_listings_historical
2026-02-27,36492,ACU,Acurast,0.12199784,26473530.48661175,6721766.56,coinmarketcap_data_api_listings_historical
2026-02-27,7817,BFC,Bifrost,0.01901595,26368251.7857028,1840301.83,coinmarketcap_data_api_listings_historical
2026-02-27,36215,APTM,Apertum,0.32518971,26330248.63802049,1363954.62,coinmarketcap_data_api_listings_historical
2026-02-27,17520,ORBR,Orbler,0.02589732,26300976.45234209,7566.0,coinmarketcap_data_api_listings_historical
2026-02-27,38470,GIGGLE,Giggle Fund,26.42322641,26256935.37598297,19376163.9,coinmarketcap_data_api_listings_historical
2026-02-27,29870,BOME,BOOK OF MEME,0.00038094,26234452.35476046,10554078.8,coinmarketcap_data_api_listings_historical
2026-02-27,12220,OSMO,Osmosis,0.03428355,26200435.62993222,1965450.47,coinmarketcap_data_api_listings_historical
2026-02-27,5604,SCRT,Secret,0.07858929,26200119.25805195,2335107.87,coinmarketcap_data_api_listings_historical
2026-02-27,35747,DOOD,Doodles,0.00330221,25757263.3815745,8935648.9,coinmarketcap_data_api_listings_historical
2026-02-27,14280,EUL,Euler,1.0622519,25728655.82163121,14272470.03,coinmarketcap_data_api_listings_historical
2026-02-27,37003,MSTRX,MicroStrategy tokenized stock (xStock),130.20270136,25662861.66594205,1826067.64,coinmarketcap_data_api_listings_historical
2026-02-27,24399,WHBAR,Wrapped HBAR,0.10059352,25606262.63458857,4428333.89,coinmarketcap_data_api_listings_historical
2026-02-27,30746,BB,BounceBit,0.02538571,25604131.36236441,3802049.3,coinmarketcap_data_api_listings_historical
2026-02-27,8107,CBK,Cobak Token,0.25582572,25582572.49932013,2051736.58,coinmarketcap_data_api_listings_historical
2026-02-27,10903,C98,Coin98,0.02553063,25530606.14581559,23151856.71,coinmarketcap_data_api_listings_historical
2026-02-27,7737,API3,API3,0.29524123,25515330.8015146,18107627.62,coinmarketcap_data_api_listings_historical
2026-02-27,24203,SDEX,SmarDex,0.00274378,25426888.80283682,330377.62,coinmarketcap_data_api_listings_historical
2026-02-27,36994,AAPLX,Apple tokenized stock (xStock),264.26926902,25370986.0141867,12842953.51,coinmarketcap_data_api_listings_historical
2026-02-27,22059,VENOM,Venom,0.02557487,25291476.87338318,801790.25,coinmarketcap_data_api_listings_historical
2026-02-27,37180,USDCV,USD CoinVertible,0.99960305,25271414.63485394,4614942.19,coinmarketcap_data_api_listings_historical
2026-02-27,36164,CORN,Corn,0.04789451,25144615.73318521,8373731.09,coinmarketcap_data_api_listings_historical
2026-02-27,1788,MTL,Metal DAO,0.28105055,25056557.16571533,1196992.48,coinmarketcap_data_api_listings_historical
2026-02-27,5279,SOLO,Sologenic,0.06281044,25047297.51905676,3712884.19,coinmarketcap_data_api_listings_historical
2026-02-27,28654,UPC,UPCX,0.24925836,25042901.32291944,148725.14,coinmarketcap_data_api_listings_historical
2026-02-27,3029,FLUX,Flux,0.0616509,24863613.21703407,2898743.89,coinmarketcap_data_api_listings_historical
2026-02-27,5468,ISIKC,Isiklar Coin,0.24809346,24809346.31571206,452973.25,coinmarketcap_data_api_listings_historical
2026-02-27,7055,DPI,DeFi Pulse Index,44.29698816,24761282.19158855,0.0,coinmarketcap_data_api_listings_historical
2026-02-27,38231,MMT,Momentum,0.12075675,24645900.5537489,5512495.75,coinmarketcap_data_api_listings_historical
2026-02-27,9220,STRX,StrikeX,0.02818782,24598975.75519877,104910.29,coinmarketcap_data_api_listings_historical
2026-02-27,2303,MED,MediBloc,0.0023105,24593011.19698148,193444.31,coinmarketcap_data_api_listings_historical
2026-02-27,36180,KERNEL,KernelDAO,0.0854767,24472664.9661808,16717966.42,coinmarketcap_data_api_listings_historical
2026-02-27,4090,WXT,Wirex Token,0.00243974,24397429.8627042,294849.75,coinmarketcap_data_api_listings_historical
2026-02-27,8719,ILV,Illuvium,3.57554557,24334388.0322024,6697577.97,coinmarketcap_data_api_listings_historical
2026-02-27,27565,ARKM,Arkham,0.10788311,24284487.66052654,23686488.75,coinmarketcap_data_api_listings_historical
2026-02-27,29599,USDB,USDB,0.99966434,24075018.00993841,317299.48,coinmarketcap_data_api_listings_historical
2026-02-27,38788,MWXT,MWX Token,0.16020751,24019947.14111538,1827605.2,coinmarketcap_data_api_listings_historical
2026-02-27,38094,QQQon,Invesco QQQ Tokenized ETF (Ondo),606.38043868,23999396.74689225,1498905.99,coinmarketcap_data_api_listings_historical
2026-02-27,2840,QKC,QuarkChain,0.00332019,23950466.06031643,1096313.35,coinmarketcap_data_api_listings_historical
2026-02-27,31525,TAIKO,Taiko,0.12414775,23896459.23681923,2499109.14,coinmarketcap_data_api_listings_historical
2026-02-27,38093,NVDAon,NVIDIA Tokenized Stock (Ondo),177.87037404,23877891.60685507,6962552.42,coinmarketcap_data_api_listings_historical
2026-02-27,9640,METIS,Metis,3.25421803,23753300.01210543,3653771.91,coinmarketcap_data_api_listings_historical
2026-02-27,21533,LISTA,Lista DAO,0.08348722,23697111.41961357,4264006.81,coinmarketcap_data_api_listings_historical
2026-02-27,20245,CGO,Comtech Gold,167.92283209,23677119.32408828,1102186.73,coinmarketcap_data_api_listings_historical
2026-02-27,22620,ACX,Across Protocol,0.03347114,23436924.03436313,1779650.17,coinmarketcap_data_api_listings_historical
2026-02-27,28194,SATS,SATS (Ordinals),1e-08,23414705.0319,5228534.64,coinmarketcap_data_api_listings_historical
2026-02-27,5947,TPT,TokenPocket,0.00670561,23244714.21239974,81182.58,coinmarketcap_data_api_listings_historical
2026-02-27,38117,SAPIEN,Sapien,0.09248477,23121191.83206356,13271921.85,coinmarketcap_data_api_listings_historical
2026-02-27,38167,mUSD,MetaMask USD,0.99994432,23110000.38700497,922808.99,coinmarketcap_data_api_listings_historical
2026-02-27,4206,WIN,WINkLink,2.324e-05,23089544.32164602,10724875.93,coinmarketcap_data_api_listings_historical
2026-02-27,23054,CHEEL,Cheelee,0.40585973,23064243.51960539,2235601.04,coinmarketcap_data_api_listings_historical
2026-02-27,38495,MIRA,Mira,0.09397009,23010471.83812848,72662686.68,coinmarketcap_data_api_listings_historical
2026-02-27,39461,INX,Infinex,0.01146729,22869218.73301449,6931122.17,coinmarketcap_data_api_listings_historical
2026-02-27,36281,HYPER,Hyperlane,0.0975985,22860568.0993397,12418592.82,coinmarketcap_data_api_listings_historical
2026-02-27,38102,ARIA,AriaAI,0.07682947,22792741.68175461,2213235.08,coinmarketcap_data_api_listings_historical
2026-02-27,8925,WMATIC,Wrapped Matic,0.1088332,22749873.6014902,1396940.61,coinmarketcap_data_api_listings_historical
2026-02-27,36556,HP,Hippo Protocol,0.0173906,22702884.41496967,328876.0,coinmarketcap_data_api_listings_historical
2026-02-27,32068,GCB,Global Commercial Business,0.01885592,22661882.99014051,102.05,coinmarketcap_data_api_listings_historical
2026-02-27,5939,WNXM,Wrapped NXM,49.10893563,22530887.60218591,67731.28,coinmarketcap_data_api_listings_historical
2026-02-27,35051,SONIC,Sonic SVM,0.04643841,22520848.79701781,27703010.83,coinmarketcap_data_api_listings_historical
2026-02-27,15248,SANTOS,Santos FC Fan Token,1.3927897,22416747.34743525,9159482.85,coinmarketcap_data_api_listings_historical
2026-02-27,37374,ERA,Caldera,0.15055498,22357414.54443441,12013103.23,coinmarketcap_data_api_listings_historical
2026-02-27,31806,PEP,Pepecoin,0.0002182,22210317.26137081,105169.79,coinmarketcap_data_api_listings_historical
2026-02-27,5908,DKA,dKargo,0.00444075,22203766.49248778,321483.46,coinmarketcap_data_api_listings_historical
2026-02-27,20305,KCT,Konnect,0.00301044,22202026.82587596,465785.7,coinmarketcap_data_api_listings_historical
2026-02-27,37448,AIH,AIHub,18.95104583,22172723.6191783,0.0,coinmarketcap_data_api_listings_historical
2026-02-27,18386,FTRB,Faith Tribe,0.00684702,22108888.23277258,651163.82,coinmarketcap_data_api_listings_historical
2026-02-27,4956,MAPO,MAP Protocol,0.00356741,22075055.15881424,851285.09,coinmarketcap_data_api_listings_historical
2026-02-27,38908,ALLO,Allora,0.10982766,22020446.35569507,34015336.23,coinmarketcap_data_api_listings_historical
2026-02-27,23773,UNIETH,Universal ETH,2229.86627803,22009937.64816102,0.0,coinmarketcap_data_api_listings_historical
2026-02-27,6731,TOKAMAK,Tokamak Network,0.50200367,22008570.62701791,222181.61,coinmarketcap_data_api_listings_historical
2026-02-27,6138,DIA,DIA,0.18366381,21980168.64660721,2095267.6,coinmarketcap_data_api_listings_historical
2026-02-27,5444,CTSI,Cartesi,0.02420217,21916077.34117654,2657387.98,coinmarketcap_data_api_listings_historical
2026-02-27,38051,IVVon,iShares Core S&P 500 Tokenized ETF (Ondo),690.33986878,21879086.2734683,61708.19,coinmarketcap_data_api_listings_historical
2026-02-27,38359,STBL,STBL,0.04366322,21831610.68353917,11830873.9,coinmarketcap_data_api_listings_historical
2026-02-27,17591,NYM,NYM,0.02631761,21829124.87097155,2433747.7,coinmarketcap_data_api_listings_historical
2026-02-27,35458,asUSDF,Aster asUSDF,1.05719099,21828094.81450051,0.0,coinmarketcap_data_api_listings_historical
2026-02-27,11568,AGLD,Adventure Gold,0.25166728,21796903.78104265,12982330.44,coinmarketcap_data_api_listings_historical
2026-02-27,36713,RESOLV,Resolv,0.06034916,21756952.58558026,11219818.39,coinmarketcap_data_api_listings_historical
2026-02-27,30449,TNSR,Tensor,0.04671885,21588892.92607286,13319682.1,coinmarketcap_data_api_listings_historical
2026-02-27,34103,AIXBT,aixbt,0.02160232,21578882.97579771,48701443.88,coinmarketcap_data_api_listings_historical
2026-02-27,4120,PROM,Prom,1.18005931,21536082.34146191,3027128.75,coinmarketcap_data_api_listings_historical
2026-02-27,29676,AEVO,Aevo,0.02342171,21458602.46090587,10066240.8,coinmarketcap_data_api_listings_historical
2026-02-27,1883,ADS,Adshares,0.54683809,21183854.76433732,889761.33,coinmarketcap_data_api_listings_historical
2026-02-27,33979,USUAL,Usual,0.0124845,20952405.95603244,16675226.32,coinmarketcap_data_api_listings_historical
2026-02-27,2222,BCD,Bitcoin Diamond,0.1115907,20810873.52425386,0.0,coinmarketcap_data_api_listings_historical
2026-02-27,33152,WCT,WalletConnect Token,0.05920114,20768296.32546763,11028497.23,coinmarketcap_data_api_listings_historical
2026-02-27,14783,MAGIC,Treasure,0.06345783,20665660.62334455,10360046.25,coinmarketcap_data_api_listings_historical
2026-02-27,34297,F,SynFutures,0.00588975,20610997.90793511,11106245.7,coinmarketcap_data_api_listings_historical
2026-02-27,32027,STAPT,Amnis Staked Aptos coin,1.1178772,20594507.06291294,0.0,coinmarketcap_data_api_listings_historical
2026-02-27,9543,BICO,Biconomy,0.02056568,20570669.40563421,6182188.26,coinmarketcap_data_api_listings_historical
2026-02-27,38371,ZKC,Boundless,0.08762458,20568979.21746366,17354199.26,coinmarketcap_data_api_listings_historical
2026-02-27,37298,VELVET,Velvet,0.08520319,20536767.8246058,2906731.99,coinmarketcap_data_api_listings_historical
2026-02-27,36989,COINX,Coinbase tokenized stock (xStock),175.49868253,20533343.84989236,14910484.48,coinmarketcap_data_api_listings_historical
2026-02-27,32702,WRBTC,Wrapped Rootstock Bitcoin,65793.14288634,20474294.54382347,34899.95,coinmarketcap_data_api_listings_historical
2026-02-27,36775,IDOL,MEET48,0.01953538,20441817.06439596,13345393.38,coinmarketcap_data_api_listings_historical
2026-02-27,37609,IN,INFINIT,0.06834846,20404863.24820684,5246965.8,coinmarketcap_data_api_listings_historical
2026-02-27,36174,ES,Eclipse,0.15349093,20360242.82860804,10489951.68,coinmarketcap_data_api_listings_historical
2026-02-27,32809,ORDER,Orderly,0.05472833,20299965.59896045,8494756.93,coinmarketcap_data_api_listings_historical
2026-02-27,5824,SLP,Smooth Love Potion,0.00055612,20246214.49832221,3498814.98,coinmarketcap_data_api_listings_historical
2026-02-27,38178,TRUTH,Swarm Network,0.00962131,20063358.65365405,2917139.32,coinmarketcap_data_api_listings_historical
2026-02-27,36296,BANK,Lorenzo Protocol,0.0375554,20034585.77808543,3761796.56,coinmarketcap_data_api_listings_historical
2026-02-27,38386,USAT,USAT,0.99983248,19998699.32336447,5717682.85,coinmarketcap_data_api_listings_historical
2026-02-27,39170,COLLECT,Collect on Fanable,0.03718975,19970894.30160562,11226219.63,coinmarketcap_data_api_listings_historical
2026-02-27,38031,TLTon,iShares 20+ Year Treasury Bond Tokenized ETF (Ondo),92.86417663,19933797.60053597,1396605.35,coinmarketcap_data_api_listings_historical
2026-02-27,13663,GNS,Gains Network,0.80638677,19872728.74010124,2194110.36,coinmarketcap_data_api_listings_historical
2026-02-27,34987,FLOCK,FLock.io,0.06387896,19777774.03655432,10487161.28,coinmarketcap_data_api_listings_historical
2026-02-27,2941,CET,CoinEx Token,0.0279092,19777398.8719305,49946.32,coinmarketcap_data_api_listings_historical
2026-02-27,38569,APR,aPriori,0.09157023,19773445.60890379,8725871.18,coinmarketcap_data_api_listings_historical
2026-02-27,30843,REZ,Renzo,0.00290398,19632610.84993416,5216367.83,coinmarketcap_data_api_listings_historical
2026-02-27,32232,PMT,Public Masterpiece Token,0.11243385,19564835.03121792,255014.9,coinmarketcap_data_api_listings_historical
2026-02-27,6841,PHA,Phala Network,0.02348028,19517459.22629648,14918222.83,coinmarketcap_data_api_listings_historical
2026-02-27,12573,CPOOL,Clearpool,0.02040694,19465538.19647572,1549660.77,coinmarketcap_data_api_listings_historical
2026-02-27,36737,TRADOOR,Tradoor,1.35041457,19377098.63777329,4531773.43,coinmarketcap_data_api_listings_historical
2026-02-27,39151,PYBOBO,Capybobo,0.00080815,19304586.9278587,4836338.32,coinmarketcap_data_api_listings_historical
2026-02-27,11223,MMUI,MetaMUI,0.04052568,19300211.20008478,527884.79,coinmarketcap_data_api_listings_historical
2026-02-27,14803,AURORA,Aurora,0.02813748,19237943.76216626,320574.04,coinmarketcap_data_api_listings_historical
2026-02-27,30063,GIGA,Gigachad,0.002068,19237363.28174916,1046028.11,coinmarketcap_data_api_listings_historical
2026-02-27,33440,GOAT,Goatseus Maximus,0.01919404,19193732.44907881,6080525.21,coinmarketcap_data_api_listings_historical
2026-02-27,3814,CELR,Celer Network,0.00245917,19189944.91769938,4110551.11,coinmarketcap_data_api_listings_historical
2026-02-27,39387,ELSA,HeyElsa,0.08365655,19155675.8792914,13912332.12,coinmarketcap_data_api_listings_historical
2026-02-27,7497,POND,Marlin,0.00232619,19139900.75133951,1216199.66,coinmarketcap_data_api_listings_historical
2026-02-27,28933,XAI,Xai,0.00962599,19139561.01160193,10621407.01,coinmarketcap_data_api_listings_historical
2026-02-27,23528,WTAO,Wrapped TAO,175.85762102,19112107.25221194,1884595.13,coinmarketcap_data_api_listings_historical
2026-02-27,36803,LIBERTY,Torch of Liberty,0.01898215,18982151.20487281,485082.16,coinmarketcap_data_api_listings_historical
2026-02-27,5067,MAX,MAX Exchange Token,0.29191279,18954235.20868695,65617.04,coinmarketcap_data_api_listings_historical
2026-02-27,35114,NAORIS,Naoris Protocol,0.03162591,18952145.68712058,1424033.59,coinmarketcap_data_api_listings_historical
2026-02-27,29884,DSYNC,Destra Network,0.01939407,18908203.72508435,4378131.65,coinmarketcap_data_api_listings_historical
2026-02-27,37740,OPENX,OPEN tokenized stock (xStock),5.61,18636648.76381087,342.55,coinmarketcap_data_api_listings_historical
2026-02-27,11078,IAG,IAGON,0.04954806,18631083.95182405,252323.12,coinmarketcap_data_api_listings_historical
2026-02-27,22850,HONEY,Hivemapper,0.00337342,18623557.94562105,663491.04,coinmarketcap_data_api_listings_historical
2026-02-27,36255,LUCIC,Lucidum Coin,0.11340706,18610710.11100479,46785.65,coinmarketcap_data_api_listings_historical
2026-02-27,25220,BITCOIN,HarryPotterObamaSonic10Inu (ERC-20),0.01856434,18560596.13137526,5790363.97,coinmarketcap_data_api_listings_historical
2026-02-27,36288,EDGE,Definitive,0.09128462,18533030.40234972,914459.97,coinmarketcap_data_api_listings_historical
2026-02-27,24007,AGI,Delysium,0.01100665,18529415.13718554,2182149.36,coinmarketcap_data_api_listings_historical
2026-02-27,39121,MAGMA,Magma Finance,0.09688803,18408725.15289573,2098307.52,coinmarketcap_data_api_listings_historical
2026-02-27,21763,USDT.e,Tether Avalanche Bridged,0.99712729,18401160.29338722,86915.14,coinmarketcap_data_api_listings_historical
2026-02-27,36223,PROMPT,Wayfinder,0.04524993,18384158.10166733,6604415.41,coinmarketcap_data_api_listings_historical
2026-02-27,38926,CHECK,Checkmate,0.05864563,18230721.87375174,35246771.48,coinmarketcap_data_api_listings_historical
2026-02-27,21706,GRND,SuperWalk,0.02537345,18222106.51448209,2290373.13,coinmarketcap_data_api_listings_historical
2026-02-27,2137,ETN,Electroneum,0.00100736,18112105.41957785,267778.61,coinmarketcap_data_api_listings_historical
2026-02-27,38136,SPACE,Spacecoin,0.00841131,18105348.27049395,13709712.81,coinmarketcap_data_api_listings_historical
2026-02-27,23756,CGPT,ChainGPT,0.02065076,18093524.67745665,21568593.93,coinmarketcap_data_api_listings_historical
2026-02-27,32087,SOPH,Sophon,0.00904388,18087762.2317569,8059316.56,coinmarketcap_data_api_listings_historical
2026-02-27,12400,DEL,Decimal,0.00162269,18045982.43286134,365648.8,coinmarketcap_data_api_listings_historical
2026-02-27,38864,FOLKS,Folks Finance,1.47733227,18021100.32151911,12853148.56,coinmarketcap_data_api_listings_historical
2026-02-27,38468,HANA,Hana Network,0.03512392,17899391.23241977,8836130.26,coinmarketcap_data_api_listings_historical
2026-02-27,38909,JCT,Janction,0.00154417,17748177.73819946,12031578.7,coinmarketcap_data_api_listings_historical
2026-02-27,13524,SLND,Solend,0.17701989,17701988.91311653,13.22,coinmarketcap_data_api_listings_historical
2026-02-27,28932,DYM,Dymension,0.03752699,17701984.05163033,2640160.27,coinmarketcap_data_api_listings_historical
2026-02-27,33502,VULT,Vultisig,0.27101436,17619142.40519523,76481.63,coinmarketcap_data_api_listings_historical
2026-02-27,38041,IAUon,iShares Gold Trust Tokenized ETF (Ondo),99.44633115,17484513.50996009,3619335.52,coinmarketcap_data_api_listings_historical
2026-02-27,37562,AIO,OLAXBT,0.07590624,17477412.39677012,6540823.95,coinmarketcap_data_api_listings_historical
2026-02-27,22264,OHO,Oho,0.0007238,17460986.67918493,135153.19,coinmarketcap_data_api_listings_historical
2026-02-27,38307,FELY,Felysyum,0.39798596,17418747.31424628,21880.81,coinmarketcap_data_api_listings_historical
2026-02-27,4038,MBL,MovieBloc,0.00090755,17386656.85135353,4825510.76,coinmarketcap_data_api_listings_historical
2026-02-27,38427,ZBT,ZEROBASE,0.07887393,17352263.89391286,28878139.45,coinmarketcap_data_api_listings_historical
2026-02-27,29150,PONKE,Ponke,0.030952,17195202.52180547,3919403.75,coinmarketcap_data_api_listings_historical
2026-02-27,38481,XAN,Anoma,0.00686355,17158883.46563107,10366084.2,coinmarketcap_data_api_listings_historical
2026-02-27,8100,ankrETH,Ankr Staked ETH,2321.8740389,17132663.10296968,0.0,coinmarketcap_data_api_listings_historical
2026-02-27,5026,OXT,Orchid,0.01715183,17104054.50926053,1839821.42,coinmarketcap_data_api_listings_historical
2026-02-27,38021,IEFAon,iShares Core MSCI EAFE Tokenized ETF (Ondo),99.81905845,16927874.71707051,1437583.2,coinmarketcap_data_api_listings_historical
2026-02-27,28066,BANANA,Banana Gun,4.21290415,16882340.20117011,3224740.2,coinmarketcap_data_api_listings_historical
2026-02-27,8677,XYM,Symbol,0.00262275,16664010.79491557,100545.81,coinmarketcap_data_api_listings_historical
2026-02-27,20490,ROG,ROGin AI,0.2487367,16662840.2802654,34162.05,coinmarketcap_data_api_listings_historical
2026-02-27,2545,ABT,ArcBlock,0.16896502,16652230.25187661,110463.19,coinmarketcap_data_api_listings_historical
2026-02-27,36861,NEWT,Newton Protocol,0.07721508,16601241.78298786,72071002.68,coinmarketcap_data_api_listings_historical
2026-02-27,3418,META,Metadium,0.00958141,16572098.42406462,242588.57,coinmarketcap_data_api_listings_historical
2026-02-27,39035,ZKP,zkPass,0.08199383,16535422.58225919,8057299.24,coinmarketcap_data_api_listings_historical
2026-02-27,35421,VINE,Vine Coin,0.01651855,16518447.83048397,3151006.55,coinmarketcap_data_api_listings_historical
2026-02-27,38651,YB,YieldBasis,0.18784869,16515030.72794634,23882780.35,coinmarketcap_data_api_listings_historical
2026-02-27,37482,DORA,DORA,0.01665086,16485780.69992003,192676.12,coinmarketcap_data_api_listings_historical
2026-02-27,37082,XAUT0,Tether Gold Tokens,5260.25878089,16463660.49168731,1960741.3,coinmarketcap_data_api_listings_historical
2026-02-27,27650,ICE,Ice Open Network,0.00248786,16457676.12765436,22781.81,coinmarketcap_data_api_listings_historical
2026-02-27,23711,PRIME,Echelon Prime,0.45912558,16424685.51916343,9944697.7,coinmarketcap_data_api_listings_historical
2026-02-27,28909,CKBTC,Chain-key Bitcoin,64336.5289414,16281645.3792012,76180.72,coinmarketcap_data_api_listings_historical
2026-02-27,16690,ABEY,Abey,0.01571502,16264273.51260133,33203.58,coinmarketcap_data_api_listings_historical
2026-02-27,37340,C,Chainbase,0.05110435,16251183.64676918,4666437.97,coinmarketcap_data_api_listings_historical
2026-02-27,37020,BRK.BX,Berkshire Hathaway tokenized stock (xStock),519.96896494,16223031.25506178,981.16,coinmarketcap_data_api_listings_historical
2026-02-27,36056,XP,Xphere,0.0063437,16216168.2418645,776945.42,coinmarketcap_data_api_listings_historical
2026-02-27,37062,PLTRX,Palantir tokenized stock (xStock),135.31,16088359.0,15783.73,coinmarketcap_data_api_listings_historical
2026-02-27,21870,MPLX,Metaplex,0.03073448,16007152.51520504,2942115.94,coinmarketcap_data_api_listings_historical
2026-02-27,27178,PAAL,PAAL AI,0.01602717,16005577.08154869,2838639.87,coinmarketcap_data_api_listings_historical
2026-02-27,21988,QIE,QIE Blockchain,0.18754206,15822753.49676499,14394.83,coinmarketcap_data_api_listings_historical
2026-02-27,38767,NOCK,Nockchain,0.00822935,15793668.77831784,505732.96,coinmarketcap_data_api_listings_historical
2026-02-27,11726,XAI,SideShift Token,0.10927755,15768721.38426758,1904.77,coinmarketcap_data_api_listings_historical
2026-02-27,29335,PIXEL,Pixels,0.00493595,15748482.78673188,12952366.08,coinmarketcap_data_api_listings_historical
2026-02-27,24600,MOBILE,Helium Mobile,0.00017608,15720184.39657918,191987.6,coinmarketcap_data_api_listings_historical
2026-02-27,36666,TIT,Titan's Tap,0.000511,15681604.24807764,50165.2,coinmarketcap_data_api_listings_historical
2026-02-27,37041,HOODX,Robinhood tokenized stock (xStock),75.47699302,15676555.39619265,21645827.63,coinmarketcap_data_api_listings_historical
2026-02-27,10854,RAIL,Railgun,1.14665913,15675713.86994015,414128.38,coinmarketcap_data_api_listings_historical
2026-02-27,38283,CARDS,Collector Crypt,0.0411698,15655336.18509302,1082887.43,coinmarketcap_data_api_listings_historical
2026-02-27,11584,BTRST,Braintrust,0.06484311,15649739.64779528,81273.42,coinmarketcap_data_api_listings_historical
2026-02-27,2083,BTG,Bitcoin Gold,0.884646,15493622.38965905,1264.68,coinmarketcap_data_api_listings_historical
2026-02-27,37027,HONX,Honeywell tokenized stock (xStock),245.32337489,15459173.14652891,687408.42,coinmarketcap_data_api_listings_historical
2026-02-27,3978,CHR,Chromia,0.01805794,15441923.76598164,6772412.99,coinmarketcap_data_api_listings_historical
2026-02-27,30096,DEGEN,Degen,0.00070268,15440680.3528798,2714037.82,coinmarketcap_data_api_listings_historical
2026-02-27,35702,NIL,Nillion,0.04894908,15392751.95943617,11833468.25,coinmarketcap_data_api_listings_historical
2026-02-27,21914,SAUCE,SaucerSwap,0.01736219,15391956.78612438,82364.37,coinmarketcap_data_api_listings_historical
2026-02-27,5268,EWT,Energy Web Token,0.51063164,15350678.77898352,324873.25,coinmarketcap_data_api_listings_historical
2026-02-27,35929,DOLO,Dolomite,0.03466299,15307938.96013157,2883530.82,coinmarketcap_data_api_listings_historical
2026-02-27,38219,ARARA,Araracoin,0.00042189,15293472.04289442,15524.62,coinmarketcap_data_api_listings_historical
2026-02-27,39113,IR,Infrared,0.07456571,15285969.84741011,6422926.94,coinmarketcap_data_api_listings_historical
2026-02-27,11294,RARE,SuperRare,0.01845498,15221641.77796582,6700284.22,coinmarketcap_data_api_listings_historical
2026-02-27,7978,FIDA,Bonfida,0.01534939,15209880.59183295,8442315.95,coinmarketcap_data_api_listings_historical
2026-02-27,37047,VTIX,Vanguard tokenized ETF (xStock),339.81284886,15168339.83788653,211440.91,coinmarketcap_data_api_listings_historical
2026-02-27,37015,AMBRX,Amber tokenized stock (xStock),2.63957311,15166969.27653131,152.11,coinmarketcap_data_api_listings_historical
2026-02-27,36313,TROLL,TROLL (SOL),0.01516709,15150198.8454686,1320584.87,coinmarketcap_data_api_listings_historical
2026-02-27,37039,XOMX,Exxon Mobil tokenized stock (xStock),158.01110789,15145533.94384148,30331.29,coinmarketcap_data_api_listings_historical
2026-02-27,37534,PLAY,PlaysOut,0.01883874,15078837.51535938,2802740.22,coinmarketcap_data_api_listings_historical
2026-02-27,1414,FIRO,Firo,0.82155232,15044400.15137918,356982.36,coinmarketcap_data_api_listings_historical
2026-02-27,32966,CATI,Catizen,0.03762369,14968324.42557018,3984162.21,coinmarketcap_data_api_listings_historical
2026-02-27,11396,JOE,JOE,0.03672321,14820543.4013295,1931836.39,coinmarketcap_data_api_listings_historical
2026-02-27,33120,INIT,Initia,0.0809437,14792634.81602389,11967963.92,coinmarketcap_data_api_listings_historical
2026-02-27,4039,ARPA,ARPA,0.00971956,14769717.39045679,8427765.34,coinmarketcap_data_api_listings_historical
2026-02-27,7424,HEZ,Hermez Network,3.13604416,14739407.54433869,41134.61,coinmarketcap_data_api_listings_historical
2026-02-27,39192,USDM,USDM,1.0015861,14702993.47138249,113897.3,coinmarketcap_data_api_listings_historical
2026-02-27,6836,GLMR,Moonbeam,0.01355311,14698468.1284589,5622073.03,coinmarketcap_data_api_listings_historical
2026-02-27,29779,ZKJ,Polyhedra Network,0.02524338,14638268.87306938,4251795.8,coinmarketcap_data_api_listings_historical
2026-02-27,38072,AGGon,iShares Core US Aggregate Bond Tokenized ETF (Ondo),103.37217334,14627550.29093487,1514517.09,coinmarketcap_data_api_listings_historical
2026-02-27,1757,FUN,FUNToken,0.0013466,14551578.16797878,5323191.56,coinmarketcap_data_api_listings_historical
2026-02-27,36581,ZEUS,Zeus (truezeuscoin.com),3e-08,14518149.98686491,40307.86,coinmarketcap_data_api_listings_historical
2026-02-27,2776,AVA,AVA (Travala),0.20075695,14486961.41343201,7208764.92,coinmarketcap_data_api_listings_historical
2026-02-27,10631,GODS,Gods Unchained,0.03453835,14442544.96251775,556163.05,coinmarketcap_data_api_listings_historical
2026-02-27,5161,WRX,WazirX,0.03776444,14420609.88507564,21823.5,coinmarketcap_data_api_listings_historical
2026-02-27,9285,MOVR,Moonriver,1.27585961,14418146.22179803,3442337.23,coinmarketcap_data_api_listings_historical
2026-02-27,25114,CETUS,Cetus Protocol,0.01583457,14406017.36397179,2486472.05,coinmarketcap_data_api_listings_historical
2026-02-27,20435,VELO,Velodrome Finance,0.01571696,14384199.00185369,2224901.41,coinmarketcap_data_api_listings_historical
2026-02-27,8766,ALICE,MyNeighborAlice,0.14302107,14340188.6778517,81867407.68,coinmarketcap_data_api_listings_historical
2026-02-27,37028,INTCX,Intel tokenized stock (xStock),45.69,14300970.0,943.94,coinmarketcap_data_api_listings_historical
2026-02-27,36769,BULLA,Bulla,0.01428216,14282155.84738816,6850394.55,coinmarketcap_data_api_listings_historical
2026-02-27,34456,READY,READY!,0.0142244,14224404.97100719,151295.88,coinmarketcap_data_api_listings_historical
2026-02-27,35728,DIAM,DIAM,0.0075897,14214018.17903403,161361.52,coinmarketcap_data_api_listings_historical
2026-02-27,7460,AQT,Alpha Quark Token,0.52886007,14176729.28227233,2985822.94,coinmarketcap_data_api_listings_historical
2026-02-27,38756,LMTS,Limitless,0.10756958,14156014.41169574,3329802.44,coinmarketcap_data_api_listings_historical
2026-02-27,32722,LAVA,Lava Network,0.05340285,14125399.21705165,1710108.26,coinmarketcap_data_api_listings_historical
2026-02-27,32698,DOGS,DOGS,2.724e-05,14075380.60834878,4083245.29,coinmarketcap_data_api_listings_historical
2026-02-27,4953,FCT,FirmaChain,0.0124854,14069157.29357733,145192.44,coinmarketcap_data_api_listings_historical
2026-02-27,39355,ROLL,RollX,0.09076051,14067878.75145861,2550143.38,coinmarketcap_data_api_listings_historical
2026-02-27,29042,EURR,StablR Euro,1.17840834,14003664.94942573,4750225.38,coinmarketcap_data_api_listings_historical
2026-02-27,32194,STO,StakeStone,0.06212388,13998581.81106856,11474578.38,coinmarketcap_data_api_listings_historical
2026-02-27,28674,ACE,Fusionist,0.15543922,13986981.63864996,25996507.65,coinmarketcap_data_api_listings_historical
2026-02-27,4279,SXP,Solar,0.02076776,13984867.07195685,13569511.91,coinmarketcap_data_api_listings_historical
2026-02-27,27533,OSAK,Osaka Protocol,2e-08,13983572.74800199,12541.14,coinmarketcap_data_api_listings_historical
2026-02-27,16876,ALI,Artificial Liquid Intelligence,0.00152813,13933648.77970135,209630.74,coinmarketcap_data_api_listings_historical
2026-02-27,37345,YU,Yala,0.16722851,13923398.86605782,0.0,coinmarketcap_data_api_listings_historical
2026-02-27,9421,FORTH,Ampleforth Governance Token,0.96349952,13820007.60900353,1767483.76,coinmarketcap_data_api_listings_historical
2026-02-27,6843,RAD,Radworks,0.23356049,13797814.39664458,8431073.89,coinmarketcap_data_api_listings_historical
2026-02-27,8489,XSGD,XSGD,0.78884099,13790295.82956548,54124.75,coinmarketcap_data_api_listings_historical
2026-02-27,37056,MSFTX,Microsoft tokenized stock (xStock),406.5743259,13710323.00871953,5593.95,coinmarketcap_data_api_listings_historical
2026-02-27,5309,OG,OG Fan Token,2.97949643,13674550.79896712,6963763.29,coinmarketcap_data_api_listings_historical
2026-02-27,9308,PYR,Vulcan Forged (PYR),0.30588329,13635150.86498696,3704045.94,coinmarketcap_data_api_listings_historical
2026-02-27,36041,MUBARAK,Mubarak,0.01361362,13613622.88124827,13476994.8,coinmarketcap_data_api_listings_historical
2026-02-27,38863,TRUST,Intuition,0.07548555,13560814.86883273,5336656.81,coinmarketcap_data_api_listings_historical
2026-02-27,9288,QI,BENQI,0.00188034,13538450.56480663,576476.93,coinmarketcap_data_api_listings_historical
2026-02-27,32376,AVAIL,Avail,0.00361508,13431785.49000011,764842.55,coinmarketcap_data_api_listings_historical
2026-02-27,33104,SYNC,SyncGPT,0.06715066,13430131.66363511,0.0,coinmarketcap_data_api_listings_historical
2026-02-27,32889,AUKI,Auki,0.01068312,13415720.16356935,216982.14,coinmarketcap_data_api_listings_historical
2026-02-27,35595,GMRT,The Game Company,0.0408283,13410285.56130502,13188.0,coinmarketcap_data_api_listings_historical
2026-02-27,35386,AO,AO,3.80887087,13391716.37132574,4821742.54,coinmarketcap_data_api_listings_historical
2026-02-27,37743,STAR,Starpower,0.07197134,13381613.41922279,10583315.95,coinmarketcap_data_api_listings_historical
2026-02-27,38029,TSLAon,Tesla Tokenized Stock (Ondo),401.39731273,13380133.90165278,1529100.25,coinmarketcap_data_api_listings_historical
2026-02-27,11865,BONE,Bone ShibaSwap,0.05800578,13336883.03696147,698941.56,coinmarketcap_data_api_listings_historical
2026-02-27,2492,ELA,Elastos,0.57545418,13282780.04448503,704558.99,coinmarketcap_data_api_listings_historical
2026-02-27,9674,WILD,Wilder World,0.0269225,13272050.49381367,387941.57,coinmarketcap_data_api_listings_historical
2026-02-27,37387,BAS,BNB Attestation Service,0.00530619,13265467.24204286,2570024.75,coinmarketcap_data_api_listings_historical
2026-02-27,36770,AIN,Infinity Ground,0.04540007,13255305.97092275,2203728.34,coinmarketcap_data_api_listings_historical
2026-02-27,33566,ACT,Act I : The AI Prophecy,0.01396082,13238237.87377982,16784050.5,coinmarketcap_data_api_listings_historical
2026-02-27,38442,CMC20,CoinMarketCap 20 Index DTF,134.88751527,13215494.78722051,2136947.03,coinmarketcap_data_api_listings_historical
2026-02-27,34753,WS,Wrapped Sonic,0.04001367,13157881.62071392,905619.89,coinmarketcap_data_api_listings_historical
2026-02-27,5117,OGN,Origin Protocol,0.0199149,13157324.91174132,4133071.72,coinmarketcap_data_api_listings_historical
2026-02-27,38963,FIGHT,FIGHT,0.00640307,13126290.15856368,4467174.09,coinmarketcap_data_api_listings_historical
2026-02-27,32591,sSOL,Solayer SOL,92.79470109,13071774.97638227,58396.99,coinmarketcap_data_api_listings_historical
2026-02-27,20605,TAI,TARS AI,0.01457445,13003177.9124169,1620301.16,coinmarketcap_data_api_listings_historical
2026-02-27,37393,YNG,Young,0.48048868,12973194.27381541,34078.86,coinmarketcap_data_api_listings_historical
2026-02-27,27054,RSC,ResearchCoin,0.09993817,12947299.52957547,652856.29,coinmarketcap_data_api_listings_historical
2026-02-27,2606,WAN,Wanchain,0.06489278,12903842.19236568,980035.77,coinmarketcap_data_api_listings_historical
2026-02-27,18895,MBX,MARBLEX,0.04760677,12886950.88802358,633648.77,coinmarketcap_data_api_listings_historical
2026-02-27,10430,ARG,Argentine Football Association Fan Token,0.77741653,12823867.44423775,2175666.52,coinmarketcap_data_api_listings_historical
2026-02-27,30953,SBBTC,ShibaBitcoin,109.99114433,12823159.25711003,70744.54,coinmarketcap_data_api_listings_historical
2026-02-27,38750,ON,Orochi Network,0.0886451,12789271.49436622,864626.35,coinmarketcap_data_api_listings_historical
2026-02-27,22359,XPLA,CONX,0.01390187,12777580.72736723,102511.01,coinmarketcap_data_api_listings_historical
2026-02-27,2630,NCT,PolySwarm,0.00671608,12663178.23715009,131398.52,coinmarketcap_data_api_listings_historical
2026-02-27,38679,哈基米,哈基米,0.0126286,12628597.008495,1305597.34,coinmarketcap_data_api_listings_historical
2026-02-27,39322,我踏马来了,我踏马来了,0.01262141,12621411.81200478,11811256.28,coinmarketcap_data_api_listings_historical
2026-02-27,31838,COOKIE,Cookie DAO,0.01790056,12619473.60220354,7083953.47,coinmarketcap_data_api_listings_historical
2026-02-27,3,NMC,Namecoin,0.85537621,12605165.92164758,15251.75,coinmarketcap_data_api_listings_historical
2026-02-27,35690,B3,B3 (Base),0.00038838,12601501.21505192,840929.23,coinmarketcap_data_api_listings_historical
2026-02-27,32724,CAT,Simon's Cat,1.67e-06,12599082.74098156,2413328.74,coinmarketcap_data_api_listings_historical
2026-02-27,5380,HUNT,Hunt Town,0.09985325,12598252.93051982,122534.15,coinmarketcap_data_api_listings_historical
2026-02-27,34849,RBNT,Redbelly Network,0.00499775,12569022.77761545,208573.06,coinmarketcap_data_api_listings_historical
2026-02-27,2001,COLX,ColossusXT,0.0009846,12536278.46507257,0.0,coinmarketcap_data_api_listings_historical
2026-02-27,38430,AIA,DeAgentAI,0.08530363,12525132.46466617,3614517.21,coinmarketcap_data_api_listings_historical
2026-02-27,36539,RIZE,RIZE,0.00634414,12518666.45520401,60134.27,coinmarketcap_data_api_listings_historical
2026-02-27,2915,MOC,Moss Coin,0.02827677,12455627.76552764,151766.52,coinmarketcap_data_api_listings_historical
2026-02-27,38970,BOB,BOB (Build on Bitcoin),0.00555811,12339009.77091382,5320611.36,coinmarketcap_data_api_listings_historical
2026-02-27,8720,INV,Inverse Finance,16.99527242,12329969.04184686,125801.79,coinmarketcap_data_api_listings_historical
2026-02-27,14052,PORTO,FC Porto Fan Token,0.94595848,12286303.87754275,1462865.46,coinmarketcap_data_api_listings_historical
2026-02-27,35608,WBERA,Wrapped Bera,0.59279787,12162253.57400589,278247.67,coinmarketcap_data_api_listings_historical
2026-02-27,35749,BROCCOLI,CZ's Dog,0.01250243,12127658.51303575,10408407.98,coinmarketcap_data_api_listings_historical
2026-02-27,3673,ASD,ASD,0.01824952,12055911.09764607,1103109.93,coinmarketcap_data_api_listings_historical
2026-02-27,34076,WQUIL,Wrapped QUIL,0.01335981,12054361.43359429,182435.62,coinmarketcap_data_api_listings_historical
2026-02-27,19590,DFG,Defigram,1.2013488,12013488.03509572,0.0,coinmarketcap_data_api_listings_historical
2026-02-27,16399,COREUM,Coreum,0.0311579,11989311.34190488,314806.77,coinmarketcap_data_api_listings_historical
2026-02-27,5228,GAL,Galatasaray Fan Token,1.60068951,11963801.49371172,829542.69,coinmarketcap_data_api_listings_historical
2026-02-27,36063,BR,Bedrock,0.05194543,11947448.2999408,810070.88,coinmarketcap_data_api_listings_historical
2026-02-27,8037,VANRY,Vanar Chain,0.00520027,11946941.49676713,94559302.65,coinmarketcap_data_api_listings_historical
2026-02-27,18037,MAV,Maverick Protocol,0.0141359,11915938.95066215,2265925.15,coinmarketcap_data_api_listings_historical
2026-02-27,36153,FHE,Mind Network,0.02984369,11877789.8074441,4915923.19,coinmarketcap_data_api_listings_historical
2026-02-27,3930,TT,ThunderCore,0.00088859,11801780.69484727,201898.04,coinmarketcap_data_api_listings_historical
2026-02-27,32037,ANYONE,ANyONe Protocol,0.1207371,11771863.35955951,532823.52,coinmarketcap_data_api_listings_historical
2026-02-27,31750,GEMS,Gems,0.01958198,11726966.24900377,622688.67,coinmarketcap_data_api_listings_historical
2026-02-27,17131,IXT,Planet IX(formerly IX token),0.0886079,11646460.57696347,643.69,coinmarketcap_data_api_listings_historical
2026-02-27,36933,XNY,Codatta,0.00465211,11630273.22800991,14253484.01,coinmarketcap_data_api_listings_historical
2026-02-27,37672,BSU,Baby Shark Universe,0.06919015,11623944.90676624,30765371.07,coinmarketcap_data_api_listings_historical
2026-02-27,32325,PUFFER,Puffer,0.02956847,11612436.71701398,4846645.62,coinmarketcap_data_api_listings_historical
2026-02-27,38669,RECALL,Recall,0.050794,11550031.55322598,3264013.75,coinmarketcap_data_api_listings_historical
2026-02-27,37023,GMEX,Gamestop tokenized stock (xStock),23.05,11493945.2246583,751.09,coinmarketcap_data_api_listings_historical
2026-02-27,34330,FAI,Freysa,0.00140067,11471031.10540392,448125.63,coinmarketcap_data_api_listings_historical
2026-02-27,37495,TREE,Treehouse,0.07332518,11447707.01290718,17925033.53,coinmarketcap_data_api_listings_historical
2026-02-27,37362,WFRAX,Wrapped FRAX,0.61942142,11444256.71225546,1483024.11,coinmarketcap_data_api_listings_historical
2026-02-27,32690,WRSETH,Kelp DAO Wrapped rsETH,2061.59048573,11440987.21878,0.92,coinmarketcap_data_api_listings_historical
2026-02-27,11038,BFG,BFG Token,0.01017231,11421565.92304385,25078.21,coinmarketcap_data_api_listings_historical
2026-02-27,38435,NETX,NetX,0.56295793,11416616.87709322,190424.32,coinmarketcap_data_api_listings_historical
2026-02-27,38068,TIPon,iShares TIPS Bond Tokenized ETF (Ondo),113.83598893,11407746.84426142,71195.26,coinmarketcap_data_api_listings_historical
2026-02-27,6641,AHT,AhaToken,0.00157074,11373044.8066506,81736.63,coinmarketcap_data_api_listings_historical
2026-02-27,38101,MAUSDT_LISTA,Mitosis Matrix USDT (Lista),1.01497307,11230001.98835786,0.0,coinmarketcap_data_api_listings_historical
2026-02-27,8613,ALCX,Alchemix,4.4674322,11227147.01190425,1707051.32,coinmarketcap_data_api_listings_historical
2026-02-27,8670,VOW,Vow,0.03148926,11219158.08974432,94636.19,coinmarketcap_data_api_listings_historical
2026-02-27,6069,ASM,Assemble AI,0.00747417,11211249.55068855,1860074.23,coinmarketcap_data_api_listings_historical
2026-02-27,28919,TGC,TG Casino,0.14319302,11210294.71248049,40482.61,coinmarketcap_data_api_listings_historical
2026-02-27,5229,ASR,AS Roma Fan Token,1.35600379,11152232.14208948,3750555.81,coinmarketcap_data_api_listings_historical
2026-02-27,38888,ELIZAOS,elizaOS,0.00125817,11140829.047412,7962109.03,coinmarketcap_data_api_listings_historical
2026-02-27,38007,EFAon,iShares MSCI EAFE Tokenized ETF (Ondo),106.4862134,11108522.55051302,433.64,coinmarketcap_data_api_listings_historical
2026-02-27,24476,LMWR,LimeWire,0.02492014,11106555.90833889,506104.94,coinmarketcap_data_api_listings_historical
2026-02-27,37338,TAC,TAC Protocol,0.00405247,11069205.3436277,1632081.17,coinmarketcap_data_api_listings_historical
2026-02-27,11232,HIGH,Highstreet,0.14120405,11067484.1881932,5585972.59,coinmarketcap_data_api_listings_historical
2026-02-27,34240,SUPRA,SUPRA,0.00044148,11064755.46450808,1107286.89,coinmarketcap_data_api_listings_historical
2026-02-27,5225,BAR,FC Barcelona Fan Token,0.49349449,11044250.3143375,2592825.91,coinmarketcap_data_api_listings_historical
2026-02-27,13967,GFI,Goldfinch,0.12773946,11017813.82023481,228769.05,coinmarketcap_data_api_listings_historical
2026-02-27,11307,BETA,Beta Finance,0.01101569,11015687.40636666,1549.87,coinmarketcap_data_api_listings_historical
2026-02-27,5227,ATM,Atletico De Madrid Fan Token,1.37550831,11003963.32274355,1833229.95,coinmarketcap_data_api_listings_historical
2026-02-27,9119,TLM,Alien Worlds,0.00168468,10949932.20789174,21597968.14,coinmarketcap_data_api_listings_historical
2026-02-27,38464,NOM,Nomina,0.00376609,10921655.52223931,43995402.26,coinmarketcap_data_api_listings_historical
2026-02-27,2866,BOUNTY,Chainbounty,0.02127408,10914520.94647092,594270.3,coinmarketcap_data_api_listings_historical
2026-02-27,1768,ADX,AdEx,0.07369501,10899491.26001627,4806228.03,coinmarketcap_data_api_listings_historical
2026-02-27,30372,SAGA,Saga,0.03039877,10822831.69048569,5333118.11,coinmarketcap_data_api_listings_historical
2026-02-27,12787,MIN,Minswap,0.00615446,10812464.53338969,42475.8,coinmarketcap_data_api_listings_historical
2026-02-27,6724,KLV,Klever Coin,0.00121449,10785606.12354851,238499.83,coinmarketcap_data_api_listings_historical
2026-02-27,24835,PEPECOIN,PepeCoin,0.10071019,10781752.64530557,291018.69,coinmarketcap_data_api_listings_historical
2026-02-27,8771,GYEN,GYEN,0.00513519,10777645.2696914,122.45,coinmarketcap_data_api_listings_historical
2026-02-27,33725,VON,Vameon,2.155e-05,10772610.0123955,199000.45,coinmarketcap_data_api_listings_historical
2026-02-27,36279,PAPARAZZI,Paparazzi Token,0.00155079,10769359.43511407,234848.7,coinmarketcap_data_api_listings_historical
2026-02-27,38966,EDEL,Edel,0.01874429,10732142.7391097,1195876.1,coinmarketcap_data_api_listings_historical
2026-02-27,37050,MRVLX,Marvell tokenized stock (xStock),84.37,10729300.50232244,97.17,coinmarketcap_data_api_listings_historical
2026-02-27,5226,PSG,Paris Saint-Germain Fan Token,0.73945058,10696253.24270042,4560522.13,coinmarketcap_data_api_listings_historical
2026-02-27,37257,AIX,Ai Xovia,2.94978372,10688703.55188871,2355275.58,coinmarketcap_data_api_listings_historical
2026-02-27,30008,APU,Apu Apustaja,3.155e-05,10659192.30416638,625062.17,coinmarketcap_data_api_listings_historical
2026-02-27,7224,DODO,DODO,0.01467609,10650486.54672099,1381001.22,coinmarketcap_data_api_listings_historical
2026-02-27,38433,AOP,Ark of Panda,0.03031656,10610795.52005224,1053604.02,coinmarketcap_data_api_listings_historical
2026-02-27,10188,ATA,Automata Network,0.01114716,10551815.51905641,684911.51,coinmarketcap_data_api_listings_historical
2026-02-27,36649,CREPE,CREPE,1.806e-05,10490845.27209225,753943.64,coinmarketcap_data_api_listings_historical
2026-02-27,4166,RIO,Realio Network,0.07021516,10432439.42091376,770495.3,coinmarketcap_data_api_listings_historical
2026-02-27,25232,ABEL,Abelian,0.0921151,10426061.61797588,67336.25,coinmarketcap_data_api_listings_historical
2026-02-27,8938,EPS,Ellipsis,0.01439437,10417230.27207263,0.0,coinmarketcap_data_api_listings_historical
2026-02-27,22461,HFT,Hashflow,0.01443939,10402840.16159731,4587592.56,coinmarketcap_data_api_listings_historical
2026-02-27,10933,IDIA,Impossible Finance Launchpad,0.01526881,10382793.53453925,0.0,coinmarketcap_data_api_listings_historical
2026-02-27,38003,ITOTon,iShares Core S&P Total US Stock Market Tokenized ETF (Ondo),150.3855319,10361021.3711548,376.07,coinmarketcap_data_api_listings_historical
2026-02-27,34830,BGSC,BugsCoin,0.00093487,10359902.46577805,978104.89,coinmarketcap_data_api_listings_historical
2026-02-27,38941,SURGE,Surge,0.02111892,10348272.52221437,5187489.14,coinmarketcap_data_api_listings_historical
2026-02-27,38881,AVICI,Avici,0.80075994,10329791.24261071,1351467.35,coinmarketcap_data_api_listings_historical
2026-02-27,23585,WCORE,Wrapped Core,0.07921362,10299412.68952572,0.0,coinmarketcap_data_api_listings_historical
2026-02-27,32195,HMSTR,Hamster Kombat,0.00015997,10298136.19888308,7737713.66,coinmarketcap_data_api_listings_historical
2026-02-27,37454,IKA,Ika,0.00341326,10239771.72391918,751134.88,coinmarketcap_data_api_listings_historical
2026-02-27,16334,APX,APX,0.23051734,10181431.40509319,1719.54,coinmarketcap_data_api_listings_historical
2026-02-27,38742,SIGMA,SigmaDotMoney,0.06985872,10129515.12428269,8958282.29,coinmarketcap_data_api_listings_historical
2026-02-27,33854,BERT,Bertram The Pomeranian,0.01042604,10079365.70553976,1403156.25,coinmarketcap_data_api_listings_historical
2026-02-27,3581,PNK,Kleros,0.01099657,10067673.79363952,30183.65,coinmarketcap_data_api_listings_historical
2026-02-27,29318,WUSD,Worldwide USD,0.99964387,10059364.04518156,232857.84,coinmarketcap_data_api_listings_historical
2026-02-27,2916,NIM,Nimiq,0.00072525,10044619.24275623,80395.01,coinmarketcap_data_api_listings_historical
2026-02-27,29555,PORTAL,Portal,0.01322058,10000345.00390122,34527361.92,coinmarketcap_data_api_listings_historical
2026-02-27,28846,AI,Sleepless AI,0.02025353,9884987.20479658,7841172.49,coinmarketcap_data_api_listings_historical
2026-02-27,37430,TA,Trusta.AI,0.03875,9862412.36426834,1881917.02,coinmarketcap_data_api_listings_historical
2026-02-27,34125,CHILLGUY,Just a chill guy,0.00985658,9856044.31902916,3775409.56,coinmarketcap_data_api_listings_historical
2026-02-27,35710,SHELL,MyShell,0.03003892,9852765.12662556,12097766.18,coinmarketcap_data_api_listings_historical
2026-02-27,1104,REP,Augur,0.89230839,9815392.24251502,15802.08,coinmarketcap_data_api_listings_historical
2026-02-27,9175,MBOX,MOBOX,0.01950044,9756510.11301066,9574625.41,coinmarketcap_data_api_listings_historical
2026-02-27,36195,AGT,Alaya Governance Token,0.00519369,9724111.7983489,2189986.85,coinmarketcap_data_api_listings_historical
2026-02-27,1552,MLN,Enzyme,3.2517502,9676765.50160313,3412996.46,coinmarketcap_data_api_listings_historical
2026-02-27,5382,EL,ELYSIA,0.00200671,9652291.32501463,60064.97,coinmarketcap_data_api_listings_historical
2026-02-27,9020,TKO,Toko Token,0.0568629,9643693.0020758,1052856.84,coinmarketcap_data_api_listings_historical
2026-02-27,14556,BOBA,Boba Network,0.01953022,9639741.68256497,694231.7,coinmarketcap_data_api_listings_historical
2026-02-27,19055,AITECH,Solidus Ai Tech,0.00539257,9611950.94038104,2811026.79,coinmarketcap_data_api_listings_historical
2026-02-27,14878,ALPH,Alephium,0.07849174,9601465.63518319,175020.95,coinmarketcap_data_api_listings_historical
2026-02-27,7617,SFI,saffron.finance,105.01026726,9600405.10053765,9369.55,coinmarketcap_data_api_listings_historical
2026-02-27,6929,HEGIC,Hegic,0.01358181,9557890.78858143,13.18,coinmarketcap_data_api_listings_historical
2026-02-27,12623,SD,Stader,0.13934605,9544180.60033932,1599781.0,coinmarketcap_data_api_listings_historical
2026-02-27,37059,ORCLX,Oracle tokenized stock (xStock),142.920213,9537038.01315429,455.71,coinmarketcap_data_api_listings_historical
2026-02-27,35011,KEKIUS,Kekius Maximus (kekiusmaximus.vip),0.00952025,9520250.65081778,879544.52,coinmarketcap_data_api_listings_historical
2026-02-27,27622,LYX,LUKSO,0.31160604,9515172.79206329,390692.36,coinmarketcap_data_api_listings_historical
2026-02-27,38099,IEMGon,iShares Core MSCI Emerging Markets Tokenized ETF (Ondo),78.31750144,9498543.33777488,106083.61,coinmarketcap_data_api_listings_historical
2026-02-27,9720,LAT,PlatON,0.00138348,9457545.53511336,2073502.24,coinmarketcap_data_api_listings_historical
2026-02-27,1037,AGRS,Agoras: Tau Net,0.31627814,9444637.89168117,9189.07,coinmarketcap_data_api_listings_historical
2026-02-27,12687,LAZIO,S.S. Lazio Fan Token,0.71448274,9416110.09359526,1116495.51,coinmarketcap_data_api_listings_historical
2026-02-27,7311,BIFI,Beefy,117.51464562,9401171.64947179,474915.64,coinmarketcap_data_api_listings_historical
2026-02-27,20622,FORT,Forta,0.01488805,9397690.83108014,243119.43,coinmarketcap_data_api_listings_historical
2026-02-27,11620,IXS,IXS,0.05205357,9369641.90641686,106248.6,coinmarketcap_data_api_listings_historical
2026-02-27,34034,OL,Open Loot,0.01196008,9352290.77899143,2286645.26,coinmarketcap_data_api_listings_historical
2026-02-27,36838,WAPTM,Wrapped Apertum,0.32406988,9297242.92178101,108856.99,coinmarketcap_data_api_listings_historical
2026-02-27,28458,OLAS,Autonolas,0.03930617,9284354.47911558,172295.43,coinmarketcap_data_api_listings_historical
2026-02-27,5728,BAL,Balancer,0.13399128,9266723.83649332,1797142.59,coinmarketcap_data_api_listings_historical
2026-02-27,29879,ANDY,ANDY (ETH),9.21e-06,9205364.381759,292967.33,coinmarketcap_data_api_listings_historical
2026-02-27,12147,SYN,Synapse,0.04943503,9185817.18410947,3827523.68,coinmarketcap_data_api_listings_historical
2026-02-27,541,SYS,Syscoin,0.01081533,9181919.12493397,1653402.31,coinmarketcap_data_api_listings_historical
2026-02-27,35214,BMT,Bubblemaps,0.01527936,9171440.50726637,3062215.4,coinmarketcap_data_api_listings_historical
2026-02-27,37571,TOWNS,Towns,0.00331923,9167144.73027474,6572433.94,coinmarketcap_data_api_listings_historical
2026-02-27,34260,INCO,InfinitiCoin,0.00916476,9164758.52412338,152848.91,coinmarketcap_data_api_listings_historical
2026-02-27,39123,REAL,Real Token,0.01374989,9123044.00351596,12793.01,coinmarketcap_data_api_listings_historical
2026-02-27,5224,JUV,Juventus Fan Token,0.61463191,9112796.37947,5500592.26,coinmarketcap_data_api_listings_historical
2026-02-27,37320,FUSD,Freedom Dollar,0.9999325,9099385.77672162,282219.71,coinmarketcap_data_api_listings_historical
2026-02-27,35647,TST,Test,0.0096243,9079093.17715996,12488410.63,coinmarketcap_data_api_listings_historical
2026-02-27,5866,DEXT,DEXTools,0.12939618,9058788.72361997,23450.81,coinmarketcap_data_api_listings_historical
2026-02-27,38634,CLO,Yei Finance,0.06971384,9000056.50270341,8072707.1,coinmarketcap_data_api_listings_historical
2026-02-27,28504,JOE,Joe coin,0.0089719,8971902.42009208,465554.65,coinmarketcap_data_api_listings_historical
2026-02-27,24087,FUEL,Fuel Network,0.00121733,8963507.67389921,1644664.17,coinmarketcap_data_api_listings_historical
2026-02-27,34792,GRIFFAIN,GRIFFAIN,0.00894602,8944954.00323941,1937677.08,coinmarketcap_data_api_listings_historical
2026-02-27,13969,PHB,Phoenix,0.13984491,8903567.51555125,2820447.94,coinmarketcap_data_api_listings_historical
2026-02-27,32088,ROAM,Roam,0.02617298,8897457.93276663,1268515.85,coinmarketcap_data_api_listings_historical
2026-02-27,8615,EPIC,Epic Chain,0.2633573,8848805.42681074,3665443.76,coinmarketcap_data_api_listings_historical
2026-02-27,33108,X,X Empire,1.28e-05,8834170.92761514,454937.46,coinmarketcap_data_api_listings_historical
2026-02-27,11035,SPS,Splintershards,0.0059372,8809393.41944297,23335.67,coinmarketcap_data_api_listings_historical
2026-02-27,36227,NUMI,NUMINE,0.04439459,8792348.66503479,3338539.38,coinmarketcap_data_api_listings_historical
2026-02-27,5,PPC,Peercoin,0.29102978,8752501.55066792,43093.84,coinmarketcap_data_api_listings_historical
2026-02-27,36990,PEPEONTRON,PePeonTron,0.00867832,8678294.97763964,299723.66,coinmarketcap_data_api_listings_historical
2026-02-27,35597,XU3O8,xU3O8,5.42345683,8677530.92143496,1887372.82,coinmarketcap_data_api_listings_historical
2026-02-27,5435,EPIC,Epic Private Internet Cash,0.50140102,8664023.16292128,7544.53,coinmarketcap_data_api_listings_historical
2026-02-27,10049,CITY,Manchester City Fan Token,0.67334519,8616433.46781222,1100882.04,coinmarketcap_data_api_listings_historical
2026-02-27,38159,HEMI,Hemi,0.00880951,8611293.58879501,9237327.17,coinmarketcap_data_api_listings_historical
2026-02-27,32089,XION,XION,0.11817539,8572135.88915531,4766880.24,coinmarketcap_data_api_listings_historical
2026-02-27,37453,ASP,Aspecta,0.02868697,8562627.07246464,1468356.57,coinmarketcap_data_api_listings_historical
2026-02-27,7463,RAMP,RAMP,0.01791604,8560978.97333294,0.0,coinmarketcap_data_api_listings_historical
2026-02-27,1856,DNT,district0x,0.00855785,8557850.24012024,51230.25,coinmarketcap_data_api_listings_historical
2026-02-27,23195,ACS,Access Protocol,0.00018123,8550532.3369185,662482.35,coinmarketcap_data_api_listings_historical
2026-02-27,11079,BRISE,Bitgert,2e-08,8547824.91268271,1302170.1,coinmarketcap_data_api_listings_historical
2026-02-27,38022,IWFon,iShares Russell 1000 Growth Tokenized ETF (Ondo),449.58022784,8530008.17206852,462.84,coinmarketcap_data_api_listings_historical
2026-02-27,34853,UFD,Unicorn Fart Dust,0.00852938,8529378.84751281,2597510.85,coinmarketcap_data_api_listings_historical
2026-02-27,39435,WAR,WAR,0.00851238,8512383.71419733,5072324.27,coinmarketcap_data_api_listings_historical
2026-02-27,33439,LUMIA,Lumia,0.06017919,8475999.73299258,1755041.27,coinmarketcap_data_api_listings_historical
2026-02-27,1169,PIVX,PIVX,0.08394134,8468884.83401891,2346470.61,coinmarketcap_data_api_listings_historical
2026-02-27,38647,FUN,Sport.Fun,0.04746722,8449164.93116048,4755363.3,coinmarketcap_data_api_listings_historical
2026-02-27,35892,TUT,Tutorial,0.01005248,8404550.9734265,3380204.26,coinmarketcap_data_api_listings_historical
2026-02-27,18662,GALEON,Galeon,0.0101897,8404247.76877748,91601.02,coinmarketcap_data_api_listings_historical
2026-02-27,3260,AMO,AMO Coin,0.00039634,8402429.02121107,20232.16,coinmarketcap_data_api_listings_historical
2026-02-27,36369,HAEDAL,Haedal Protocol,0.0259378,8397362.0650843,5876769.77,coinmarketcap_data_api_listings_historical
2026-02-27,36078,MNSRY,Mansory,0.00928338,8354931.73547522,419187.92,coinmarketcap_data_api_listings_historical
2026-02-27,8827,BOSON,Boson Protocol,0.04895809,8341596.74813359,122040.83,coinmarketcap_data_api_listings_historical
2026-02-27,38506,LIGHT,Bitlight,0.1934099,8327644.5394325,4590671.56,coinmarketcap_data_api_listings_historical
2026-02-27,8420,DAO,DAO Maker,0.04032365,8306281.11297568,12461013.62,coinmarketcap_data_api_listings_historical
2026-02-27,24225,METFI,MetFi,0.02947199,8305694.72179836,48448.68,coinmarketcap_data_api_listings_historical
2026-02-27,38466,BLESS,Bless,0.00447276,8237199.4214177,2237248.77,coinmarketcap_data_api_listings_historical
2026-02-27,258,GRS,Groestlcoin,0.09154193,8196413.06362843,0.0,coinmarketcap_data_api_listings_historical
2026-02-27,30902,WOLF,Landwolf 0x67,9.07e-06,8181578.32436888,544130.27,coinmarketcap_data_api_listings_historical
2026-02-27,33964,SERV,OpenServ,0.01089929,8174464.15862837,410818.52,coinmarketcap_data_api_listings_historical
2026-02-27,29711,ZRC,Zircuit,0.0017545,8157860.95337971,4257341.07,coinmarketcap_data_api_listings_historical
2026-02-27,23351,CRETA,Creta World,0.00292099,8133543.33725008,164922.05,coinmarketcap_data_api_listings_historical
2026-02-27,28829,MAVIA,Heroes of Mavia,0.03324534,8132945.92185901,3650763.32,coinmarketcap_data_api_listings_historical
2026-02-27,35298,DUCK,DuckChain,0.00113585,8126857.95536926,939549.03,coinmarketcap_data_api_listings_historical
2026-02-27,23015,NEON,Neon EVM,0.03382988,8101090.78737602,1823615.93,coinmarketcap_data_api_listings_historical
2026-02-27,18112,ALPINE,Alpine F1 Team Fan Token,0.4298774,8071145.5972934,9541502.93,coinmarketcap_data_api_listings_historical
2026-02-27,35092,ANON,Hey Anon,0.57882392,8055251.68030447,719185.93,coinmarketcap_data_api_listings_historical
2026-02-27,1808,OMG,OMG Network,0.05743309,8054726.6110037,1751392.35,coinmarketcap_data_api_listings_historical
2026-02-27,3327,SIX,SIX Token,0.00946471,8054153.12155651,322730.41,coinmarketcap_data_api_listings_historical
2026-02-27,38557,4,4,0.00804283,8042825.35565556,5907626.03,coinmarketcap_data_api_listings_historical
2026-02-27,26998,SCR,Scroll,0.04202485,7984722.26852494,1957015.51,coinmarketcap_data_api_listings_historical
2026-02-27,34177,USDQ,Quantoz USDQ,0.99914288,7973209.1099008,36953388.56,coinmarketcap_data_api_listings_historical
2026-02-27,30391,ZEUS,Zeus Network,0.00911768,7946838.58738624,1331563.66,coinmarketcap_data_api_listings_historical
2026-02-27,5113,SURE,inSure DeFi,0.00029659,7945541.4256429,1.88,coinmarketcap_data_api_listings_historical
2026-02-27,3709,GRIN,Grin,0.03527296,7902144.91886465,16952.2,coinmarketcap_data_api_listings_historical
2026-02-27,23046,MCOIN,MCOIN,0.04438507,7856156.90234094,346422.05,coinmarketcap_data_api_listings_historical
2026-02-27,28975,WEXO,Wexo,0.02678537,7853262.41426656,151895.18,coinmarketcap_data_api_listings_historical
2026-02-27,6859,FARM,Harvest Finance,11.67675994,7848924.79154719,823377.95,coinmarketcap_data_api_listings_historical
2026-02-27,36601,MAMO,Mamo,0.01343954,7840875.6953012,522722.62,coinmarketcap_data_api_listings_historical
2026-02-27,31843,AURA,Aura,0.00813603,7837348.27540534,1011971.98,coinmarketcap_data_api_listings_historical
2026-02-27,11531,POR,Portugal National Team Fan Token,0.73626442,7833807.09366522,216323.72,coinmarketcap_data_api_listings_historical
2026-02-27,35757,A47,AGENDA 47,0.0078319,7831826.56367177,9777859.36,coinmarketcap_data_api_listings_historical
2026-02-27,10052,GTC,Gitcoin,0.08942955,7824325.88779668,880139.04,coinmarketcap_data_api_listings_historical
2026-02-27,6928,BEL,Bella Protocol,0.09776108,7820886.57952804,3771887.15,coinmarketcap_data_api_listings_historical
2026-02-27,8206,QUICK,QuickSwap [Old],9.93183366,7809474.41487862,8796.69,coinmarketcap_data_api_listings_historical
2026-02-27,17917,RSS3,RSS3,0.00866078,7800662.86133484,1460029.62,coinmarketcap_data_api_listings_historical
2026-02-27,35426,FARTBOY,Fartboy,0.00778672,7782362.0264254,614415.96,coinmarketcap_data_api_listings_historical
2026-02-27,34017,PIN,PinLink,0.08788497,7752036.89700857,484555.03,coinmarketcap_data_api_listings_historical
2026-02-27,34116,AVA,AVA,0.00775558,7749367.55124934,1968829.54,coinmarketcap_data_api_listings_historical
2026-02-27,18774,LQ,Liqwid Finance,0.38287973,7712114.29513217,202587.28,coinmarketcap_data_api_listings_historical
2026-02-27,38701,RLS,Rayls,0.00513758,7706377.29538714,2118805.53,coinmarketcap_data_api_listings_historical
2026-02-27,19966,QUICK,Quickswap [New],0.00979297,7700282.77998405,947137.7,coinmarketcap_data_api_listings_historical
2026-02-27,33081,XBG,XBorg,0.03208676,7658251.42482407,142516.97,coinmarketcap_data_api_listings_historical
2026-02-27,29296,NAVX,NAVI Protocol,0.00937837,7654319.62883466,424846.79,coinmarketcap_data_api_listings_historical
2026-02-27,26680,NTRN,Neutron,0.01131208,7646280.23706705,2111595.1,coinmarketcap_data_api_listings_historical
2026-02-27,32470,L3,Layer3,0.00727864,7640348.92916626,5860247.49,coinmarketcap_data_api_listings_historical
2026-02-27,34828,SAVE,Save,0.1666984,7611922.90951613,0.0,coinmarketcap_data_api_listings_historical
2026-02-27,26833,WECAN,Wecan Group,0.00126773,7606407.64255633,26440.02,coinmarketcap_data_api_listings_historical
2026-02-27,7533,ORAI,Oraichain,0.54913163,7591030.97366507,600984.9,coinmarketcap_data_api_listings_historical
2026-02-27,39006,GAIX,GaiAI,0.04621311,7586651.86845362,401891.83,coinmarketcap_data_api_listings_historical
2026-02-27,38829,BAY,Marina Protocol,0.03781332,7562664.8874776,872838.39,coinmarketcap_data_api_listings_historical
2026-02-27,16612,NOS,Nosana,0.15633414,7534940.37221411,175835.95,coinmarketcap_data_api_listings_historical
2026-02-27,26532,PIKA,Pikaboss,2e-08,7534237.03721286,3286.64,coinmarketcap_data_api_listings_historical
2026-02-27,31248,GME,GameStop (gamestop-coin.vip),1.832e-05,7533302.32184158,171549.94,coinmarketcap_data_api_listings_historical
2026-02-27,37649,ORI,Orizon,56.41921944,7530047.5419842,238451.71,coinmarketcap_data_api_listings_historical
2026-02-27,372,BCN,Bytecoin,4.091e-05,7529813.42863876,12.55,coinmarketcap_data_api_listings_historical
2026-02-27,38869,US,Talus,0.00342107,7526355.68708992,6657045.02,coinmarketcap_data_api_listings_historical
2026-02-27,23396,LOCK,Houdini Swap,0.08269618,7507987.44915476,7095.04,coinmarketcap_data_api_listings_historical
2026-02-27,28778,NFP,NFPrompt,0.0147277,7480694.33064959,3861367.43,coinmarketcap_data_api_listings_historical
2026-02-27,11346,RACA,RACA,1.807e-05,7440312.63364499,2236847.78,coinmarketcap_data_api_listings_historical
2026-02-27,1681,PZM,PRIZM,0.00170038,7430852.48049386,248.1,coinmarketcap_data_api_listings_historical
2026-02-27,36599,allBTC,Osmosis allBTC,65587.52364865,7411390.1722969,1432070.52,coinmarketcap_data_api_listings_historical
2026-02-27,20513,STC,SaitaChain Coin,0.00016505,7377852.14102134,0.0,coinmarketcap_data_api_listings_historical
2026-02-27,39421,XETH,OKX Wrapped ETH,1928.34328067,7375411.19595599,613608.09,coinmarketcap_data_api_listings_historical
2026-02-27,21106,RDNT,Radiant Capital,0.00529396,7350002.64606587,1781103.32,coinmarketcap_data_api_listings_historical
2026-02-27,32866,MCDULL,McDull,9.7e-07,7338777.59310027,211.55,coinmarketcap_data_api_listings_historical
2026-02-27,8724,BLUE,Bluefin,0.0185927,7337760.513601,6312425.81,coinmarketcap_data_api_listings_historical
2026-02-27,34993,SWARMS,Swarms,0.00731385,7313740.4384894,2604383.74,coinmarketcap_data_api_listings_historical
2026-02-27,22789,VATRENI,Croatian Football Federation Token,1.88830469,7296454.63431299,8424.34,coinmarketcap_data_api_listings_historical
2026-02-27,7859,BADGER,Badger DAO,0.36148956,7273449.69653053,1954028.79,coinmarketcap_data_api_listings_historical
2026-02-27,27614,WMNT,Wrapped Mantle,0.63461281,7238121.54727165,723498.03,coinmarketcap_data_api_listings_historical
2026-02-27,29220,PORK,PepeFork,2e-08,7213469.82249944,89364.74,coinmarketcap_data_api_listings_historical
2026-02-27,33543,LUNA,Luna by Virtuals,0.00720947,7209471.31525796,171849.68,coinmarketcap_data_api_listings_historical
2026-02-27,39105,SOLO,Solomon,0.55719345,7187779.33522682,176784.27,coinmarketcap_data_api_listings_historical
2026-02-27,38033,EEMon,iShares MSCI Emerging Markets Tokenized ETF (Ondo),63.26436126,7180219.28756782,2866.11,coinmarketcap_data_api_listings_historical
2026-02-27,5956,MCB,MUX Protocol,1.87531352,7166553.76340862,0.0,coinmarketcap_data_api_listings_historical
2026-02-27,38530,BTG,Openverse Network,3.75880029,7141720.54791636,642984.61,coinmarketcap_data_api_listings_historical
2026-02-27,8214,vDAI,Venus DAI,0.02596694,7128901.68870848,0.0,coinmarketcap_data_api_listings_historical
2026-02-27,32171,$PURPE,Purple Pepe,1.708e-05,7127899.880275,561384.42,coinmarketcap_data_api_listings_historical
2026-02-27,39214,ZTC,ZenChain,0.00127813,7125526.63757249,1446359.37,coinmarketcap_data_api_listings_historical
2026-02-27,36178,COLS,Cointel,0.01257511,7121871.15662246,2121699.59,coinmarketcap_data_api_listings_historical
2026-02-27,34083,ZEREBRO,Zerebro,0.00708358,7083236.39601023,2147512.94,coinmarketcap_data_api_listings_historical
2026-02-27,7725,TRU,TrueFi,0.00491663,7057028.6428313,3250524.46,coinmarketcap_data_api_listings_historical
2026-02-27,34095,XMW,Morphware,0.00855606,7047652.80874058,176346.98,coinmarketcap_data_api_listings_historical
2026-02-27,5925,PKOIN,Pkoin,0.5061092,7047154.05566317,55977.34,coinmarketcap_data_api_listings_historical
2026-02-27,7189,OUSD,Origin Dollar,1.00006579,7035410.13230801,465952.39,coinmarketcap_data_api_listings_historical
2026-02-27,38075,TSMon,Taiwan Semiconductor Manufacturing Tokenized Stock (Ondo),374.22468241,7031104.94755736,4437221.73,coinmarketcap_data_api_listings_historical
2026-02-27,25241,GP,Graphite Protocol,0.20080855,7015711.29534007,414431.73,coinmarketcap_data_api_listings_historical
2026-02-27,38204,MITO,Mitosis,0.03869831,7014961.21361254,6466298.65,coinmarketcap_data_api_listings_historical
2026-02-27,39459,WOJAK,wojak (wojakcto.com),2e-08,7001034.22339633,3105836.64,coinmarketcap_data_api_listings_historical
2026-02-27,38086,MSFTon,Microsoft Tokenized Stock (Ondo),395.39681527,6995064.21513653,2608479.68,coinmarketcap_data_api_listings_historical
2026-02-27,20561,M87,MESSIER,7.89e-06,6978877.90958413,207618.71,coinmarketcap_data_api_listings_historical
2026-02-27,4167,BTR,Bitrue Coin,0.01926956,6941922.70830884,505391.05,coinmarketcap_data_api_listings_historical
2026-02-27,37114,MANYU,Manyu (manyushiba.com),1e-08,6936811.85,5079413.19,coinmarketcap_data_api_listings_historical
2026-02-27,35724,HEI,Heima,0.07880913,6936600.35450127,2835680.22,coinmarketcap_data_api_listings_historical
2026-02-27,38936,WOJAK,Wojak (wojakmeme.fun),0.0069287,6928393.41638059,884650.94,coinmarketcap_data_api_listings_historical
2026-02-27,27763,USDbC,Bridged USDC,0.9977755,6921652.21594587,747498.0,coinmarketcap_data_api_listings_historical
2026-02-27,5865,FIO,FIO Protocol,0.00824782,6919983.97072365,2030192.53,coinmarketcap_data_api_listings_historical
2026-02-27,30759,DOGINME,doginme,0.00010135,6853235.52547237,459224.73,coinmarketcap_data_api_listings_historical
2026-02-27,16352,GST,Green Satoshi Token (SOL),0.00159667,6799066.01847161,389092.61,coinmarketcap_data_api_listings_historical
2026-02-27,35422,OBT,Orbiter Finance,0.00130016,6760811.08701448,3672990.11,coinmarketcap_data_api_listings_historical
2026-02-27,25208,TRAC,trac (Ordinals),0.32165735,6754804.40320677,74467.85,coinmarketcap_data_api_listings_historical
2026-02-27,6715,SPA,Sperax,0.00329545,6749747.80998751,1991489.89,coinmarketcap_data_api_listings_historical
2026-02-27,30723,ATS,Alltoscan,0.06715397,6715397.22319086,92963.73,coinmarketcap_data_api_listings_historical
2026-02-27,5305,BTSE,BTSE Token,1.53976229,6705219.78243912,12410693.55,coinmarketcap_data_api_listings_historical
2026-02-27,11796,INTER,Inter Milan Fan Token,0.57578046,6701097.653977,3841408.47,coinmarketcap_data_api_listings_historical
2026-02-27,38542,SLX,SLIMEX,0.00383779,6650890.43905533,526468.66,coinmarketcap_data_api_listings_historical
2026-02-27,3441,DIVI,Divi,0.00144836,6638256.31179814,61280.45,coinmarketcap_data_api_listings_historical
2026-02-27,3928,IDEX,IDEX,0.00659452,6594524.0933137,4683940.21,coinmarketcap_data_api_listings_historical
2026-02-27,873,XEM,NEM,0.00073232,6590852.16173748,1389516.62,coinmarketcap_data_api_listings_historical
2026-02-27,38946,GAIB,GAIB,0.03208707,6572447.73737265,3240059.0,coinmarketcap_data_api_listings_historical
2026-02-27,22764,HOOK,Hooked Protocol,0.02314776,6564300.69475695,2619219.66,coinmarketcap_data_api_listings_historical
2026-02-27,25023,LADYS,Milady Meme Coin,1e-08,6544534.64951131,2547866.55,coinmarketcap_data_api_listings_historical
2026-02-27,6520,HOPR,HOPR,0.01912548,6525112.23952107,203947.85,coinmarketcap_data_api_listings_historical
2026-02-27,32002,ZEX,Zeta,0.03474682,6524381.4864566,134869.09,coinmarketcap_data_api_listings_historical
2026-02-27,28220,SOIL,Soil,0.10011983,6513706.38531804,13443.14,coinmarketcap_data_api_listings_historical
2026-02-27,2348,MDT,Measurable Data Token,0.00961357,6500284.68377782,1798250.04,coinmarketcap_data_api_listings_historical
2026-02-27,7087,DEGO,Dego Finance,0.30856023,6478904.68102385,1271571.32,coinmarketcap_data_api_listings_historical
2026-02-27,11532,AFC,Arsenal Fan Token,0.35931309,6467620.44765359,1537369.33,coinmarketcap_data_api_listings_historical
2026-02-27,20456,WE,WeBuy,0.01777953,6436745.84984044,24093.37,coinmarketcap_data_api_listings_historical
2026-02-27,34611,SEND,Suilend,0.09917733,6408099.66877934,131587.45,coinmarketcap_data_api_listings_historical
2026-02-27,268,XWC,WhiteCoin,0.00831978,6359013.3175409,10.53,coinmarketcap_data_api_listings_historical
2026-02-27,32717,SUNDOG,SUNDOG,0.0063728,6356360.00196956,7755071.66,coinmarketcap_data_api_listings_historical
2026-02-27,28675,COQ,Coq Inu,9e-08,6350792.92171194,232704.09,coinmarketcap_data_api_listings_historical
2026-02-27,31185,CTA,Cross The Ages,0.0126978,6348899.79813801,950624.45,coinmarketcap_data_api_listings_historical
2026-02-27,36319,AIOT,OKZOO,0.02215789,6276223.50173403,1293210.14,coinmarketcap_data_api_listings_historical
2026-02-27,37357,A2Z,Arena-Z,0.00078891,6267514.25156538,8329350.44,coinmarketcap_data_api_listings_historical
2026-02-27,38838,SENTIS,SentismAI,0.03034629,6266171.74157519,1808237.47,coinmarketcap_data_api_listings_historical
2026-02-27,29724,KONET,KONET,0.01446055,6229454.7969497,31897.74,coinmarketcap_data_api_listings_historical
2026-02-27,35628,AVL,Avalon Labs (AVL),0.03844162,6215394.92575345,13254221.75,coinmarketcap_data_api_listings_historical
2026-02-27,37678,WAI,World3,0.02024328,6213112.03967972,1294310.33,coinmarketcap_data_api_listings_historical
2026-02-27,38127,AKE,AKEDO,0.00027237,6209039.97088134,1322961.74,coinmarketcap_data_api_listings_historical
2026-02-27,32942,NS,Sui Name Service,0.02317294,6208818.14753453,876564.46,coinmarketcap_data_api_listings_historical
2026-02-27,7505,EVER,Everscale,0.00312513,6205028.73161415,58686.07,coinmarketcap_data_api_listings_historical
2026-02-27,38671,TURTLE,Turtle,0.04010644,6204466.99427488,4481839.7,coinmarketcap_data_api_listings_historical
2026-02-27,4660,TLOS,Telos,0.01380292,6191494.95455077,1620669.26,coinmarketcap_data_api_listings_historical
2026-02-27,38596,ZERA,ZERA,0.00641709,6182503.18865608,474674.4,coinmarketcap_data_api_listings_historical
2026-02-27,12749,NAKA,Nakamoto Games,0.06370537,6102974.10529264,808348.58,coinmarketcap_data_api_listings_historical
2026-02-27,39162,KGST,KGST,0.01128518,6097871.80277302,3337774.29,coinmarketcap_data_api_listings_historical
2026-02-27,36468,SNS,Solana Name Service,0.00135438,6094717.38350616,1207909.56,coinmarketcap_data_api_listings_historical
2026-02-27,38513,EDEN,OpenEden,0.03311224,6088347.55264867,4922121.0,coinmarketcap_data_api_listings_historical
2026-02-27,36226,REDX,REDX,0.00153055,6079463.54888447,257005.26,coinmarketcap_data_api_listings_historical
2026-02-27,24924,SWELL,Swell Network,0.00132021,6060808.33383699,1872897.28,coinmarketcap_data_api_listings_historical
2026-02-27,34836,SHIDO,Shido Network,0.00026442,6051684.23336206,97460.2,coinmarketcap_data_api_listings_historical
2026-02-27,12165,SOLV,Solv Protocol,0.00407716,6044792.87965573,5562444.04,coinmarketcap_data_api_listings_historical
2026-02-27,36621,MIM,MAGIC•INTERNET•MONEY (Bitcoin),0.00028637,6013820.94717102,68490.53,coinmarketcap_data_api_listings_historical
2026-02-27,36560,YEE,Yee Token,0.0060069,6006898.66724229,1537430.92,coinmarketcap_data_api_listings_historical
2026-02-27,38717,BLUAI,Bluwhale,0.00488283,5996119.74254632,6366097.33,coinmarketcap_data_api_listings_historical
2026-02-27,11261,bnUSD,Balanced Dollar,1.00779919,5982122.05603785,44320.95,coinmarketcap_data_api_listings_historical
2026-02-27,9177,PIT,Pitbull,0.0,5967944.92907508,95928.01,coinmarketcap_data_api_listings_historical
2026-02-27,17960,OGY,ORIGYN,0.00076229,5967664.13724782,256483.26,coinmarketcap_data_api_listings_historical
2026-02-27,38784,BOS,BitcoinOS,0.00138156,5959770.78147673,1584063.57,coinmarketcap_data_api_listings_historical
2026-02-27,19063,MEV,MEVerse,0.00345139,5959333.19494012,156219.0,coinmarketcap_data_api_listings_historical
2026-02-27,2934,KAN,KAN,0.00061497,5957872.56929653,91541.29,coinmarketcap_data_api_listings_historical
2026-02-27,36920,DMC,DeLorean,0.00103699,5949307.43290072,7384269.96,coinmarketcap_data_api_listings_historical
2026-02-27,2505,BLZ,Bluzelle,0.01267964,5948676.45650789,218904.53,coinmarketcap_data_api_listings_historical
2026-02-27,2949,KRL,Kryll,0.14897186,5944330.2348308,74461.23,coinmarketcap_data_api_listings_historical
2026-02-27,38492,REAL,Real,0.00593685,5908471.40155709,501168.1,coinmarketcap_data_api_listings_historical
2026-02-27,2320,UTK,xMoney,0.0083339,5868000.10838898,756925.27,coinmarketcap_data_api_listings_historical
2026-02-27,3829,NEX,Nash,0.13256697,5862041.67473846,0.0,coinmarketcap_data_api_listings_historical
2026-02-27,38035,INTCon,Intel Tokenized Stock (Ondo),45.36474607,5825827.94101319,1033892.82,coinmarketcap_data_api_listings_historical
2026-02-27,15584,HEART,Humans.ai,0.00074653,5822938.27257907,172549.73,coinmarketcap_data_api_listings_historical
2026-02-27,36957,CESS,CESS Network,0.00219725,5822710.04453467,289552.88,coinmarketcap_data_api_listings_historical
2026-02-27,30402,CAW,crow with knife,1e-08,5817895.98255367,165183.18,coinmarketcap_data_api_listings_historical
2026-02-27,10332,STNK,Stonks,9.98468046,5809976.32849506,76922.56,coinmarketcap_data_api_listings_historical
2026-02-27,34058,EZSOL,Renzo Restaked SOL,105.07383693,5753398.27200626,0.0,coinmarketcap_data_api_listings_historical
2026-02-27,24220,PROPC,Propchain,0.13412885,5750250.12129844,48391.46,coinmarketcap_data_api_listings_historical
2026-02-27,2570,VIC,Viction,0.04578103,5744478.9525178,1174138.76,coinmarketcap_data_api_listings_historical
2026-02-27,11821,SMT,Swarm Markets,0.06843039,5744012.66118265,82350.91,coinmarketcap_data_api_listings_historical
2026-02-27,37726,MEA,MECCA,0.00353915,5738143.54148934,222070.08,coinmarketcap_data_api_listings_historical
2026-02-27,31773,WSEI,Wrapped Sei,0.06893881,5718298.55558002,10827.24,coinmarketcap_data_api_listings_historical
2026-02-27,23326,GMMT,Giant Mammoth,0.00271313,5697578.10895383,263413.76,coinmarketcap_data_api_listings_historical
2026-02-27,33746,WOD,World of Dypians,0.01342605,5696873.1567366,1776640.95,coinmarketcap_data_api_listings_historical
2026-02-27,38046,COINon,Coinbase Tokenized Stock (Ondo),175.89742442,5684116.11427205,1368888.2,coinmarketcap_data_api_listings_historical
2026-02-27,33258,HIPPO,sudeng,0.00056293,5629309.43590172,7293295.41,coinmarketcap_data_api_listings_historical
2026-02-27,32526,CXT,Covalent X Token,0.00568441,5626943.74666809,496541.2,coinmarketcap_data_api_listings_historical
2026-02-27,30528,NEURAL,NeuralAI,0.56244041,5624404.08520543,116634.42,coinmarketcap_data_api_listings_historical
2026-02-27,17794,PDT,ParagonsDAO,0.05252782,5617718.51285544,0.0,coinmarketcap_data_api_listings_historical
2026-02-27,19689,HDN,Hydranet,0.03002511,5615090.3875452,103287.93,coinmarketcap_data_api_listings_historical
2026-02-27,8538,ACM,AC Milan Fan Token,0.43530029,5615007.17148385,1634637.75,coinmarketcap_data_api_listings_historical
2026-02-27,29331,OORT,OORT,0.00781056,5608604.2173058,378582.98,coinmarketcap_data_api_listings_historical
2026-02-27,35943,PUNDIAI,Pundi AI,0.79239561,5592420.7708019,184399.75,coinmarketcap_data_api_listings_historical
2026-02-27,33291,FWOG,Fwog (SOL),0.00573046,5590834.7193141,1274472.92,coinmarketcap_data_api_listings_historical
2026-02-27,36959,MORI,MORI COIN,0.0069761,5580939.42611994,1342907.65,coinmarketcap_data_api_listings_historical
2026-02-27,38027,AMDon,AMD Tokenized Stock (Ondo),199.22203249,5579834.11482385,1947434.97,coinmarketcap_data_api_listings_historical
2026-02-27,30661,PRCL,Parcl,0.01352029,5574205.45458597,508425.69,coinmarketcap_data_api_listings_historical
2026-02-27,39552,UP,Superform,0.04001727,5571378.8908355,14464064.75,coinmarketcap_data_api_listings_historical
2026-02-27,8422,PNG,Pangolin,0.02404427,5536768.9425398,414749.3,coinmarketcap_data_api_listings_historical
2026-02-27,39059,BXE,Banxchange,0.01840285,5535943.98830164,205149.48,coinmarketcap_data_api_listings_historical
2026-02-27,6554,GHX,GamerCoin,0.00851529,5534641.39082284,368536.79,coinmarketcap_data_api_listings_historical
2026-02-27,38195,CAMP,Camp Network,0.00262711,5531701.3554936,5055662.08,coinmarketcap_data_api_listings_historical
2026-02-27,7208,POLS,Polkastarter,0.05542451,5498645.4233383,116355.01,coinmarketcap_data_api_listings_historical
2026-02-27,7975,vLINK,Venus LINK,0.17750049,5486063.00099618,0.0,coinmarketcap_data_api_listings_historical
2026-02-27,25963,BXN,BlackFort Exchange Network,0.00121386,5449730.46520837,429976.13,coinmarketcap_data_api_listings_historical
2026-02-27,36864,CBADA,Coinbase Wrapped ADA,0.27684092,5429757.3148386,208624.74,coinmarketcap_data_api_listings_historical
2026-02-27,21822,BKN,Brickken,0.06724546,5423652.53245011,167484.59,coinmarketcap_data_api_listings_historical
2026-02-27,38083,AMZNon,Amazon Tokenized Stock (Ondo),209.19743293,5421723.23251499,3273134.36,coinmarketcap_data_api_listings_historical
2026-02-27,36978,ECHO,Echo Protocol,0.01704551,5418086.17224404,269662.82,coinmarketcap_data_api_listings_historical
2026-02-27,38436,VFY,zkVerify,0.01594741,5417468.11731311,1170959.4,coinmarketcap_data_api_listings_historical
2026-02-27,2410,SPC,SpaceChain,0.0176353,5417259.41713336,13016.59,coinmarketcap_data_api_listings_historical
2026-02-27,17722,WALLET,Ambire Wallet,0.00787096,5415286.38876251,56495.69,coinmarketcap_data_api_listings_historical
2026-02-27,22071,LOAN,LOAN Protocol,0.00029221,5378602.11067663,90533.09,coinmarketcap_data_api_listings_historical
2026-02-27,11202,TOKE,Tokemak,0.06103395,5373558.3712378,19361.12,coinmarketcap_data_api_listings_historical
2026-02-27,35372,USDR,StablR USD,0.99861292,5370805.31247146,22505002.97,coinmarketcap_data_api_listings_historical
2026-02-27,39439,PENGUIN,Nietzschean Penguin,0.00536222,5362010.81109841,7796029.68,coinmarketcap_data_api_listings_historical
2026-02-27,12064,CRTS,Cratos,7.912e-05,5328530.98439764,625058.33,coinmarketcap_data_api_listings_historical
2026-02-27,22837,DIMO,DIMO,0.01250843,5315539.23147685,116799.52,coinmarketcap_data_api_listings_historical
2026-02-27,9637,ALU,Altura,0.00534853,5295042.06377021,2703840.21,coinmarketcap_data_api_listings_historical
2026-02-27,10293,BZZ,Swarm,0.10035042,5278498.44062421,284680.2,coinmarketcap_data_api_listings_historical
2026-02-27,24130,VCHF,VNX Swiss Franc,1.29674476,5277584.47044595,163947.84,coinmarketcap_data_api_listings_historical
2026-02-27,21134,SQGROW,SquidGrow,0.00526691,5266905.01575879,154443.39,coinmarketcap_data_api_listings_historical
2026-02-27,22265,OAS,Oasys,0.00082116,5265896.30803235,341072.45,coinmarketcap_data_api_listings_historical
2026-02-27,11374,D,DAR Open Network,0.00705588,5246182.84914993,6033848.3,coinmarketcap_data_api_listings_historical
2026-02-27,21351,SWEAT,SWEAT,0.00068648,5240732.71400145,3642361.95,coinmarketcap_data_api_listings_historical
2026-02-27,32454,USDL,Lift Dollar,0.99972599,5219425.62818411,0.0,coinmarketcap_data_api_listings_historical
2026-02-27,16868,SHDW,Shadow Token,0.03087395,5219416.68808336,49661.61,coinmarketcap_data_api_listings_historical
2026-02-27,36377,NOBODY,Nobody Sausage,0.00556319,5207514.59939175,480770.02,coinmarketcap_data_api_listings_historical
2026-02-27,19081,WIOTX,Wrapped IoTeX,0.00507943,5198208.06619862,294.93,coinmarketcap_data_api_listings_historical
2026-02-27,12485,ARW,Arowana,0.22651783,5189697.5143619,77823.33,coinmarketcap_data_api_listings_historical
2026-02-27,77,DMD,Diamond,1.36728834,5172127.34913973,33045.13,coinmarketcap_data_api_listings_historical
2026-02-27,29461,DEVVE,Devve,0.05358866,5168290.29117493,177620.37,coinmarketcap_data_api_listings_historical
2026-02-27,33188,MAJOR,Major,0.06191883,5160926.03987346,953655.64,coinmarketcap_data_api_listings_historical
2026-02-27,39184,VK,VK Token,0.00047072,5130012.58586456,0.0,coinmarketcap_data_api_listings_historical
2026-02-27,32341,SPARKLET,Upland (SPARKLET),0.02051086,5117930.45460652,253224.45,coinmarketcap_data_api_listings_historical
2026-02-27,30637,KEYCAT,Keyboard Cat,0.00050774,5077436.76809454,366373.66,coinmarketcap_data_api_listings_historical
2026-02-27,34902,FREYA,Freya Protocol,0.00925345,5076440.93702658,0.0,coinmarketcap_data_api_listings_historical
2026-02-27,36939,AIV,AIVille Governance Token,0.00182535,5069289.78757884,9647.62,coinmarketcap_data_api_listings_historical
2026-02-27,28067,VARA,Vara Network,0.00097951,5055208.81854054,85105.84,coinmarketcap_data_api_listings_historical
2026-02-27,11178,WLUNC,Wrapped LUNA Classic,2.006e-05,5054764.90831764,2979.14,coinmarketcap_data_api_listings_historical
2026-02-27,36271,TITN,THORWallet,0.11878725,5048457.96427682,1997778.16,coinmarketcap_data_api_listings_historical
2026-02-27,4036,COS,Contentos,0.00097334,5038449.2939238,565771.05,coinmarketcap_data_api_listings_historical
2026-02-27,39353,雪球,雪球,0.00838059,5013639.45984265,840112.12,coinmarketcap_data_api_listings_historical
2026-02-27,5821,ALEPH,Aleph Cloud,0.02023491,5002483.59492551,165040.28,coinmarketcap_data_api_listings_historical
2026-02-27,25269,BOBO,BOBO,8e-08,4998962.77455959,401365.19,coinmarketcap_data_api_listings_historical
2026-02-27,1312,SBD,Steem Dollars,0.50944731,4993424.26201399,2204982.03,coinmarketcap_data_api_listings_historical
2026-02-27,22125,MYTH,Mythos,0.00576979,4976571.21478782,15538.95,coinmarketcap_data_api_listings_historical
2026-02-27,37638,DAM,Reservoir,0.02475955,4951703.88210962,837731.25,coinmarketcap_data_api_listings_historical
2026-02-27,30369,HASHAI,HashAI,5.852e-05,4948959.33956727,196471.56,coinmarketcap_data_api_listings_historical
2026-02-27,37998,IWNon,iShares Russell 2000 Value Tokenized ETF (Ondo),200.4537847,4946223.43833704,473.85,coinmarketcap_data_api_listings_historical
2026-02-27,39357,PSYOPANIME,PsyopAnime,0.00493656,4936486.54336813,2279073.72,coinmarketcap_data_api_listings_historical
2026-02-27,38017,LMTon,Lockheed Tokenized Stock (Ondo),664.00947671,4933171.31055171,2532384.65,coinmarketcap_data_api_listings_historical
2026-02-27,10372,DXI,DACXI,0.00054798,4931789.82762544,305956.62,coinmarketcap_data_api_listings_historical
2026-02-27,22331,FAR,FAR Labs,0.00101997,4928903.98645005,174171.66,coinmarketcap_data_api_listings_historical
2026-02-27,25714,CROWN,Crown by Third Time Games,0.02251603,4928358.23270928,2665.42,coinmarketcap_data_api_listings_historical
2026-02-27,1492,GBYTE,Obyte,5.31965593,4916672.98231459,5890.65,coinmarketcap_data_api_listings_historical
2026-02-27,38652,WARD,Warden,0.01956072,4896439.85458461,8554203.89,coinmarketcap_data_api_listings_historical
2026-02-27,39048,$HACHI,Hachiko,1e-08,4883312.74737338,237159.03,coinmarketcap_data_api_listings_historical
2026-02-27,30825,KARRAT,KARRAT,0.0061218,4871548.41109609,131405.32,coinmarketcap_data_api_listings_historical
2026-02-27,23397,GFAL,Games for a Living,0.00126185,4864990.614554,61423.59,coinmarketcap_data_api_listings_historical
2026-02-27,7046,GHST,Aavegotchi,0.0919501,4850165.35657899,600184.21,coinmarketcap_data_api_listings_historical
2026-02-27,35255,Q,QuantumCoin,2.7e-07,4818811.26947063,24579.36,coinmarketcap_data_api_listings_historical
2026-02-27,31112,AXM,Axiome,0.00663171,4809959.50518087,53670.92,coinmarketcap_data_api_listings_historical
2026-02-27,38169,NXA,Nexa (nexaagent.xyz),0.48084944,4808494.3570411,100211.42,coinmarketcap_data_api_listings_historical
2026-02-27,10368,CTX,Cryptex Finance,0.57087241,4806026.11511936,852377.64,coinmarketcap_data_api_listings_historical
2026-02-27,39340,RNGR,Ranger,0.47140655,4804664.20192239,144043.0,coinmarketcap_data_api_listings_historical
2026-02-27,34422,BOB,Build On BNB,1e-08,4796448.35107044,8942039.55,coinmarketcap_data_api_listings_historical
2026-02-27,11706,ACT,Acet,0.00379629,4775870.05489506,12121.45,coinmarketcap_data_api_listings_historical
2026-02-27,33116,BOX,DeBox,0.01005587,4773925.38274802,14858.77,coinmarketcap_data_api_listings_historical
2026-02-27,22492,VNXAU,VNX Gold,164.00942436,4772674.24881583,76314.5,coinmarketcap_data_api_listings_historical
2026-02-27,18734,A8,Ancient8,0.01015764,4739176.95443832,1866276.85,coinmarketcap_data_api_listings_historical
2026-02-27,8200,FOX,Shapeshift FOX Token,0.00613178,4735494.29674056,148494.36,coinmarketcap_data_api_listings_historical
2026-02-27,5200,GLEEC,Gleec Coin,0.02600719,4726937.97397447,2.87,coinmarketcap_data_api_listings_historical
2026-02-27,22052,SN,SpaceN,0.11778044,4712395.51343405,0.0,coinmarketcap_data_api_listings_historical
2026-02-27,4283,BF,BitForex Token,0.00109457,4694671.33108928,0.0,coinmarketcap_data_api_listings_historical
2026-02-27,8384,CLV,CLV,0.00381556,4670788.21527468,1888393.45,coinmarketcap_data_api_listings_historical
2026-02-27,33708,ARENA,The Arena,0.00087151,4657245.49613468,30791.34,coinmarketcap_data_api_listings_historical
2026-02-27,31342,NATIX,NATIX Network,0.00011429,4640356.46363552,131297.63,coinmarketcap_data_api_listings_historical
2026-02-27,11213,POLIS,Star Atlas DAO,0.014008,4635445.20251136,98584.09,coinmarketcap_data_api_listings_historical
2026-02-27,38118,DGMA,DaGama World,0.05000147,4615499.90547959,392584.24,coinmarketcap_data_api_listings_historical
2026-02-27,7964,vLTC,Venus LTC,1.10784055,4589094.32013778,0.0,coinmarketcap_data_api_listings_historical
2026-02-27,30867,WHY,WHY,1e-08,4569849.42624,147612.52,coinmarketcap_data_api_listings_historical
2026-02-27,11212,ATLAS,Star Atlas,0.00019091,4557434.46625045,86625.09,coinmarketcap_data_api_listings_historical
2026-02-27,38789,PAYAI,PayAI Network,0.00455097,4550731.75946864,5754990.11,coinmarketcap_data_api_listings_historical
2026-02-27,38480,TMX,TMX,8.74528891,4528808.61066724,148877.63,coinmarketcap_data_api_listings_historical
2026-02-27,38308,LOOK,LOOK,0.00490131,4520851.22148268,206694.16,coinmarketcap_data_api_listings_historical
2026-02-27,34835,TAOBOT,tao.bot,0.05888939,4514853.35552941,13321.38,coinmarketcap_data_api_listings_historical
2026-02-27,28443,USDV,Verified USD,0.2631012,4510032.0511536,4.67,coinmarketcap_data_api_listings_historical
2026-02-27,39074,THQ,Theoriq,0.0291598,4497307.40961461,2202154.52,coinmarketcap_data_api_listings_historical
2026-02-27,29175,WEN,Wen,6.15e-06,4477169.63429284,437224.24,coinmarketcap_data_api_listings_historical
2026-02-27,29349,RAIN,Rain Coin,4.46985601,4469856.00663143,9624.96,coinmarketcap_data_api_listings_historical
2026-02-27,38247,MCH,Moonchain,0.01786799,4457169.26810259,10303.67,coinmarketcap_data_api_listings_historical
2026-02-27,14371,IHC,Inflation Hedging Coin,3.706e-05,4434105.72790393,859.05,coinmarketcap_data_api_listings_historical
2026-02-27,2780,NKN,NKN,0.00554332,4422031.86327723,422626.42,coinmarketcap_data_api_listings_historical
2026-02-27,15270,VINU,Vita Inu,0.0,4393223.18156112,930523.59,coinmarketcap_data_api_listings_historical
2026-02-27,35392,PX,Not Pixel,0.02240748,4379078.7223135,11707.09,coinmarketcap_data_api_listings_historical
2026-02-27,37372,PTB,Portal To Bitcoin,0.00115188,4349581.09034353,4731431.13,coinmarketcap_data_api_listings_historical
2026-02-27,38043,LLYon,Eli Lilly Tokenized Stock (Ondo),1051.67365507,4339936.14779365,2030552.55,coinmarketcap_data_api_listings_historical
2026-02-27,5453,KAI,KaiChain,0.0009068,4329983.931869,8431.04,coinmarketcap_data_api_listings_historical
2026-02-27,30750,SOLCEX,SolCex,0.00554278,4323368.57526729,306828.31,coinmarketcap_data_api_listings_historical
2026-02-27,20787,FLZ,Fellaz,0.0091489,4317138.38083977,0.0,coinmarketcap_data_api_listings_historical
2026-02-27,29241,GME,GmeStop,0.00062697,4316806.87060944,508774.41,coinmarketcap_data_api_listings_historical
2026-02-27,38092,MSTRon,MicroStrategy Tokenized Stock (Ondo),129.71154699,4294338.39031794,1832286.45,coinmarketcap_data_api_listings_historical
2026-02-27,99,VTC,Vertcoin,0.05787746,4270909.94550587,10689.33,coinmarketcap_data_api_listings_historical
2026-02-27,7281,XPRT,Persistence One,0.01996763,4260472.89649771,1333398.53,coinmarketcap_data_api_listings_historical
2026-02-27,37014,AMZNX,Amazon tokenized stock (xStock),209.86870634,4260147.33045729,18044039.83,coinmarketcap_data_api_listings_historical
2026-02-27,7703,MVC,MileVerse,0.00154097,4254670.5336687,18310.07,coinmarketcap_data_api_listings_historical
2026-02-27,17235,BNBTIGER,BNBTiger,0.0,4245746.2856807,37137.56,coinmarketcap_data_api_listings_historical
2026-02-27,36166,PUMP,PumpBTC (Governance token),0.01487316,4238849.45234249,1598522.23,coinmarketcap_data_api_listings_historical
2026-02-27,37279,DJI6930,DOWGE,0.00422344,4223354.10444189,359850.93,coinmarketcap_data_api_listings_historical
2026-02-27,36489,RZR,Rezor,0.00010382,4219339.36956984,156103.97,coinmarketcap_data_api_listings_historical
2026-02-27,2539,REN,Ren,0.00424647,4216228.39382514,217260.67,coinmarketcap_data_api_listings_historical
2026-02-27,24261,OCTA,OctaSpace,0.10521977,4207144.30905974,189615.09,coinmarketcap_data_api_listings_historical
2026-02-27,22443,ITA,Italian National Football Team Fan Token,0.33417694,4205529.22622145,111670.13,coinmarketcap_data_api_listings_historical
2026-02-27,213,MONA,MonaCoin,0.06385445,4197132.33474272,17464.87,coinmarketcap_data_api_listings_historical
2026-02-27,37344,RION,Hyperion,0.22016132,4183065.12072372,234319.72,coinmarketcap_data_api_listings_historical
2026-02-27,38628,AUDD,Australian Digital Dollar,0.70738895,4151892.1091817,70914.29,coinmarketcap_data_api_listings_historical
2026-02-27,38037,AAPLon,Apple Tokenized Stock (Ondo),264.22209918,4129558.00237943,3189312.29,coinmarketcap_data_api_listings_historical
2026-02-27,6180,SUKU,Suku,0.00724804,4128084.56702794,170650.6,coinmarketcap_data_api_listings_historical
2026-02-27,36317,MNTX,Minutes Network Token,0.0530671,4121786.52445765,66501.45,coinmarketcap_data_api_listings_historical
2026-02-27,39539,RNBW,Rainbow,0.01949888,4094765.01640328,2086471.25,coinmarketcap_data_api_listings_historical
2026-02-27,28289,JUSDT,TON Bridged USDT,1.00171266,4083199.60469386,0.0,coinmarketcap_data_api_listings_historical
2026-02-27,12297,stSOL,Lido Staked SOL,100.12516942,4082187.10711268,75422.94,coinmarketcap_data_api_listings_historical
2026-02-27,34717,LINGO,Lingo,0.00839096,4079735.21241411,337660.82,coinmarketcap_data_api_listings_historical
2026-02-27,24686,IOT,Helium IOT,0.00020006,4051973.06862988,0.0,coinmarketcap_data_api_listings_historical
2026-02-27,36708,CBDOGE,Coinbase Wrapped DOGE,0.09348966,4050627.54209437,164476.51,coinmarketcap_data_api_listings_historical
2026-02-27,5221,HNS,Handshake,0.00595278,4034377.19781845,34973.87,coinmarketcap_data_api_listings_historical
2026-02-27,38175,TAKE,OVERTAKE,0.01767261,4019212.69240363,1572949.91,coinmarketcap_data_api_listings_historical
2026-02-27,7094,DHT,dHedge DAO,0.07320801,3981601.75705484,7113.3,coinmarketcap_data_api_listings_historical
2026-02-27,11156,ETHDYDX,dYdX (ethDYDX),0.09537554,3973056.10834166,7051826.51,coinmarketcap_data_api_listings_historical
2026-02-27,32428,CAMT,CAMELL,0.00413194,3965333.36254407,53803.98,coinmarketcap_data_api_listings_historical
2026-02-27,23355,0x0,0x0.ai,0.00455874,3959557.52510591,2189.97,coinmarketcap_data_api_listings_historical
2026-02-27,34176,EURQ,Quantoz EURQ,1.17969072,3952276.53742437,5467372.17,coinmarketcap_data_api_listings_historical
2026-02-27,23802,KIBSHI,KiboShib,3.93e-06,3925283.03185,581336.43,coinmarketcap_data_api_listings_historical
2026-02-27,23404,PAW,PAW,0.0,3924624.4991617,73541.87,coinmarketcap_data_api_listings_historical
2026-02-27,38274,CDL,Creditlink,0.01915154,3918316.44492947,1678082.94,coinmarketcap_data_api_listings_historical
2026-02-27,32257,UXLINK,UXLINK,0.00495723,3897508.88928613,1178285.46,coinmarketcap_data_api_listings_historical
2026-02-27,5829,SWAP,TrustSwap,0.0389258,3892392.19512989,3007313.07,coinmarketcap_data_api_listings_historical
2026-02-27,3607,VEST,VestChain,0.00098272,3877782.58736755,0.0,coinmarketcap_data_api_listings_historical
2026-02-27,16360,GEAR,Gearbox Protocol,0.00038644,3864438.50478039,70677.87,coinmarketcap_data_api_listings_historical
2026-02-27,29679,SCA,Scallop,0.02613472,3862366.4337009,1619888.51,coinmarketcap_data_api_listings_historical
2026-02-27,8972,SFUND,Seedify.fund,0.04360687,3861210.5808702,321681.52,coinmarketcap_data_api_listings_historical
2026-02-27,38618,NOICE,noice,5.223e-05,3853773.27867028,632193.48,coinmarketcap_data_api_listings_historical
2026-02-27,2324,ONE,BigONE Token,0.00044827,3848024.20646606,0.0,coinmarketcap_data_api_listings_historical
2026-02-27,32074,FEG,FEED EVERY GORILLA,4.441e-05,3812871.93801426,298539.59,coinmarketcap_data_api_listings_historical
2026-02-27,31173,SKI,Ski Mask Dog,0.00384473,3803961.03684649,346708.58,coinmarketcap_data_api_listings_historical
2026-02-27,33405,KOMA,Koma Inu,0.00727257,3801257.58291233,5428288.28,coinmarketcap_data_api_listings_historical
2026-02-27,3698,OBSR,Observer,0.00060083,3789463.16219383,11958.67,coinmarketcap_data_api_listings_historical
2026-02-27,1948,AVT,Aventus,0.63078711,3784722.65328963,121799.39,coinmarketcap_data_api_listings_historical
2026-02-27,28792,stTON,bemo staked TON,1.41739924,3764126.84604181,0.0,coinmarketcap_data_api_listings_historical
2026-02-27,2243,DRGN,Dragonchain,0.01014725,3762321.80009217,0.0,coinmarketcap_data_api_listings_historical
2026-02-27,8299,SDT,Stake DAO,0.15730333,3759035.90905637,8178.03,coinmarketcap_data_api_listings_historical
2026-02-27,38877,ARIAIP,Aria Protocol,0.0112788,3755840.81564884,2053167.62,coinmarketcap_data_api_listings_historical
2026-02-27,6216,AXEL,AXEL,0.01325995,3753928.20403031,0.0,coinmarketcap_data_api_listings_historical
2026-02-27,31830,DADDY,Daddy Tate,0.00624763,3746213.39563113,282366.42,coinmarketcap_data_api_listings_historical
2026-02-27,9467,CEUR,Celo Euro,1.17932884,3743980.33401443,174285.8,coinmarketcap_data_api_listings_historical
2026-02-27,29189,WXDC,Wrapped XDC,0.03378013,3737692.12499345,1844.67,coinmarketcap_data_api_listings_historical
2026-02-27,33165,PUSS,PussFi,0.00424045,3726616.09473812,1083324.09,coinmarketcap_data_api_listings_historical
2026-02-27,39142,SCOR,SCOR,0.01755299,3716352.234968,533540.36,coinmarketcap_data_api_listings_historical
2026-02-27,38768,GHOST,GhostwareOS,0.00370977,3709695.61260527,409749.51,coinmarketcap_data_api_listings_historical
2026-02-27,21420,axlUSDC,Axelar Wrapped USDC,0.99939992,3702344.0949618,692640.55,coinmarketcap_data_api_listings_historical
2026-02-27,35753,BROCCOLI,Broccoli (firstbroccoli.com),0.00369864,3698635.99922548,830390.94,coinmarketcap_data_api_listings_historical
2026-02-27,3437,ABBC,ABBC Coin,0.00407497,3689083.82616536,48.66,coinmarketcap_data_api_listings_historical
2026-02-27,19519,BRN,BRN Metaverse,0.1309838,3674030.28426776,197921.56,coinmarketcap_data_api_listings_historical
2026-02-27,38036,KOon,Coca-Cola Tokenized Stock (Ondo),82.45209785,3665617.22967273,1873553.01,coinmarketcap_data_api_listings_historical
2026-02-27,5600,ATT,Attila,0.00131751,3662679.91570121,0.0,coinmarketcap_data_api_listings_historical
2026-02-27,31296,GOLDAO,GOLDAO,0.00461359,3656543.59359419,1493.45,coinmarketcap_data_api_listings_historical
2026-02-27,24303,MCADE,Metacade,0.00225842,3652170.18630352,383773.0,coinmarketcap_data_api_listings_historical
2026-02-27,22765,AL,ArchLoot,0.00410373,3624812.09549938,474591.36,coinmarketcap_data_api_listings_historical
2026-02-27,15185,KUJI,Kujira,0.02957457,3618443.30977138,0.0,coinmarketcap_data_api_listings_historical
2026-02-27,35693,BORGY,BORGY,4.647e-05,3605283.95615369,0.0,coinmarketcap_data_api_listings_historical
2026-02-27,13521,NUM,Numbers Protocol,0.00410521,3601880.59630481,168202.93,coinmarketcap_data_api_listings_historical
2026-02-27,37739,TCOM,TCOM Global,0.03914053,3600928.37499282,9207958.75,coinmarketcap_data_api_listings_historical
2026-02-27,39339,OWL,Owlto Finance,0.01085496,3582136.27938826,3221658.42,coinmarketcap_data_api_listings_historical
2026-02-27,11367,AURY,Aurory,0.047658,3580510.96321768,87410.95,coinmarketcap_data_api_listings_historical
2026-02-27,28147,OMIKAMI,Amaterasu Omikami,0.00377248,3572444.45130383,108109.41,coinmarketcap_data_api_listings_historical
2026-02-27,11809,REF,Ref Finance,0.03717159,3568181.9112663,0.0,coinmarketcap_data_api_listings_historical
2026-02-27,39140,LV,LeverUp,0.0395767,3561903.20079978,165479.12,coinmarketcap_data_api_listings_historical
2026-02-27,38456,KO,Kyuzo's Friends,0.01635707,3557662.07833656,329848.02,coinmarketcap_data_api_listings_historical
2026-02-27,2665,DERO,Dero,0.24810536,3551111.15710669,4659.8,coinmarketcap_data_api_listings_historical
2026-02-27,1789,PPT,Populous,0.06625443,3528196.95527978,1131.87,coinmarketcap_data_api_listings_historical
2026-02-27,1826,PART,Particl,0.22539814,3515781.19625913,100658.88,coinmarketcap_data_api_listings_historical
2026-02-27,34807,ODOS,Odos,0.00118053,3514371.23651261,109795.55,coinmarketcap_data_api_listings_historical
2026-02-27,33783,RWA,Allo,0.00194572,3502292.76687617,855390.89,coinmarketcap_data_api_listings_historical
2026-02-27,38065,METAon,Meta Platforms Tokenized Stock (Ondo),645.49928172,3496650.02842294,1629261.82,coinmarketcap_data_api_listings_historical
2026-02-27,13198,NTX,NuNet,0.00691781,3487161.31104567,103932.26,coinmarketcap_data_api_listings_historical
2026-02-27,3702,BEAM,Beam,0.0230323,3472200.59071446,68741.42,coinmarketcap_data_api_listings_historical
2026-02-27,4702,IDRT,Rupiah Token,1.996e-05,3469550.52923123,0.0,coinmarketcap_data_api_listings_historical
2026-02-27,37553,SHIB,SHIBA INU,1e-08,3462716.22115383,16153.97,coinmarketcap_data_api_listings_historical
2026-02-27,35430,BID,CreatorBid,0.00925822,3459218.83748205,462453.49,coinmarketcap_data_api_listings_historical
2026-02-27,33102,BB,Bitboard,0.00078073,3441887.76710677,499109.9,coinmarketcap_data_api_listings_historical
2026-02-27,16602,SETH2,sETH2,1928.32917296,3440214.00680393,279.28,coinmarketcap_data_api_listings_historical
2026-02-27,12256,CHEQ,cheqd,0.00534867,3436481.52026377,300476.78,coinmarketcap_data_api_listings_historical
2026-02-27,8642,FEI,Fei USD,0.99853272,3434203.91053725,6224.28,coinmarketcap_data_api_listings_historical
2026-02-27,23780,DEOD,Decentrawood,0.00739276,3433156.36350264,295351.01,coinmarketcap_data_api_listings_historical
2026-02-27,38000,PFEon,Pfizer Tokenized Stock (Ondo),28.5596924,3425879.8509854,19409.31,coinmarketcap_data_api_listings_historical
2026-02-27,12041,DMTR,Dimitra,0.00702561,3417983.91958356,218665.37,coinmarketcap_data_api_listings_historical
2026-02-27,9656,CATE,CateCoin,6e-08,3417378.03889327,807231.96,coinmarketcap_data_api_listings_historical
2026-02-27,34187,LOFI,LOFI,0.00341454,3414535.40620462,65019.46,coinmarketcap_data_api_listings_historical
2026-02-27,36774,VERSE,Verse World,0.03410846,3410846.11322745,830871.32,coinmarketcap_data_api_listings_historical
2026-02-27,17742,CULT,Cult DAO,7.9e-07,3405125.3033999,63318.93,coinmarketcap_data_api_listings_historical
2026-02-27,31171,BOOE,Book of Ethereum,0.03534017,3399406.52245909,28350.66,coinmarketcap_data_api_listings_historical
2026-02-27,38815,EAT,375ai,0.01594083,3397728.05346647,931867.49,coinmarketcap_data_api_listings_historical
2026-02-27,28508,NIBI,Nibiru,0.00360059,3393656.73331799,270243.4,coinmarketcap_data_api_listings_historical
2026-02-27,8985,EFI,Efinity Token,0.03895918,3386142.3340717,0.0,coinmarketcap_data_api_listings_historical
2026-02-27,11783,GAFI,GameFi.org,0.22562482,3374212.50990866,40261.93,coinmarketcap_data_api_listings_historical
2026-02-27,8216,XEP,Electra Protocol,0.00018367,3373621.86116446,109332.38,coinmarketcap_data_api_listings_historical
2026-02-27,39454,KIN,Kindred Labs,0.02287144,3366389.35882193,8747201.27,coinmarketcap_data_api_listings_historical
2026-02-27,27805,SWCH,SwissCheese,0.07683353,3361374.57436469,1088610.49,coinmarketcap_data_api_listings_historical
2026-02-27,36418,JAGER,Jager Hunter,0.0,3356158.63797006,301330.41,coinmarketcap_data_api_listings_historical
2026-02-27,5068,XTN,Neutrino Index,0.06448822,3352145.03167842,9335.94,coinmarketcap_data_api_listings_historical
2026-02-27,2758,UBT,Unibright,0.02225193,3337789.62585375,298.32,coinmarketcap_data_api_listings_historical
2026-02-27,33464,MEMEFI,MemeFi,0.00033356,3335610.74023476,6195826.36,coinmarketcap_data_api_listings_historical
2026-02-27,39161,DN,DeepNode,0.14802289,3330515.1181103,2362824.95,coinmarketcap_data_api_listings_historical
2026-02-27,38170,OVPP,OpenVPP,0.00414412,3328905.95944195,898372.16,coinmarketcap_data_api_listings_historical
2026-02-27,30907,WOKB,Wrapped OKB,76.30056376,3322202.84655342,167948.74,coinmarketcap_data_api_listings_historical
2026-02-27,21639,DJED,Djed,1.00806779,3319974.55405416,24940.31,coinmarketcap_data_api_listings_historical
2026-02-27,38961,ARTX,ULTILAND,0.07804555,3309131.24423927,21011612.08,coinmarketcap_data_api_listings_historical
2026-02-27,16305,IZI,Izumi Finance,0.00418641,3296375.59911306,90919.84,coinmarketcap_data_api_listings_historical
2026-02-27,18966,MAY,Mayflower AI,0.00985647,3293755.56140456,4533515.99,coinmarketcap_data_api_listings_historical
2026-02-27,28446,SPECTRE,SPECTRE AI,0.32951863,3292936.04433207,296159.29,coinmarketcap_data_api_listings_historical
2026-02-27,28382,MYRO,Myro,0.00348453,3290110.69566798,647893.74,coinmarketcap_data_api_listings_historical
2026-02-27,24228,VEUR,VNX Euro,1.18140739,3265507.79424016,26522.75,coinmarketcap_data_api_listings_historical
2026-02-27,29812,ZYPTO,Zypto,0.00363937,3262546.64004141,86326.3,coinmarketcap_data_api_listings_historical
2026-02-27,12089,CWEB,Coinweb,0.0013289,3254983.88879538,149357.26,coinmarketcap_data_api_listings_historical
2026-02-27,29358,SMOG,Smog,0.00417741,3254201.80773934,51.41,coinmarketcap_data_api_listings_historical
2026-02-27,32892,BELLS,Bellscoin,0.05272185,3241476.0592638,22589.27,coinmarketcap_data_api_listings_historical
2026-02-27,20117,MINIMA,Minima,0.0058439,3233822.86400302,66111.35,coinmarketcap_data_api_listings_historical
2026-02-27,1700,AE,Æternity,0.00837063,3223587.54834985,65783.36,coinmarketcap_data_api_listings_historical
2026-02-27,34914,PHNIX,Phoenix,6.06e-06,3214112.99058996,65386.92,coinmarketcap_data_api_listings_historical
2026-02-27,21686,stATOM,Stride Staked ATOM,3.25046262,3209178.9993484,309449.13,coinmarketcap_data_api_listings_historical
2026-02-27,7396,MOON,r/CryptoCurrency Moons,0.03001455,3204843.51330435,1793.78,coinmarketcap_data_api_listings_historical
2026-02-27,11222,WNCG,Nine Chronicles,0.00538613,3201076.53081032,236957.46,coinmarketcap_data_api_listings_historical
2026-02-27,9089,10SET,Tenset,0.02289739,3200449.12686342,157666.2,coinmarketcap_data_api_listings_historical
2026-02-27,22771,INDY,Indigo Protocol,0.1986337,3188630.78871632,0.0,coinmarketcap_data_api_listings_historical
2026-02-27,29310,UNA,Unagi Token,0.00435339,3181527.94204998,10688.8,coinmarketcap_data_api_listings_historical
2026-02-27,5616,MATH,MATH,0.02772999,3171095.79165721,412028.72,coinmarketcap_data_api_listings_historical
2026-02-27,23799,ROA,ROA CORE,0.00450854,3169506.62018491,52078.3,coinmarketcap_data_api_listings_historical
2026-02-27,132,XCP,Counterparty,1.22292374,3167099.40895992,0.0,coinmarketcap_data_api_listings_historical
2026-02-27,30116,REDO,Resistance Dog,0.03164775,3164774.90650391,84501.56,coinmarketcap_data_api_listings_historical
2026-02-27,19369,WADA,Wrapped Cardano,0.27726709,3147692.77133128,3882.42,coinmarketcap_data_api_listings_historical
2026-02-27,5877,RARI,Rarible,0.16133894,3144322.91191766,351442.87,coinmarketcap_data_api_listings_historical
2026-02-27,463,BTS,BitShares,0.00104961,3143631.67847629,67789.06,coinmarketcap_data_api_listings_historical
2026-02-27,17072,MPC,Partisia Blockchain,0.00804004,3143120.86867433,12121.32,coinmarketcap_data_api_listings_historical
2026-02-27,23380,NEXA,Nexa,5.3e-07,3134827.88119484,37560.95,coinmarketcap_data_api_listings_historical
2026-02-27,21060,GXA,GALAXIA,0.00124308,3128049.41419957,77638.47,coinmarketcap_data_api_listings_historical
2026-02-27,39466,安,安,0.00312197,3121967.78896585,2388860.97,coinmarketcap_data_api_listings_historical
2026-02-27,34469,ALTT,Altcoinist,0.012711,3114194.85854562,56749.92,coinmarketcap_data_api_listings_historical
2026-02-27,38049,MCDon,McDonald's Tokenized Stock (Ondo),343.82346006,3110697.67277667,1068848.98,coinmarketcap_data_api_listings_historical
2026-02-27,4160,YEC,Ycash (y.cash),0.18649422,3089926.90587355,494.56,coinmarketcap_data_api_listings_historical
2026-02-27,38096,PGon,Procter & Gamble Tokenized Stock (Ondo),169.28872543,3071164.93328957,2031174.66,coinmarketcap_data_api_listings_historical
2026-02-27,11240,HI,HI,4.931e-05,3060750.01364573,1006.95,coinmarketcap_data_api_listings_historical
2026-02-27,16430,TONIC,Tectonic,1e-08,3056078.18406488,17132.49,coinmarketcap_data_api_listings_historical
2026-02-27,36865,CBLTC,Coinbase Wrapped LTC,54.43513754,3054050.38348167,84698.58,coinmarketcap_data_api_listings_historical
2026-02-27,32459,JUM,Jumoney,0.00236111,3045412.43350515,163.27,coinmarketcap_data_api_listings_historical
2026-02-27,35795,DRX,DRX Token,0.00458117,3041908.77345892,121594.44,coinmarketcap_data_api_listings_historical
2026-02-27,37728,PUBLIC,PublicAI,0.01453187,3030932.98159898,351421.9,coinmarketcap_data_api_listings_historical
2026-02-27,3422,SHPING,SHPING,0.00132455,3028980.79652697,218002.91,coinmarketcap_data_api_listings_historical
2026-02-27,35671,EPT,Balance,0.00080905,3027941.26693442,1148379.64,coinmarketcap_data_api_listings_historical
2026-02-27,27463,STUFF,STUFF.io,0.00090617,3022793.23517729,1796.32,coinmarketcap_data_api_listings_historical
2026-02-27,23825,NXRA,Nexera,0.00288962,3022498.12681634,20823.9,coinmarketcap_data_api_listings_historical
2026-02-27,19650,VOLT,Volt Inu,6e-08,3012590.32357907,145916.84,coinmarketcap_data_api_listings_historical
2026-02-27,38042,CVXon,Chevron Tokenized Stock (Ondo),189.68832869,3011485.59791715,2143246.98,coinmarketcap_data_api_listings_historical
2026-02-27,16755,HOSKY,HOSKY Token,1e-08,3009485.96374709,189520.18,coinmarketcap_data_api_listings_historical
2026-02-27,1721,MYST,Mysterium,0.14976721,3000380.47180286,85567.47,coinmarketcap_data_api_listings_historical
2026-02-27,5552,HTR,Hathor,0.00582397,2989845.0093595,396434.11,coinmarketcap_data_api_listings_historical
2026-02-27,22858,DNX,Dynex,0.02791202,2974477.37402706,115760.86,coinmarketcap_data_api_listings_historical
2026-02-27,4189,UOS,Ultra,0.0061987,2973032.14908465,398756.63,coinmarketcap_data_api_listings_historical
2026-02-27,8034,BIOT,BioPassport Token,0.00033764,2971222.22152763,174209.13,coinmarketcap_data_api_listings_historical
2026-02-27,37693,ANTHROPIC,Anthropic tokenized stock (PreStocks),384.42289495,2965421.89133136,1097926.47,coinmarketcap_data_api_listings_historical
2026-02-27,5647,KDA,Kadena,0.00883607,2962684.10174325,42513.46,coinmarketcap_data_api_listings_historical
2026-02-27,28394,GROK,Grok (grokoneth.meme),0.00046749,2954001.54822673,333398.64,coinmarketcap_data_api_listings_historical
2026-02-27,38494,GOATED,GOAT Network,0.02826162,2949043.50799101,493006.88,coinmarketcap_data_api_listings_historical
2026-02-27,5358,IBS,IBStoken,0.00073239,2947900.03462091,101189.0,coinmarketcap_data_api_listings_historical
2026-02-27,3663,XFC,Footballcoin (XFC),0.00745038,2944896.40074024,42712.48,coinmarketcap_data_api_listings_historical
2026-02-27,39229,COPXon,Global X Copper Miners Tokenized ETF (Ondo),95.9007592,2938933.28760756,908262.6,coinmarketcap_data_api_listings_historical
2026-02-27,38084,IJHon,iShares Core S&P MidCap Tokenized ETF (Ondo),71.78842855,2936524.46173957,650912.47,coinmarketcap_data_api_listings_historical
2026-02-27,8997,COOK,Cook Finance,0.00336091,2936195.53554415,22806.81,coinmarketcap_data_api_listings_historical
2026-02-27,29447,NMT,NetMind Token,0.08770732,2933828.06062431,173772.07,coinmarketcap_data_api_listings_historical
2026-02-27,15084,SIS,Symbiosis,0.0302858,2926679.39669801,901768.05,coinmarketcap_data_api_listings_historical
2026-02-27,19786,TAVA,ALTAVA,0.00420078,2923231.59910836,121759.48,coinmarketcap_data_api_listings_historical
2026-02-27,26202,XFI,CrossFi,0.04305705,2919300.84714097,394595.32,coinmarketcap_data_api_listings_historical
2026-02-27,31152,KENDU,Kendu,3.08e-06,2917649.61016889,70220.09,coinmarketcap_data_api_listings_historical
2026-02-27,1521,KMD,Komodo,0.02145922,2917463.54098362,155942.66,coinmarketcap_data_api_listings_historical
2026-02-27,24984,GRP,Grape,0.65500782,2917367.89812246,0.0,coinmarketcap_data_api_listings_historical
2026-02-27,38376,EVAA,EVAA Protocol,0.44025334,2913584.28348258,1524179.75,coinmarketcap_data_api_listings_historical
2026-02-27,28299,TOKEN,TokenFi,0.00290416,2904216.72843241,1085959.86,coinmarketcap_data_api_listings_historical
2026-02-27,28363,SHRAP,Shrapnel,0.00099973,2903193.45807728,10573.34,coinmarketcap_data_api_listings_historical
2026-02-27,8276,ARIA20,Arianee,0.02675768,2877034.12646976,0.0,coinmarketcap_data_api_listings_historical
2026-02-27,39005,ENX,Enigma,0.04589789,2859786.22694928,62054.69,coinmarketcap_data_api_listings_historical
2026-02-27,19214,VITA,VitaDAO,0.20020908,2858270.69520591,3047.72,coinmarketcap_data_api_listings_historical
2026-02-27,6739,LWA,LumiWave,0.00369943,2848843.61947009,1820726.83,coinmarketcap_data_api_listings_historical
2026-02-27,8044,ADP,Adappter Token,0.00061193,2836182.69606723,21096.02,coinmarketcap_data_api_listings_historical
2026-02-27,29030,PORT3,Port3 Network,0.004085,2830457.52591155,4047381.52,coinmarketcap_data_api_listings_historical
2026-02-27,31632,PEIPEI,PeiPei (ETH),1e-08,2821525.6716759,466510.85,coinmarketcap_data_api_listings_historical
2026-02-27,39429,IMU,Immunefi,0.00334143,2809794.8064105,2747920.03,coinmarketcap_data_api_listings_historical
2026-02-27,20315,LM,LeisureMeta,0.0008342,2809655.23474122,73225.46,coinmarketcap_data_api_listings_historical
2026-02-27,6837,NODL,Nodle,0.00043742,2790568.01072102,88306.1,coinmarketcap_data_api_listings_historical
2026-02-27,36234,FAIR3,Fair and Free,0.00297315,2782318.91056129,69441.13,coinmarketcap_data_api_listings_historical
2026-02-27,30493,NUB,nubcat,0.00292239,2776266.52396951,350583.31,coinmarketcap_data_api_listings_historical
2026-02-27,34348,EMT,EarthMeta,0.00192803,2771618.11459711,6444.88,coinmarketcap_data_api_listings_historical
2026-02-27,11552,TALK,Talken,0.00735374,2769952.04905993,17683.53,coinmarketcap_data_api_listings_historical
2026-02-27,8936,TRIAS,Trias Token (New),0.55298543,2764927.14884901,72118.12,coinmarketcap_data_api_listings_historical
2026-02-27,37363,BLOCK,Block (blockstreet.xyz),0.00598973,2755274.37052665,402053.53,coinmarketcap_data_api_listings_historical
2026-02-27,7232,ALPHA,Stella,0.00286578,2754017.48445681,387044.78,coinmarketcap_data_api_listings_historical
2026-02-27,29082,SAROS,Saros,0.00130909,2748579.86028309,610542.88,coinmarketcap_data_api_listings_historical
2026-02-27,28385,PROPS,Propbase,0.00580403,2738789.9013772,1178271.79,coinmarketcap_data_api_listings_historical
2026-02-27,8479,VAI,VAIOT,0.00690537,2738670.69589061,83228.38,coinmarketcap_data_api_listings_historical
2026-02-27,21156,STAT,STAT,0.03220518,2734809.95483548,136790.62,coinmarketcap_data_api_listings_historical
2026-02-27,37177,MOBY,Moby,0.00273426,2734182.21100195,844359.76,coinmarketcap_data_api_listings_historical
2026-02-27,32289,MIGGLES,Mr Miggles,0.00285248,2730883.82425273,188087.12,coinmarketcap_data_api_listings_historical
2026-02-27,38992,401JK,401jK,0.00272535,2725349.20783246,190241.27,coinmarketcap_data_api_listings_historical
2026-02-27,38240,QST,QuStream,0.00362592,2724917.39727754,26866.38,coinmarketcap_data_api_listings_historical
2026-02-27,36278,OBOL,Obol,0.01814445,2722029.9406023,2564620.63,coinmarketcap_data_api_listings_historical
2026-02-27,20650,USDC(WormHole),USD Coin (Wormhole),0.99957128,2713618.16568302,108504.84,coinmarketcap_data_api_listings_historical
2026-02-27,7740,POLA,Polaris Share,0.00501458,2712863.24034224,50566.03,coinmarketcap_data_api_listings_historical
2026-02-27,34291,ROCK,Zenrock,0.01421653,2709847.07318487,10070.33,coinmarketcap_data_api_listings_historical
2026-02-27,37245,TRWA,Tharwa,0.00038657,2706934.12495752,315863.45,coinmarketcap_data_api_listings_historical
2026-02-27,38015,PEPon,PepsiCo Tokenized Stock (Ondo),171.17815242,2696789.91248208,1754368.39,coinmarketcap_data_api_listings_historical
2026-02-27,3628,MXC,MXC,0.00085185,2693452.37564001,2911.24,coinmarketcap_data_api_listings_historical
2026-02-27,27966,DORA,Dora Factory,0.00500508,2689112.27798149,97755.46,coinmarketcap_data_api_listings_historical
2026-02-27,21964,TET,Tectum,0.2703401,2685698.43535352,124063.57,coinmarketcap_data_api_listings_historical
2026-02-27,9764,MLT,MILC Platform,0.02152036,2677637.42616594,5729.79,coinmarketcap_data_api_listings_historical
2026-02-27,2856,CEEK,CEEK VR,0.00329928,2658287.21818683,58517.08,coinmarketcap_data_api_listings_historical
2026-02-27,17450,FANC,fanC,0.00159743,2651800.00367524,188728.23,coinmarketcap_data_api_listings_historical
2026-02-27,17050,MULTI,Multichain,0.18096567,2631438.69589496,12974.21,coinmarketcap_data_api_listings_historical
2026-02-27,5583,HAI,Hacken Token,0.00315724,2630669.8578359,125810.41,coinmarketcap_data_api_listings_historical
2026-02-27,27582,XTER,Xterio,0.01645398,2630040.72697629,4562021.78,coinmarketcap_data_api_listings_historical
2026-02-27,32772,GOCHU,Gochujangcoin,2.3e-07,2624608.84064635,192832.65,coinmarketcap_data_api_listings_historical
2026-02-27,24133,WIFI,WiFi Map,0.00377663,2620467.95303651,2805.69,coinmarketcap_data_api_listings_historical
2026-02-27,37473,GAIA,GAIA,0.01540026,2618043.54620812,407107.07,coinmarketcap_data_api_listings_historical
2026-02-27,1154,VAL,Validity,0.50832681,2592982.54390059,357655.14,coinmarketcap_data_api_listings_historical
2026-02-27,10630,GOG,Guild of Guardians,0.00310437,2587392.22025022,5877.89,coinmarketcap_data_api_listings_historical
2026-02-27,22289,MYRIA,Myria,5.503e-05,2582548.38523856,245801.87,coinmarketcap_data_api_listings_historical
2026-02-27,35052,OPUS,Opus Genesis,0.00257612,2575957.08895578,2587.61,coinmarketcap_data_api_listings_historical
2026-02-27,33786,PATRIOT,Patriot,0.00025635,2563507.75873531,94603.45,coinmarketcap_data_api_listings_historical
2026-02-27,39176,HACHIKO,Hachiko Inu,0.0027369,2557465.97549844,217460.79,coinmarketcap_data_api_listings_historical
2026-02-27,38060,WMTon,Walmart Tokenized Stock (Ondo),128.05686123,2539054.98857473,860927.12,coinmarketcap_data_api_listings_historical
2026-02-27,36396,CUDIS,CUDIS,0.01025383,2537823.65045171,4319540.63,coinmarketcap_data_api_listings_historical
2026-02-27,38050,ASMLon,ASML Holding NV Tokenized Stock (Ondo),1448.74029495,2527251.25157173,1375696.88,coinmarketcap_data_api_listings_historical
2026-02-27,12387,RBN,Ribbon Finance,0.03036881,2525962.16733535,0.0,coinmarketcap_data_api_listings_historical
2026-02-27,36338,CORAL,Coral Protocol,0.00029511,2524234.60186509,240949.61,coinmarketcap_data_api_listings_historical
2026-02-27,1680,ANT,Aragon,0.05818851,2513306.56860774,0.0,coinmarketcap_data_api_listings_historical
2026-02-27,37610,X,TaleX,0.01675311,2512967.15608049,167966.53,coinmarketcap_data_api_listings_historical
2026-02-27,38270,U,Union,0.00130886,2511766.24152169,4042622.25,coinmarketcap_data_api_listings_historical
2026-02-27,32915,BERRY,Strawberry AI,0.02508922,2508921.87630644,2606.18,coinmarketcap_data_api_listings_historical
2026-02-27,5882,FIS,StaFi,0.01762986,2507306.69143965,574086.72,coinmarketcap_data_api_listings_historical
2026-02-27,1828,SMART,SmartCash,0.00176771,2499289.69662288,204.83,coinmarketcap_data_api_listings_historical
2026-02-27,21929,KWENTA,Kwenta,5.78352792,2497379.91729187,0.0,coinmarketcap_data_api_listings_historical
2026-02-27,10778,HERO,Metahero,0.00048884,2490949.86363416,39329.54,coinmarketcap_data_api_listings_historical
2026-02-27,28366,CA,Coupon Assets,0.25732388,2488646.10256777,880328.93,coinmarketcap_data_api_listings_historical
2026-02-27,4467,EGG,Nestree,0.00082995,2485593.50543151,12687.75,coinmarketcap_data_api_listings_historical
2026-02-27,38045,TMon,Toyota Tokenized Stock (Ondo),241.54931405,2479445.21151845,64401.82,coinmarketcap_data_api_listings_historical
2026-02-27,38082,JPMon,JPMorgan Chase Tokenized Stock (Ondo),301.36941921,2470309.37422463,1801077.37,coinmarketcap_data_api_listings_historical
2026-02-27,19778,FITFI,Step App,0.00054914,2460145.17597059,2523477.14,coinmarketcap_data_api_listings_historical
2026-02-27,30912,MANEKI,MANEKI,0.00027633,2447924.70409562,270867.75,coinmarketcap_data_api_listings_historical
2026-02-27,9263,ZCX,Unizen,0.00366797,2440565.28164311,102307.77,coinmarketcap_data_api_listings_historical
2026-02-27,19819,REI,REI Network,0.00254749,2420116.67275282,265079.87,coinmarketcap_data_api_listings_historical
2026-02-27,12859,DOBO,DogeBonk,0.0,2418248.68400212,0.0,coinmarketcap_data_api_listings_historical
2026-02-27,38401,DL,Dill,0.00203493,2411395.56866477,136881.11,coinmarketcap_data_api_listings_historical
2026-02-27,24137,CHAT,OpenChat,0.08044141,2409063.92784087,110843.88,coinmarketcap_data_api_listings_historical
2026-02-27,15563,RISE,Infinity Rising,0.0031786,2405712.15305796,1551.96,coinmarketcap_data_api_listings_historical
2026-02-27,19743,MSQ,MSQUARE GLOBAL,0.4011663,2403027.4594593,108034.12,coinmarketcap_data_api_listings_historical
2026-02-27,3722,TEMCO,TEMCO,0.00060285,2395266.59173835,20392.29,coinmarketcap_data_api_listings_historical
2026-02-27,23295,VNO,Veno Finance,0.00504261,2392789.9468467,20194.78,coinmarketcap_data_api_listings_historical
2026-02-27,38826,TTN,toyow,0.10489926,2371882.60908554,494102.6,coinmarketcap_data_api_listings_historical
2026-02-27,10165,PORNROCKET,PornRocket,1e-08,2369813.51907452,0.0,coinmarketcap_data_api_listings_historical
2026-02-27,8669,SOV,Sovryn,0.03991061,2368476.4755668,62178.79,coinmarketcap_data_api_listings_historical
2026-02-27,39127,LISA,AgentLISA,0.01095009,2367682.96033228,473513.63,coinmarketcap_data_api_listings_historical
2026-02-27,29780,CSWAP,ChainSwap,0.00255675,2363176.66574183,10290.14,coinmarketcap_data_api_listings_historical
2026-02-27,3768,PIB,PIBBLE,9.803e-05,2362693.39558149,16934.37,coinmarketcap_data_api_listings_historical
2026-02-27,10469,LIME,iMe Lab,0.0031317,2362369.36794137,190113.23,coinmarketcap_data_api_listings_historical
2026-02-27,29513,GPU,Node AI,0.02407007,2360535.32262056,66901.38,coinmarketcap_data_api_listings_historical
2026-02-27,28510,HOLD,Holdstation,0.29857499,2359847.12197262,230422.79,coinmarketcap_data_api_listings_historical
2026-02-27,1392,PLU,Pluton,0.13821203,2349604.41783013,33759.7,coinmarketcap_data_api_listings_historical
2026-02-27,35482,AGIALPHA,AGI ALPHA AGENT,0.00233507,2335064.65962621,2405.93,coinmarketcap_data_api_listings_historical
2026-02-27,9386,KISHU,Kishu Inu,0.0,2334582.75316111,145597.33,coinmarketcap_data_api_listings_historical
2026-02-27,20497,WAGMIGAMES,WAGMI Games,1.06e-06,2332877.7394274,134451.61,coinmarketcap_data_api_listings_historical
2026-02-27,28249,ZTX,ZTX,0.00031061,2326966.61213075,211257.91,coinmarketcap_data_api_listings_historical
2026-02-27,29593,ASTRA,AstraAI,0.23237791,2323779.08529577,181128.57,coinmarketcap_data_api_listings_historical
2026-02-27,30916,XSWAP,XSwap,0.00778265,2321251.28318474,38758.08,coinmarketcap_data_api_listings_historical
2026-02-27,1993,KIN,Kin,8.3e-07,2298651.47133806,57231.82,coinmarketcap_data_api_listings_historical
2026-02-27,35609,PAIN,Pain (paintoken.com),0.45813929,2290639.70540409,13676.85,coinmarketcap_data_api_listings_historical
2026-02-27,7824,VAI,Vai,1.00055323,2289989.2500877,29523.65,coinmarketcap_data_api_listings_historical
2026-02-27,29445,ZKML,zKML,0.02371769,2288786.72117636,0.0,coinmarketcap_data_api_listings_historical
2026-02-27,35277,CAM,Camino Network,0.00701927,2284182.15215782,22460.92,coinmarketcap_data_api_listings_historical
2026-02-27,30950,MON,MON,0.00383917,2279632.30889993,153415.97,coinmarketcap_data_api_listings_historical
2026-02-27,32778,DOGE,Department Of Government Efficiency (dogegov.com),0.00232325,2274740.6482258,1035949.81,coinmarketcap_data_api_listings_historical
2026-02-27,32110,USA,American Coin,2e-07,2273180.62738146,516732.79,coinmarketcap_data_api_listings_historical
2026-02-27,4566,XDB,XDB CHAIN,0.00013215,2272724.16659904,192558.17,coinmarketcap_data_api_listings_historical
2026-02-27,28567,PALM,PaLM AI,0.02940848,2268267.68530017,10420.92,coinmarketcap_data_api_listings_historical
2026-02-27,38928,LUCKY,B-Lucky,0.00226529,2265285.42995913,0.0,coinmarketcap_data_api_listings_historical
2026-02-27,39028,BEST,Best Wallet,0.00135177,2258695.37856444,440599.99,coinmarketcap_data_api_listings_historical
2026-02-27,32925,SPEC,Spectral,0.1600716,2257761.42215477,737767.68,coinmarketcap_data_api_listings_historical
2026-02-27,7228,DDX,DerivaDAO,0.08636391,2253637.22586142,12.37,coinmarketcap_data_api_listings_historical
2026-02-27,38834,TYCOON,Dino Tycoon,0.01028408,2250416.38581921,499321.72,coinmarketcap_data_api_listings_historical
2026-02-27,10789,EURt,Tether EURt,0.06173969,2246543.27130831,0.0,coinmarketcap_data_api_listings_historical
2026-02-27,4757,XRT,Robonomics.network,1.04231561,2245307.91269587,511.61,coinmarketcap_data_api_listings_historical
2026-02-27,39422,XSOL,OKX Wrapped SOL,81.83191925,2243596.50941493,520602.59,coinmarketcap_data_api_listings_historical
2026-02-27,10641,QUACK,RichQUACK.com,0.0,2243077.79459685,84708.28,coinmarketcap_data_api_listings_historical
2026-02-27,27766,KYVE,KYVE Network,0.00193344,2243067.79029535,10724.72,coinmarketcap_data_api_listings_historical
2026-02-27,35621,SOGNI,Sogni AI,0.00184665,2238578.78959581,235068.74,coinmarketcap_data_api_listings_historical
2026-02-27,28286,SPURS,Tottenham Hotspur Fan Token,0.18733389,2236741.74973798,176573.19,coinmarketcap_data_api_listings_historical
2026-02-27,32137,ROAR,Roaring Kitty,0.00221802,2218018.22730173,207496.06,coinmarketcap_data_api_listings_historical
2026-02-27,38076,BABAon,Alibaba Tokenized Stock (Ondo),143.65447552,2215015.80432413,3201692.47,coinmarketcap_data_api_listings_historical
2026-02-27,35,PXC,Phoenixcoin,0.02371172,2209587.08048365,52.17,coinmarketcap_data_api_listings_historical
2026-02-27,38711,PIGGY,Piggycell,0.03812605,2209344.41771306,279050.02,coinmarketcap_data_api_listings_historical
2026-02-27,32916,SHARP,Sharp,0.0008217,2208108.15054625,145048.31,coinmarketcap_data_api_listings_historical
2026-02-27,38237,FOREST,Forest Protocol,0.01914909,2207133.14883552,170215.59,coinmarketcap_data_api_listings_historical
2026-02-27,11560,DHB,DeHub,0.00054093,2204721.97348855,5169.85,coinmarketcap_data_api_listings_historical
2026-02-27,18736,BFIC,Blockchain Foundation for Innovation & Collaboration,0.20797407,2200037.93066479,1756.38,coinmarketcap_data_api_listings_historical
2026-02-27,22,LKY,Luckycoin,0.1141756,2192713.87581682,83034.62,coinmarketcap_data_api_listings_historical
2026-02-27,29920,SLERF,SLERF (OLD),0.00438263,2191305.32797827,186193.61,coinmarketcap_data_api_listings_historical
2026-02-27,32516,NRN,Neuron,0.00635032,2188613.10637326,149637.95,coinmarketcap_data_api_listings_historical
2026-02-27,35167,J,Jambo,0.01359264,2188523.58377734,2033982.0,coinmarketcap_data_api_listings_historical
2026-02-27,37656,SPACEX,SpaceX tokenized stock (PreStocks),698.84777921,2180258.74945269,1132950.45,coinmarketcap_data_api_listings_historical
2026-02-27,33076,MOODENG,MOO DENG (moodeng.vip),5.33e-06,2178812.70808532,490624.61,coinmarketcap_data_api_listings_historical
2026-02-27,24747,JESUS,Jesus Coin,1e-08,2176230.54315175,4950.57,coinmarketcap_data_api_listings_historical
2026-02-27,32656,XEL,XELIS,0.45449079,2175309.03082101,22148.8,coinmarketcap_data_api_listings_historical
2026-02-27,10776,SIGNA,Signum,0.00101836,2168986.81755251,12803.84,coinmarketcap_data_api_listings_historical
2026-02-27,32536,YAFA,Free Palestine,0.00223582,2168747.08486069,0.0,coinmarketcap_data_api_listings_historical
2026-02-27,11409,TAROT,Tarot,0.03198244,2165211.33939968,6314.16,coinmarketcap_data_api_listings_historical
2026-02-27,30193,BENJI,Basenji,0.00216346,2163457.64933942,206143.1,coinmarketcap_data_api_listings_historical
2026-02-27,38066,IWMon,iShares Russell 2000 Tokenized ETF (Ondo),261.71423438,2151519.57668875,750.42,coinmarketcap_data_api_listings_historical
2026-02-27,4809,WIKEN,Project WITH,0.00204306,2151396.33870427,30916.03,coinmarketcap_data_api_listings_historical
2026-02-27,31704,PIRATE,Pirate Nation,0.00400531,2143697.31992369,355487.21,coinmarketcap_data_api_listings_historical
2026-02-27,37529,RHEA,RHEA Finance,0.01070864,2141728.7708051,2577494.08,coinmarketcap_data_api_listings_historical
2026-02-27,15678,VOXEL,Voxies,0.00838762,2134536.58459825,1727861.25,coinmarketcap_data_api_listings_historical
2026-02-27,36866,LOT,League of Traders,0.00704678,2133607.42002303,1078819.36,coinmarketcap_data_api_listings_historical
2026-02-27,33488,KIMA,Kima Network,0.02073505,2130482.72049225,309201.82,coinmarketcap_data_api_listings_historical
2026-02-27,8992,CELL,Cellframe,0.07446607,2129667.52457521,347006.87,coinmarketcap_data_api_listings_historical
2026-02-27,18345,QORPO,QORPO WORLD,0.00340686,2126031.21034744,1467527.24,coinmarketcap_data_api_listings_historical
2026-02-27,6679,WHALE,WHALE,0.21245678,2124567.78964245,0.0,coinmarketcap_data_api_listings_historical
2026-02-27,21473,DIONE,Dione Protocol,0.00017775,2117312.52745716,82515.33,coinmarketcap_data_api_listings_historical
2026-02-27,33819,RUSSELL,Russell,0.00216821,2105300.47905978,628636.19,coinmarketcap_data_api_listings_historical
2026-02-27,38832,LITKEY,Lit Protocol,0.00955604,2102328.90696735,381332.05,coinmarketcap_data_api_listings_historical
2026-02-27,3974,BTC2,Bitcoin 2,0.1139929,2099533.91930969,10434.71,coinmarketcap_data_api_listings_historical
2026-02-27,10897,ALT,Alitas,0.00749515,2098641.55899753,187.87,coinmarketcap_data_api_listings_historical
2026-02-27,36849,USDUC,Unstable Coin (usduc.io),0.00209758,2097408.18343866,453021.64,coinmarketcap_data_api_listings_historical
2026-02-27,14345,BOTTO,Botto,0.04431652,2097265.14914421,61112.34,coinmarketcap_data_api_listings_historical
2026-02-27,31094,PNIC,Phoenic,0.00821393,2089353.52473323,117270.6,coinmarketcap_data_api_listings_historical
2026-02-27,32035,MLC,My Lovely Planet,0.02108274,2088999.7515943,111649.81,coinmarketcap_data_api_listings_historical
2026-02-27,39203,ESIM,Depinsim,0.01544511,2077366.9079731,1563529.4,coinmarketcap_data_api_listings_historical
2026-02-27,39577,XBTC,OKX Wrapped BTC,65845.53272072,2073282.16378701,380413.06,coinmarketcap_data_api_listings_historical
2026-02-27,38002,NVOon,Novo Nordisk Tokenized Stock (Ondo),37.42211511,2071478.30106423,714529.34,coinmarketcap_data_api_listings_historical
2026-02-27,38840,LUX,Luxxcoin,0.00090454,2070751.58020507,3274169.09,coinmarketcap_data_api_listings_historical
2026-02-27,14446,LQR,Laqira Protocol,0.02333185,2067760.52551522,308351.31,coinmarketcap_data_api_listings_historical
2026-02-27,38507,GG,Knockout Games,0.00206292,2062922.16209209,0.0,coinmarketcap_data_api_listings_historical
2026-02-27,35966,GMON,Magma,0.02129885,2046912.46468978,258.92,coinmarketcap_data_api_listings_historical
2026-02-27,1556,TIME,Chrono.tech,2.88247505,2046883.00556893,107865.77,coinmarketcap_data_api_listings_historical
2026-02-27,36169,DEURO,Decentralized Euro,1.19716846,2043172.29314331,57.94,coinmarketcap_data_api_listings_historical
2026-02-27,34158,VERTAI,Vertical AI,0.02041353,2041352.52180072,142892.41,coinmarketcap_data_api_listings_historical
2026-02-27,39089,BTX,BeatSwap,0.00906581,2037588.06972516,592395.0,coinmarketcap_data_api_listings_historical
2026-02-27,28817,AKI,Aki Network,0.00100603,2012056.07642642,44925.81,coinmarketcap_data_api_listings_historical
2026-02-27,38070,CSCOon,Cisco Systems Tokenized Stock (Ondo),79.71601706,1995251.28746213,1558351.29,coinmarketcap_data_api_listings_historical
2026-02-27,11750,BUY,Buying.com,0.00601238,1994844.0402621,31693.81,coinmarketcap_data_api_listings_historical
2026-02-27,7960,vXVS,Venus XVS,0.05964354,1994354.10289023,0.0,coinmarketcap_data_api_listings_historical
2026-02-27,35396,PBTC,Purple Bitcoin,0.10321554,1993315.91647981,66294.58,coinmarketcap_data_api_listings_historical
2026-02-27,37386,TAKER,Taker,0.01167825,1985302.1677255,1901822.32,coinmarketcap_data_api_listings_historical
2026-02-27,35669,CAR,Central African Republic Meme,0.00199039,1982351.89805768,116511.14,coinmarketcap_data_api_listings_historical
2026-02-27,15736,LUCA,LUCA,0.28289899,1962750.01111773,81671.23,coinmarketcap_data_api_listings_historical
2026-02-27,35395,SPCM,SPACEM WORLD,0.0002115,1956116.2807341,188348.63,coinmarketcap_data_api_listings_historical
2026-02-27,38055,SBUXon,Starbucks Tokenized Stock (Ondo),98.68290801,1948231.12922574,1572214.55,coinmarketcap_data_api_listings_historical
2026-02-27,39601,LOBSTAR,Lobstar,0.00194717,1947164.48591138,4680182.54,coinmarketcap_data_api_listings_historical
2026-02-27,39465,一,一 (USD1_ONE),0.0019462,1946198.15392137,18.7,coinmarketcap_data_api_listings_historical
2026-02-27,3816,VRA,Verasity,2.088e-05,1943235.53000018,523844.44,coinmarketcap_data_api_listings_historical
2026-02-27,37999,PBRon,Petrobras Tokenized Stock (Ondo),16.59396961,1938571.04013989,782340.5,coinmarketcap_data_api_listings_historical
2026-02-27,31668,BILLY,Billy (Bitcoin),0.00193855,1938548.00902945,12399.26,coinmarketcap_data_api_listings_historical
2026-02-27,36393,BOOP,Boop,0.00619411,1937885.96053803,120426.38,coinmarketcap_data_api_listings_historical
2026-02-27,5079,APM,apM Coin,0.00106704,1934003.24325829,0.0,coinmarketcap_data_api_listings_historical
2026-02-27,36977,NODE,NodeOps,0.01449734,1933811.74398315,5431824.92,coinmarketcap_data_api_listings_historical
2026-02-27,28559,BCUT,bitsCrunch,0.00318831,1925038.12452779,246614.72,coinmarketcap_data_api_listings_historical
2026-02-27,36696,PEPU,Pepe Unchained (New),0.00018222,1923706.10640082,249350.06,coinmarketcap_data_api_listings_historical
2026-02-27,37627,MOMO,Momo (momocoin.info),0.00192976,1919385.94083566,891499.39,coinmarketcap_data_api_listings_historical
2026-02-27,25224,KARATE,Karate Combat,2.861e-05,1906612.52527736,129.88,coinmarketcap_data_api_listings_historical
2026-02-27,22985,IMPT,IMPT,0.00134822,1905206.99437822,218663.83,coinmarketcap_data_api_listings_historical
2026-02-27,36390,gork,New XAI gork,0.00190482,1904811.88098195,2835944.63,coinmarketcap_data_api_listings_historical
2026-02-27,36101,QUQ,Quq,0.00189511,1895107.38378491,248903580.08,coinmarketcap_data_api_listings_historical
2026-02-27,25419,HGPT,HyperGPT,0.00223674,1893256.79538843,496841.24,coinmarketcap_data_api_listings_historical
2026-02-27,22866,RXD,Radiant,9.296e-05,1881056.66530557,109178.14,coinmarketcap_data_api_listings_historical
2026-02-27,38100,MIBNB,Mitosis EOL BNB,611.43593392,1875333.71849707,0.0,coinmarketcap_data_api_listings_historical
2026-02-27,30934,SKR,Saakuru Protocol,0.00221854,1868413.02874765,22.18,coinmarketcap_data_api_listings_historical
2026-02-27,38030,BLKon,"Blackrock, Inc. Tokenized Stock (Ondo)",1068.15280099,1867057.13945622,515910.62,coinmarketcap_data_api_listings_historical
2026-02-27,10409,OPUL,Opulous,0.00401808,1862862.6639876,312314.49,coinmarketcap_data_api_listings_historical
2026-02-27,38018,IBMon,IBM Tokenized Stock (Ondo),242.96282759,1857800.43508141,907035.31,coinmarketcap_data_api_listings_historical
2026-02-27,2643,P2P,Sentinel,5.473e-05,1851071.40148953,14281.85,coinmarketcap_data_api_listings_historical
2026-02-27,2090,LA,LATOKEN,0.00486987,1851064.82751455,68.34,coinmarketcap_data_api_listings_historical
2026-02-27,8525,RAI,Rai Reflex Index,3.29922348,1846054.09530812,11786.86,coinmarketcap_data_api_listings_historical
2026-02-27,34610,MONKY,Wise Monkey,2.2e-07,1841498.4286855,174847.83,coinmarketcap_data_api_listings_historical
2026-02-27,26836,OCICAT,OciCat,1e-08,1841389.15950643,6092.26,coinmarketcap_data_api_listings_historical
2026-02-27,4710,CERE,Cere Network,0.00026526,1840913.20934124,95456.32,coinmarketcap_data_api_listings_historical
2026-02-27,39368,WSOMI,Wrapped Somnia,0.20994911,1838129.90712125,128.28,coinmarketcap_data_api_listings_historical
2026-02-27,1447,ZCL,ZClassic,0.19760392,1835152.37945683,0.0,coinmarketcap_data_api_listings_historical
2026-02-27,33154,Blum,Blum,0.01062535,1829843.6574331,6331805.39,coinmarketcap_data_api_listings_historical
2026-02-27,33320,PUPS,Pups (Bitcoin),0.0018888,1829204.78252048,7057.64,coinmarketcap_data_api_listings_historical
2026-02-27,31006,MERY,Mistery On Cro,4.44e-06,1821248.64910214,39.77,coinmarketcap_data_api_listings_historical
2026-02-27,30591,FOXY,Foxy,0.00030844,1806813.04145487,389260.3,coinmarketcap_data_api_listings_historical
2026-02-27,15137,NAP,Napoli Fan Token,0.33332028,1806791.25424817,112255.53,coinmarketcap_data_api_listings_historical
2026-02-27,24143,RENEC,RENEC,0.05027092,1804474.84085114,0.0,coinmarketcap_data_api_listings_historical
2026-02-27,7637,TRA,Trabzonspor Fan Token,0.23225392,1804148.43551578,493249.93,coinmarketcap_data_api_listings_historical
2026-02-27,9286,LEASH,Doge Killer,1.7e-07,1803994.75472764,5142.57,coinmarketcap_data_api_listings_historical
2026-02-27,12148,SWASH,Swash,0.00180981,1800691.39066967,9312.81,coinmarketcap_data_api_listings_historical
2026-02-27,11198,GOAL,TOPGOAL,0.00331032,1799986.06476257,0.0,coinmarketcap_data_api_listings_historical
2026-02-27,2316,DBC,DeepBrain Chain,0.00032997,1791368.97310908,18450.52,coinmarketcap_data_api_listings_historical
2026-02-27,9721,SAMO,Samoyedcoin,0.00048803,1784774.22124444,73501.65,coinmarketcap_data_api_listings_historical
2026-02-27,38550,PIPE,Pipe Network,0.01783725,1783725.35942231,360449.5,coinmarketcap_data_api_listings_historical
2026-02-27,33697,TRUF,TRUF.Network,0.00360693,1768030.96792948,242159.79,coinmarketcap_data_api_listings_historical
2026-02-27,42,XPM,Primecoin,0.03095697,1767194.285404,99.37,coinmarketcap_data_api_listings_historical
2026-02-27,33011,NYA,Nya,5e-08,1766338.73380028,2631.22,coinmarketcap_data_api_listings_historical
2026-02-27,8438,HOGE,Hoge Finance,4.48e-06,1763427.58196018,0.0,coinmarketcap_data_api_listings_historical
2026-02-27,10949,BXX,Baanx,0.00711229,1758264.09902126,1877.45,coinmarketcap_data_api_listings_historical
2026-02-27,32943,VISTA,Ethervista,1.86937306,1757636.6487992,240935.0,coinmarketcap_data_api_listings_historical
2026-02-27,24477,AIDOGE,ArbDoge AI,0.0,1757636.53228809,3563226.17,coinmarketcap_data_api_listings_historical
2026-02-27,39213,BC2,BitcoinII,0.66851518,1755420.59093927,14223.34,coinmarketcap_data_api_listings_historical
2026-02-27,23037,HIFI,Hifi Finance,0.012352,1753769.44486191,122150.48,coinmarketcap_data_api_listings_historical
2026-02-27,30751,OGPU,OpenGPU,0.08903352,1748538.62987046,155349.36,coinmarketcap_data_api_listings_historical
2026-02-27,23751,ARTY,Artyfact,0.08937302,1741006.71533168,1703717.75,coinmarketcap_data_api_listings_historical
2026-02-27,35560,LC,LC SHIB,0.00184245,1740564.53271462,234186.97,coinmarketcap_data_api_listings_historical
2026-02-27,7105,ASK,Permission Coin,0.00010728,1734375.63978086,9127.39,coinmarketcap_data_api_listings_historical
2026-02-27,18624,AZIT,Azit,0.00424611,1731853.71606422,209079.26,coinmarketcap_data_api_listings_historical
2026-02-27,8144,OVR,OVR,0.03395344,1731444.70349922,172762.37,coinmarketcap_data_api_listings_historical
2026-02-27,4747,VLX,Velas,0.000626,1730457.32172418,253.36,coinmarketcap_data_api_listings_historical
2026-02-27,31921,RETARDIO,RETARDIO,0.00177006,1726994.77350727,766818.72,coinmarketcap_data_api_listings_historical
2026-02-27,31440,WLTH,WLTH,0.0018961,1724799.9321135,199072.17,coinmarketcap_data_api_listings_historical
2026-02-27,19856,CAT,CatCoin,0.0,1719249.85,1198316.98,coinmarketcap_data_api_listings_historical
2026-02-27,26497,CLORE,Clore.ai,0.00269976,1716278.65321285,1625801.92,coinmarketcap_data_api_listings_historical
2026-02-27,7150,FLM,Flamingo,0.0030259,1714033.42865321,216539.16,coinmarketcap_data_api_listings_historical
2026-02-27,34082,WELF,WELF,0.13539136,1713700.66195535,48147.89,coinmarketcap_data_api_listings_historical
2026-02-27,12240,MARS4,MARS4,0.00068943,1711910.54534814,199049.53,coinmarketcap_data_api_listings_historical
2026-02-27,35007,METAV,METAVERSE,0.00170724,1707240.87872868,305936.78,coinmarketcap_data_api_listings_historical
2026-02-27,4116,TKP,TOKPIE,0.0594017,1705664.13508321,0.0,coinmarketcap_data_api_listings_historical
2026-02-27,7692,EXRD,e-Radix,0.0024333,1700088.06386503,0.0,coinmarketcap_data_api_listings_historical
2026-02-27,36135,ARIO,AR.IO Network,0.00295269,1698277.80475112,9575.36,coinmarketcap_data_api_listings_historical
2026-02-27,26863,3ULL,PLAYA3ULL GAMES,0.00011688,1693217.24453275,310496.47,coinmarketcap_data_api_listings_historical
2026-02-27,36535,MIA,MIA,0.01456428,1691316.96649029,388.91,coinmarketcap_data_api_listings_historical
2026-02-27,8620,TOWER,TOWER,0.00027698,1683477.20341885,687470.21,coinmarketcap_data_api_listings_historical
2026-02-27,37702,PVT,Punkvism,0.00080438,1665042.21166392,163613.72,coinmarketcap_data_api_listings_historical
2026-02-27,4424,XDAG,XDAG,0.00129699,1661965.65308293,311089.08,coinmarketcap_data_api_listings_historical
2026-02-27,4890,NWC,Numerico,0.01099853,1654188.27522532,0.91,coinmarketcap_data_api_listings_historical
2026-02-27,15463,SIDUS,SIDUS,9.754e-05,1653975.63039351,99181.22,coinmarketcap_data_api_listings_historical
2026-02-27,1786,SNC,SunContract,0.02339594,1652615.85044113,282625.8,coinmarketcap_data_api_listings_historical
2026-02-27,5748,MTA,mStable Governance Token: Meta (MTA),0.02976986,1649748.50040478,6.18,coinmarketcap_data_api_listings_historical
2026-02-27,38234,XL1,XL1,0.00028707,1647545.26363724,945351.19,coinmarketcap_data_api_listings_historical
2026-02-27,38005,LINon,Linde plc Tokenized Stock (Ondo),506.25649273,1645261.82762666,844545.59,coinmarketcap_data_api_listings_historical
2026-02-27,31196,STORM,Storm Trade,0.00635741,1641667.22221097,148943.11,coinmarketcap_data_api_listings_historical
2026-02-27,36356,HOUSE,Housecoin,0.00163991,1637602.74472367,3437862.96,coinmarketcap_data_api_listings_historical
2026-02-27,11976,AZERO,Aleph Zero,0.00612107,1632972.34806729,154413.83,coinmarketcap_data_api_listings_historical
2026-02-27,6951,REEF,Reef,7.758e-05,1630492.06439121,1280025.62,coinmarketcap_data_api_listings_historical
2026-02-27,28395,CAGA,Crypto Asset Governance Alliance,2.649e-05,1628756.54235522,8802.77,coinmarketcap_data_api_listings_historical
2026-02-27,16711,GTAI,GT Protocol,0.02453152,1627058.53187692,292511.67,coinmarketcap_data_api_listings_historical
2026-02-27,39525,ELON,Echelon (EchelonMarket),0.12047931,1626470.66654802,921154.59,coinmarketcap_data_api_listings_historical
2026-02-27,38085,GEon,General Electric Tokenized Stock (Ondo),342.39177949,1624513.68298482,805778.74,coinmarketcap_data_api_listings_historical
2026-02-27,5957,YFII,DFI.Money,42.06089918,1623382.46487508,86010.37,coinmarketcap_data_api_listings_historical
2026-02-27,27872,TRUMP,MAGA (magamemecoin.com),0.03686474,1621950.92026271,39510.02,coinmarketcap_data_api_listings_historical
2026-02-27,31688,DOPU,DOPU The Dog with A Purpose,0.00201966,1616083.47899774,238117.53,coinmarketcap_data_api_listings_historical
2026-02-27,12814,DESU,Dexsport,0.00826081,1616077.4816688,1458.73,coinmarketcap_data_api_listings_historical
2026-02-27,12121,EVDC,EVDC Network,2.551e-05,1613209.21145371,479788.24,coinmarketcap_data_api_listings_historical
2026-02-27,24532,BIDZ,BIDZ Coin,0.00189558,1611241.54332362,0.0,coinmarketcap_data_api_listings_historical
2026-02-27,30859,HOPPY,Hoppy,3.83e-06,1610354.02243582,484705.13,coinmarketcap_data_api_listings_historical
2026-02-27,31051,LOBO,LOBO•THE•WOLF•PUP (Bitcoin),9.169e-05,1604971.07262674,149266.66,coinmarketcap_data_api_listings_historical
2026-02-27,14534,PSP,ParaSwap,0.00215107,1602500.72951885,134.11,coinmarketcap_data_api_listings_historical
2026-02-27,2447,CRPT,Crypterium,0.01692131,1601740.30615477,0.0,coinmarketcap_data_api_listings_historical
2026-02-27,33695,KING,King Protocol,189.9655388,1598020.67023803,512.44,coinmarketcap_data_api_listings_historical
2026-02-27,31259,FOXSY,Foxsy AI,0.00178226,1597903.7143245,324146.91,coinmarketcap_data_api_listings_historical
2026-02-27,38854,VOOI,VOOI,0.00654301,1597875.12151465,1665691.47,coinmarketcap_data_api_listings_historical
2026-02-27,30584,BASEDAI,BasedAI,0.04586546,1586918.1472713,7924.8,coinmarketcap_data_api_listings_historical
2026-02-27,34648,VADER,Vader,0.00158855,1583373.47918038,220991.74,coinmarketcap_data_api_listings_historical
2026-02-27,35767,LIBRA,LIBRA,0.00526231,1578624.34966172,27.28,coinmarketcap_data_api_listings_historical
2026-02-27,28664,BYTE,Byte,1.64e-06,1577572.19049583,220872.57,coinmarketcap_data_api_listings_historical
2026-02-27,37522,URANUS,Uranus,0.01573205,1573142.20963429,668691.04,coinmarketcap_data_api_listings_historical
2026-02-27,34109,HAROLD,Harold,0.00199705,1571691.04885499,24477.82,coinmarketcap_data_api_listings_historical
2026-02-27,38006,ABTon,Abbott Tokenized Stock (Ondo),117.14587182,1570303.37875945,1822057.86,coinmarketcap_data_api_listings_historical
2026-02-27,2588,LOOM,Loom Network,0.0012631,1569929.13942774,0.0,coinmarketcap_data_api_listings_historical
2026-02-27,15142,KATA,Katana Inu,4.2e-05,1566608.68290377,24979.58,coinmarketcap_data_api_listings_historical
2026-02-27,9760,STOS,Stratos,0.04035572,1565837.0170709,132828.91,coinmarketcap_data_api_listings_historical
2026-02-27,13255,REAL,Defactor,0.00523805,1562961.98962705,30119.78,coinmarketcap_data_api_listings_historical
2026-02-27,4003,ZNN,Zenon,0.24687173,1562883.33165932,0.0,coinmarketcap_data_api_listings_historical
2026-02-27,16675,CTP,Ctomorrow Platform,0.00095569,1558367.36648064,153683.99,coinmarketcap_data_api_listings_historical
2026-02-27,3799,SAFE,SafeCoin,0.05597988,1552605.50970618,4.25,coinmarketcap_data_api_listings_historical
2026-02-27,38047,EQIXon,Equinix Tokenized Stock (Ondo),965.38631219,1551703.408201,0.0,coinmarketcap_data_api_listings_historical
2026-02-27,7664,UNCX,UNCX Network,32.99529168,1538979.5554529,12420.57,coinmarketcap_data_api_listings_historical
2026-02-27,3089,AVINOC,AVINOC,0.0039467,1536229.21305193,7.04,coinmarketcap_data_api_listings_historical
2026-02-27,26217,FNCT,Financie Token,0.0004073,1534977.90575318,83332.14,coinmarketcap_data_api_listings_historical
2026-02-27,19736,SHI,Shina Inu,1.3e-07,1528948.81409066,41395.84,coinmarketcap_data_api_listings_historical
2026-02-27,38145,LUMINT,Lumint,0.02762814,1520510.08995832,189118.04,coinmarketcap_data_api_listings_historical
2026-02-27,38551,CYPR,Cypher,0.01602439,1519654.90053722,779209.68,coinmarketcap_data_api_listings_historical
2026-02-27,38062,AVGOon,Broadcom Tokenized Stock (Ondo),317.5906903,1516481.7166211,1214706.25,coinmarketcap_data_api_listings_historical
2026-02-27,6865,CRP,Crypton,0.1441962,1513952.24832048,184737.91,coinmarketcap_data_api_listings_historical
2026-02-27,26556,EQB,Equilibria Finance,0.0447367,1513098.90547783,0.0,coinmarketcap_data_api_listings_historical
2026-02-27,2058,AST,AirSwap,0.00866613,1512063.11916612,33574.08,coinmarketcap_data_api_listings_historical
2026-02-27,39126,BEB1M,BeB,0.00150996,1509542.74353621,46060.41,coinmarketcap_data_api_listings_historical
2026-02-27,36053,KILO,KiloEx,0.00707528,1497835.81086056,250008.79,coinmarketcap_data_api_listings_historical
2026-02-27,38010,PYPLon,PayPal Tokenized Stock (Ondo),46.19277667,1493621.77576577,764275.47,coinmarketcap_data_api_listings_historical
2026-02-27,8705,BNC,Bifrost,0.03857064,1492848.139087,695612.3,coinmarketcap_data_api_listings_historical
2026-02-27,7974,vBCH,Venus BCH,9.65812663,1491137.48660157,0.0,coinmarketcap_data_api_listings_historical
2026-02-27,90,DIME,Dimecoin,3.11e-06,1485799.24741609,291.49,coinmarketcap_data_api_listings_historical
2026-02-27,8245,HYDRA,Hydra,0.04926978,1478777.84404154,108500.18,coinmarketcap_data_api_listings_historical
2026-02-27,9176,RVF,RocketX exchange,0.01578106,1478547.94311422,11018.1,coinmarketcap_data_api_listings_historical
2026-02-27,22391,MGP,Magpie,0.00260035,1476925.6094769,1890.95,coinmarketcap_data_api_listings_historical
2026-02-27,32498,SIGMA,SIGMA,0.0016401,1475846.53797378,1197440.86,coinmarketcap_data_api_listings_historical
2026-02-27,25101,SCS,Solcasino Token,0.00120103,1473599.11929239,5312.1,coinmarketcap_data_api_listings_historical
2026-02-27,38357,AA,ARAI,0.00999684,1473010.85775293,439704.93,coinmarketcap_data_api_listings_historical
2026-02-27,38071,BIDUon,Baidu Tokenized Stock (Ondo),124.35214784,1466449.53129578,682837.97,coinmarketcap_data_api_listings_historical
2026-02-27,35734,CaptainBNB,CaptainBNB,0.0016762,1466263.60107003,167303.75,coinmarketcap_data_api_listings_historical
2026-02-27,36710,KORI,Kori The Pom,0.00146562,1465617.65732744,878647.89,coinmarketcap_data_api_listings_historical
2026-02-27,10821,STARL,Starlink,1.5e-07,1462259.67618711,19404.99,coinmarketcap_data_api_listings_historical
2026-02-27,2827,SOUL,Phantasma,0.01176459,1460328.65966616,98250.07,coinmarketcap_data_api_listings_historical
2026-02-27,38614,客服小何,客服小何,0.00145641,1456408.31051136,439707.7,coinmarketcap_data_api_listings_historical
2026-02-27,9029,GLQ,Graphlinq Chain,0.0042499,1444965.51751983,129579.35,coinmarketcap_data_api_listings_historical
2026-02-27,31606,RYU,RyuJin,0.0,1442589.25028446,2748.77,coinmarketcap_data_api_listings_historical
2026-02-27,38918,67,The Official 67 Coin,0.00144302,1442557.4283375,1192406.5,coinmarketcap_data_api_listings_historical
2026-02-27,38315,POP,Zypher Network,0.00060331,1440396.01254839,482903.51,coinmarketcap_data_api_listings_historical
2026-02-27,36123,GM,GOMBLE,0.00511576,1437695.56636202,134238.16,coinmarketcap_data_api_listings_historical
2026-02-27,39371,WKROWN,Wrapped Krown,0.00151094,1437638.64398506,333507.71,coinmarketcap_data_api_listings_historical
2026-02-27,39194,JINDO,JINDOGE,0.00143679,1436792.24049085,19914.56,coinmarketcap_data_api_listings_historical
2026-02-27,35672,USDN,SMARDEX USDN,0.99886013,1435348.20864205,2795.77,coinmarketcap_data_api_listings_historical
2026-02-27,5326,ORC,Orbit Chain,0.00206971,1430089.89623089,0.0,coinmarketcap_data_api_listings_historical
2026-02-27,37695,ANDURIL,Anduril tokenized stock (PreStocks),124.88195201,1429874.00086024,478932.34,coinmarketcap_data_api_listings_historical
2026-02-27,35082,WCO,W Coin,0.00021894,1426606.25387707,79063.6,coinmarketcap_data_api_listings_historical
2026-02-27,26198,BDXN,BONDEX,0.00891515,1426424.16659464,1199688.21,coinmarketcap_data_api_listings_historical
2026-02-27,36632,CRYPTO,Cryptocurrency Coin,0.00142513,1425100.92379851,26066.53,coinmarketcap_data_api_listings_historical
2026-02-27,37038,LLYX,Eli Lilly tokenized stock (xStock),1073.78491761,1424912.56987795,75765.36,coinmarketcap_data_api_listings_historical
2026-02-27,14339,CPH,Cypherium,0.00370797,1419971.47347562,53792.24,coinmarketcap_data_api_listings_historical
2026-02-27,34377,SERAPH,Seraph,0.00444134,1414749.13834928,770285.96,coinmarketcap_data_api_listings_historical
2026-02-27,38762,1,1 coin can change your life,0.00141204,1411846.94280678,296793.31,coinmarketcap_data_api_listings_historical
2026-02-27,38089,MRVLon,Marvell Technology Tokenized Stock (Ondo),81.13980478,1411246.00254238,761507.1,coinmarketcap_data_api_listings_historical
2026-02-27,2998,VEX,Vexanium,0.00190898,1400511.5834152,67793.42,coinmarketcap_data_api_listings_historical
2026-02-27,5125,MCM,Mochimo,0.04999959,1400028.49598035,113.85,coinmarketcap_data_api_listings_historical
2026-02-27,9103,GMEE,GAMEE,0.00079301,1399112.26659087,323831.55,coinmarketcap_data_api_listings_historical
2026-02-27,31493,MOEW,donotfomoew,0.00022543,1397670.27191819,369406.94,coinmarketcap_data_api_listings_historical
2026-02-27,38032,NFLXon,Netflix Tokenized Stock (Ondo),954.3497586,1392478.82225563,2920433.15,coinmarketcap_data_api_listings_historical
2026-02-27,9212,CUMMIES,CumRocket,0.00105417,1391951.63801674,9458.6,coinmarketcap_data_api_listings_historical
2026-02-27,10465,TRADE,Polytrade,0.03347792,1382265.60450506,153746.65,coinmarketcap_data_api_listings_historical
2026-02-27,3826,TOP,TOP AI Network,9.58e-05,1379564.49699667,19.89,coinmarketcap_data_api_listings_historical
2026-02-27,28610,INSP,Inspect,0.00172397,1376360.32534475,256204.39,coinmarketcap_data_api_listings_historical
2026-02-27,1654,BTX,BitCore,0.06914925,1374816.24570293,0.0,coinmarketcap_data_api_listings_historical
2026-02-27,8357,BITCI,Bitcicoin,0.0001779,1371402.74952503,0.0,coinmarketcap_data_api_listings_historical
2026-02-27,33595,SHOGGOTH,Shoggoth (shoggoth.monster),0.00137061,1370614.24971208,518281.35,coinmarketcap_data_api_listings_historical
2026-02-27,10562,SQT,SubQuery Network,0.00037836,1370461.89937031,86680.64,coinmarketcap_data_api_listings_historical
2026-02-27,3218,NRG,Energi,0.01356787,1367404.71006708,22665.59,coinmarketcap_data_api_listings_historical
2026-02-27,34512,CLEAR,Everclear,0.00191377,1360767.45357656,23380.93,coinmarketcap_data_api_listings_historical
2026-02-27,1866,BTM,BytomDAO,0.00087619,1358212.19716786,0.0,coinmarketcap_data_api_listings_historical
2026-02-27,34271,RIZZMAS,Rizzmas,2.73e-06,1355886.17134283,595761.11,coinmarketcap_data_api_listings_historical
2026-02-27,6187,SRM,Serum,0.00512564,1349296.53424094,81310.66,coinmarketcap_data_api_listings_historical
2026-02-27,17610,WAMPL,Wrapped Ampleforth,0.92637073,1345564.42121628,24496.52,coinmarketcap_data_api_listings_historical
2026-02-27,29212,MCN,MCN,0.11211372,1345364.65315354,108449.56,coinmarketcap_data_api_listings_historical
2026-02-27,37671,OPENAI,OpenAI tokenized stock (PreStocks),1172.60859819,1344894.63676049,2601945.16,coinmarketcap_data_api_listings_historical
2026-02-27,38091,BAon,Boeing Tokenized Stock (Ondo),227.30231897,1341874.02741134,1035908.07,coinmarketcap_data_api_listings_historical
2026-02-27,32223,LEDGER,Ledger AI,0.00069902,1341712.87484454,6921.69,coinmarketcap_data_api_listings_historical
2026-02-27,21122,KLEVA,KLEVA Protocol,0.01945786,1341026.97054322,356.09,coinmarketcap_data_api_listings_historical
2026-02-27,3703,ADM,ADAMANT Messenger,0.01213125,1338936.23652622,106029.35,coinmarketcap_data_api_listings_historical
2026-02-27,34687,STREAM,Streamflow,0.0082347,1335073.63819543,112487.63,coinmarketcap_data_api_listings_historical
2026-02-27,12515,GRACY,Gracy,0.00701389,1332638.88888036,12593.19,coinmarketcap_data_api_listings_historical
2026-02-27,16817,WEGLD,Wrapped EGLD,4.43693479,1331080.43721333,392697.37,coinmarketcap_data_api_listings_historical
2026-02-27,2530,FSN,Fusion,0.01699928,1329934.16746939,5529.17,coinmarketcap_data_api_listings_historical
2026-02-27,36963,YURU,YURU COIN,0.17605552,1328604.95325591,192540.06,coinmarketcap_data_api_listings_historical
2026-02-27,38523,STRIKE,StrikeBit AI,0.00632094,1326764.39722492,181846.42,coinmarketcap_data_api_listings_historical
2026-02-27,21471,SSLX,StarSlax,0.00052975,1325241.87967425,198043.28,coinmarketcap_data_api_listings_historical
2026-02-27,30097,FLT,Fluence,0.00511347,1324488.36861812,104152.35,coinmarketcap_data_api_listings_historical
2026-02-27,36738,MAIV,Multi Asset Investment Vehicle,0.00078932,1321297.95360753,28.25,coinmarketcap_data_api_listings_historical
2026-02-27,32217,AARK,Aark,0.00247947,1310957.16478213,53819.24,coinmarketcap_data_api_listings_historical
2026-02-27,13636,GMCOIN,GMCoin,0.03176836,1308331.52810188,4494.63,coinmarketcap_data_api_listings_historical
2026-02-27,4758,DF,dForce,0.0013054,1305308.17520873,189482.8,coinmarketcap_data_api_listings_historical
2026-02-27,13914,OBT,OBT,0.00130431,1304310.14889313,60357.1,coinmarketcap_data_api_listings_historical
2026-02-27,20789,TSUKA,Dejitaru Tsuka,0.00130099,1300988.06556786,55320.74,coinmarketcap_data_api_listings_historical
2026-02-27,37021,AVGOX,Broadcom tokenized stock (xStock),320.74170197,1299003.8929766,1002791.05,coinmarketcap_data_api_listings_historical
2026-02-27,3142,BAAS,BaaSid,0.00012971,1297119.22048965,43510.99,coinmarketcap_data_api_listings_historical
2026-02-27,37034,CMCSAX,Comcast tokenized stock (xStock),32.90039775,1296275.67118208,632673.29,coinmarketcap_data_api_listings_historical
2026-02-27,27789,BASE,BASE,1.39e-06,1296214.31044509,4058.95,coinmarketcap_data_api_listings_historical
2026-02-27,22320,HELLO,HELLO Labs,0.00177029,1295111.25484062,209895.56,coinmarketcap_data_api_listings_historical
2026-02-27,9900,HODL,HODL,0.00014427,1291850.14479606,33627.43,coinmarketcap_data_api_listings_historical
2026-02-27,36962,CYC,Cycle Network,0.0083928,1289972.78336265,6528.84,coinmarketcap_data_api_listings_historical
2026-02-27,10746,BSW,Biswap,0.00187913,1289684.76831569,94767.49,coinmarketcap_data_api_listings_historical
2026-02-27,27369,U2U,U2U Network,0.00084447,1288672.28448555,229721.71,coinmarketcap_data_api_listings_historical
2026-02-27,36853,U,U,0.00129429,1285682.16491366,2028532.69,coinmarketcap_data_api_listings_historical
2026-02-27,29516,AIKEK,Alphakek AI,0.00539027,1279215.99735972,1479.27,coinmarketcap_data_api_listings_historical
2026-02-27,38058,NKEon,Nike Tokenized Stock (Ondo),62.54638077,1278924.92068976,816659.78,coinmarketcap_data_api_listings_historical
2026-02-27,23365,XRPH,XRP Healthcare,0.01806645,1277455.70893791,47499.88,coinmarketcap_data_api_listings_historical
2026-02-27,38019,COSTon,Costco Tokenized Stock (Ondo),1008.16135489,1276057.62602495,949776.07,coinmarketcap_data_api_listings_historical
2026-02-27,8894,DPR,Deeper Network,0.00038522,1275425.15375966,49598.8,coinmarketcap_data_api_listings_historical
2026-02-27,35804,WEPE,Wall Street Pepe,6.38e-06,1275311.2728088,304246.77,coinmarketcap_data_api_listings_historical
2026-02-27,29505,TROLL,Troll (troll.run),0.0,1274798.52461682,143273.47,coinmarketcap_data_api_listings_historical
2026-02-27,8255,PROS,Prosper,0.02479603,1274387.30362843,71465.6,coinmarketcap_data_api_listings_historical
2026-02-27,11808,WNEAR,Wrapped Near,1.09380989,1265683.68908967,7215362.19,coinmarketcap_data_api_listings_historical
2026-02-27,2143,DATA,Streamr,0.0010003,1263479.25467021,170132.74,coinmarketcap_data_api_listings_historical
2026-02-27,12319,JEWEL,DeFi Kingdoms,0.01109434,1259623.38053867,0.0,coinmarketcap_data_api_listings_historical
2026-02-27,6283,BLY,Blocery,0.00124673,1246728.89719206,278086.08,coinmarketcap_data_api_listings_historical
2026-02-27,16500,SHIBDOGE,ShibaDoge,0.0,1246024.70670556,65.14,coinmarketcap_data_api_listings_historical
2026-02-27,20701,WEVER,Wrapped Everscale,0.00306165,1245502.19923069,268.29,coinmarketcap_data_api_listings_historical
2026-02-27,38318,SWTCH,Switchboard Protocol,0.00723989,1242411.60052904,4224946.94,coinmarketcap_data_api_listings_historical
2026-02-27,33340,LABUBU,LABUBU SOL,0.00124003,1237230.21999218,4162673.58,coinmarketcap_data_api_listings_historical
2026-02-27,27276,PEPE2.0,Pepe 2.0 (pepe20.vip),0.0,1236317.891816,68398.37,coinmarketcap_data_api_listings_historical
2026-02-27,38081,WFCon,Wells Fargo Tokenized Stock (Ondo),82.16622102,1233435.29623807,39444.67,coinmarketcap_data_api_listings_historical
2026-02-27,35433,SLC,Silencio,7.029e-05,1225048.23838563,88958.33,coinmarketcap_data_api_listings_historical
2026-02-27,6950,PERP,Perpetual Protocol,0.01847634,1219478.09814119,276923.32,coinmarketcap_data_api_listings_historical
2026-02-27,23262,AREA,Areum,0.01025992,1209242.53224308,2175.76,coinmarketcap_data_api_listings_historical
2026-02-27,37506,DELABS,Delabs Games,0.00160925,1207421.18405733,25625.03,coinmarketcap_data_api_listings_historical
2026-02-27,38538,P,PoP Planet,0.0086194,1206716.54105012,162937.99,coinmarketcap_data_api_listings_historical
2026-02-27,6193,CREAM,Cream Finance,0.64934394,1204960.92820802,0.0,coinmarketcap_data_api_listings_historical
2026-02-27,39562,SUP,Superfluid,0.01175936,1202223.7569782,102493.28,coinmarketcap_data_api_listings_historical
2026-02-27,36819,MASK,catwifmask,0.00120165,1201374.13322484,326011.69,coinmarketcap_data_api_listings_historical
2026-02-27,15257,RISE,EverRise,1.874e-05,1197409.68392431,0.37,coinmarketcap_data_api_listings_historical
2026-02-27,31985,KINIC,Kinic,0.41639876,1194489.81847287,50376.73,coinmarketcap_data_api_listings_historical
2026-02-27,1814,MRX,Metrix Coin,7.056e-05,1193081.41259062,72.91,coinmarketcap_data_api_listings_historical
2026-02-27,19709,GHUB,GemHUB,0.00886119,1187561.49082236,376033.48,coinmarketcap_data_api_listings_historical
2026-02-27,27993,WPOKT,Wrapped POKT,0.0141396,1186588.65150071,0.0,coinmarketcap_data_api_listings_historical
2026-02-27,35407,EMYC,E Money,0.00725169,1184881.97392413,269834.16,coinmarketcap_data_api_listings_historical
2026-02-27,38044,ABNBon,Airbnb Tokenized Stock (Ondo),133.72890588,1183163.1826074,907749.68,coinmarketcap_data_api_listings_historical
2026-02-27,5446,USDJ,USDJ,0.47266402,1180680.4485906,0.0,coinmarketcap_data_api_listings_historical
2026-02-27,36275,SUP,Superp,0.00548659,1179232.82735207,396660.08,coinmarketcap_data_api_listings_historical
2026-02-27,37556,TPTU,Trading and Payment Token,0.07823601,1173540.21259843,135388.24,coinmarketcap_data_api_listings_historical
2026-02-27,17334,JMPT,JMPT Rewards,0.61665786,1167943.82285734,7656.89,coinmarketcap_data_api_listings_historical
2026-02-27,35945,PWEASE,Pwease,0.00116513,1165045.29655742,271702.7,coinmarketcap_data_api_listings_historical
2026-02-27,37504,EURAU,AllUnity EUR,1.18112961,1164711.11612948,3778847.72,coinmarketcap_data_api_listings_historical
2026-02-27,38064,ACNon,Accenture Tokenized Stock (Ondo),209.06510496,1164142.07896198,2289495.29,coinmarketcap_data_api_listings_historical
2026-02-27,37063,PFEX,Pfizer tokenized stock (xStock),27.47,1156485.254782,257.75,coinmarketcap_data_api_listings_historical
2026-02-27,23681,WINR,WINR Protocol,0.00162158,1155802.64117464,4117.66,coinmarketcap_data_api_listings_historical
2026-02-27,30285,MUMU,Mumu the Bull (SOL),5e-07,1152919.69917621,319253.76,coinmarketcap_data_api_listings_historical
2026-02-27,21781,STRD,Stride,0.02836396,1147406.05288241,3558.78,coinmarketcap_data_api_listings_historical
2026-02-27,5338,CUBE,Somnium Space Cubes,0.0917593,1146991.26240837,74618.13,coinmarketcap_data_api_listings_historical
2026-02-27,31044,HEGE,Hege,0.00114715,1146984.79454027,107685.88,coinmarketcap_data_api_listings_historical
2026-02-27,31510,MOTHER,Mother Iggy,0.00116184,1145738.55139299,174716.93,coinmarketcap_data_api_listings_historical
2026-02-27,9741,SLIM,Solanium,0.01144145,1144144.99793431,132408.13,coinmarketcap_data_api_listings_historical
2026-02-27,38008,CMGon,Chipotle Tokenized Stock (Ondo),37.02638469,1132389.86691689,690536.31,coinmarketcap_data_api_listings_historical
2026-02-27,14304,GMM,Gamium,2.31e-05,1131030.67599519,9768.38,coinmarketcap_data_api_listings_historical
2026-02-27,38039,UNHon,UnitedHealth Tokenized Stock (Ondo),294.93671596,1129445.50584203,1772110.84,coinmarketcap_data_api_listings_historical
2026-02-27,35732,SFI,Singularity Finance,0.00723452,1124971.68197935,149239.83,coinmarketcap_data_api_listings_historical
2026-02-27,18688,stMATIC,Lido Staked Matic,0.12493176,1121638.15487246,2218.12,coinmarketcap_data_api_listings_historical
2026-02-27,26032,CAH,Moon Tropica,0.37350158,1117703.47479319,1312.05,coinmarketcap_data_api_listings_historical
2026-02-27,38009,ORCLon,Oracle Tokenized Stock (Ondo),145.12907354,1116867.33565324,1061150.81,coinmarketcap_data_api_listings_historical
2026-02-27,29203,LRDS,BLOCKLORDS,0.02700509,1114367.14276786,570447.37,coinmarketcap_data_api_listings_historical
2026-02-27,37989,EDENA,EDENA,0.14696741,1109347.48887437,171387.18,coinmarketcap_data_api_listings_historical
2026-02-27,10744,ZERC,zkRace,0.00921123,1105347.15229632,12468.57,coinmarketcap_data_api_listings_historical
2026-02-27,26732,IDRX,IDRX,5.958e-05,1104285.84814324,4528.76,coinmarketcap_data_api_listings_historical
2026-02-27,16185,DINGO,Dingocoin,9.56e-06,1100163.47551546,183663.19,coinmarketcap_data_api_listings_historical
2026-02-27,36225,DPINO,Darkpino,0.00110521,1096196.40237347,0.0,coinmarketcap_data_api_listings_historical
2026-02-27,38107,AOL,AOL (America Online),0.00109453,1093573.68062606,709618.62,coinmarketcap_data_api_listings_historical
2026-02-27,29693,ALVA,Alvara Protocol,0.01216361,1088688.41911399,131423.68,coinmarketcap_data_api_listings_historical
2026-02-27,2474,MAN,Matrix AI Network,0.00229884,1088251.23859452,96552.79,coinmarketcap_data_api_listings_historical
2026-02-27,7461,PDA,PlayDapp,0.00168959,1085100.07665015,68934.06,coinmarketcap_data_api_listings_historical
2026-02-27,38054,MAon,Mastercard Tokenized Stock (Ondo),517.44348512,1084076.62213762,2120931.0,coinmarketcap_data_api_listings_historical
2026-02-27,9111,PUSH,Push Protocol,0.01195258,1078559.05346116,408919.46,coinmarketcap_data_api_listings_historical
2026-02-27,31343,BRETT,Brett (ETH),0.01552451,1077711.17487068,90202.51,coinmarketcap_data_api_listings_historical
2026-02-27,36350,BTC.ℏ,Bitcoin.ℏ,0.39149616,1076865.38092264,5044.04,coinmarketcap_data_api_listings_historical
2026-02-27,38061,PANWon,Palo Alto Networks Tokenized Stock (Ondo),148.54144522,1074529.94806607,531202.29,coinmarketcap_data_api_listings_historical
2026-02-27,11308,FB,Fenerbahçe Token,0.49253232,1073720.45229409,4903426.85,coinmarketcap_data_api_listings_historical
2026-02-27,31163,SLOTH,Slothana,0.00063287,1072796.54401096,150124.81,coinmarketcap_data_api_listings_historical
2026-02-27,23917,VSC,Vyvo Coin,0.00113941,1072584.91766408,24456.69,coinmarketcap_data_api_listings_historical
2026-02-27,39632,MOLTID,MoltID,0.00107172,1071716.05223814,122279.67,coinmarketcap_data_api_listings_historical
2026-02-27,24591,SGT,Suzuverse,0.10657931,1071433.98469931,244202.46,coinmarketcap_data_api_listings_historical
2026-02-27,38038,GSon,Goldman Sachs Tokenized Stock (Ondo),862.85787959,1063948.2493063,1191230.01,coinmarketcap_data_api_listings_historical
2026-02-27,9194,SAITO,Saito,0.00053743,1063726.77567363,39467.59,coinmarketcap_data_api_listings_historical
2026-02-27,29633,GROW,ValleyDAO,0.10005337,1063097.09799516,0.0,coinmarketcap_data_api_listings_historical
2026-02-27,30734,ESX,EstateX,0.00111681,1059718.71164379,4449619.77,coinmarketcap_data_api_listings_historical
2026-02-27,1996,SALT,SALT,0.00881149,1057378.93078041,0.0,coinmarketcap_data_api_listings_historical
2026-02-27,33967,STOP,LETSTOP,0.01504248,1056028.99029286,272503.2,coinmarketcap_data_api_listings_historical
2026-02-27,22929,VERSE,Verse,2.314e-05,1054491.45922029,237.98,coinmarketcap_data_api_listings_historical
2026-02-27,33611,RWAINC,RWA Inc.,0.00214313,1053487.161193,194161.81,coinmarketcap_data_api_listings_historical
2026-02-27,12398,SNFT,Spain National Fan Token,0.04594636,1052331.17466994,74744.83,coinmarketcap_data_api_listings_historical
2026-02-27,2763,MNW,Morpheus.Network,0.02192223,1050013.85874178,9632.47,coinmarketcap_data_api_listings_historical
2026-02-27,22892,NAVI,Atlas Navi,0.0064792,1047730.52928102,149872.86,coinmarketcap_data_api_listings_historical
2026-02-27,38090,FUTUon,Futu Holdings Tokenized Stock (Ondo),148.39044144,1047295.42092177,994236.19,coinmarketcap_data_api_listings_historical
2026-02-27,3035,BST,Blocksquare Token,0.01702112,1046362.02058798,98151.79,coinmarketcap_data_api_listings_historical
2026-02-27,33892,HAPPY,Happy Cat,0.00031345,1044784.54877217,237917.84,coinmarketcap_data_api_listings_historical
2026-02-27,37682,XAI,xAI tokenized stock (PreStocks),95.35930334,1043833.76656375,11901.46,coinmarketcap_data_api_listings_historical
2026-02-27,35436,ALON,Alon,0.00104057,1038452.21985984,279714.92,coinmarketcap_data_api_listings_historical
2026-02-27,2572,BAX,BABB,1.244e-05,1034902.18399803,9806.43,coinmarketcap_data_api_listings_historical
2026-02-27,2245,PRE,Presearch,0.00260953,1034883.48235022,7133.36,coinmarketcap_data_api_listings_historical
2026-02-27,2398,KEY,SelfKey,0.00017183,1030953.03875126,5817.51,coinmarketcap_data_api_listings_historical
2026-02-27,19131,ATR,Artrade,0.00081365,1025286.78102663,359358.51,coinmarketcap_data_api_listings_historical
2026-02-27,36417,DONKEY,Donkey (DONKEY_BSC_MEME),0.00102424,1024237.66310598,3232937.84,coinmarketcap_data_api_listings_historical
2026-02-27,38222,MIDAS,Midas The Minotaur,0.00011493,1021634.47588496,29229.07,coinmarketcap_data_api_listings_historical
2026-02-27,37037,DFDVx,DFDV tokenized stock (xStock),3.60590182,1021185.82600778,648666.76,coinmarketcap_data_api_listings_historical
2026-02-27,23769,RJV,Rejuve.AI,0.0013181,1013708.94491724,37523.53,coinmarketcap_data_api_listings_historical
2026-02-27,38776,PENGO,Petro Penguins,0.00101306,1013056.64841936,10405.03,coinmarketcap_data_api_listings_historical
2026-02-27,28478,MOCHI,Mochi (New),1.08e-06,1012975.54017664,2628.91,coinmarketcap_data_api_listings_historical
2026-02-27,36969,END,END,0.00803574,1011032.63955302,0.0,coinmarketcap_data_api_listings_historical
2026-02-27,28910,CKETH,Chain-key Ethereum,1903.71775417,1008456.40591806,2307.67,coinmarketcap_data_api_listings_historical
2026-02-27,38775,COMMON,COMMON,0.0004305,1005852.59802308,1051014.98,coinmarketcap_data_api_listings_historical
2026-02-27,34872,$1,just buy $1 worth of this coin,0.00099814,997819.67626407,402680.84,coinmarketcap_data_api_listings_historical
2026-02-27,38004,HOODon,Robinhood Markets Tokenized Stock (Ondo),75.49946746,996867.35771444,1839000.05,coinmarketcap_data_api_listings_historical
2026-02-27,37030,JNJX,Johnson & Johnson tokenized stock (xStock),248.97,995879.44851153,106.5,coinmarketcap_data_api_listings_historical
2026-02-27,5777,RENBTC,renBTC,2999.47800877,989511.54536213,3.38,coinmarketcap_data_api_listings_historical
2026-02-27,7726,ICHI,ICHI,0.10532644,987906.41872211,49.38,coinmarketcap_data_api_listings_historical
2026-02-27,21704,CARR,Carnomaly,0.00056264,984618.97826406,34391.29,coinmarketcap_data_api_listings_historical
2026-02-27,35817,JYAI,Jerry The Turtle By Matt Furie,1.425e-05,983256.54469271,1976763.39,coinmarketcap_data_api_listings_historical
2026-02-27,35589,AINTI,AIntivirus,0.01062848,979357.24321618,80.63,coinmarketcap_data_api_listings_historical
2026-02-27,32832,BULL,Tron Bull,0.00102689,975833.13075374,0.0,coinmarketcap_data_api_listings_historical
2026-02-27,35687,JAILSTOOL,Stool Prisondente,0.00097496,974650.86953123,230348.4,coinmarketcap_data_api_listings_historical
2026-02-27,23410,WCFX,Wrapped Conflux,0.04837707,971136.63643023,34943.6,coinmarketcap_data_api_listings_historical
2026-02-27,29427,stTIA,Stride Staked TIA,0.36882104,968499.71480804,0.0,coinmarketcap_data_api_listings_historical
2026-02-27,17545,CPR,Cipher,0.00014972,968305.87282481,205477.5,coinmarketcap_data_api_listings_historical
2026-02-27,30683,WUF,WUFFI,1e-08,966356.65547182,0.0,coinmarketcap_data_api_listings_historical
2026-02-27,34386,AGRI,AgriDex,0.00337776,959284.96025744,11398.41,coinmarketcap_data_api_listings_historical
2026-02-27,38025,NOWon,ServiceNow Tokenized Stock (Ondo),539.33609327,957992.89510454,1018288.0,coinmarketcap_data_api_listings_historical
2026-02-27,38079,INTUon,Intuit Tokenized Stock (Ondo),410.45005237,952555.99771113,726863.4,coinmarketcap_data_api_listings_historical
2026-02-27,18795,KOMPETE,KOMPETE,0.00126654,951015.89431597,0.0,coinmarketcap_data_api_listings_historical
2026-02-27,8133,SKEY,Skey Network,0.00175439,949101.86036289,66955.53,coinmarketcap_data_api_listings_historical
2026-02-27,38052,JDon,JD.com Tokenized Stock (Ondo),26.5032199,941997.89195187,783282.15,coinmarketcap_data_api_listings_historical
2026-02-27,34203,SLAP,CatSlap,0.00021488,939255.51088976,0.0,coinmarketcap_data_api_listings_historical
2026-02-27,10079,QDX,Quidax Token,0.01216896,937009.6868973,242.24,coinmarketcap_data_api_listings_historical
2026-02-27,37045,UNHX,UnitedHealth tokenized stock (xStock),295.40059238,930511.82582902,26203.59,coinmarketcap_data_api_listings_historical
2026-02-27,29999,CHKN,Chickencoin,1e-08,930155.09962387,75949.0,coinmarketcap_data_api_listings_historical
2026-02-27,38080,DISon,Disney Tokenized Stock (Ondo),106.00214469,929907.50291548,120.85,coinmarketcap_data_api_listings_historical
2026-02-27,11245,LAND,Landshare,0.17398981,929515.50210774,19462.57,coinmarketcap_data_api_listings_historical
2026-02-27,37058,NVOX,Novo Nordisk tokenized stock (xStock),37.44,928512.0,841.86,coinmarketcap_data_api_listings_historical
2026-02-27,37996,SMCIon,Super Micro Computer Tokenized Stock (Ondo),32.29609428,927864.45458784,834901.5,coinmarketcap_data_api_listings_historical
2026-02-27,37054,MRKX,Merck tokenized stock (xStock),123.66,927450.0,50.2,coinmarketcap_data_api_listings_historical
2026-02-27,32386,HEHE,hehe,0.00110328,927425.36654425,231302.41,coinmarketcap_data_api_listings_historical
2026-02-27,32926,MAK,MetaCene,0.00177518,925016.65879731,17549.11,coinmarketcap_data_api_listings_historical
2026-02-27,36558,ROVR,ROVR Network,0.00428776,923125.08695794,71565.14,coinmarketcap_data_api_listings_historical
2026-02-27,38267,AI3,Autonomys Network,0.01046393,919654.99153472,22356.55,coinmarketcap_data_api_listings_historical
2026-02-27,31854,AEROBUD,Aerobud,0.00094491,916559.32316723,179157.49,coinmarketcap_data_api_listings_historical
2026-02-27,27009,UNIBOT,UniBot,0.91612785,916127.85231535,68717.54,coinmarketcap_data_api_listings_historical
2026-02-27,36846,BEE,DAOBase,0.00530756,915614.52036041,3267.05,coinmarketcap_data_api_listings_historical
2026-02-27,39445,memes,memes will continue,0.00091375,913751.84565607,1547111.32,coinmarketcap_data_api_listings_historical
2026-02-27,10984,WITCH,Witch Token,0.03332005,909616.30698425,16159.82,coinmarketcap_data_api_listings_historical
2026-02-27,38088,HYGon,iBoxx $ High Yield Corporate Bond Tokenized ETF (Ondo),82.95410237,907798.22024599,1.99,coinmarketcap_data_api_listings_historical
2026-02-27,24484,SABAI,Sabai Protocol,0.00165164,902886.20312565,494638.4,coinmarketcap_data_api_listings_historical
2026-02-27,30841,UNCOMMONGOODS,UNCOMMON•GOODS,0.01298945,900805.45915716,1993.31,coinmarketcap_data_api_listings_historical
2026-02-27,6756,ACA,Acala Token,0.0007702,898569.67558186,199993.39,coinmarketcap_data_api_listings_historical
2026-02-27,38400,MAIGA,Maiga,0.00319037,893303.11486704,331630.29,coinmarketcap_data_api_listings_historical
2026-02-27,30177,LNQ,LinqAI,0.00250942,893111.36660021,193605.62,coinmarketcap_data_api_listings_historical
2026-02-27,10440,LZM,LoungeM,0.00589236,889975.81722,516.3,coinmarketcap_data_api_listings_historical
2026-02-27,38217,TEN,TEN Protocol,0.00996908,889476.42866403,460854.49,coinmarketcap_data_api_listings_historical
2026-02-27,18101,NBT,NanoByte Token,0.00093292,880849.86932002,9683.21,coinmarketcap_data_api_listings_historical
2026-02-27,33608,OSCAR,OSCAR,0.00098539,880741.60466719,122137.8,coinmarketcap_data_api_listings_historical
2026-02-27,36020,SLAY,SatLayer,0.00155038,879066.29306823,594317.76,coinmarketcap_data_api_listings_historical
2026-02-27,13272,CREDI,Credefi,0.0011731,878155.37552379,46596.75,coinmarketcap_data_api_listings_historical
2026-02-27,14422,HTD,HeroesTD,0.00192823,877894.87925726,0.0,coinmarketcap_data_api_listings_historical
2026-02-27,2700,CEL,Celsius,0.02315218,873302.96422261,147841.64,coinmarketcap_data_api_listings_historical
2026-02-27,3667,AWC,Atomic Wallet Coin,0.08235019,873213.29103895,2954.65,coinmarketcap_data_api_listings_historical
2026-02-27,36772,GPU,GPUnet,0.08554708,869944.30279989,0.0,coinmarketcap_data_api_listings_historical
2026-02-27,37031,JPMX,JPMorgan Chase tokenized stock (xStock),299.78,869362.0,192.98,coinmarketcap_data_api_listings_historical
2026-02-27,38074,SPGIon,S&P Global Tokenized Stock (Ondo),440.14990334,869344.70385908,1567.27,coinmarketcap_data_api_listings_historical
2026-02-27,39640,SHM,Shardeum (New),9.305e-05,867220.71165397,453369.1,coinmarketcap_data_api_listings_historical
2026-02-27,3853,MTV,MultiVAC,0.00024147,866246.6152673,220950.69,coinmarketcap_data_api_listings_historical
2026-02-27,37596,RICE,RICE AI,0.00409487,866178.60831505,260722.16,coinmarketcap_data_api_listings_historical
2026-02-27,29456,DTEC,Dtec,0.007062,865401.6300314,185776.4,coinmarketcap_data_api_listings_historical
2026-02-27,38597,XCL,Xcellar,0.00092705,864933.54085813,12558.14,coinmarketcap_data_api_listings_historical
2026-02-27,3704,VSYS,v.systems,0.00023813,864110.8493324,715194.07,coinmarketcap_data_api_listings_historical
2026-02-27,37044,TQQQX,TQQQ tokenized ETF (xStock),49.72556556,862736.41304785,22260.62,coinmarketcap_data_api_listings_historical
2026-02-27,30943,$MICHI,michi (SOL),0.00155146,862194.26228692,844961.02,coinmarketcap_data_api_listings_historical
2026-02-27,32125,COIN,8-Bit Coin,2.873e-05,861937.55066097,0.0,coinmarketcap_data_api_listings_historical
2026-02-27,36233,COCORO,Cocoro (officialcocoro.com),0.0010782,859597.3579576,305867.66,coinmarketcap_data_api_listings_historical
2026-02-27,37025,GSX,Goldman Sachs tokenized stock (xStock),857.89,857890.0,640.08,coinmarketcap_data_api_listings_historical
2026-02-27,36212,SOLVEX,SOLVEX NETWORK,0.0216064,853451.03142732,97456.81,coinmarketcap_data_api_listings_historical
2026-02-27,38707,RVV,Astra Nova,0.00024737,850671.91088837,1410817.09,coinmarketcap_data_api_listings_historical
2026-02-27,31037,RC,Rebel Cars,0.00412118,850423.49241644,62755.49,coinmarketcap_data_api_listings_historical
2026-02-27,5634,FUSE,Fuse,0.00386638,850148.40260894,246766.59,coinmarketcap_data_api_listings_historical
2026-02-27,38077,AXPon,American Express Tokenized Stock (Ondo),309.92953538,841668.21696285,56853.4,coinmarketcap_data_api_listings_historical
2026-02-27,29291,PANDORA,Pandora,83.87911639,838791.16392051,167.13,coinmarketcap_data_api_listings_historical
2026-02-27,10222,VDR,Vodra,0.00585381,837937.57778509,20821.45,coinmarketcap_data_api_listings_historical
2026-02-27,38078,DASHon,DoorDash Tokenized Stock (Ondo),177.43996032,836997.40923245,0.0,coinmarketcap_data_api_listings_historical
2026-02-27,3714,EQTY,EQTY,0.00286237,833078.8691223,166310.25,coinmarketcap_data_api_listings_historical
2026-02-27,5804,DFI,DeFiChain,0.00100273,831199.3009023,29.87,coinmarketcap_data_api_listings_historical
2026-02-27,32888,LIQ,LIQUIDIUM•TOKEN,0.03802683,830021.5687746,67278.71,coinmarketcap_data_api_listings_historical
2026-02-27,39012,GIGL,Giggle Panda,0.00082977,829771.60507617,189979.56,coinmarketcap_data_api_listings_historical
2026-02-27,17464,STRM,StreamCoin,0.00055448,827630.6331793,109035.76,coinmarketcap_data_api_listings_historical
2026-02-27,27195,XNA,Neurai,4.997e-05,827564.43000988,65958.7,coinmarketcap_data_api_listings_historical
2026-02-27,38024,ADBEon,Adobe Tokenized Stock (Ondo),260.96999764,827534.52968238,963843.12,coinmarketcap_data_api_listings_historical
2026-02-27,38594,PALU,Palu,0.00082703,827030.27871678,608375.58,coinmarketcap_data_api_listings_historical
2026-02-27,35829,TRUU,Truth,6.799e-05,826032.82925131,251354.38,coinmarketcap_data_api_listings_historical
2026-02-27,30156,SNSY,Sensay,0.000158,822533.53447726,480350.26,coinmarketcap_data_api_listings_historical
2026-02-27,15134,AVL,Aston Villa Fan Token,0.1206616,820464.45926374,55100.93,coinmarketcap_data_api_listings_historical
2026-02-27,6622,HAKKA,Hakka.Finance,0.00209514,820326.76062524,0.0,coinmarketcap_data_api_listings_historical
2026-02-27,38048,QCOMon,Qualcomm Tokenized Stock (Ondo),143.34687084,817534.40143483,731077.67,coinmarketcap_data_api_listings_historical
2026-02-27,3874,IRIS,IRISnet,0.0005003,817084.58545132,109004.86,coinmarketcap_data_api_listings_historical
2026-02-27,26413,NBLU,NuriTopia,0.00033235,814321.61155103,62654.23,coinmarketcap_data_api_listings_historical
2026-02-27,38261,WBAI,WhiteBridge Network,0.00375257,813482.01295091,368937.98,coinmarketcap_data_api_listings_historical
2026-02-27,38073,PLTRon,Palantir Technologies Tokenized Stock (Ondo),136.58966243,813380.52416055,4767478.56,coinmarketcap_data_api_listings_historical
2026-02-27,11023,WKCS,Wrapped KuCoin Token,8.48873935,811449.58780742,0.0,coinmarketcap_data_api_listings_historical
2026-02-27,10729,UFO,UFO Gaming,3e-08,810619.21406514,6.04,coinmarketcap_data_api_listings_historical
2026-02-27,29079,WELSH,Welshcorgicoin,8.1e-05,809993.33318492,53356.47,coinmarketcap_data_api_listings_historical
2026-02-27,21453,OMNOM,Doge Eat Doge,0.0,809098.98382,58815.15,coinmarketcap_data_api_listings_historical
2026-02-27,11451,SDN,Shiden Network,0.01186289,809002.93617741,372.74,coinmarketcap_data_api_listings_historical
2026-02-27,38156,MEFAI,META FINANCIAL AI,0.00139227,804978.37889536,238784.14,coinmarketcap_data_api_listings_historical
2026-02-27,3507,MBC,MicroBitcoin,1.43e-05,802799.76508099,0.02,coinmarketcap_data_api_listings_historical
2026-02-27,37011,ABBVX,AbbVie tokenized stock (xStock),234.44976244,797129.19230415,19298.52,coinmarketcap_data_api_listings_historical
2026-02-27,38069,UBERon,Uber Tokenized Stock (Ondo),75.18411536,790052.97912804,819346.21,coinmarketcap_data_api_listings_historical
2026-02-27,35900,BREW,Homebrew Robotics Club,0.00094074,787540.34787847,27279.28,coinmarketcap_data_api_listings_historical
2026-02-27,39457,21,2131KOBUSHIDE,0.0007846,784528.25258598,254818.68,coinmarketcap_data_api_listings_historical
2026-02-27,34110,GOUT,GOUT,7.03e-06,783165.72186842,1759.37,coinmarketcap_data_api_listings_historical
2026-02-27,36605,ZEUS,Pepes Dog,0.0,781398.89273175,776309.85,coinmarketcap_data_api_listings_historical
2026-02-27,37018,AZNX,AstraZeneca tokenized stock (xStock),104.17299285,781297.34680612,644563.73,coinmarketcap_data_api_listings_historical
2026-02-27,21415,WWDOGE,Wrapped WDOGE,0.12166636,779976.80364879,29464.9,coinmarketcap_data_api_listings_historical
2026-02-27,39247,PDDon,PDD Holdings Tokenized Stock (Ondo),103.9167403,778688.17481318,1154841.83,coinmarketcap_data_api_listings_historical
2026-02-27,5919,MTRG,Meter Governance,0.02402372,775397.03847831,72940.31,coinmarketcap_data_api_listings_historical
2026-02-27,39193,AIAV,AI Avatar,0.01325031,773578.6388902,640363.88,coinmarketcap_data_api_listings_historical
2026-02-27,37040,PGX,Procter & Gamble tokenized stock (xStock),169.65996084,771952.82182399,312284.64,coinmarketcap_data_api_listings_historical
2026-02-27,18919,QOM,Shiba Predator,0.0,767911.82160661,0.0,coinmarketcap_data_api_listings_historical
2026-02-27,6591,SBET,Sportbet.one Token,0.00606362,764747.59785826,73544.64,coinmarketcap_data_api_listings_historical
2026-02-27,17285,USDs,Sperax USD,1.02704221,761935.43997871,91973.39,coinmarketcap_data_api_listings_historical
2026-02-27,12785,CLY,Colony,0.00675336,761358.12828378,134366.62,coinmarketcap_data_api_listings_historical
2026-02-27,4074,SCP,ScPrime,0.0157489,757460.95427594,2779.73,coinmarketcap_data_api_listings_historical
2026-02-27,38653,FLK,Fleek,0.03778375,755674.96116716,457106.15,coinmarketcap_data_api_listings_historical
2026-02-27,37471,LN,Lnfi Network,0.00720506,755467.45795547,89702.91,coinmarketcap_data_api_listings_historical
2026-02-27,38059,ARMon,Arm Holdings plc Tokenized Stock (Ondo),127.62743448,754681.00740138,868662.52,coinmarketcap_data_api_listings_historical
2026-02-27,32543,RIZO,HahaYes,1.79e-06,754510.21990313,15831.17,coinmarketcap_data_api_listings_historical
2026-02-27,8708,BDP,Big Data Protocol,0.01423398,752402.55110218,91466.45,coinmarketcap_data_api_listings_historical
2026-02-27,38023,CRMon,Salesforce Tokenized Stock (Ondo),195.31476376,751594.32724672,950211.26,coinmarketcap_data_api_listings_historical
2026-02-27,32544,ROUTE,Router Protocol (New),0.00115424,748801.19359272,303060.14,coinmarketcap_data_api_listings_historical
2026-02-27,7672,UNFI,Unifi Protocol DAO,0.07839044,748522.90559679,281321.26,coinmarketcap_data_api_listings_historical
2026-02-27,13039,ZKL,zkLink,0.00152324,745234.39071537,150060.03,coinmarketcap_data_api_listings_historical
2026-02-27,29429,stOSMO,Stride Staked OSMO,0.04793824,743303.61625881,0.0,coinmarketcap_data_api_listings_historical
2026-02-27,39568,XPASS,X-PASS,0.0076576,739723.70378734,226709.42,coinmarketcap_data_api_listings_historical
2026-02-27,5070,XTP,Tap,0.00059893,737830.38814084,1755.1,coinmarketcap_data_api_listings_historical
2026-02-27,32103,MAD,MAD,7.4e-07,736017.96732305,191773.83,coinmarketcap_data_api_listings_historical
2026-02-27,2231,FLIXX,Flixxo,0.00872459,735689.76248071,0.01,coinmarketcap_data_api_listings_historical
2026-02-27,28348,MPT,MiraclePlay,0.00058588,734190.07441742,19193.85,coinmarketcap_data_api_listings_historical
2026-02-27,4197,SHR,ShareToken,0.00020306,733964.96065378,90643.34,coinmarketcap_data_api_listings_historical
2026-02-27,25179,TURBOS,Turbos Finance,0.0001108,733509.53904745,39217.72,coinmarketcap_data_api_listings_historical
2026-02-27,38402,JOJO,JoJoWorld,0.0065426,732771.43545901,340469.09,coinmarketcap_data_api_listings_historical
2026-02-27,9665,DPET,My DeFi Pet,0.01694802,732194.04289897,27767.79,coinmarketcap_data_api_listings_historical
2026-02-27,33441,DOLAN,Dolan Duck,0.00744277,731141.76400366,105896.74,coinmarketcap_data_api_listings_historical
2026-02-27,19018,CHO,Choise.ai,0.00156445,727774.21436005,146586.35,coinmarketcap_data_api_listings_historical
2026-02-27,17000,CREO,Creo Engine,0.00105619,727597.21894165,948523.26,coinmarketcap_data_api_listings_historical
2026-02-27,28018,EPIKO,Epiko,0.00416124,726242.82825692,90592.41,coinmarketcap_data_api_listings_historical
2026-02-27,32412,NPCS,Non-Playable Coin Solana,0.00074851,725841.620037,8560.59,coinmarketcap_data_api_listings_historical
2026-02-27,5798,RING,RingDAO,0.00042446,725016.43302094,8698.77,coinmarketcap_data_api_listings_historical
2026-02-27,37052,MCDX,McDonald's tokenized stock (xStock),343.10742652,722017.74391853,2806765.68,coinmarketcap_data_api_listings_historical
2026-02-27,31401,EAI,Eternal AI,0.00226012,717889.99220751,46803.32,coinmarketcap_data_api_listings_historical
2026-02-27,13319,MENGO,Flamengo Fan Token,0.04571457,717586.78426456,129201.0,coinmarketcap_data_api_listings_historical
2026-02-27,25033,OBI,Orbofi AI,0.00049986,716778.58256431,45405.94,coinmarketcap_data_api_listings_historical
2026-02-27,29350,VSG,Vector Smart Gas,7.163e-05,716344.93268501,126718.43,coinmarketcap_data_api_listings_historical
2026-02-27,27103,FACT,FACTOR,0.62597597,715154.10387897,10032.73,coinmarketcap_data_api_listings_historical
2026-02-27,6682,POX,Pollux Coin,0.01670077,714941.33531811,4223.55,coinmarketcap_data_api_listings_historical
2026-02-27,29547,MASA,Masa,0.00057891,712959.50201629,56317.07,coinmarketcap_data_api_listings_historical
2026-02-27,11420,JAM,Tune.FM,2.397e-05,712251.29760823,8736.81,coinmarketcap_data_api_listings_historical
2026-02-27,9892,YOOSHI,YooShi,0.0,711473.91807806,0.0,coinmarketcap_data_api_listings_historical
2026-02-27,37033,KOX,Coca-Cola tokenized stock (xStock),82.58150777,710200.67544445,48825.72,coinmarketcap_data_api_listings_historical
2026-02-27,27736,EXA,Exactly Protocol,0.15593241,710124.45299958,0.0,coinmarketcap_data_api_listings_historical
2026-02-27,34406,FRIC,Fric,0.00070879,708784.3097384,0.0,coinmarketcap_data_api_listings_historical
2026-02-27,31979,SHRUB,Shrub,0.00075115,707722.44854587,329607.29,coinmarketcap_data_api_listings_historical
2026-02-27,37311,G,Giants Protocol,2.444e-05,706582.66803037,0.0,coinmarketcap_data_api_listings_historical
2026-02-27,12043,OCT,Omnity Convertible Token,0.00706195,706195.02369443,58477.99,coinmarketcap_data_api_listings_historical
2026-02-27,3617,ILC,ILCOIN,0.00068363,702530.48765145,0.0,coinmarketcap_data_api_listings_historical
2026-02-27,25715,MNTC,Minati Coin,0.11120973,697841.08613618,3132.41,coinmarketcap_data_api_listings_historical
2026-02-27,38476,GAIN,Griffin AI,0.00156283,695462.68367267,171418.66,coinmarketcap_data_api_listings_historical
2026-02-27,7535,KP3R,Keep3rV1,1.63408823,694778.36480109,70078.79,coinmarketcap_data_api_listings_historical
2026-02-27,22944,ankrBNB,Ankr Staked BNB,670.70560762,694105.85738028,6.78,coinmarketcap_data_api_listings_historical
2026-02-27,24698,HYPC,HyperCycle,0.00447237,693766.64215707,0.0,coinmarketcap_data_api_listings_historical
2026-02-27,29930,IVPAY,IVPAY,0.00075006,692460.40576083,138518.08,coinmarketcap_data_api_listings_historical
2026-02-27,10563,DCB,Decubate,0.0018183,691007.01888758,34449.78,coinmarketcap_data_api_listings_historical
2026-02-27,33924,TEA,Tea-Fi,0.01376824,688549.73630312,312947.53,coinmarketcap_data_api_listings_historical
2026-02-27,37283,QBIT,Qubit,0.00069196,686771.35225524,80.62,coinmarketcap_data_api_listings_historical
2026-02-27,34854,YNE,yesnoerror,0.00068646,686454.02283019,343315.98,coinmarketcap_data_api_listings_historical
2026-02-27,20874,MILK,MilkyWay,0.00171069,686196.95906146,4221.67,coinmarketcap_data_api_listings_historical
2026-02-27,35064,SNAI,SwarmNode.ai,0.00068589,685893.81350552,80814.69,coinmarketcap_data_api_listings_historical
2026-02-27,38181,SCAM,Scamcoin,0.00068591,685879.77704613,136203.52,coinmarketcap_data_api_listings_historical
2026-02-27,8492,VSP,Vesper,0.07283934,685757.53478056,0.0,coinmarketcap_data_api_listings_historical
2026-02-27,38346,PANDU,Pandu Pandas,7.1e-06,684657.35806208,724883.82,coinmarketcap_data_api_listings_historical
2026-02-27,36171,RFC,Retard Finder Coin,0.0007107,683369.47135792,383946.78,coinmarketcap_data_api_listings_historical
2026-02-27,3750,XPC,eXPerience Chain,7.5e-06,683050.9211315,0.0,coinmarketcap_data_api_listings_historical
2026-02-27,11871,GZONE,GameZone,0.0008126,682682.81709247,9944.18,coinmarketcap_data_api_listings_historical
2026-02-27,31337,BEER,BEERCOIN,1.24e-06,682290.27496816,23209.57,coinmarketcap_data_api_listings_historical
2026-02-27,13571,AART,All.Art Protocol,0.00016391,681191.85641768,11238.05,coinmarketcap_data_api_listings_historical
2026-02-27,35867,LCAT,Lion Cat,0.00131454,680276.38394115,10166.42,coinmarketcap_data_api_listings_historical
2026-02-27,38637,BNBHOLDER,币安Holder,0.00067926,679257.03122332,392071.4,coinmarketcap_data_api_listings_historical
2026-02-27,24594,BOB,BOB (ETH),9.9e-07,678890.32836795,130849.1,coinmarketcap_data_api_listings_historical
2026-02-27,5159,WEST,Waves Enterprise,0.00300069,675155.16709248,8975.5,coinmarketcap_data_api_listings_historical
2026-02-27,29037,GMRX,GAIMIN,1.289e-05,674772.49725976,48176.44,coinmarketcap_data_api_listings_historical
2026-02-27,8715,TARA,Taraxa,0.00010968,673878.4970958,88873.87,coinmarketcap_data_api_listings_historical
2026-02-27,34794,ISLAND,ISLAND Token,0.00454306,673396.30557703,68576.74,coinmarketcap_data_api_listings_historical
2026-02-27,37022,CVXX,Chevron tokenized stock (xStock),186.25,670500.0,147.76,coinmarketcap_data_api_listings_historical
2026-02-27,5471,GHOST,Ghost,0.02326013,669616.02428156,1573.08,coinmarketcap_data_api_listings_historical
2026-02-27,38988,恶俗企鹅,三维威廉泰尔企鹅 (Vulgar Penguin),0.00066764,667637.2778679,434761.95,coinmarketcap_data_api_listings_historical
2026-02-27,37017,APPX,AppLovin tokenized stock (xStock),430.01,666515.5,1998.48,coinmarketcap_data_api_listings_historical
2026-02-27,38097,MELIon,MercadoLibre Tokenized Stock (Ondo),1752.94378434,664206.60720009,111449.16,coinmarketcap_data_api_listings_historical
2026-02-27,506,CANN,CannabisCoin,0.00206512,663160.06051332,0.0,coinmarketcap_data_api_listings_historical
2026-02-27,24851,POOH,POOH,0.0,660543.81920133,52620.98,coinmarketcap_data_api_listings_historical
2026-02-27,11714,BFT,Brazil National Football Team Fan Token,0.02288631,658496.31575384,133325.01,coinmarketcap_data_api_listings_historical
2026-02-27,37064,PEPX,PepsiCo tokenized stock (xStock),164.2971527,657188.61078025,20849.33,coinmarketcap_data_api_listings_historical
2026-02-27,2387,BCA,Bitcoin Atom,0.03560106,655733.5128942,0.0,coinmarketcap_data_api_listings_historical
2026-02-27,37032,CSCOX,Cisco tokenized stock (xStock),80.42621392,655473.64346691,30004.83,coinmarketcap_data_api_listings_historical
2026-02-27,8977,CWIF,catwifhat,2e-08,653465.64569352,12376.52,coinmarketcap_data_api_listings_historical
2026-02-27,39169,NOTHING,You’ll own nothing & be happy,0.000652,651942.40530423,197495.11,coinmarketcap_data_api_listings_historical
2026-02-27,38095,APOon,Apollo Global Management Tokenized Stock (Ondo),105.59818375,651458.72098574,323.76,coinmarketcap_data_api_listings_historical
2026-02-27,34573,AUTOS,CryptoAutos,0.00085284,649426.89006143,1187.11,coinmarketcap_data_api_listings_historical
2026-02-27,15131,EFC,Everton Fan Token,0.09267113,648622.11060899,66216.9,coinmarketcap_data_api_listings_historical
2026-02-27,35849,OIIAOIIA,spinning cat,0.000647,646874.65783479,80626.1,coinmarketcap_data_api_listings_historical
2026-02-27,15721,MCRT,MagicCraft,0.00012762,642979.72373044,564384.42,coinmarketcap_data_api_listings_historical
2026-02-27,39408,1,Ucan fix life in1day,0.00064027,640269.91158721,417666.41,coinmarketcap_data_api_listings_historical
2026-02-27,30692,INTELLIQUE,KARASOU,0.84238905,637345.78734491,0.0,coinmarketcap_data_api_listings_historical
2026-02-27,2847,ABYSS,Abyss,0.0027654,633287.36853938,0.0,coinmarketcap_data_api_listings_historical
2026-02-27,36143,IMGN,IMGN Labs,0.00074298,631923.64494703,72567.53,coinmarketcap_data_api_listings_historical
2026-02-27,37043,TMOX,Thermo Fisher tokenized stock (xStock),501.31,631650.6,1702.06,coinmarketcap_data_api_listings_historical
2026-02-27,35650,STUPID,StupidCoin,0.00062747,624232.19157842,693191.59,coinmarketcap_data_api_listings_historical
2026-02-27,29454,ESE,Eesee,0.00099084,621152.33315109,253421.37,coinmarketcap_data_api_listings_historical
2026-02-27,36236,PRAI,Privasea AI,0.0021377,619690.32666757,314592.91,coinmarketcap_data_api_listings_historical
2026-02-27,36397,MAT,Matchain,0.04456407,619318.54893326,1022331.42,coinmarketcap_data_api_listings_historical
2026-02-27,33963,ALL,Sallar,0.00034369,618662.68225454,0.0,coinmarketcap_data_api_listings_historical
2026-02-27,34777,XYZ,XYZVerse,0.00013818,618025.86632017,27761.2,coinmarketcap_data_api_listings_historical
2026-02-27,37049,LINX,Linde tokenized stock (xStock),495.95,617457.75,6.99,coinmarketcap_data_api_listings_historical
2026-02-27,34378,SHIRO,Shiro Neko,0.0,616828.77122439,404661.44,coinmarketcap_data_api_listings_historical
2026-02-27,32489,AST,Astroon,0.00100099,614881.43331514,96834.95,coinmarketcap_data_api_listings_historical
2026-02-27,8335,MDX,Mdex,0.00064574,613616.28796118,9080.22,coinmarketcap_data_api_listings_historical
2026-02-27,31953,FTR,Fautor,0.00067376,611952.73687798,1125.87,coinmarketcap_data_api_listings_historical
2026-02-27,28017,WASTR,Wrapped Astar,0.00748804,610208.86198847,0.0,coinmarketcap_data_api_listings_historical
2026-02-27,28053,SMURFCAT,Real Smurf Cat,6.5e-06,609992.76757357,68067.98,coinmarketcap_data_api_listings_historical
2026-02-27,7976,vDOT,Venus DOT,0.03655113,608548.60673333,0.0,coinmarketcap_data_api_listings_historical
2026-02-27,11528,VCF,Valencia CF Fan Token,0.09220367,608475.08149099,32368.91,coinmarketcap_data_api_listings_historical
2026-02-27,12532,TC,TTcoin Network,0.0001237,608410.00903848,40249.86,coinmarketcap_data_api_listings_historical
2026-02-27,25479,BAD,Bad Idea AI,0.0,608030.24590169,151972.95,coinmarketcap_data_api_listings_historical
2026-02-27,20873,LEVER,LeverFi,1.087e-05,606147.03742507,266400.23,coinmarketcap_data_api_listings_historical
2026-02-27,7229,GEL,Gelato,0.00215708,606008.18122865,105377.92,coinmarketcap_data_api_listings_historical
2026-02-27,29200,DEFI,DeFi,0.00034706,605822.64764103,337803.76,coinmarketcap_data_api_listings_historical
2026-02-27,4704,BAN,Banano,0.00037265,604691.03177382,868.35,coinmarketcap_data_api_listings_historical
2026-02-27,36121,MUBARAKAH,Mubarakah,0.00060267,602673.33300519,173355.07,coinmarketcap_data_api_listings_historical
2026-02-27,37042,CRMX,Salesforce tokenized stock (xStock),194.0,601400.0,2006.04,coinmarketcap_data_api_listings_historical
2026-02-27,31504,ULTI,Ultiverse,7.876e-05,599449.61998023,910246.5,coinmarketcap_data_api_listings_historical
2026-02-27,23806,HMND,Humanode,0.00314322,598706.92608328,178906.54,coinmarketcap_data_api_listings_historical
2026-02-27,23009,OVL,Overlay,0.0354532,596979.72825865,1050625.6,coinmarketcap_data_api_listings_historical
2026-02-27,37053,MDTX,Medtronic tokenized stock (xStock),97.31,596218.37,24.54,coinmarketcap_data_api_listings_historical
2026-02-27,6194,GEEQ,Geeq,0.01543977,594774.22142999,179102.79,coinmarketcap_data_api_listings_historical
2026-02-27,23445,CHIRP,Chirp,0.00656166,594036.14528393,218300.29,coinmarketcap_data_api_listings_historical
2026-02-27,20009,DCK,DexCheck AI,0.00087548,593762.73577773,264271.84,coinmarketcap_data_api_listings_historical
2026-02-27,5541,CHI,Xaya,0.01020026,593462.5593615,567.64,coinmarketcap_data_api_listings_historical
2026-02-27,33350,ICBX,ICB Network,3.072e-05,592640.98392603,155484.08,coinmarketcap_data_api_listings_historical
2026-02-27,37451,ZKWASM,ZKWASM,0.0057956,592439.53444696,392893.6,coinmarketcap_data_api_listings_historical
2026-02-27,38011,QBTSon,D-Wave Quantum Tokenized Stock (Ondo),18.59353874,592263.5406078,970.05,coinmarketcap_data_api_listings_historical
2026-02-27,3986,SCC,StakeCubeCoin,0.03584654,591469.76519476,5783.89,coinmarketcap_data_api_listings_historical
2026-02-27,37291,RZR,Rezerve Money,0.69424084,591204.04248082,0.0,coinmarketcap_data_api_listings_historical
2026-02-27,29157,ABOND,ApeBond,0.00103601,590103.99894286,21.07,coinmarketcap_data_api_listings_historical
2026-02-27,38771,42,Semantic Layer,0.00398223,590034.45106833,365829.71,coinmarketcap_data_api_listings_historical
2026-02-27,9638,SDAO,SingularityDAO,0.00711781,588879.43298063,0.0,coinmarketcap_data_api_listings_historical
2026-02-27,9507,GOZ,Göztepe S.K. Fan Token,0.14137974,588705.2472425,117718.33,coinmarketcap_data_api_listings_historical
2026-02-27,37019,BACX,Bank of America tokenized stock (xStock),50.14,587139.4,122.57,coinmarketcap_data_api_listings_historical
2026-02-27,9291,CAPS,Ternoa,0.00045583,586663.5208982,17098.41,coinmarketcap_data_api_listings_historical
2026-02-27,38063,SNOWon,Snowflake Tokenized Stock (Ondo),167.67653144,586522.79756318,999601.4,coinmarketcap_data_api_listings_historical
2026-02-27,34783,CIRCLE,Ultraround Money,0.67098933,586091.73746344,0.0,coinmarketcap_data_api_listings_historical
2026-02-27,9348,CRWNY,Crowny,0.00126367,584056.04047705,1017.53,coinmarketcap_data_api_listings_historical
2026-02-27,2070,DRT,DomRaider,0.0009846,582390.89149966,0.0,coinmarketcap_data_api_listings_historical
2026-02-27,8271,POOLX,Poolz Finance,0.10588262,582354.41021359,56743.78,coinmarketcap_data_api_listings_historical
2026-02-27,6930,KEX,KIRA,0.00281781,579245.43981117,0.0,coinmarketcap_data_api_listings_historical
2026-02-27,33356,MSTR,MSTR2100,0.02804432,578997.88752417,362010.44,coinmarketcap_data_api_listings_historical
2026-02-27,4974,EXM,EXMO Coin,0.00539079,578838.99065782,2983690.89,coinmarketcap_data_api_listings_historical
2026-02-27,37026,HDX,Home Depot tokenized stock (xStock),384.14026746,576210.40118535,10873.35,coinmarketcap_data_api_listings_historical
2026-02-27,37623,XCX,Xeleb Protocol,0.00531872,576017.45720453,298707.26,coinmarketcap_data_api_listings_historical
2026-02-27,30544,BCCOIN,BlackCardCoin,0.0575707,575707.03330623,209704.77,coinmarketcap_data_api_listings_historical
2026-02-27,37036,DHRX,Danaher tokenized stock (xStock),212.77994893,574505.86211231,20287.61,coinmarketcap_data_api_listings_historical
2026-02-27,38681,修仙,修仙,0.00057184,571843.01246903,315068.84,coinmarketcap_data_api_listings_historical
2026-02-27,30309,SC,Shark Cat,0.00057741,571576.36415148,267632.51,coinmarketcap_data_api_listings_historical
2026-02-27,16962,XELS,XELS,0.02704738,567995.05884404,142872.56,coinmarketcap_data_api_listings_historical
2026-02-27,38026,SHOPon,Shopify Tokenized Stock (Ondo),120.08491437,567408.87015292,862610.48,coinmarketcap_data_api_listings_historical
2026-02-27,37065,PMX,Philip Morris tokenized stock (xStock),188.6871036,566061.31080426,38442.34,coinmarketcap_data_api_listings_historical
2026-02-27,34587,FROG,Frodo the virtual samurai,0.00011319,565966.4879271,0.0,coinmarketcap_data_api_listings_historical
2026-02-27,18586,PACE,3space Art,0.00783719,565621.80480338,9819.03,coinmarketcap_data_api_listings_historical
2026-02-27,14188,PLI,Plugin Decentralized Oracle,0.00373463,565293.98572486,70488.69,coinmarketcap_data_api_listings_historical
2026-02-27,11877,GAL,GAL (migrated to Gravity - G),0.21286528,564591.96156735,1.13,coinmarketcap_data_api_listings_historical
2026-02-27,22766,ASM,AS Monaco Fan Token,0.09398245,563917.26173051,107939.99,coinmarketcap_data_api_listings_historical
2026-02-27,18411,TOTO,Toto Finance,0.00186929,562041.9036592,11162.34,coinmarketcap_data_api_listings_historical
2026-02-27,39409,哭哭马,错版马,0.00056199,561993.88043826,338342.69,coinmarketcap_data_api_listings_historical
2026-02-27,3334,XCASH,X-CASH,8.94e-06,561624.0466211,0.0,coinmarketcap_data_api_listings_historical
2026-02-27,32615,SCF,Smoking Chicken Fish,0.00056048,560433.71882337,130401.33,coinmarketcap_data_api_listings_historical
2026-02-27,36264,COCORO,COCORO,1.33e-06,559676.89277367,135358.08,coinmarketcap_data_api_listings_historical
2026-02-27,36499,EDGEN,LayerEdge,0.00192983,559649.7371795,4779161.89,coinmarketcap_data_api_listings_historical
2026-02-27,17081,LOOKS,LooksRare,0.00055826,558227.29914901,762705.42,coinmarketcap_data_api_listings_historical
2026-02-27,15758,LMCSWAP,LimoCoin Swap,0.00047366,557489.46817336,0.0,coinmarketcap_data_api_listings_historical
2026-02-27,29015,SOLAMA,Solama,0.0008521,557160.56812818,9322.11,coinmarketcap_data_api_listings_historical
2026-02-27,38257,BOT,Hyperbot,0.00151461,555722.1559986,209391.63,coinmarketcap_data_api_listings_historical
2026-02-27,27355,WKAS,Wrapped Kaspa,0.00465064,553760.03301709,614.99,coinmarketcap_data_api_listings_historical
2026-02-27,38028,SPOTon,Spotify Tokenized Stock (Ondo),512.33715247,553478.3450859,958928.99,coinmarketcap_data_api_listings_historical
2026-02-27,1578,ZER,Zero,0.03775842,553263.77506602,0.0,coinmarketcap_data_api_listings_historical
2026-02-27,24106,RMV,Reality Metaverse,0.00220845,551876.89582019,44233.54,coinmarketcap_data_api_listings_historical
2026-02-27,11279,ARCAS,Arcas,0.00794505,551649.93766764,0.0,coinmarketcap_data_api_listings_historical
2026-02-27,7440,BOND,BarnBridge,0.06968959,551262.89849012,245833.98,coinmarketcap_data_api_listings_historical
2026-02-27,23794,OPTI,Optimus AI,0.00580001,551203.59212048,62111.36,coinmarketcap_data_api_listings_historical
2026-02-27,35127,XMONEY,XMoney Solana,0.0006705,550960.13999134,4318.82,coinmarketcap_data_api_listings_historical
2026-02-27,18913,MDAO,MarsDAO,0.00779869,550579.88529968,31869.02,coinmarketcap_data_api_listings_historical
2026-02-27,34756,NATO,The Nation Token,5.5e-07,549775.775989,340655.6,coinmarketcap_data_api_listings_historical
2026-02-27,9865,ISP,Ispolink,6.807e-05,549445.68735774,85414.05,coinmarketcap_data_api_listings_historical
2026-02-27,19184,WFUSE,Wrapped Fuse,0.00960137,548367.63355256,0.0,coinmarketcap_data_api_listings_historical
2026-02-27,38493,ASTHERUS,Astherus,0.0005597,547980.98832142,129814.62,coinmarketcap_data_api_listings_historical
2026-02-27,21418,MTD,Minted,0.00295656,547577.60563461,296.73,coinmarketcap_data_api_listings_historical
2026-02-27,28132,BOBA,Boba Cat,0.00089152,546393.97935158,9173.66,coinmarketcap_data_api_listings_historical
2026-02-27,10891,LIKE,LIKE,0.00164938,546208.52969138,263112.87,coinmarketcap_data_api_listings_historical
2026-02-27,31160,PLN,Plearn,0.00633995,545639.43331631,173094.18,coinmarketcap_data_api_listings_historical
2026-02-27,37051,MAX,Mastercard tokenized stock (xStock),516.30659718,542116.47097781,9062.02,coinmarketcap_data_api_listings_historical
2026-02-27,29734,DEAI,Zero1 Labs,0.00594063,541911.35522601,1792690.43,coinmarketcap_data_api_listings_historical
2026-02-27,8917,SHFT,Shyft Network,0.00023105,539526.82633561,9014.0,coinmarketcap_data_api_listings_historical
2026-02-27,39397,CLIPPY,Clippy (kevanjatt),0.00053867,538644.57460993,296609.29,coinmarketcap_data_api_listings_historical
2026-02-27,4460,PIRATE,PirateCash,0.01969647,535021.99233423,91151.78,coinmarketcap_data_api_listings_historical
2026-02-27,39341,CAI,CharacterX,0.03168268,534183.10585079,53630.94,coinmarketcap_data_api_listings_historical
2026-02-27,39372,人生K线,人生K线,0.00053399,533992.44379045,1195070.91,coinmarketcap_data_api_listings_historical
2026-02-27,33190,DYNA,Dynachain,0.01299289,533442.63961973,60.64,coinmarketcap_data_api_listings_historical
2026-02-27,27008,0XGAS,0xGasless,0.05596894,533307.63224748,0.0,coinmarketcap_data_api_listings_historical
2026-02-27,6933,NCDT,Nuco.cloud,0.0106315,531574.89959231,68478.1,coinmarketcap_data_api_listings_historical
2026-02-27,5841,NEST,NEST Protocol,0.00018199,529914.8157701,411926.95,coinmarketcap_data_api_listings_historical
2026-02-27,38659,ANOME,Anome,0.01764915,529474.38465548,1365161.25,coinmarketcap_data_api_listings_historical
2026-02-27,36151,Ghibli,Ghiblification,0.00052735,527274.45333656,181844.05,coinmarketcap_data_api_listings_historical
2026-02-27,32019,CRASH,Crash,0.00053762,525920.37909108,166.26,coinmarketcap_data_api_listings_historical
2026-02-27,31442,$WAFFLES,Waffles Davincij15's Cat,0.00058345,521872.65861026,1480.91,coinmarketcap_data_api_listings_historical
2026-02-27,36131,BNB CARD,BNB Card,0.00052143,521428.4329432,6146.04,coinmarketcap_data_api_listings_historical
2026-02-27,33227,VERT,Vertus,0.00098527,519432.55750241,312294.47,coinmarketcap_data_api_listings_historical
2026-02-27,37600,FIR,Fireverse,0.00378011,516778.29576338,766279.48,coinmarketcap_data_api_listings_historical
2026-02-27,28660,LVN,Levana Protocol,0.00064048,514313.26746423,0.0,coinmarketcap_data_api_listings_historical
2026-02-27,14977,ML,Mintlayer,0.00799577,513317.39890409,128693.56,coinmarketcap_data_api_listings_historical
2026-02-27,35188,BUZZ,Hive AI,0.00051289,512816.96768929,172483.87,coinmarketcap_data_api_listings_historical
2026-02-27,23377,UMT,UnityMeta,21.7237068,511701.9137469,0.0,coinmarketcap_data_api_listings_historical
2026-02-27,5640,PXP,PointPay,0.01700654,510196.23740366,94003.01,coinmarketcap_data_api_listings_historical
2026-02-27,37046,VX,Visa tokenized stock (xStock),317.48,507966.35194545,1938.24,coinmarketcap_data_api_listings_historical
2026-02-27,24165,WKAVA,Wrapped Kava,0.04866926,505957.13643304,3634.69,coinmarketcap_data_api_listings_historical
2026-02-27,4804,ROOBEE,ROOBEE,0.00012314,505111.04391024,95218.15,coinmarketcap_data_api_listings_historical
2026-02-27,7219,RBC,Rubic,0.00305597,505101.06539282,85188.59,coinmarketcap_data_api_listings_historical
2026-02-27,14336,TRVL,TRVL (Dtravel),0.00120185,500751.04350872,95962.35,coinmarketcap_data_api_listings_historical
2026-02-27,27112,PNP,Penpie,0.33172542,499551.94770171,0.0,coinmarketcap_data_api_listings_historical
2026-02-27,9523,PKT,Packet,0.00011755,499049.03240035,0.0,coinmarketcap_data_api_listings_historical
2026-02-27,8378,AKITA,Akita Inu,1e-08,496873.51419498,60598.35,coinmarketcap_data_api_listings_historical
2026-02-27,12969,GARI,Gari Network,0.0008832,495949.60975389,116805.32,coinmarketcap_data_api_listings_historical
2026-02-27,37537,SPON,Spheron Network,0.00231885,495084.85674962,116226.84,coinmarketcap_data_api_listings_historical
2026-02-27,36415,MOONPIG,moonpig,0.00049485,494819.76636331,771038.52,coinmarketcap_data_api_listings_historical
2026-02-27,35139,BHC,Butthole Coin,0.00049437,494357.38835613,360553.17,coinmarketcap_data_api_listings_historical
2026-02-27,24771,WEFI,WeFi,0.01178256,493492.96337912,1824.19,coinmarketcap_data_api_listings_historical
2026-02-27,20672,COL,Clash of Lilliput,0.00600374,492753.69848639,0.0,coinmarketcap_data_api_listings_historical
2026-02-27,12198,BOSS,Boss Token,0.0,491748.74476415,0.0,coinmarketcap_data_api_listings_historical
2026-02-27,25612,EMR,Emorya Finance,0.00058667,491405.21009213,271237.95,coinmarketcap_data_api_listings_historical
2026-02-27,24268,THL,Thala,0.01001791,491031.82412779,145452.89,coinmarketcap_data_api_listings_historical
2026-02-27,35091,KM,Kekius Maximus (kekiusmaximus.army),0.00054387,490956.06008424,195841.95,coinmarketcap_data_api_listings_historical
2026-02-27,27458,TRT,TRUST AI,0.12919894,490955.959087,275.94,coinmarketcap_data_api_listings_historical
2026-02-27,36852,XAVIER,Xavier: Renegade Angel,0.00049026,490193.05073844,3011.08,coinmarketcap_data_api_listings_historical
2026-02-27,10793,SAUBER,Alfa Romeo Racing ORLEN Fan Token,0.17552141,488990.89353026,181392.68,coinmarketcap_data_api_listings_historical
2026-02-27,28786,HEMULE,Hemule,0.000496,486081.68502889,303.62,coinmarketcap_data_api_listings_historical
2026-02-27,21345,4EVER,4EVERLAND,0.00015866,483246.68000623,22443.13,coinmarketcap_data_api_listings_historical
2026-02-27,36347,LetsBONK,Let's BONK,0.00698246,481704.86952955,282102.68,coinmarketcap_data_api_listings_historical
2026-02-27,33694,LUCE,LUCE,0.00048127,481271.75525717,405804.5,coinmarketcap_data_api_listings_historical
2026-02-27,33801,NIKO,NikolAI,0.00047995,479952.5456847,11632.37,coinmarketcap_data_api_listings_historical
2026-02-27,5667,BGL,Bitgesell,0.02965136,479104.6520457,3015.47,coinmarketcap_data_api_listings_historical
2026-02-27,28948,CKP,Cakepie,0.57967336,478540.96118002,3109.26,coinmarketcap_data_api_listings_historical
2026-02-27,28412,MUBI,Multibit,0.00050358,478401.89484188,465724.51,coinmarketcap_data_api_listings_historical
2026-02-27,37010,ABTX,Abbott tokenized stock (xStock),117.83017199,477212.12820225,18131.48,coinmarketcap_data_api_listings_historical
2026-02-27,9653,NABOX,Nabox,2.29e-06,477123.30696241,0.0,coinmarketcap_data_api_listings_historical
2026-02-27,362,CLOAK,CloakCoin,0.07823095,476270.61244896,0.0,coinmarketcap_data_api_listings_historical
2026-02-27,22355,VRTX,Vertex Protocol,0.00089992,475481.00863556,0.0,coinmarketcap_data_api_listings_historical
2026-02-27,37029,IBMX,International Business Machines tokenized stock (xStock),237.46,474920.0,66.19,coinmarketcap_data_api_listings_historical
2026-02-27,36106,HAIO,HAiO,0.00143046,474889.60768772,1116.75,coinmarketcap_data_api_listings_historical
2026-02-27,31305,MAGA,MAGA (maga-hat.vip),1.21e-06,474073.54163799,117809.33,coinmarketcap_data_api_listings_historical
2026-02-27,30357,EVERY,Everyworld,0.00018579,473605.99605177,264.15,coinmarketcap_data_api_listings_historical
2026-02-27,32130,RIS,Riser,0.00188223,470556.43202711,121427.72,coinmarketcap_data_api_listings_historical
2026-02-27,13051,ARC,ARC,0.00050931,469900.20225572,1940.65,coinmarketcap_data_api_listings_historical
2026-02-27,10974,CHESS,Tranchess,0.0022787,469416.68019668,223330.9,coinmarketcap_data_api_listings_historical
2026-02-27,35942,NITRO,Nitro,1.12e-06,468762.0699594,144760.67,coinmarketcap_data_api_listings_historical
2026-02-27,8,FTC,Feathercoin,0.00198119,468749.34577074,0.0,coinmarketcap_data_api_listings_historical
2026-02-27,34152,DDBAM,Didi Bam Bam,0.02225432,467340.64585533,20042.67,coinmarketcap_data_api_listings_historical
2026-02-27,39280,XOMon,Exxon Mobil Tokenized Stock (Ondo),153.43062918,466647.90824367,876312.1,coinmarketcap_data_api_listings_historical
2026-02-27,21916,ISK,ISKRA Token,0.00093354,466303.30482908,15316.58,coinmarketcap_data_api_listings_historical
2026-02-27,6588,DIP,Etherisc DIP Token,0.00194425,466118.86739924,46.38,coinmarketcap_data_api_listings_historical
2026-02-27,21414,DC,Dogechain,4.81e-06,464664.16533591,117864.14,coinmarketcap_data_api_listings_historical
2026-02-27,4703,BXC,BonusCloud,0.00013779,461876.82794564,10915.6,coinmarketcap_data_api_listings_historical
2026-02-27,7064,BAKE,BakeryToken,0.0015939,461864.43980377,172505.72,coinmarketcap_data_api_listings_historical
2026-02-27,37144,PAL,Palio,0.00241412,458682.87833018,480591.64,coinmarketcap_data_api_listings_historical
2026-02-27,32940,PHIL,Philtoken,0.00045805,458054.99727115,130738.91,coinmarketcap_data_api_listings_historical
2026-02-27,19722,SOVRN,SOVRUN,0.00247859,457242.58242169,11489.16,coinmarketcap_data_api_listings_historical
2026-02-27,32933,ZFI,ZyFAI,0.00581321,455633.79560678,0.0,coinmarketcap_data_api_listings_historical
2026-02-27,35547,RIFT,Rift AI,0.00171749,454989.31375948,0.0,coinmarketcap_data_api_listings_historical
2026-02-27,37149,ENF,enfineo,0.01111888,451779.11536404,19232.44,coinmarketcap_data_api_listings_historical
2026-02-27,8229,UMX,UniMex Network,0.04685064,451116.84427298,0.0,coinmarketcap_data_api_listings_historical
2026-02-27,22074,ALEX,ALEX Lab,0.00073862,447967.08103357,227000.61,coinmarketcap_data_api_listings_historical
2026-02-27,7096,BRG,Bridge AI,5.58e-05,446521.57419073,15054.83,coinmarketcap_data_api_listings_historical
2026-02-27,9639,PUSSY,Pussy Financial,2.69e-06,443512.54682642,295.74,coinmarketcap_data_api_listings_historical
2026-02-27,1817,VGX,VGX Token,0.00048284,442639.2967112,345286.0,coinmarketcap_data_api_listings_historical
2026-02-27,8376,MASQ,MASQ,0.01285603,441983.54719266,0.0,coinmarketcap_data_api_listings_historical
2026-02-27,33183,AXOL,Axol,0.00044182,441823.12532797,0.0,coinmarketcap_data_api_listings_historical
2026-02-27,14020,SAM,Samsunspor Fan Token,0.2108163,441650.23308862,84410.18,coinmarketcap_data_api_listings_historical
2026-02-27,39360,黑马,黑马,0.00044067,440669.81420594,444962.64,coinmarketcap_data_api_listings_historical
2026-02-27,37260,RCADE,RCADE,5.293e-05,439275.14800726,452145.44,coinmarketcap_data_api_listings_historical
2026-02-27,31061,DUREV,Povel Durev,0.00461074,438020.27677363,8720.85,coinmarketcap_data_api_listings_historical
2026-02-27,39250,USOon,United States Oil Tokenized Fund (Ondo),82.17044595,436667.0412422,1473410.8,coinmarketcap_data_api_listings_historical
2026-02-27,35241,HINT,Hive Intelligence,0.00094561,435333.18385802,215478.23,coinmarketcap_data_api_listings_historical
2026-02-27,31016,MODE,Mode,0.00017386,434640.44428989,79207.97,coinmarketcap_data_api_listings_historical
2026-02-27,31914,BILLY,Billy,0.00046419,434548.07914219,83747.46,coinmarketcap_data_api_listings_historical
2026-02-27,28479,ROOT,The Root Network,0.0001122,434506.09196876,121850.78,coinmarketcap_data_api_listings_historical
2026-02-27,9270,BTCBAM,Bitcoin Bam,0.04222965,433983.11598359,29645.25,coinmarketcap_data_api_listings_historical
2026-02-27,7866,MONA,Monavale,41.45016214,433408.18308424,0.58,coinmarketcap_data_api_listings_historical
2026-02-27,29396,CTF,CryptoTradingFund,0.09176309,433268.85350614,9542.9,coinmarketcap_data_api_listings_historical
2026-02-27,39342,老子,老子,0.00043307,433073.78592393,6099454.18,coinmarketcap_data_api_listings_historical
2026-02-27,33999,FRED,First Convicted Raccon Fred,0.00043294,432856.41650579,251138.89,coinmarketcap_data_api_listings_historical
2026-02-27,39224,BMNRon,BitMine Immersion Technologies Tokenized Stock (Ondo),19.11604814,432817.981712,735767.61,coinmarketcap_data_api_listings_historical
2026-02-27,37371,KPOP,OFFICIAL K-POP,6.664e-05,432084.4282866,0.0,coinmarketcap_data_api_listings_historical
2026-02-27,21158,EARNM,EARNM,0.00013282,432056.41013932,8962.75,coinmarketcap_data_api_listings_historical
2026-02-27,31708,HTS,HOME3,0.00462381,431633.05425273,0.0,coinmarketcap_data_api_listings_historical
2026-02-27,31320,SKYA,Sekuya Multiverse,0.00106993,431408.24456759,82350.12,coinmarketcap_data_api_listings_historical
2026-02-27,31847,WOLF,LandWolf (SOL),4.299e-05,429829.83146677,0.0,coinmarketcap_data_api_listings_historical
2026-02-27,17947,COA,Alliance Games,0.00103494,429205.76074182,128836.88,coinmarketcap_data_api_listings_historical
2026-02-27,9493,FLX,Reflexer Ungovernance Token,2.21161108,428601.3802574,0.0,coinmarketcap_data_api_listings_historical
2026-02-27,37012,ACNX,Accenture tokenized stock (xStock),204.02436939,428451.17571712,17271.92,coinmarketcap_data_api_listings_historical
2026-02-27,17704,MV,GensoKishi Metaverse,0.00113663,426944.31911918,153490.06,coinmarketcap_data_api_listings_historical
2026-02-27,36508,FDC,FooDriver,0.0430977,425028.39918137,150643.85,coinmarketcap_data_api_listings_historical
2026-02-27,38053,RDDTon,Reddit Tokenized Stock (Ondo),145.53183285,423298.60120371,1186146.58,coinmarketcap_data_api_listings_historical
2026-02-27,1466,HUSH,Hush,0.03494779,419092.13931285,0.0,coinmarketcap_data_api_listings_historical
2026-02-27,28106,ZF,zkSwap Finance,0.00067098,417149.30807269,67671.61,coinmarketcap_data_api_listings_historical
2026-02-27,293,XBC,Bitcoin Plus,1.46452879,416936.96839389,0.0,coinmarketcap_data_api_listings_historical
2026-02-27,29370,TADA,Ta-da,0.00059426,415459.75564046,76760.87,coinmarketcap_data_api_listings_historical
2026-02-27,9180,SYL,myDID,5.37e-05,415009.70976163,16399.71,coinmarketcap_data_api_listings_historical
2026-02-27,36292,DARK,Dark Eclipse,0.00041467,414656.03367544,128220.99,coinmarketcap_data_api_listings_historical
2026-02-27,22244,BIZA,BizAuto,0.00015431,413081.27431277,410.81,coinmarketcap_data_api_listings_historical
2026-02-27,15469,SIPHER,Sipher,0.00460015,412840.42184185,3633.28,coinmarketcap_data_api_listings_historical
2026-02-27,2092,NULS,NULS,0.00359985,411251.4845842,0.0,coinmarketcap_data_api_listings_historical
2026-02-27,28868,DUEL,GameGPT,4.895e-05,410723.39590145,129836.7,coinmarketcap_data_api_listings_historical
2026-02-27,31779,COK,Cat Own Kimono,4.1e-07,410039.70197367,628901.2,coinmarketcap_data_api_listings_historical
2026-02-27,34347,BIG,BIG,0.00040699,406989.27652136,52868.55,coinmarketcap_data_api_listings_historical
2026-02-27,29478,CHAT,Solchat,0.05035211,405005.22288135,13075.41,coinmarketcap_data_api_listings_historical
2026-02-27,36394,TOILET,Toilet Dust,4.042e-05,404206.01579264,62140.71,coinmarketcap_data_api_listings_historical
2026-02-27,8495,ID,Everest,0.00346013,403797.73222726,0.0,coinmarketcap_data_api_listings_historical
2026-02-27,37035,CRWDX,CrowdStrike tokenized stock (xStock),360.28099167,403514.7106653,18519.98,coinmarketcap_data_api_listings_historical
2026-02-27,28368,ELMT,Element,0.00023142,401481.38560619,1401.85,coinmarketcap_data_api_listings_historical
2026-02-27,28453,BEFE,BEFE,4.29e-06,399775.6179073,84601.06,coinmarketcap_data_api_listings_historical
2026-02-27,22050,MEE,Medieval Empires,0.00071446,399675.94705929,71772.54,coinmarketcap_data_api_listings_historical
2026-02-27,34739,RENTA,Renta Network,0.00090562,399578.78229164,140565.34,coinmarketcap_data_api_listings_historical
2026-02-27,22093,WVENOM,Wrapped Venom,0.02561832,398328.09643407,0.0,coinmarketcap_data_api_listings_historical
2026-02-27,28916,AI,Any Inu,9.5e-07,397809.14463432,51574.66,coinmarketcap_data_api_listings_historical
2026-02-27,38034,HIMSon,Hims & Hers Health Tokenized Stock (Ondo),14.54831497,397631.22693042,886019.87,coinmarketcap_data_api_listings_historical
2026-02-27,37463,TOWN,Alt.town,0.00049428,396163.04780793,254072.37,coinmarketcap_data_api_listings_historical
2026-02-27,20848,WSI,WeSendit,0.00047283,395779.04761381,12074.53,coinmarketcap_data_api_listings_historical
2026-02-27,7048,WING,Wing Finance,0.07185745,395426.21268491,70261.83,coinmarketcap_data_api_listings_historical
2026-02-27,29766,MILLI,MILLI,1.5e-06,395107.70114355,77244.95,coinmarketcap_data_api_listings_historical
2026-02-27,34600,REX,REVOX,0.00014448,394963.58046262,316391.53,coinmarketcap_data_api_listings_historical
2026-02-27,29525,LYNX,Lynex,0.0135414,394942.58647435,224683.4,coinmarketcap_data_api_listings_historical
2026-02-27,11206,BLOK,Bloktopia,1.592e-05,394750.8915776,56708.39,coinmarketcap_data_api_listings_historical
2026-02-27,36186,Ghibli,GhibliCZ,0.0004594,394556.70643584,1103.25,coinmarketcap_data_api_listings_historical
2026-02-27,30525,BOOP,Boop,3.94e-06,392297.93466302,3585.53,coinmarketcap_data_api_listings_historical
2026-02-27,29153,HONK,Honk,0.00042609,391923.4940806,0.0,coinmarketcap_data_api_listings_historical
2026-02-27,638,TROLL,Trollcoin,0.00065866,390459.69994852,0.0,coinmarketcap_data_api_listings_historical
2026-02-27,29104,DCD,DecideAI,0.00079444,388226.83888472,575.54,coinmarketcap_data_api_listings_historical
2026-02-27,34994,DEGENAI,Degen Spartan AI,0.00038744,387419.97471099,329248.52,coinmarketcap_data_api_listings_historical
2026-02-27,33656,PINO,PINO,0.00039124,387232.85033132,1812.05,coinmarketcap_data_api_listings_historical
2026-02-27,37499,JOHN,John Tsubasa Rivals,0.00215998,386636.81770694,16998.95,coinmarketcap_data_api_listings_historical
2026-02-27,35292,BDOGITO,BullDogito,0.00121503,386042.21339603,0.0,coinmarketcap_data_api_listings_historical
2026-02-27,6993,REVV,REVV,0.00031969,380648.54324236,60710.14,coinmarketcap_data_api_listings_historical
2026-02-27,38655,BOT,MasterBOT,0.00037928,379283.23437467,4065.76,coinmarketcap_data_api_listings_historical
2026-02-27,35967,BSAI,Bitcoin Silver AI,269.98059194,378242.80931075,58867.2,coinmarketcap_data_api_listings_historical
2026-02-27,31569,TROG,Trog,8.9e-07,375613.82778567,0.0,coinmarketcap_data_api_listings_historical
2026-02-27,36438,GORILLA,Gorilla,0.00037512,375118.39096107,261200.56,coinmarketcap_data_api_listings_historical
2026-02-27,10763,AM,Aston Martin Cognizant Fan Token,0.13511044,374835.01489222,36564.1,coinmarketcap_data_api_listings_historical
2026-02-27,19907,BIOFI,Biometric Financial,9.55e-05,373801.27208802,55483.76,coinmarketcap_data_api_listings_historical
2026-02-27,28580,VC,VinuChain,0.00048795,373495.44241743,144279.91,coinmarketcap_data_api_listings_historical
2026-02-27,22556,PZP,PlayZap,0.00434677,373151.81579793,119380.27,coinmarketcap_data_api_listings_historical
2026-02-27,34126,CHAMP,Super Champs,0.00040014,372434.58093413,587838.61,coinmarketcap_data_api_listings_historical
2026-02-27,8660,BSCPAD,BSCPAD,0.00469546,371935.0746362,0.0,coinmarketcap_data_api_listings_historical
2026-02-27,2837,0xBTC,0xBitcoin,0.03821462,370939.72980419,0.0,coinmarketcap_data_api_listings_historical
2026-02-27,7857,MIR,Mirror Protocol,0.00477001,370833.65702457,3907.47,coinmarketcap_data_api_listings_historical
2026-02-27,2638,CTXC,Cortex,0.00156027,368774.88517193,60603.59,coinmarketcap_data_api_listings_historical
2026-02-27,38639,PUP,PUP (pupxbnb.com),0.00036784,367841.25494613,244946.37,coinmarketcap_data_api_listings_historical
2026-02-27,19621,COT,Cosplay Token,0.00092655,365394.38173654,82596.26,coinmarketcap_data_api_listings_historical
2026-02-27,31987,BBB,Beny Bad Boy,0.00015333,365365.11573853,1388.21,coinmarketcap_data_api_listings_historical
2026-02-27,29494,DUKO,DUKO,3.772e-05,364476.18272602,150163.82,coinmarketcap_data_api_listings_historical
2026-02-27,36034,PELL,Pell Network,0.00042975,364178.6913335,9051.38,coinmarketcap_data_api_listings_historical
2026-02-27,9200,REVO,Revomon,0.01188589,364154.9055664,0.0,coinmarketcap_data_api_listings_historical
2026-02-27,19118,LMR,Lumerin,0.00059964,363748.70768025,0.0,coinmarketcap_data_api_listings_historical
2026-02-27,35963,PEPEMUSK,PepeMusk,0.00036242,362419.79193964,467.27,coinmarketcap_data_api_listings_historical
2026-02-27,8282,KOIN,Koinos,0.00434917,362100.44174866,2551.54,coinmarketcap_data_api_listings_historical
2026-02-27,34328,Q*,QSTaR,3.773e-05,362036.96644293,0.0,coinmarketcap_data_api_listings_historical
2026-02-27,33734,MRSOON,TON Station,5.49e-06,361369.04062451,251081.5,coinmarketcap_data_api_listings_historical
2026-02-27,9808,RBT,RIBBIT,8.9e-07,360461.89902252,7112.21,coinmarketcap_data_api_listings_historical
2026-02-27,8508,POOL,PoolTogether,0.05298328,358617.89243987,0.0,coinmarketcap_data_api_listings_historical
2026-02-27,29787,PENG,Peng,0.00357805,357804.51618073,140601.79,coinmarketcap_data_api_listings_historical
2026-02-27,7576,HARD,Kava Lend,0.00264391,356376.60834332,12344.35,coinmarketcap_data_api_listings_historical
2026-02-27,36547,KOKOK,KoKoK The Roach,0.00177681,355354.80078484,137924.31,coinmarketcap_data_api_listings_historical
2026-02-27,3854,FUND,Unification,0.01029376,354593.30205707,0.0,coinmarketcap_data_api_listings_historical
2026-02-27,30608,XZK,Expand,0.00051485,354468.29660288,299.62,coinmarketcap_data_api_listings_historical
2026-02-27,24289,LIMO,Limoverse,0.00264311,352039.75590824,36219.33,coinmarketcap_data_api_listings_historical
2026-02-27,37617,K,Sidekick,0.00133136,351514.94587961,260504.74,coinmarketcap_data_api_listings_historical
2026-02-27,32838,SUNCAT,SUNCAT,0.00034995,349951.41042252,243133.13,coinmarketcap_data_api_listings_historical
2026-02-27,9967,BLAST,SafeBlast,0.0,349338.0390578,0.0,coinmarketcap_data_api_listings_historical
2026-02-27,31297,BUBBLE,Bubble,9.335e-05,348961.66202323,11384.44,coinmarketcap_data_api_listings_historical
2026-02-27,14745,KROM,Kromatika,0.00434437,348768.66671315,0.0,coinmarketcap_data_api_listings_historical
2026-02-27,11925,MONI,Monsta Infinite,0.00158034,348577.33882736,83499.26,coinmarketcap_data_api_listings_historical
2026-02-27,37238,FRAG,Fragmetric,0.00190081,347751.19327013,97346.93,coinmarketcap_data_api_listings_historical
2026-02-27,38277,GATA,Gata,0.00314047,346210.08568971,338069.66,coinmarketcap_data_api_listings_historical
2026-02-27,11696,WONE,Wrapped Harmony,0.00233643,346090.20381786,94.08,coinmarketcap_data_api_listings_historical
2026-02-27,8579,POLK,Polkamarkets,0.00376034,345988.10211632,9022.58,coinmarketcap_data_api_listings_historical
2026-02-27,36391,Buckazoids,Buckazoids,0.00034588,345840.42912317,112342.02,coinmarketcap_data_api_listings_historical
2026-02-27,24793,$MONG,MongCoin,0.0,344563.8627442,60497.57,coinmarketcap_data_api_listings_historical
2026-02-27,7784,BLINK,BLink,0.00185292,341580.66680029,0.0,coinmarketcap_data_api_listings_historical
2026-02-27,7931,BONDLY,Forj (Bondly),0.0003471,341410.39116998,38460.61,coinmarketcap_data_api_listings_historical
2026-02-27,36090,BUBB,Bubb,0.00034102,341020.50983962,17801.43,coinmarketcap_data_api_listings_historical
2026-02-27,12252,BCOIN,Bomb Crypto (BNB),0.00430809,340346.31872632,1566.61,coinmarketcap_data_api_listings_historical
2026-02-27,32964,TBULL,Tron Bull,0.00034028,340281.76765837,0.0,coinmarketcap_data_api_listings_historical
2026-02-27,15752,BLOCK,Blockasset,0.00108249,337994.06808343,0.0,coinmarketcap_data_api_listings_historical
2026-02-27,10404,ITGR,Integral,0.00153946,337311.50188614,10046.35,coinmarketcap_data_api_listings_historical
2026-02-27,31598,$TOAD,Toad,0.0,337071.73082644,0.0,coinmarketcap_data_api_listings_historical
2026-02-27,35689,TEVA,Tevaera,0.00068644,336298.03922468,83226.52,coinmarketcap_data_api_listings_historical
2026-02-27,29106,TYPE,TypeAI,0.0335337,335337.00335498,0.0,coinmarketcap_data_api_listings_historical
2026-02-27,16016,POR,Portuma,8.85e-05,334947.44450985,54028.44,coinmarketcap_data_api_listings_historical
2026-02-27,27445,GSWIFT,GameSwift,0.00092818,334859.38357884,46.93,coinmarketcap_data_api_listings_historical
2026-02-27,18706,FWC,Football World Community,0.0,333893.51621286,68826.23,coinmarketcap_data_api_listings_historical
2026-02-27,34591,RAI,Reploy,0.03319224,331922.37935135,133575.13,coinmarketcap_data_api_listings_historical
2026-02-27,2529,CAS,Cashaa,0.00032998,329977.74582563,0.0,coinmarketcap_data_api_listings_historical
2026-02-27,8424,DERI,Deri Protocol,0.00264002,329199.51057636,30409.7,coinmarketcap_data_api_listings_historical
2026-02-27,38516,PRICELESS,Priceless,0.00032899,328987.72758129,273025.69,coinmarketcap_data_api_listings_historical
2026-02-27,28179,WSM,Wall Street Memes,0.00017447,328490.87781528,0.0,coinmarketcap_data_api_listings_historical
2026-02-27,2475,GRLC,Garlicoin,0.00477549,328232.78475378,0.0,coinmarketcap_data_api_listings_historical
2026-02-27,11129,ZOON,CryptoZoon,0.00046932,327270.34620612,20538.62,coinmarketcap_data_api_listings_historical
2026-02-27,38808,EMPI,Emperor,0.01127541,327212.44342029,0.0,coinmarketcap_data_api_listings_historical
2026-02-27,5536,AG8,AtromG8,0.00776184,325997.4623696,0.0,coinmarketcap_data_api_listings_historical
2026-02-27,38012,RIOTon,Riot Platforms Tokenized Stock (Ondo),16.213238,325245.69938101,755711.08,coinmarketcap_data_api_listings_historical
2026-02-27,13916,OMAX,Omax Coin,3.748e-05,324905.62046611,211065.88,coinmarketcap_data_api_listings_historical
2026-02-27,9868,XCAD,XCAD Network,0.00165799,323006.15975856,152089.7,coinmarketcap_data_api_listings_historical
2026-02-27,14145,RIDE,holoride,0.00036617,322196.36795557,9366.78,coinmarketcap_data_api_listings_historical
2026-02-27,9686,MCHC,My Crypto Heroes,0.01177554,322128.07506691,7402.5,coinmarketcap_data_api_listings_historical
2026-02-27,37122,RYS,RefundYourSOL,0.00032591,320899.14657156,8593.75,coinmarketcap_data_api_listings_historical
2026-02-27,27894,JETTON,JetTon Games,0.03947345,320293.37661865,74701.32,coinmarketcap_data_api_listings_historical
2026-02-27,23359,MOVE,BlueMove,0.00146769,319222.88939348,0.0,coinmarketcap_data_api_listings_historical
2026-02-27,29282,WHALES,Whales Market,0.01224685,318838.51461459,8134.5,coinmarketcap_data_api_listings_historical
2026-02-27,12873,KLIMA,KlimaDAO,0.03963403,316967.84029801,0.0,coinmarketcap_data_api_listings_historical
2026-02-27,72,DEM,Deutsche eMark,0.00197598,312659.63836242,2.88,coinmarketcap_data_api_listings_historical
2026-02-27,8730,BELT,Belt Finance,0.03271604,312442.13822742,0.0,coinmarketcap_data_api_listings_historical
2026-02-27,9205,K21,K21,0.01698181,312216.4356011,10315.1,coinmarketcap_data_api_listings_historical
2026-02-27,32157,XR,XRADERS,0.00526851,311971.03203052,562206.58,coinmarketcap_data_api_listings_historical
2026-02-27,3908,DIO,Decimated,0.0005741,311884.68021014,21316.45,coinmarketcap_data_api_listings_historical
2026-02-27,36518,GASS,Gasspas,0.0,310998.93938592,140243.84,coinmarketcap_data_api_listings_historical
2026-02-27,34025,VVAIFU,Dasha,0.00031261,310501.17379073,224375.32,coinmarketcap_data_api_listings_historical
2026-02-27,22710,VIDT,VIDT DAO,0.00035688,310412.64345624,220.38,coinmarketcap_data_api_listings_historical
2026-02-27,38342,PINGPONG,PINGPONG,0.00107317,309654.18497012,15374.35,coinmarketcap_data_api_listings_historical
2026-02-27,39204,GTETH,GTETH,1936.57944507,309446.02952726,147900.44,coinmarketcap_data_api_listings_historical
2026-02-27,5601,STAKE,STAKE,0.03640989,308029.25907122,0.0,coinmarketcap_data_api_listings_historical
2026-02-27,38168,MTP,Multiple Network,0.00034982,307845.96695546,241556.75,coinmarketcap_data_api_listings_historical
2026-02-27,12140,RMRK,RMRK,0.03383875,307626.36954792,32.05,coinmarketcap_data_api_listings_historical
2026-02-27,38616,CORL,Coral Finance,0.00132063,306860.7062228,574348.37,coinmarketcap_data_api_listings_historical
2026-02-27,36419,RDAC,Redacted,0.00137801,305490.1749212,1222247.76,coinmarketcap_data_api_listings_historical
2026-02-27,23300,AIPAD,AIPAD,0.0015703,305091.24088008,152000.84,coinmarketcap_data_api_listings_historical
2026-02-27,38098,FIGon,Figma Ord Shs Tokenized Stock (Ondo),29.25665913,305041.50818652,1607682.16,coinmarketcap_data_api_listings_historical
2026-02-27,7110,NBS,New BitShares,0.00011693,304909.45777472,10155.06,coinmarketcap_data_api_listings_historical
2026-02-27,36389,SHADOW,Shadow Exchange,0.84043944,304794.1294466,86368.87,coinmarketcap_data_api_listings_historical
2026-02-27,29727,STAR,StarHeroes,0.00120185,304598.39208459,37145.5,coinmarketcap_data_api_listings_historical
2026-02-27,35789,BNBXBT,BNBXBT,0.00030422,304223.20570152,7505.86,coinmarketcap_data_api_listings_historical
2026-02-27,38013,MARAon,MARA Holdings Tokenized Stock (Ondo),8.98337784,304041.44781164,933566.74,coinmarketcap_data_api_listings_historical
2026-02-27,7616,LTX,Lattice Token,0.01059233,303511.44692271,69543.84,coinmarketcap_data_api_listings_historical
2026-02-27,9958,SMI,SafeMoon Inu,3e-07,302790.418421,0.0,coinmarketcap_data_api_listings_historical
2026-02-27,31752,BABYPEPE,Baby Pepe,7.2e-07,301700.979273,1335.47,coinmarketcap_data_api_listings_historical
2026-02-27,4680,FYD,FYDcoin,0.00049132,301659.64230309,0.0,coinmarketcap_data_api_listings_historical
2026-02-27,15744,PRISM,Prism,0.00052162,301055.57063556,8860.44,coinmarketcap_data_api_listings_historical
2026-02-27,5410,PRQ,PARSIQ,0.00096997,300941.23654773,112981.09,coinmarketcap_data_api_listings_historical
2026-02-27,3831,SHA,Safe Haven,9.911e-05,297922.21553346,0.0,coinmarketcap_data_api_listings_historical
2026-02-27,2363,ZAP,Zap,0.00125496,296351.35488965,0.0,coinmarketcap_data_api_listings_historical
2026-02-27,34555,ASTROS,ASTROS,0.0115769,295205.31034777,92.31,coinmarketcap_data_api_listings_historical
2026-02-27,10269,CHEEMS,Cheems,0.00011562,294921.33298665,201.01,coinmarketcap_data_api_listings_historical
2026-02-27,9468,SPORE,Spore,0.0,293261.57116244,0.0,coinmarketcap_data_api_listings_historical
2026-02-27,31649,BICITY,BiCity AI Projects,7.023e-05,293031.9711834,110622.46,coinmarketcap_data_api_listings_historical
2026-02-27,8567,HAPI,HAPI Protocol,0.39942306,292476.9034762,6382.87,coinmarketcap_data_api_listings_historical
2026-02-27,38932,MATTLE,MattleFun,0.0166077,290624.23351997,3696.45,coinmarketcap_data_api_listings_historical
2026-02-27,35282,WYAC,Woman Yelling At Cat,0.00029192,288995.85374242,0.0,coinmarketcap_data_api_listings_historical
2026-02-27,11919,FORWARD,Forward Protocol,5.775e-05,288728.66729694,0.0,coinmarketcap_data_api_listings_historical
2026-02-27,35147,TRUST,$TRUST ME BROs by Virtuals,0.00028871,287724.854363,0.0,coinmarketcap_data_api_listings_historical
2026-02-27,31775,AZUR,Azuro Protocol,0.00142625,286309.16890593,76452.57,coinmarketcap_data_api_listings_historical
2026-02-27,37997,GMEon,GameStop Tokenized Stock (Ondo),24.42642965,286224.32123356,803122.63,coinmarketcap_data_api_listings_historical
2026-02-27,10336,HAM,Hamster,0.0,283390.02365101,54048.44,coinmarketcap_data_api_listings_historical
2026-02-27,29443,QGOV,Q Protocol,0.00099034,282576.21169158,2459.09,coinmarketcap_data_api_listings_historical
2026-02-27,39101,DOYR,DOYR,0.00028188,281884.28241119,916412.81,coinmarketcap_data_api_listings_historical
2026-02-27,36634,RDO,Reddio,0.00010775,281879.03687962,45145.23,coinmarketcap_data_api_listings_historical
2026-02-27,38461,DUST,Dust,0.00028106,281062.34730215,234429.27,coinmarketcap_data_api_listings_historical
2026-02-27,12131,FRTS,Fruits,1.332e-05,280653.40511098,101115.85,coinmarketcap_data_api_listings_historical
2026-02-27,19216,BRWL,Blockchain Brawlers,0.00027999,279988.06807282,217.55,coinmarketcap_data_api_listings_historical
2026-02-27,30196,NEURA,neurahub,0.00339751,279762.6973474,0.0,coinmarketcap_data_api_listings_historical
2026-02-27,8707,ALPACA,Alpaca Finance,0.00184428,279718.89836592,154082.36,coinmarketcap_data_api_listings_historical
2026-02-27,15188,RADAR,DappRadar,0.00029132,279693.43866748,9687.79,coinmarketcap_data_api_listings_historical
2026-02-27,33452,USDS,TheStandard USD,0.99525775,279610.90783573,129525.31,coinmarketcap_data_api_listings_historical
2026-02-27,8132,BIFI,BiFi,0.0005833,279167.05293613,10506.84,coinmarketcap_data_api_listings_historical
2026-02-27,28851,GUI,Gui Inu,5e-07,278367.60864036,160520.24,coinmarketcap_data_api_listings_historical
2026-02-27,16481,KASTA,Kasta,0.00036354,278271.01134757,59128.32,coinmarketcap_data_api_listings_historical
2026-02-27,24502,WOJAK,Wojak (wojaketh),4e-06,277311.02613713,9824416.45,coinmarketcap_data_api_listings_historical
2026-02-27,7102,LINA,Linear Finance,2.769e-05,276802.69032696,1073.43,coinmarketcap_data_api_listings_historical
2026-02-27,9052,INFRA,Bware,0.06687308,276245.81859681,6677.34,coinmarketcap_data_api_listings_historical
2026-02-27,5007,TROY,TROY,2.758e-05,275773.20826696,9816.46,coinmarketcap_data_api_listings_historical
2026-02-27,22943,LL,LightLink,0.0033761,275726.87039206,131007.01,coinmarketcap_data_api_listings_historical
2026-02-27,32992,CBPAY,CBPAY Global,7.485e-05,275508.78122158,0.0,coinmarketcap_data_api_listings_historical
2026-02-27,38383,OUTLAW,OUTLAW Crypto Games,0.00027587,274600.12666455,4759.87,coinmarketcap_data_api_listings_historical
2026-02-27,8617,PKF,Red Kite,0.0023911,274240.44938061,0.0,coinmarketcap_data_api_listings_historical
2026-02-27,35230,TJRM,Tajir Tech Hub,0.00042466,273883.49977911,147280.37,coinmarketcap_data_api_listings_historical
2026-02-27,8162,AME,AME Chain,0.0005471,273547.74850955,64968.44,coinmarketcap_data_api_listings_historical
2026-02-27,21428,WALV,Wrapped Alvey Chain,0.00085232,272741.91283648,2720.34,coinmarketcap_data_api_listings_historical
2026-02-27,35877,YALA,Yala,0.00097699,272170.98405602,389795.3,coinmarketcap_data_api_listings_historical
2026-02-27,37409,UPTOP,UPTOP,0.00129432,271806.45449441,0.0,coinmarketcap_data_api_listings_historical
2026-02-27,35090,GRIFT,ORBIT,0.00027118,271089.59251398,547.52,coinmarketcap_data_api_listings_historical
2026-02-27,24645,FLIX,OmniFlix Network,0.00107917,270611.14850033,0.0,coinmarketcap_data_api_listings_historical
2026-02-27,31543,XETA,XANA,5.49e-05,270442.31927486,8889.7,coinmarketcap_data_api_listings_historical
2026-02-27,9125,GAINS,Gains,0.00698572,270307.50816582,9796.17,coinmarketcap_data_api_listings_historical
2026-02-27,30648,PEEZY,Young Peezy AKA Pepe,0.00027011,270108.14487343,276.82,coinmarketcap_data_api_listings_historical
2026-02-27,35117,AIPUMP,aiPump,0.00070886,269837.64325459,11839.5,coinmarketcap_data_api_listings_historical
2026-02-27,38368,OPENX,OpenxAI Network,0.02692697,269355.2185415,109816.37,coinmarketcap_data_api_listings_historical
2026-02-27,8519,RWA,Xend Finance,0.00251078,268738.06073914,11662.92,coinmarketcap_data_api_listings_historical
2026-02-27,29621,RABI,Rabi,0.00056733,267204.92879738,124428.54,coinmarketcap_data_api_listings_historical
2026-02-27,32415,SKBDI,Skibidi Toilet,0.0037909,265509.91793715,684658.82,coinmarketcap_data_api_listings_historical
2026-02-27,38905,TIMI,MetaArena,0.0006637,264316.1824513,20215.33,coinmarketcap_data_api_listings_historical
2026-02-27,32611,NOMNOM,nomnom,0.00027297,264023.00182589,66206.54,coinmarketcap_data_api_listings_historical
2026-02-27,35150,ACOLYT,Acolyt,0.0002679,262233.71582984,1368.89,coinmarketcap_data_api_listings_historical
2026-02-27,17207,GIV,Giveth,0.00068317,262012.04462627,175.58,coinmarketcap_data_api_listings_historical
2026-02-27,4411,TUP,TenUp,0.00247998,261319.91379803,2177.42,coinmarketcap_data_api_listings_historical
2026-02-27,2608,MITH,Mithril,0.00026115,261152.98832421,9984.4,coinmarketcap_data_api_listings_historical
2026-02-27,36841,ANGL,ANGL TOKEN,0.00108748,260089.7229973,0.0,coinmarketcap_data_api_listings_historical
2026-02-27,34089,RIF,Rifampicin,0.00026011,259910.17106399,245424.69,coinmarketcap_data_api_listings_historical
2026-02-27,36725,JANITOR,Janitor,0.00025844,258443.44031543,19185.15,coinmarketcap_data_api_listings_historical
2026-02-27,17208,HUAHUA,Chihuahua,2.75e-06,257728.44760031,0.0,coinmarketcap_data_api_listings_historical
2026-02-27,12813,SIN,Sinverse,0.00028869,257202.23361498,90829.71,coinmarketcap_data_api_listings_historical
2026-02-27,3388,FREE,FREEdom Coin,3e-08,254933.59587583,118232.87,coinmarketcap_data_api_listings_historical
2026-02-27,31770,HONK,Pepoclown,0.0,253888.39676986,0.0,coinmarketcap_data_api_listings_historical
2026-02-27,10622,XCV,XCarnival,0.00032035,253278.51706164,63005.86,coinmarketcap_data_api_listings_historical
2026-02-27,9017,PDEX,Polkadex,0.03024893,252881.09524936,12062.13,coinmarketcap_data_api_listings_historical
2026-02-27,33903,BGSOL,Bitget SOL Staking,93.18754467,252777.07614937,623165.39,coinmarketcap_data_api_listings_historical
2026-02-27,38452,ETAN,Etarn,0.00300082,252604.2974076,130150.41,coinmarketcap_data_api_listings_historical
2026-02-27,36537,SGC,SGC,0.00014909,252464.85514808,903400.79,coinmarketcap_data_api_listings_historical
2026-02-27,36747,SKATE,Skate,0.00155991,251950.31285073,369095.64,coinmarketcap_data_api_listings_historical
2026-02-27,31154,GALAXIS,GALAXIS Token,9.401e-05,251578.29392964,54431.62,coinmarketcap_data_api_listings_historical
2026-02-27,28417,NUT,Nutcoin,1e-08,251455.5879347,73231.77,coinmarketcap_data_api_listings_historical
2026-02-27,23633,HVH,HAVAH,0.00011062,250089.23605471,44329.16,coinmarketcap_data_api_listings_historical
2026-02-27,30968,LONG,Long,3.2e-07,249898.30003478,0.39,coinmarketcap_data_api_listings_historical
2026-02-27,33351,TERMINUS,TERMINUS,0.00249886,249885.81881711,98893.64,coinmarketcap_data_api_listings_historical
2026-02-27,32224,CYBRO,CYBRO,0.00188296,249301.48439411,52345.26,coinmarketcap_data_api_listings_historical
2026-02-27,34165,ORA,ORA,0.00679626,249196.14908379,0.0,coinmarketcap_data_api_listings_historical
2026-02-27,38250,MCGA,Make CRO Great Again,0.00024891,248913.9211314,0.0,coinmarketcap_data_api_listings_historical
2026-02-27,36017,PAWS,PAWS,4.69e-06,248573.36442716,271942.37,coinmarketcap_data_api_listings_historical
2026-02-27,18775,WLKN,Walken,0.00015882,248571.78414601,1098.94,coinmarketcap_data_api_listings_historical
2026-02-27,9071,XCHNG,Chainge,0.0005237,248255.91391274,51.41,coinmarketcap_data_api_listings_historical
2026-02-27,34498,ITHACA,Ithaca Protocol,0.00309861,247226.07400243,68118.23,coinmarketcap_data_api_listings_historical
2026-02-27,37464,MARIE,Marie Rose,0.00058767,247225.24832247,1.36,coinmarketcap_data_api_listings_historical
2026-02-27,37060,NFLXX,Netflix tokenized stock (xStock),98.81454145,247036.32101746,103187.46,coinmarketcap_data_api_listings_historical
2026-02-27,8509,XMON,XMON,165.20193245,246963.30446435,3417.9,coinmarketcap_data_api_listings_historical
2026-02-27,2041,BTCZ,BitcoinZ,1.959e-05,246956.53919546,4.25,coinmarketcap_data_api_listings_historical
2026-02-27,35545,EDWIN,Edwin,0.00024604,246039.48591486,4133.79,coinmarketcap_data_api_listings_historical
2026-02-27,31494,PIXFI,Pixelverse,6.332e-05,244907.85685065,271077.52,coinmarketcap_data_api_listings_historical
2026-02-27,30007,HUND,HUND,0.0006123,244872.84416803,124195.79,coinmarketcap_data_api_listings_historical
2026-02-27,28094,MKUSD,Prisma mkUSD,0.99646411,244360.470157,0.0,coinmarketcap_data_api_listings_historical
2026-02-27,38552,BTC,Bitcoin Base,0.01168423,244331.12530319,460.77,coinmarketcap_data_api_listings_historical
2026-02-27,38700,SVSA,SavannaSurvival,0.00127293,244155.68957786,336132.76,coinmarketcap_data_api_listings_historical
2026-02-27,6747,CRU,Crust Network,0.01721583,243407.21730688,42343.37,coinmarketcap_data_api_listings_historical
2026-02-27,27686,HTM,Hatom,0.01448658,241454.52332487,116604.97,coinmarketcap_data_api_listings_historical
2026-02-27,5836,IDNA,Idena,0.00275151,239220.41796329,775.73,coinmarketcap_data_api_listings_historical
2026-02-27,28047,LSD,L7,0.0058404,239115.10044332,0.0,coinmarketcap_data_api_listings_historical
2026-02-27,37527,UNITE,Unite,8.105e-05,237638.58938907,202047.68,coinmarketcap_data_api_listings_historical
2026-02-27,32448,BRAINLET,Brainlet,0.00024924,237499.01327757,649.93,coinmarketcap_data_api_listings_historical
2026-02-27,28836,KIMBO,Kimbo,3.42e-06,237399.00373502,57395.22,coinmarketcap_data_api_listings_historical
2026-02-27,38016,APPon,AppLovin Tokenized Stock (Ondo),432.41478478,237254.46418994,20974.28,coinmarketcap_data_api_listings_historical
2026-02-27,29386,LNDX,LandX Finance,0.01664144,236054.10877856,9754.48,coinmarketcap_data_api_listings_historical
2026-02-27,35590,RIZ,Rivalz Network,0.00020489,235820.63028843,219901.24,coinmarketcap_data_api_listings_historical
2026-02-27,4452,BDP,BidiPass,0.00060951,235656.7801963,0.0,coinmarketcap_data_api_listings_historical
2026-02-27,36011,OIK,Space Nation Oikos,0.00067704,234760.76529314,227108.28,coinmarketcap_data_api_listings_historical
2026-02-27,34636,SCI,PoSciDonDAO,0.0657467,234497.00331906,1319.12,coinmarketcap_data_api_listings_historical
2026-02-27,39277,MRNAon,Moderna Tokenized Stock (Ondo),53.63459348,233038.3402409,1558.08,coinmarketcap_data_api_listings_historical
2026-02-27,9562,CLS,Coldstack,0.00990939,233011.10126246,16577.51,coinmarketcap_data_api_listings_historical
2026-02-27,35526,1R0R,R0AR,0.00056074,232025.61060739,47365.04,coinmarketcap_data_api_listings_historical
2026-02-27,34284,WSHIDO,Wrapped Shido,0.00026733,230728.27218305,0.0,coinmarketcap_data_api_listings_historical
2026-02-27,33520,BABYNEIRO,Baby Neiro BNB,0.0,230087.76,0.0,coinmarketcap_data_api_listings_historical
2026-02-27,20719,OLE,OpenLeverage,0.00121787,229728.10678499,8627.06,coinmarketcap_data_api_listings_historical
2026-02-27,10841,WSPP,Wolf Safe Poor People,0.0,228837.852224,444.7,coinmarketcap_data_api_listings_historical
2026-02-27,14133,WAM,WAM,0.00049178,228567.6203792,21023.22,coinmarketcap_data_api_listings_historical
2026-02-27,31923,HAWKTUAH,Hawk Tuah (hawktuah.vip),0.00026601,228426.43807187,0.0,coinmarketcap_data_api_listings_historical
2026-02-27,9962,STARSHIP,STARSHIP,0.01204281,227708.56619728,0.0,coinmarketcap_data_api_listings_historical
2026-02-27,18353,RITE,ritestream,0.00026856,227547.91043489,18392.9,coinmarketcap_data_api_listings_historical
2026-02-27,38573,SP,Smart Pocket,0.00021843,227305.53829734,66015.49,coinmarketcap_data_api_listings_historical
2026-02-27,15830,GMR,GAMER,0.00069493,226993.52783417,0.0,coinmarketcap_data_api_listings_historical
2026-02-27,31601,SELFIE,SelfieDogCoin,0.00022799,224279.94764343,5329.53,coinmarketcap_data_api_listings_historical
2026-02-27,10421,XTM,Torum,0.00115362,223913.62425952,44171.57,coinmarketcap_data_api_listings_historical
2026-02-27,14489,CDT,CheckDot,0.02884237,223402.44987565,0.0,coinmarketcap_data_api_listings_historical
2026-02-27,39432,DONT,DisclaimerCoin,1.75e-06,223277.26583262,761895.14,coinmarketcap_data_api_listings_historical
2026-02-27,28930,OMD,OneMillionDollars,0.00017458,222372.90521719,30405.57,coinmarketcap_data_api_listings_historical
2026-02-27,24381,OTK,Octokn,0.00045115,220852.15663482,12371.38,coinmarketcap_data_api_listings_historical
2026-02-27,35566,HOOD,Robinhood,4.95e-06,220553.58870787,153726.37,coinmarketcap_data_api_listings_historical
2026-02-27,27194,GMAC,Gemach,0.00044066,220328.08995972,0.0,coinmarketcap_data_api_listings_historical
2026-02-27,3052,GOC,GoCrypto Token,0.00089425,219339.09256246,0.0,coinmarketcap_data_api_listings_historical
2026-02-27,17569,MOONEY,MoonDAO,0.00015888,218483.85045147,8992.18,coinmarketcap_data_api_listings_historical
2026-02-27,21701,SKEB,Skeb Coin,0.00018903,218049.61002534,32.75,coinmarketcap_data_api_listings_historical
2026-02-27,35761,BROCCOLI,Broccoli (broccolibnb.org),0.00117802,217062.58443084,260615.33,coinmarketcap_data_api_listings_historical
2026-02-27,10042,KAR,Karura,0.00185398,216297.99307436,57790.48,coinmarketcap_data_api_listings_historical
2026-02-27,11663,ELMON,Elemon,0.00033462,215800.23287581,0.0,coinmarketcap_data_api_listings_historical
2026-02-27,28857,ZKF,ZKFair,2.15e-05,214994.33526312,50665.76,coinmarketcap_data_api_listings_historical
2026-02-27,10275,CATGIRL,catgirl,0.0,214517.62025018,0.0,coinmarketcap_data_api_listings_historical
2026-02-27,36805,AVM,Agent Virtual Machine,0.00404265,214444.26257022,0.0,coinmarketcap_data_api_listings_historical
2026-02-27,16975,TTM,Tradetomato,0.00265671,214233.55902076,818.52,coinmarketcap_data_api_listings_historical
2026-02-27,9828,NAFT,Nafter,0.00021468,214174.04975758,7947.91,coinmarketcap_data_api_listings_historical
2026-02-27,6537,RFUEL,RioDeFi,0.00062114,214012.84463885,9064.98,coinmarketcap_data_api_listings_historical
2026-02-27,5522,SENSO,SENSO,0.00304236,213783.8160457,67633.28,coinmarketcap_data_api_listings_historical
2026-02-27,32506,MAX,Matr1x,0.00163617,213552.777929,9062.02,coinmarketcap_data_api_listings_historical
2026-02-27,36411,BOOM,Boom,0.00082035,213364.8545027,538537.83,coinmarketcap_data_api_listings_historical
2026-02-27,16389,UX,UX Chain,5.353e-05,213282.05170584,0.0,coinmarketcap_data_api_listings_historical
2026-02-27,35484,ALPHA,Alpha,0.00021319,213194.59917056,0.0,coinmarketcap_data_api_listings_historical
2026-02-27,10046,MOOV,Dotmoovs,0.00029147,213116.95420666,37259.75,coinmarketcap_data_api_listings_historical
2026-02-27,7422,PLOT,PlotX,0.0032048,212537.42451742,0.0,coinmarketcap_data_api_listings_historical
2026-02-27,23546,CSIX,Carbon browser,0.00053358,211608.44131858,69179.5,coinmarketcap_data_api_listings_historical
2026-02-27,23846,LAI,LayerAI,3.843e-05,211324.27424399,175739.67,coinmarketcap_data_api_listings_historical
2026-02-27,34078,ELIZA,Eliza (elizawakesup),0.000211,210984.7178979,82061.55,coinmarketcap_data_api_listings_historical
2026-02-27,12799,IOEN,Internet of Energy Network,0.00066386,210478.67379771,845.0,coinmarketcap_data_api_listings_historical
2026-02-27,11446,SCCP,S.C. Corinthians Fan Token,0.03237201,210388.84026784,62574.25,coinmarketcap_data_api_listings_historical
2026-02-27,36720,FLY,Fly.trade,0.01496754,210158.29153282,68560.39,coinmarketcap_data_api_listings_historical
2026-02-27,7812,SYNC,SYNC Network,0.00099757,210036.37852017,0.0,coinmarketcap_data_api_listings_historical
2026-02-27,35629,EXPERT,EXPERT_MONEY,0.00028757,209918.86845857,55266.93,coinmarketcap_data_api_listings_historical
2026-02-27,24050,PMG,Pomerium,0.00119218,208477.9646596,43806.61,coinmarketcap_data_api_listings_historical
2026-02-27,35662,AGON,AGON Agent,0.00020636,206356.47801439,815.39,coinmarketcap_data_api_listings_historical
2026-02-27,20236,GST,Green Satoshi Token (BSC),0.0009712,206296.12502783,35.62,coinmarketcap_data_api_listings_historical
2026-02-27,2578,TONE,TE-FOOD,0.00020594,205944.7945336,0.0,coinmarketcap_data_api_listings_historical
2026-02-27,38232,SHITCOIN,Just A Shitcoin,0.0002059,205902.49949108,2508.58,coinmarketcap_data_api_listings_historical
2026-02-27,29605,G3,GAM3S.GG,0.00030966,205287.79045714,142922.34,coinmarketcap_data_api_listings_historical
2026-02-27,8801,LIGHT,Light,0.00317679,204171.43333594,0.0,coinmarketcap_data_api_listings_historical
2026-02-27,38336,ART,LiveArt,0.00051782,203966.99230845,274049.12,coinmarketcap_data_api_listings_historical
2026-02-27,34910,@G,Graphite Network,0.01975244,203208.44336896,238525.91,coinmarketcap_data_api_listings_historical
2026-02-27,30550,HAMI,HAMI,0.00021099,203010.02825094,52970.32,coinmarketcap_data_api_listings_historical
2026-02-27,20154,ACQ,Acquire.Fi,0.00126403,202962.0575829,302215.9,coinmarketcap_data_api_listings_historical
2026-02-27,12278,PYM,Playermon,0.00047497,202844.58329074,19841.96,coinmarketcap_data_api_listings_historical
2026-02-27,10294,DFL,DeFi Land,2.841e-05,202799.31166884,218.0,coinmarketcap_data_api_listings_historical
2026-02-27,7412,UFT,UniLend,0.00220217,201870.46643413,45529.78,coinmarketcap_data_api_listings_historical
2026-02-27,8075,RLY,Rally,3.24e-05,201561.0171929,393.84,coinmarketcap_data_api_listings_historical
2026-02-27,20716,FER,Ferro,0.00021545,200909.3390457,3461.54,coinmarketcap_data_api_listings_historical
2026-02-27,37297,TANSSI,Tanssi,0.0005591,200430.79214829,736479.55,coinmarketcap_data_api_listings_historical
2026-02-27,10232,MAKI,MakiSwap,0.00290195,200152.50922291,0.0,coinmarketcap_data_api_listings_historical
2026-02-27,5423,DSLA,DSLA Protocol,3.641e-05,199953.67867477,0.0,coinmarketcap_data_api_listings_historical
2026-02-27,38412,STRSZN,Stream SZN,0.00019758,197578.65616809,0.0,coinmarketcap_data_api_listings_historical
2026-02-27,36771,BOMB,Bombie,2.194e-05,197485.28800327,64649.06,coinmarketcap_data_api_listings_historical
2026-02-27,17969,HON,Heroes of NFT,0.00213661,196799.20247986,497.41,coinmarketcap_data_api_listings_historical
2026-02-27,35448,BUNKER,BunkerCoin,0.00019665,196650.85249302,0.0,coinmarketcap_data_api_listings_historical
2026-02-27,6942,JGN,Juggernaut,0.00130584,195875.39663125,0.0,coinmarketcap_data_api_listings_historical
2026-02-27,788,COVAL,Circuits of Value,0.00010923,194966.26929885,0.0,coinmarketcap_data_api_listings_historical
2026-02-27,38137,HYPR,Hypr,0.00027842,194895.34303442,0.0,coinmarketcap_data_api_listings_historical
2026-02-27,25,GLC,Goldcoin,0.00444357,194101.46059911,184.08,coinmarketcap_data_api_listings_historical
2026-02-27,34855,LUIGI,Luigi Mangione,0.00019325,193242.95314665,0.0,coinmarketcap_data_api_listings_historical
2026-02-27,7245,STBU,Stobox Token,0.00128786,193178.80563634,50361.89,coinmarketcap_data_api_listings_historical
2026-02-27,10704,BMON,Binamon,0.00167212,193052.86793611,12672.7,coinmarketcap_data_api_listings_historical
2026-02-27,32288,torsy,TORSY,0.0002752,192640.89785334,108.94,coinmarketcap_data_api_listings_historical
2026-02-27,38087,SBETon,"SharpLink Gaming, Inc Tokenized Stock (Ondo)",6.77728223,192632.16251523,1491954.1,coinmarketcap_data_api_listings_historical
2026-02-27,31881,LKI,Laika AI,0.00044796,191833.90509284,272969.42,coinmarketcap_data_api_listings_historical
2026-02-27,4927,GRG,RigoBlock,0.07100045,191776.67994534,0.0,coinmarketcap_data_api_listings_historical
2026-02-27,33614,MemesAI,Memes AI,0.00019091,190908.3409148,101085.82,coinmarketcap_data_api_listings_historical
2026-02-27,12781,XTAG,xHashtag AI,0.00288436,190855.55070758,28412.27,coinmarketcap_data_api_listings_historical
2026-02-27,39147,TTD,TradeTide,0.00138231,190068.22084841,486852.0,coinmarketcap_data_api_listings_historical
2026-02-27,35189,GEKKO,Gekko AI,0.00018991,189906.74364197,0.0,coinmarketcap_data_api_listings_historical
2026-02-27,4134,KAON,Kaon,4.277e-05,189719.49798765,13344.79,coinmarketcap_data_api_listings_historical
2026-02-27,31497,WBB,Wrapped BounceBit,0.02579598,188791.61473919,0.0,coinmarketcap_data_api_listings_historical
2026-02-27,29328,DEFROGS,DeFrogs,18.85539565,188553.95650071,0.0,coinmarketcap_data_api_listings_historical
2026-02-27,7699,CFi,CyberFi Token,0.07840067,188161.61820369,0.0,coinmarketcap_data_api_listings_historical
2026-02-27,22827,WNRG,Wrapped-Energi,0.01358268,187808.1960628,0.0,coinmarketcap_data_api_listings_historical
2026-02-27,16919,5IRE,5ire,0.00012821,187784.42711513,163587.15,coinmarketcap_data_api_listings_historical
2026-02-27,36619,ASRR,Assisterr AI,0.01278459,186910.63596183,5402.47,coinmarketcap_data_api_listings_historical
2026-02-27,36953,XO,XOCIETY,0.00024823,186171.94220338,68589.67,coinmarketcap_data_api_listings_historical
2026-02-27,36826,BRIC,Redbrick,0.0007914,186064.89717355,80338.43,coinmarketcap_data_api_listings_historical
2026-02-27,28613,PIKACHU,PIKACHU INU,0.0,185893.59397532,0.0,coinmarketcap_data_api_listings_historical
2026-02-27,7588,GSWAP,Gameswap,0.01684782,185879.2676969,0.0,coinmarketcap_data_api_listings_historical
2026-02-27,24996,KEKE,KEK,0.0,185769.51119554,0.45,coinmarketcap_data_api_listings_historical
2026-02-27,36379,ELDE,Elderglade,0.00092659,185550.29061338,156504.19,coinmarketcap_data_api_listings_historical
2026-02-27,39209,POLLY,Polly Penguin,0.00018468,184676.0471155,6144.14,coinmarketcap_data_api_listings_historical
2026-02-27,30407,ROOST,Roost Coin,0.000197,184616.54757205,13666.61,coinmarketcap_data_api_listings_historical
2026-02-27,30089,KOKO,Koala AI,2e-08,184222.71573319,131.76,coinmarketcap_data_api_listings_historical
2026-02-27,38207,CELB,CeluvPlay,0.00077116,184114.69936786,12096.56,coinmarketcap_data_api_listings_historical
2026-02-27,8365,CWS,Seascape Crowns,0.02407694,184088.70338081,46357.16,coinmarketcap_data_api_listings_historical
2026-02-27,8236,GLCH,Glitch,0.00232109,184022.8724566,0.0,coinmarketcap_data_api_listings_historical
2026-02-27,20048,WNDR,Wonderman Nation,0.01292766,183773.12676265,9214.89,coinmarketcap_data_api_listings_historical
2026-02-27,1669,HMQ,Humaniq,0.00088686,183707.75824939,0.0,coinmarketcap_data_api_listings_historical
2026-02-27,29145,BNBLION,BNB LION,0.0,183013.59095148,2349.51,coinmarketcap_data_api_listings_historical
2026-02-27,30767,TICO,Funtico,8.531e-05,182493.20764582,13859.78,coinmarketcap_data_api_listings_historical
2026-02-27,11130,PVU,Plant Vs Undead,0.00061231,181824.90849653,10034.31,coinmarketcap_data_api_listings_historical
2026-02-27,8621,WATCH,yieldwatch,0.00923206,181645.88045501,0.0,coinmarketcap_data_api_listings_historical
2026-02-27,5328,WOM,WOM Protocol,0.00093838,181107.15602711,1.52,coinmarketcap_data_api_listings_historical
2026-02-27,2444,C20,CRYPTO20,0.00448263,180930.1344384,0.0,coinmarketcap_data_api_listings_historical
2026-02-27,30979,eloncoin,eloncoin,2.6e-07,179895.30182189,0.0,coinmarketcap_data_api_listings_historical
2026-02-27,19162,BEND,BendDAO,4.391e-05,178751.13244251,38.41,coinmarketcap_data_api_listings_historical
2026-02-27,21217,MMIT,MangoMan Intelligent,0.0,178418.90602507,179.82,coinmarketcap_data_api_listings_historical
2026-02-27,23196,GRV,Grove Coin,0.00187227,178021.76371064,19112.99,coinmarketcap_data_api_listings_historical
2026-02-27,19779,DMAIL,DMAIL Network,0.00144279,177326.58527049,193074.54,coinmarketcap_data_api_listings_historical
2026-02-27,9954,NETVR,Netvrk,0.00177569,176743.28474691,0.0,coinmarketcap_data_api_listings_historical
2026-02-27,34915,BEATS,Beats on Base,0.00027354,176375.88702234,1765.13,coinmarketcap_data_api_listings_historical
2026-02-27,38438,RAGE,Rage Guy,0.00017869,175840.29780367,13253.69,coinmarketcap_data_api_listings_historical
2026-02-27,4118,FOR,ForTube,0.00022117,175830.7909244,9069.66,coinmarketcap_data_api_listings_historical
2026-02-27,30278,YAI,Ÿ,0.0019302,175647.99639282,0.0,coinmarketcap_data_api_listings_historical
2026-02-27,12487,DARK,Dark Frontiers,0.0010141,175550.08567091,8880.27,coinmarketcap_data_api_listings_historical
2026-02-27,8637,SLICE,Tranche Finance,0.00877009,175401.72739494,9287.67,coinmarketcap_data_api_listings_historical
2026-02-27,37278,FCK925,FCK925,0.00017529,175288.8287797,0.0,coinmarketcap_data_api_listings_historical
2026-02-27,24968,ELMO,Elmo,0.00066004,174652.01040536,0.0,coinmarketcap_data_api_listings_historical
2026-02-27,31036,CARLO,Carlo,0.00018797,174236.79864107,0.0,coinmarketcap_data_api_listings_historical
2026-02-27,29665,KNINE,K9 Finance,4.3e-07,174236.0898573,14379.57,coinmarketcap_data_api_listings_historical
2026-02-27,34007,BARSIK,Hasbulla's Cat,0.00017419,174176.99695119,155253.47,coinmarketcap_data_api_listings_historical
2026-02-27,32464,NEIRO,Neiro (neiro.lol),0.00017412,174118.68422567,232454.34,coinmarketcap_data_api_listings_historical
2026-02-27,31284,HAMMY,SAD HAMSTER,0.00018485,174114.24358606,0.0,coinmarketcap_data_api_listings_historical
2026-02-27,12653,ROCO,ROCO FINANCE,0.01002787,173470.14838169,0.0,coinmarketcap_data_api_listings_historical
2026-02-27,37221,AP,America Party,0.00017321,173208.84678634,0.0,coinmarketcap_data_api_listings_historical
2026-02-27,4850,LINKA,LINKA,0.00024906,172885.90389811,0.0,coinmarketcap_data_api_listings_historical
2026-02-27,12280,BHO,BHO Network,4.261e-05,172176.6322286,0.0,coinmarketcap_data_api_listings_historical
2026-02-27,34754,FOMO,FOMO (fomo.fund),1.72e-06,172127.80191791,3455.18,coinmarketcap_data_api_listings_historical
2026-02-27,6827,JOY,Joystream,0.00015374,172062.81796847,7974.37,coinmarketcap_data_api_listings_historical
2026-02-27,35774,BUTTCOIN,The Next Bitcoin,0.00017196,171815.6360544,95209.12,coinmarketcap_data_api_listings_historical
2026-02-27,27809,XRP,HarryPotterObamaPacMan8Inu,0.00210279,171582.35636084,0.0,coinmarketcap_data_api_listings_historical
2026-02-27,35073,NEUR,neur.sh,0.00018389,170899.15365193,1744.27,coinmarketcap_data_api_listings_historical
2026-02-27,30645,POWSCHE,Powsche,0.00179748,170849.78448625,1262.59,coinmarketcap_data_api_listings_historical
2026-02-27,7590,DVI,Dvision Network,0.00017038,170383.47429918,0.0,coinmarketcap_data_api_listings_historical
2026-02-27,33468,SEED,SEED,0.00047877,170356.71632414,3690.41,coinmarketcap_data_api_listings_historical
2026-02-27,9840,NSFW,Pleasure Coin,6.93e-06,169869.01122447,0.0,coinmarketcap_data_api_listings_historical
2026-02-27,10586,TABOO,TABOO TOKEN,1.727e-05,168989.10113638,0.0,coinmarketcap_data_api_listings_historical
2026-02-27,3935,SRK,SparkPoint,1.296e-05,168605.67177894,0.0,coinmarketcap_data_api_listings_historical
2026-02-27,34583,MYSTERY,Mystery,0.0,167842.97578989,123652.94,coinmarketcap_data_api_listings_historical
2026-02-27,8387,AUTO,Auto,2.18498169,167513.39254715,0.0,coinmarketcap_data_api_listings_historical
2026-02-27,34571,BULLY,Dolos The Bully,0.000174,167132.8271566,74415.1,coinmarketcap_data_api_listings_historical
2026-02-27,38251,PLANCK,Planck,0.00218226,167066.92470432,1245655.96,coinmarketcap_data_api_listings_historical
2026-02-27,16652,WNK,The Winkyverse,2.978e-05,167062.03814375,41.45,coinmarketcap_data_api_listings_historical
2026-02-27,37566,DARKSTAR,DarkStar,0.0005475,165466.32882322,6253.75,coinmarketcap_data_api_listings_historical
2026-02-27,39316,VRTon,Vertiv Tokenized Stock (Ondo),253.93359984,165434.45602,144627.47,coinmarketcap_data_api_listings_historical
2026-02-27,11945,MAT,My Master War,0.00169691,164442.17401605,0.0,coinmarketcap_data_api_listings_historical
2026-02-27,11529,GALO,Clube Atlético Mineiro Fan Token,0.03490639,164358.75976188,9543.19,coinmarketcap_data_api_listings_historical
2026-02-27,1185,FREED,FreedomCoin,0.02485954,164182.03716335,1500.16,coinmarketcap_data_api_listings_historical
2026-02-27,11983,HUDI,Hudi,0.00813206,163950.50758859,0.0,coinmarketcap_data_api_listings_historical
2026-02-27,2553,RFR,Refereum,3.277e-05,163806.18901259,9684.18,coinmarketcap_data_api_listings_historical
2026-02-27,30619,CHUCK,Chuck,0.0001863,163455.2420644,55674.69,coinmarketcap_data_api_listings_historical
2026-02-27,34793,STARS,STARS,3.88e-06,163062.35634088,263.68,coinmarketcap_data_api_listings_historical
2026-02-27,37521,MINDFAK,Mindfak By Matt Furie,0.00023571,162638.23501889,640526.14,coinmarketcap_data_api_listings_historical
2026-02-27,9693,DOGGY,DOGGY,7.201e-05,162064.0513082,0.0,coinmarketcap_data_api_listings_historical
2026-02-27,36638,NURA,Nura Labs,1.62e-05,161968.22284041,660372.46,coinmarketcap_data_api_listings_historical
2026-02-27,35085,ANDY,Andy BSC,0.0,161128.3371,0.0,coinmarketcap_data_api_listings_historical
2026-02-27,34516,RAT,RAT Escape,0.00016108,161071.78875151,20074.97,coinmarketcap_data_api_listings_historical
2026-02-27,34552,AIXCB,aixCB by Virtuals,0.00016203,160982.07179814,0.0,coinmarketcap_data_api_listings_historical
2026-02-27,32797,IVfun,Invest Zone,0.00017102,160794.15124746,0.0,coinmarketcap_data_api_listings_historical
2026-02-27,38851,UTOPIA,Utopia,0.00017849,160625.03202008,1560889.52,coinmarketcap_data_api_listings_historical
2026-02-27,12294,ERTHA,Ertha,8.026e-05,160519.58315393,0.0,coinmarketcap_data_api_listings_historical
2026-02-27,28882,AIT,AIT Protocol,0.00054006,160002.15232646,169.23,coinmarketcap_data_api_listings_historical
2026-02-27,11349,ADAPAD,ADAPad,0.0013594,159923.16074498,11006.38,coinmarketcap_data_api_listings_historical
2026-02-27,30448,ORBT,Orbitt Token,0.01070414,159919.90760812,0.0,coinmarketcap_data_api_listings_historical
2026-02-27,35469,ONDOAI,Ondo DeFAI,0.00015992,159917.12032603,0.0,coinmarketcap_data_api_listings_historical
2026-02-27,11209,TRAVA,TRAVA.FINANCE,3.536e-05,159465.24424387,64548.22,coinmarketcap_data_api_listings_historical
2026-02-27,33858,888,888,0.00179338,159349.7273285,0.0,coinmarketcap_data_api_listings_historical
2026-02-27,30102,WSDM,Wisdomise AI,0.00024886,159259.93421876,130644.29,coinmarketcap_data_api_listings_historical
2026-02-27,35236,KUDAI,Kudai,1.59e-06,159208.9555473,0.0,coinmarketcap_data_api_listings_historical
2026-02-27,27076,WTFUEL,Wrapped TFUEL,0.01385296,159185.91484338,0.0,coinmarketcap_data_api_listings_historical
2026-02-27,37754,LOOBY,Looby By Stephen Bliss,0.00016654,158707.71824911,0.0,coinmarketcap_data_api_listings_historical
2026-02-27,33571,SWORLD,Seedworld,2.627e-05,158380.77873515,0.0,coinmarketcap_data_api_listings_historical
2026-02-27,33489,SPEEDY,Speedy,0.0001579,157900.17099893,0.0,coinmarketcap_data_api_listings_historical
2026-02-27,9461,XWG,X World Games,4.614e-05,157715.44223312,0.0,coinmarketcap_data_api_listings_historical
2026-02-27,38871,LONG,Belong,0.00221692,157327.30409795,78875.49,coinmarketcap_data_api_listings_historical
2026-02-27,19476,TIFI,TiFi Token,0.0,156459.60517127,0.0,coinmarketcap_data_api_listings_historical
2026-02-27,7750,EDEN,Eden,0.01182336,156454.08617898,931.86,coinmarketcap_data_api_listings_historical
2026-02-27,34209,SUGAR,Sugar Boy,0.00015938,155613.283451,6196.88,coinmarketcap_data_api_listings_historical
2026-02-27,14661,SPFC,Sao Paulo FC Fan Token,0.03255663,155550.6419065,10819.95,coinmarketcap_data_api_listings_historical
2026-02-27,18182,WGLMR,Wrapped Moonbeam,0.01360685,155417.16316414,30.41,coinmarketcap_data_api_listings_historical
2026-02-27,31716,SKAI,Skillful AI,0.00041009,155198.55620861,9884.91,coinmarketcap_data_api_listings_historical
2026-02-27,33901,AIPO,Aipocalypto,0.00110599,154285.73011988,14842.8,coinmarketcap_data_api_listings_historical
2026-02-27,19670,KZEN,Kaizen Finance,0.00035962,154190.73603713,32499.39,coinmarketcap_data_api_listings_historical
2026-02-27,38532,PKM,Pockemy,0.00015418,154168.99929935,32.77,coinmarketcap_data_api_listings_historical
2026-02-27,1834,PLR,Pillar,0.00059421,154106.24536889,13.92,coinmarketcap_data_api_listings_historical
2026-02-27,18184,BBS,BBS Network,0.00219471,153521.80621061,301.27,coinmarketcap_data_api_listings_historical
2026-02-27,15889,MEFA,Metaverse Face,1.608e-05,152975.20948602,0.0,coinmarketcap_data_api_listings_historical
2026-02-27,5906,NVT,NerveNetwork,0.00055194,152877.26637351,0.0,coinmarketcap_data_api_listings_historical
2026-02-27,17073,FYN,Affyn,0.00060084,152633.03514962,10460.42,coinmarketcap_data_api_listings_historical
2026-02-27,34971,NC,Nodepay,0.00085942,152522.92474074,319148.62,coinmarketcap_data_api_listings_historical
2026-02-27,32368,FEFE,Fefe,0.00036197,152278.19807499,55529.35,coinmarketcap_data_api_listings_historical
2026-02-27,32790,EBULL,ETHEREUM IS GOOD,1.521e-05,152055.51958612,109.74,coinmarketcap_data_api_listings_historical
2026-02-27,16996,PIP,Pip,0.00027827,151635.51737859,0.0,coinmarketcap_data_api_listings_historical
2026-02-27,7882,WOZX,Efforce,0.00028611,150817.75717681,0.0,coinmarketcap_data_api_listings_historical
2026-02-27,9345,BSCS,BSCS,0.00055865,150811.41195837,8817.68,coinmarketcap_data_api_listings_historical
2026-02-27,34090,URO,Urolithin A,0.00015068,150541.45236429,0.0,coinmarketcap_data_api_listings_historical
2026-02-27,30011,SKID,Success Kid,0.00173132,150179.73219893,0.0,coinmarketcap_data_api_listings_historical
2026-02-27,36355,HOSICO,Hosico,0.00015018,150179.42172243,93551.03,coinmarketcap_data_api_listings_historical
2026-02-27,7805,MUSE,Muse,0.2950604,150054.14854875,9714.08,coinmarketcap_data_api_listings_historical
2026-02-27,18802,DUST,Dust Protocol,0.00783381,149970.1277697,116.18,coinmarketcap_data_api_listings_historical
2026-02-27,36448,TGT,TOKYO GAMES TOKEN,0.00092852,149327.41005099,205993.79,coinmarketcap_data_api_listings_historical
2026-02-27,19268,PLY,Aurigami,3.6e-05,148548.16664248,0.0,coinmarketcap_data_api_listings_historical
2026-02-27,13632,GENE,Genopets,0.00165152,148432.52376452,121.25,coinmarketcap_data_api_listings_historical
2026-02-27,39187,OOOO,oooo,0.00093262,147913.68933917,332425.83,coinmarketcap_data_api_listings_historical
2026-02-27,39208,FKH,Flying Ketamine Horse,0.0001498,147778.28016177,137161.34,coinmarketcap_data_api_listings_historical
2026-02-27,38512,KLINK,Klink Finance,0.00063655,147468.3052458,250161.65,coinmarketcap_data_api_listings_historical
2026-02-27,26585,PLANET,PLANET,1.7e-07,147385.60742507,8669.5,coinmarketcap_data_api_listings_historical
2026-02-27,35651,ANLOG,Analog,7.925e-05,147178.29279058,133794.01,coinmarketcap_data_api_listings_historical
2026-02-27,12722,CWAR,Cryowar,0.00056265,146287.97532293,8783.01,coinmarketcap_data_api_listings_historical
2026-02-27,16882,SQR,Magic Square,0.00033342,146187.78935247,64262.95,coinmarketcap_data_api_listings_historical
2026-02-27,21513,EGO,EGO,0.00072268,144997.90285241,74973.52,coinmarketcap_data_api_listings_historical
2026-02-27,5062,LX,LayerX,1.448e-05,144770.56638089,0.0,coinmarketcap_data_api_listings_historical
2026-02-27,20013,RET,Renewable Energy Token,0.0,144189.06381666,9113.35,coinmarketcap_data_api_listings_historical
2026-02-27,29281,EMC,Edge Matrix Chain,0.00070486,144137.2059648,9921.03,coinmarketcap_data_api_listings_historical
2026-02-27,36312,WIZARD,Wizard Gang,0.00014362,143595.39328496,140021.1,coinmarketcap_data_api_listings_historical
2026-02-27,34520,GOR,Gold Reserve,0.00036373,143593.62876137,3233.01,coinmarketcap_data_api_listings_historical
2026-02-27,2921,OLT,OneLedger,0.00028299,143459.33364035,135601.84,coinmarketcap_data_api_listings_historical
2026-02-27,23213,stJUNO,Stride Staked JUNO,0.05070688,143313.21012533,0.0,coinmarketcap_data_api_listings_historical
2026-02-27,15240,SENATE,SENATE,0.00097409,143167.30944802,0.0,coinmarketcap_data_api_listings_historical
2026-02-27,36729,$GREMLY,Gremly,0.0,142280.79592851,4661.02,coinmarketcap_data_api_listings_historical
2026-02-27,34073,OCTO,OctonetAI,0.00143596,141441.82951411,79971.3,coinmarketcap_data_api_listings_historical
2026-02-27,31530,LFGO,Lets Fuckin Go,0.00014137,141343.5115308,0.0,coinmarketcap_data_api_listings_historical
2026-02-27,26914,STT,Statter Network,0.00279071,140497.21593721,48544.58,coinmarketcap_data_api_listings_historical
2026-02-27,12253,WOOF,WOOF,7.84e-06,140360.10697105,262.2,coinmarketcap_data_api_listings_historical
2026-02-27,35101,LMY,Locked Money,0.0002329,140309.61798596,0.0,coinmarketcap_data_api_listings_historical
2026-02-27,18978,ITHEUM,Itheum,0.0002876,139900.70112913,0.93,coinmarketcap_data_api_listings_historical
2026-02-27,2642,CVT,CyberVein,0.00013193,139898.89264886,0.0,coinmarketcap_data_api_listings_historical
2026-02-27,21959,MIBR,MIBR Fan Token,0.02360312,139855.27156423,0.0,coinmarketcap_data_api_listings_historical
2026-02-27,31464,GROYPER,Groyper (groypereth.vip),0.00150372,139846.18278221,0.0,coinmarketcap_data_api_listings_historical
2026-02-27,6156,DONUT,Donut,0.00115336,138813.44464355,0.0,coinmarketcap_data_api_listings_historical
2026-02-27,29968,KLS,Karlsen,5.15e-05,138798.25900015,120425.04,coinmarketcap_data_api_listings_historical
2026-02-27,25219,DONS,The Dons,1.691e-05,137833.87204702,0.0,coinmarketcap_data_api_listings_historical
2026-02-27,11541,ARV,Ariva,1.9e-06,137735.85422873,31.71,coinmarketcap_data_api_listings_historical
2026-02-27,34848,TAOCAT,TAOCat by Virtuals & Masa,0.00013713,137130.2372651,84596.29,coinmarketcap_data_api_listings_historical
2026-02-27,7262,XDNA,extraDNA,0.00011521,137102.10704267,0.0,coinmarketcap_data_api_listings_historical
2026-02-27,28950,FINC,Finceptor,0.00218986,136841.59593387,52285.32,coinmarketcap_data_api_listings_historical
2026-02-27,33087,FU,FU Coin,7e-07,136670.7306452,0.0,coinmarketcap_data_api_listings_historical
2026-02-27,36604,PFVS,Puffverse,0.00115868,135102.53406405,49360.2,coinmarketcap_data_api_listings_historical
2026-02-27,5354,PEAK,PEAKDEFI,8.133e-05,134822.10773493,0.0,coinmarketcap_data_api_listings_historical
2026-02-27,9443,STEP,Step Finance,0.00060865,134760.36926983,7893.87,coinmarketcap_data_api_listings_historical
2026-02-27,29059,CCC,Coconut Chicken,1.434e-05,133897.99671716,0.0,coinmarketcap_data_api_listings_historical
2026-02-27,34513,MUSKIT,Musk It,0.0001337,133696.14831825,81620.9,coinmarketcap_data_api_listings_historical
2026-02-27,32836,SAI,Sharpe AI,0.00119497,133623.37165257,52932.03,coinmarketcap_data_api_listings_historical
2026-02-27,9299,NFTART,NFT Art Finance,0.0,133326.00319605,94.87,coinmarketcap_data_api_listings_historical
2026-02-27,5612,SSG,SOMESING,4.072e-05,132976.9662162,0.0,coinmarketcap_data_api_listings_historical
2026-02-27,29890,NFE,Edu3Labs,0.00126617,132156.4484728,8583.71,coinmarketcap_data_api_listings_historical
2026-02-27,34105,SEKOIA,sekoia by Virtuals,0.000134,132155.82260551,73996.8,coinmarketcap_data_api_listings_historical
2026-02-27,38972,DIGI,MineD,5.25e-06,131646.64108648,4683.41,coinmarketcap_data_api_listings_historical
2026-02-27,26,JKC,Junkcoin,0.0073735,131567.2903455,39897.8,coinmarketcap_data_api_listings_historical
2026-02-27,10700,KICK,KickToken,0.00108413,131551.8527532,0.0,coinmarketcap_data_api_listings_historical
2026-02-27,8549,POLC,Polkacity,0.00068839,130811.56726919,66036.73,coinmarketcap_data_api_listings_historical
2026-02-27,9237,HZN,Xpanse,0.0010769,129989.37733607,0.0,coinmarketcap_data_api_listings_historical
2026-02-27,9245,SATA,Signata,0.00181902,129623.93646794,2.04,coinmarketcap_data_api_listings_historical
2026-02-27,15996,PSTAKE,pSTAKE Finance,0.00029252,128607.63655018,293585.03,coinmarketcap_data_api_listings_historical
2026-02-27,8351,ROOM,OptionRoom,0.01026694,128268.68682811,5212.22,coinmarketcap_data_api_listings_historical
2026-02-27,32000,KAI,KAI KEN,0.0,128203.36293981,0.0,coinmarketcap_data_api_listings_historical
2026-02-27,9854,TKING,Tiger King Coin,2e-07,128040.1336384,0.0,coinmarketcap_data_api_listings_historical
2026-02-27,39476,CATCOIN,Catcoin (catcoin.io),0.00012652,126522.84724948,14293.37,coinmarketcap_data_api_listings_historical
2026-02-27,34645,VNTR,VentureMind AI,0.00029022,125664.4933291,267.17,coinmarketcap_data_api_listings_historical
2026-02-27,38292,MIRROR,Black Mirror Experience,0.00130706,125447.2206033,334477.34,coinmarketcap_data_api_listings_historical
2026-02-27,21583,WCANTO,Wrapped CANTO,0.00132586,125342.36353183,0.0,coinmarketcap_data_api_listings_historical
2026-02-27,22680,DINO,DinoLFG,0.00040008,125205.5331349,0.0,coinmarketcap_data_api_listings_historical
2026-02-27,22103,LNR,Lunar,0.00168926,124719.61026465,0.0,coinmarketcap_data_api_listings_historical
2026-02-27,34276,BIAO,BIAO,0.00012426,124261.99573575,167561.72,coinmarketcap_data_api_listings_historical
2026-02-27,33500,TALENT,Talent Protocol,0.00061933,123787.52741608,15356.71,coinmarketcap_data_api_listings_historical
2026-02-27,22724,VASCO,Vasco da Gama Fan Token,0.03102147,123459.1412921,247.02,coinmarketcap_data_api_listings_historical
2026-02-27,10334,BABY,BabySwap,0.00019818,123048.87113843,139265.86,coinmarketcap_data_api_listings_historical
2026-02-27,11234,POSI,Position Exchange,0.00133921,122780.88473537,127.16,coinmarketcap_data_api_listings_historical
2026-02-27,11815,ECLD,Ethernity CLOUD,0.00026557,122020.20867031,0.0,coinmarketcap_data_api_listings_historical
2026-02-27,38816,NB,Nubila Network,0.00066239,121879.4549061,289890.01,coinmarketcap_data_api_listings_historical
2026-02-27,10893,BRKL,Brokoli Network,0.00226977,121370.60611708,8721.63,coinmarketcap_data_api_listings_historical
2026-02-27,37694,AIBOT,Cherry AI,0.00054628,121001.06680421,200712.78,coinmarketcap_data_api_listings_historical
2026-02-27,6218,ARCONA,Arcona,0.00541863,120749.62499611,4.36,coinmarketcap_data_api_listings_historical
2026-02-27,33570,GNON,Numogram,0.00012018,120180.15198328,40.57,coinmarketcap_data_api_listings_historical
2026-02-27,37066,WBCOIN,Wrapped Coinbase Global tokenized stock (Backed),158.86992133,119986.19456475,0.0,coinmarketcap_data_api_listings_historical
2026-02-27,8554,PRCY,PRivaCY Coin,0.00828193,119823.42560074,0.01,coinmarketcap_data_api_listings_historical
2026-02-27,8874,DAFI,DAFI Protocol,0.00010518,119791.51411036,0.0,coinmarketcap_data_api_listings_historical
2026-02-27,32154,GONDOLA,Gondola,2.9e-07,119715.78833547,0.0,coinmarketcap_data_api_listings_historical
2026-02-27,32576,JHH,Jen-Hsun Huang,1e-08,119643.2747252,0.0,coinmarketcap_data_api_listings_historical
2026-02-27,39345,SIGHT,Empire of Sight,0.00045571,119468.75542506,294805.49,coinmarketcap_data_api_listings_historical
2026-02-27,11324,KNIGHT,Forest Knight,0.00250326,119198.66959597,0.0,coinmarketcap_data_api_listings_historical
2026-02-27,33162,MARS,Mars,2.8e-07,118629.52450306,88568.13,coinmarketcap_data_api_listings_historical
2026-02-27,30360,WOLF,Landwolf (landwolfcoin),0.00030112,117596.94182305,0.0,coinmarketcap_data_api_listings_historical
2026-02-27,34977,FLORK,flork cto,0.000125,117337.34827353,79106.91,coinmarketcap_data_api_listings_historical
2026-02-27,27811,KAT,Karat,0.00045555,116411.34363497,9246.57,coinmarketcap_data_api_listings_historical
2026-02-27,39171,SHISA,SHISA,0.00012886,116317.18840964,0.0,coinmarketcap_data_api_listings_historical
2026-02-27,36854,TALE,PrompTale AI,0.00113554,115135.79770564,22067.2,coinmarketcap_data_api_listings_historical
2026-02-27,31534,ELIX,Elixir Games,0.00046623,114656.98233292,14410.44,coinmarketcap_data_api_listings_historical
2026-02-27,28543,DYP,Dypius [New],0.00049799,114499.80551846,0.0,coinmarketcap_data_api_listings_historical
2026-02-27,36973,WLFI,Wen Lambo Financial,114.26431934,114264.3193432,4419.35,coinmarketcap_data_api_listings_historical
2026-02-27,22965,TIGRES,Tigres Fan Token,0.0283,113966.0527,1669.02,coinmarketcap_data_api_listings_historical
2026-02-27,2757,CLO,Callisto Network,3.466e-05,113939.91322986,0.0,coinmarketcap_data_api_listings_historical
2026-02-27,33785,UNIT0,UNIT0,0.02233995,113916.90769374,13449.94,coinmarketcap_data_api_listings_historical
2026-02-27,8458,NUX,Peanut,0.00227795,113897.27920818,20289.82,coinmarketcap_data_api_listings_historical
2026-02-27,4299,TOKO,Tokoin,6.064e-05,113459.40026386,8754.95,coinmarketcap_data_api_listings_historical
2026-02-27,7033,ESD,Empty Set Dollar,0.00025406,113314.37397764,1.3,coinmarketcap_data_api_listings_historical
2026-02-27,8164,JULD,JulSwap,0.00018999,112508.7291054,4018.45,coinmarketcap_data_api_listings_historical
2026-02-27,29750,HOTKEY,HotKeySwap,0.0011821,111947.26998017,0.0,coinmarketcap_data_api_listings_historical
2026-02-27,29575,VES,Vestate,0.00077899,111941.37864369,76402.59,coinmarketcap_data_api_listings_historical
2026-02-27,34771,SKICAT,Ski Mask Cat,0.0001128,111685.74286786,77813.33,coinmarketcap_data_api_listings_historical
2026-02-27,31646,ARTFI,ARTFI,0.0008559,111582.16279533,53954.75,coinmarketcap_data_api_listings_historical
2026-02-27,39190,BLACKWHALE,The Black Whale (blackwhale.fun),0.00011313,111424.94814005,23342.09,coinmarketcap_data_api_listings_historical
2026-02-27,35163,BOTIFY,BOTIFY,0.00011119,111162.32974132,13023.24,coinmarketcap_data_api_listings_historical
2026-02-27,17010,STEP,Step®,0.00011267,110582.91751352,0.0,coinmarketcap_data_api_listings_historical
2026-02-27,36641,BROAK,Broak on Base,0.00017804,110122.25484591,48824.89,coinmarketcap_data_api_listings_historical
2026-02-27,36168,MOSS,MOSS AI,0.000121,109954.55173728,74147.12,coinmarketcap_data_api_listings_historical
2026-02-27,6891,SHROOM,Niftyx Protocol,0.0021386,109893.99848405,0.0,coinmarketcap_data_api_listings_historical
2026-02-27,4441,VAIX,Vectorspace AI,0.00219201,109328.22504846,757.32,coinmarketcap_data_api_listings_historical
2026-02-27,38949,DGRAM,Datagram Network,5.22e-05,109133.09442677,327399.63,coinmarketcap_data_api_listings_historical
2026-02-27,35824,PERRY,Perry,0.00010864,108637.99092824,0.0,coinmarketcap_data_api_listings_historical
2026-02-27,18208,KUNCI,Kunci Coin,8.812e-05,108620.23614635,0.0,coinmarketcap_data_api_listings_historical
2026-02-27,29170,BEFI,BeFi Labs,0.00139271,108136.83172727,26572.93,coinmarketcap_data_api_listings_historical
2026-02-27,39327,$LSD,LSD,0.0001077,107698.62254614,3796.54,coinmarketcap_data_api_listings_historical
2026-02-27,38212,XLAB,Dexlab,3e-07,107173.91889189,259501.6,coinmarketcap_data_api_listings_historical
2026-02-27,36813,LBAI,Lemmy The Bat,1.55e-06,106993.97727448,224064.66,coinmarketcap_data_api_listings_historical
2026-02-27,29978,APRS,Apeiron,0.00105289,106881.05999028,9091.45,coinmarketcap_data_api_listings_historical
2026-02-27,36593,E,EAGLEBUILDER,0.00010669,106687.09869652,2045.48,coinmarketcap_data_api_listings_historical
2026-02-27,9673,LOWB,Loser Coin,1.77e-06,106628.87062048,0.0,coinmarketcap_data_api_listings_historical
2026-02-27,6669,CVP,PowerPool,0.0023576,106615.53974777,129.82,coinmarketcap_data_api_listings_historical
2026-02-27,9511,DFYN,Dfyn Network,0.00061932,106447.48465325,96672.2,coinmarketcap_data_api_listings_historical
2026-02-27,10973,UFI,PureFi Protocol,0.00182056,106362.47594512,0.0,coinmarketcap_data_api_listings_historical
2026-02-27,5893,FRONT,Frontier,0.01370403,106348.07466815,0.0,coinmarketcap_data_api_listings_historical
2026-02-27,13727,SHIRYO,Shiryo,0.0,106301.95395,0.08,coinmarketcap_data_api_listings_historical
2026-02-27,19686,MNTL,AssetMantle,4.598e-05,106139.75774175,0.0,coinmarketcap_data_api_listings_historical
2026-02-27,35130,LLM,Large Language Model,0.00010604,106041.09548635,80346.06,coinmarketcap_data_api_listings_historical
2026-02-27,35181,ETF500,Elon Trump Fart,0.00010462,104615.93619412,0.0,coinmarketcap_data_api_listings_historical
2026-02-27,34984,LOU,Lou,0.00010455,104543.89105162,0.0,coinmarketcap_data_api_listings_historical
2026-02-27,11664,YAY,YAY Network,0.00015173,104354.22393889,0.0,coinmarketcap_data_api_listings_historical
2026-02-27,13383,CBX,CropBytes,0.00055962,104253.18769076,0.0,coinmarketcap_data_api_listings_historical
2026-02-27,4777,AZ,Azbit,1.49e-06,104048.76633981,260.98,coinmarketcap_data_api_listings_historical
2026-02-27,35607,MEMHASH,Memhash,0.00012329,103984.41573387,1.44,coinmarketcap_data_api_listings_historical
2026-02-27,32618,WDOG,Wrapped Dog,0.00010395,103954.29216068,1423.77,coinmarketcap_data_api_listings_historical
2026-02-27,29558,STRUMP,Super Trump Coin,5.652e-05,103847.52756165,925.11,coinmarketcap_data_api_listings_historical
2026-02-27,38314,LOLCOIN,Worlds First Memecoin,0.00010366,103619.51512756,3508.86,coinmarketcap_data_api_listings_historical
2026-02-27,37666,BOSS,Ibiza Final Boss,0.00011138,103613.00190456,142.66,coinmarketcap_data_api_listings_historical
2026-02-27,13953,SCOTTY,Scotty Beam,0.00022419,103278.86001676,16809.7,coinmarketcap_data_api_listings_historical
2026-02-27,28704,DFC,DeFinder Capital,0.00387991,103063.1451183,0.0,coinmarketcap_data_api_listings_historical
2026-02-27,9608,BOO,SpookySwap,0.01417965,102933.07271916,0.0,coinmarketcap_data_api_listings_historical
2026-02-27,7813,BAC,Basis Cash,0.00188081,102645.23130311,8836.26,coinmarketcap_data_api_listings_historical
2026-02-27,16432,DOME,HumainWeb3,5.37e-06,102016.90547869,45488.98,coinmarketcap_data_api_listings_historical
2026-02-27,28870,GEC,Gecko Inu,0.0,101334.2290946,9984.04,coinmarketcap_data_api_listings_historical
2026-02-27,32183,MATT,Matt Furie,2.4e-07,101175.23086274,0.0,coinmarketcap_data_api_listings_historical
2026-02-27,32754,RBTC,RabBitcoin,1e-08,101122.97033256,0.0,coinmarketcap_data_api_listings_historical
2026-02-27,31210,LEGION,LEGION,0.00036826,100835.11865942,10531.11,coinmarketcap_data_api_listings_historical
2026-02-27,24275,OGGY,Oggy Inu (BSC),0.0,100716.14215896,0.0,coinmarketcap_data_api_listings_historical
2026-02-27,26016,CGV,Cogito Finance,0.00103959,100619.86653908,0.0,coinmarketcap_data_api_listings_historical
2026-02-27,34079,ELIZA,Eliza (ai16zeliza),0.00010454,100466.32035167,26115.6,coinmarketcap_data_api_listings_historical
2026-02-27,30133,COINYE,Coinye West,0.00012514,100268.28695791,0.0,coinmarketcap_data_api_listings_historical
2026-02-27,10040,WSG,Wall Street Games (old),0.0,99232.63325467,0.0,coinmarketcap_data_api_listings_historical
2026-02-27,6511,STRONG,Strong,0.71285206,98565.34119009,0.0,coinmarketcap_data_api_listings_historical
2026-02-27,12621,SCPT,Script Network,0.00014454,98400.91836915,47637.05,coinmarketcap_data_api_listings_historical
2026-02-27,25851,DUCKIES,"Duckies, the canary network for Yellow",0.00188675,98277.4587289,0.0,coinmarketcap_data_api_listings_historical
2026-02-27,9889,BIST,Bistroo,0.00176999,98201.7554144,99906.9,coinmarketcap_data_api_listings_historical
2026-02-27,38522,SZN,BNB MEME SZN,9.799e-05,97988.31000031,126510.79,coinmarketcap_data_api_listings_historical
2026-02-27,11423,VEMP,VEMP,0.0002363,96291.869732,27624.13,coinmarketcap_data_api_listings_historical
2026-02-27,8891,BTCST,Bitcoin Standard Hashrate Token,0.0078324,95566.2600961,0.0,coinmarketcap_data_api_listings_historical
2026-02-27,15447,LYRA,Lyra,0.0001632,94803.18970785,4.6,coinmarketcap_data_api_listings_historical
2026-02-27,33287,MANYU,littlemanyu,9.482e-05,94755.63226305,0.0,coinmarketcap_data_api_listings_historical
2026-02-27,36944,MORE,Moonveil,0.0005259,94603.75310624,477509.17,coinmarketcap_data_api_listings_historical
2026-02-27,29855,PAJAMAS,The First Youtube Cat,9.651e-05,94572.6637048,0.0,coinmarketcap_data_api_listings_historical
2026-02-27,10055,CSM,Crust Shadow,0.00094437,94437.48160035,451.07,coinmarketcap_data_api_listings_historical
2026-02-27,36807,LAMBO,LAMBO,9.41e-06,94059.40774403,0.0,coinmarketcap_data_api_listings_historical
2026-02-27,7420,DRC,Digital Reserve Currency,9.391e-05,93912.2157937,33.07,coinmarketcap_data_api_listings_historical
2026-02-27,38040,Von,Visa Tokenized Stock (Ondo),321.31198182,93677.00758762,1059152.05,coinmarketcap_data_api_listings_historical
2026-02-27,22897,REGENT,REGENT COIN,0.03224476,92787.97790626,959131.43,coinmarketcap_data_api_listings_historical
2026-02-27,35815,HVLO,Hivello,8.501e-05,92172.13993269,57022.25,coinmarketcap_data_api_listings_historical
2026-02-27,37458,BABYGROK,Baby Grok (babygrok.ai),0.0,91804.83241734,2271.34,coinmarketcap_data_api_listings_historical
2026-02-27,8265,HELMET,Helmet.insure,0.00212102,91726.99784571,0.0,coinmarketcap_data_api_listings_historical
2026-02-27,31908,WAT,Wat,2.2e-07,91593.98299981,0.0,coinmarketcap_data_api_listings_historical
2026-02-27,15564,DXGM,DEXGame,0.00014458,91510.16520925,11867.65,coinmarketcap_data_api_listings_historical
2026-02-27,27704,X,X,1e-07,91338.50122584,0.0,coinmarketcap_data_api_listings_historical
2026-02-27,36658,COINS,Coin (reservebankapp.com),9.103e-05,91027.12538135,0.0,coinmarketcap_data_api_listings_historical
2026-02-27,36881,VIBE,Vibe Cat (Jupiter Studio),0.00113697,90928.11245767,151674.8,coinmarketcap_data_api_listings_historical
2026-02-27,29853,ELGATO,el gato,9.08e-06,90802.96302944,120.34,coinmarketcap_data_api_listings_historical
2026-02-27,34254,SDM,Shieldeum,0.00024231,90625.94755214,8996.8,coinmarketcap_data_api_listings_historical
2026-02-27,29574,BENDOG,Ben the Dog,9.06e-05,90582.85961663,0.0,coinmarketcap_data_api_listings_historical
2026-02-27,35510,CONCHO,Sapo Concho,9.049e-05,90443.48181386,134778.91,coinmarketcap_data_api_listings_historical
2026-02-27,33195,PESTO,Pesto the Baby King Penguin,9.019e-05,90193.82684332,0.0,coinmarketcap_data_api_listings_historical
2026-02-27,3843,BOLT,BOLT,9.38e-05,89802.20429947,0.0,coinmarketcap_data_api_listings_historical
2026-02-27,35989,LF,LF,3.001e-05,89540.88469776,450887.05,coinmarketcap_data_api_listings_historical
2026-02-27,6949,HGET,Hedget,0.05102577,89368.97503721,18374.24,coinmarketcap_data_api_listings_historical
2026-02-27,8279,NGM,e-Money,0.00449908,88903.18108015,0.0,coinmarketcap_data_api_listings_historical
2026-02-27,32310,SAITAMA,SAITAMA INU,0.00010116,88790.7418698,0.0,coinmarketcap_data_api_listings_historical
2026-02-27,28789,SILLY,Silly Dragon,8.86e-05,88593.76749795,209107.1,coinmarketcap_data_api_listings_historical
2026-02-27,28734,AGX,AGIX,0.00094873,87811.30066738,0.0,coinmarketcap_data_api_listings_historical
2026-02-27,29262,CAU,Canxium,0.07127049,87803.8135541,17543.19,coinmarketcap_data_api_listings_historical
2026-02-27,8882,ALL,Alliance Fan Token,0.02879947,87433.87112075,0.0,coinmarketcap_data_api_listings_historical
2026-02-27,2861,GO,GoChain,6.5e-05,87348.1518832,519.08,coinmarketcap_data_api_listings_historical
2026-02-27,35504,NIBBLES,Nibbles,6.1e-07,87284.35754378,0.0,coinmarketcap_data_api_listings_historical
2026-02-27,13216,NINO,Ninneko,0.0013409,87030.08659437,0.0,coinmarketcap_data_api_listings_historical
2026-02-27,27077,WTHETA,Wrapped THETA,0.19481246,87027.94358741,0.0,coinmarketcap_data_api_listings_historical
2026-02-27,29297,ORNJ,Orange,0.00124499,87024.45926375,14940.53,coinmarketcap_data_api_listings_historical
2026-02-27,5614,ZLW,Zelwin,0.00120216,86954.44090201,37980.93,coinmarketcap_data_api_listings_historical
2026-02-27,33117,WAT,WATCoin,6.74e-06,86863.53609255,43045.54,coinmarketcap_data_api_listings_historical
2026-02-27,28570,CZGOAT,CZ THE GOAT,8.678e-05,86783.15956138,0.0,coinmarketcap_data_api_listings_historical
2026-02-27,38144,LOOP,Workloop AI,0.002389,86373.63138452,0.0,coinmarketcap_data_api_listings_historical
2026-02-27,33098,LOGX,LogX Network,8.634e-05,86335.57784821,12507.74,coinmarketcap_data_api_listings_historical
2026-02-27,18587,SERSH,Serenity,0.00207911,86331.60656986,0.0,coinmarketcap_data_api_listings_historical
2026-02-27,29672,UPDOG,What's Updog,8.614e-05,86140.79571718,0.0,coinmarketcap_data_api_listings_historical
2026-02-27,33177,MBP,MBP Coin,0.00538364,86110.80282045,53461.35,coinmarketcap_data_api_listings_historical
2026-02-27,7636,TH,Team Heretics Fan Token,0.03979451,86073.6093581,0.0,coinmarketcap_data_api_listings_historical
2026-02-27,36856,SUGAR,Sugar Daddy Season,8.605e-05,86053.56284576,56.23,coinmarketcap_data_api_listings_historical
2026-02-27,13856,LAVA,Vulcan Forged (LAVA),0.00034993,86046.8317338,2.66,coinmarketcap_data_api_listings_historical
2026-02-27,32524,GINNAN,Ginnan The Cat,1e-08,86010.0939704,2347.4,coinmarketcap_data_api_listings_historical
2026-02-27,31165,MCG,MetalCore,0.00019778,85953.9193663,0.0,coinmarketcap_data_api_listings_historical
2026-02-27,16252,ORT,Okratech Token,0.00010485,85632.46724161,98570.41,coinmarketcap_data_api_listings_historical
2026-02-27,26386,CONE,BitCone,1.5e-07,85509.32262248,355.37,coinmarketcap_data_api_listings_historical
2026-02-27,2289,GFT,Gifto,3.819e-05,85486.88951488,0.0,coinmarketcap_data_api_listings_historical
2026-02-27,37572,MM,MOMOFUN,1.087e-05,84777.3475929,29289.85,coinmarketcap_data_api_listings_historical
2026-02-27,36568,NFX,Nova Fox,0.00915959,84720.48938813,755.14,coinmarketcap_data_api_listings_historical
2026-02-27,33841,EYWA,EYWA,0.00084704,84632.25702519,296519.49,coinmarketcap_data_api_listings_historical
2026-02-27,35131,QUAIN,QUAIN,8.456e-05,84554.5929334,0.0,coinmarketcap_data_api_listings_historical
2026-02-27,9691,VRT,Venus Reward Token,3.83e-06,84343.80537876,0.0,coinmarketcap_data_api_listings_historical
2026-02-27,37412,BIGGIE,Biggie,0.0,84257.747,0.0,coinmarketcap_data_api_listings_historical
2026-02-27,9198,HORD,Hord,0.00094888,84086.35709493,0.0,coinmarketcap_data_api_listings_historical
2026-02-27,28725,MMA,Meme Alliance,0.00095785,83771.62344873,0.0,coinmarketcap_data_api_listings_historical
2026-02-27,20188,MBD,MBD Financials,3.21e-06,83281.08235079,49903.59,coinmarketcap_data_api_listings_historical
2026-02-27,16463,SOS,OpenDAO,0.0,83272.9885,0.0,coinmarketcap_data_api_listings_historical
2026-02-27,8603,TUNE,Bitune,0.00264743,82868.27525415,11593.92,coinmarketcap_data_api_listings_historical
2026-02-27,9110,KTN,Kattana,0.00882519,82836.61748873,12140.14,coinmarketcap_data_api_listings_historical
2026-02-27,36570,KOBAN,KOBAN,0.00016641,82539.79581717,194664.55,coinmarketcap_data_api_listings_historical
2026-02-27,36079,WTFO,WTF Opossum,9.686e-05,82196.32494364,0.0,coinmarketcap_data_api_listings_historical
2026-02-27,38163,FST,FreeStyle Classic,0.00035314,81994.72173224,29970.49,coinmarketcap_data_api_listings_historical
2026-02-27,5931,KTON,Darwinia Commitment Token,1.58483608,81324.27843612,8717.64,coinmarketcap_data_api_listings_historical
2026-02-27,24533,APED,APED,0.08342537,81297.43691167,0.0,coinmarketcap_data_api_listings_historical
2026-02-27,35075,HAT,Top Hat,8.206e-05,81243.80594454,10830.58,coinmarketcap_data_api_listings_historical
2026-02-27,35487,LAUNCHCOIN,Launch Coin on Believe,8.086e-05,80845.91325378,5397.75,coinmarketcap_data_api_listings_historical
2026-02-27,8679,UDO,Unido EP,0.00079997,80842.68688079,6772.09,coinmarketcap_data_api_listings_historical
2026-02-27,24085,ONE,OneFinity,0.01834481,80196.85104335,3.86,coinmarketcap_data_api_listings_historical
2026-02-27,29576,GPT,QnA3.AI,9.629e-05,80072.33065199,12784.97,coinmarketcap_data_api_listings_historical
2026-02-27,38533,HOLY,Holy coin,8.003e-05,80024.5714387,25.28,coinmarketcap_data_api_listings_historical
2026-02-27,3724,SOLVE,SOLVE,0.00011392,79756.78885028,37.21,coinmarketcap_data_api_listings_historical
2026-02-27,22290,stAPT,Ditto Staked Aptos,1.03407859,79225.00044848,979.15,coinmarketcap_data_api_listings_historical
2026-02-27,29305,RODAI,ROD.AI,0.0,79073.03729374,461.46,coinmarketcap_data_api_listings_historical
2026-02-27,35559,HENLO,henlo,0.0,78765.17330661,0.0,coinmarketcap_data_api_listings_historical
2026-02-27,38975,SSS,Sparkle,0.00064531,78727.38430544,8355.44,coinmarketcap_data_api_listings_historical
2026-02-27,28467,$PEEP,Peepo (SOL),1.46e-06,77996.86097966,258.45,coinmarketcap_data_api_listings_historical
2026-02-27,28805,ANALOS,analoS,9.5e-07,77905.93128208,0.0,coinmarketcap_data_api_listings_historical
2026-02-27,31189,HABIBI,Habibi,9.56e-05,77847.5578291,0.0,coinmarketcap_data_api_listings_historical
2026-02-27,29658,BLENDR,Blendr Network,0.00194055,77734.33633177,39.9,coinmarketcap_data_api_listings_historical
2026-02-27,36730,CCDOG,Courage The Dog,7.694e-05,76941.25177581,142161.66,coinmarketcap_data_api_listings_historical
2026-02-27,8704,PCNT,Playcent,0.00209069,76755.08894475,0.0,coinmarketcap_data_api_listings_historical
2026-02-27,33689,PEEZY,Peezy 0x69,2.5e-07,76709.46736124,1858.94,coinmarketcap_data_api_listings_historical
2026-02-27,23411,RSO,Real Sociedad Fan Token,0.05878573,76548.2454477,0.0,coinmarketcap_data_api_listings_historical
2026-02-27,13133,ICE,Decentral Games ICE,0.00033531,76001.64819123,0.0,coinmarketcap_data_api_listings_historical
2026-02-27,34916,SEN,Sentio AI,0.0007753,75979.82936945,56742.17,coinmarketcap_data_api_listings_historical
2026-02-27,6470,HIBS,Hiblocks,7.52e-06,75852.30578617,12827.39,coinmarketcap_data_api_listings_historical
2026-02-27,4217,BOA,BOSagora,7.503e-05,75527.75102632,17673.06,coinmarketcap_data_api_listings_historical
2026-02-27,30826,$MICRO,Micro GPT,0.0001006,75397.68943376,16.16,coinmarketcap_data_api_listings_historical
2026-02-27,33110,SOS,Solana Swap,7.531e-05,75309.03389583,322.22,coinmarketcap_data_api_listings_historical
2026-02-27,35569,DEEPSEEK,Global DePIN Chain,9.48e-05,74893.24183891,268475.76,coinmarketcap_data_api_listings_historical
2026-02-27,39257,TMUSon,T-Mobile US Tokenized Stock (Ondo),216.48077449,74033.51501447,51111.71,coinmarketcap_data_api_listings_historical
2026-02-27,31391,APPLE,dog with apple in mouth,7.403e-05,74027.24391178,80731.07,coinmarketcap_data_api_listings_historical
2026-02-27,37520,AI4,AI⁴ | Recursive Superintelligence,7.384e-05,73836.54603074,399371.34,coinmarketcap_data_api_listings_historical
2026-02-27,35891,XOXO,XO Protocol,0.00023463,73570.61745443,126804.13,coinmarketcap_data_api_listings_historical
2026-02-27,34563,SCIHUB,sci-hub,7.338e-05,73380.3892627,10642.24,coinmarketcap_data_api_listings_historical
2026-02-27,32227,COOK,LET HIM COOK,7.345e-05,73371.6650342,100.92,coinmarketcap_data_api_listings_historical
2026-02-27,22621,STB,stabble,0.00099136,73251.46813658,9733.16,coinmarketcap_data_api_listings_historical
2026-02-27,28970,TELEBTC,teleBTC,65878.22651842,73251.14502941,1196070.36,coinmarketcap_data_api_listings_historical
2026-02-27,37488,PHY,DePHY Network,0.00100734,72822.90379584,1245072.03,coinmarketcap_data_api_listings_historical
2026-02-27,37286,ALT,Altcoin,8.016e-05,72126.85880071,0.0,coinmarketcap_data_api_listings_historical
2026-02-27,33584,BOPPY,BOPPY,0.0,72061.07001123,0.0,coinmarketcap_data_api_listings_historical
2026-02-27,38475,ASTERINU,Aster Inu,7.22e-05,71481.47150549,3578.62,coinmarketcap_data_api_listings_historical
2026-02-27,10861,GAME,Gamestarter,0.00100271,71180.07111669,0.0,coinmarketcap_data_api_listings_historical
2026-02-27,12649,ALA,Alanyaspor Fan Token,0.03744613,71141.98666482,8810.78,coinmarketcap_data_api_listings_historical
2026-02-27,37074,VULPEFI,Vulpe Finance,0.00105001,71011.60084824,73942.64,coinmarketcap_data_api_listings_historical
2026-02-27,38520,QPAY,Qpay,7.094e-05,70940.4176032,0.0,coinmarketcap_data_api_listings_historical
2026-02-27,21997,WAIT,Hourglass,0.00072559,70927.42935272,0.0,coinmarketcap_data_api_listings_historical
2026-02-27,11512,KLO,Kalao,0.00037244,70753.21923126,10091.43,coinmarketcap_data_api_listings_historical
2026-02-27,10414,GINUX,Green Shiba Inu [New],2e-08,70543.09002507,4.56,coinmarketcap_data_api_listings_historical
2026-02-27,32854,SLF,Self Chain,0.000422,70473.41995417,53946.64,coinmarketcap_data_api_listings_historical
2026-02-27,24363,SOULS,Unfettered Ecosystem,6.131e-05,70179.5309951,8547.34,coinmarketcap_data_api_listings_historical
2026-02-27,39216,PIKZ,PIKZ,0.0069303,69303.03623492,481.16,coinmarketcap_data_api_listings_historical
2026-02-27,2022,INXT,Internxt,0.06188772,69270.55474375,0.0,coinmarketcap_data_api_listings_historical
2026-02-27,22487,CATHEON,Artisse,7.11e-05,68858.88214736,2432.0,coinmarketcap_data_api_listings_historical
2026-02-27,8408,GOVI,Govi,0.00214593,68669.85204932,8098.9,coinmarketcap_data_api_listings_historical
2026-02-27,38564,ADOG,Aster Dog,7.291e-05,68168.22723549,2439.07,coinmarketcap_data_api_listings_historical
2026-02-27,28794,P3D,3DPass,0.0001148,67136.058461,487.08,coinmarketcap_data_api_listings_historical
2026-02-27,28173,GOLD,Gold,0.00408396,67118.13449699,0.0,coinmarketcap_data_api_listings_historical
2026-02-27,1894,TCC,The ChampCoin,0.00133994,66997.14486028,12.36,coinmarketcap_data_api_listings_historical
2026-02-27,32205,ROCKY,rocky,6.679e-05,66787.62319716,0.0,coinmarketcap_data_api_listings_historical
2026-02-27,10777,DINO,DinoSwap,0.00042685,66363.27410747,0.0,coinmarketcap_data_api_listings_historical
2026-02-27,8364,BMI,Bridge Mutual,0.00102376,66234.16885426,6.37,coinmarketcap_data_api_listings_historical
2026-02-27,32638,CATDOG,CatDog,6.6e-07,66230.5842764,0.0,coinmarketcap_data_api_listings_historical
2026-02-27,33512,autism,$AUTISM,6.937e-05,65831.12067273,1980.4,coinmarketcap_data_api_listings_historical
2026-02-27,29487,BAG,Bag,1.482e-05,65239.10679625,0.0,coinmarketcap_data_api_listings_historical
2026-02-27,10021,DINU,Dogey-Inu,0.0,65123.18626744,0.0,coinmarketcap_data_api_listings_historical
2026-02-27,31982,DRAGGY,Draggy,0.0,64934.95205076,0.0,coinmarketcap_data_api_listings_historical
2026-02-27,29559,SHEB,Sheboshis,3.22531961,64506.39214679,0.0,coinmarketcap_data_api_listings_historical
2026-02-27,10103,LSS,Lossless,0.00115911,64414.77779789,0.0,coinmarketcap_data_api_listings_historical
2026-02-27,9989,SLRS,Solrise Finance,0.00040936,64314.952836,10604.19,coinmarketcap_data_api_listings_historical
2026-02-27,5662,SYLO,Sylo,6.4e-06,63970.39124692,8771.44,coinmarketcap_data_api_listings_historical
2026-02-27,36386,SATO,Sato The Dog,1.5e-07,63922.3828652,61.97,coinmarketcap_data_api_listings_historical
2026-02-27,38104,BLOB,B.O.B the Blob,6.605e-05,63850.92058738,0.0,coinmarketcap_data_api_listings_historical
2026-02-27,38857,MRLIGHTSPEED,Mr. Lightspeed Creator Coin,0.00013378,63832.54919039,71683.67,coinmarketcap_data_api_listings_historical
2026-02-27,576,GAME,GameCredits,0.00032838,63647.85706226,0.0,coinmarketcap_data_api_listings_historical
2026-02-27,38140,BOATKID,Pacu Jalur,6.36e-05,63596.65192873,3447.3,coinmarketcap_data_api_listings_historical
2026-02-27,10047,EPIK,EPIK Prime,4.936e-05,63275.40252022,0.0,coinmarketcap_data_api_listings_historical
2026-02-27,9588,O3,O3 Swap,0.00110812,62971.93623471,0.0,coinmarketcap_data_api_listings_historical
2026-02-27,17231,SNS,Synesis One,0.00013799,62956.61123523,199269.62,coinmarketcap_data_api_listings_historical
2026-02-27,32732,SUNPEPE,sunpepe,6.289e-05,62890.85547572,0.0,coinmarketcap_data_api_listings_historical
2026-02-27,10324,GFI,Gravity Finance,0.00017814,62751.71291923,0.0,coinmarketcap_data_api_listings_historical
2026-02-27,35228,CLUSTR,Clustr Labs,0.00012522,62568.44009476,0.0,coinmarketcap_data_api_listings_historical
2026-02-27,33211,BABYBNB,Baby BNB,0.0001125,62418.3482634,54.84,coinmarketcap_data_api_listings_historical
2026-02-27,7230,OPIUM,Opium,0.01494492,62188.88126632,57.46,coinmarketcap_data_api_listings_historical
2026-02-27,39188,CT,Cryptic,0.00123816,61955.19318222,0.0,coinmarketcap_data_api_listings_historical
2026-02-27,36348,AMBIOS,Ambios Network,0.00094283,61654.82872789,0.0,coinmarketcap_data_api_listings_historical
2026-02-27,33559,JANET,Janet,6.162e-05,61622.03037791,10312.09,coinmarketcap_data_api_listings_historical
2026-02-27,34173,KACY,markkacy,6.12e-05,61198.029477,95273.46,coinmarketcap_data_api_listings_historical
2026-02-27,29530,OX,OX Coin,1.861e-05,61111.49460771,0.0,coinmarketcap_data_api_listings_historical
2026-02-27,12203,FINA,Defina Finance,0.00062387,60960.40331481,0.0,coinmarketcap_data_api_listings_historical
2026-02-27,8884,IBFK,İstanbul Başakşehir Fan Token,0.04359549,60917.11279789,10314.59,coinmarketcap_data_api_listings_historical
2026-02-27,37577,MSIA,Messiah,0.00841393,60886.03041874,0.0,coinmarketcap_data_api_listings_historical
2026-02-27,20997,WOMBAT,Wombat Web 3 Gaming Platform,1.193e-05,60740.64110469,0.0,coinmarketcap_data_api_listings_historical
2026-02-27,36314,INF,Infinaeon,0.00023277,60631.74361576,0.0,coinmarketcap_data_api_listings_historical
2026-02-27,30071,LADYF,Milady Wif Hat,2.4e-07,60361.80755735,0.0,coinmarketcap_data_api_listings_historical
2026-02-27,11412,BIN,Binemon,0.00014476,60333.44271139,0.0,coinmarketcap_data_api_listings_historical
2026-02-27,21517,STC,Satoshi Island,0.00443409,60207.08959985,0.0,coinmarketcap_data_api_listings_historical
2026-02-27,4286,ZNZ,ZENZO,0.00202773,60156.61123288,0.01,coinmarketcap_data_api_listings_historical
2026-02-27,13323,TEER,Integritee Network,0.01506596,59933.10518802,39.77,coinmarketcap_data_api_listings_historical
2026-02-27,33145,CHEEMS,Cheems,0.0,59897.75932407,0.0,coinmarketcap_data_api_listings_historical
2026-02-27,39178,ATLAS,Atlas (AtlasOfUSA),0.0,59801.5476774,8996.2,coinmarketcap_data_api_listings_historical
2026-02-27,8867,DHV,DeHive,0.01484487,59667.10986783,10219.63,coinmarketcap_data_api_listings_historical
2026-02-27,29010,PHASMA,PHASMA,2.42e-06,59620.581064,48.23,coinmarketcap_data_api_listings_historical
2026-02-27,35379,DATA,Databot,6.502e-05,59549.78681157,0.0,coinmarketcap_data_api_listings_historical
2026-02-27,33294,IZZY,Izzy,1.5e-07,59331.43502437,0.0,coinmarketcap_data_api_listings_historical
2026-02-27,21722,CHRP,Chirpley,0.00014362,59318.21054894,57147.76,coinmarketcap_data_api_listings_historical
2026-02-27,13140,NYAN,Nyan Heroes,0.00058684,59297.6285311,9031.49,coinmarketcap_data_api_listings_historical
2026-02-27,32350,SOY,Soyjak,6.398e-05,59283.43526213,0.0,coinmarketcap_data_api_listings_historical
2026-02-27,32583,NCN,NeurochainAI,6.3e-05,59151.96896922,61671.99,coinmarketcap_data_api_listings_historical
2026-02-27,30647,GOAT,Sonic The Goat,7e-08,58997.60334002,0.0,coinmarketcap_data_api_listings_historical
2026-02-27,12830,SNIFT,StarryNift,0.00010695,58705.10997345,8990.19,coinmarketcap_data_api_listings_historical
2026-02-27,38106,DGC,DecentralGPT,3.7e-07,58064.3779125,5643.35,coinmarketcap_data_api_listings_historical
2026-02-27,37369,TOTAKEKE,Dark Cheems,5.8e-05,57995.04782439,357.17,coinmarketcap_data_api_listings_historical
2026-02-27,38746,ARENA,Alpha Arena,5.846e-05,57866.23626141,976.84,coinmarketcap_data_api_listings_historical
2026-02-27,29231,ANUS,Uranus (SOL),7.06e-06,57552.49306156,42.8,coinmarketcap_data_api_listings_historical
2026-02-27,12137,NFTD,NFTrade,0.00175556,57479.04254304,0.0,coinmarketcap_data_api_listings_historical
2026-02-27,2689,RBLX,Rublix,0.00275914,57240.84244831,0.0,coinmarketcap_data_api_listings_historical
2026-02-27,34888,KIKI,KIKICat,5.713e-05,57131.9774564,0.0,coinmarketcap_data_api_listings_historical
2026-02-27,10260,XRUNE,Thorstarter,0.00070575,56946.86011105,0.0,coinmarketcap_data_api_listings_historical
2026-02-27,32893,UFO,UFOPepe,5.679e-05,56790.30018318,0.0,coinmarketcap_data_api_listings_historical
2026-02-27,38208,BABYU,BabyUnicorn,5.666e-05,56650.14546749,0.0,coinmarketcap_data_api_listings_historical
2026-02-27,30038,PLX,Pullix,0.00067541,56228.35685838,0.0,coinmarketcap_data_api_listings_historical
2026-02-27,33613,MIHARU,smiling dolphin,5.617e-05,56165.60153049,0.0,coinmarketcap_data_api_listings_historical
2026-02-27,23684,AIMX,Aimedis (new),0.00016543,55086.785935,0.0,coinmarketcap_data_api_listings_historical
2026-02-27,34805,USACOIN,USAcoin,0.0027506,55012.04998228,0.0,coinmarketcap_data_api_listings_historical
2026-02-27,9002,BUSY,Busy DAO,0.00043668,54585.60408092,9968.71,coinmarketcap_data_api_listings_historical
2026-02-27,34252,DOGEFATHER,DOGEFATHER,5.453e-05,54531.01777459,0.0,coinmarketcap_data_api_listings_historical
2026-02-27,38895,FOG,FogSwap,5.448e-05,54476.44488946,173406.31,coinmarketcap_data_api_listings_historical
2026-02-27,10977,MINT,Mint Club V1,1.3e-07,54285.75065049,0.0,coinmarketcap_data_api_listings_historical
2026-02-27,33128,TCAT,TON Cat,8.87e-05,54236.23246746,0.0,coinmarketcap_data_api_listings_historical
2026-02-27,14767,GMD,The Coop Network,0.00025382,54037.90542792,0.0,coinmarketcap_data_api_listings_historical
2026-02-27,34166,EVAN,Evan,5.4e-05,53989.04868405,71374.85,coinmarketcap_data_api_listings_historical
2026-02-27,2297,STMX,StormX,4.34e-06,53589.50275632,624.46,coinmarketcap_data_api_listings_historical
2026-02-27,35410,MAX,MAX,5.348e-05,53467.75242728,853.02,coinmarketcap_data_api_listings_historical
2026-02-27,14904,FCON,SpaceFalcon,3.03e-06,52725.98668607,0.0,coinmarketcap_data_api_listings_historical
2026-02-27,23707,HXD,Honeyland,0.00013132,52589.07895713,14813.67,coinmarketcap_data_api_listings_historical
2026-02-27,13011,MBS,Striker League,8.393e-05,52491.82086618,0.0,coinmarketcap_data_api_listings_historical
2026-02-27,38740,TORA,Tensora,5.238e-05,52384.41191387,395.81,coinmarketcap_data_api_listings_historical
2026-02-27,19623,WOM,Wombat Exchange,0.00089501,52384.08228996,3143.8,coinmarketcap_data_api_listings_historical
2026-02-27,34590,AIMONICA,Aimonica Brands,5.212e-05,52122.17831968,0.0,coinmarketcap_data_api_listings_historical
2026-02-27,36116,DLC,DeepLink Protocol,3.95e-06,51928.12944985,20017.24,coinmarketcap_data_api_listings_historical
2026-02-27,7190,PTF,PowerTrade Fuel,0.00221994,51750.35738567,53931.08,coinmarketcap_data_api_listings_historical
2026-02-27,7158,BURGER,BurgerCities,0.0012016,51711.92924432,77.6,coinmarketcap_data_api_listings_historical
2026-02-27,8166,MAPS,MAPS,0.00113388,51587.60408908,0.0,coinmarketcap_data_api_listings_historical
2026-02-27,8590,CYC,Cyclone Protocol,1.95177198,51296.49503067,0.0,coinmarketcap_data_api_listings_historical
2026-02-27,36588,MAMBO,Mambo,5e-08,51221.785657,0.0,coinmarketcap_data_api_listings_historical
2026-02-27,18531,WZRD,Wizardia,0.00036499,51149.40776075,15536.72,coinmarketcap_data_api_listings_historical
2026-02-27,38133,BTC,Bitcoin AI,0.00242284,50836.13474319,101.39,coinmarketcap_data_api_listings_historical
2026-02-27,6938,YF-DAI,YFDAI.FINANCE,12.71740193,50691.56410307,1332.19,coinmarketcap_data_api_listings_historical
2026-02-27,33399,KLAUS,Klaus,5.025e-05,50253.26959379,0.0,coinmarketcap_data_api_listings_historical
2026-02-27,17242,UBXS,UBXS Token,0.00087745,50150.63704502,56.08,coinmarketcap_data_api_listings_historical
2026-02-27,2666,EFX,Effect AI (old),0.00019813,49961.19165281,8.98,coinmarketcap_data_api_listings_historical
2026-02-27,28109,WBONE,Shibarium Wrapped BONE,0.06138185,49926.49629505,0.0,coinmarketcap_data_api_listings_historical
2026-02-27,9218,MIST,Mist,0.00087891,49532.89268928,8648.88,coinmarketcap_data_api_listings_historical
2026-02-27,30119,WIF,DOGWIFHOOD,4.938e-05,49328.07530034,0.0,coinmarketcap_data_api_listings_historical
2026-02-27,32259,MOBY,Moby,4.93e-06,49261.76069763,0.0,coinmarketcap_data_api_listings_historical
2026-02-27,36064,DOODI,Doodipals,5.271e-05,48814.16040067,3350.88,coinmarketcap_data_api_listings_historical
2026-02-27,39219,ABBVon,AbbVie Tokenized Stock (Ondo),231.76459952,48687.23766482,950143.03,coinmarketcap_data_api_listings_historical
2026-02-27,8648,CGG,ChainGuardians,0.00079134,48650.05363493,0.0,coinmarketcap_data_api_listings_historical
2026-02-27,33930,BABYBTC,Baby BitCoin,4.833e-05,48334.18115262,0.0,coinmarketcap_data_api_listings_historical
2026-02-27,8409,RAZOR,Razor Network,0.00014701,48253.87300616,0.0,coinmarketcap_data_api_listings_historical
2026-02-27,4293,PERL,PERL.eco,9.826e-05,48237.3520395,0.0,coinmarketcap_data_api_listings_historical
2026-02-27,4228,FRM,Ferrum Network,0.000168,48217.75237541,55830.91,coinmarketcap_data_api_listings_historical
2026-02-27,33657,IGT,Infinitar,0.0001064,48024.55346297,1451.7,coinmarketcap_data_api_listings_historical
2026-02-27,15924,NVIR,NvirWorld,4.546e-05,47842.24353688,62491.16,coinmarketcap_data_api_listings_historical
2026-02-27,10223,VEGA,Vega Protocol,0.00077046,47804.93982568,0.0,coinmarketcap_data_api_listings_historical
2026-02-27,9530,FARA,FaraLand,0.00207423,47559.25708913,0.0,coinmarketcap_data_api_listings_historical
2026-02-27,7349,CNTR,Centaur,9.62e-06,47395.67018236,0.0,coinmarketcap_data_api_listings_historical
2026-02-27,9654,SKILL,CryptoBlades,0.06103115,47322.05023287,0.0,coinmarketcap_data_api_listings_historical
2026-02-27,3140,UBEX,Ubex,1.42e-05,46948.1821976,0.0,coinmarketcap_data_api_listings_historical
2026-02-27,35614,MA,Mind AI,0.00011844,46235.86203695,24882.32,coinmarketcap_data_api_listings_historical
2026-02-27,37343,BOMO,BOMO,0.00012086,46047.28810977,50.32,coinmarketcap_data_api_listings_historical
2026-02-27,33433,UNI,UNI,4.601e-05,46014.12390502,0.0,coinmarketcap_data_api_listings_historical
2026-02-27,39338,死了么,死了么,4.595e-05,45949.62180228,679.64,coinmarketcap_data_api_listings_historical
2026-02-27,36372,STABUL,Stabull Finance,0.03091807,45641.90609293,0.0,coinmarketcap_data_api_listings_historical
2026-02-27,37237,DBC,Don’t Burn Capital,4.938e-05,45601.00697775,0.0,coinmarketcap_data_api_listings_historical
2026-02-27,33712,MDB,MOODENG (moodengbnb.com),1.4e-07,45598.0776173,0.0,coinmarketcap_data_api_listings_historical
2026-02-27,27573,EQPAY,EquityPay,0.00798179,45564.31784534,0.0,coinmarketcap_data_api_listings_historical
2026-02-27,33646,CATS,GoldenCat,7e-08,45552.9483526,0.0,coinmarketcap_data_api_listings_historical
2026-02-27,17607,FURY,Engines of Fury,0.00094253,45244.27805409,9047.79,coinmarketcap_data_api_listings_historical
2026-02-27,12071,XLD,XcelPay,0.00077884,45094.20196059,2.33,coinmarketcap_data_api_listings_historical
2026-02-27,30838,MSTAR,Star AI,7.462e-05,45020.5552917,37160.4,coinmarketcap_data_api_listings_historical
2026-02-27,29811,ANDY,Andy on SOL,4.75e-05,44944.45723389,0.0,coinmarketcap_data_api_listings_historical
2026-02-27,12115,ORION,Orion Money,0.00047139,44782.08397793,10045.43,coinmarketcap_data_api_listings_historical
2026-02-27,33160,XYRO,XYRO,9.199e-05,44649.19022026,148508.45,coinmarketcap_data_api_listings_historical
2026-02-27,23577,SAKAI,Sakai Vault,0.02145135,44640.83507376,0.0,coinmarketcap_data_api_listings_historical
2026-02-27,34041,MAJOR,Major Frog,5.24e-05,44279.22120309,0.0,coinmarketcap_data_api_listings_historical
2026-02-27,8043,MAHA,MAHA.xyz,0.00999974,43913.80294561,4983.48,coinmarketcap_data_api_listings_historical
2026-02-27,32211,$WELL,WELL3,1.058e-05,43543.71778952,8696.58,coinmarketcap_data_api_listings_historical
2026-02-27,8419,APYS,APYSwap,0.00237956,43286.58602468,31149.47,coinmarketcap_data_api_listings_historical
2026-02-27,31269,SXCH,SolarX,0.00033503,43207.6467581,0.0,coinmarketcap_data_api_listings_historical
2026-02-27,34601,VFX,Vabble v2,0.00029452,42890.08136147,0.0,coinmarketcap_data_api_listings_historical
2026-02-27,29191,MXM,MAXX AI,0.00012775,42844.93999008,0.0,coinmarketcap_data_api_listings_historical
2026-02-27,7022,PICKLE,Pickle Finance,0.02235151,42647.35897729,0.0,coinmarketcap_data_api_listings_historical
2026-02-27,16679,AOG,AgeOfGods,0.00041198,42629.58662994,8955.88,coinmarketcap_data_api_listings_historical
2026-02-27,28245,OFN,Openfabric AI,0.000243,42487.14088411,213.56,coinmarketcap_data_api_listings_historical
2026-02-27,31878,SPIKE,Spike,1.2e-07,42433.15390981,0.0,coinmarketcap_data_api_listings_historical
2026-02-27,15266,MEGALAND,Metagalaxy Land,4.238e-05,42379.65118565,6219.83,coinmarketcap_data_api_listings_historical
2026-02-27,32691,SATO,Atsuko Sato,4.349e-05,42091.39093459,0.0,coinmarketcap_data_api_listings_historical
2026-02-27,29026,MEMEAI,Meme Ai,5.77e-05,42009.49141269,36044.15,coinmarketcap_data_api_listings_historical
2026-02-27,35350,AWARE,ChainAware.ai,0.00113579,41825.55732781,0.0,coinmarketcap_data_api_listings_historical
2026-02-27,6638,LAYER,UniLayer,0.00104548,41819.39225113,0.0,coinmarketcap_data_api_listings_historical
2026-02-27,31224,$MBAG,MoonBag,1.41e-06,41755.43570585,0.0,coinmarketcap_data_api_listings_historical
2026-02-27,28962,VMINT,VoluMint,7.552e-05,41694.75787903,189.49,coinmarketcap_data_api_listings_historical
2026-02-27,11366,PBX,Paribus,5.54e-06,41611.13050645,6464.81,coinmarketcap_data_api_listings_historical
2026-02-27,33596,SLOP,Slop,4.155e-05,41553.26893913,1.91,coinmarketcap_data_api_listings_historical
2026-02-27,9545,NFTB,PixelRealm,6.017e-05,41551.93069434,0.0,coinmarketcap_data_api_listings_historical
2026-02-27,37561,BACHI,Bachi on Base,6.965e-05,40848.78219668,5304.13,coinmarketcap_data_api_listings_historical
2026-02-27,36428,HYPER,Hyperpigmentation,4.097e-05,40829.30206318,2042.79,coinmarketcap_data_api_listings_historical
2026-02-27,2291,GNX,Genaro Network,6.251e-05,40629.72299441,0.0,coinmarketcap_data_api_listings_historical
2026-02-27,39446,2016,2016 coin,4.061e-05,40591.74609738,2856.57,coinmarketcap_data_api_listings_historical
2026-02-27,36577,CA,Caila,4.161e-05,40067.50434871,0.0,coinmarketcap_data_api_listings_historical
2026-02-27,17456,FRIN,Fringe Finance,6.1e-05,39928.53833959,57517.85,coinmarketcap_data_api_listings_historical
2026-02-27,16948,MSTR,Monsterra (MSTR),0.00040427,39901.40277127,0.0,coinmarketcap_data_api_listings_historical
2026-02-27,36564,BOOCHIE,Boochie by Matt Furie,0.0,39889.23935814,641.36,coinmarketcap_data_api_listings_historical
2026-02-27,21400,LTRBT,Little Rabbit v2,0.0,39770.03835877,671.96,coinmarketcap_data_api_listings_historical
2026-02-27,1200,NEVA,NevaCoin,0.0073022,39662.85460082,0.0,coinmarketcap_data_api_listings_historical
2026-02-27,8063,DUCK,Duck DAO (DLP Duck Token),0.00126625,39657.9484745,0.0,coinmarketcap_data_api_listings_historical
2026-02-27,24653,NARUTO,Naruto,3.6e-07,39462.91384563,0.0,coinmarketcap_data_api_listings_historical
2026-02-27,10748,PWAR,PolkaWar,0.00047598,39421.67198027,2531.7,coinmarketcap_data_api_listings_historical
2026-02-27,34976,TRUMPIUS,Trumpius Maximus,0.00085384,39403.774112,169.49,coinmarketcap_data_api_listings_historical
2026-02-27,35920,STAR10,Ronaldinho Coin,0.00013307,39297.79513037,0.0,coinmarketcap_data_api_listings_historical
2026-02-27,38291,SHARDS,WorldShards,4.804e-05,39262.33172625,17739.52,coinmarketcap_data_api_listings_historical
2026-02-27,38404,USDWON,Won Chang,4.036e-05,39196.43516755,0.0,coinmarketcap_data_api_listings_historical
2026-02-27,37382,DARWIN,Darwin,9.669e-05,38674.07632107,0.0,coinmarketcap_data_api_listings_historical
2026-02-27,6789,BCUG,Blockchain Cuties Universe Governance,0.0280417,38638.43642327,0.0,coinmarketcap_data_api_listings_historical
2026-02-27,38692,BTC,Bitcoin Second Chance,0.00183323,38492.74176351,0.0,coinmarketcap_data_api_listings_historical
2026-02-27,3779,COT,CoTrader,1.92e-06,38484.17285272,3.56,coinmarketcap_data_api_listings_historical
2026-02-27,10412,HOD,HoDooi.com,7.757e-05,38154.33650093,8909.86,coinmarketcap_data_api_listings_historical
2026-02-27,25822,AIT,AiMalls,0.18898925,38154.09523466,478.75,coinmarketcap_data_api_listings_historical
2026-02-27,29932,BSHIB,Based Shiba Inu,4.19e-06,37862.53552507,0.0,coinmarketcap_data_api_listings_historical
2026-02-27,8329,PAID,PAID,6.954e-05,37749.06360038,0.0,coinmarketcap_data_api_listings_historical
2026-02-27,22031,AGLA,Angola,1.89e-05,37710.10315198,649832.32,coinmarketcap_data_api_listings_historical
2026-02-27,39303,HDon,Home Depot Tokenized Stock (Ondo),372.86411008,37482.73990957,51529.72,coinmarketcap_data_api_listings_historical
2026-02-27,10462,SHILL,SHILL Token,0.00010442,37284.38373788,11485.57,coinmarketcap_data_api_listings_historical
2026-02-27,31076,ZERO,ZeroLend,6.8e-07,37206.70151553,1.41,coinmarketcap_data_api_listings_historical
2026-02-27,19294,XRPAYNET,XRPayNet,6.6e-06,37048.31790421,54.07,coinmarketcap_data_api_listings_historical
2026-02-27,23497,BAHIA,Esporte Clube Bahia Fan Token,0.02851852,36768.75481481,0.41,coinmarketcap_data_api_listings_historical
2026-02-27,33041,AGENT,AgentLayer,4.2e-05,36740.23123176,8894.77,coinmarketcap_data_api_listings_historical
2026-02-27,4366,MIX,MixMarvel,3.77e-06,36583.49608183,11707.26,coinmarketcap_data_api_listings_historical
2026-02-27,35778,MARS,Mars,3.647e-05,36466.68624054,0.0,coinmarketcap_data_api_listings_historical
2026-02-27,38914,RCHV,Archivas,3.634e-05,36340.95867847,57.03,coinmarketcap_data_api_listings_historical
2026-02-27,12599,ASPO,ASPO World,0.00044851,35852.203405,0.0,coinmarketcap_data_api_listings_historical
2026-02-27,1107,PAC,PAC Protocol,2.05e-06,35792.34167451,0.0,coinmarketcap_data_api_listings_historical
2026-02-27,8911,STRK,Strike,0.00625995,35545.1937168,52140.38,coinmarketcap_data_api_listings_historical
2026-02-27,11110,SPO,Spores Network,3.353e-05,35483.75025564,19624.4,coinmarketcap_data_api_listings_historical
2026-02-27,35575,VICE,VICE Token,3.537e-05,35319.11973142,9354.29,coinmarketcap_data_api_listings_historical
2026-02-27,34420,PEN,Pentagon Games,7.355e-05,35252.66472197,0.0,coinmarketcap_data_api_listings_historical
2026-02-27,17316,SPELLFIRE,Spellfire,5.497e-05,35183.56088047,48259.27,coinmarketcap_data_api_listings_historical
2026-02-27,36587,RETARD,retardcoin,3.517e-05,35172.64898857,6971.72,coinmarketcap_data_api_listings_historical
2026-02-27,32108,SYNT,Synternet,5.359e-05,35123.19181501,0.0,coinmarketcap_data_api_listings_historical
2026-02-27,34562,MNRY,Moonray,0.0001573,34934.72810663,65918.46,coinmarketcap_data_api_listings_historical
2026-02-27,11649,WNT,Wicrypt,0.00133613,34906.09767688,148299.67,coinmarketcap_data_api_listings_historical
2026-02-27,8875,UNO,Lunos,0.00031141,34742.88612236,11378.47,coinmarketcap_data_api_listings_historical
2026-02-27,36783,LABUBU,LABUBU ETH,3.466e-05,34664.96855771,0.0,coinmarketcap_data_api_listings_historical
2026-02-27,11258,CRE8,Creaticles,0.00044205,34503.50071212,9022.11,coinmarketcap_data_api_listings_historical
2026-02-27,37468,KILT,KILT Protocol [New],0.00017985,34491.52574275,0.0,coinmarketcap_data_api_listings_historical
2026-02-27,5114,CNB,Coinsbit Token,2.585e-05,34408.40602924,0.0,coinmarketcap_data_api_listings_historical
2026-02-27,38684,SUBHUB,SubHub,0.00036441,34254.69711053,914.85,coinmarketcap_data_api_listings_historical
2026-02-27,31456,DOP,Data Ownership Protocol,3.9e-06,34074.3440229,0.0,coinmarketcap_data_api_listings_historical
2026-02-27,37222,BEST,Bestcoin,5.1e-07,33985.6484136,121.46,coinmarketcap_data_api_listings_historical
2026-02-27,36563,ZORO,ZoRobotics,0.0027288,33858.28567798,6430.86,coinmarketcap_data_api_listings_historical
2026-02-27,34457,$AKUMA,Akuma Inu,5e-08,33426.60555063,0.0,coinmarketcap_data_api_listings_historical
2026-02-27,9931,SNM,SONM (BEP-20),9.955e-05,33082.87038769,0.0,coinmarketcap_data_api_listings_historical
2026-02-27,28801,BABYBONK,Baby Bonk,0.0,32913.38692852,30882.81,coinmarketcap_data_api_listings_historical
2026-02-27,37436,SARAH,SARAH,5.494e-05,32830.76056744,0.0,coinmarketcap_data_api_listings_historical
2026-02-27,7256,MTLX,Mettalex,0.02917309,32761.46980023,0.0,coinmarketcap_data_api_listings_historical
2026-02-27,34585,BSX,BSX,0.00017282,32745.35722474,75.09,coinmarketcap_data_api_listings_historical
2026-02-27,29668,BABY,Baby,3e-08,32667.63390645,0.0,coinmarketcap_data_api_listings_historical
2026-02-27,38570,HODL,HODL (hodl_bnbcto),3.262e-05,32615.69569009,0.0,coinmarketcap_data_api_listings_historical
2026-02-27,11700,LIFE,Life Crypto,1.236e-05,32522.06817803,9934.27,coinmarketcap_data_api_listings_historical
2026-02-27,38610,WBULL,Wall St. Bull,3.241e-05,32413.88064263,235.36,coinmarketcap_data_api_listings_historical
2026-02-27,36512,DOGEBASE,Doge Base,3.234e-05,32175.53338267,0.0,coinmarketcap_data_api_listings_historical
2026-02-27,34980,CRTAI,CRT AI Network,9.03e-05,31866.6927773,2435.56,coinmarketcap_data_api_listings_historical
2026-02-27,35933,YTC,YachtsCoin,3.172e-05,31721.1213059,0.0,coinmarketcap_data_api_listings_historical
2026-02-27,7552,HYVE,Hyve,0.0004252,31645.93622195,0.0,coinmarketcap_data_api_listings_historical
2026-02-27,37312,STARTUP,Startup,3.174e-05,31430.69264818,0.0,coinmarketcap_data_api_listings_historical
2026-02-27,36868,VISION,OpenVision,3.121e-05,31208.30960166,0.0,coinmarketcap_data_api_listings_historical
2026-02-27,35041,SOAR,Soarchain,0.00030902,31107.59258808,227.23,coinmarketcap_data_api_listings_historical
2026-02-27,22034,ROND,ROND,7.004e-05,31035.75739211,1660.53,coinmarketcap_data_api_listings_historical
2026-02-27,27856,PENGY,Pengycoin,3.112e-05,30981.9905278,0.0,coinmarketcap_data_api_listings_historical
2026-02-27,31900,RGOAT,RealGOAT,0.0,30930.401082,0.0,coinmarketcap_data_api_listings_historical
2026-02-27,30601,MOUTAI,Moutai,4.388e-05,30569.6295325,520.09,coinmarketcap_data_api_listings_historical
2026-02-27,15974,MTVT,Metaverser,0.00018258,30511.46483984,0.0,coinmarketcap_data_api_listings_historical
2026-02-27,7791,BUNNY,Pancake Bunny,0.05956695,30392.96494582,0.0,coinmarketcap_data_api_listings_historical
2026-02-27,33659,RATS,GoldenRat,5e-08,30307.97760766,0.0,coinmarketcap_data_api_listings_historical
2026-02-27,6709,VIDYA,Vidya,0.00089641,30156.15601315,0.0,coinmarketcap_data_api_listings_historical
2026-02-27,33338,AIRDROP,AIRDROP2049,2.563e-05,29983.99868358,15893.44,coinmarketcap_data_api_listings_historical
2026-02-27,29541,BABYTRUMP,Baby Trump (BSC),6.764e-05,29978.9211879,0.0,coinmarketcap_data_api_listings_historical
2026-02-27,31561,SOLCAT,CatSolHat,0.00045233,29925.41125166,0.0,coinmarketcap_data_api_listings_historical
2026-02-27,8963,MARSH,UnMarshal,0.00044163,29872.83625075,0.0,coinmarketcap_data_api_listings_historical
2026-02-27,38474,REGRET,Regret,2.983e-05,29825.56354964,4408.54,coinmarketcap_data_api_listings_historical
2026-02-27,19092,METAQ,MetaQ,0.0115197,29695.27773969,38449.09,coinmarketcap_data_api_listings_historical
2026-02-27,33870,TDS,Trump Derangement Syndrome (tearsforTDS),2.963e-05,29632.95204791,0.0,coinmarketcap_data_api_listings_historical
2026-02-27,34411,BABYXRP,Baby Ripple (babyxrp.xyz),2.95e-05,29499.22138522,135382.71,coinmarketcap_data_api_listings_historical
2026-02-27,35543,AAA,Aiagent.app,2.934e-05,29339.75441424,0.0,coinmarketcap_data_api_listings_historical
2026-02-27,36574,LANLAN,LanLan Cat,3.28e-06,29176.93392777,0.0,coinmarketcap_data_api_listings_historical
2026-02-27,16302,UPO,UpOnly,0.00025599,29129.88960324,92800.51,coinmarketcap_data_api_listings_historical
2026-02-27,5963,CNS,Centric Swap,2.9e-07,29072.57165187,147322.64,coinmarketcap_data_api_listings_historical
2026-02-27,31261,GOME,Game of Memes,4.435e-05,28874.63839553,0.0,coinmarketcap_data_api_listings_historical
2026-02-27,39286,CRWDon,CrowdStrike Tokenized Stock (Ondo),370.6765965,28765.50238386,832085.1,coinmarketcap_data_api_listings_historical
2026-02-27,19924,EPX,Ellipsis,3.5e-07,28760.05999827,0.12,coinmarketcap_data_api_listings_historical
2026-02-27,9615,POLX,Polylastic,4.3e-07,28731.81168711,0.0,coinmarketcap_data_api_listings_historical
2026-02-27,33307,POCHITA,Pochita (pochita.biz),2.854e-05,28544.4743951,37784.01,coinmarketcap_data_api_listings_historical
2026-02-27,12416,PLSPAD,PulsePad,0.00017139,28401.7165016,8954.47,coinmarketcap_data_api_listings_historical
2026-02-27,24580,LITT,LitLab Games,9.715e-05,28351.98072814,0.0,coinmarketcap_data_api_listings_historical
2026-02-27,33384,WAP,Wet Ass Pussy,2.824e-05,28236.07983359,0.0,coinmarketcap_data_api_listings_historical
2026-02-27,34746,LMT,Limitus,3.4e-05,28224.14500149,71740.45,coinmarketcap_data_api_listings_historical
2026-02-27,16057,GQ,Galactic Quadrant,4.74e-06,28137.00537674,0.0,coinmarketcap_data_api_listings_historical
2026-02-27,1956,VIVO,Vivo,0.00521842,28136.62475443,0.01,coinmarketcap_data_api_listings_historical
2026-02-27,8561,KEYFI,KeyFi,0.01036118,27855.2976176,0.0,coinmarketcap_data_api_listings_historical
2026-02-27,28991,BOZO,BOZO,0.0,27796.69876131,0.0,coinmarketcap_data_api_listings_historical
2026-02-27,36755,KBBB,KILL BIG BEAUTIFUL BILL,2.741e-05,27411.15543226,0.0,coinmarketcap_data_api_listings_historical
2026-02-27,37405,VALENTINE,Valentine,2.741e-05,27409.68808628,0.0,coinmarketcap_data_api_listings_historical
2026-02-27,38326,STREAMER,StreamerCoin,2.733e-05,27326.21079807,0.0,coinmarketcap_data_api_listings_historical
2026-02-27,8790,KINE,KINE,0.00133661,27015.49362477,0.0,coinmarketcap_data_api_listings_historical
2026-02-27,23994,NEWM,NEWM,1.117e-05,26946.81288544,108.61,coinmarketcap_data_api_listings_historical
2026-02-27,33887,RAPTOR,Philosoraptor,2.741e-05,26684.77233098,9035.14,coinmarketcap_data_api_listings_historical
2026-02-27,33360,ZAP,ZAP,0.00032924,26521.21499334,10649.42,coinmarketcap_data_api_listings_historical
2026-02-27,23146,HAN,HanChain,0.00031449,26361.21508806,703605.83,coinmarketcap_data_api_listings_historical
2026-02-27,35601,DOGEAI,DOGEai,3.475e-05,26065.35804631,311.59,coinmarketcap_data_api_listings_historical
2026-02-27,8862,RAGE,Rage Fan,0.00045914,26042.3329753,9539.36,coinmarketcap_data_api_listings_historical
2026-02-27,33946,NGTG$$,Nugget Trap Gold Token,0.00010496,25793.74550708,0.0,coinmarketcap_data_api_listings_historical
2026-02-27,18103,YOURAI,YOUR AI,5.035e-05,25792.88847051,355.05,coinmarketcap_data_api_listings_historical
2026-02-27,37334,MOONDOGE,MOONDOGE,2.604e-05,25670.96956127,0.0,coinmarketcap_data_api_listings_historical
2026-02-27,35221,DIGIMON,Digimon,2.557e-05,25561.31062055,0.0,coinmarketcap_data_api_listings_historical
2026-02-27,7622,UBX,UBIX.Network,5.6e-07,25397.09892726,135245.87,coinmarketcap_data_api_listings_historical
2026-02-27,29273,FIRE,Matr1x Fire,0.00037969,25337.31084727,0.0,coinmarketcap_data_api_listings_historical
2026-02-27,39218,AMATon,Applied Materials Tokenized Stock (Ondo),372.26510734,25305.49991557,974455.23,coinmarketcap_data_api_listings_historical
2026-02-27,39365,TIG,TRUMP IN GREENLAND,2.51e-05,25104.18526749,0.0,coinmarketcap_data_api_listings_historical
2026-02-27,36802,CRYBB,CryBaby,3.602e-05,25078.77014501,0.71,coinmarketcap_data_api_listings_historical
2026-02-27,34557,E4C,E4C,0.00019298,24746.99723711,12067.84,coinmarketcap_data_api_listings_historical
2026-02-27,13068,COGI,COGI,0.00040078,24682.73939059,0.0,coinmarketcap_data_api_listings_historical
2026-02-27,4026,DAPP,LiquidApps,3.45e-05,24491.18462716,44.96,coinmarketcap_data_api_listings_historical
2026-02-27,5187,JRT,Jarvis Network,0.00084022,24371.29631901,5.52,coinmarketcap_data_api_listings_historical
2026-02-27,23299,SHARKS,The Sharks Fan Token,0.03751069,24360.97847812,0.0,coinmarketcap_data_api_listings_historical
2026-02-27,9492,ELAND,Etherland,0.0006288,24319.95953822,0.0,coinmarketcap_data_api_listings_historical
2026-02-27,33599,FLAVIA,Flavia Is Online,2.417e-05,24170.35060488,0.0,coinmarketcap_data_api_listings_historical
2026-02-27,10367,APRIL,April,0.00028513,24026.85309162,0.0,coinmarketcap_data_api_listings_historical
2026-02-27,15478,DG,Decentral Games,0.00012382,23950.6614093,0.0,coinmarketcap_data_api_listings_historical
2026-02-27,33856,TOAD,Acid Toad,0.0,23932.81733987,0.0,coinmarketcap_data_api_listings_historical
2026-02-27,10427,PKR,POLKER,0.0001212,23469.30526318,56575.95,coinmarketcap_data_api_listings_historical
2026-02-27,10647,BNBTC,BNbitcoin,0.00218499,23407.82583819,476.95,coinmarketcap_data_api_listings_historical
2026-02-27,33518,PDOGE,Poor Doge,2.1e-07,23228.25839931,0.0,coinmarketcap_data_api_listings_historical
2026-02-27,12929,1ART,OneArt,0.00016119,23117.19319508,0.0,coinmarketcap_data_api_listings_historical
2026-02-27,5025,JADE,Jade Currency,0.00042964,23051.02665049,51.02,coinmarketcap_data_api_listings_historical
2026-02-27,11923,EBA,Elpis Battle,0.00103937,23045.66160247,0.0,coinmarketcap_data_api_listings_historical
2026-02-27,35624,ETF,"Eat, Trade, Fart",2.302e-05,23017.17965056,0.0,coinmarketcap_data_api_listings_historical
2026-02-27,36531,BOOST,Boost,3.766e-05,23008.01654069,110215.0,coinmarketcap_data_api_listings_historical
2026-02-27,20825,PTS,Petals,1.63e-06,22993.12176663,8884.93,coinmarketcap_data_api_listings_historical
2026-02-27,11752,XPNET,XP NETWORK,0.00017382,22921.45237999,0.0,coinmarketcap_data_api_listings_historical
2026-02-27,28800,EGG,Eggdog,2.383e-05,22523.75297292,0.0,coinmarketcap_data_api_listings_historical
2026-02-27,38310,USDUT,Unstable Tether,2.245e-05,22453.1328677,0.0,coinmarketcap_data_api_listings_historical
2026-02-27,16552,SOFI,RAI Finance,3.725e-05,22283.98431217,6.05,coinmarketcap_data_api_listings_historical
2026-02-27,7024,TXL,Autobahn Network,0.00032986,22124.26156102,0.0,coinmarketcap_data_api_listings_historical
2026-02-27,9583,MEL,MELX,0.00108697,22065.92102462,0.0,coinmarketcap_data_api_listings_historical
2026-02-27,34548,REALIS,Realis Worlds,2.2e-05,22001.83529906,80711.53,coinmarketcap_data_api_listings_historical
2026-02-27,8483,BRY,Berry Data,0.01100064,22001.27459315,0.0,coinmarketcap_data_api_listings_historical
2026-02-27,9756,VPP,Virtue Poker,0.0002056,21996.80544549,0.0,coinmarketcap_data_api_listings_historical
2026-02-27,30563,PBUX,Playbux,5.569e-05,21962.54959867,0.0,coinmarketcap_data_api_listings_historical
2026-02-27,30711,RWA,Rug World Assets,0.0023105,21945.30294061,5.27,coinmarketcap_data_api_listings_historical
2026-02-27,37483,MOO,Moo,0.0,21796.70321028,65.43,coinmarketcap_data_api_listings_historical
2026-02-27,35237,HTERM,Hiero Terminal,2.681e-05,21792.42978839,0.0,coinmarketcap_data_api_listings_historical
2026-02-27,4298,RPZX,Rapidz,1.176e-05,21735.30811003,0.0,coinmarketcap_data_api_listings_historical
2026-02-27,27862,VEXT,Veloce,9.99e-05,21626.93838877,0.0,coinmarketcap_data_api_listings_historical
2026-02-27,33842,SINK,Let that sink in,2.82e-05,21457.27573521,51635.06,coinmarketcap_data_api_listings_historical
2026-02-27,9259,FOC,TheForce Trade,0.00026693,21407.58677339,0.0,coinmarketcap_data_api_listings_historical
2026-02-27,8717,ODDZ,Oddz,0.00021499,21284.43661112,26679.13,coinmarketcap_data_api_listings_historical
2026-02-27,39135,DINO,Dinosol,2.431e-05,21101.95483291,320.08,coinmarketcap_data_api_listings_historical
2026-02-27,32314,MILKBAG,MILKBAG,2.34e-05,21041.26568929,0.0,coinmarketcap_data_api_listings_historical
2026-02-27,15884,RAIIN,Raiinmaker,0.00189341,20960.98884818,784.94,coinmarketcap_data_api_listings_historical
2026-02-27,17047,WWY,WeWay,1.455e-05,20957.24126393,16436.36,coinmarketcap_data_api_listings_historical
2026-02-27,23296,NEU,Neutra Finance,0.02677391,20897.77488642,0.0,coinmarketcap_data_api_listings_historical
2026-02-27,11926,THG,Thetan World,0.00018341,20832.48406037,0.0,coinmarketcap_data_api_listings_historical
2026-02-27,37355,NDQ,NDQ666,2.04e-05,20395.81822442,0.0,coinmarketcap_data_api_listings_historical
2026-02-27,31121,LABZ,Insane Labz,0.00040999,20289.2050705,725.22,coinmarketcap_data_api_listings_historical
2026-02-27,11498,CBG,Chainbing,0.00059515,19639.9929759,0.0,coinmarketcap_data_api_listings_historical
2026-02-27,21286,CRT,Cantina Royale,8.067e-05,19617.31472208,0.03,coinmarketcap_data_api_listings_historical
2026-02-27,32503,NOTAI,NOTAI,3.3e-07,19610.67242377,14.91,coinmarketcap_data_api_listings_historical
2026-02-27,30001,COBE,Castle of Blackwater,0.00250348,19549.56839539,0.0,coinmarketcap_data_api_listings_historical
2026-02-27,31267,UTYAB,UTYABSWAP,1.945e-05,19453.82809848,0.0,coinmarketcap_data_api_listings_historical
2026-02-27,5626,KDAG,King DAG,0.00035709,19444.1447514,0.0,coinmarketcap_data_api_listings_historical
2026-02-27,8320,PBR,PolkaBridge,0.00025933,19425.67414387,0.0,coinmarketcap_data_api_listings_historical
2026-02-27,35680,LUX,Lux,1.924e-05,19242.38315511,0.0,coinmarketcap_data_api_listings_historical
2026-02-27,28866,SOLZILLA,Solzilla,0.0,19210.06969967,0.0,coinmarketcap_data_api_listings_historical
2026-02-27,13932,GENESIS,Genesis Worlds,0.0001052,19070.44534076,0.0,coinmarketcap_data_api_listings_historical
2026-02-27,34765,MVRS,Magaverse,1.89e-05,18899.46954571,76066.93,coinmarketcap_data_api_listings_historical
2026-02-27,5024,ALTS,Crypto-Altcoins.com,1.419e-05,18875.21038602,0.0,coinmarketcap_data_api_listings_historical
2026-02-27,38177,HOKK,Hokkaidu Inu,1.878e-05,18782.3991695,0.0,coinmarketcap_data_api_listings_historical
2026-02-27,38289,TCG,ToCa.Gg,1.859e-05,18586.32757069,0.0,coinmarketcap_data_api_listings_historical
2026-02-27,30828,CATA,CATAMOTO,9.6e-07,18512.59026806,0.0,coinmarketcap_data_api_listings_historical
2026-02-27,8755,NRV,Nerve Finance,0.00039234,18141.06773901,0.0,coinmarketcap_data_api_listings_historical
2026-02-27,10527,LITH,Lithium,3.46e-06,18140.80042038,0.0,coinmarketcap_data_api_listings_historical
2026-02-27,11862,ARIX,Arix,0.00028839,18077.58380666,50256.67,coinmarketcap_data_api_listings_historical
2026-02-27,32902,BRUH,Bruh,1.8e-05,17999.52574296,33217.56,coinmarketcap_data_api_listings_historical
2026-02-27,9643,DON,Don-key,0.00018814,17976.49479038,1765.84,coinmarketcap_data_api_listings_historical
2026-02-27,11021,CO,Corite,0.00014658,17912.38576022,0.0,coinmarketcap_data_api_listings_historical
2026-02-27,8385,UMB,Umbrella Network,6.092e-05,17846.52376446,0.0,coinmarketcap_data_api_listings_historical
2026-02-27,27606,BROCK,Bitrock,0.0001879,17841.80312489,0.0,coinmarketcap_data_api_listings_historical
2026-02-27,36754,YETI,YETI,2.227e-05,17816.18289369,336.33,coinmarketcap_data_api_listings_historical
2026-02-27,35257,DEFAI,DeFAI,1.856e-05,17689.34520116,0.0,coinmarketcap_data_api_listings_historical
2026-02-27,21013,PEEL,Meta Apes,0.00011435,17541.8539838,0.0,coinmarketcap_data_api_listings_historical
2026-02-27,22088,ING,Infinity Games,3.49e-06,17448.19529159,12140.26,coinmarketcap_data_api_listings_historical
2026-02-27,8386,GUM,Gourmet Galaxy,0.00525869,17417.54274388,0.0,coinmarketcap_data_api_listings_historical
2026-02-27,39273,PLUGon,Plug Power Tokenized Stock (Ondo),1.79427885,17334.59768866,880.79,coinmarketcap_data_api_listings_historical
2026-02-27,30270,FOMO,FOMO BULL CLUB,5.1e-07,17196.43044589,0.0,coinmarketcap_data_api_listings_historical
2026-02-27,12678,FLAME,FireStarter,0.0002501,17141.58542836,53113.38,coinmarketcap_data_api_listings_historical
2026-02-27,38595,BABYBNB,Baby BNB,1.711e-05,17107.02987404,1851.37,coinmarketcap_data_api_listings_historical
2026-02-27,3449,MMO,MMOCoin,0.00024899,17064.02851178,0.01,coinmarketcap_data_api_listings_historical
2026-02-27,39246,PDBCon,Invesco Optimum Yld Dvsfd Cmd Str No K-1 Tokenized ETF (Ondo),14.91656806,16946.71652653,320.37,coinmarketcap_data_api_listings_historical
2026-02-27,33666,CROS,Cros,1.692e-05,16919.86073764,52.88,coinmarketcap_data_api_listings_historical
2026-02-27,35572,SAN,San Chan,1.786e-05,16821.49914773,283.44,coinmarketcap_data_api_listings_historical
2026-02-27,34570,TREEINCAT,Tree Stuck in Cat,1.916e-05,16815.42643194,27624.87,coinmarketcap_data_api_listings_historical
2026-02-27,35208,CATG,C.A.T (Crypto Agent Trading),1.671e-05,16701.35934626,0.0,coinmarketcap_data_api_listings_historical
2026-02-27,38391,BUTTPLUG,fartcoin killer,1.646e-05,16454.030574,0.0,coinmarketcap_data_api_listings_historical
2026-02-27,18330,VISION,VisionGame,2.7e-05,16332.89558357,0.0,coinmarketcap_data_api_listings_historical
2026-02-27,36820,DEGEN,Degen Arena,0.0,16326.47575476,0.0,coinmarketcap_data_api_listings_historical
2026-02-27,29482,SLN,Smart Layer Network,0.0003716,16260.28038286,0.0,coinmarketcap_data_api_listings_historical
2026-02-27,31463,LRT,LandRocker,3.95e-06,16095.26890414,0.0,coinmarketcap_data_api_listings_historical
2026-02-27,39227,BILIon,Bilibili Tokenized Stock (Ondo),28.0069788,16043.50797588,682218.5,coinmarketcap_data_api_listings_historical
2026-02-27,10373,TULIP,Tulip Protocol,0.01951842,15911.5277303,0.0,coinmarketcap_data_api_listings_historical
2026-02-27,8029,OXY,Oxygen,0.00038962,15853.51955201,153364.79,coinmarketcap_data_api_listings_historical
2026-02-27,32877,LMF,Lamas Finance,0.00218759,15707.77329483,75.6,coinmarketcap_data_api_listings_historical
2026-02-27,7182,BHC,Billion Happiness,0.31403744,15701.87192813,1.17,coinmarketcap_data_api_listings_historical
2026-02-27,30640,2MOON,The Moon Metaverse,2.5e-07,15663.41157158,314.18,coinmarketcap_data_api_listings_historical
2026-02-27,15575,PLASTIK,Plastiks,0.00010269,15655.55547042,0.0,coinmarketcap_data_api_listings_historical
2026-02-27,10251,CORGIB,The Corgi of PolkaBridge,0.0,15602.41140113,629.95,coinmarketcap_data_api_listings_historical
2026-02-27,9253,TWIN,Twinci,0.07684674,15369.34772432,0.0,coinmarketcap_data_api_listings_historical
2026-02-27,38377,MRLN,Project Merlin,0.0001383,15317.65797071,295105.93,coinmarketcap_data_api_listings_historical
2026-02-27,31670,DOUG,Doug The Duck,1.526e-05,15259.06842748,0.0,coinmarketcap_data_api_listings_historical
2026-02-27,9866,FEAR,FEAR,0.00085795,15198.86691156,0.0,coinmarketcap_data_api_listings_historical
2026-02-27,8605,WOW,WOWswap,0.01507213,15064.39678266,0.0,coinmarketcap_data_api_listings_historical
2026-02-27,36100,BIAO,Biao,1.525e-05,15008.50580819,0.0,coinmarketcap_data_api_listings_historical
2026-02-27,39284,TQQQon,ProShares UltraPro QQQ Tokenized Stock (Ondo),49.30365674,14911.91862913,1077642.75,coinmarketcap_data_api_listings_historical
2026-02-27,37102,TEARS,Liberals Tears,1.475e-05,14749.3860703,1698.87,coinmarketcap_data_api_listings_historical
2026-02-27,15926,RAIN,Rainmaker Games,2.176e-05,14403.90666264,0.0,coinmarketcap_data_api_listings_historical
2026-02-27,7438,ZEE,ZeroSwap,0.000227,14398.15104793,208301.5,coinmarketcap_data_api_listings_historical
2026-02-27,30603,SECOND,MetaDOS,3.88e-06,14382.90618718,55.11,coinmarketcap_data_api_listings_historical
2026-02-27,37990,HODL,HODL Coin,1.438e-05,14371.8242873,0.0,coinmarketcap_data_api_listings_historical
2026-02-27,11251,DXLC,Dexlab Classic,0.0002729,14334.69956618,32.24,coinmarketcap_data_api_listings_historical
2026-02-27,9225,RGP,Rigel Protocol,0.00572412,14281.76034913,0.0,coinmarketcap_data_api_listings_historical
2026-02-27,39279,SOon,Southern Tokenized Stock (Ondo),97.40122458,14251.27171827,0.0,coinmarketcap_data_api_listings_historical
2026-02-27,36668,OMALLEY,OMalley,1.57e-06,14174.9057591,0.0,coinmarketcap_data_api_listings_historical
2026-02-27,33051,JIN,JinPeng,1.655e-05,14137.96146087,116.98,coinmarketcap_data_api_listings_historical
2026-02-27,3687,BTB,BitBall,2.199e-05,14075.53882318,13131.44,coinmarketcap_data_api_listings_historical
2026-02-27,30179,BLAZE,StoryFire,2.23e-06,14036.54426444,0.0,coinmarketcap_data_api_listings_historical
2026-02-27,7034,GOF,Golff,0.00140288,14027.82429593,0.0,coinmarketcap_data_api_listings_historical
2026-02-27,28436,NEI,Neurashi,5.098e-05,14005.80704115,5089.42,coinmarketcap_data_api_listings_historical
2026-02-27,32229,RECORD,Record,2.274e-05,13785.40853957,224.82,coinmarketcap_data_api_listings_historical
2026-02-27,35465,$AKA,Akasha by Bloomverse,1.373e-05,13727.11437526,0.0,coinmarketcap_data_api_listings_historical
2026-02-27,8259,COMBO,Furucombo,0.00033811,13716.89734245,0.0,coinmarketcap_data_api_listings_historical
2026-02-27,29302,NEVER,neversol,1.9e-07,13663.80740549,0.0,coinmarketcap_data_api_listings_historical
2026-02-27,10905,AIRT,AirNFTs,0.00012128,13588.01969168,4.46,coinmarketcap_data_api_listings_historical
2026-02-27,15315,SON,SOUNI,1.4e-06,13459.28740887,0.0,coinmarketcap_data_api_listings_historical
2026-02-27,35726,BRAT,Brat,1.336e-05,13362.9820501,0.0,coinmarketcap_data_api_listings_historical
2026-02-27,34376,CNDY,SUGARVERSE,2.856e-05,13325.84860257,46758.26,coinmarketcap_data_api_listings_historical
2026-02-27,21772,SHOP,Shopping.io,0.00013065,13048.94335661,0.0,coinmarketcap_data_api_listings_historical
2026-02-27,36981,GGX,GG3,0.0002481,12954.05056877,0.0,coinmarketcap_data_api_listings_historical
2026-02-27,19677,HAWK,HawkFi,1.24e-05,12793.73369246,0.0,coinmarketcap_data_api_listings_historical
2026-02-27,14389,SAO,Sator,0.00023068,12667.18626714,10242.02,coinmarketcap_data_api_listings_historical
2026-02-27,35413,LOON,The Loonies,1.251e-05,12509.21159657,51759.89,coinmarketcap_data_api_listings_historical
2026-02-27,36251,PHIL,Binance Mascot,1.242e-05,12421.84979704,0.0,coinmarketcap_data_api_listings_historical
2026-02-27,3754,EVY,EveryCoin ,1.32e-06,12381.27377439,12.11,coinmarketcap_data_api_listings_historical
2026-02-27,36479,KOBUSHI,Kobushi,3e-08,12325.89223363,45769.37,coinmarketcap_data_api_listings_historical
2026-02-27,18094,PRX,Parex,0.00089999,12294.12291072,2650.86,coinmarketcap_data_api_listings_historical
2026-02-27,9544,PRARE,POLKARARE,0.00107388,12224.20102345,11056.77,coinmarketcap_data_api_listings_historical
2026-02-27,34527,AAAHHM,Plankton in Pain,1.213e-05,12134.13251628,0.0,coinmarketcap_data_api_listings_historical
2026-02-27,36643,OLIVIA,AIGOV,1.577e-05,12115.76253625,0.0,coinmarketcap_data_api_listings_historical
2026-02-27,32042,SPIKE,Spike,1.263e-05,12098.77895294,37819.44,coinmarketcap_data_api_listings_historical
2026-02-27,9134,BYN,NBX,0.00133628,11843.70890244,67993.18,coinmarketcap_data_api_listings_historical
2026-02-27,20546,REV3L,REV3AL,3.206e-05,11733.48055337,0.0,coinmarketcap_data_api_listings_historical
2026-02-27,31106,DOKY,Donkey King,1.34e-06,11592.7315179,0.0,coinmarketcap_data_api_listings_historical
2026-02-27,37759,SIMON,Simon the Gator,1.668e-05,11507.44057044,718.68,coinmarketcap_data_api_listings_historical
2026-02-27,33170,PUNCH,ONE PUNCH CAT,1.291e-05,11392.4772033,0.0,coinmarketcap_data_api_listings_historical
2026-02-27,6992,SPARTA,Spartan Protocol,0.00015197,11364.64150796,0.0,coinmarketcap_data_api_listings_historical
2026-02-27,35048,BABYSHARK,Baby Shark Meme,1.324e-05,11247.35086375,0.0,coinmarketcap_data_api_listings_historical
2026-02-27,35618,AVAXAI,AIvalanche DeFAI Agents,5.9e-05,11227.02008033,130205.27,coinmarketcap_data_api_listings_historical
2026-02-27,39225,BBAIon,BigBear.ai Holdings Tokenized Stock (Ondo),3.93696656,11188.02002986,1007.65,coinmarketcap_data_api_listings_historical
2026-02-27,35515,LEGIT,LEGIT,1.383e-05,11128.29202594,667.91,coinmarketcap_data_api_listings_historical
2026-02-27,39154,UWU,Unlimited Wealth Utility,1.106e-05,11058.06007103,0.0,coinmarketcap_data_api_listings_historical
2026-02-27,10824,HTZ,Hertz Network,2.09e-06,10955.35369175,0.0,coinmarketcap_data_api_listings_historical
2026-02-27,36836,SOLBOX,SolBox,1.08e-05,10797.19098401,0.0,coinmarketcap_data_api_listings_historical
2026-02-27,33358,SOFAC,SofaCat,0.00011388,10774.38471346,0.0,coinmarketcap_data_api_listings_historical
2026-02-27,7795,BIRD,Bird.Money,0.11247552,10678.65129105,0.0,coinmarketcap_data_api_listings_historical
2026-02-27,31317,MEOW,MeowCat,0.00010668,10668.20339146,0.0,coinmarketcap_data_api_listings_historical
2026-02-27,37583,PJN,PJN,1.056e-05,10561.34801154,0.0,coinmarketcap_data_api_listings_historical
2026-02-27,2345,HPB,Hyperblox,0.00014421,10537.42394058,0.0,coinmarketcap_data_api_listings_historical
2026-02-27,39226,FTGCon,First Trust Global Commodity Tokenized Fund (Ondo),25.46632274,10428.18549911,0.0,coinmarketcap_data_api_listings_historical
2026-02-27,2717,BOUTS,BoutsPro,0.00013568,10395.00920566,0.0,coinmarketcap_data_api_listings_historical
2026-02-27,20535,MOVEZ,MOVEZ,2.77e-06,10296.76141045,0.0,coinmarketcap_data_api_listings_historical
2026-02-27,32984,UNIO,Unio Coin,1.688e-05,10076.00483356,17.06,coinmarketcap_data_api_listings_historical
2026-02-27,2359,POLIS,Polis,0.00101271,9956.87027001,0.0,coinmarketcap_data_api_listings_historical
2026-02-27,38306,DOGENARII,Dogenarii,9.95e-06,9954.3324155,0.0,coinmarketcap_data_api_listings_historical
2026-02-27,32423,TADDY,DADDY TRUMP,1.366e-05,9858.44588942,0.0,coinmarketcap_data_api_listings_historical
2026-02-27,11978,RPG,Revolve Games,0.00012731,9847.10514326,0.0,coinmarketcap_data_api_listings_historical
2026-02-27,9269,FINE,Refinable,0.0002369,9727.22933641,0.0,coinmarketcap_data_api_listings_historical
2026-02-27,32425,DOAI,DOJO Protocol,1.163e-05,9720.4026168,1.34,coinmarketcap_data_api_listings_historical
2026-02-27,29099,MINU,Minu,0.0,9682.33058509,0.0,coinmarketcap_data_api_listings_historical
2026-02-27,39228,ACHRon,Archer Aviation Tokenized Stock (Ondo),7.1029356,9660.80370602,88.73,coinmarketcap_data_api_listings_historical
2026-02-27,29580,DECHAT,Dechat,0.00195129,9551.66106739,0.0,coinmarketcap_data_api_listings_historical
2026-02-27,5407,KDG,KingdomStarter,1.773e-05,9414.2534766,0.0,coinmarketcap_data_api_listings_historical
2026-02-27,38238,SMOON,SAFEMOON,9.8e-06,9144.57895852,0.0,coinmarketcap_data_api_listings_historical
2026-02-27,17605,AEG,Aether Games,2.031e-05,9037.2213935,0.0,coinmarketcap_data_api_listings_historical
2026-02-27,36235,CHADETTE,CHADETTE,9.24e-06,8934.88993186,0.0,coinmarketcap_data_api_listings_historical
2026-02-27,36032,DRIP,Metadrip,8.9e-06,8900.11745773,0.0,coinmarketcap_data_api_listings_historical
2026-02-27,12066,SHI,Shirtum,5.112e-05,8885.67052149,12897.08,coinmarketcap_data_api_listings_historical
2026-02-27,30817,DLORD,DORK LORD,9.39e-06,8815.13454165,0.0,coinmarketcap_data_api_listings_historical
2026-02-27,39034,BBT,Burger Blast Token,5.91e-05,8738.63069873,240289.76,coinmarketcap_data_api_listings_historical
2026-02-27,34967,ZEUS,ZEUS (zeusthedog.vip),8.73e-06,8731.8540941,0.0,coinmarketcap_data_api_listings_historical
2026-02-27,39221,ISRGon,Intuitive Surgical Tokenized Stock (Ondo),502.87413128,8722.97463686,64250.55,coinmarketcap_data_api_listings_historical
2026-02-27,17588,METAL,DRUNK ROBOTS,1.211e-05,8714.05043451,0.0,coinmarketcap_data_api_listings_historical
2026-02-27,16516,DOM,Ancient Kingdom,5.5e-06,8706.86569605,0.0,coinmarketcap_data_api_listings_historical
2026-02-27,11563,AIRI,aiRight,3.376e-05,8652.43014632,0.0,coinmarketcap_data_api_listings_historical
2026-02-27,15858,GCOIN,Galaxy Fight Club,0.00059544,8565.08112726,10011.66,coinmarketcap_data_api_listings_historical
2026-02-27,2158,PHR,Phore,0.00028018,8555.52832802,0.0,coinmarketcap_data_api_listings_historical
2026-02-27,35289,PPCOIN,Project Plutus,8.49e-06,8491.4286136,0.0,coinmarketcap_data_api_listings_historical
2026-02-27,7202,OCTO,OctoFi,0.01044613,8335.52602307,0.0,coinmarketcap_data_api_listings_historical
2026-02-27,35681,CHORUZ,Choruz AI,8.78e-06,8250.84143491,0.0,coinmarketcap_data_api_listings_historical
2026-02-27,11291,KMON,Kryptomon,4.341e-05,8241.43210431,0.0,coinmarketcap_data_api_listings_historical
2026-02-27,39007,SORA,Sora Oracle,8.635e-05,8116.80247386,9904.45,coinmarketcap_data_api_listings_historical
2026-02-27,20502,TRAXX,Traxx,0.00017884,8019.97111109,3187.98,coinmarketcap_data_api_listings_historical
2026-02-27,16033,MTS,Metastrike,3.044e-05,7900.17472066,0.0,coinmarketcap_data_api_listings_historical
2026-02-27,29987,PANDA,Panda Swap,8.83e-06,7844.57288056,0.0,coinmarketcap_data_api_listings_historical
2026-02-27,39310,VSTon,Vistra Tokenized Stock (Ondo),172.06857098,7839.7365124,3497.39,coinmarketcap_data_api_listings_historical
2026-02-27,25284,WDOGE,Wrapped Dogecoin,0.10871114,7832.6601526,193851.72,coinmarketcap_data_api_listings_historical
2026-02-27,39362,哭哭马,CRY CRY HORSE,7.78e-06,7778.91988782,508.36,coinmarketcap_data_api_listings_historical
2026-02-27,7678,ROOK,Rook,0.01258925,7775.57666593,272.55,coinmarketcap_data_api_listings_historical
2026-02-27,39081,BYTE,ByteNova,3.995e-05,7760.05906175,341365.88,coinmarketcap_data_api_listings_historical
2026-02-27,26289,NDC,NDC,0.00104899,7717.43052912,591.86,coinmarketcap_data_api_listings_historical
2026-02-27,34122,EFR,End Federal Reserve,7.63e-06,7632.04017318,0.0,coinmarketcap_data_api_listings_historical
2026-02-27,38213,BANANAGUY,BananaGuy,2e-08,7476.08611538,2565.06,coinmarketcap_data_api_listings_historical
2026-02-27,36780,CRAPPY,CrappyBird,6.2e-06,7426.87021657,0.0,coinmarketcap_data_api_listings_historical
2026-02-27,32200,BUB,Lil Bub,7.34e-06,7338.88944226,0.0,coinmarketcap_data_api_listings_historical
2026-02-27,4060,TRV,TrustVerse,7.26e-06,7262.38779048,0.0,coinmarketcap_data_api_listings_historical
2026-02-27,37306,MOOMOO,MOOMOO THE BULL,9.33e-06,7258.14779241,0.0,coinmarketcap_data_api_listings_historical
2026-02-27,39287,Fon,Ford Motor Tokenized Stock (Ondo),14.24921126,7149.73258036,855502.41,coinmarketcap_data_api_listings_historical
2026-02-27,30433,BLOCK,BlockProtocol,8.565e-05,7144.54074488,0.0,coinmarketcap_data_api_listings_historical
2026-02-27,20488,CLEG,Chain of Legends,4e-05,7123.96227543,4.59,coinmarketcap_data_api_listings_historical
2026-02-27,33776,SUMI,SUMI,7.14e-06,7082.53729805,0.0,coinmarketcap_data_api_listings_historical
2026-02-27,7270,SFD,SAFE DEAL,0.00018289,7024.60994142,2.43,coinmarketcap_data_api_listings_historical
2026-02-27,32598,GODCAT,Godcat Exploding Kittens,8.73e-06,6959.99666829,0.0,coinmarketcap_data_api_listings_historical
2026-02-27,8449,EGG,Goose Finance,0.00395661,6944.36751226,8312.73,coinmarketcap_data_api_listings_historical
2026-02-27,39244,NIOon,NIO Tokenized Stock (Ondo),4.88650807,6833.29806225,2090.59,coinmarketcap_data_api_listings_historical
2026-02-27,37402,ETH,Shrek2HulkSimbaAnusHannahMontanInu,8.53e-06,6822.67413349,0.0,coinmarketcap_data_api_listings_historical
2026-02-27,36575,UBC,Universe Boss Coin,6.77e-06,6769.82113987,174612.3,coinmarketcap_data_api_listings_historical
2026-02-27,601,ACOIN,Acoin,0.00554221,6761.96651325,0.0,coinmarketcap_data_api_listings_historical
2026-02-27,30143,JUICE,Juice Finance,3.91e-05,6716.75581026,10033.7,coinmarketcap_data_api_listings_historical
2026-02-27,34889,CORGI,Corgi Inu (corgibnb.com),8.12e-06,6584.68767748,0.0,coinmarketcap_data_api_listings_historical
2026-02-27,12172,MOWA,Moniwar,0.00059864,6471.81262614,0.0,coinmarketcap_data_api_listings_historical
2026-02-27,7742,MPH,88mph,0.01380386,6422.64727416,26.49,coinmarketcap_data_api_listings_historical
2026-02-27,6665,LGCY,LGCY Network,5e-07,6401.69844175,0.0,coinmarketcap_data_api_listings_historical
2026-02-27,34365,REWARD,Rewardable,2.566e-05,6358.97583109,0.0,coinmarketcap_data_api_listings_historical
2026-02-27,18483,ERA,Era Token (Era7),0.00013774,6339.09588668,0.0,coinmarketcap_data_api_listings_historical
2026-02-27,34778,DNA,Muhdo Hub,3.6e-06,6052.93002747,0.0,coinmarketcap_data_api_listings_historical
2026-02-27,39313,ONon,ON Semiconductor Tokenized Stock (Ondo),66.50406888,6044.9661226,124.75,coinmarketcap_data_api_listings_historical
2026-02-27,39414,KNT,KayakNet,6e-08,6042.67854508,0.0,coinmarketcap_data_api_listings_historical
2026-02-27,38218,QSTAY,QSTAY,5.96e-06,5955.9231593,0.0,coinmarketcap_data_api_listings_historical
2026-02-27,34335,HOTDOGE,Hot Doge,5.86e-06,5857.48114644,0.0,coinmarketcap_data_api_listings_historical
2026-02-27,12042,SYP,Sypool,8.92e-05,5830.2743223,42711.97,coinmarketcap_data_api_listings_historical
2026-02-27,7952,vSXP,Venus SXP,0.00041957,5719.39671845,0.0,coinmarketcap_data_api_listings_historical
2026-02-27,7594,SMTY,Smoothy,0.00109397,5568.06468208,280420.6,coinmarketcap_data_api_listings_historical
2026-02-27,20896,AZY,Amazy,0.00013514,5530.34095946,0.0,coinmarketcap_data_api_listings_historical
2026-02-27,21621,LOE,Legends of Elysium,0.00039996,5504.80142527,30304.03,coinmarketcap_data_api_listings_historical
2026-02-27,11417,GAJ,Gaj Finance,0.00282389,5482.33999422,0.0,coinmarketcap_data_api_listings_historical
2026-02-27,39296,VTVon,Vanguard Value Tokenized ETF (Ondo),207.67338133,5300.43704766,300.77,coinmarketcap_data_api_listings_historical
2026-02-27,7553,eRSDL,Residual Token,5.28e-06,5278.29615454,2.82,coinmarketcap_data_api_listings_historical
2026-02-27,28748,ZELIX,ZELIX,7e-07,5217.80043026,0.0,coinmarketcap_data_api_listings_historical
2026-02-27,27922,SHIA,Shiba Saga,9.623e-05,5190.10118056,0.0,coinmarketcap_data_api_listings_historical
2026-02-27,7231,NSURE,Nsure.Network,0.00090998,5158.62131906,53695.74,coinmarketcap_data_api_listings_historical
2026-02-27,30303,GB,Gary Banking,4.9e-07,5149.90250044,0.0,coinmarketcap_data_api_listings_historical
2026-02-27,31629,BLS,BloodLoop,9.808e-05,5141.23375596,0.0,coinmarketcap_data_api_listings_historical
2026-02-27,7647,AZUKI,Azuki,0.00045502,5134.90078838,0.0,coinmarketcap_data_api_listings_historical
2026-02-27,38976,ZEC,Zcash AI,0.00024459,5127.33332296,0.0,coinmarketcap_data_api_listings_historical
2026-02-27,15178,GSTS,Gunstar Metaverse,0.00015907,4977.38041788,0.0,coinmarketcap_data_api_listings_historical
2026-02-27,7225,FIN,DeFiner,2.9e-05,4871.87163443,57111.91,coinmarketcap_data_api_listings_historical
2026-02-27,13626,ACA,ACA Token,9.894e-05,4862.16445649,0.0,coinmarketcap_data_api_listings_historical
2026-02-27,12690,WPKT,Wrapped PKT,7.695e-05,4807.95012564,0.0,coinmarketcap_data_api_listings_historical
2026-02-27,24839,MOZ,Mozaic,3.179e-05,4785.71823989,0.0,coinmarketcap_data_api_listings_historical
2026-02-27,36938,JEETS,I'm a Jeet,4.74e-06,4735.23939435,0.0,coinmarketcap_data_api_listings_historical
2026-02-27,20349,IGU,IguVerse,8.274e-05,4732.0126737,0.0,coinmarketcap_data_api_listings_historical
2026-02-27,10099,KALM,KALM,0.000537,4591.37816112,0.0,coinmarketcap_data_api_listings_historical
2026-02-27,4078,SERO,Super Zero Protocol,1.003e-05,4503.6278503,814.26,coinmarketcap_data_api_listings_historical
2026-02-27,9867,HOTCROSS,Hot Cross,3.87e-05,4402.48980099,0.0,coinmarketcap_data_api_listings_historical
2026-02-27,23665,CATCH,SpaceCatch,0.00039061,4302.7842057,0.0,coinmarketcap_data_api_listings_historical
2026-02-27,11329,KAMPAY,KamPay,1.011e-05,4134.25303284,0.0,coinmarketcap_data_api_listings_historical
2026-02-27,38937,PPX,Prophex,5.753e-05,4030.39859066,0.0,coinmarketcap_data_api_listings_historical
2026-02-27,7841,IDLE,Idle,0.0004508,4018.48558911,2.03,coinmarketcap_data_api_listings_historical
2026-02-27,35198,ZOO,Zoo World,3.98e-06,3978.95041921,0.0,coinmarketcap_data_api_listings_historical
2026-02-27,7698,CORX,CorionX,3.047e-05,3958.81798024,0.0,coinmarketcap_data_api_listings_historical
2026-02-27,2452,TBX,Tokenbox,0.00034307,3854.51501985,1.01,coinmarketcap_data_api_listings_historical
2026-02-27,12307,RENA,Warena,0.00054494,3739.48464497,8304.56,coinmarketcap_data_api_listings_historical
2026-02-27,4951,ZYN,Zynecoin,8.8e-05,3687.43620181,49964.94,coinmarketcap_data_api_listings_historical
2026-02-27,30467,APX,ApexToken,9.4e-05,3642.19902022,12162.92,coinmarketcap_data_api_listings_historical
2026-02-27,39294,OKLOon,Oklo Tokenized Stock (Ondo),62.79936658,3599.49304768,893211.26,coinmarketcap_data_api_listings_historical
2026-02-27,3898,AXE,Axe,0.00067056,3527.80620662,0.0,coinmarketcap_data_api_listings_historical
2026-02-27,34526,GRFT,Grafeté,9.57e-06,3514.28393135,36.91,coinmarketcap_data_api_listings_historical
2026-02-27,8695,BLANK,BlockWallet,0.00017563,3406.27562777,0.0,coinmarketcap_data_api_listings_historical
2026-02-27,10889,$DRF,DRIFE,3.66e-06,3380.11184148,0.0,coinmarketcap_data_api_listings_historical
2026-02-27,38783,XNAP,SnapX,1.178e-05,3378.05056884,68.99,coinmarketcap_data_api_listings_historical
2026-02-27,35875,FAFO,Fafo,3.3e-06,3299.79732236,0.0,coinmarketcap_data_api_listings_historical
2026-02-27,16231,PTP,Platypus Finance,7.713e-05,3196.14251348,0.0,coinmarketcap_data_api_listings_historical
2026-02-27,21168,AMA,Mrweb Finance (new),4.215e-05,3038.80062254,0.0,coinmarketcap_data_api_listings_historical
2026-02-27,12315,DOSE,DOSE,3.56e-06,3036.02318896,132.57,coinmarketcap_data_api_listings_historical
2026-02-27,8105,ROCKI,ROCKI,0.00037235,3000.11870299,0.0,coinmarketcap_data_api_listings_historical
2026-02-27,35798,SHIRO,Shiro Neko,2.94e-06,2935.44720433,0.0,coinmarketcap_data_api_listings_historical
2026-02-27,35077,PUMPAI,PUMPAI,8.44e-06,2894.70852647,0.0,coinmarketcap_data_api_listings_historical
2026-02-27,28399,FANX,FrontFanz,2.889e-05,2822.93690188,350.16,coinmarketcap_data_api_listings_historical
2026-02-27,10522,PACOCA,Pacoca,8.45e-06,2796.35084805,0.0,coinmarketcap_data_api_listings_historical
2026-02-27,11779,DREAMS,Dreams Quest,1.64e-06,2571.07829185,0.0,coinmarketcap_data_api_listings_historical
2026-02-27,34594,KIMBA,The White Lion,1e-08,2476.60041936,0.0,coinmarketcap_data_api_listings_historical
2026-02-27,4466,ECO,Ormeus Ecosystem,1.05e-06,2332.55311159,0.0,coinmarketcap_data_api_listings_historical
2026-02-27,39220,AALon,American Airlines Group Tokenized Stock (Ondo),13.03948615,2285.25128338,971072.73,coinmarketcap_data_api_listings_historical
2026-02-27,33148,ABDS,ABDS Token,0.00074355,2267.45233999,0.0,coinmarketcap_data_api_listings_historical
2026-02-27,11516,EKTA,Ekta,6.492e-05,2257.34499375,0.0,coinmarketcap_data_api_listings_historical
2026-02-27,11354,WAG,WagyuSwap,3.894e-05,2109.36971535,6.21,coinmarketcap_data_api_listings_historical
2026-02-27,39304,LRCXon,Lam Research Tokenized Stock (Ondo),233.34474517,2094.77244516,1014535.65,coinmarketcap_data_api_listings_historical
2026-02-27,23419,ZYB,Zyberswap,0.00036853,2072.05283044,0.0,coinmarketcap_data_api_listings_historical
2026-02-27,5434,pBTC,pTokens BTC,143.66848741,2043.69716357,0.0,coinmarketcap_data_api_listings_historical
2026-02-27,9905,RUNE,Rune,0.39679293,1972.9843559,1001431.18,coinmarketcap_data_api_listings_historical
2026-02-27,39265,COPon,ConocoPhillips Tokenized Stock (Ondo),114.18798769,1926.01409808,990.46,coinmarketcap_data_api_listings_historical
2026-02-27,38900,DASH,Dash AI,9.078e-05,1903.37352574,5.06,coinmarketcap_data_api_listings_historical
2026-02-27,13237,FS,FutureStarter,1.835e-05,1899.54793328,0.36,coinmarketcap_data_api_listings_historical
2026-02-27,13298,VIX,VIXCO,2e-06,1774.47618723,0.0,coinmarketcap_data_api_listings_historical
2026-02-27,8188,MSWAP,MoneySwap,1.17e-06,1760.6780312,0.0,coinmarketcap_data_api_listings_historical
2026-02-27,39300,SQQQon,ProShares UltraPro Short QQQ Tokenized Stock (Ondo),71.32507523,1750.16158715,265882.25,coinmarketcap_data_api_listings_historical
2026-02-27,39305,PALLon,abrdn Physical Palladium Shares Tokenized ETF (Ondo),162.31754875,1732.53385195,853916.7,coinmarketcap_data_api_listings_historical
2026-02-27,31496,PAPU,Papu Token,0.0,1701.183702,0.0,coinmarketcap_data_api_listings_historical
2026-02-27,38294,STOSHI,Sultanoshi,0.00020315,1645.50371667,0.0,coinmarketcap_data_api_listings_historical
2026-02-27,20390,SPORT,SPORT,5.598e-05,1641.06851103,0.0,coinmarketcap_data_api_listings_historical
2026-02-27,9780,SNOB,Snowball,0.00029752,1634.07901343,0.0,coinmarketcap_data_api_listings_historical
2026-02-27,39270,Con,Citigroup Tokenized Stock (Ondo),110.35602224,1624.5399744,911402.35,coinmarketcap_data_api_listings_historical
2026-02-27,30365,SHOOT,Mars Battle,1.755e-05,1609.67942638,0.0,coinmarketcap_data_api_listings_historical
2026-02-27,11086,LFG,Gamerse,9.3e-06,1582.92661898,0.0,coinmarketcap_data_api_listings_historical
2026-02-27,33094,MCOIN,MCOIN,1.55e-06,1551.51246168,0.0,coinmarketcap_data_api_listings_historical
2026-02-27,36035,SLING,Slingshot,8.31e-06,1549.54710368,0.0,coinmarketcap_data_api_listings_historical
2026-02-27,39232,AMCon,AMC Entertainment Tokenized Stock (Ondo),1.15189275,1542.14048253,126.19,coinmarketcap_data_api_listings_historical
2026-02-27,31747,STAGE,STAGE,9.5e-07,1470.88621779,0.0,coinmarketcap_data_api_listings_historical
2026-02-27,39231,JNJon,Johnson & Johnson Tokenized Stock (Ondo),249.43326235,1462.17172265,854695.27,coinmarketcap_data_api_listings_historical
2026-02-27,38119,VCT,VCHAT Token,0.00011032,1460.80141291,7122.09,coinmarketcap_data_api_listings_historical
2026-02-27,11344,MATE,Mate,0.00053603,1447.13249581,0.0,coinmarketcap_data_api_listings_historical
2026-02-27,38952,ASTER,Aster AI,6.726e-05,1410.2686494,0.0,coinmarketcap_data_api_listings_historical
2026-02-27,8260,NDX,Indexed Finance,0.00161686,1382.09125567,5.96,coinmarketcap_data_api_listings_historical
2026-02-27,39230,ADIon,Analog Devices Tokenized Stock (Ondo),354.77892572,1342.76209118,111.43,coinmarketcap_data_api_listings_historical
2026-02-27,39308,RGTIon,Rigetti Computing Tokenized Stock (Ondo),17.3421919,1277.44958279,1503.44,coinmarketcap_data_api_listings_historical
2026-02-27,5473,CRDT,CRDT,0.00014233,1249.60080974,0.0,coinmarketcap_data_api_listings_historical
2026-02-27,7876,VAL,SORA Validator Token,0.00306183,1249.2374796,550.19,coinmarketcap_data_api_listings_historical
2026-02-27,9752,AFEN,AFEN Blockchain Network,8.04e-06,1180.43683202,0.0,coinmarketcap_data_api_listings_historical
2026-02-27,30772,EXVG,Exverse,3.352e-05,1078.13993872,0.0,coinmarketcap_data_api_listings_historical
2026-02-27,39281,FIGRon,Figure Technology Solutions Tokenized Stock (Ondo),25.29840493,922.96717239,3676.41,coinmarketcap_data_api_listings_historical
2026-02-27,39295,RTXon,RTX Tokenized Stock (Ondo),203.04825544,847.55808868,20.54,coinmarketcap_data_api_listings_historical
2026-02-27,9546,ODIN,Odin Protocol,4.597e-05,803.1122941,0.0,coinmarketcap_data_api_listings_historical
2026-02-27,9856,KFT,Knit Finance,0.00015938,780.97922146,8888.46,coinmarketcap_data_api_listings_historical
2026-02-27,29043,MTC,Moonft,0.00208303,687.39767113,0.0,coinmarketcap_data_api_listings_historical
2026-02-27,39252,BACon,Bank of America Tokenized Stock (Ondo),49.81790004,678.42245882,882935.41,coinmarketcap_data_api_listings_historical
2026-02-27,39255,NIKLon,Sprott Nickel Miners Tokenized ETF (Ondo),20.1174776,649.49329296,195.35,coinmarketcap_data_api_listings_historical
2026-02-27,19464,MHUNT,MetaShooter,2.011e-05,648.88492838,0.0,coinmarketcap_data_api_listings_historical
2026-02-27,39245,OPRAon,Opera Tokenized Stock (Ondo),16.05717768,578.68304177,120.64,coinmarketcap_data_api_listings_historical
2026-02-27,9666,TRR,Terran Coin,2.415e-05,571.16954242,22095.07,coinmarketcap_data_api_listings_historical
2026-02-27,8962,ETNA,ETNA Network,4.483e-05,541.58087325,0.0,coinmarketcap_data_api_listings_historical
2026-02-27,10036,BSL,BSClaunch,0.00025876,505.38647498,0.0,coinmarketcap_data_api_listings_historical
2026-02-27,39239,DNNon,Denison Mines Tokenized Stock (Ondo),4.16702211,460.69960768,245.95,coinmarketcap_data_api_listings_historical
2026-02-27,39236,BLSHon,Bullish Tokenized Stock (Ondo),31.62925448,448.48104508,0.0,coinmarketcap_data_api_listings_historical
2026-02-27,39292,DBCon,Invesco DB Commodity Index Tokenized Fund (Ondo),25.07821755,434.34510928,0.0,coinmarketcap_data_api_listings_historical
2026-02-27,39301,ANETon,Arista Networks Tokenized Stock (Ondo),132.00986921,416.79812233,504303.18,coinmarketcap_data_api_listings_historical
2026-02-27,32465,PAXE,Paxe,0.00013712,411.37330354,0.0,coinmarketcap_data_api_listings_historical
2026-02-27,39306,SGOVon,iShares 0-3 Month Treasury Bond Tokenized ETF (Ondo),100.86006177,401.67336135,785036.04,coinmarketcap_data_api_listings_historical
2026-02-27,27435,SHRED,ShredN,0.00172594,362.4471431,0.0,coinmarketcap_data_api_listings_historical
2026-02-27,39297,BTGon,B2Gold Tokenized Stock (Ondo),6.15802314,347.80268719,833.09,coinmarketcap_data_api_listings_historical
2026-02-27,39243,DGRWon,WisdomTree US Quality Dividend Growth Tokenized Fund (Ondo),93.20384304,344.93701408,674.75,coinmarketcap_data_api_listings_historical
2026-02-27,3931,ELET,Elementeum,5.304e-05,277.05559307,1.82,coinmarketcap_data_api_listings_historical
2026-02-27,39233,COFon,Capital One Tokenized Stock (Ondo),197.05446172,272.4643489,0.0,coinmarketcap_data_api_listings_historical
2026-02-27,39262,VTIon,Vanguard Total Stock Market Tokenized ETF (Ondo),338.58817955,271.69378694,9.99,coinmarketcap_data_api_listings_historical
2026-02-27,39263,CLOAon,iShares AAA CLO Tokenized ETF (Ondo),52.04299578,251.47041965,0.0,coinmarketcap_data_api_listings_historical
2026-02-27,39261,REMXon,VanEck Rare Earth and Strategic Metals Tokenized ETF (Ondo),99.74610372,245.58246112,2641.66,coinmarketcap_data_api_listings_historical
2026-02-27,39237,CPNGon,Coupang Tokenized Stock (Ondo),18.39289925,237.36615468,0.0,coinmarketcap_data_api_listings_historical
2026-02-27,39276,GLDon,SPDR Gold Shares Tokenized Stock (Ondo),484.7576976,222.46252547,297606.05,coinmarketcap_data_api_listings_historical
2026-02-27,39283,SOFIon,SoFi Technologies Tokenized Stock (Ondo),17.68976602,189.44983191,838395.48,coinmarketcap_data_api_listings_historical
2026-02-27,16197,LUS,Luna Rush,4.106e-05,186.81049675,16.46,coinmarketcap_data_api_listings_historical
2026-02-27,39293,GRABon,Grab Holdings Tokenized Stock (Ondo),4.2458645,184.63003837,0.0,coinmarketcap_data_api_listings_historical
2026-02-27,7654,RFOX,RFOX,1.4e-07,183.67343904,6650174.15,coinmarketcap_data_api_listings_historical
2026-02-27,24796,ADF,Art de Finance,1e-06,180.3604459,0.0,coinmarketcap_data_api_listings_historical
2026-02-27,39251,WULFon,Terawulf Tokenized Stock (Ondo),16.2404177,145.83123273,21.43,coinmarketcap_data_api_listings_historical
2026-02-27,39309,TCOMon,Trip.com Group Tokenized Stock (Ondo),52.70058315,139.23154043,4727.83,coinmarketcap_data_api_listings_historical
2026-02-27,39241,LIon,Li Auto Tokenized Stock (Ondo),17.77642955,126.68518124,0.0,coinmarketcap_data_api_listings_historical
2026-02-27,39271,NEEon,NextEra Energy Tokenized Stock (Ondo),94.14380136,119.62070221,43939.8,coinmarketcap_data_api_listings_historical
2026-02-27,39289,TLNon,Talen Energy Tokenized Stock (Ondo),368.22135975,104.09569235,0.0,coinmarketcap_data_api_listings_historical
2026-02-27,39302,DEon,Deere Tokenized Stock (Ondo),630.15687187,103.52660722,100.62,coinmarketcap_data_api_listings_historical
2026-02-27,39274,XYZon,Block Tokenized Stock (Ondo),63.70967096,89.03019412,15846.08,coinmarketcap_data_api_listings_historical
2026-02-27,16607,ISA,Islander,1.4e-07,76.59665725,0.0,coinmarketcap_data_api_listings_historical
2026-02-27,39291,TMOon,Thermo Fisher Scientific Tokenized Stock (Ondo),519.90825291,62.59540952,23.75,coinmarketcap_data_api_listings_historical
2026-02-27,39618,TSLA,Tesla Tokenized Stock (Hyperliquid),3.0005283,60.64220725,0.0,coinmarketcap_data_api_listings_historical
2026-02-27,39299,PCGon,PG&E Tokenized Stock (Ondo),18.83911168,59.84990646,0.0,coinmarketcap_data_api_listings_historical
2026-02-27,39256,RIVNon,Rivian Automotive Tokenized Stock (Ondo),15.29626646,53.60457669,1185449.74,coinmarketcap_data_api_listings_historical
2026-02-27,29391,RVM,Realvirm,0.00059515,53.56361721,0.0,coinmarketcap_data_api_listings_historical
2026-02-27,39298,CIFRon,Cipher Mining Tokenized Stock (Ondo),15.59263654,47.80914999,101.65,coinmarketcap_data_api_listings_historical
2026-02-27,39285,AMGNon,Amgen Tokenized Stock (Ondo),388.59291021,46.70326041,46949.67,coinmarketcap_data_api_listings_historical
2026-02-27,39240,KLACon,KLA Tokenized Stock (Ondo),1524.01885674,46.13986901,592988.64,coinmarketcap_data_api_listings_historical
2026-02-27,39307,MRKon,Merck Tokenized Stock (Ondo),123.25474189,45.38113137,813798.48,coinmarketcap_data_api_listings_historical
2026-02-27,32272,PUMPBTC,pumpBTC (Rehypothecated BTC),0.01485988,36.97596579,63511.18,coinmarketcap_data_api_listings_historical
2026-02-27,39315,USFRon,WisdomTree Floating Rate Treasury Tokenized  Fund (Ondo),50.63001346,36.10018233,714368.96,coinmarketcap_data_api_listings_historical
2026-02-27,39275,GEMIon,Gemini Space Station Tokenized Stock (Ondo),6.03015677,35.00311697,0.0,coinmarketcap_data_api_listings_historical
2026-02-27,39235,CATon,Caterpillar Tokenized Stock (Ondo),741.12651715,31.15981953,894323.75,coinmarketcap_data_api_listings_historical
2026-02-27,39260,PSQon,ProShares Short QQQ Tokenized Stock (Ondo),30.79461751,30.90442804,726544.12,coinmarketcap_data_api_listings_historical
2026-02-27,39269,BINCon,iShares Flexible Income Tokenized ETF (Ondo),53.3740532,25.26447305,0.0,coinmarketcap_data_api_listings_historical
2026-02-27,39258,TXNon,Texas Instruments Tokenized Stock (Ondo),212.56428023,23.5965248,235.82,coinmarketcap_data_api_listings_historical
2026-02-27,39234,BZon,Kanzhun Tokenized Stock (Ondo),16.05350748,21.28783852,0.0,coinmarketcap_data_api_listings_historical
2026-02-27,39311,LOWon,Lowe's Tokenized Stock (Ondo),261.30429335,20.37112331,0.0,coinmarketcap_data_api_listings_historical
2026-02-27,39312,ONDSon,Ondas Holdings Tokenized Stock (Ondo),9.96744329,18.38977748,19329.65,coinmarketcap_data_api_listings_historical
2026-02-27,39314,SNAPon,Snap Tokenized Stock (Ondo),5.15509084,18.2695023,0.0,coinmarketcap_data_api_listings_historical
2026-02-27,39248,SOUNon,SoundHound AI Tokenized Stock (Ondo),8.57136767,17.14273533,1126710.7,coinmarketcap_data_api_listings_historical
2026-02-27,39238,CVNAon,Carvana Tokenized Stock (Ondo),333.643814,15.27216857,1422616.97,coinmarketcap_data_api_listings_historical
2026-02-27,8497,BANANA,ApeSwap,1e-08,5.45015435,0.0,coinmarketcap_data_api_listings_historical
2026-02-27,39254,IRENon,IREN Tokenized Stock (Ondo),40.66806341,2.29733199,906729.05,coinmarketcap_data_api_listings_historical
2026-02-27,23246,TOMI,TOMI,0.0,1.85186612,159199.55,coinmarketcap_data_api_listings_historical
2026-02-27,36876,TASSHUB,TASSHUB,0.0007518,0.75179199,574.01,coinmarketcap_data_api_listings_historical
2026-02-27,39249,Ton,AT&T Tokenized Stock (Ondo),28.28856761,0.71406455,0.0,coinmarketcap_data_api_listings_historical
2026-02-27,39272,NTESon,NetEase Tokenized Stock (Ondo),115.03763692,0.48856599,69.26,coinmarketcap_data_api_listings_historical
2026-02-27,39242,OXYon,Occidental Petroleum Tokenized Stock (Ondo),53.09947656,0.13747348,80786.53,coinmarketcap_data_api_listings_historical
2026-02-27,39259,MTZon,MasTec Tokenized Stock (Ondo),284.41996302,0.1125848,0.0,coinmarketcap_data_api_listings_historical
2026-02-27,39288,JAAAon,Janus Henderson AAA CLO Tokenized ETF (Ondo),50.87778621,0.09691709,0.0,coinmarketcap_data_api_listings_historical
2026-02-27,39264,CLOIon,VanEck CLO Tokenized ETF (Ondo),53.10107902,0.09613526,0.0,coinmarketcap_data_api_listings_historical
2026-02-27,39290,MPon,MP Materials Tokenized Stock (Ondo),58.7808933,0.09432511,172119.51,coinmarketcap_data_api_listings_historical
2026-02-27,39267,PINSon,Pinterest Tokenized Stock (Ondo),17.11891559,0.06401327,0.0,coinmarketcap_data_api_listings_historical
2026-02-27,39268,VZon,Verizon Tokenized Stock (Ondo),50.57076009,0.05648198,840273.81,coinmarketcap_data_api_listings_historical
2026-02-27,39278,SCHWon,Charles Schwab Tokenized Stock (Ondo),95.38489163,0.04546235,22.55,coinmarketcap_data_api_listings_historical
2026-02-27,39282,OSCRon,Oscar Health Tokenized Stock (Ondo),13.64040393,0.04376715,928.48,coinmarketcap_data_api_listings_historical
2026-02-27,39253,CEGon,Constellation Energy Tokenized Stock (Ondo),328.56864134,0.00111056,831763.98,coinmarketcap_data_api_listings_historical
2026-02-27,9447,SNY,Synthetify,0.0,0.00093829,0.0,coinmarketcap_data_api_listings_historical
2026-02-27,39266,OPENon,Opendoor Technologies Tokenized Stock (Ondo),5.42062198,5e-08,223.21,coinmarketcap_data_api_listings_historical
2026-02-27,6975,YFFII,YFFII Finance,0.0,0.0,0.0,coinmarketcap_data_api_listings_historical
2026-02-27,39361,FIGR_HELOC,Figure HELOC,1.02900949,0.0,176594513.14,coinmarketcap_data_api_listings_historical
2026-02-27,21353,WBT,WhiteBIT Coin,49.17425927,0.0,84992700.66,coinmarketcap_data_api_listings_historical
2026-02-27,3759,JNB,Jinbi Token,117660.23581002,0.0,70171761.87,coinmarketcap_data_api_listings_historical
2026-02-27,38627,USAD,Lydia Coins (USAD),1.00069754,0.0,54694789.8,coinmarketcap_data_api_listings_historical
2026-02-27,38524,LGNS,Origin,6.39190577,0.0,52944804.69,coinmarketcap_data_api_listings_historical
2026-02-27,32761,ATLA,Atleta Network,131.25501968,0.0,51626763.68,coinmarketcap_data_api_listings_historical
2026-02-27,29160,HTX,HTX,1.6e-06,0.0,49430032.32,coinmarketcap_data_api_listings_historical
2026-02-27,4077,MPRA,Maya Preferred PRA,777716778.9448668,0.0,37578283.25,coinmarketcap_data_api_listings_historical
2026-02-27,28546,WBS,Websea,0.91578097,0.0,37273437.09,coinmarketcap_data_api_listings_historical
2026-02-27,39531,CRTR,CReaToR,0.04726301,0.0,28266347.23,coinmarketcap_data_api_listings_historical
2026-02-27,38517,USDT0,USDT0,0.99911471,0.0,21992594.48,coinmarketcap_data_api_listings_historical
2026-02-27,25967,UGOLD,UGOLD Inc.,5291.84029243,0.0,21346139.87,coinmarketcap_data_api_listings_historical
2026-02-27,39600,PUNCH,パンチ,0.01406463,0.0,19443064.33,coinmarketcap_data_api_listings_historical
2026-02-27,37545,BNKR,BankrCoin,0.00055917,0.0,17107486.2,coinmarketcap_data_api_listings_historical
2026-02-27,29216,UZX,UZX,1.59921684,0.0,16643612.04,coinmarketcap_data_api_listings_historical
2026-02-27,24549,PEPE,Arbi Pepe,3.68e-06,0.0,13768152.79,coinmarketcap_data_api_listings_historical
2026-02-27,38439,CRYPGPT,CRYPGPT,13.88045702,0.0,13322718.79,coinmarketcap_data_api_listings_historical
2026-02-27,37275,JU,Ju Token,0.92976038,0.0,12039603.32,coinmarketcap_data_api_listings_historical
2026-02-27,39200,CODEX,CodexField,35.09404893,0.0,11935815.62,coinmarketcap_data_api_listings_historical
2026-02-27,28452,rats,rats (Ordinals),3.846e-05,0.0,10125679.94,coinmarketcap_data_api_listings_historical
2026-02-27,5999,XT,XT.COM,3.52631821,0.0,9127769.66,coinmarketcap_data_api_listings_historical
2026-02-27,27663,WSTUSDT,wstUSDT,1.10208393,0.0,8832405.24,coinmarketcap_data_api_listings_historical
2026-02-27,39547,CLAWNCH,CLAWNCH,4.606e-05,0.0,7559180.95,coinmarketcap_data_api_listings_historical
2026-02-27,36872,SN73,Merit,0.75653109,0.0,7400345.04,coinmarketcap_data_api_listings_historical
2026-02-27,8886,USDP,USDP Stablecoin,0.99984778,0.0,7349346.98,coinmarketcap_data_api_listings_historical
2026-02-27,38455,XMN,xMoney,0.01165881,0.0,7239489.49,coinmarketcap_data_api_listings_historical
2026-02-27,31501,SHIB,SHIB ON SOLANA,5.79e-06,0.0,7016283.96,coinmarketcap_data_api_listings_historical
2026-02-27,12087,ZKP,Panther Protocol,0.01200385,0.0,6570011.91,coinmarketcap_data_api_listings_historical
2026-02-27,10720,BPX,Black Phoenix,0.00404368,0.0,6383681.58,coinmarketcap_data_api_listings_historical
2026-02-27,38246,ARK,ARK DeFAI,14.50797822,0.0,6323879.98,coinmarketcap_data_api_listings_historical
2026-02-27,20017,MMXN,Moneta Digital,0.05782039,0.0,6012824.69,coinmarketcap_data_api_listings_historical
2026-02-27,36883,GOR,Gorbagana,0.00143919,0.0,6007339.12,coinmarketcap_data_api_listings_historical
2026-02-27,39323,9BIT,The9bit,0.0200828,0.0,5669865.76,coinmarketcap_data_api_listings_historical
2026-02-27,2027,CNX,Cryptonex,33.69593922,0.0,5622844.0,coinmarketcap_data_api_listings_historical
2026-02-27,37466,MEMECOIN,just memecoin,0.00197104,0.0,5405716.55,coinmarketcap_data_api_listings_historical
2026-02-27,10807,CWT,CoinW Token,0.12339675,0.0,5325532.9,coinmarketcap_data_api_listings_historical
2026-02-27,39546,CLAWD,clawd.atg.eth,4.888e-05,0.0,5237231.5,coinmarketcap_data_api_listings_historical
2026-02-27,34647,GAME,GAME by Virtuals,0.01196696,0.0,5144406.31,coinmarketcap_data_api_listings_historical
2026-02-27,38760,CASH,Cash,0.99961914,0.0,5125885.11,coinmarketcap_data_api_listings_historical
2026-02-27,11024,KRW,KingDeFi,0.00069444,0.0,5095940.06,coinmarketcap_data_api_listings_historical
2026-02-27,39613,PIPPKIN,Pippkin The Horse,0.00226412,0.0,4986953.16,coinmarketcap_data_api_listings_historical
2026-02-27,36265,LVVA,Levva Protocol,0.00047802,0.0,4749007.89,coinmarketcap_data_api_listings_historical
2026-02-27,36733,BTX,Bitradex Token,0.19538786,0.0,4295797.84,coinmarketcap_data_api_listings_historical
2026-02-27,23486,ARC,Arcadeum,0.02945938,0.0,4117976.2,coinmarketcap_data_api_listings_historical
2026-02-27,39415,VEREM,Verified Emeralds,18.46637343,0.0,3927965.7,coinmarketcap_data_api_listings_historical
2026-02-27,38747,NUSD,Neutrl (NUSD),0.99954302,0.0,3836269.69,coinmarketcap_data_api_listings_historical
2026-02-27,20734,WELL,Moonwell,0.00425489,0.0,3835098.2,coinmarketcap_data_api_listings_historical
2026-02-27,35888,WMON,Wrapped Monad,0.02068298,0.0,3800302.41,coinmarketcap_data_api_listings_historical
2026-02-27,13887,P2PS,P2P Solutions foundation,174.07449361,0.0,3493174.95,coinmarketcap_data_api_listings_historical
2026-02-27,39094,ANB,Ant.FUN,0.01945352,0.0,3464533.06,coinmarketcap_data_api_listings_historical
2026-02-27,36667,BDG,Beyond Gaming,2.7e-07,0.0,3402884.86,coinmarketcap_data_api_listings_historical
2026-02-27,32207,WXT,WEEX Token,0.01961637,0.0,3278788.81,coinmarketcap_data_api_listings_historical
2026-02-27,36903,SN62,Ridges AI,7.46056715,0.0,2913366.28,coinmarketcap_data_api_listings_historical
2026-02-27,30618,OIL,CRUDE OIL BRENT (Zedcex),67.3782247,0.0,2858697.31,coinmarketcap_data_api_listings_historical
2026-02-27,21074,XTUSD,XT Stablecoin XTUSD,1.00002474,0.0,2785618.33,coinmarketcap_data_api_listings_historical
2026-02-27,15617,KRRX,Kyrrex,0.06059373,0.0,2717241.32,coinmarketcap_data_api_listings_historical
2026-02-27,36309,BITCH,OurBitch,0.02956976,0.0,2617259.18,coinmarketcap_data_api_listings_historical
2026-02-27,38718,CGN,Cygnus,0.00297951,0.0,2575261.72,coinmarketcap_data_api_listings_historical
2026-02-27,38996,REPPO,Reppo,0.01488466,0.0,2518379.65,coinmarketcap_data_api_listings_historical
2026-02-27,34229,STOOS,STO Operating System,1.60196827,0.0,2473630.49,coinmarketcap_data_api_listings_historical
2026-02-27,39526,3KDS,Three Kingdoms,0.0036109,0.0,2450607.47,coinmarketcap_data_api_listings_historical
2026-02-27,32531,RYO,RYO Coin,4.32360411,0.0,2446039.18,coinmarketcap_data_api_listings_historical
2026-02-27,37415,BIGOD,BinGold,66719.73066287,0.0,2282367.05,coinmarketcap_data_api_listings_historical
2026-02-27,29839,MGC,Meta Games Coin,8.67443377,0.0,2271125.24,coinmarketcap_data_api_listings_historical
2026-02-27,39635,HPL,HyperLend,0.01530856,0.0,2241584.21,coinmarketcap_data_api_listings_historical
2026-02-27,38403,POP,POP Chain,0.05466856,0.0,2105982.34,coinmarketcap_data_api_listings_historical
2026-02-27,36540,DUPE,Dupe,0.00613427,0.0,2074697.73,coinmarketcap_data_api_listings_historical
2026-02-27,35716,RZUSD,RZUSD,0.99988071,0.0,2060308.39,coinmarketcap_data_api_listings_historical
2026-02-27,11500,BIT,Biconomy Exchange Token,3.09e-06,0.0,2038530.26,coinmarketcap_data_api_listings_historical
2026-02-27,34102,TIG,The Innovation Game,0.35109266,0.0,1957586.96,coinmarketcap_data_api_listings_historical
2026-02-27,13803,MNDE,Marinade,0.02206264,0.0,1929733.69,coinmarketcap_data_api_listings_historical
2026-02-27,39583,BIGTROUT,The Big Trout,0.00128274,0.0,1888622.38,coinmarketcap_data_api_listings_historical
2026-02-27,38787,PING,Ping,0.00129765,0.0,1851256.88,coinmarketcap_data_api_listings_historical
2026-02-27,38457,XMD,Metal Dollar,1.00372576,0.0,1776283.07,coinmarketcap_data_api_listings_historical
2026-02-27,20317,xUSD,xUSD,0.99824704,0.0,1746687.95,coinmarketcap_data_api_listings_historical
2026-02-27,33335,MARS,MetaMars,0.04047893,0.0,1714508.87,coinmarketcap_data_api_listings_historical
2026-02-27,38526,GOT,Golden Pact,4.41189549,0.0,1697314.37,coinmarketcap_data_api_listings_historical
2026-02-27,37469,ANI,Ani Grok Companion (anicompanion.net),0.00071358,0.0,1681415.45,coinmarketcap_data_api_listings_historical
2026-02-27,39448,BUTTCOIN,Buttcoin,0.01136493,0.0,1578953.78,coinmarketcap_data_api_listings_historical
2026-02-27,39561,FWX,Future Warriors X,0.00129284,0.0,1575183.23,coinmarketcap_data_api_listings_historical
2026-02-27,24437,ROCK,Rock Dao,0.0006677,0.0,1519261.85,coinmarketcap_data_api_listings_historical
2026-02-27,39088,ALMANAK,Almanak,0.00204882,0.0,1425678.36,coinmarketcap_data_api_listings_historical
2026-02-27,15610,USTC,Terra Classic USD (Wormhole),0.00530872,0.0,1407677.62,coinmarketcap_data_api_listings_historical
2026-02-27,28690,AIG,A.I Genesis,0.70567241,0.0,1380602.07,coinmarketcap_data_api_listings_historical
2026-02-27,36274,BDTC,BDTCOIN,33.91483543,0.0,1366087.4,coinmarketcap_data_api_listings_historical
2026-02-27,19638,RUN,RUN TOGETHER,0.00208295,0.0,1364337.49,coinmarketcap_data_api_listings_historical
2026-02-27,39638,PACT,PACT,0.00017728,0.0,1352456.97,coinmarketcap_data_api_listings_historical
2026-02-27,30541,DINO,Coding Dino,0.00059454,0.0,1331321.57,coinmarketcap_data_api_listings_historical
2026-02-27,22454,PEPE,PepePAD,3.68e-06,0.0,1313946.22,coinmarketcap_data_api_listings_historical
2026-02-27,39559,JGGL,JGGL,2.12198253,0.0,1308089.03,coinmarketcap_data_api_listings_historical
2026-02-27,16193,PI,Pi [IOU],0.17206867,0.0,1291214.07,coinmarketcap_data_api_listings_historical
2026-02-27,39542,USAD,USAD,0.95479214,0.0,1265402.17,coinmarketcap_data_api_listings_historical
2026-02-27,37723,ANT,AllinX TOKEN,4.09523129,0.0,1257644.04,coinmarketcap_data_api_listings_historical
2026-02-27,33740,USD+,Overnight.fi USD+ (Base),0.99832996,0.0,1244084.61,coinmarketcap_data_api_listings_historical
2026-02-27,32587,UMM,UMM,3.76010093,0.0,1241027.67,coinmarketcap_data_api_listings_historical
2026-02-27,38672,FACY,ArAIstotle,0.00328492,0.0,1238842.48,coinmarketcap_data_api_listings_historical
2026-02-27,38361,TBC,TuringBitChain,6.2391352,0.0,1230940.92,coinmarketcap_data_api_listings_historical
2026-02-27,24439,KAG,Kinesis Silver,91.97033656,0.0,1220970.38,coinmarketcap_data_api_listings_historical
2026-02-27,32588,PINS,PINs Network Token,0.02456085,0.0,1219225.38,coinmarketcap_data_api_listings_historical
2026-02-27,37721,USDA,USDA,1.00001127,0.0,1189782.93,coinmarketcap_data_api_listings_historical
2026-02-27,38362,NIZA,Niza Global,0.04018328,0.0,1169945.21,coinmarketcap_data_api_listings_historical
2026-02-27,39051,BIBI,Binance bibi,0.0014936,0.0,1146858.78,coinmarketcap_data_api_listings_historical
2026-02-27,36873,SN64,Chutes,17.67388381,0.0,1143612.28,coinmarketcap_data_api_listings_historical
2026-02-27,32589,ECHO,EchoLink Network,0.22749401,0.0,1130917.08,coinmarketcap_data_api_listings_historical
2026-02-27,39522,MOLT,Moltbook,1.711e-05,0.0,1119891.03,coinmarketcap_data_api_listings_historical
2026-02-27,38793,DREAMS,Daydreams,0.00764957,0.0,1114614.67,coinmarketcap_data_api_listings_historical
2026-02-27,9021,wxDai,Wrapped XDAI,1.00016959,0.0,1112146.01,coinmarketcap_data_api_listings_historical
2026-02-27,36904,SN9,iota,4.63360691,0.0,1081205.39,coinmarketcap_data_api_listings_historical
2026-02-27,36216,GIZA,Giza,0.02693599,0.0,1058547.41,coinmarketcap_data_api_listings_historical
2026-02-27,36330,BRL1,BRL1,0.19490722,0.0,1048529.83,coinmarketcap_data_api_listings_historical
2026-02-27,38545,COINDEPO,COINDEPO,0.07313953,0.0,1010882.06,coinmarketcap_data_api_listings_historical
2026-02-27,38186,DIEM,Diem,531.91744404,0.0,1006034.43,coinmarketcap_data_api_listings_historical
2026-02-27,5005,ARX,ARCS,0.01604959,0.0,975053.56,coinmarketcap_data_api_listings_historical
2026-02-27,2430,HOT,Hydro Protocol,0.00040761,0.0,974386.21,coinmarketcap_data_api_listings_historical
2026-02-27,34574,CULT,Milady Cult Coin,0.00018149,0.0,970344.26,coinmarketcap_data_api_listings_historical
2026-02-27,39437,KABUTO,Kabuto King,0.00071622,0.0,967952.07,coinmarketcap_data_api_listings_historical
2026-02-27,36193,VCITY,Vcitychain,0.23209388,0.0,955248.87,coinmarketcap_data_api_listings_historical
2026-02-27,38983,BULLISH,Bullish Degen,0.00524222,0.0,953698.66,coinmarketcap_data_api_listings_historical
2026-02-27,39570,AIAO,AlgosOne,155.45123687,0.0,940073.43,coinmarketcap_data_api_listings_historical
2026-02-27,39527,ZIOW,ZIOWCHAIN,0.49980855,0.0,929496.68,coinmarketcap_data_api_listings_historical
2026-02-27,37735,APD,APD,0.0203118,0.0,892315.35,coinmarketcap_data_api_listings_historical
2026-02-27,38146,META,MetaDAO (new),3.36168587,0.0,891811.23,coinmarketcap_data_api_listings_historical
2026-02-27,26597,XBTC,XenBitcoin,65863.56885528,0.0,890283.76,coinmarketcap_data_api_listings_historical
2026-02-27,36884,SN11,Dippy,2.22018691,0.0,859115.13,coinmarketcap_data_api_listings_historical
2026-02-27,39013,TCU29,Tempestas Copper,6.03400602,0.0,839551.87,coinmarketcap_data_api_listings_historical
2026-02-27,1343,STRAX,Stratis [Old],0.01461246,0.0,837856.53,coinmarketcap_data_api_listings_historical
2026-02-27,2223,VEE,BLOCKv,0.00703045,0.0,807265.87,coinmarketcap_data_api_listings_historical
2026-02-27,36328,FARTCOIN,FARTCOIN (fartcoin.one),0.0005746,0.0,805614.71,coinmarketcap_data_api_listings_historical
2026-02-27,36557,CAPX,Capx AI,0.17941276,0.0,795355.38,coinmarketcap_data_api_listings_historical
2026-02-27,19191,DOLA,DOLA,0.99520798,0.0,791383.29,coinmarketcap_data_api_listings_historical
2026-02-27,10506,HIT,HitBTC Token,0.19550208,0.0,786531.37,coinmarketcap_data_api_listings_historical
2026-02-27,36893,SN3,τemplar,5.98321505,0.0,785035.68,coinmarketcap_data_api_listings_historical
2026-02-27,38938,ITE,Idle Tribe Era,0.00119784,0.0,769299.29,coinmarketcap_data_api_listings_historical
2026-02-27,38891,TOTT,TOMATOK,0.1326129,0.0,761537.28,coinmarketcap_data_api_listings_historical
2026-02-27,21829,TBC,Ten Best Coins,8060.33305391,0.0,758621.4,coinmarketcap_data_api_listings_historical
2026-02-27,19618,CAW,CAW(A Hunters Dream),2e-08,0.0,743678.85,coinmarketcap_data_api_listings_historical
2026-02-27,33342,EVA,EverValue Coin,27.69746348,0.0,740968.4,coinmarketcap_data_api_listings_historical
2026-02-27,36413,BEER,Beers,0.00331301,0.0,734448.32,coinmarketcap_data_api_listings_historical
2026-02-27,36646,FDS,Foodie Squirrel,0.00071914,0.0,719956.76,coinmarketcap_data_api_listings_historical
2026-02-27,33850,SBR,STRATEGIC BITCOIN RESERVE,0.01883684,0.0,719543.7,coinmarketcap_data_api_listings_historical
2026-02-27,36899,SN41,Sportstensor,1.35763307,0.0,702325.49,coinmarketcap_data_api_listings_historical
2026-02-27,33620,FNXAI,Finanx AI,0.05888683,0.0,695644.6,coinmarketcap_data_api_listings_historical
2026-02-27,38548,GROYPER,GROYPER (groyperarmy.com),0.00043974,0.0,689363.91,coinmarketcap_data_api_listings_historical
2026-02-27,33951,PAI,Panther Ai,0.00533987,0.0,687514.65,coinmarketcap_data_api_listings_historical
2026-02-27,36867,SOLX,Solaxy,8.037e-05,0.0,680076.6,coinmarketcap_data_api_listings_historical
2026-02-27,36318,MGG,MimboGameGroup,0.00308714,0.0,662888.26,coinmarketcap_data_api_listings_historical
2026-02-27,37358,WMDR,WaterMinder,3.619e-05,0.0,656268.34,coinmarketcap_data_api_listings_historical
2026-02-27,38995,HPP,House Party Protocol,0.0262205,0.0,655974.96,coinmarketcap_data_api_listings_historical
2026-02-27,35936,COLLAT,Collaterize,0.00307857,0.0,650936.04,coinmarketcap_data_api_listings_historical
2026-02-27,30297,SISC,Shirushi Coin,1.78951983,0.0,644029.78,coinmarketcap_data_api_listings_historical
2026-02-27,33199,LYK,LayerK,0.11868237,0.0,641526.86,coinmarketcap_data_api_listings_historical
2026-02-27,19511,PDX,PDX Coin,179.49235078,0.0,624678.12,coinmarketcap_data_api_listings_historical
2026-02-27,35536,$REI,REI NETWORK,0.02678041,0.0,615154.0,coinmarketcap_data_api_listings_historical
2026-02-27,29634,PUPPIES,I love puppies,2.1e-07,0.0,611825.57,coinmarketcap_data_api_listings_historical
2026-02-27,39610,KIMCHI,Kimchi Coin,8e-08,0.0,598440.77,coinmarketcap_data_api_listings_historical
2026-02-27,37163,MUSD,MUSD,0.99050556,0.0,595749.49,coinmarketcap_data_api_listings_historical
2026-02-27,34332,PURR,Purr,0.06650059,0.0,589323.96,coinmarketcap_data_api_listings_historical
2026-02-27,39198,DUCKY,DUCKY (Duckythebrain),0.16010649,0.0,585560.57,coinmarketcap_data_api_listings_historical
2026-02-27,36107,TEM,TEMMARKET,0.02374626,0.0,578629.72,coinmarketcap_data_api_listings_historical
2026-02-27,36901,SN44,Score,6.17140427,0.0,566822.81,coinmarketcap_data_api_listings_historical
2026-02-27,33585,ZND,ZND Token,0.00667175,0.0,554991.27,coinmarketcap_data_api_listings_historical
2026-02-27,39131,COCO,coco,0.13091569,0.0,539512.13,coinmarketcap_data_api_listings_historical
2026-02-27,20611,LIF3,LIF3,0.00239805,0.0,539295.03,coinmarketcap_data_api_listings_historical
2026-02-27,38220,HBTC,Hold BTC,1e-07,0.0,538571.35,coinmarketcap_data_api_listings_historical
2026-02-27,36159,GROK,TRUMP GROK (trumpgrok.org),5.4e-06,0.0,534285.05,coinmarketcap_data_api_listings_historical
2026-02-27,19534,FIST,Fistbump,0.38904739,0.0,530769.77,coinmarketcap_data_api_listings_historical
2026-02-27,33509,B3TR,VeBetterDAO,0.00991424,0.0,530142.5,coinmarketcap_data_api_listings_historical
2026-02-27,28377,OSHI,Oshi Token,0.03144305,0.0,523470.98,coinmarketcap_data_api_listings_historical
2026-02-27,21769,METAL,Metal Blockchain,0.12662712,0.0,520635.9,coinmarketcap_data_api_listings_historical
2026-02-27,37667,PUNCHI,Punchimals,0.00231174,0.0,506352.52,coinmarketcap_data_api_listings_historical
2026-02-27,36940,KNCH,KAANCH NETWORK,0.04038951,0.0,506238.41,coinmarketcap_data_api_listings_historical
2026-02-27,35718,STONKS,STONKS,0.00042301,0.0,502433.15,coinmarketcap_data_api_listings_historical
2026-02-27,36979,FROGGIE,Froggie,0.00297784,0.0,495559.61,coinmarketcap_data_api_listings_historical
2026-02-27,35632,OFT,ONFA,0.55514336,0.0,489376.62,coinmarketcap_data_api_listings_historical
2026-02-27,28693,ZETRIX,Zetrix,11.31520052,0.0,487622.89,coinmarketcap_data_api_listings_historical
2026-02-27,39348,PCT,PETCASHTOKEN,9.18347917,0.0,485837.37,coinmarketcap_data_api_listings_historical
2026-02-27,30842,RTF,Ready to Fight,0.00772566,0.0,472467.25,coinmarketcap_data_api_listings_historical
2026-02-27,38271,XDOG,XDOG,0.00410389,0.0,471333.05,coinmarketcap_data_api_listings_historical
2026-02-27,36777,XBO,$XBO Token,0.10014679,0.0,468229.72,coinmarketcap_data_api_listings_historical
2026-02-27,24554,BZR,Bazaars,50.20970552,0.0,462732.42,coinmarketcap_data_api_listings_historical
2026-02-27,39164,FRT,ForTon,181.32345011,0.0,462467.17,coinmarketcap_data_api_listings_historical
2026-02-27,35591,32,Project 32,6.567e-05,0.0,452436.48,coinmarketcap_data_api_listings_historical
2026-02-27,23305,SEDA,SEDA Protocol,0.02200704,0.0,446035.41,coinmarketcap_data_api_listings_historical
2026-02-27,3344,ECOREAL,Ecoreal Estate,0.32966797,0.0,444260.02,coinmarketcap_data_api_listings_historical
2026-02-27,9091,CPC,CPCoin,0.15205855,0.0,443738.77,coinmarketcap_data_api_listings_historical
2026-02-27,37624,UPT,UpRock,0.00560973,0.0,440052.9,coinmarketcap_data_api_listings_historical
2026-02-27,37580,AU79,AU79,0.0040835,0.0,436085.38,coinmarketcap_data_api_listings_historical
2026-02-27,24849,CCASH,C-cash,0.00264993,0.0,435949.94,coinmarketcap_data_api_listings_historical
2026-02-27,36890,SN63,Alpha Trader Exchange (ATX),1.39775949,0.0,431485.34,coinmarketcap_data_api_listings_historical
2026-02-27,39156,F5,F5-promoT5,0.00697857,0.0,430712.0,coinmarketcap_data_api_listings_historical
2026-02-27,38712,$WEN,Weber Energy Network,0.34739085,0.0,424224.93,coinmarketcap_data_api_listings_historical
2026-02-27,37394,PUMP,[Fake] PUMP FUN,0.00035095,0.0,423238.17,coinmarketcap_data_api_listings_historical
2026-02-27,34641,COCA,COCA,1.02079158,0.0,422575.72,coinmarketcap_data_api_listings_historical
2026-02-27,36892,SN56,Gradients,3.94177604,0.0,422573.01,coinmarketcap_data_api_listings_historical
2026-02-27,31046,$MEWING,MEWING,3.82e-05,0.0,420588.64,coinmarketcap_data_api_listings_historical
2026-02-27,37584,STAU,STAU,0.00642305,0.0,420413.25,coinmarketcap_data_api_listings_historical
2026-02-27,28492,ZEPH,Zephyr Protocol,0.46256792,0.0,415339.0,coinmarketcap_data_api_listings_historical
2026-02-27,36964,50501,50501movement,0.00014972,0.0,413281.8,coinmarketcap_data_api_listings_historical
2026-02-27,31108,SVL,Slash Vision Labs,0.01566867,0.0,410201.81,coinmarketcap_data_api_listings_historical
2026-02-27,38166,UTT,uTrade,0.28172136,0.0,405969.22,coinmarketcap_data_api_listings_historical
2026-02-27,37668,XPL,Pulse,0.17729533,0.0,401844.35,coinmarketcap_data_api_listings_historical
2026-02-27,28589,FROGE,Froge (ETH),0.0,0.0,401464.09,coinmarketcap_data_api_listings_historical
2026-02-27,36906,SN88,Sταking,0.73911457,0.0,396369.81,coinmarketcap_data_api_listings_historical
2026-02-27,38578,MF,Moonwalk Fitness,0.01771574,0.0,391855.72,coinmarketcap_data_api_listings_historical
2026-02-27,36211,LIBRA,FUCK LIBRA,0.00743785,0.0,390213.83,coinmarketcap_data_api_listings_historical
2026-02-27,37631,AS,AKAS,1.09716833,0.0,389584.22,coinmarketcap_data_api_listings_historical
2026-02-27,29652,GVC,Global Virtual Coin,0.01791753,0.0,386013.73,coinmarketcap_data_api_listings_historical
2026-02-27,32299,CLOUD,Cloud,0.03393008,0.0,385112.3,coinmarketcap_data_api_listings_historical
2026-02-27,38687,USCR,United States Crypto Reserve,0.00673214,0.0,383514.26,coinmarketcap_data_api_listings_historical
2026-02-27,18218,AVDO,AvocadoCoin,1564.77877073,0.0,382666.97,coinmarketcap_data_api_listings_historical
2026-02-27,38990,CLONE,Confidential Layer,0.00766108,0.0,379217.15,coinmarketcap_data_api_listings_historical
2026-02-27,38960,BCT,Buy Coin Token,12.11668075,0.0,376170.43,coinmarketcap_data_api_listings_historical
2026-02-27,15261,ONUS,ONUS,0.35168885,0.0,373504.11,coinmarketcap_data_api_listings_historical
2026-02-27,38521,CHARLIE,Charlie Kirk,0.00057469,0.0,371843.9,coinmarketcap_data_api_listings_historical
2026-02-27,35245,XNL,Novastro,0.00035005,0.0,371257.51,coinmarketcap_data_api_listings_historical
2026-02-27,38451,PORTALS,Portals,0.00959915,0.0,367188.58,coinmarketcap_data_api_listings_historical
2026-02-27,33392,WPAY,WPAY,0.1723243,0.0,365980.31,coinmarketcap_data_api_listings_historical
2026-02-27,32850,SWGT,SmartWorld Global,0.0153015,0.0,365324.58,coinmarketcap_data_api_listings_historical
2026-02-27,10160,PERRY,Swaperry,0.00010815,0.0,363193.83,coinmarketcap_data_api_listings_historical
2026-02-27,35934,REACT,Reactive Network,0.02579067,0.0,362909.38,coinmarketcap_data_api_listings_historical
2026-02-27,38322,RUNWAGO,RUNWAGO,0.01399027,0.0,362800.81,coinmarketcap_data_api_listings_historical
2026-02-27,38320,FTMX,FUCK THE MATRIX,0.02006134,0.0,360499.43,coinmarketcap_data_api_listings_historical
2026-02-27,36897,SN33,ReadyAI,1.99119931,0.0,360202.82,coinmarketcap_data_api_listings_historical
2026-02-27,37309,HUSTLE,Agent Hustle,0.00305026,0.0,359567.13,coinmarketcap_data_api_listings_historical
2026-02-27,39578,MONSTRO,Monstro DeFi,0.0206041,0.0,357041.62,coinmarketcap_data_api_listings_historical
2026-02-27,36910,SN93,Bitcast,2.28866174,0.0,356280.2,coinmarketcap_data_api_listings_historical
2026-02-27,39330,MPX,metapass,0.37869002,0.0,350365.15,coinmarketcap_data_api_listings_historical
2026-02-27,28884,CAPINFRA,CAP INFRA,0.10560274,0.0,348066.33,coinmarketcap_data_api_listings_historical
2026-02-27,39058,SEEK,Talisman,0.03570076,0.0,345812.68,coinmarketcap_data_api_listings_historical
2026-02-27,24961,PEPEAI,PepeAI,0.00012609,0.0,344226.94,coinmarketcap_data_api_listings_historical
2026-02-27,31227,MINI,mini,0.00132031,0.0,343659.1,coinmarketcap_data_api_listings_historical
2026-02-27,35682,FDGC,Fintech Digital Gold Coin,5289.05930274,0.0,342813.81,coinmarketcap_data_api_listings_historical
2026-02-27,38927,PLAY,Play Solana,0.00210939,0.0,342396.07,coinmarketcap_data_api_listings_historical
2026-02-27,37302,CHILLHOUSE,Chill House,0.00335732,0.0,338959.38,coinmarketcap_data_api_listings_historical
2026-02-27,35670,HONEY,Honey,1.00350061,0.0,337014.97,coinmarketcap_data_api_listings_historical
2026-02-27,37443,TSLA,Tesla (buytesla.net),6.04354764,0.0,332149.04,coinmarketcap_data_api_listings_historical
2026-02-27,39195,PVP,PVPFUN,0.96391453,0.0,330866.06,coinmarketcap_data_api_listings_historical
2026-02-27,37308,DRDR,DRDR,0.06492685,0.0,329392.41,coinmarketcap_data_api_listings_historical
2026-02-27,39036,UMBRA,Umbra,0.62469251,0.0,329053.32,coinmarketcap_data_api_listings_historical
2026-02-27,37174,STOCK,Coin Stock,24.03423993,0.0,326133.07,coinmarketcap_data_api_listings_historical
2026-02-27,34795,MEDXT,Medxt,0.00025997,0.0,325404.85,coinmarketcap_data_api_listings_historical
2026-02-27,2892,WWB,Wowbit,3.99989461,0.0,320581.64,coinmarketcap_data_api_listings_historical
2026-02-27,32574,SKX,SKPANAX,0.15415613,0.0,320396.72,coinmarketcap_data_api_listings_historical
2026-02-27,32150,BEER,Beers,162879311.82657737,0.0,319461.22,coinmarketcap_data_api_listings_historical
2026-02-27,39399,CNKT+,Coinneckt +,0.0017019,0.0,318525.32,coinmarketcap_data_api_listings_historical
2026-02-27,35287,TREAT,Shiba Inu TREAT,0.00028743,0.0,317452.29,coinmarketcap_data_api_listings_historical
2026-02-27,36221,RWA,RWA Ecosystem,5.23755486,0.0,316804.06,coinmarketcap_data_api_listings_historical
2026-02-27,38602,SYND,Syndicate,0.01904846,0.0,312006.68,coinmarketcap_data_api_listings_historical
2026-02-27,36249,PTC,Patic,0.00039754,0.0,311454.39,coinmarketcap_data_api_listings_historical
2026-02-27,38541,PUPPIES,I love puppies,0.0,0.0,308973.86,coinmarketcap_data_api_listings_historical
2026-02-27,39580,IVT,ivault,0.01862142,0.0,308309.66,coinmarketcap_data_api_listings_historical
2026-02-27,36219,NVB,NovaBank,5.03755987,0.0,306304.48,coinmarketcap_data_api_listings_historical
2026-02-27,38677,INC,WorldAssets,0.50820222,0.0,305302.91,coinmarketcap_data_api_listings_historical
2026-02-27,4813,XBT,XBIT,0.00058313,0.0,304658.61,coinmarketcap_data_api_listings_historical
2026-02-27,38640,OLY,OLY,2.75291133,0.0,302802.15,coinmarketcap_data_api_listings_historical
2026-02-27,30677,DOVU,DOVU,0.0043446,0.0,300838.47,coinmarketcap_data_api_listings_historical
2026-02-27,31374,NIGHT,Midnight (midnight.vip),0.05829132,0.0,299669.79,coinmarketcap_data_api_listings_historical
2026-02-27,3681,CENT,Center Coin,0.03214706,0.0,297050.35,coinmarketcap_data_api_listings_historical
2026-02-27,23225,FRXETH,Frax Finance - Frax Ether,1918.49310529,0.0,290435.12,coinmarketcap_data_api_listings_historical
2026-02-27,36370,PI,PI TRUMP (pitrumphub.com),4.75e-06,0.0,287450.9,coinmarketcap_data_api_listings_historical
2026-02-27,38856,HYBUX,HYBUX,0.00069087,0.0,286869.96,coinmarketcap_data_api_listings_historical
2026-02-27,37333,FNA,FinTechAI,71.64596602,0.0,286712.56,coinmarketcap_data_api_listings_historical
2026-02-27,36194,YU,Yellow Umbrella,4.7e-06,0.0,286262.73,coinmarketcap_data_api_listings_historical
2026-02-27,32978,KPK,ParkCoin,1.09020502,0.0,286139.45,coinmarketcap_data_api_listings_historical
2026-02-27,36660,D,D,3.55e-06,0.0,283511.92,coinmarketcap_data_api_listings_historical
2026-02-27,30555,CANDLE,Candle Cat,2.274e-05,0.0,279942.49,coinmarketcap_data_api_listings_historical
2026-02-27,29717,TREMP,Doland Tremp,0.00569417,0.0,278343.76,coinmarketcap_data_api_listings_historical
2026-02-27,39537,QONE,qONE,0.01132061,0.0,276074.21,coinmarketcap_data_api_listings_historical
2026-02-27,34026,AI16Z,ai16z,0.00071994,0.0,271413.33,coinmarketcap_data_api_listings_historical
2026-02-27,36069,GINI,KALP Network,0.04076869,0.0,271268.4,coinmarketcap_data_api_listings_historical
2026-02-27,33691,BX,Blynex,4.64e-06,0.0,269851.35,coinmarketcap_data_api_listings_historical
2026-02-27,38985,DSG,Despend,5.03184141,0.0,269089.2,coinmarketcap_data_api_listings_historical
2026-02-27,38519,MCQ,Mecha Conquest,0.00120261,0.0,267119.21,coinmarketcap_data_api_listings_historical
2026-02-27,39376,XERA,Luxera,31.23169304,0.0,266819.61,coinmarketcap_data_api_listings_historical
2026-02-27,33603,PEPPER,PEPPER,0.0,0.0,266303.31,coinmarketcap_data_api_listings_historical
2026-02-27,36756,COIN,[Fake]COINBASE,47.48380403,0.0,266222.78,coinmarketcap_data_api_listings_historical
2026-02-27,36109,TITCOIN,titcoin,0.00080468,0.0,265881.25,coinmarketcap_data_api_listings_historical
2026-02-27,36371,TRUMP,TRUMP MOG (trumpmog.me),0.00079847,0.0,265124.02,coinmarketcap_data_api_listings_historical
2026-02-27,39108,WEALTH,Wealth Crypto,322.93832263,0.0,261617.99,coinmarketcap_data_api_listings_historical
2026-02-27,35016,AVB,Autonomous Virtual Beings,0.00067406,0.0,261512.12,coinmarketcap_data_api_listings_historical
2026-02-27,31225,BUCK,Bucket Protocol BUCK Stablecoin,0.99927466,0.0,261322.28,coinmarketcap_data_api_listings_historical
2026-02-27,33934,KDX,Kodexa,0.01086993,0.0,260305.17,coinmarketcap_data_api_listings_historical
2026-02-27,2878,DFT,DigiFinexToken,0.00999843,0.0,259724.53,coinmarketcap_data_api_listings_historical
2026-02-27,37444,HOOD,Robinhood (robinhood.codes),5.01317793,0.0,258953.42,coinmarketcap_data_api_listings_historical
2026-02-27,32486,CAT,NOT,276227000.9356391,0.0,258694.93,coinmarketcap_data_api_listings_historical
2026-02-27,38948,USX,Solstice USX,0.99985756,0.0,258257.07,coinmarketcap_data_api_listings_historical
2026-02-27,37758,SLERF,SLERF,0.00422196,0.0,257431.18,coinmarketcap_data_api_listings_historical
2026-02-27,39349,NRGE,New Resources Generation Energy,199.99473048,0.0,256890.88,coinmarketcap_data_api_listings_historical
2026-02-27,36757,LABUBU,Labubu,3.1e-07,0.0,256820.03,coinmarketcap_data_api_listings_historical
2026-02-27,36814,LOCKIN,LOCK IN,0.00122701,0.0,255448.6,coinmarketcap_data_api_listings_historical
2026-02-27,38736,JET,JETMAX,1.88762614,0.0,255177.4,coinmarketcap_data_api_listings_historical
2026-02-27,39627,MACMINI,Mac mini,0.0,0.0,254916.83,coinmarketcap_data_api_listings_historical
2026-02-27,32282,WATER,Waterfall,0.000374,0.0,253259.89,coinmarketcap_data_api_listings_historical
2026-02-27,23089,T99,Tethereum,0.29760251,0.0,252367.18,coinmarketcap_data_api_listings_historical
2026-02-27,36326,FUR,Furfication,0.00012584,0.0,251621.93,coinmarketcap_data_api_listings_historical
2026-02-27,11569,OVATO,Ovato,0.95239216,0.0,251146.79,coinmarketcap_data_api_listings_historical
2026-02-27,38263,BASE,Base AI,2.46e-05,0.0,250301.28,coinmarketcap_data_api_listings_historical
2026-02-27,28928,HEX,HEX (PulseChain),0.00159529,0.0,249982.58,coinmarketcap_data_api_listings_historical
2026-02-27,36465,CES,Whalebit,0.71172267,0.0,249792.73,coinmarketcap_data_api_listings_historical
2026-02-27,28582,PT,Phemex Token,0.46148033,0.0,248840.3,coinmarketcap_data_api_listings_historical
2026-02-27,38801,VPAY,VPay,0.00125916,0.0,248219.0,coinmarketcap_data_api_listings_historical
2026-02-27,39378,GAS,Gas Town,4.337e-05,0.0,247068.94,coinmarketcap_data_api_listings_historical
2026-02-27,25015,FRTC,FART COIN,1.5e-07,0.0,245148.1,coinmarketcap_data_api_listings_historical
2026-02-27,19259,lolcat,lolcat,6.911e-05,0.0,244876.55,coinmarketcap_data_api_listings_historical
2026-02-27,38845,VANKEDISI,vankedisi,0.01290474,0.0,244538.14,coinmarketcap_data_api_listings_historical
2026-02-27,35466,ELON,Official Elon Coin (official-elon.xyz),0.00029619,0.0,242223.82,coinmarketcap_data_api_listings_historical
2026-02-27,35418,BARRON,OFFICIAL BARRON (SOL),0.0001471,0.0,242008.63,coinmarketcap_data_api_listings_historical
2026-02-27,36902,SN51,lium,7.34682763,0.0,239955.7,coinmarketcap_data_api_listings_historical
2026-02-27,32865,TRUMP,TRUMP AI,49.94957608,0.0,238911.17,coinmarketcap_data_api_listings_historical
2026-02-27,32488,GME,GameStop Coin,97499.05843401,0.0,238099.22,coinmarketcap_data_api_listings_historical
2026-02-27,23909,0x0,0x0.com,0.00178989,0.0,237354.52,coinmarketcap_data_api_listings_historical
2026-02-27,31410,FDM,Freedom,0.0084915,0.0,234785.17,coinmarketcap_data_api_listings_historical
2026-02-27,39163,USDKG,USDKG,0.9999313,0.0,234582.0,coinmarketcap_data_api_listings_historical
2026-02-27,36287,PEPE,PEPE AI (pepeai.one),5.211e-05,0.0,234493.01,coinmarketcap_data_api_listings_historical
2026-02-27,21947,EGGT,Egg N Partners,0.36597222,0.0,232133.1,coinmarketcap_data_api_listings_historical
2026-02-27,26954,PLB,Paladeum,1.1526314,0.0,231986.0,coinmarketcap_data_api_listings_historical
2026-02-27,37396,BLACK,Blackhole,0.01349898,0.0,231574.37,coinmarketcap_data_api_listings_historical
2026-02-27,31055,TICS,Qubetics,0.01789119,0.0,230590.38,coinmarketcap_data_api_listings_historical
2026-02-27,9797,XAVA,Avalaunch,0.14350016,0.0,228617.08,coinmarketcap_data_api_listings_historical
2026-02-27,37548,ANI,Ani Grok Companion (anicompanion.org),0.00028827,0.0,228028.48,coinmarketcap_data_api_listings_historical
2026-02-27,24277,OETH,Origin Ether,1928.00525446,0.0,226755.33,coinmarketcap_data_api_listings_historical
2026-02-27,34245,MSTR,MSTR,0.11064657,0.0,226664.41,coinmarketcap_data_api_listings_historical
2026-02-27,28076,OZO,Ozone Chain,0.13113614,0.0,225095.48,coinmarketcap_data_api_listings_historical
2026-02-27,36949,CRCL,[Fake]Circle (crcl.top),0.00349089,0.0,223656.35,coinmarketcap_data_api_listings_historical
2026-02-27,32751,MAGA,TRUMP MAGA (trumpmaga.me),0.00566917,0.0,223175.01,coinmarketcap_data_api_listings_historical
2026-02-27,25417,PLSX,PulseX,6.48e-06,0.0,222818.34,coinmarketcap_data_api_listings_historical
2026-02-27,34568,BBA,BBAChain,0.00239404,0.0,219905.99,coinmarketcap_data_api_listings_historical
2026-02-27,37349,GRAYSCALE,Grayscale,4.2e-06,0.0,217056.98,coinmarketcap_data_api_listings_historical
2026-02-27,28292,JOE,Joe Coin,0.0112173,0.0,215960.07,coinmarketcap_data_api_listings_historical
2026-02-27,32713,DOGS,HARRIS DOGS,0.17867963,0.0,215534.21,coinmarketcap_data_api_listings_historical
2026-02-27,34215,PLPA,Palapa,0.00689579,0.0,215296.91,coinmarketcap_data_api_listings_historical
2026-02-27,27417,NESS,Ness LAB,0.00597407,0.0,213855.93,coinmarketcap_data_api_listings_historical
2026-02-27,36286,TRUMP,PEPE TRUMP (pepetrump.cc),2e-08,0.0,212730.68,coinmarketcap_data_api_listings_historical
2026-02-27,39356,JOBCOIN,buy instead of getting a job,0.01128383,0.0,212366.03,coinmarketcap_data_api_listings_historical
2026-02-27,14610,EDAT,EnviDa,0.06050841,0.0,211164.6,coinmarketcap_data_api_listings_historical
2026-02-27,36200,IP,TRUMP IP,2.845e-05,0.0,210380.27,coinmarketcap_data_api_listings_historical
2026-02-27,38971,FROGE,FROGE,0.00606373,0.0,207936.23,coinmarketcap_data_api_listings_historical
2026-02-27,36127,MUBARAK,Mubarak(mubarakcoin.link),0.00654602,0.0,206366.54,coinmarketcap_data_api_listings_historical
2026-02-27,37293,MLG,360noscope420blazeit,0.00071927,0.0,206054.65,coinmarketcap_data_api_listings_historical
2026-02-27,38981,AUDM,Macropod,0.70682709,0.0,205070.37,coinmarketcap_data_api_listings_historical
2026-02-27,36905,SN25,Mainframe,0.88394137,0.0,204430.48,coinmarketcap_data_api_listings_historical
2026-02-27,6773,FXC,FUTUREXCRYPTO,2.27276555,0.0,203381.39,coinmarketcap_data_api_listings_historical
2026-02-27,39008,GGBR,Goldfish Gold,5.05728399,0.0,202063.74,coinmarketcap_data_api_listings_historical
2026-02-27,38544,FT,Flying Tulip,0.09855627,0.0,201558.82,coinmarketcap_data_api_listings_historical
2026-02-27,32873,USR,Resolv USR,0.99900949,0.0,201388.24,coinmarketcap_data_api_listings_historical
2026-02-27,2502,HT,Huobi Token,0.10303103,0.0,201094.75,coinmarketcap_data_api_listings_historical
2026-02-27,37359,CHAMPAGNE,Formula 1,0.00060456,0.0,201038.26,coinmarketcap_data_api_listings_historical
2026-02-27,7619,BCA,Bitcoiva,16.55122238,0.0,200763.14,coinmarketcap_data_api_listings_historical
2026-02-27,27467,LEE,Love Earn Enjoy,1.01997961,0.0,200541.57,coinmarketcap_data_api_listings_historical
2026-02-27,37478,MAP,MAP Network,0.00225356,0.0,200020.6,coinmarketcap_data_api_listings_historical
2026-02-27,31970,RCH,SOFA Org,0.12076903,0.0,199120.61,coinmarketcap_data_api_listings_historical
2026-02-27,39166,KDK,Kodiak Finance,0.27318893,0.0,198828.57,coinmarketcap_data_api_listings_historical
2026-02-27,18079,IRON,Iron Fish,0.07541831,0.0,195716.43,coinmarketcap_data_api_listings_historical
2026-02-27,5205,XMALL,cryptomall,0.15771153,0.0,194521.97,coinmarketcap_data_api_listings_historical
2026-02-27,39395,TU,小兔 (Xiaotu),1.7e-07,0.0,193609.76,coinmarketcap_data_api_listings_historical
2026-02-27,36158,TRUMP,MAGA TRUMP (magatrumpcoin.com),0.00012525,0.0,192604.65,coinmarketcap_data_api_listings_historical
2026-02-27,33028,NKYC,Nonkyc.io Exchange,7.94969113,0.0,192556.29,coinmarketcap_data_api_listings_historical
2026-02-27,6224,BTY,Bityuan,0.02556363,0.0,191720.53,coinmarketcap_data_api_listings_historical
2026-02-27,34529,TRUST,Trust The Process,0.00014615,0.0,191202.37,coinmarketcap_data_api_listings_historical
2026-02-27,6498,MTC,Metacoin,0.00923569,0.0,190844.93,coinmarketcap_data_api_listings_historical
2026-02-27,39597,MOLT,Monkey Cult,0.00159414,0.0,189578.92,coinmarketcap_data_api_listings_historical
2026-02-27,13268,FLIP,Chainflip,0.27663933,0.0,188841.63,coinmarketcap_data_api_listings_historical
2026-02-27,39567,GRANDMA,Minecraft Grandma Fund,0.0005159,0.0,187427.72,coinmarketcap_data_api_listings_historical
2026-02-27,33720,COOK,mETH Protocol,0.00330014,0.0,187142.18,coinmarketcap_data_api_listings_historical
2026-02-27,23487,OZONE,Ozonechain,2.26104053,0.0,186936.43,coinmarketcap_data_api_listings_historical
2026-02-27,38380,JobIess,JobIess (jobless4meme.fun),0.00014676,0.0,185628.81,coinmarketcap_data_api_listings_historical
2026-02-27,31687,SL,SASEUL,0.00296792,0.0,179838.24,coinmarketcap_data_api_listings_historical
2026-02-27,33369,BOME,Book of Meme 3.0,0.0,0.0,179664.13,coinmarketcap_data_api_listings_historical
2026-02-27,10532,DIVER,Divergence,0.0037852,0.0,179010.7,coinmarketcap_data_api_listings_historical
2026-02-27,32246,TRHUB,Tradehub,0.02912334,0.0,178430.15,coinmarketcap_data_api_listings_historical
2026-02-27,2997,DRC,Doric Network,0.28959237,0.0,178170.6,coinmarketcap_data_api_listings_historical
2026-02-27,36629,VLR,Velora,0.00069453,0.0,177965.11,coinmarketcap_data_api_listings_historical
2026-02-27,35720,HEU,Heurist AI,0.00727725,0.0,177496.43,coinmarketcap_data_api_listings_historical
2026-02-27,26959,HOME,OtterHome,0.02899976,0.0,176724.25,coinmarketcap_data_api_listings_historical
2026-02-27,38743,ALPRO,Assets Alphabet,0.27770284,0.0,175458.51,coinmarketcap_data_api_listings_historical
2026-02-27,20529,KLC,KalyChain,0.00219519,0.0,175213.92,coinmarketcap_data_api_listings_historical
2026-02-27,39626,PUSD,Phoenix Finance USD,0.99874805,0.0,174073.32,coinmarketcap_data_api_listings_historical
2026-02-27,39337,ZSWAP,ZygoSwap,0.00081679,0.0,173151.75,coinmarketcap_data_api_listings_historical
2026-02-27,34350,LESTER,Lester,0.00019126,0.0,172544.41,coinmarketcap_data_api_listings_historical
2026-02-27,31288,TRIO,TRIO (OrdinalsBot),0.02145823,0.0,172464.59,coinmarketcap_data_api_listings_historical
2026-02-27,37078,QGOLD,Quorium,5258.07476702,0.0,171651.18,coinmarketcap_data_api_listings_historical
2026-02-27,17301,DIGau,Dignity Gold,2.73438261,0.0,171285.78,coinmarketcap_data_api_listings_historical
2026-02-27,36422,GGEZ1,GGEZ1,0.08801381,0.0,171055.21,coinmarketcap_data_api_listings_historical
2026-02-27,9067,OHM,Olympus v2,17.45082785,0.0,170955.21,coinmarketcap_data_api_listings_historical
2026-02-27,36912,SN4,Targon,7.50852012,0.0,170340.8,coinmarketcap_data_api_listings_historical
2026-02-27,31397,HIGHER,Higher,0.00040513,0.0,169431.59,coinmarketcap_data_api_listings_historical
2026-02-27,36449,TCY,THORChain Yield,0.12800993,0.0,166547.6,coinmarketcap_data_api_listings_historical
2026-02-27,38260,GOAT,Goatcoin,0.00029929,0.0,165612.98,coinmarketcap_data_api_listings_historical
2026-02-27,22408,DST,DAYSTARTER,0.79990743,0.0,165247.3,coinmarketcap_data_api_listings_historical
2026-02-27,31495,NXQ,NexQloud,34.62651216,0.0,165230.2,coinmarketcap_data_api_listings_historical
2026-02-27,33686,TITS,We Love Tits,0.000129,0.0,165009.68,coinmarketcap_data_api_listings_historical
2026-02-27,36806,CAUSE,Causecoin,0.16966277,0.0,164431.31,coinmarketcap_data_api_listings_historical
2026-02-27,25487,SATOX,Satoxcoin,9.48e-06,0.0,164347.67,coinmarketcap_data_api_listings_historical
2026-02-27,31874,TRUMP,PEPE,3.8e-06,0.0,161994.75,coinmarketcap_data_api_listings_historical
2026-02-27,32744,TXC,TEXITcoin,0.21321655,0.0,161905.9,coinmarketcap_data_api_listings_historical
2026-02-27,29945,PUFF,Puff The Dragon,0.07609662,0.0,161159.2,coinmarketcap_data_api_listings_historical
2026-02-27,38514,WXPL,Wrapped Plasma,0.09197387,0.0,160797.35,coinmarketcap_data_api_listings_historical
2026-02-27,33820,DAGS,Dagcoin,0.00032389,0.0,160131.95,coinmarketcap_data_api_listings_historical
2026-02-27,39351,$NYC,NYC Token,0.0872981,0.0,158743.57,coinmarketcap_data_api_listings_historical
2026-02-27,15518,KNG,Kanga Exchange Token,1.14540629,0.0,157199.53,coinmarketcap_data_api_listings_historical
2026-02-27,33994,CTB,Content Bitcoin,535.0696543,0.0,157174.38,coinmarketcap_data_api_listings_historical
2026-02-27,34755,IFAI,InfluxAI Token,0.00145136,0.0,156564.52,coinmarketcap_data_api_listings_historical
2026-02-27,9452,BDT,Bandot Protocol,7.975e-05,0.0,156342.49,coinmarketcap_data_api_listings_historical
2026-02-27,38488,EDOM,Edom,0.0106591,0.0,154928.51,coinmarketcap_data_api_listings_historical
2026-02-27,33471,GROK,SORA GROK,0.05462747,0.0,154890.9,coinmarketcap_data_api_listings_historical
2026-02-27,36886,SN13,Data Universe,1.59392677,0.0,154729.43,coinmarketcap_data_api_listings_historical
2026-02-27,38874,WM,White Monkey,0.000176,0.0,152913.79,coinmarketcap_data_api_listings_historical
2026-02-27,36498,GNC,Greenchie,1.3e-07,0.0,151598.75,coinmarketcap_data_api_listings_historical
2026-02-27,37516,XSPA,XSPA,0.00076112,0.0,151354.29,coinmarketcap_data_api_listings_historical
2026-02-27,39040,RST,Runesoul,0.36662998,0.0,150312.1,coinmarketcap_data_api_listings_historical
2026-02-27,38749,ARES,Ares,4.673e-05,0.0,150106.71,coinmarketcap_data_api_listings_historical
2026-02-27,38790,SANTA,SANTA by Virtuals,0.00125016,0.0,149995.4,coinmarketcap_data_api_listings_historical
2026-02-27,37365,BITTY,The Bitcoin Mascot,0.00098513,0.0,148965.26,coinmarketcap_data_api_listings_historical
2026-02-27,16230,EFT,ETH Fan Token Ecosystem,7e-08,0.0,147562.14,coinmarketcap_data_api_listings_historical
2026-02-27,23862,MAS,Massa,0.00408992,0.0,147353.65,coinmarketcap_data_api_listings_historical
2026-02-27,39000,XGZ,GoldZip,168.37914527,0.0,146934.58,coinmarketcap_data_api_listings_historical
2026-02-27,17972,RBT,Rubix,115.5516808,0.0,146723.58,coinmarketcap_data_api_listings_historical
2026-02-27,37570,MARSMI,Mars Meme Inc,0.02225942,0.0,146391.93,coinmarketcap_data_api_listings_historical
2026-02-27,29892,$NAP,SNAP,1.69e-06,0.0,146183.08,coinmarketcap_data_api_listings_historical
2026-02-27,8635,xDAI,xDAI,1.00457353,0.0,146167.76,coinmarketcap_data_api_listings_historical
2026-02-27,36740,YBDBD,Yabba Dabba Doo!,8.8e-07,0.0,145880.64,coinmarketcap_data_api_listings_historical
2026-02-27,37614,PM,PumpMeme,1.05345998,0.0,145504.94,coinmarketcap_data_api_listings_historical
2026-02-27,34881,TEMA,Tema,5.475e-05,0.0,145074.12,coinmarketcap_data_api_listings_historical
2026-02-27,14968,VINU,Viral Inu,0.0,0.0,144660.8,coinmarketcap_data_api_listings_historical
2026-02-27,29186,PEAS,Peapods Finance,0.48910208,0.0,143972.99,coinmarketcap_data_api_listings_historical
2026-02-27,38806,KLIP,KLIPAI,0.01457026,0.0,143819.83,coinmarketcap_data_api_listings_historical
2026-02-27,37589,PECH,PEPECASH (pepecash.live),1e-08,0.0,143514.99,coinmarketcap_data_api_listings_historical
2026-02-27,30905,SMX,Snapmuse.io,0.0014052,0.0,143466.28,coinmarketcap_data_api_listings_historical
2026-02-27,26854,ELX,Elixir,0.00250931,0.0,143419.37,coinmarketcap_data_api_listings_historical
2026-02-27,27712,PNDC,Pond Coin,5e-08,0.0,143269.25,coinmarketcap_data_api_listings_historical
2026-02-27,35909,TRC,Terrace,0.00911359,0.0,142988.43,coinmarketcap_data_api_listings_historical
2026-02-27,36126,AMI,Amnis Finance,0.0081045,0.0,141794.7,coinmarketcap_data_api_listings_historical
2026-02-27,38135,PENGU,PENGU AI,1.978e-05,0.0,141165.94,coinmarketcap_data_api_listings_historical
2026-02-27,37350,IBIT,BlackRock,0.00487251,0.0,140910.37,coinmarketcap_data_api_listings_historical
2026-02-27,1712,QRL,Quantum Resistant Ledger,1.53520368,0.0,140854.27,coinmarketcap_data_api_listings_historical
2026-02-27,162,MIM,Magic Internet Money,0.99019409,0.0,140682.15,coinmarketcap_data_api_listings_historical
2026-02-27,38795,ZARA,ZARA AI,0.00039882,0.0,138300.26,coinmarketcap_data_api_listings_historical
2026-02-27,16807,NST,Ninja Squad Token,1.20371361,0.0,138157.09,coinmarketcap_data_api_listings_historical
2026-02-27,36398,AWR,All Will Retire,0.00074,0.0,137740.23,coinmarketcap_data_api_listings_historical
2026-02-27,18106,X2Y2,X2Y2,0.00086998,0.0,136200.98,coinmarketcap_data_api_listings_historical
2026-02-27,39199,BOXABL,BOXABL,0.00032351,0.0,135990.95,coinmarketcap_data_api_listings_historical
2026-02-27,39420,PIKACHU,Pikachu (pikachuethog.fun),1e-08,0.0,135881.51,coinmarketcap_data_api_listings_historical
2026-02-27,38735,DTV,DraperTV,0.00022787,0.0,135763.72,coinmarketcap_data_api_listings_historical
2026-02-27,36885,SN12,Compute Horde,1.2274509,0.0,135507.86,coinmarketcap_data_api_listings_historical
2026-02-27,8690,CADC,CAD Coin,0.72561908,0.0,134460.25,coinmarketcap_data_api_listings_historical
2026-02-27,39191,USDA,Anzens,1.00205572,0.0,134393.48,coinmarketcap_data_api_listings_historical
2026-02-27,38759,SHIH,Shih Tzu,0.00027625,0.0,134279.14,coinmarketcap_data_api_listings_historical
2026-02-27,34061,DNA,DNA,0.0,0.0,134182.01,coinmarketcap_data_api_listings_historical
2026-02-27,36891,SN53,EfficientFrontier,1.0748839,0.0,134135.86,coinmarketcap_data_api_listings_historical
2026-02-27,36809,GRAY,Gradient,0.12836236,0.0,133290.32,coinmarketcap_data_api_listings_historical
2026-02-27,33711,SUMMIT,Summit,1.701e-05,0.0,133243.75,coinmarketcap_data_api_listings_historical
2026-02-27,39114,TONO,Tonomy,5e-07,0.0,131975.35,coinmarketcap_data_api_listings_historical
2026-02-27,28652,SEAM,Seamless,0.10558093,0.0,131352.63,coinmarketcap_data_api_listings_historical
2026-02-27,35773,JOC,Japan Open Chain,0.05874092,0.0,130705.39,coinmarketcap_data_api_listings_historical
2026-02-27,29407,OVER,OverProtocol,0.00381742,0.0,130667.55,coinmarketcap_data_api_listings_historical
2026-02-27,29972,BCOQ,BLACK COQINU,0.0,0.0,130507.41,coinmarketcap_data_api_listings_historical
2026-02-27,33916,PEANUT,#1 Tiktok Squirrel,0.00010569,0.0,130054.07,coinmarketcap_data_api_listings_historical
2026-02-27,38505,RZTO,RZTO,0.00028997,0.0,130039.48,coinmarketcap_data_api_listings_historical
2026-02-27,3911,OCEAN,Ocean Protocol,0.10567633,0.0,129989.98,coinmarketcap_data_api_listings_historical
2026-02-27,36896,SN8,Proprietary Trading Network,7.15786513,0.0,129122.48,coinmarketcap_data_api_listings_historical
2026-02-27,38898,GBCK,GoldBrick,0.00215498,0.0,129057.27,coinmarketcap_data_api_listings_historical
2026-02-27,38765,VALOR,VALOR,0.000229,0.0,128733.72,coinmarketcap_data_api_listings_historical
2026-02-27,30890,PEPE,PEPE 0x69 ON BASE,0.0,0.0,128083.71,coinmarketcap_data_api_listings_historical
2026-02-27,33556,KITEAI,KiteAI,8e-08,0.0,127934.49,coinmarketcap_data_api_listings_historical
2026-02-27,39598,MPP,MegPrime,0.22972283,0.0,127325.52,coinmarketcap_data_api_listings_historical
2026-02-27,6118,BITO,BitoPro Exchange Token,0.14338314,0.0,126908.86,coinmarketcap_data_api_listings_historical
2026-02-27,38943,OOB,OOBIT,0.01340151,0.0,126295.2,coinmarketcap_data_api_listings_historical
2026-02-27,36460,BERRY,Strawberry In Bloom,0.00042494,0.0,126197.3,coinmarketcap_data_api_listings_historical
2026-02-27,24382,KAU,Kinesis Gold,167.58518441,0.0,125741.6,coinmarketcap_data_api_listings_historical
2026-02-27,24916,AUC,Advanced Project,0.000142,0.0,125081.08,coinmarketcap_data_api_listings_historical
2026-02-27,18995,XX,xx network,0.00521996,0.0,125007.02,coinmarketcap_data_api_listings_historical
2026-02-27,38625,財務自由,財務自由,8.06e-05,0.0,124644.6,coinmarketcap_data_api_listings_historical
2026-02-27,35554,MEMDEX,Memdex100,0.003327,0.0,124484.21,coinmarketcap_data_api_listings_historical
2026-02-27,15530,EGX,Enegra (EGX),191.07034967,0.0,124469.39,coinmarketcap_data_api_listings_historical
2026-02-27,38603,DEW,DEW,0.00035487,0.0,124053.3,coinmarketcap_data_api_listings_historical
2026-02-27,37292,BBT,BabyBoomToken,0.19722627,0.0,124040.45,coinmarketcap_data_api_listings_historical
2026-02-27,37124,STOC,STO CHAIN,0.19038031,0.0,123707.83,coinmarketcap_data_api_listings_historical
2026-02-27,37558,SPORT,Staicy Sport,0.01269915,0.0,121850.92,coinmarketcap_data_api_listings_historical
2026-02-27,39586,USDDD,USDDD,0.99545417,0.0,121787.96,coinmarketcap_data_api_listings_historical
2026-02-27,4139,BRZ,Brazilian Digital Token,0.19402388,0.0,121749.05,coinmarketcap_data_api_listings_historical
2026-02-27,5066,MON,MoneyByte,0.02073149,0.0,120512.52,coinmarketcap_data_api_listings_historical
2026-02-27,39329,$ALPHA,AlphaPride,0.00381715,0.0,120342.25,coinmarketcap_data_api_listings_historical
2026-02-27,38472,MAGA,TRUMP MAGA,6.712e-05,0.0,120083.59,coinmarketcap_data_api_listings_historical
2026-02-27,36357,TRENCHER,Trencher,0.00033295,0.0,120037.92,coinmarketcap_data_api_listings_historical
2026-02-27,22118,XEN,XEN Crypto,1e-08,0.0,120022.96,coinmarketcap_data_api_listings_historical
2026-02-27,16363,BTCMT,Minto,0.67030349,0.0,119999.93,coinmarketcap_data_api_listings_historical
2026-02-27,39400,MIL,Mil,0.00718584,0.0,119944.14,coinmarketcap_data_api_listings_historical
2026-02-27,2658,MFG,Smart MFG,0.00111685,0.0,119128.86,coinmarketcap_data_api_listings_historical
2026-02-27,37105,LYP,Lympid,0.00443714,0.0,118724.61,coinmarketcap_data_api_listings_historical
2026-02-27,1765,EOS,EOS,0.08007344,0.0,118529.01,coinmarketcap_data_api_listings_historical
2026-02-27,38622,GIFT,GIFT,0.170324,0.0,118483.09,coinmarketcap_data_api_listings_historical
2026-02-27,39417,SINGULARRY,Singularry,0.03775053,0.0,118183.29,coinmarketcap_data_api_listings_historical
2026-02-27,31523,PEW,pepe in a memes world,2.4e-07,0.0,117758.9,coinmarketcap_data_api_listings_historical
2026-02-27,39453,CRAT,CratD2C,0.00829293,0.0,117666.78,coinmarketcap_data_api_listings_historical
2026-02-27,33757,LEMX,LEMON,41.75998623,0.0,116467.86,coinmarketcap_data_api_listings_historical
2026-02-27,29570,DOGO,DOGO,1.2e-07,0.0,115945.88,coinmarketcap_data_api_listings_historical
2026-02-27,5031,MWC,MimbleWimbleCoin,10.61719666,0.0,115673.43,coinmarketcap_data_api_listings_historical
2026-02-27,38810,SPLD,Splendor,0.32439733,0.0,115585.25,coinmarketcap_data_api_listings_historical
2026-02-27,32998,SVTS,Syncvault,0.17832525,0.0,115007.08,coinmarketcap_data_api_listings_historical
2026-02-27,24116,RENQ,Renq Finance,0.00052845,0.0,114980.37,coinmarketcap_data_api_listings_historical
2026-02-27,34840,OXA,Onyx Arches,0.00824049,0.0,114803.91,coinmarketcap_data_api_listings_historical
2026-02-27,39606,PETAH,ピータさん,0.00030042,0.0,113687.75,coinmarketcap_data_api_listings_historical
2026-02-27,10403,KOM,Kommunitas,0.00013737,0.0,113654.36,coinmarketcap_data_api_listings_historical
2026-02-27,38630,DOP2,Data Ownership Protocol 2,0.0035209,0.0,113469.83,coinmarketcap_data_api_listings_historical
2026-02-27,30739,MCTP,Metacraft,0.04515189,0.0,113322.1,coinmarketcap_data_api_listings_historical
2026-02-27,33189,MTLS,eMetals,0.04940503,0.0,113134.64,coinmarketcap_data_api_listings_historical
2026-02-27,39055,ORTA,Orta Chain,0.20009232,0.0,111611.72,coinmarketcap_data_api_listings_historical
2026-02-27,24246,LUMI,LumiShare,0.00144299,0.0,109362.97,coinmarketcap_data_api_listings_historical
2026-02-27,27358,ARCH,Archway,0.00205135,0.0,109341.8,coinmarketcap_data_api_listings_historical
2026-02-27,28463,PTH,PlasticHero,0.01640986,0.0,109068.87,coinmarketcap_data_api_listings_historical
2026-02-27,32477,BAR,Gold Standard,0.49379163,0.0,108861.76,coinmarketcap_data_api_listings_historical
2026-02-27,33486,RXS,Rexas Finance,0.00169529,0.0,108190.76,coinmarketcap_data_api_listings_historical
2026-02-27,38800,MRDN,Meridian,0.00751026,0.0,107999.9,coinmarketcap_data_api_listings_historical
2026-02-27,39637,IDOS,IDOS (idos.company),0.00201473,0.0,107423.76,coinmarketcap_data_api_listings_historical
2026-02-27,30264,MAGATRUMP,MAGA Trump,0.03717597,0.0,107092.47,coinmarketcap_data_api_listings_historical
2026-02-27,35582,STRIKE,STRIKE,6.822e-05,0.0,106315.01,coinmarketcap_data_api_listings_historical
2026-02-27,30571,EPIK,TEH EPIK DUCK,0.00067779,0.0,106243.15,coinmarketcap_data_api_listings_historical
2026-02-27,32079,PEOPLE,MAGA,47.06645073,0.0,105649.26,coinmarketcap_data_api_listings_historical
2026-02-27,39426,分红狗头,分红狗头,0.00061714,0.0,105648.3,coinmarketcap_data_api_listings_historical
2026-02-27,39370,CJL,Cjournal,0.01462899,0.0,105119.19,coinmarketcap_data_api_listings_historical
2026-02-27,2654,BUBO,Budbo Token,0.02180982,0.0,103949.04,coinmarketcap_data_api_listings_historical
2026-02-27,29613,UBU,UBU,0.00525102,0.0,103651.53,coinmarketcap_data_api_listings_historical
2026-02-27,39604,XINGXING,星星,6.719e-05,0.0,103612.63,coinmarketcap_data_api_listings_historical
2026-02-27,35955,AP3X,Apex Fusion,0.01979889,0.0,102981.07,coinmarketcap_data_api_listings_historical
2026-02-27,37563,LABUBU,LABUBU (labubu.farm),0.00273126,0.0,102849.27,coinmarketcap_data_api_listings_historical
2026-02-27,21288,SAFE,SAFE(AnWang),1.0851829,0.0,102758.88,coinmarketcap_data_api_listings_historical
2026-02-27,33414,PAI,ParallelAI,0.00618215,0.0,102558.33,coinmarketcap_data_api_listings_historical
2026-02-27,32273,ARCA,Legend of Arcadia,0.0048813,0.0,101212.93,coinmarketcap_data_api_listings_historical
2026-02-27,22989,IUSD,Indigo Protocol - iUSD,1.05013281,0.0,100963.69,coinmarketcap_data_api_listings_historical
2026-02-27,33724,TURBO,Turbo Trump,0.0004136,0.0,100963.37,coinmarketcap_data_api_listings_historical
2026-02-27,32374,BTCLE,Bitcoin Limited Edition,211.90395835,0.0,100704.8,coinmarketcap_data_api_listings_historical
2026-02-27,38179,RISE,Sunrise,0.00229278,0.0,100150.69,coinmarketcap_data_api_listings_historical
2026-02-27,9456,ASS,Australian Safe Shepherd,0.0,0.0,100005.49,coinmarketcap_data_api_listings_historical
2026-02-27,28485,NLS,Nolus,0.00427399,0.0,99895.62,coinmarketcap_data_api_listings_historical
2026-02-27,34711,LCAI,Lightchain AI,0.00181084,0.0,99721.39,coinmarketcap_data_api_listings_historical
2026-02-27,22700,UUSD,Utopia USD,0.9503595,0.0,99669.13,coinmarketcap_data_api_listings_historical
2026-02-27,39593,LNS,LIFE Coin,0.14569616,0.0,97600.34,coinmarketcap_data_api_listings_historical
2026-02-27,29309,TYBG,Base God,1.031e-05,0.0,97063.84,coinmarketcap_data_api_listings_historical
2026-02-27,34997,SIMMI,Simmi,5.33e-06,0.0,95771.11,coinmarketcap_data_api_listings_historical
2026-02-27,17505,DLB,DiemLibre,9.108e-05,0.0,95342.05,coinmarketcap_data_api_listings_historical
2026-02-27,39554,ALOKA,ALOKA,0.00045828,0.0,94427.4,coinmarketcap_data_api_listings_historical
2026-02-27,33931,TAP,Tap Protocol,0.09022864,0.0,94228.2,coinmarketcap_data_api_listings_historical
2026-02-27,9586,PRI,PRIVATEUM GLOBAL,7.23561552,0.0,94211.38,coinmarketcap_data_api_listings_historical
2026-02-27,33569,NACHO,Nacho the Kat,1.088e-05,0.0,94056.71,coinmarketcap_data_api_listings_historical
2026-02-27,34067,KOLZ,KOLZ,3.05e-06,0.0,93867.38,coinmarketcap_data_api_listings_historical
2026-02-27,15024,EURA,Angle Protocol,1.18069011,0.0,93847.99,coinmarketcap_data_api_listings_historical
2026-02-27,23442,GXE,XENO Governance,0.00034371,0.0,93496.65,coinmarketcap_data_api_listings_historical
2026-02-27,32712,BEBE,BEBE,2.49e-06,0.0,93213.57,coinmarketcap_data_api_listings_historical
2026-02-27,31378,RADX,Radx AI,1.29e-06,0.0,93085.98,coinmarketcap_data_api_listings_historical
2026-02-27,36916,SN84,Docs-Insights (Taτsu),0.68897702,0.0,92972.85,coinmarketcap_data_api_listings_historical
2026-02-27,35427,L1X,Layer One X,8.51201073,0.0,92851.17,coinmarketcap_data_api_listings_historical
2026-02-27,35715,SLT,Salute,1.373e-05,0.0,92217.16,coinmarketcap_data_api_listings_historical
2026-02-27,31183,GIKO,Giko Cat,0.0350086,0.0,92077.99,coinmarketcap_data_api_listings_historical
2026-02-27,35002,TCAPY,TonCapy,2.623e-05,0.0,91486.49,coinmarketcap_data_api_listings_historical
2026-02-27,38772,DOGEX,DOGEX,2.7e-07,0.0,90539.23,coinmarketcap_data_api_listings_historical
2026-02-27,30287,MBC,MonbaseCoin,0.07863793,0.0,90506.86,coinmarketcap_data_api_listings_historical
2026-02-27,37724,ASC,AllinX SMART CHAIN,0.16097017,0.0,90159.92,coinmarketcap_data_api_listings_historical
2026-02-27,22089,ADO,ADO Protocol,0.02673287,0.0,89673.95,coinmarketcap_data_api_listings_historical
2026-02-27,37640,FELIS,Felis,4.3e-07,0.0,89628.36,coinmarketcap_data_api_listings_historical
2026-02-27,38429,5PT,Five Pillars Token,0.00242764,0.0,89404.83,coinmarketcap_data_api_listings_historical
2026-02-27,35175,METANIA,MetaniaGames v2,0.0198401,0.0,88782.04,coinmarketcap_data_api_listings_historical
2026-02-27,39401,AIPF,AI Powered Finance,1.9808109,0.0,88056.11,coinmarketcap_data_api_listings_historical
2026-02-27,28117,OMT,Oracle Meta Technologies,0.02433896,0.0,87665.79,coinmarketcap_data_api_listings_historical
2026-02-27,35713,MIU,Miu,0.0,0.0,87520.28,coinmarketcap_data_api_listings_historical
2026-02-27,37294,BTCBULL,Bitcoin Bull,0.00019659,0.0,87487.7,coinmarketcap_data_api_listings_historical
2026-02-27,35242,Q,Quantum,0.00280999,0.0,86967.55,coinmarketcap_data_api_listings_historical
2026-02-27,29434,SORA,Sora,2.29e-05,0.0,86812.75,coinmarketcap_data_api_listings_historical
2026-02-27,35394,ONTACT,OnTact,0.04113968,0.0,86639.29,coinmarketcap_data_api_listings_historical
2026-02-27,38131,ALKIMI,Alkimi,0.00945616,0.0,86573.49,coinmarketcap_data_api_listings_historical
2026-02-27,30296,TPRO,TPRO Network,0.00076295,0.0,86552.71,coinmarketcap_data_api_listings_historical
2026-02-27,33749,CATANA,Catana,0.0001571,0.0,85762.54,coinmarketcap_data_api_listings_historical
2026-02-27,38311,MSVP,MSV Protocol,0.03763317,0.0,85647.73,coinmarketcap_data_api_listings_historical
2026-02-27,34151,PROJECT89,Project89,5.672e-05,0.0,84924.89,coinmarketcap_data_api_listings_historical
2026-02-27,39584,1FNXAI,Finanx AI (1FNXAI),3.52616153,0.0,84545.34,coinmarketcap_data_api_listings_historical
2026-02-27,34649,CONVO,Prefrontal Cortex Convo Agent by Virtuals,0.00087104,0.0,83845.88,coinmarketcap_data_api_listings_historical
2026-02-27,38348,IXFI,IXFI,0.00277998,0.0,83403.58,coinmarketcap_data_api_listings_historical
2026-02-27,35503,REGENT,Regent of the North Winds,4.72e-05,0.0,82439.01,coinmarketcap_data_api_listings_historical
2026-02-27,39043,OEX,OracleX,0.08014394,0.0,82342.2,coinmarketcap_data_api_listings_historical
2026-02-27,38349,DOGE-1,DOGE-1 Satellite,0.000551,0.0,81782.53,coinmarketcap_data_api_listings_historical
2026-02-27,21113,BUILD,BUILD,2.26e-05,0.0,80050.52,coinmarketcap_data_api_listings_historical
2026-02-27,32479,NUTS,Thetanuts Finance,0.00125148,0.0,79980.67,coinmarketcap_data_api_listings_historical
2026-02-27,12388,DUCX,DucatusX,0.00495037,0.0,79969.14,coinmarketcap_data_api_listings_historical
2026-02-27,33822,XGP,XGP,7.47e-06,0.0,79845.8,coinmarketcap_data_api_listings_historical
2026-02-27,34813,FURM,Furmula,8.1e-05,0.0,79578.06,coinmarketcap_data_api_listings_historical
2026-02-27,3873,BOTX,botXcoin,0.62837322,0.0,79427.89,coinmarketcap_data_api_listings_historical
2026-02-27,30157,BOBAOPPA,Bobaoppa,4.88e-05,0.0,79150.37,coinmarketcap_data_api_listings_historical
2026-02-27,20826,NLC,Nelore Coin,0.00045688,0.0,79065.74,coinmarketcap_data_api_listings_historical
2026-02-27,14281,SWING,Swing.xyz,0.00010157,0.0,78490.78,coinmarketcap_data_api_listings_historical
2026-02-27,35251,AION,AION 5100,0.01819914,0.0,78348.92,coinmarketcap_data_api_listings_historical
2026-02-27,32849,LVLY,Lyvely,0.00781564,0.0,78260.79,coinmarketcap_data_api_listings_historical
2026-02-27,24938,CROWN,Crown Token,1.26220945,0.0,77878.13,coinmarketcap_data_api_listings_historical
2026-02-27,26908,IRC,IRIS Chain,0.00211478,0.0,77464.74,coinmarketcap_data_api_listings_historical
2026-02-27,12186,SGB,Songbird,0.00152743,0.0,76892.84,coinmarketcap_data_api_listings_historical
2026-02-27,12078,DOG,DogeSwap,0.00086398,0.0,76538.44,coinmarketcap_data_api_listings_historical
2026-02-27,34988,SPORE,Spore.fun,0.000116,0.0,76070.0,coinmarketcap_data_api_listings_historical
2026-02-27,33893,SHEGEN,Fi - Ai With Daddy Issues,6.83e-05,0.0,75592.89,coinmarketcap_data_api_listings_historical
2026-02-27,35148,POLY,Polytrader by Virtuals,0.00010579,0.0,75012.46,coinmarketcap_data_api_listings_historical
2026-02-27,36748,EUROP,EURØP,1.17980229,0.0,74817.05,coinmarketcap_data_api_listings_historical
2026-02-27,34953,TRISIG,TRI SIGMA,3.2e-05,0.0,74561.33,coinmarketcap_data_api_listings_historical
2026-02-27,38689,XRB,OroBit,1.39090516,0.0,74311.09,coinmarketcap_data_api_listings_historical
2026-02-27,38872,BCE,bitcastle Token,0.12802995,0.0,73626.15,coinmarketcap_data_api_listings_historical
2026-02-27,29995,LMEOW,lmeow,0.00127973,0.0,73572.44,coinmarketcap_data_api_listings_historical
2026-02-27,34317,SAINT,Satoshi AI agent by Virtuals,0.0001117,0.0,73513.99,coinmarketcap_data_api_listings_historical
2026-02-27,38209,BZIL,BullZilla,3.3e-06,0.0,73332.71,coinmarketcap_data_api_listings_historical
2026-02-27,12044,VERA,Vera,6.4e-05,0.0,72933.7,coinmarketcap_data_api_listings_historical
2026-02-27,39165,PUSD,Palm USD,0.99989177,0.0,72453.95,coinmarketcap_data_api_listings_historical
2026-02-27,39320,PCOCK,Peacock,0.01604547,0.0,72283.64,coinmarketcap_data_api_listings_historical
2026-02-27,26543,OX,Open Exchange Token,1.98e-05,0.0,72077.37,coinmarketcap_data_api_listings_historical
2026-02-27,18984,PHL,Philcoin,0.02566131,0.0,72056.88,coinmarketcap_data_api_listings_historical
2026-02-27,31291,CATX,CATX,1.8e-07,0.0,71816.42,coinmarketcap_data_api_listings_historical
2026-02-27,39392,JACKSON,Jackson,0.02540579,0.0,71223.52,coinmarketcap_data_api_listings_historical
2026-02-27,36598,PACK,Wolfies,0.00019305,0.0,71182.87,coinmarketcap_data_api_listings_historical
2026-02-27,39636,GORK,gork (gork.world),0.0,0.0,71052.96,coinmarketcap_data_api_listings_historical
2026-02-27,38132,DRESS,DRESSdio,0.00728925,0.0,69944.23,coinmarketcap_data_api_listings_historical
2026-02-27,23619,VTCN,Versatize Coin,0.00773732,0.0,69803.03,coinmarketcap_data_api_listings_historical
2026-02-27,36285,IMT,Immortal Token,0.00234511,0.0,69735.27,coinmarketcap_data_api_listings_historical
2026-02-27,36552,LUSD,LUSD,1.00001977,0.0,69699.46,coinmarketcap_data_api_listings_historical
2026-02-27,9936,ELEPHANT,Elephant Money,4e-08,0.0,69310.09,coinmarketcap_data_api_listings_historical
2026-02-27,33976,HAGGIS,New Born Haggis Pygmy Hippo,1.619e-05,0.0,69165.18,coinmarketcap_data_api_listings_historical
2026-02-27,39186,COINBANK,CoinBank,0.21688785,0.0,68745.52,coinmarketcap_data_api_listings_historical
2026-02-27,9025,TRIBE,Tribe,0.4036912,0.0,68024.63,coinmarketcap_data_api_listings_historical
2026-02-27,31737,UDAO,UDAO,0.07920989,0.0,67956.7,coinmarketcap_data_api_listings_historical
2026-02-27,27486,SOPH,SophiaVerse,0.00094445,0.0,67647.81,coinmarketcap_data_api_listings_historical
2026-02-27,31109,MATAR,MATAR AI,0.03959896,0.0,67124.37,coinmarketcap_data_api_listings_historical
2026-02-27,34698,SOLARIS,Solaris AI,8e-06,0.0,66942.24,coinmarketcap_data_api_listings_historical
2026-02-27,27109,PIN,Pin Token,0.08819927,0.0,66781.01,coinmarketcap_data_api_listings_historical
2026-02-27,38199,BAG,Bag on Bonk,0.00104445,0.0,66363.56,coinmarketcap_data_api_listings_historical
2026-02-27,35722,SIXP,Sixpack Miner,0.03102815,0.0,66017.71,coinmarketcap_data_api_listings_historical
2026-02-27,22949,GRAIL,Camelot Token,82.18196061,0.0,65893.43,coinmarketcap_data_api_listings_historical
2026-02-27,10145,DEFX,DeFinity,0.01111097,0.0,65667.58,coinmarketcap_data_api_listings_historical
2026-02-27,37487,ELP,Elympics,0.0021231,0.0,65585.04,coinmarketcap_data_api_listings_historical
2026-02-27,36874,SN5,OpenKaito,2.61428508,0.0,65464.14,coinmarketcap_data_api_listings_historical
2026-02-27,25653,DMT,Sanko GameCorp,2.4331529,0.0,65459.63,coinmarketcap_data_api_listings_historical
2026-02-27,38363,ORGO,Orgo,0.00381776,0.0,65382.74,coinmarketcap_data_api_listings_historical
2026-02-27,18356,VOLT,Voltage Finance,3.859e-05,0.0,65197.79,coinmarketcap_data_api_listings_historical
2026-02-27,35886,SSE,Solana Social Explorer,7.004e-05,0.0,65045.45,coinmarketcap_data_api_listings_historical
2026-02-27,3741,ECTE,EurocoinToken,0.05316821,0.0,64582.37,coinmarketcap_data_api_listings_historical
2026-02-27,29095,SAVM,SatoshiVM,0.02245931,0.0,63949.44,coinmarketcap_data_api_listings_historical
2026-02-27,33290,BLUB,BLUB,0.0,0.0,63906.57,coinmarketcap_data_api_listings_historical
2026-02-27,11109,ELCASH,Electric Cash,0.04744875,0.0,63725.5,coinmarketcap_data_api_listings_historical
2026-02-27,33709,SCARCITY,SCARCITY,0.00708081,0.0,62872.34,coinmarketcap_data_api_listings_historical
2026-02-27,5175,BTCV,Bitcoin Vault,0.43008167,0.0,62376.43,coinmarketcap_data_api_listings_historical
2026-02-27,35215,DUCKAI,Duck AI,1.37e-05,0.0,62129.11,coinmarketcap_data_api_listings_historical
2026-02-27,36351,TRACTOR,Tractor,31.44782483,0.0,61984.58,coinmarketcap_data_api_listings_historical
2026-02-27,37307,TAIX,TAIX,7.646e-05,0.0,61905.86,coinmarketcap_data_api_listings_historical
2026-02-27,39410,USOR,U.S Oil,0.00207638,0.0,61460.8,coinmarketcap_data_api_listings_historical
2026-02-27,38332,USDHL,Hyper USD,0.99796536,0.0,61367.93,coinmarketcap_data_api_listings_historical
2026-02-27,2349,XIN,Mixin,52.0208066,0.0,60916.9,coinmarketcap_data_api_listings_historical
2026-02-27,36657,ECOR,Ecorpay Token,0.02542432,0.0,60879.69,coinmarketcap_data_api_listings_historical
2026-02-27,35613,D223,DEX223,0.0001021,0.0,60754.69,coinmarketcap_data_api_listings_historical
2026-02-27,31625,UAHG,UAHg,0.02290932,0.0,60518.57,coinmarketcap_data_api_listings_historical
2026-02-27,35696,GOKU,Goku Super Saiyan,0.00046053,0.0,60290.41,coinmarketcap_data_api_listings_historical
2026-02-27,33550,BTMT,BITmarkets,0.04604209,0.0,59745.09,coinmarketcap_data_api_listings_historical
2026-02-27,17447,NOVA,Nova finance,0.00329991,0.0,59645.54,coinmarketcap_data_api_listings_historical
2026-02-27,38323,AVG,Agilavetri Groups,0.60091309,0.0,59284.09,coinmarketcap_data_api_listings_historical
2026-02-27,34023,LUM,Luminous,0.27791011,0.0,59262.11,coinmarketcap_data_api_listings_historical
2026-02-27,8831,AUR,Aurix,0.26738473,0.0,59046.86,coinmarketcap_data_api_listings_historical
2026-02-27,31366,PINU100X,Pi INU 100x,8.53e-06,0.0,59021.73,coinmarketcap_data_api_listings_historical
2026-02-27,3126,XPX,Sirius Chain,0.00010041,0.0,58806.67,coinmarketcap_data_api_listings_historical
2026-02-27,19903,UNDEAD,Undead Blocks,0.00196563,0.0,58721.22,coinmarketcap_data_api_listings_historical
2026-02-27,33537,RALLY,Rally,0.00349849,0.0,58621.82,coinmarketcap_data_api_listings_historical
2026-02-27,33996,STICK,Stick,4.3e-06,0.0,58583.69,coinmarketcap_data_api_listings_historical
2026-02-27,34310,KANGO,KANGO,1.4e-06,0.0,58474.04,coinmarketcap_data_api_listings_historical
2026-02-27,38741,COM,CoreonMCP,0.00556619,0.0,57986.99,coinmarketcap_data_api_listings_historical
2026-02-27,377,NAV,Navio,0.03482718,0.0,57897.31,coinmarketcap_data_api_listings_historical
2026-02-27,31763,LTT,Luxury Travel Token,0.00255387,0.0,57889.33,coinmarketcap_data_api_listings_historical
2026-02-27,24755,WSB,Wall Street Baby,0.0,0.0,57772.47,coinmarketcap_data_api_listings_historical
2026-02-27,29681,NOCHILL,AVAX HAS NO CHILL,0.00036326,0.0,57743.12,coinmarketcap_data_api_listings_historical
2026-02-27,38822,ZENIX,Zenix,7.09e-06,0.0,57652.88,coinmarketcap_data_api_listings_historical
2026-02-27,4915,UCX,UCX,0.00736475,0.0,57519.43,coinmarketcap_data_api_listings_historical
2026-02-27,34141,BARA,Capybara Nation,2e-07,0.0,57493.92,coinmarketcap_data_api_listings_historical
2026-02-27,22099,TTC,Tongtongcoin,0.02791966,0.0,57404.72,coinmarketcap_data_api_listings_historical
2026-02-27,24100,IC,Icy,8.03e-06,0.0,57382.67,coinmarketcap_data_api_listings_historical
2026-02-27,11190,KCAKE,KittyCake,1.62e-06,0.0,57325.96,coinmarketcap_data_api_listings_historical
2026-02-27,35872,LLD,Liberland Dollar,0.54896383,0.0,57321.35,coinmarketcap_data_api_listings_historical
2026-02-27,34357,BLU,Based Blu Alien,1.23e-05,0.0,57274.68,coinmarketcap_data_api_listings_historical
2026-02-27,31683,AIR,AIRian,0.01690124,0.0,57254.84,coinmarketcap_data_api_listings_historical
2026-02-27,21007,BMAX,BMAX,0.0190595,0.0,57137.78,coinmarketcap_data_api_listings_historical
2026-02-27,21926,LEOX,LEOX,0.00932025,0.0,57128.05,coinmarketcap_data_api_listings_historical
2026-02-27,38880,AxCNH,AxCNH,0.14589481,0.0,57124.41,coinmarketcap_data_api_listings_historical
2026-02-27,35360,TRUMPJR,OFFICIAL TRUMP JR,6.72e-06,0.0,57074.98,coinmarketcap_data_api_listings_historical
2026-02-27,17926,EBYT,EarthByt,0.0,0.0,57001.49,coinmarketcap_data_api_listings_historical
2026-02-27,11371,VICS,RoboFi,0.02478713,0.0,56912.07,coinmarketcap_data_api_listings_historical
2026-02-27,10502,SMARS,SafeMars,0.0,0.0,56898.09,coinmarketcap_data_api_listings_historical
2026-02-27,7336,INDEX,Index Cooperative,0.30814326,0.0,56744.71,coinmarketcap_data_api_listings_historical
2026-02-27,27378,BOB,Hello Puppy,9.9e-07,0.0,56368.8,coinmarketcap_data_api_listings_historical
2026-02-27,34943,BABYFWOG,Baby Fwog,0.0001148,0.0,56364.73,coinmarketcap_data_api_listings_historical
2026-02-27,28746,WOLF,LANDWOLF (AVAX),3.4e-07,0.0,56176.5,coinmarketcap_data_api_listings_historical
2026-02-27,4256,KLAY,Klaytn,0.05545746,0.0,55946.59,coinmarketcap_data_api_listings_historical
2026-02-27,23185,HBARX,HBARX,0.13900023,0.0,55837.94,coinmarketcap_data_api_listings_historical
2026-02-27,35353,ICECREAM,IceCream AI,0.00338097,0.0,55815.09,coinmarketcap_data_api_listings_historical
2026-02-27,34222,TROPPY,TROPPY,3e-08,0.0,55782.77,coinmarketcap_data_api_listings_historical
2026-02-27,29134,WYNN,Anita Max Wynn,8.755e-05,0.0,55772.47,coinmarketcap_data_api_listings_historical
2026-02-27,30230,ORBIO,Orbio,1.52e-06,0.0,55703.99,coinmarketcap_data_api_listings_historical
2026-02-27,32122,MAXETH,Max on ETH,1.8e-07,0.0,55629.81,coinmarketcap_data_api_listings_historical
2026-02-27,5015,HEX,HEX,0.00065052,0.0,55606.6,coinmarketcap_data_api_listings_historical
2026-02-27,39091,FRANKLIN,Franklin,0.0,0.0,55559.9,coinmarketcap_data_api_listings_historical
2026-02-27,34496,NIKEPIG,NikePig,0.00045799,0.0,55211.89,coinmarketcap_data_api_listings_historical
2026-02-27,30534,BETS,All Street Bets,5.7e-06,0.0,55049.79,coinmarketcap_data_api_listings_historical
2026-02-27,33716,KASPER,Kasper the Ghost of Kaspa,1.059e-05,0.0,54849.66,coinmarketcap_data_api_listings_historical
2026-02-27,35439,MXNA,Dark Machine,0.00415797,0.0,54768.63,coinmarketcap_data_api_listings_historical
2026-02-27,28540,MKT,MikeToken,0.0,0.0,54732.03,coinmarketcap_data_api_listings_historical
2026-02-27,8829,PIG,Pig Finance,1e-08,0.0,54575.81,coinmarketcap_data_api_listings_historical
2026-02-27,12942,THOR,THORSwap,0.05494358,0.0,54439.06,coinmarketcap_data_api_listings_historical
2026-02-27,17995,JUSTICE,AssangeDAO,1.632e-05,0.0,54309.89,coinmarketcap_data_api_listings_historical
2026-02-27,36917,SN10,Sturdy,1.14397713,0.0,54115.73,coinmarketcap_data_api_listings_historical
2026-02-27,34763,BBSNEK,BabySNEK,6.95e-06,0.0,54063.54,coinmarketcap_data_api_listings_historical
2026-02-27,25685,CLNX,Coloniume Network,0.04900131,0.0,54035.07,coinmarketcap_data_api_listings_historical
2026-02-27,31019,POPDOG,PopDog,0.00017898,0.0,53939.95,coinmarketcap_data_api_listings_historical
2026-02-27,7296,TRU,Truebit,0.00845093,0.0,53849.35,coinmarketcap_data_api_listings_historical
2026-02-27,27592,BTC2.0,Bitcoin 2.0,0.01558976,0.0,53576.74,coinmarketcap_data_api_listings_historical
2026-02-27,31194,MONK,monkeyhaircut,0.00010045,0.0,53498.11,coinmarketcap_data_api_listings_historical
2026-02-27,32270,FIGHT,FIGHT TO MAGA,0.00015436,0.0,53468.35,coinmarketcap_data_api_listings_historical
2026-02-27,36945,NEX,Nexora,0.09270756,0.0,53448.7,coinmarketcap_data_api_listings_historical
2026-02-27,35260,REM,Real Estate Metaverse,0.00146499,0.0,53399.7,coinmarketcap_data_api_listings_historical
2026-02-27,24193,SPACE,MicroVisionChain,0.05061113,0.0,53356.58,coinmarketcap_data_api_listings_historical
2026-02-27,32463,NEIRO,Neiro Solana (neirobropump.com),0.00017229,0.0,53262.29,coinmarketcap_data_api_listings_historical
2026-02-27,33086,TORA,TORA NEKO,0.000116,0.0,53237.02,coinmarketcap_data_api_listings_historical
2026-02-27,9763,COP,Copiosa Coin,0.0002577,0.0,53042.13,coinmarketcap_data_api_listings_historical
2026-02-27,24581,MUMU,Mumu,0.0,0.0,52875.65,coinmarketcap_data_api_listings_historical
2026-02-27,38986,TRAIN,TrainCoin,0.1418002,0.0,52701.2,coinmarketcap_data_api_listings_historical
2026-02-27,31909,aUSDT,aUSDT,0.99965981,0.0,52686.8,coinmarketcap_data_api_listings_historical
2026-02-27,25724,JCO,JennyCo,0.00234394,0.0,52678.78,coinmarketcap_data_api_listings_historical
2026-02-27,32817,ROCK,ROCK,4.49e-05,0.0,52607.43,coinmarketcap_data_api_listings_historical
2026-02-27,38223,BOMET,BOMET,3.979e-05,0.0,52526.71,coinmarketcap_data_api_listings_historical
2026-02-27,38642,NUMMUS,Nummus Aeternitas,0.00744833,0.0,52449.31,coinmarketcap_data_api_listings_historical
2026-02-27,24765,TRN,t3rn,0.00443427,0.0,52426.28,coinmarketcap_data_api_listings_historical
2026-02-27,37648,KONAN,KONAN of Kaspa,4.4e-07,0.0,52254.98,coinmarketcap_data_api_listings_historical
2026-02-27,38334,ROBOT,RoboStack,0.00026365,0.0,52237.8,coinmarketcap_data_api_listings_historical
2026-02-27,29019,TITANX,TitanX,7e-08,0.0,51209.66,coinmarketcap_data_api_listings_historical
2026-02-27,35787,BROCCOLI,Broccoli(broccolicoin.me),0.00017945,0.0,51114.78,coinmarketcap_data_api_listings_historical
2026-02-27,26221,NOMOX,Nomoex,0.00548595,0.0,50941.59,coinmarketcap_data_api_listings_historical
2026-02-27,34484,VAL,Store of Value,0.00093106,0.0,50647.65,coinmarketcap_data_api_listings_historical
2026-02-27,34043,SENDOR,Sendor,2.3e-05,0.0,50592.43,coinmarketcap_data_api_listings_historical
2026-02-27,36650,MIND,Mind of Pepe,2.33e-05,0.0,50578.81,coinmarketcap_data_api_listings_historical
2026-02-27,36676,ANTS,ANTSCOIN,5.33e-05,0.0,50545.4,coinmarketcap_data_api_listings_historical
2026-02-27,38164,OXL,OXYLON,1.17463465,0.0,50458.75,coinmarketcap_data_api_listings_historical
2026-02-27,30028,SOPHON,Sophon (Atomicals),0.00065018,0.0,50384.14,coinmarketcap_data_api_listings_historical
2026-02-27,23772,DOPE,DOPE Coin,1.01e-05,0.0,50381.01,coinmarketcap_data_api_listings_historical
2026-02-27,37564,TUTC,TUTUT COIN,0.00027711,0.0,50276.51,coinmarketcap_data_api_listings_historical
2026-02-27,24862,AJNA,Ajna Protocol,0.00043699,0.0,50128.03,coinmarketcap_data_api_listings_historical
2026-02-27,5698,GM,GM Holding,5.21e-06,0.0,50064.66,coinmarketcap_data_api_listings_historical
2026-02-27,28835,ADASOL,ADA,0.000115,0.0,49990.98,coinmarketcap_data_api_listings_historical
2026-02-27,31739,PGPT,PrivateAI,0.00198398,0.0,49919.61,coinmarketcap_data_api_listings_historical
2026-02-27,31537,WALTER,walter,0.0001453,0.0,49842.44,coinmarketcap_data_api_listings_historical
2026-02-27,31792,TRUMP,Donald Trump,2e-05,0.0,49706.49,coinmarketcap_data_api_listings_historical
2026-02-27,31229,BET,Betfin,0.00031764,0.0,49614.08,coinmarketcap_data_api_listings_historical
2026-02-27,33847,ROSS,Ross Ulbricht,2.5e-05,0.0,49494.37,coinmarketcap_data_api_listings_historical
2026-02-27,13936,Ari10,Ari10,0.0004701,0.0,49343.86,coinmarketcap_data_api_listings_historical
2026-02-27,12156,ASIA,Asia Coin,0.03862868,0.0,49264.32,coinmarketcap_data_api_listings_historical
2026-02-27,20427,QTO,QToken,0.11088784,0.0,49115.76,coinmarketcap_data_api_listings_historical
2026-02-27,22767,TRI,Trillant,0.02501684,0.0,49083.91,coinmarketcap_data_api_listings_historical
2026-02-27,22772,QUILL,Ink Finance,0.00254689,0.0,48980.63,coinmarketcap_data_api_listings_historical
2026-02-27,34114,CUUT,CUTTLEFISHY,6.3e-06,0.0,48639.31,coinmarketcap_data_api_listings_historical
2026-02-27,36294,PUGG,Pugg,1.251e-05,0.0,48226.48,coinmarketcap_data_api_listings_historical
2026-02-27,33479,HACHI,Hachiko,2.84e-05,0.0,48150.83,coinmarketcap_data_api_listings_historical
2026-02-27,39434,XAUH,Herculis Gold Coin,169.31860639,0.0,48051.36,coinmarketcap_data_api_listings_historical
2026-02-27,38182,SILENTIS,Silentis,7.15e-06,0.0,48037.79,coinmarketcap_data_api_listings_historical
2026-02-27,10241,KBC,Kibho Coin,0.02079289,0.0,47966.11,coinmarketcap_data_api_listings_historical
2026-02-27,31420,STASH,STASH INU,7.2e-06,0.0,47905.84,coinmarketcap_data_api_listings_historical
2026-02-27,36093,WKEYDAO,WebKey DAO,0.29111279,0.0,47719.15,coinmarketcap_data_api_listings_historical
2026-02-27,35474,FLOCK,FLOCK,3.066e-05,0.0,47678.97,coinmarketcap_data_api_listings_historical
2026-02-27,12959,TOON,Pontoon,1.7e-05,0.0,47658.17,coinmarketcap_data_api_listings_historical
2026-02-27,33361,MCAKE,EasyCake,0.0106627,0.0,47653.13,coinmarketcap_data_api_listings_historical
2026-02-27,14112,AQUA,Aquarius,0.00034599,0.0,47648.53,coinmarketcap_data_api_listings_historical
2026-02-27,2976,RYO,Ryo Currency,0.00345091,0.0,47440.63,coinmarketcap_data_api_listings_historical
2026-02-27,32278,X,RUNES·X·BITCOIN,3.6e-07,0.0,47321.59,coinmarketcap_data_api_listings_historical
2026-02-27,39386,LFUSD,Luminex Defi Finance,1.03337265,0.0,47245.37,coinmarketcap_data_api_listings_historical
2026-02-27,34163,MGT,Moongate,0.00024759,0.0,47097.7,coinmarketcap_data_api_listings_historical
2026-02-27,28934,BXBT,BoxBet,0.00481162,0.0,46804.88,coinmarketcap_data_api_listings_historical
2026-02-27,30574,WMN,WebMind Network,8.969e-05,0.0,46691.3,coinmarketcap_data_api_listings_historical
2026-02-27,1297,CHESS,ChessCoin,0.00217713,0.0,46299.52,coinmarketcap_data_api_listings_historical
2026-02-27,37496,R1,Ratio1,0.46124657,0.0,46208.68,coinmarketcap_data_api_listings_historical
2026-02-27,35779,CONAN,Conan,0.0040644,0.0,46180.55,coinmarketcap_data_api_listings_historical
2026-02-27,36083,WLF,WLF PROJECT,0.00025798,0.0,46036.92,coinmarketcap_data_api_listings_historical
2026-02-27,31886,LB,LoveBit,2.5e-07,0.0,45194.12,coinmarketcap_data_api_listings_historical
2026-02-27,28287,GEKKO,Gekko HQ,7.2e-07,0.0,44749.26,coinmarketcap_data_api_listings_historical
2026-02-27,24125,MLXC,Marvellex Classic,8.6e-07,0.0,44723.01,coinmarketcap_data_api_listings_historical
2026-02-27,12040,DOGECOIN,Buff Doge Coin,0.0,0.0,44484.82,coinmarketcap_data_api_listings_historical
2026-02-27,19823,FAKT,Medifakt,0.00034596,0.0,44302.06,coinmarketcap_data_api_listings_historical
2026-02-27,39060,TT,TT Chain,233.38299815,0.0,44273.41,coinmarketcap_data_api_listings_historical
2026-02-27,31575,GAT,Gather,0.66183155,0.0,44273.06,coinmarketcap_data_api_listings_historical
2026-02-27,34893,GLUTEU,Gluteus Maximus by Virtuals,0.00016608,0.0,44190.9,coinmarketcap_data_api_listings_historical
2026-02-27,33541,NEIROINU,Neiro Inu,0.0,0.0,44084.24,coinmarketcap_data_api_listings_historical
2026-02-27,35759,BAC,CDARI,0.00328063,0.0,43994.03,coinmarketcap_data_api_listings_historical
2026-02-27,36914,SN34,BitMind,2.50940955,0.0,43977.43,coinmarketcap_data_api_listings_historical
2026-02-27,38794,AURA,Aurra by Virtuals,0.00038488,0.0,43331.15,coinmarketcap_data_api_listings_historical
2026-02-27,30470,HEWE,Health & Wealth,0.00045389,0.0,43238.17,coinmarketcap_data_api_listings_historical
2026-02-27,30722,WW3,WW3,0.00026569,0.0,42780.45,coinmarketcap_data_api_listings_historical
2026-02-27,10238,MIMATIC,MAI,1.0011548,0.0,41675.37,coinmarketcap_data_api_listings_historical
2026-02-27,36833,USD.T,Tedra USD 2.0,1.01684506,0.0,41568.4,coinmarketcap_data_api_listings_historical
2026-02-27,33037,GGB,GGEBI,0.01579158,0.0,41408.91,coinmarketcap_data_api_listings_historical
2026-02-27,27881,BNBDOG,BNB DOG INU,0.0,0.0,41378.72,coinmarketcap_data_api_listings_historical
2026-02-27,36298,NATION,LinkedNation,0.00078668,0.0,41265.04,coinmarketcap_data_api_listings_historical
2026-02-27,23513,FERMA,FERMA SOSEDI,0.02642187,0.0,40917.3,coinmarketcap_data_api_listings_historical
2026-02-27,38138,JBC,JimmyBossCollective,0.14575082,0.0,40857.5,coinmarketcap_data_api_listings_historical
2026-02-27,37295,HOOD,Robinhood,3.04e-05,0.0,40712.67,coinmarketcap_data_api_listings_historical
2026-02-27,12173,REVU,Revuto,0.0017909,0.0,40672.19,coinmarketcap_data_api_listings_historical
2026-02-27,33552,KASPY,Kaspy,1.62e-06,0.0,40670.2,coinmarketcap_data_api_listings_historical
2026-02-27,34769,KIP,KIP Protocol,7.835e-05,0.0,40547.2,coinmarketcap_data_api_listings_historical
2026-02-27,29635,EVO,Devomon,3.402e-05,0.0,40522.05,coinmarketcap_data_api_listings_historical
2026-02-27,34239,SEP,Smart Energy Pay,0.0171786,0.0,40508.63,coinmarketcap_data_api_listings_historical
2026-02-27,39331,BTL,Bitelions,0.51136455,0.0,40323.77,coinmarketcap_data_api_listings_historical
2026-02-27,19266,VT,Virtual Tourist,0.00162696,0.0,39945.61,coinmarketcap_data_api_listings_historical
2026-02-27,37980,RECON,RECON,0.00246261,0.0,39333.88,coinmarketcap_data_api_listings_historical
2026-02-27,30947,BOBE,BOOK OF BILLIONAIRES,0.00093253,0.0,39271.65,coinmarketcap_data_api_listings_historical
2026-02-27,36554,TURBO,TURBO BOME,0.00012642,0.0,39030.05,coinmarketcap_data_api_listings_historical
2026-02-27,38203,WOLF,WOLF,0.00784482,0.0,38958.3,coinmarketcap_data_api_listings_historical
2026-02-27,28649,DAWG,Dawg Coin,3.801e-05,0.0,38941.71,coinmarketcap_data_api_listings_historical
2026-02-27,36354,GOLDGR,Goldgr,169.30626204,0.0,38736.66,coinmarketcap_data_api_listings_historical
2026-02-27,31906,LILPUMP,lilpump,3.642e-05,0.0,38658.4,coinmarketcap_data_api_listings_historical
2026-02-27,38807,KRWQ,KRWQ,0.00068511,0.0,38466.27,coinmarketcap_data_api_listings_historical
2026-02-27,35067,BC,BCGame Coin,0.00720928,0.0,38367.14,coinmarketcap_data_api_listings_historical
2026-02-27,31973,RWT,RWT TOKEN,1.22e-06,0.0,37958.64,coinmarketcap_data_api_listings_historical
2026-02-27,38124,UGO,UGO Token,0.19185627,0.0,37834.36,coinmarketcap_data_api_listings_historical
2026-02-27,38878,ATONE,AtomOne,0.32932833,0.0,37777.83,coinmarketcap_data_api_listings_historical
2026-02-27,36781,SAL,SALVIUM,0.02914295,0.0,37703.12,coinmarketcap_data_api_listings_historical
2026-02-27,37544,NERO,NERO Chain,0.00401483,0.0,37369.31,coinmarketcap_data_api_listings_historical
2026-02-27,27508,LFT,Lifeform Token,0.0061998,0.0,37219.87,coinmarketcap_data_api_listings_historical
2026-02-27,39174,BEAR,Bearly Legal,0.00240101,0.0,36871.09,coinmarketcap_data_api_listings_historical
2026-02-27,38813,IZKY,IZAKA-YA,0.00019556,0.0,36815.1,coinmarketcap_data_api_listings_historical
2026-02-27,33685,PDJT,President Donald J. Trump,0.09884812,0.0,36711.99,coinmarketcap_data_api_listings_historical
2026-02-27,16201,DBD,Day By Day,0.0019249,0.0,36598.15,coinmarketcap_data_api_listings_historical
2026-02-27,36967,BTH,HarvestAI,0.0,0.0,36534.64,coinmarketcap_data_api_listings_historical
2026-02-27,12200,DSFR,Digital Swiss Franc,0.0124483,0.0,36401.44,coinmarketcap_data_api_listings_historical
2026-02-27,2424,AGIX,SingularityNET,0.26208068,0.0,36313.96,coinmarketcap_data_api_listings_historical
2026-02-27,9261,KEL,KelVPN,0.00073623,0.0,36026.63,coinmarketcap_data_api_listings_historical
2026-02-27,29092,FPS,Web3War,0.00357336,0.0,36003.46,coinmarketcap_data_api_listings_historical
2026-02-27,22368,KCAL,KCAL,0.00066383,0.0,35141.35,coinmarketcap_data_api_listings_historical
2026-02-27,4258,XTM,MinoTari (Tari L1),0.00118693,0.0,34877.16,coinmarketcap_data_api_listings_historical
2026-02-27,29611,MZK,MuziKoin,0.00265309,0.0,34727.15,coinmarketcap_data_api_listings_historical
2026-02-27,1518,MKR,Maker,1577.99683103,0.0,34617.51,coinmarketcap_data_api_listings_historical
2026-02-27,13606,GBD,Great Bounty Dealer,0.00022299,0.0,34384.65,coinmarketcap_data_api_listings_historical
2026-02-27,36514,MAI,MuxyAI,2.099e-05,0.0,34167.9,coinmarketcap_data_api_listings_historical
2026-02-27,34181,AICELL,AICell,0.00128926,0.0,33675.09,coinmarketcap_data_api_listings_historical
2026-02-27,36152,DIGI,Digicoin,1e-08,0.0,33567.46,coinmarketcap_data_api_listings_historical
2026-02-27,37250,SARA,Pulsara,0.00185695,0.0,33275.54,coinmarketcap_data_api_listings_historical
2026-02-27,14914,UBIT,UBIT,0.00019999,0.0,33180.73,coinmarketcap_data_api_listings_historical
2026-02-27,31656,MOR,Morpheus,0.72517598,0.0,32995.67,coinmarketcap_data_api_listings_historical
2026-02-27,2062,AION,Aion,0.000328,0.0,32926.73,coinmarketcap_data_api_listings_historical
2026-02-27,36608,ABX,AlphBanX,0.01509688,0.0,32901.0,coinmarketcap_data_api_listings_historical
2026-02-27,39217,RADR,Radr,3.222e-05,0.0,32672.17,coinmarketcap_data_api_listings_historical
2026-02-27,39389,IDNG,IDNGold,2.24525475,0.0,32457.59,coinmarketcap_data_api_listings_historical
2026-02-27,23006,DBR,DOLA Borrowing Right,0.04281587,0.0,32353.62,coinmarketcap_data_api_listings_historical
2026-02-27,19232,LFT,LifeTime,0.00619995,0.0,32220.01,coinmarketcap_data_api_listings_historical
2026-02-27,23657,KAKI,Doge KaKi,1e-08,0.0,32212.71,coinmarketcap_data_api_listings_historical
2026-02-27,39326,PEPENODE,PEPENODE,0.0001174,0.0,32048.94,coinmarketcap_data_api_listings_historical
2026-02-27,2329,HPY,Hyper Pay,0.0003013,0.0,31989.07,coinmarketcap_data_api_listings_historical
2026-02-27,38979,DRG,DragonSwap,0.01656442,0.0,31984.5,coinmarketcap_data_api_listings_historical
2026-02-27,5602,STH,SmartHoldem,0.00145483,0.0,31864.44,coinmarketcap_data_api_listings_historical
2026-02-27,28756,VPR,VaporFund,0.00030006,0.0,31786.68,coinmarketcap_data_api_listings_historical
2026-02-27,32529,PACK,HashPack,0.00663971,0.0,31755.01,coinmarketcap_data_api_listings_historical
2026-02-27,32022,SKOP,Skulls of Pepe Token,0.00289767,0.0,31521.8,coinmarketcap_data_api_listings_historical
2026-02-27,32214,MATT,MATT,3.93e-05,0.0,31143.53,coinmarketcap_data_api_listings_historical
2026-02-27,4388,EXCC,ExchangeCoin,0.10346915,0.0,31141.92,coinmarketcap_data_api_listings_historical
2026-02-27,34595,RZ,RZcoin,201.34063753,0.0,31102.67,coinmarketcap_data_api_listings_historical
2026-02-27,12582,POKERFI,PokerFi,0.00031578,0.0,31082.25,coinmarketcap_data_api_listings_historical
2026-02-27,18126,PBX,Probinex,0.00569871,0.0,30999.17,coinmarketcap_data_api_listings_historical
2026-02-27,27191,LUCKYSLP,LuckysLeprecoin,5.8e-07,0.0,30961.5,coinmarketcap_data_api_listings_historical
2026-02-27,38221,USDT.Z,Tether USD Bridged ZEB20,1.00007354,0.0,30812.99,coinmarketcap_data_api_listings_historical
2026-02-27,39396,ZEXX,ZEXX AI,0.40819664,0.0,30643.2,coinmarketcap_data_api_listings_historical
2026-02-27,31828,SVN,StakeVault.Network,0.0001548,0.0,30485.08,coinmarketcap_data_api_listings_historical
2026-02-27,30755,GIOVE,GIOVE,0.61886119,0.0,30201.5,coinmarketcap_data_api_listings_historical
2026-02-27,18005,KT,KingdomX,0.00081812,0.0,30106.61,coinmarketcap_data_api_listings_historical
2026-02-27,38921,ZUNO,OFFICIAL ZUNO,7.701e-05,0.0,29520.47,coinmarketcap_data_api_listings_historical
2026-02-27,36250,KULA,KULA,0.20998613,0.0,29475.07,coinmarketcap_data_api_listings_historical
2026-02-27,27370,FXD,Fathom Dollar,0.85018701,0.0,29450.23,coinmarketcap_data_api_listings_historical
2026-02-27,24230,ZNX,ZENEX,0.40467131,0.0,29230.21,coinmarketcap_data_api_listings_historical
2026-02-27,38709,AYNI,Ayni Gold,0.29433329,0.0,29167.46,coinmarketcap_data_api_listings_historical
2026-02-27,10262,KLEE,KleeKai,0.0,0.0,28880.07,coinmarketcap_data_api_listings_historical
2026-02-27,37472,MTT,METTI TOKEN,22.38981572,0.0,28264.7,coinmarketcap_data_api_listings_historical
2026-02-27,16385,CREAL,Celo Brazilian Real,0.19462559,0.0,28040.7,coinmarketcap_data_api_listings_historical
2026-02-27,29354,SPONGE,SPONGE,3.74e-06,0.0,27802.03,coinmarketcap_data_api_listings_historical
2026-02-27,39462,JETUSD,JETUSD,0.9995783,0.0,27800.18,coinmarketcap_data_api_listings_historical
2026-02-27,36161,AICE,Aicean,0.01153968,0.0,27664.66,coinmarketcap_data_api_listings_historical
2026-02-27,29526,NWS,Nodewaves,0.00043258,0.0,27626.7,coinmarketcap_data_api_listings_historical
2026-02-27,9281,IMO,IMO,0.57679932,0.0,27461.7,coinmarketcap_data_api_listings_historical
2026-02-27,34564,ASI,Sender,0.00094067,0.0,27448.86,coinmarketcap_data_api_listings_historical
2026-02-27,35209,JEWELRY,Jewelry Token,91.94016739,0.0,27039.38,coinmarketcap_data_api_listings_historical
2026-02-27,20138,PIGE,Pige,0.0,0.0,26985.92,coinmarketcap_data_api_listings_historical
2026-02-27,16794,AMETA,Alpha City,0.00029866,0.0,26923.93,coinmarketcap_data_api_listings_historical
2026-02-27,33304,WXM,WeatherXM,0.02281089,0.0,26875.17,coinmarketcap_data_api_listings_historical
2026-02-27,32066,ALF,ALF,1.9e-07,0.0,26752.88,coinmarketcap_data_api_listings_historical
2026-02-27,39608,$XTC,Xitcoin,5.888e-05,0.0,26641.97,coinmarketcap_data_api_listings_historical
2026-02-27,26277,GNC,GenieCoin,0.15501481,0.0,26225.99,coinmarketcap_data_api_listings_historical
2026-02-27,34071,TOBI,tobi,9.038e-05,0.0,26207.31,coinmarketcap_data_api_listings_historical
2026-02-27,36420,BOOPA,Boopa,1.86e-05,0.0,26092.06,coinmarketcap_data_api_listings_historical
2026-02-27,22396,LEVE,Leve Invest,0.00028084,0.0,26086.09,coinmarketcap_data_api_listings_historical
2026-02-27,34733,TURBO,Based Turbo,1.95e-06,0.0,25908.59,coinmarketcap_data_api_listings_historical
2026-02-27,22906,SDL,stake.link,0.18072208,0.0,25791.09,coinmarketcap_data_api_listings_historical
2026-02-27,4100,QBX,QBX,0.00114344,0.0,25707.89,coinmarketcap_data_api_listings_historical
2026-02-27,35586,SHY,Shytoshi Kusama,0.00215384,0.0,25604.87,coinmarketcap_data_api_listings_historical
2026-02-27,15940,LUNAM,AdLunam,0.00145699,0.0,25554.17,coinmarketcap_data_api_listings_historical
2026-02-27,29557,AXGT,AxonDAO Governance Token,0.02021028,0.0,25430.11,coinmarketcap_data_api_listings_historical
2026-02-27,18415,RBD,Rubidium,0.03403807,0.0,25236.76,coinmarketcap_data_api_listings_historical
2026-02-27,16388,GOHM,Governance OHM,4702.44082462,0.0,25227.15,coinmarketcap_data_api_listings_historical
2026-02-27,22656,GAU,Gamer Arena,0.00026799,0.0,25016.72,coinmarketcap_data_api_listings_historical
2026-02-27,36998,OMDB,OMDBlockchain,0.048297,0.0,24706.83,coinmarketcap_data_api_listings_historical
2026-02-27,21077,CHANGE,Changex,0.0014143,0.0,24671.95,coinmarketcap_data_api_listings_historical
2026-02-27,23029,VXT,Voxto Amplify,0.03040685,0.0,24657.48,coinmarketcap_data_api_listings_historical
2026-02-27,35902,IMG,Infinite Money Glitch,0.00079929,0.0,24557.0,coinmarketcap_data_api_listings_historical
2026-02-27,33045,CCO2,Carbon Capture,8.00337893,0.0,24508.36,coinmarketcap_data_api_listings_historical
2026-02-27,38947,EUSX,Solstice eUSX,1.0246406,0.0,24341.59,coinmarketcap_data_api_listings_historical
2026-02-27,38657,EPWX,ePowerX On Base,0.0,0.0,24232.86,coinmarketcap_data_api_listings_historical
2026-02-27,38558,OPAL,Opal,0.04682516,0.0,24151.98,coinmarketcap_data_api_listings_historical
2026-02-27,8691,DEXTF,Memento,0.04064109,0.0,24151.64,coinmarketcap_data_api_listings_historical
2026-02-27,36909,SN47,For Sale,0.72833104,0.0,24026.24,coinmarketcap_data_api_listings_historical
2026-02-27,31077,Y8U,Y8U,0.00053984,0.0,23662.87,coinmarketcap_data_api_listings_historical
2026-02-27,10695,MOONED,MoonEdge,0.00143876,0.0,23594.1,coinmarketcap_data_api_listings_historical
2026-02-27,12965,GGG,Good Games Guild,0.00191525,0.0,23575.35,coinmarketcap_data_api_listings_historical
2026-02-27,32573,META,Metaverse Convergence,3e-05,0.0,23379.93,coinmarketcap_data_api_listings_historical
2026-02-27,5800,TRCL,Treecle,0.00075549,0.0,23054.64,coinmarketcap_data_api_listings_historical
2026-02-27,39456,(LMX),Litmex,0.03484354,0.0,23044.21,coinmarketcap_data_api_listings_historical
2026-02-27,27771,X,CruxDecussata,0.03945247,0.0,23012.47,coinmarketcap_data_api_listings_historical
2026-02-27,35711,WIP,Wrapped Story,0.94620931,0.0,22817.17,coinmarketcap_data_api_listings_historical
2026-02-27,33989,MLP,Matrix Layer Protocol,0.00021188,0.0,22554.54,coinmarketcap_data_api_listings_historical
2026-02-27,34624,HFUN,Hypurr Fun,14.05780444,0.0,22322.22,coinmarketcap_data_api_listings_historical
2026-02-27,36327,8BALL,Billards Hub,0.02759927,0.0,22259.01,coinmarketcap_data_api_listings_historical
2026-02-27,33027,DIN,DIN,0.01247715,0.0,22139.98,coinmarketcap_data_api_listings_historical
2026-02-27,23273,SKETCH,Sketch Coin,0.00011401,0.0,21934.33,coinmarketcap_data_api_listings_historical
2026-02-27,29660,AAST,AASToken,0.00166586,0.0,21733.21,coinmarketcap_data_api_listings_historical
2026-02-27,31329,PEPI,PEPi,2.65438336,0.0,21581.68,coinmarketcap_data_api_listings_historical
2026-02-27,29286,EDUM,EDUM,0.14325195,0.0,21478.14,coinmarketcap_data_api_listings_historical
2026-02-27,12271,KING,CryptoBlades Kingdoms,4.304e-05,0.0,21365.76,coinmarketcap_data_api_listings_historical
2026-02-27,39052,MOT,Masters of Trivia,5.25637454,0.0,21307.5,coinmarketcap_data_api_listings_historical
2026-02-27,32944,TOM,TOMCoin,5.4e-05,0.0,21236.93,coinmarketcap_data_api_listings_historical
2026-02-27,30952,RFRM,Reform DAO,0.00294312,0.0,21183.88,coinmarketcap_data_api_listings_historical
2026-02-27,36134,$MVRK,Mavryk Network,0.02060591,0.0,21168.35,coinmarketcap_data_api_listings_historical
2026-02-27,35932,UTYA,Utya,0.00781901,0.0,21094.62,coinmarketcap_data_api_listings_historical
2026-02-27,14899,MEX,xExchange,3.9e-07,0.0,21046.31,coinmarketcap_data_api_listings_historical
2026-02-27,36551,PETUNIA,Petunia,2.003e-05,0.0,21015.45,coinmarketcap_data_api_listings_historical
2026-02-27,28791,1CAT,Bitcoin Cats,8.333e-05,0.0,20978.51,coinmarketcap_data_api_listings_historical
2026-02-27,9938,OOE,OpenOcean,0.00090274,0.0,20960.16,coinmarketcap_data_api_listings_historical
2026-02-27,38265,BNBTIGER,Bnb Tiger Inu,0.0,0.0,20934.46,coinmarketcap_data_api_listings_historical
2026-02-27,39139,BAP3X,Based Apex Token,0.01972664,0.0,20891.48,coinmarketcap_data_api_listings_historical
2026-02-27,39128,HLS,Helios Blockchain,0.00191305,0.0,20754.94,coinmarketcap_data_api_listings_historical
2026-02-27,34961,OMG,Oil Meta Games,26.58794444,0.0,20730.48,coinmarketcap_data_api_listings_historical
2026-02-27,14820,IRT,Infinity Rocket Token,0.00229616,0.0,20714.64,coinmarketcap_data_api_listings_historical
2026-02-27,30924,FLDT,FluidTokens,0.06448175,0.0,20647.81,coinmarketcap_data_api_listings_historical
2026-02-27,36877,SN14,TAOHash,1.67574465,0.0,20494.97,coinmarketcap_data_api_listings_historical
2026-02-27,21315,QLINDO,Qlindo,0.0003214,0.0,20464.01,coinmarketcap_data_api_listings_historical
2026-02-27,20182,MBP,Mobipad,0.00538996,0.0,20461.15,coinmarketcap_data_api_listings_historical
2026-02-27,10555,CNR,Canary,0.00022407,0.0,20451.79,coinmarketcap_data_api_listings_historical
2026-02-27,36272,OVER,Overtime,0.1336374,0.0,20298.85,coinmarketcap_data_api_listings_historical
2026-02-27,23621,VEE,Zeeverse,5.493e-05,0.0,20292.71,coinmarketcap_data_api_listings_historical
2026-02-27,24935,GUAC,Guacamole,1e-08,0.0,20192.37,coinmarketcap_data_api_listings_historical
2026-02-27,38197,FOMO,FOMO,0.00226927,0.0,20172.57,coinmarketcap_data_api_listings_historical
2026-02-27,38683,ANVL,Anvil,0.00059398,0.0,20157.74,coinmarketcap_data_api_listings_historical
2026-02-27,19960,HASH,Provenance Blockchain,0.01419132,0.0,20104.18,coinmarketcap_data_api_listings_historical
2026-02-27,16697,BLD,Agoric,0.00482301,0.0,20089.07,coinmarketcap_data_api_listings_historical
2026-02-27,32660,OC,Oxchange Finance,0.18287345,0.0,20039.58,coinmarketcap_data_api_listings_historical
2026-02-27,32774,USDZ,Anzen Finance (USDZ),0.99247951,0.0,19923.44,coinmarketcap_data_api_listings_historical
2026-02-27,36911,SN17,404—GEN,1.97381677,0.0,19734.83,coinmarketcap_data_api_listings_historical
2026-02-27,38803,PAXI,Paxi Network,0.01208624,0.0,19730.14,coinmarketcap_data_api_listings_historical
2026-02-27,39019,ROMA,Roma Protocol,0.14323207,0.0,19698.73,coinmarketcap_data_api_listings_historical
2026-02-27,32976,USDG,DGTEK TOKEN,3.08709244,0.0,19677.69,coinmarketcap_data_api_listings_historical
2026-02-27,17774,INTL,Intelly,0.10129733,0.0,19673.54,coinmarketcap_data_api_listings_historical
2026-02-27,28043,FOG,FOGNET,0.01423412,0.0,19669.53,coinmarketcap_data_api_listings_historical
2026-02-27,35743,FAFO,FAFO,0.00043228,0.0,19463.22,coinmarketcap_data_api_listings_historical
2026-02-27,38278,ARMY,Army,0.00072145,0.0,19427.52,coinmarketcap_data_api_listings_historical
2026-02-27,27311,STON,STON,0.35999887,0.0,19407.66,coinmarketcap_data_api_listings_historical
2026-02-27,32158,TRALA,TRALA,0.00025197,0.0,19101.95,coinmarketcap_data_api_listings_historical
2026-02-27,25061,MONIE,Infiblue World,0.01326989,0.0,19075.08,coinmarketcap_data_api_listings_historical
2026-02-27,35318,WIRE,717ai by Virtuals,0.00118329,0.0,18987.03,coinmarketcap_data_api_listings_historical
2026-02-27,39078,ELEVATE,Elevate,0.00926947,0.0,18869.15,coinmarketcap_data_api_listings_historical
2026-02-27,2873,MET,Metronome,0.51643364,0.0,18859.13,coinmarketcap_data_api_listings_historical
2026-02-27,37375,BBFT,Baby BFT,0.00028322,0.0,18651.4,coinmarketcap_data_api_listings_historical
2026-02-27,20261,XPM,XPMarket,0.00763994,0.0,18607.7,coinmarketcap_data_api_listings_historical
2026-02-27,39132,OASIS,OASIS,0.86497901,0.0,18497.7,coinmarketcap_data_api_listings_historical
2026-02-27,11181,SBR,Saber,0.00039005,0.0,18487.1,coinmarketcap_data_api_listings_historical
2026-02-27,23888,USDGLO,Glo Dollar,0.99999137,0.0,18332.84,coinmarketcap_data_api_listings_historical
2026-02-27,17313,QTC,Qitcoin,0.019348,0.0,18110.7,coinmarketcap_data_api_listings_historical
2026-02-27,35828,OPT,Optio,0.00094105,0.0,18045.66,coinmarketcap_data_api_listings_historical
2026-02-27,36065,FISHW,Fishwar,9.47e-06,0.0,17676.4,coinmarketcap_data_api_listings_historical
2026-02-27,31028,GMFI,Golden Magfi,0.00081098,0.0,17575.99,coinmarketcap_data_api_listings_historical
2026-02-27,17806,TDROP,ThetaDrop,0.00055759,0.0,17565.63,coinmarketcap_data_api_listings_historical
2026-02-27,12306,RTM,Raptoreum,9.795e-05,0.0,17397.49,coinmarketcap_data_api_listings_historical
2026-02-27,32337,PIZZA,Pizza (Ordinals),0.06051043,0.0,17363.55,coinmarketcap_data_api_listings_historical
2026-02-27,13901,B2M,Bit2Me,0.00904556,0.0,17339.16,coinmarketcap_data_api_listings_historical
2026-02-27,20941,ATOZ,Race Kingdom,0.03796579,0.0,17181.0,coinmarketcap_data_api_listings_historical
2026-02-27,34246,L1,Lamina1,0.00227104,0.0,17144.49,coinmarketcap_data_api_listings_historical
2026-02-27,32265,FEARNOT,FEAR NOT,3.7e-07,0.0,17128.98,coinmarketcap_data_api_listings_historical
2026-02-27,36446,BRICS,BRICS Chain,13.75156275,0.0,17025.81,coinmarketcap_data_api_listings_historical
2026-02-27,31405,LOVE,Love Monster,9.89e-06,0.0,17012.28,coinmarketcap_data_api_listings_historical
2026-02-27,38388,TRCR,Tracer,0.00165312,0.0,16926.99,coinmarketcap_data_api_listings_historical
2026-02-27,31576,NLK,NuLink,9.999e-05,0.0,16858.86,coinmarketcap_data_api_listings_historical
2026-02-27,36084,HYPERSKIDS,$HYPERSKIDS,0.00024371,0.0,16726.14,coinmarketcap_data_api_listings_historical
2026-02-27,20303,ORT,XREATORS,0.00037066,0.0,16697.2,coinmarketcap_data_api_listings_historical
2026-02-27,4568,JFIN,JFIN Coin,0.06529486,0.0,16574.47,coinmarketcap_data_api_listings_historical
2026-02-27,22959,ABEL,Abel finance,0.00444375,0.0,16510.9,coinmarketcap_data_api_listings_historical
2026-02-27,36862,SNPT,SNPIT TOKEN,0.00366477,0.0,16498.84,coinmarketcap_data_api_listings_historical
2026-02-27,31884,ZIK,Zik coin,0.00010375,0.0,16300.44,coinmarketcap_data_api_listings_historical
2026-02-27,25985,HBT,Hebeto,1.5e-07,0.0,16207.3,coinmarketcap_data_api_listings_historical
2026-02-27,37597,WXTM,Wrapped MinoTari,0.00119385,0.0,16061.16,coinmarketcap_data_api_listings_historical
2026-02-27,4780,UCBI,UCBI Banking,1.50254825,0.0,16013.26,coinmarketcap_data_api_listings_historical
2026-02-27,38567,CAPY,capybara,1.4e-07,0.0,15946.77,coinmarketcap_data_api_listings_historical
2026-02-27,36966,BJC,BJustCoin,4.94616968,0.0,15670.23,coinmarketcap_data_api_listings_historical
2026-02-27,36450,LAIR,Lair Finance,0.00216678,0.0,15533.11,coinmarketcap_data_api_listings_historical
2026-02-27,39388,OZNI,Ni28,0.31153819,0.0,15501.67,coinmarketcap_data_api_listings_historical
2026-02-27,30315,OMNI,Omni Network,0.8342595,0.0,15485.26,coinmarketcap_data_api_listings_historical
2026-02-27,38802,DPN,DPIN,4.13243359,0.0,15393.02,coinmarketcap_data_api_listings_historical
2026-02-27,37389,GAI,GraphAI,0.0111873,0.0,15371.36,coinmarketcap_data_api_listings_historical
2026-02-27,34549,A1X,AI Nexus,0.00038216,0.0,15222.51,coinmarketcap_data_api_listings_historical
2026-02-27,31513,VT,VTRADING,0.00156514,0.0,15219.06,coinmarketcap_data_api_listings_historical
2026-02-27,36536,MIRAI,Project MIRAI,0.00049148,0.0,15218.89,coinmarketcap_data_api_listings_historical
2026-02-27,122,POT,PotCoin,0.00077508,0.0,15109.34,coinmarketcap_data_api_listings_historical
2026-02-27,36808,AXR,Axelrod by Virtuals,0.00099661,0.0,14817.57,coinmarketcap_data_api_listings_historical
2026-02-27,38977,DANKDOGE,Dank Doge,0.0,0.0,14764.3,coinmarketcap_data_api_listings_historical
2026-02-27,10272,ALD,AladdinDAO,0.01683856,0.0,14763.69,coinmarketcap_data_api_listings_historical
2026-02-27,26719,PVC,PVC Meta,0.0045179,0.0,14753.91,coinmarketcap_data_api_listings_historical
2026-02-27,31314,KANG,Kangamoon,0.000118,0.0,14732.03,coinmarketcap_data_api_listings_historical
2026-02-27,37987,1PIECE,OnePiece,0.00021599,0.0,14592.73,coinmarketcap_data_api_listings_historical
2026-02-27,29020,APP,RWAX,0.00011495,0.0,14551.05,coinmarketcap_data_api_listings_historical
2026-02-27,35802,USC,Orby Network (USC),1.13819969,0.0,14541.66,coinmarketcap_data_api_listings_historical
2026-02-27,36014,DDM,Deutsche Mark,0.06948389,0.0,14321.45,coinmarketcap_data_api_listings_historical
2026-02-27,29094,DMCC,Decentralized Music Chain,0.00290767,0.0,14314.71,coinmarketcap_data_api_listings_historical
2026-02-27,30267,BTCF,BITCOIN FUTURE,0.15000196,0.0,14187.94,coinmarketcap_data_api_listings_historical
2026-02-27,16356,LIVE,SecondLive,0.00015341,0.0,14183.57,coinmarketcap_data_api_listings_historical
2026-02-27,38660,NPT,Neptune Cash,0.26086531,0.0,14146.82,coinmarketcap_data_api_listings_historical
2026-02-27,20326,AURA,Aura Network,0.00123387,0.0,13979.48,coinmarketcap_data_api_listings_historical
2026-02-27,38418,TUNA,DefiTuna,0.01627881,0.0,13873.41,coinmarketcap_data_api_listings_historical
2026-02-27,11794,FOREX,handleFOREX,0.00043973,0.0,13860.94,coinmarketcap_data_api_listings_historical
2026-02-27,32230,RFL,Reflect,0.01634366,0.0,13833.87,coinmarketcap_data_api_listings_historical
2026-02-27,35040,AVC,Alterverse,0.00021675,0.0,13805.13,coinmarketcap_data_api_listings_historical
2026-02-27,27951,W3S,Web3Shot,0.00063713,0.0,13789.16,coinmarketcap_data_api_listings_historical
2026-02-27,33553,INSURANCE,insurance,325.86012356,0.0,13779.48,coinmarketcap_data_api_listings_historical
2026-02-27,30329,TRUNK,Elephant Money (TRUNK),0.03510931,0.0,13706.74,coinmarketcap_data_api_listings_historical
2026-02-27,33139,OWN,Otherworld,0.02987691,0.0,13681.5,coinmarketcap_data_api_listings_historical
2026-02-27,29777,CHMPZ,Chimpzee,1.43e-05,0.0,13676.18,coinmarketcap_data_api_listings_historical
2026-02-27,38490,TENGE,TENGE TENGE,6.802e-05,0.0,13649.8,coinmarketcap_data_api_listings_historical
2026-02-27,34845,TMAI,Token Metrics AI,2.904e-05,0.0,13636.58,coinmarketcap_data_api_listings_historical
2026-02-27,17623,LOOT,Lootex,0.00075842,0.0,13625.84,coinmarketcap_data_api_listings_historical
2026-02-27,23311,BTAF,BTAF token,0.02575164,0.0,13401.93,coinmarketcap_data_api_listings_historical
2026-02-27,38875,LOOP,Loop Finance,0.00543316,0.0,13332.06,coinmarketcap_data_api_listings_historical
2026-02-27,22142,00,00 Token,0.00457738,0.0,13255.34,coinmarketcap_data_api_listings_historical
2026-02-27,27863,SCM,ScamFari token,3.01e-06,0.0,13190.77,coinmarketcap_data_api_listings_historical
2026-02-27,31978,EMT,EMAIL Token,0.0005703,0.0,13152.4,coinmarketcap_data_api_listings_historical
2026-02-27,29232,ASM,AsMatch,0.0270682,0.0,13130.31,coinmarketcap_data_api_listings_historical
2026-02-27,4257,BTRS,Bitball Treasure,0.01599769,0.0,13121.6,coinmarketcap_data_api_listings_historical
2026-02-27,21736,KNDX,Kondux,0.00143556,0.0,13114.32,coinmarketcap_data_api_listings_historical
2026-02-27,10593,FLURRY,Flurry Finance,8.942e-05,0.0,13109.79,coinmarketcap_data_api_listings_historical
2026-02-27,22423,PRIMAL,PRIMAL,2.71e-05,0.0,13090.69,coinmarketcap_data_api_listings_historical
2026-02-27,32394,NCOIN,NatronZ,0.0428078,0.0,13059.84,coinmarketcap_data_api_listings_historical
2026-02-27,19915,SNACK,Crypto Snack,0.0010842,0.0,13057.63,coinmarketcap_data_api_listings_historical
2026-02-27,38450,TSTON,Tonstakers,1.41066727,0.0,12907.06,coinmarketcap_data_api_listings_historical
2026-02-27,26599,MAJO,Majo,0.00320428,0.0,12839.89,coinmarketcap_data_api_listings_historical
2026-02-27,25512,RFD,RefundCoin,1.46e-06,0.0,12639.24,coinmarketcap_data_api_listings_historical
2026-02-27,37629,QTC,Qubitcoin (superquantum.io/qubitcoin),0.57120616,0.0,12600.77,coinmarketcap_data_api_listings_historical
2026-02-27,25161,DRAC,Drac (Ordinals),0.00423656,0.0,12574.94,coinmarketcap_data_api_listings_historical
2026-02-27,8711,PANDO,Pando,5.699e-05,0.0,12449.9,coinmarketcap_data_api_listings_historical
2026-02-27,36739,BURT,BURT,8.408e-05,0.0,12449.71,coinmarketcap_data_api_listings_historical
2026-02-27,38196,BABYWLFI,Baby World Liberty Financial,5.6e-07,0.0,12421.87,coinmarketcap_data_api_listings_historical
2026-02-27,35126,EFFECT,Effect AI [New],0.00408449,0.0,12377.38,coinmarketcap_data_api_listings_historical
2026-02-27,29551,EVR,Evernode,0.12130114,0.0,12341.87,coinmarketcap_data_api_listings_historical
2026-02-27,5450,WBX,Wibx,0.00085775,0.0,12209.03,coinmarketcap_data_api_listings_historical
2026-02-27,14515,MMPRO,MMPRO Token,0.00201031,0.0,12167.48,coinmarketcap_data_api_listings_historical
2026-02-27,29088,HARAMBE,Harambe on Solana,0.00080012,0.0,12111.46,coinmarketcap_data_api_listings_historical
2026-02-27,26873,CORGIAI,CorgiAI,3.889e-05,0.0,12105.23,coinmarketcap_data_api_listings_historical
2026-02-27,35901,PALCOIN,Palcoin Ventures,0.76145268,0.0,12013.92,coinmarketcap_data_api_listings_historical
2026-02-27,8230,AIN,AI Network,0.01262794,0.0,11990.68,coinmarketcap_data_api_listings_historical
2026-02-27,36766,CHANEL,Chanel,46.9431658,0.0,11989.9,coinmarketcap_data_api_listings_historical
2026-02-27,19976,$FORGE,Blocksmith Labs Forge,0.01712295,0.0,11972.31,coinmarketcap_data_api_listings_historical
2026-02-27,28965,RETIK,Retik Finance,0.00018892,0.0,11867.8,coinmarketcap_data_api_listings_historical
2026-02-27,38698,CONCILIUM,Concilium Blockchain Ecosystem,0.69734896,0.0,11832.56,coinmarketcap_data_api_listings_historical
2026-02-27,9518,MEPAD,MemePad,0.00067468,0.0,11831.87,coinmarketcap_data_api_listings_historical
2026-02-27,15135,TFS,TFS Token,0.00246929,0.0,11814.22,coinmarketcap_data_api_listings_historical
2026-02-27,16914,METO,Metafluence,5.645e-05,0.0,11796.2,coinmarketcap_data_api_listings_historical
2026-02-27,15658,MEER,Qitmeer Network,0.00316497,0.0,11778.04,coinmarketcap_data_api_listings_historical
2026-02-27,23685,SCT,SuperCells Token,0.00234736,0.0,11672.65,coinmarketcap_data_api_listings_historical
2026-02-27,36633,NIANNIAN,NianNian,0.00083551,0.0,11670.73,coinmarketcap_data_api_listings_historical
2026-02-27,35074,STORAGENT,STORAGENT,7.6e-06,0.0,11653.83,coinmarketcap_data_api_listings_historical
2026-02-27,39571,AMARA,AMARA,0.00054113,0.0,11650.23,coinmarketcap_data_api_listings_historical
2026-02-27,1191,MEME,Memetic / PepeCoin,0.00061091,0.0,11630.15,coinmarketcap_data_api_listings_historical
2026-02-27,33514,HDRO,Hydro Protocol,0.0015523,0.0,11628.28,coinmarketcap_data_api_listings_historical
2026-02-27,31082,BOOMER,Boomer,0.00036777,0.0,11589.41,coinmarketcap_data_api_listings_historical
2026-02-27,34814,FARTCOIN,Based Fartcoin,9.37e-06,0.0,11521.56,coinmarketcap_data_api_listings_historical
2026-02-27,16615,NETT,Netswap,0.01309915,0.0,11485.92,coinmarketcap_data_api_listings_historical
2026-02-27,30049,SMOLE,smolecoin,1.71e-05,0.0,11416.84,coinmarketcap_data_api_listings_historical
2026-02-27,15688,DOMI,Domi Online,0.00079974,0.0,11399.74,coinmarketcap_data_api_listings_historical
2026-02-27,18443,RIZE,Rizespor Token,0.00635542,0.0,11367.51,coinmarketcap_data_api_listings_historical
2026-02-27,14950,ORO,Operon Origins,0.00084165,0.0,11250.45,coinmarketcap_data_api_listings_historical
2026-02-27,20757,HNB,HNB Protocol,0.00017777,0.0,11210.87,coinmarketcap_data_api_listings_historical
2026-02-27,10291,CVXCRV,Convex CRV,0.10756993,0.0,11206.66,coinmarketcap_data_api_listings_historical
2026-02-27,23210,D2T,Dash 2 Trade,0.00036296,0.0,11139.3,coinmarketcap_data_api_listings_historical
2026-02-27,33680,GOATS,GOATS,3.53e-05,0.0,11086.55,coinmarketcap_data_api_listings_historical
2026-02-27,38688,USD1,UNITED STATES DRIP #1,0.97935901,0.0,11064.22,coinmarketcap_data_api_listings_historical
2026-02-27,20894,WRT,WingRiders Governance Token,0.00717962,0.0,11017.62,coinmarketcap_data_api_listings_historical
2026-02-27,5566,KEEP,Keep Network,0.08387153,0.0,11015.6,coinmarketcap_data_api_listings_historical
2026-02-27,39416,SEAS,Seasons,0.27660184,0.0,10928.13,coinmarketcap_data_api_listings_historical
2026-02-27,32038,FAST,Edge Video AI,0.00586599,0.0,10845.28,coinmarketcap_data_api_listings_historical
2026-02-27,32165,OPN,OPEN Ticketing Ecosystem,8.193e-05,0.0,10833.73,coinmarketcap_data_api_listings_historical
2026-02-27,15140,EGAME,EVERY GAME,5.4e-06,0.0,10824.33,coinmarketcap_data_api_listings_historical
2026-02-27,38396,ABSTER,Abster,0.00265579,0.0,10820.88,coinmarketcap_data_api_listings_historical
2026-02-27,9531,BCAT,BilliCat,0.00751863,0.0,10752.47,coinmarketcap_data_api_listings_historical
2026-02-27,21416,LBLOCK,Lucky Block v2,9.71e-06,0.0,10738.62,coinmarketcap_data_api_listings_historical
2026-02-27,33463,HOLD,HoldCoin,5.52e-06,0.0,10670.51,coinmarketcap_data_api_listings_historical
2026-02-27,34681,NEURO,NeuroWeb,0.00447754,0.0,10599.88,coinmarketcap_data_api_listings_historical
2026-02-27,12329,DBX,DBX,1.46e-06,0.0,10597.3,coinmarketcap_data_api_listings_historical
2026-02-27,9504,NAOS,NAOS Finance,0.00139498,0.0,10592.73,coinmarketcap_data_api_listings_historical
2026-02-27,11013,LIQ,LIQ Protocol,0.00075895,0.0,10556.57,coinmarketcap_data_api_listings_historical
2026-02-27,30349,BITCAT,Bitcat,7.953e-05,0.0,10529.31,coinmarketcap_data_api_listings_historical
2026-02-27,18897,THT,Thought,0.0116605,0.0,10525.78,coinmarketcap_data_api_listings_historical
2026-02-27,37475,NEKO,NeonNeko,4.816e-05,0.0,10484.46,coinmarketcap_data_api_listings_historical
2026-02-27,10264,IONX,Charged Particles,0.00088064,0.0,10455.61,coinmarketcap_data_api_listings_historical
2026-02-27,10202,STC,Starcoin,0.00058391,0.0,10428.67,coinmarketcap_data_api_listings_historical
2026-02-27,11220,PORT,Port Finance,0.00329116,0.0,10401.95,coinmarketcap_data_api_listings_historical
2026-02-27,29081,LIGO,LIGO,2.7e-07,0.0,10383.4,coinmarketcap_data_api_listings_historical
2026-02-27,11557,DOG,Own The Doge,0.00048388,0.0,10378.23,coinmarketcap_data_api_listings_historical
2026-02-27,28993,AINN,AINN,0.00607541,0.0,10377.42,coinmarketcap_data_api_listings_historical
2026-02-27,24808,HAHA,Hasaki,1.55e-06,0.0,10360.58,coinmarketcap_data_api_listings_historical
2026-02-27,31891,DJT,TrumpCoin,8.55e-05,0.0,10341.8,coinmarketcap_data_api_listings_historical
2026-02-27,32258,HIT,Hiver,0.00629683,0.0,10337.42,coinmarketcap_data_api_listings_historical
2026-02-27,34949,COW,COW,0.00636494,0.0,10328.56,coinmarketcap_data_api_listings_historical
2026-02-27,17955,ZEUM,Colizeum,0.00062244,0.0,10243.16,coinmarketcap_data_api_listings_historical
2026-02-27,19599,AMAZINGTEAM,AmazingTeamDAO,0.74962246,0.0,10237.99,coinmarketcap_data_api_listings_historical
2026-02-27,25194,JSM,Joseon Mun,0.00018151,0.0,10229.62,coinmarketcap_data_api_listings_historical
2026-02-27,3934,CNNS,CNNS,8.583e-05,0.0,10207.32,coinmarketcap_data_api_listings_historical
2026-02-27,32709,UWU,Unicorn,4.323e-05,0.0,10175.26,coinmarketcap_data_api_listings_historical
2026-02-27,15870,LOA,League of Ancients,0.00114509,0.0,10171.48,coinmarketcap_data_api_listings_historical
2026-02-27,36509,GET,Global Entertainment Token,0.00202269,0.0,10151.57,coinmarketcap_data_api_listings_historical
2026-02-27,7404,VALUE,Value Liquidity,0.01305165,0.0,10148.46,coinmarketcap_data_api_listings_historical
2026-02-27,23412,PSI,TridentDAO,0.00497958,0.0,10107.25,coinmarketcap_data_api_listings_historical
2026-02-27,30429,VSX,Versus-X,0.00431535,0.0,10094.07,coinmarketcap_data_api_listings_historical
2026-02-27,7217,MPH,Morpher,0.00863911,0.0,10092.67,coinmarketcap_data_api_listings_historical
2026-02-27,11818,WAG,Waggle Network,0.00044248,0.0,10091.7,coinmarketcap_data_api_listings_historical
2026-02-27,16559,CHER,Cherry Network,0.00070583,0.0,10071.82,coinmarketcap_data_api_listings_historical
2026-02-27,11275,BSR,BinStarter,0.00751007,0.0,10040.85,coinmarketcap_data_api_listings_historical
2026-02-27,38155,MISSION,MISSION PAWSIBLE,1.9e-07,0.0,10037.31,coinmarketcap_data_api_listings_historical
2026-02-27,29684,WX,Weave6,8.935e-05,0.0,10012.98,coinmarketcap_data_api_listings_historical
2026-02-27,32061,BPT,Best Patent,0.00117607,0.0,10006.21,coinmarketcap_data_api_listings_historical
2026-02-27,31971,DORKY,Dork Lord,0.00513593,0.0,9978.07,coinmarketcap_data_api_listings_historical
2026-02-27,7558,DOC,Dollar on Chain,1.00140457,0.0,9970.96,coinmarketcap_data_api_listings_historical
2026-02-27,32890,SAY,SAY Coin,7.935e-05,0.0,9955.57,coinmarketcap_data_api_listings_historical
2026-02-27,16345,BMEX,BitMEX Token,0.08114119,0.0,9944.1,coinmarketcap_data_api_listings_historical
2026-02-27,32134,CAD,Caduceus Protocol (new),0.00044165,0.0,9940.66,coinmarketcap_data_api_listings_historical
2026-02-27,23143,MATCH,Matching Game,3.88e-06,0.0,9936.36,coinmarketcap_data_api_listings_historical
2026-02-27,7618,ALPA,Alpaca City,0.00559942,0.0,9929.3,coinmarketcap_data_api_listings_historical
2026-02-27,36440,LEARN,Brainedge,0.00741894,0.0,9879.11,coinmarketcap_data_api_listings_historical
2026-02-27,17822,REIGN,Reign of Terror,0.00041993,0.0,9874.58,coinmarketcap_data_api_listings_historical
2026-02-27,30881,SGR,Schrodinger,0.28417061,0.0,9872.53,coinmarketcap_data_api_listings_historical
2026-02-27,6744,CHAIN,Chain Games,0.00490189,0.0,9854.8,coinmarketcap_data_api_listings_historical
2026-02-27,3194,RATING,DPRating,0.00011607,0.0,9785.81,coinmarketcap_data_api_listings_historical
2026-02-27,12957,GAN,Galactic Arena: The NFTverse,4.738e-05,0.0,9785.55,coinmarketcap_data_api_listings_historical
2026-02-27,30769,HLN,Helion,0.06066373,0.0,9784.96,coinmarketcap_data_api_listings_historical
2026-02-27,26135,AMC,AI Meta Club,0.05170465,0.0,9749.85,coinmarketcap_data_api_listings_historical
2026-02-27,24480,CARAT,Alaska Gold Rush,0.00028325,0.0,9749.13,coinmarketcap_data_api_listings_historical
2026-02-27,2947,SOP,SoPay,2.698e-05,0.0,9734.53,coinmarketcap_data_api_listings_historical
2026-02-27,24876,SSE,Soroosh Smart Ecosystem,0.00020599,0.0,9712.8,coinmarketcap_data_api_listings_historical
2026-02-27,37618,ANT,ANTTIME,0.00030296,0.0,9690.58,coinmarketcap_data_api_listings_historical
2026-02-27,20536,STR,Sourceless,0.00614903,0.0,9677.11,coinmarketcap_data_api_listings_historical
2026-02-27,18519,ASTRA,ASTRA,0.00039733,0.0,9671.13,coinmarketcap_data_api_listings_historical
2026-02-27,36406,CLND,Colend,0.01122884,0.0,9648.34,coinmarketcap_data_api_listings_historical
2026-02-27,2429,MOBI,Mobius,0.0018998,0.0,9632.2,coinmarketcap_data_api_listings_historical
2026-02-27,2047,ZSC,Zeusshield,0.00010045,0.0,9590.87,coinmarketcap_data_api_listings_historical
2026-02-27,25162,NOOT,NOOT (Ordinals),0.00018587,0.0,9552.9,coinmarketcap_data_api_listings_historical
2026-02-27,4047,NBOT,Naka Bodhi Token,0.00883409,0.0,9549.66,coinmarketcap_data_api_listings_historical
2026-02-27,2994,BIFI,Bitcoin File,0.00020614,0.0,9535.12,coinmarketcap_data_api_listings_historical
2026-02-27,18210,KBD,Kyberdyne,6.699e-05,0.0,9520.76,coinmarketcap_data_api_listings_historical
2026-02-27,28803,ZERO,Analysoor,0.04694404,0.0,9469.37,coinmarketcap_data_api_listings_historical
2026-02-27,35486,GAMES,OrdzGames,0.02142778,0.0,9461.77,coinmarketcap_data_api_listings_historical
2026-02-27,38279,eMDR,Modulr,1.71308855,0.0,9450.99,coinmarketcap_data_api_listings_historical
2026-02-27,10613,EMPIRE,Empire Token,0.00020464,0.0,9405.59,coinmarketcap_data_api_listings_historical
2026-02-27,16394,SUPE,SUPE,0.00281172,0.0,9396.45,coinmarketcap_data_api_listings_historical
2026-02-27,19867,STIMA,STIMA,1.00387355,0.0,9395.36,coinmarketcap_data_api_listings_historical
2026-02-27,35518,DYOR,Do Your Own Research,6.681e-05,0.0,9379.33,coinmarketcap_data_api_listings_historical
2026-02-27,2364,TCT,TokenClub,0.00060284,0.0,9377.01,coinmarketcap_data_api_listings_historical
2026-02-27,23873,MDUS,MEDIEUS,0.00029927,0.0,9376.99,coinmarketcap_data_api_listings_historical
2026-02-27,8310,DIS,TosDis,0.69022861,0.0,9360.27,coinmarketcap_data_api_listings_historical
2026-02-27,28071,CJPY,Convertible JPY Token,0.00493899,0.0,9325.17,coinmarketcap_data_api_listings_historical
2026-02-27,12979,SNTR,Sentre Protocol,0.00054714,0.0,9320.22,coinmarketcap_data_api_listings_historical
2026-02-27,23476,PEN,Pendulum,0.02221982,0.0,9315.59,coinmarketcap_data_api_listings_historical
2026-02-27,8129,FIRE,Fire Protocol,0.00048045,0.0,9311.86,coinmarketcap_data_api_listings_historical
2026-02-27,17469,SINGLE,Single Finance,3.597e-05,0.0,9311.06,coinmarketcap_data_api_listings_historical
2026-02-27,35412,XSEED,MXS Games,6.19e-06,0.0,9308.15,coinmarketcap_data_api_listings_historical
2026-02-27,29858,TAPROOT,Taproot Exchange,0.00035616,0.0,9279.17,coinmarketcap_data_api_listings_historical
2026-02-27,17479,MART,Artmeta,0.00188463,0.0,9228.42,coinmarketcap_data_api_listings_historical
2026-02-27,33803,RECT,ReflectionAI,0.00032917,0.0,9214.66,coinmarketcap_data_api_listings_historical
2026-02-27,24210,GBK,GBANK APY,0.00142174,0.0,9195.08,coinmarketcap_data_api_listings_historical
2026-02-27,32070,RUNI,Runesterminal,0.0396739,0.0,9178.39,coinmarketcap_data_api_listings_historical
2026-02-27,6627,MTR,Meter Stable,0.35026377,0.0,9151.23,coinmarketcap_data_api_listings_historical
2026-02-27,29630,TATSU,Taτsu,0.70099423,0.0,9140.6,coinmarketcap_data_api_listings_historical
2026-02-27,22107,ZIX,Coinzix,1.32e-05,0.0,9131.36,coinmarketcap_data_api_listings_historical
2026-02-27,23970,OVO,OVO,0.00041606,0.0,9122.24,coinmarketcap_data_api_listings_historical
2026-02-27,39358,NOTIFAI,NotifAi News,0.00011804,0.0,9099.96,coinmarketcap_data_api_listings_historical
2026-02-27,19211,NUC,NuCoin,0.01477608,0.0,9096.36,coinmarketcap_data_api_listings_historical
2026-02-27,33428,STIX,STIX,1.06e-05,0.0,9095.84,coinmarketcap_data_api_listings_historical
2026-02-27,9184,QTCC,Quick Transfer coin,0.0001099,0.0,9071.11,coinmarketcap_data_api_listings_historical
2026-02-27,12609,SWAY,Sway Protocol,0.00056444,0.0,9069.68,coinmarketcap_data_api_listings_historical
2026-02-27,34056,NAWS,NAWS.AI,0.00037246,0.0,9060.33,coinmarketcap_data_api_listings_historical
2026-02-27,24094,MGKL,MAGIKAL.ai,4e-08,0.0,9053.41,coinmarketcap_data_api_listings_historical
2026-02-27,30990,CATGPT,CatGPT,5.87e-05,0.0,9031.28,coinmarketcap_data_api_listings_historical
2026-02-27,36252,AQA,AQA,0.00080308,0.0,8993.66,coinmarketcap_data_api_listings_historical
2026-02-27,17480,PORTX,ChainPort,0.00033707,0.0,8992.2,coinmarketcap_data_api_listings_historical
2026-02-27,34355,HOMS,HOMSTOKEN,3e-05,0.0,8984.67,coinmarketcap_data_api_listings_historical
2026-02-27,21524,ULX,ULTRON,0.0010044,0.0,8979.87,coinmarketcap_data_api_listings_historical
2026-02-27,12208,TXT,Taxa Token,0.00031907,0.0,8967.03,coinmarketcap_data_api_listings_historical
2026-02-27,34491,GO4,GameOnForge,0.12398718,0.0,8946.57,coinmarketcap_data_api_listings_historical
2026-02-27,11670,FIWA,DeFi Warrior (FIWA),2.865e-05,0.0,8944.56,coinmarketcap_data_api_listings_historical
2026-02-27,8056,UNN,UNION Protocol Governance Token,9.587e-05,0.0,8928.36,coinmarketcap_data_api_listings_historical
2026-02-27,18280,B3X,Bnext Token,9.109e-05,0.0,8920.33,coinmarketcap_data_api_listings_historical
2026-02-27,36337,DON,Salamanca,0.00019008,0.0,8917.35,coinmarketcap_data_api_listings_historical
2026-02-27,19422,EGS,EdgeSwap,0.0009955,0.0,8891.86,coinmarketcap_data_api_listings_historical
2026-02-27,34762,DRX,DoctorX,6.3e-07,0.0,8885.19,coinmarketcap_data_api_listings_historical
2026-02-27,36776,JPMORGAN,JPMorgan,73670.99268767,0.0,8873.45,coinmarketcap_data_api_listings_historical
2026-02-27,20146,PLENA,Plena Finance,0.00020918,0.0,8867.59,coinmarketcap_data_api_listings_historical
2026-02-27,39136,CAST,cast oracles,8.4e-06,0.0,8866.52,coinmarketcap_data_api_listings_historical
2026-02-27,33293,LOULOU,LOULOU,0.00111135,0.0,8855.92,coinmarketcap_data_api_listings_historical
2026-02-27,37248,SESH,Session Token,0.06110448,0.0,8852.66,coinmarketcap_data_api_listings_historical
2026-02-27,19483,ESG,ESG,0.00570641,0.0,8840.07,coinmarketcap_data_api_listings_historical
2026-02-27,6898,JFI,JackPool.finance,3.02568705,0.0,8837.41,coinmarketcap_data_api_listings_historical
2026-02-27,11211,DXCT,DNAxCAT Token,0.01567933,0.0,8808.23,coinmarketcap_data_api_listings_historical
2026-02-27,15312,MOOO,Hashtagger.com,0.01906803,0.0,8806.5,coinmarketcap_data_api_listings_historical
2026-02-27,11421,TAUR,Marnotaur,0.00248574,0.0,8798.97,coinmarketcap_data_api_listings_historical
2026-02-27,27507,SHIB2.0,Shib2.0,0.0,0.0,8766.64,coinmarketcap_data_api_listings_historical
2026-02-27,28196,TEE,Guarantee,34.19259908,0.0,8746.13,coinmarketcap_data_api_listings_historical
2026-02-27,22698,PINE,Pine,0.00180288,0.0,8734.3,coinmarketcap_data_api_listings_historical
2026-02-27,35835,SWAN,Swan Chain,0.00043153,0.0,8733.91,coinmarketcap_data_api_listings_historical
2026-02-27,35625,HQ,Metaverse HQ,4.054e-05,0.0,8729.5,coinmarketcap_data_api_listings_historical
2026-02-27,16100,CRF,Crafting Finance,0.00022888,0.0,8719.58,coinmarketcap_data_api_listings_historical
2026-02-27,12364,YCT,Youclout,2.845e-05,0.0,8716.93,coinmarketcap_data_api_listings_historical
2026-02-27,12312,NSDX,NASDEX,0.00396459,0.0,8697.81,coinmarketcap_data_api_listings_historical
2026-02-27,15516,PINU,Pi INU,7e-08,0.0,8686.03,coinmarketcap_data_api_listings_historical
2026-02-27,30282,O4DX,OrangeDX,0.00036976,0.0,8679.86,coinmarketcap_data_api_listings_historical
2026-02-27,29704,GRAM,Gram,0.00214108,0.0,8655.15,coinmarketcap_data_api_listings_historical
2026-02-27,35861,AQUARI,Aquari,0.00606074,0.0,8629.51,coinmarketcap_data_api_listings_historical
2026-02-27,35036,XMONEY,X Money,0.04876612,0.0,8614.93,coinmarketcap_data_api_listings_historical
2026-02-27,10714,BABI,Babylons,0.00022667,0.0,8610.63,coinmarketcap_data_api_listings_historical
2026-02-27,118,RDD,ReddCoin,0.00038958,0.0,8593.66,coinmarketcap_data_api_listings_historical
2026-02-27,36480,AIX9,AthenaX9,0.00034966,0.0,8544.73,coinmarketcap_data_api_listings_historical
2026-02-27,18323,MILO,Milo Inu,0.0,0.0,8499.05,coinmarketcap_data_api_listings_historical
2026-02-27,30225,UBE,Ubeswap [V2],0.00042945,0.0,8457.98,coinmarketcap_data_api_listings_historical
2026-02-27,35232,KOII,Koii,0.0001586,0.0,8407.89,coinmarketcap_data_api_listings_historical
2026-02-27,25446,EMP,Empyreal,8.05812291,0.0,8364.04,coinmarketcap_data_api_listings_historical
2026-02-27,11260,sICX,Staked ICX,0.05226669,0.0,8325.02,coinmarketcap_data_api_listings_historical
2026-02-27,28826,TURT,TurtSat,0.00011206,0.0,8286.93,coinmarketcap_data_api_listings_historical
2026-02-27,35984,SRN,SILVERNOVA,0.04976869,0.0,8203.93,coinmarketcap_data_api_listings_historical
2026-02-27,29488,VIA,Octavia AI,0.00108127,0.0,8142.27,coinmarketcap_data_api_listings_historical
2026-02-27,19116,SEBA,Seba,0.00074998,0.0,8116.39,coinmarketcap_data_api_listings_historical
2026-02-27,36495,GOONC,gooncoin,2.909e-05,0.0,8067.17,coinmarketcap_data_api_listings_historical
2026-02-27,31092,NIAO,NIAO,0.0,0.0,8035.85,coinmarketcap_data_api_listings_historical
2026-02-27,23253,TRG,The Rug Game,5e-08,0.0,8027.68,coinmarketcap_data_api_listings_historical
2026-02-27,35598,KET,yellow ket,0.00251622,0.0,8023.49,coinmarketcap_data_api_listings_historical
2026-02-27,27235,OUT,Outter Finance,1.605e-05,0.0,7978.74,coinmarketcap_data_api_listings_historical
2026-02-27,38791,SMOON,SAFEMOON,8.385e-05,0.0,7915.35,coinmarketcap_data_api_listings_historical
2026-02-27,7719,XKR,Kryptokrona,0.00046277,0.0,7852.66,coinmarketcap_data_api_listings_historical
2026-02-27,33308,BOB,BOB,0.11289351,0.0,7783.52,coinmarketcap_data_api_listings_historical
2026-02-27,19787,XRUN,XRUN,0.03958333,0.0,7764.76,coinmarketcap_data_api_listings_historical
2026-02-27,13141,AKTIO,Vancelian,0.09260502,0.0,7711.28,coinmarketcap_data_api_listings_historical
2026-02-27,8798,RAM,Ramifi Protocol,0.02536842,0.0,7604.66,coinmarketcap_data_api_listings_historical
2026-02-27,31782,LFIT,LFIT,0.48267579,0.0,7570.45,coinmarketcap_data_api_listings_historical
2026-02-27,10102,BSL,BankSocial,0.00066994,0.0,7541.88,coinmarketcap_data_api_listings_historical
2026-02-27,28852,MOE,Merchant Moe,0.02134026,0.0,7537.34,coinmarketcap_data_api_listings_historical
2026-02-27,36767,PATEK,Patek,44.7915673,0.0,7526.7,coinmarketcap_data_api_listings_historical
2026-02-27,32753,XNET,XNET Mobile,0.01245931,0.0,7467.63,coinmarketcap_data_api_listings_historical
2026-02-27,28496,F3,Friend3,0.00041053,0.0,7440.16,coinmarketcap_data_api_listings_historical
2026-02-27,26835,CCV2,CelebrityCoinV2,0.0265993,0.0,7414.07,coinmarketcap_data_api_listings_historical
2026-02-27,38866,SDX,StakeFundex,4.91243324,0.0,7353.53,coinmarketcap_data_api_listings_historical
2026-02-27,38211,ANOA,ANOA,39.76474205,0.0,7270.35,coinmarketcap_data_api_listings_historical
2026-02-27,39582,JUPUSD,Jupiter USD,1.00039031,0.0,7175.22,coinmarketcap_data_api_listings_historical
2026-02-27,29060,RIB,Ribus,0.00546744,0.0,7130.59,coinmarketcap_data_api_listings_historical
2026-02-27,7257,APE,APEcoin.dev,0.10280622,0.0,7119.89,coinmarketcap_data_api_listings_historical
2026-02-27,16983,mCUSD,Moola Celo USD,0.99615781,0.0,7029.95,coinmarketcap_data_api_listings_historical
2026-02-27,10347,HMT,Human,0.00507971,0.0,7029.21,coinmarketcap_data_api_listings_historical
2026-02-27,37981,BABYETH,Baby Ethereum,2.979e-05,0.0,6961.75,coinmarketcap_data_api_listings_historical
2026-02-27,13827,SPE,SavePlanetEarth,0.00249994,0.0,6955.38,coinmarketcap_data_api_listings_historical
2026-02-27,2490,CXO,CargoX,0.15431887,0.0,6856.46,coinmarketcap_data_api_listings_historical
2026-02-27,33905,SP,Spintria,0.00355025,0.0,6788.64,coinmarketcap_data_api_listings_historical
2026-02-27,23761,USHARK,uShark,2.192e-05,0.0,6749.64,coinmarketcap_data_api_listings_historical
2026-02-27,31424,EVR,Evrmore,5.797e-05,0.0,6700.12,coinmarketcap_data_api_listings_historical
2026-02-27,39550,REAT,REAT CAPITAL,0.18782694,0.0,6619.15,coinmarketcap_data_api_listings_historical
2026-02-27,32681,FNS,FAUNUS,0.00080298,0.0,6613.55,coinmarketcap_data_api_listings_historical
2026-02-27,32995,BOBER,BOBER,6.529e-05,0.0,6611.96,coinmarketcap_data_api_listings_historical
2026-02-27,35513,SNAKT,Sna-King Trump,6.279e-05,0.0,6515.43,coinmarketcap_data_api_listings_historical
2026-02-27,25645,BNBLION,Bob LION Inu,0.0,0.0,6495.79,coinmarketcap_data_api_listings_historical
2026-02-27,36392,AID,AID,4.14987427,0.0,6461.73,coinmarketcap_data_api_listings_historical
2026-02-27,32571,INVITE,INVITE Token,0.00046125,0.0,6423.54,coinmarketcap_data_api_listings_historical
2026-02-27,38925,WOORI,Woori,0.42152778,0.0,6415.24,coinmarketcap_data_api_listings_historical
2026-02-27,37148,TRIX,TikTrix,0.03041667,0.0,6386.68,coinmarketcap_data_api_listings_historical
2026-02-27,38577,MOB,Mobile Blockchain,1.03252294,0.0,6359.19,coinmarketcap_data_api_listings_historical
2026-02-27,38615,BELG,Belgian Malinois,0.22616802,0.0,6330.36,coinmarketcap_data_api_listings_historical
2026-02-27,36381,ALF,ALF Token,1e-08,0.0,6291.0,coinmarketcap_data_api_listings_historical
2026-02-27,34699,AIP,Pett.AI,0.00013579,0.0,6265.71,coinmarketcap_data_api_listings_historical
2026-02-27,39617,GLD,SPDR Gold Shares Tokenized ETF (Hyperliquid),477.05584954,0.0,6205.6,coinmarketcap_data_api_listings_historical
2026-02-27,36951,KITTY,Hello Kitty,9.729e-05,0.0,6166.37,coinmarketcap_data_api_listings_historical
2026-02-27,35921,FREN,Frencoin,0.00324787,0.0,6137.86,coinmarketcap_data_api_listings_historical
2026-02-27,28992,WIN,Win,0.00025736,0.0,6071.46,coinmarketcap_data_api_listings_historical
2026-02-27,34998,SPECTRA,Spectra,0.00625998,0.0,6056.93,coinmarketcap_data_api_listings_historical
2026-02-27,34538,UNKOWN,""" """,0.00108965,0.0,6040.41,coinmarketcap_data_api_listings_historical
2026-02-27,11221,BIT,BitDAO,0.62469507,0.0,6026.72,coinmarketcap_data_api_listings_historical
2026-02-27,36559,MIH,MINE COIN,0.18153647,0.0,6013.69,coinmarketcap_data_api_listings_historical
2026-02-27,39530,RAILS,Rails,0.28537651,0.0,6011.01,coinmarketcap_data_api_listings_historical
2026-02-27,28720,GREEN,Green,0.00024425,0.0,5967.97,coinmarketcap_data_api_listings_historical
2026-02-27,34618,LAIKA,Laïka,0.02890094,0.0,5951.4,coinmarketcap_data_api_listings_historical
2026-02-27,38313,MOONCAT,Mooncat,4.546e-05,0.0,5927.33,coinmarketcap_data_api_listings_historical
2026-02-27,24790,HSUITE,HubSuite,0.00014399,0.0,5851.14,coinmarketcap_data_api_listings_historical
2026-02-27,29627,BLACKDRAGON,Black Dragon,0.0,0.0,5836.64,coinmarketcap_data_api_listings_historical
2026-02-27,28808,SSHIB,Solana Shib,0.0,0.0,5822.37,coinmarketcap_data_api_listings_historical
2026-02-27,38812,RIVERPTS,River PTS,0.00848001,0.0,5821.28,coinmarketcap_data_api_listings_historical
2026-02-27,39374,PREDIC,PredicTools,2.835e-05,0.0,5814.71,coinmarketcap_data_api_listings_historical
2026-02-27,24896,KVAI,Kvants AI,0.00864311,0.0,5788.5,coinmarketcap_data_api_listings_historical
2026-02-27,32243,FIGHT,FIGHT,0.00026314,0.0,5695.62,coinmarketcap_data_api_listings_historical
2026-02-27,154,MARS,Marscoin,0.04547546,0.0,5634.19,coinmarketcap_data_api_listings_historical
2026-02-27,39412,CHRONOEFFE,Chronoeffector AI,2.461e-05,0.0,5554.03,coinmarketcap_data_api_listings_historical
2026-02-27,36818,MOOLAH,Moolah,0.00234861,0.0,5495.56,coinmarketcap_data_api_listings_historical
2026-02-27,38583,NOVA,Nova,246.32350979,0.0,5483.25,coinmarketcap_data_api_listings_historical
2026-02-27,34281,XSAT,exSat Network,0.54785268,0.0,5472.99,coinmarketcap_data_api_listings_historical
2026-02-27,37489,THINK,Think Protocol,0.00044112,0.0,5466.58,coinmarketcap_data_api_listings_historical
2026-02-27,6753,HDX,Hydration,0.00246098,0.0,5438.92,coinmarketcap_data_api_listings_historical
2026-02-27,22458,DOLZ,DOLZ,0.00926075,0.0,5422.9,coinmarketcap_data_api_listings_historical
2026-02-27,39328,GNK,Gonka,0.80996548,0.0,5383.04,coinmarketcap_data_api_listings_historical
2026-02-27,36834,PC,Pentagon Chain,26.66113594,0.0,5338.89,coinmarketcap_data_api_listings_historical
2026-02-27,9070,CFXQ,CFX Quantum,0.00110526,0.0,5309.81,coinmarketcap_data_api_listings_historical
2026-02-27,35912,FINVESTA,Finvesta,2.05061088,0.0,5286.75,coinmarketcap_data_api_listings_historical
2026-02-27,34844,ARMY,XRP ARMY,0.0045558,0.0,5216.64,coinmarketcap_data_api_listings_historical
2026-02-27,31967,$WATER,WATER,6.61e-06,0.0,5204.53,coinmarketcap_data_api_listings_historical
2026-02-27,38940,PHOTON,Photon,0.04482564,0.0,5184.56,coinmarketcap_data_api_listings_historical
2026-02-27,27585,ASEED,Acala,0.06691573,0.0,5172.92,coinmarketcap_data_api_listings_historical
2026-02-27,22950,CAT,Cat,0.0,0.0,5127.09,coinmarketcap_data_api_listings_historical
2026-02-27,39359,MEFI,Meo Finance,0.03746103,0.0,5102.51,coinmarketcap_data_api_listings_historical
2026-02-27,36526,RESCUE,Project Rescue,0.01499829,0.0,5099.42,coinmarketcap_data_api_listings_historical
2026-02-27,38344,MDDC,Medodo Coin,1.6e-05,0.0,5078.91,coinmarketcap_data_api_listings_historical
2026-02-27,39602,PENNIES,The Reserve Bank,2.02e-05,0.0,5068.51,coinmarketcap_data_api_listings_historical
2026-02-27,35168,1000X,1000x by Virtuals,0.00177681,0.0,5042.68,coinmarketcap_data_api_listings_historical
2026-02-27,21071,KSN,KISSAN,0.01987642,0.0,5020.07,coinmarketcap_data_api_listings_historical
2026-02-27,24302,SWITCH,Switch,0.00020156,0.0,5019.44,coinmarketcap_data_api_listings_historical
2026-02-27,33296,MOO,Moo Token,0.00043597,0.0,4978.62,coinmarketcap_data_api_listings_historical
2026-02-27,28449,AIA,AIA Chain,0.00166796,0.0,4969.1,coinmarketcap_data_api_listings_historical
2026-02-27,39603,VICPAY,Victorum (VicPayments),0.10996198,0.0,4938.02,coinmarketcap_data_api_listings_historical
2026-02-27,22983,CROID,Cronos ID,0.00815465,0.0,4928.6,coinmarketcap_data_api_listings_historical
2026-02-27,19154,GYMNET,Gym Network,0.00754961,0.0,4901.2,coinmarketcap_data_api_listings_historical
2026-02-27,34452,GET,Get AI,0.05308817,0.0,4865.2,coinmarketcap_data_api_listings_historical
2026-02-27,39117,LUNC,Terra Classic AI,1.27e-05,0.0,4848.14,coinmarketcap_data_api_listings_historical
2026-02-27,30543,ALB,Alien Base,0.00692474,0.0,4791.46,coinmarketcap_data_api_listings_historical
2026-02-27,15893,RBC,Ruby Coin,0.00196819,0.0,4689.2,coinmarketcap_data_api_listings_historical
2026-02-27,16279,CNG,Changer,0.00476075,0.0,4655.91,coinmarketcap_data_api_listings_historical
2026-02-27,10439,SWISE,StakeWise,0.00426751,0.0,4534.61,coinmarketcap_data_api_listings_historical
2026-02-27,36728,HAC,Hacash,0.26798131,0.0,4533.73,coinmarketcap_data_api_listings_historical
2026-02-27,39029,BIT,Bitdealer,0.00051078,0.0,4516.72,coinmarketcap_data_api_listings_historical
2026-02-27,39197,SENT,Sentinel (sentinelxo),0.00017101,0.0,4492.86,coinmarketcap_data_api_listings_historical
2026-02-27,29324,CHONKY,CHONKY,1.3e-07,0.0,4449.88,coinmarketcap_data_api_listings_historical
2026-02-27,37660,DAN,Dannycoin,0.00125757,0.0,4438.57,coinmarketcap_data_api_listings_historical
2026-02-27,36764,LIFE,Life,44.97522332,0.0,4422.96,coinmarketcap_data_api_listings_historical
2026-02-27,16842,STARS,Stargaze,0.00023674,0.0,4404.26,coinmarketcap_data_api_listings_historical
2026-02-27,39109,XNT,Neptune,0.57997528,0.0,4379.89,coinmarketcap_data_api_listings_historical
2026-02-27,39536,DANKDOGEAI,DankDoge AI Agent,0.0,0.0,4344.07,coinmarketcap_data_api_listings_historical
2026-02-27,31251,DECENTRALIZED,DECENTRALIZED (Runes),1.328e-05,0.0,4323.68,coinmarketcap_data_api_listings_historical
2026-02-27,35401,NUTS,Squirrel Wallet,0.00125618,0.0,4315.14,coinmarketcap_data_api_listings_historical
2026-02-27,39524,UERC,UERC (formerly BINOVA),1.16989937,0.0,4306.15,coinmarketcap_data_api_listings_historical
2026-02-27,24370,ERN,Ethos Reserve Note,0.03901126,0.0,4304.95,coinmarketcap_data_api_listings_historical
2026-02-27,23502,FCTR,Factor,0.02430718,0.0,4299.55,coinmarketcap_data_api_listings_historical
2026-02-27,12924,XDOGE,XDoge Network,2.17e-06,0.0,4286.32,coinmarketcap_data_api_listings_historical
2026-02-27,18732,ALOT,Dexalot,0.04333802,0.0,4281.04,coinmarketcap_data_api_listings_historical
2026-02-27,37535,BNBUSD,Sigma Money,0.99971855,0.0,4267.9,coinmarketcap_data_api_listings_historical
2026-02-27,32167,META,MetaDAO (old),3354.12266498,0.0,4251.51,coinmarketcap_data_api_listings_historical
2026-02-27,36439,CINO,Private Aviation Finance Token,0.01071602,0.0,4245.35,coinmarketcap_data_api_listings_historical
2026-02-27,36311,ARI,ARI,0.00033197,0.0,4236.32,coinmarketcap_data_api_listings_historical
2026-02-27,28049,TIP,Tipcoin,6.18e-06,0.0,4234.43,coinmarketcap_data_api_listings_historical
2026-02-27,36768,ROLLSROYCE,Rollsroyce,45.27108598,0.0,4228.02,coinmarketcap_data_api_listings_historical
2026-02-27,11607,SWT,Smart Wallet Token,3.4e-07,0.0,4215.89,coinmarketcap_data_api_listings_historical
2026-02-27,36613,BEER2,Beercoin 2,1.7e-07,0.0,4190.09,coinmarketcap_data_api_listings_historical
2026-02-27,29051,FUD,FUD,1e-08,0.0,4117.16,coinmarketcap_data_api_listings_historical
2026-02-27,38796,AIN,AInalyst,0.0001213,0.0,4077.4,coinmarketcap_data_api_listings_historical
2026-02-27,33050,PEPE,Based Pepe,0.0,0.0,4073.67,coinmarketcap_data_api_listings_historical
2026-02-27,19550,USDH,USDH,0.99801393,0.0,4068.87,coinmarketcap_data_api_listings_historical
2026-02-27,17601,ONI,ONINO,0.01022288,0.0,4008.76,coinmarketcap_data_api_listings_historical
2026-02-27,33125,WIGL,Wigl,0.03626411,0.0,3992.59,coinmarketcap_data_api_listings_historical
2026-02-27,22276,HALO,HALO COIN,1.127e-05,0.0,3982.94,coinmarketcap_data_api_listings_historical
2026-02-27,38906,SBTC,sBTC,65885.26523974,0.0,3963.6,coinmarketcap_data_api_listings_historical
2026-02-27,14271,GM,GM Wagmi,0.00079996,0.0,3940.7,coinmarketcap_data_api_listings_historical
2026-02-27,7760,SC,Swiss Capital,1.08996065,0.0,3938.84,coinmarketcap_data_api_listings_historical
2026-02-27,29770,SMH,Spacemesh,0.00104197,0.0,3923.4,coinmarketcap_data_api_listings_historical
2026-02-27,20014,KRD,Krypton DAO,0.00059515,0.0,3896.05,coinmarketcap_data_api_listings_historical
2026-02-27,37502,FTC,Futurex,0.00999938,0.0,3877.69,coinmarketcap_data_api_listings_historical
2026-02-27,33240,SEIYAN,Seiyan Token,0.00032786,0.0,3850.52,coinmarketcap_data_api_listings_historical
2026-02-27,39558,EUSD,eUSD,0.99997334,0.0,3842.97,coinmarketcap_data_api_listings_historical
2026-02-27,38147,MC,MixMax,1.2219678,0.0,3788.8,coinmarketcap_data_api_listings_historical
2026-02-27,15284,SWIN,SwinCoin,1.24e-06,0.0,3788.54,coinmarketcap_data_api_listings_historical
2026-02-27,31145,SOURCE,Source,0.00029822,0.0,3766.39,coinmarketcap_data_api_listings_historical
2026-02-27,38821,世界和平,世界和平,8.982e-05,0.0,3754.75,coinmarketcap_data_api_listings_historical
2026-02-27,24817,GTAN,GIANT,0.0,0.0,3741.6,coinmarketcap_data_api_listings_historical
2026-02-27,36765,SHELL,Shell,45.49607658,0.0,3736.09,coinmarketcap_data_api_listings_historical
2026-02-27,21045,NEOX,Neoxa,3.995e-05,0.0,3713.66,coinmarketcap_data_api_listings_historical
2026-02-27,32004,TAL,Talentum,242.88964905,0.0,3709.88,coinmarketcap_data_api_listings_historical
2026-02-27,8267,OKT,OKT Chain,4.96108858,0.0,3700.98,coinmarketcap_data_api_listings_historical
2026-02-27,32730,ELF,THE LAND ELF Crossing,0.00307582,0.0,3679.61,coinmarketcap_data_api_listings_historical
2026-02-27,38924,CPT,Empulser,0.11267919,0.0,3660.6,coinmarketcap_data_api_listings_historical
2026-02-27,39430,EICOIN,EICOIN,0.00537983,0.0,3657.46,coinmarketcap_data_api_listings_historical
2026-02-27,22321,ASH,AshSwap,0.00053032,0.0,3650.89,coinmarketcap_data_api_listings_historical
2026-02-27,17914,NEXM,Nexum,0.0065359,0.0,3650.82,coinmarketcap_data_api_listings_historical
2026-02-27,20158,AMINO,Amino,6.648e-05,0.0,3615.04,coinmarketcap_data_api_listings_historical
2026-02-27,34461,SANTA,Santa,0.00198688,0.0,3614.85,coinmarketcap_data_api_listings_historical
2026-02-27,11986,SUNDAE,SundaeSwap,0.00209866,0.0,3579.03,coinmarketcap_data_api_listings_historical
2026-02-27,16727,X,X,1.325e-05,0.0,3536.66,coinmarketcap_data_api_listings_historical
2026-02-27,34450,LMI,Lockheed Martin Inu,0.00027398,0.0,3455.16,coinmarketcap_data_api_listings_historical
2026-02-27,30969,RUNECOIN,RSIC•GENESIS•RUNE,5.285e-05,0.0,3439.7,coinmarketcap_data_api_listings_historical
2026-02-27,27603,EXTRA,Extra Finance,0.00695687,0.0,3419.52,coinmarketcap_data_api_listings_historical
2026-02-27,36763,CARTIER,Cartier,41.93763927,0.0,3401.59,coinmarketcap_data_api_listings_historical
2026-02-27,45,CSC,CasinoCoin,5.704e-05,0.0,3382.83,coinmarketcap_data_api_listings_historical
2026-02-27,35069,HB,HBC,0.00059895,0.0,3357.48,coinmarketcap_data_api_listings_historical
2026-02-27,19802,BKS,Backstage,0.00048098,0.0,3355.76,coinmarketcap_data_api_listings_historical
2026-02-27,29229,PROS,Prospective,0.02360165,0.0,3347.59,coinmarketcap_data_api_listings_historical
2026-02-27,28545,XAH,Xahau,0.01817571,0.0,3334.24,coinmarketcap_data_api_listings_historical
2026-02-27,31647,BTCB,Bitcoin on Base,0.09873858,0.0,3329.99,coinmarketcap_data_api_listings_historical
2026-02-27,36837,ESTEE,ShibEstee,0.0,0.0,3321.24,coinmarketcap_data_api_listings_historical
2026-02-27,35024,SENKU,Senku Ishigami by Virtuals,2.2e-05,0.0,3264.45,coinmarketcap_data_api_listings_historical
2026-02-27,28184,WAGMI,Wagmi,0.00107054,0.0,3256.71,coinmarketcap_data_api_listings_historical
2026-02-27,35435,TERRA,Terraport,0.00167599,0.0,3242.75,coinmarketcap_data_api_listings_historical
2026-02-27,25990,HUNDRED,HUNDRED,0.00016784,0.0,3225.89,coinmarketcap_data_api_listings_historical
2026-02-27,35758,TIT,TITAN,0.01000674,0.0,3215.64,coinmarketcap_data_api_listings_historical
2026-02-27,24527,XRPC,Xrp Classic (new),0.0004193,0.0,3214.69,coinmarketcap_data_api_listings_historical
2026-02-27,36637,FLIGHT,Flight Coin,5.3e-07,0.0,3210.81,coinmarketcap_data_api_listings_historical
2026-02-27,28364,ETF,ETF,0.0,0.0,3185.55,coinmarketcap_data_api_listings_historical
2026-02-27,16219,FBX,FireBot,0.2336772,0.0,3173.31,coinmarketcap_data_api_listings_historical
2026-02-27,38645,NYAN,Nyan Cat (nyancoin.io),0.00013858,0.0,3166.14,coinmarketcap_data_api_listings_historical
2026-02-27,36132,AFT,AIFlow,0.00032344,0.0,3161.21,coinmarketcap_data_api_listings_historical
2026-02-27,4105,XCM,Coinmetro Token,0.04975857,0.0,3157.62,coinmarketcap_data_api_listings_historical
2026-02-27,9928,SPACE,Space Token,0.00142612,0.0,3114.51,coinmarketcap_data_api_listings_historical
2026-02-27,37703,FM,Moonlander,0.00468181,0.0,3107.88,coinmarketcap_data_api_listings_historical
2026-02-27,20828,OSK,OSK,0.93363939,0.0,3107.0,coinmarketcap_data_api_listings_historical
2026-02-27,21672,HGG,Hedera Guild Game,0.0001272,0.0,3100.47,coinmarketcap_data_api_listings_historical
2026-02-27,33447,SQUID,Squid Game (CTO),0.0019302,0.0,3099.18,coinmarketcap_data_api_listings_historical
2026-02-27,39010,BHC,Block Hub Coin,0.73206712,0.0,3055.8,coinmarketcap_data_api_listings_historical
2026-02-27,33006,FAH,Falcons,1.35270061,0.0,3054.7,coinmarketcap_data_api_listings_historical
2026-02-27,33917,FTD,42DAO,0.03180226,0.0,3042.94,coinmarketcap_data_api_listings_historical
2026-02-27,36284,BASE,Base is for everyone,0.00035133,0.0,3038.75,coinmarketcap_data_api_listings_historical
2026-02-27,2496,POLY,Polymath,0.08021846,0.0,2979.57,coinmarketcap_data_api_listings_historical
2026-02-27,19923,MATICX,Stader MaticX,0.12761812,0.0,2976.94,coinmarketcap_data_api_listings_historical
2026-02-27,34268,GLDT,GLDT,1.40255811,0.0,2970.12,coinmarketcap_data_api_listings_historical
2026-02-27,38139,OMFG,Omnipair,0.27577058,0.0,2966.88,coinmarketcap_data_api_listings_historical
2026-02-27,30226,$mfer,mfercoin,0.0007054,0.0,2900.03,coinmarketcap_data_api_listings_historical
2026-02-27,16010,SILO,Silo Finance,0.00304643,0.0,2858.9,coinmarketcap_data_api_listings_historical
2026-02-27,24310,IZE,Galvan,6.937e-05,0.0,2819.34,coinmarketcap_data_api_listings_historical
2026-02-27,1382,NLC,NoLimitCoin,0.00094854,0.0,2783.5,coinmarketcap_data_api_listings_historical
2026-02-27,37347,USDC.A,USDC.a Bridged ART20,1.00161125,0.0,2782.8,coinmarketcap_data_api_listings_historical
2026-02-27,37383,旺柴,wechat doge,9.274e-05,0.0,2771.68,coinmarketcap_data_api_listings_historical
2026-02-27,33664,$DICE,Mega Dice Casino,0.00080485,0.0,2770.85,coinmarketcap_data_api_listings_historical
2026-02-27,32416,EKUBO,Ekubo Protocol,1.71090119,0.0,2769.3,coinmarketcap_data_api_listings_historical
2026-02-27,17573,RPC,Ripio Coin,0.01321833,0.0,2726.35,coinmarketcap_data_api_listings_historical
2026-02-27,24882,4CHAN,4-CHAN,0.0,0.0,2724.23,coinmarketcap_data_api_listings_historical
2026-02-27,30760,NAI,Nuklai,0.00019705,0.0,2721.91,coinmarketcap_data_api_listings_historical
2026-02-27,31103,TOMAN,IRR,1.16e-05,0.0,2711.58,coinmarketcap_data_api_listings_historical
2026-02-27,14299,JUNO,JUNO,0.02880321,0.0,2643.86,coinmarketcap_data_api_listings_historical
2026-02-27,34963,WMC,Wrapped MistCoin,1.40380207,0.0,2612.55,coinmarketcap_data_api_listings_historical
2026-02-27,35348,UTHR,Utherverse Xaeon,0.02676826,0.0,2588.15,coinmarketcap_data_api_listings_historical
2026-02-27,39106,BC400,Bitcoin Cultivator 400,7.54e-05,0.0,2507.15,coinmarketcap_data_api_listings_historical
2026-02-27,38792,BIGW,BigWater,0.00041336,0.0,2497.08,coinmarketcap_data_api_listings_historical
2026-02-27,23374,ASTRO,Astroport,0.00132095,0.0,2495.56,coinmarketcap_data_api_listings_historical
2026-02-27,38329,XVM,VOLT,0.00032067,0.0,2477.25,coinmarketcap_data_api_listings_historical
2026-02-27,20782,KFI,Klever Finance,0.41770245,0.0,2457.41,coinmarketcap_data_api_listings_historical
2026-02-27,24642,ATHX,Athena DexFi,0.01003974,0.0,2441.51,coinmarketcap_data_api_listings_historical
2026-02-27,5375,HBD,Hive Dollar,0.84468544,0.0,2386.07,coinmarketcap_data_api_listings_historical
2026-02-27,12607,SLB,Solberg,0.0080891,0.0,2385.61,coinmarketcap_data_api_listings_historical
2026-02-27,3156,ABL,Airbloc,7.815e-05,0.0,2366.57,coinmarketcap_data_api_listings_historical
2026-02-27,30787,BIRDDOG,Bird Dog,6.9e-07,0.0,2346.46,coinmarketcap_data_api_listings_historical
2026-02-27,38375,COPE,Cope,9.691e-05,0.0,2336.06,coinmarketcap_data_api_listings_historical
2026-02-27,30657,TOBY,toby,1e-08,0.0,2310.31,coinmarketcap_data_api_listings_historical
2026-02-27,39152,MTHT,MetaHint,0.92777778,0.0,2302.95,coinmarketcap_data_api_listings_historical
2026-02-27,31056,FRIEND,Friend.tech,0.00497233,0.0,2272.6,coinmarketcap_data_api_listings_historical
2026-02-27,39581,ROU,Routine Coin,0.00083103,0.0,2251.1,coinmarketcap_data_api_listings_historical
2026-02-27,34655,GEMINI,Gemini,0.00011814,0.0,2229.49,coinmarketcap_data_api_listings_historical
2026-02-27,28152,GEMSTON,GEMSTON,0.06080222,0.0,2193.3,coinmarketcap_data_api_listings_historical
2026-02-27,38643,YBNB,Yellow BNB,5.715e-05,0.0,2182.9,coinmarketcap_data_api_listings_historical
2026-02-27,38998,NCT,New Cat v2,8e-07,0.0,2161.98,coinmarketcap_data_api_listings_historical
2026-02-27,35612,ADIX,Adix,2.1e-06,0.0,2157.4,coinmarketcap_data_api_listings_historical
2026-02-27,10929,ZPAY,ZoidPay,0.00423762,0.0,2151.69,coinmarketcap_data_api_listings_historical
2026-02-27,29687,BODEN,Jeo Boden,0.00080197,0.0,2122.75,coinmarketcap_data_api_listings_historical
2026-02-27,16357,TRYC,TRYC,0.02274585,0.0,2122.25,coinmarketcap_data_api_listings_historical
2026-02-27,27363,DLLR,Sovryn Dollar,0.98700722,0.0,2094.88,coinmarketcap_data_api_listings_historical
2026-02-27,38661,ZIB,Ziba,0.0001511,0.0,2080.0,coinmarketcap_data_api_listings_historical
2026-02-27,36760,$SILVER,$SILVER,0.0,0.0,2079.94,coinmarketcap_data_api_listings_historical
2026-02-27,30985,GVL,Greever,0.00081229,0.0,2055.49,coinmarketcap_data_api_listings_historical
2026-02-27,23315,HILO,HILO,0.01045685,0.0,2046.16,coinmarketcap_data_api_listings_historical
2026-02-27,38453,ORBD,OrbitEdge,0.03693841,0.0,2040.94,coinmarketcap_data_api_listings_historical
2026-02-27,34921,MUSIC,Music by Virtuals,0.00018687,0.0,2022.16,coinmarketcap_data_api_listings_historical
2026-02-27,23204,GENI,Genius,5.8e-07,0.0,2010.95,coinmarketcap_data_api_listings_historical
2026-02-27,33990,DEGOD,DEGOD,0.0002093,0.0,2007.75,coinmarketcap_data_api_listings_historical
2026-02-27,34495,PHI,Phicoin,0.00027399,0.0,1998.54,coinmarketcap_data_api_listings_historical
2026-02-27,8899,XSUSHI,xSUSHI,0.3185591,0.0,1986.51,coinmarketcap_data_api_listings_historical
2026-02-27,36655,USD.T,Ukrainian Sanctioned Digital Token,1.0029802,0.0,1973.94,coinmarketcap_data_api_listings_historical
2026-02-27,36387,$WSOD,World Series of Degens,0.00010289,0.0,1973.87,coinmarketcap_data_api_listings_historical
2026-02-27,31541,PESHI,PESHI,1.9e-07,0.0,1964.79,coinmarketcap_data_api_listings_historical
2026-02-27,36141,POLLEN,Beraborrow,0.00109243,0.0,1961.87,coinmarketcap_data_api_listings_historical
2026-02-27,29584,MYTH,Mystic Land Coin,0.04999868,0.0,1958.79,coinmarketcap_data_api_listings_historical
2026-02-27,32323,MXNB,MXNB,0.05799769,0.0,1957.89,coinmarketcap_data_api_listings_historical
2026-02-27,35964,MT,Mint Token,0.00296253,0.0,1936.54,coinmarketcap_data_api_listings_historical
2026-02-27,37530,XIAOBAI,XiaoBai (xiaobai.digital),0.0,0.0,1929.06,coinmarketcap_data_api_listings_historical
2026-02-27,29517,LUSH,Lush AI,0.00040032,0.0,1883.14,coinmarketcap_data_api_listings_historical
2026-02-27,19006,RADIO,RadioShack,0.00023362,0.0,1873.05,coinmarketcap_data_api_listings_historical
2026-02-27,29091,TONNEL,TONNEL Network,0.61411884,0.0,1861.39,coinmarketcap_data_api_listings_historical
2026-02-27,30117,FISH,TON FISH MEMECOIN,0.0,0.0,1820.11,coinmarketcap_data_api_listings_historical
2026-02-27,6961,G$,GoodDollar,0.00011159,0.0,1800.61,coinmarketcap_data_api_listings_historical
2026-02-27,36847,COPPER,$COPPER,0.0,0.0,1793.87,coinmarketcap_data_api_listings_historical
2026-02-27,23115,SHEN,Shen,0.21047904,0.0,1769.39,coinmarketcap_data_api_listings_historical
2026-02-27,13672,BSX,Basilisk,1.365e-05,0.0,1754.19,coinmarketcap_data_api_listings_historical
2026-02-27,39039,TCT,Tectum Cash Token,0.00313417,0.0,1752.51,coinmarketcap_data_api_listings_historical
2026-02-27,19034,SPACEPI,SpacePi,0.0,0.0,1740.33,coinmarketcap_data_api_listings_historical
2026-02-27,34625,PIP,PiP (Hyperliquid),1.68029105,0.0,1739.84,coinmarketcap_data_api_listings_historical
2026-02-27,23076,LKT,Lux King Tech,85.09858509,0.0,1721.98,coinmarketcap_data_api_listings_historical
2026-02-27,30406,AABL,Abble,5.651e-05,0.0,1694.15,coinmarketcap_data_api_listings_historical
2026-02-27,38933,CHARLIE,Charlie,5.61e-06,0.0,1691.02,coinmarketcap_data_api_listings_historical
2026-02-27,22730,MIA,MiaSwap,0.00170141,0.0,1665.11,coinmarketcap_data_api_listings_historical
2026-02-27,37370,SMT,SmartMall,0.17323266,0.0,1663.29,coinmarketcap_data_api_listings_historical
2026-02-27,23931,DOGECUBE,DOGECUBE,2.3e-06,0.0,1662.37,coinmarketcap_data_api_listings_historical
2026-02-27,36684,CDR,Cedar,0.00140105,0.0,1636.75,coinmarketcap_data_api_listings_historical
2026-02-27,39463,DM,Dumb Money,2.316e-05,0.0,1636.36,coinmarketcap_data_api_listings_historical
2026-02-27,22389,MMSC,MMSC PLATFORM,0.07179639,0.0,1620.57,coinmarketcap_data_api_listings_historical
2026-02-27,36345,DOLR,DOLR AI,0.00031018,0.0,1608.23,coinmarketcap_data_api_listings_historical
2026-02-27,36217,BOOGIE,Boogie,2.6e-05,0.0,1604.77,coinmarketcap_data_api_listings_historical
2026-02-27,34936,SHIFU,Shifu,3.6e-06,0.0,1592.41,coinmarketcap_data_api_listings_historical
2026-02-27,35649,BEENZ,BEENZ,3.909e-05,0.0,1584.1,coinmarketcap_data_api_listings_historical
2026-02-27,15973,MEOW,MEOW,0.00087584,0.0,1576.59,coinmarketcap_data_api_listings_historical
2026-02-27,34896,LOKY,Loky AI,0.00036037,0.0,1564.37,coinmarketcap_data_api_listings_historical
2026-02-27,30045,GRIMACE,Grimace,0.05698906,0.0,1553.37,coinmarketcap_data_api_listings_historical
2026-02-27,23348,TALNT,Decentralized Pictures,0.02050658,0.0,1532.12,coinmarketcap_data_api_listings_historical
2026-02-27,16209,OHM,Olympus v1,100.10994775,0.0,1529.74,coinmarketcap_data_api_listings_historical
2026-02-27,28428,SOH,Stohn Coin,0.00897046,0.0,1525.98,coinmarketcap_data_api_listings_historical
2026-02-27,16168,NITRO,Nitro League,9.29e-05,0.0,1518.22,coinmarketcap_data_api_listings_historical
2026-02-27,39077,RIFTS,Rifts Finance,0.00027473,0.0,1498.7,coinmarketcap_data_api_listings_historical
2026-02-27,8442,ETHIX,EthicHub,0.20324365,0.0,1476.17,coinmarketcap_data_api_listings_historical
2026-02-27,25184,MANIA,ScapesMania,0.00016696,0.0,1474.93,coinmarketcap_data_api_listings_historical
2026-02-27,32044,MICHI,Michi,0.0014609,0.0,1463.71,coinmarketcap_data_api_listings_historical
2026-02-27,36399,TOKERO,TOKERO,0.00255071,0.0,1462.58,coinmarketcap_data_api_listings_historical
2026-02-27,22468,QUO,Quoll Finance,0.00010854,0.0,1449.79,coinmarketcap_data_api_listings_historical
2026-02-27,9085,BOMB,fBomb,0.01199495,0.0,1449.52,coinmarketcap_data_api_listings_historical
2026-02-27,16982,mCEUR,Moola Celo EUR,1.17975695,0.0,1438.36,coinmarketcap_data_api_listings_historical
2026-02-27,6264,DEC,Dark Energy Crystals,0.00060566,0.0,1429.66,coinmarketcap_data_api_listings_historical
2026-02-27,39609,KIMCHI,Kimchi (kimchicto.xyz),0.0,0.0,1407.34,coinmarketcap_data_api_listings_historical
2026-02-27,30453,ANDY,Andy (Base),0.00065146,0.0,1398.3,coinmarketcap_data_api_listings_historical
2026-02-27,36104,TAT,Tell A Tale,0.00029091,0.0,1396.28,coinmarketcap_data_api_listings_historical
2026-02-27,31616,PEPE,Pepe,0.00023768,0.0,1395.92,coinmarketcap_data_api_listings_historical
2026-02-27,36425,ALGOAI,ALGORITHA AI,9.91e-06,0.0,1374.51,coinmarketcap_data_api_listings_historical
2026-02-27,31253,DOOMER,Doomer,0.00036171,0.0,1372.16,coinmarketcap_data_api_listings_historical
2026-02-27,36070,GRAB,GRABWAY,0.00591084,0.0,1370.62,coinmarketcap_data_api_listings_historical
2026-02-27,39579,BTC,Bitcoin Gold AI,0.00072471,0.0,1360.91,coinmarketcap_data_api_listings_historical
2026-02-27,170,BLK,BlackCoin,0.03951954,0.0,1355.47,coinmarketcap_data_api_listings_historical
2026-02-27,37581,ATS,Anubhav Trainings,4.891e-05,0.0,1342.42,coinmarketcap_data_api_listings_historical
2026-02-27,33682,SHIKOKU,Mikawa Inu,0.0,0.0,1331.35,coinmarketcap_data_api_listings_historical
2026-02-27,38764,WERC,WERC,1.16990834,0.0,1321.62,coinmarketcap_data_api_listings_historical
2026-02-27,11765,BIGSB,BigShortBets,0.50118567,0.0,1307.15,coinmarketcap_data_api_listings_historical
2026-02-27,29876,KUNAI,KunaiKash,0.009301,0.0,1292.73,coinmarketcap_data_api_listings_historical
2026-02-27,36606,DIS,Distribute.ai,0.00035398,0.0,1292.29,coinmarketcap_data_api_listings_historical
2026-02-27,34385,YBR,YieldBricks,7.532e-05,0.0,1288.36,coinmarketcap_data_api_listings_historical
2026-02-27,25261,JKL,Jackal Protocol,0.00639025,0.0,1267.97,coinmarketcap_data_api_listings_historical
2026-02-27,26152,ETPOS,EtherPOS,0.08578767,0.0,1265.94,coinmarketcap_data_api_listings_historical
2026-02-27,37767,SYMM,SymVerse (symverse.org),0.04707876,0.0,1259.82,coinmarketcap_data_api_listings_historical
2026-02-27,28238,GYROWIN,Gyrowin,0.00015634,0.0,1259.71,coinmarketcap_data_api_listings_historical
2026-02-27,18761,LOOP,Loop Network,0.00557666,0.0,1208.49,coinmarketcap_data_api_listings_historical
2026-02-27,33271,TIMES,DARKTIMES,0.00089345,0.0,1204.9,coinmarketcap_data_api_listings_historical
2026-02-27,31832,CHIPPY,FISH N CHIPS,0.0008096,0.0,1199.83,coinmarketcap_data_api_listings_historical
2026-02-27,38994,CDG,CDG PROJECT,0.0130007,0.0,1197.12,coinmarketcap_data_api_listings_historical
2026-02-27,36176,EVA,EVA AI,0.00383296,0.0,1180.66,coinmarketcap_data_api_listings_historical
2026-02-27,38379,0XY,0xy,0.01737775,0.0,1180.21,coinmarketcap_data_api_listings_historical
2026-02-27,39041,MFM,Meme Millionaires,0.00020132,0.0,1173.27,coinmarketcap_data_api_listings_historical
2026-02-27,15354,OPENX,OpenSwap Optimism Token,0.01177881,0.0,1171.88,coinmarketcap_data_api_listings_historical
2026-02-27,39011,USDG,USDGOLD,1.00012591,0.0,1169.98,coinmarketcap_data_api_listings_historical
2026-02-27,39478,HOOD,Robinhood Markets (Derivatives),75.5090915,0.0,1164.14,coinmarketcap_data_api_listings_historical
2026-02-27,34734,SFG,SolForge Fusion,0.02741849,0.0,1148.27,coinmarketcap_data_api_listings_historical
2026-02-27,12489,GUARD,Guardian,0.02375766,0.0,1133.16,coinmarketcap_data_api_listings_historical
2026-02-27,29462,SNEED,Sneed,59.85448473,0.0,1112.46,coinmarketcap_data_api_listings_historical
2026-02-27,21430,THB,Thunder Brawl,0.02071899,0.0,1106.42,coinmarketcap_data_api_listings_historical
2026-02-27,29741,SOLNIC,Solnic,0.00160558,0.0,1097.26,coinmarketcap_data_api_listings_historical
2026-02-27,22442,PALM,PalmPay,0.02967869,0.0,1089.02,coinmarketcap_data_api_listings_historical
2026-02-27,38599,TRASH,TRASH COIN,0.00017747,0.0,1081.58,coinmarketcap_data_api_listings_historical
2026-02-27,27220,NIX,NIX,0.00654359,0.0,1072.8,coinmarketcap_data_api_listings_historical
2026-02-27,32133,XPX,XPX,3.54e-06,0.0,1068.18,coinmarketcap_data_api_listings_historical
2026-02-27,36689,BURN,Burncoin,0.00803559,0.0,1063.79,coinmarketcap_data_api_listings_historical
2026-02-27,12414,MRHB,MRHB DeFi Network,0.00039393,0.0,1062.85,coinmarketcap_data_api_listings_historical
2026-02-27,38781,TONXX,TON xStock,1.95,0.0,1059.69,coinmarketcap_data_api_listings_historical
2026-02-27,31961,NEURON,Cerebrum DAO,3.435e-05,0.0,1050.75,coinmarketcap_data_api_listings_historical
2026-02-27,35770,PIAI,Pi Network AI,0.0,0.0,1041.95,coinmarketcap_data_api_listings_historical
2026-02-27,38766,FIST,FIST,0.00028824,0.0,1036.98,coinmarketcap_data_api_listings_historical
2026-02-27,36749,TACC,The Abundance Community Coin,0.05808505,0.0,1033.3,coinmarketcap_data_api_listings_historical
2026-02-27,38658,TWC,TIWICAT,0.0,0.0,1032.55,coinmarketcap_data_api_listings_historical
2026-02-27,215,RBY,Rubycoin,0.00246998,0.0,1031.34,coinmarketcap_data_api_listings_historical
2026-02-27,38944,RAI,RAI Token,99.99322113,0.0,1027.8,coinmarketcap_data_api_listings_historical
2026-02-27,38335,JET2,Jet2Holidays,1.627e-05,0.0,1026.6,coinmarketcap_data_api_listings_historical
2026-02-27,38919,LAMBO,LAMBO,0.00059319,0.0,1026.16,coinmarketcap_data_api_listings_historical
2026-02-27,32872,CSW,Crosswalk,7.45e-06,0.0,1018.64,coinmarketcap_data_api_listings_historical
2026-02-27,34937,ZD,Zarraz Dollar,0.01564094,0.0,1016.53,coinmarketcap_data_api_listings_historical
2026-02-27,28440,NLINK,Neuralink,0.0,0.0,1015.38,coinmarketcap_data_api_listings_historical
2026-02-27,29253,HOLD,Everybody Holds,0.00012301,0.0,1007.9,coinmarketcap_data_api_listings_historical
2026-02-27,3718,BTTOLD,BitTorrent,0.00035728,0.0,1006.51,coinmarketcap_data_api_listings_historical
2026-02-27,34186,DROP,DROP,2.05494345,0.0,1003.12,coinmarketcap_data_api_listings_historical
2026-02-27,35391,PEPO,PEPO,0.00023768,0.0,997.7,coinmarketcap_data_api_listings_historical
2026-02-27,5049,VRSC,Verus,0.750709,0.0,992.08,coinmarketcap_data_api_listings_historical
2026-02-27,38656,WAGMI,WAGMI,0.00048354,0.0,989.61,coinmarketcap_data_api_listings_historical
2026-02-27,37604,FARTLESS,FARTLESS COIN,3.209e-05,0.0,989.0,coinmarketcap_data_api_listings_historical
2026-02-27,12767,FODL,FODL Finance,0.00029775,0.0,978.44,coinmarketcap_data_api_listings_historical
2026-02-27,34979,DICKBUTT,Dickbutt,4.7e-06,0.0,976.46,coinmarketcap_data_api_listings_historical
2026-02-27,35081,WEBSIM,The Css God by Virtuals,8.258e-05,0.0,969.77,coinmarketcap_data_api_listings_historical
2026-02-27,35316,LEO,Leoono,7.692e-05,0.0,964.94,coinmarketcap_data_api_listings_historical
2026-02-27,30447,SPDR,Spiderswap,0.00289496,0.0,954.58,coinmarketcap_data_api_listings_historical
2026-02-27,27374,LDZ,Voodoo Token,0.00119622,0.0,945.27,coinmarketcap_data_api_listings_historical
2026-02-27,20724,LKSM,Liquid KSM,0.98785426,0.0,941.23,coinmarketcap_data_api_listings_historical
2026-02-27,31052,FECES,FECES,8.148e-05,0.0,934.71,coinmarketcap_data_api_listings_historical
2026-02-27,25097,BIBI,BIBI,0.0,0.0,932.72,coinmarketcap_data_api_listings_historical
2026-02-27,35226,ASV,Asvoria,0.00718358,0.0,924.66,coinmarketcap_data_api_listings_historical
2026-02-27,22633,C4E,C4E,0.0020835,0.0,920.46,coinmarketcap_data_api_listings_historical
2026-02-27,31705,RNT,Real Nigger Tate,0.00043358,0.0,885.31,coinmarketcap_data_api_listings_historical
2026-02-27,35317,LESTER,LESTER by Virtuals,7.769e-05,0.0,882.58,coinmarketcap_data_api_listings_historical
2026-02-27,39366,PFF,PumpFunFloki,8.594e-05,0.0,880.49,coinmarketcap_data_api_listings_historical
2026-02-27,23452,gCOTI,COTI Governance Token,0.00253491,0.0,873.38,coinmarketcap_data_api_listings_historical
2026-02-27,36349,CHIRP,Chirper AI,0.00019208,0.0,872.64,coinmarketcap_data_api_listings_historical
2026-02-27,33988,CHEYENNE,Cheyenne,8.32e-05,0.0,871.63,coinmarketcap_data_api_listings_historical
2026-02-27,33898,KONG,KongSwap,0.00234798,0.0,866.33,coinmarketcap_data_api_listings_historical
2026-02-27,20921,BOMB,Bombcrypto (MATIC),0.00760645,0.0,863.73,coinmarketcap_data_api_listings_historical
2026-02-27,23281,COM,Communis,0.0,0.0,859.19,coinmarketcap_data_api_listings_historical
2026-02-27,12209,AIR,Altair,0.00109654,0.0,852.58,coinmarketcap_data_api_listings_historical
2026-02-27,33515,ACCES,Metacces,0.0152596,0.0,843.22,coinmarketcap_data_api_listings_historical
2026-02-27,35593,LYNK,LYNK,0.00172468,0.0,833.1,coinmarketcap_data_api_listings_historical
2026-02-27,29662,RYU,The Blue Dragon,0.0,0.0,824.12,coinmarketcap_data_api_listings_historical
2026-02-27,23694,CLOUD,CRYPTO CLOUD,0.00135765,0.0,819.3,coinmarketcap_data_api_listings_historical
2026-02-27,5802,XOR,SORA,0.0,0.0,818.95,coinmarketcap_data_api_listings_historical
2026-02-27,15691,WX,WX Token,0.00116306,0.0,797.69,coinmarketcap_data_api_listings_historical
2026-02-27,23977,LUFFY,Luffy,1.1e-05,0.0,797.0,coinmarketcap_data_api_listings_historical
2026-02-27,30766,OBICOIN,OBI Real Estate,0.00154627,0.0,792.58,coinmarketcap_data_api_listings_historical
2026-02-27,37655,SCAN,SCAN,6.983e-05,0.0,786.51,coinmarketcap_data_api_listings_historical
2026-02-27,38598,TSAT,Satoshi a BTC Stablecoin,0.00065234,0.0,782.6,coinmarketcap_data_api_listings_historical
2026-02-27,39004,EDGEAI,EdgeAI,2.33728172,0.0,780.8,coinmarketcap_data_api_listings_historical
2026-02-27,32510,MIND,MindCoin,1.81e-06,0.0,780.34,coinmarketcap_data_api_listings_historical
2026-02-27,33176,PUGWIF,PUGWIFHAT,3.967e-05,0.0,778.03,coinmarketcap_data_api_listings_historical
2026-02-27,38804,LYC,LYC,0.00028043,0.0,768.34,coinmarketcap_data_api_listings_historical
2026-02-27,38673,VFX,ViFox Coin,0.70797288,0.0,763.6,coinmarketcap_data_api_listings_historical
2026-02-27,35300,BRAIN,Gigabrain by virtuals,0.00038155,0.0,746.22,coinmarketcap_data_api_listings_historical
2026-02-27,39110,NPRO,NPRO,0.18979602,0.0,736.8,coinmarketcap_data_api_listings_historical
2026-02-27,4119,VD,VinDax Coin,0.01154887,0.0,736.27,coinmarketcap_data_api_listings_historical
2026-02-27,15841,KNIGHT,KnightSwap,0.00026539,0.0,732.95,coinmarketcap_data_api_listings_historical
2026-02-27,12810,DVK,Devikins,0.0001097,0.0,722.95,coinmarketcap_data_api_listings_historical
2026-02-27,35539,EVAL,EVAL Engine,0.0004382,0.0,693.95,coinmarketcap_data_api_listings_historical
2026-02-27,30678,DITH,Dither AI,0.00623348,0.0,685.98,coinmarketcap_data_api_listings_historical
2026-02-27,20801,FOXY,Famous Fox Federation,0.00149147,0.0,678.88,coinmarketcap_data_api_listings_historical
2026-02-27,38425,QACE,Qace Dynamics,1.884e-05,0.0,675.65,coinmarketcap_data_api_listings_historical
2026-02-27,11415,YAK,Yield Yak,90.6447193,0.0,673.29,coinmarketcap_data_api_listings_historical
2026-02-27,37419,QTX,Quantrex,0.19033598,0.0,671.19,coinmarketcap_data_api_listings_historical
2026-02-27,35498,USTREAM,Ustream Coin,7.876e-05,0.0,667.41,coinmarketcap_data_api_listings_historical
2026-02-27,35279,$LIMBO,Limbo,0.00022864,0.0,664.63,coinmarketcap_data_api_listings_historical
2026-02-27,11145,PLS,Pulsechain,8.92e-06,0.0,663.93,coinmarketcap_data_api_listings_historical
2026-02-27,34213,GM,GM Everyday,1.817e-05,0.0,663.43,coinmarketcap_data_api_listings_historical
2026-02-27,6833,LIT,Litentry,0.02533097,0.0,660.68,coinmarketcap_data_api_listings_historical
2026-02-27,644,BSTY,GlobalBoost,0.06600946,0.0,657.36,coinmarketcap_data_api_listings_historical
2026-02-27,35535,AMERICAI,AMERICA AI Agent,0.0,0.0,648.89,coinmarketcap_data_api_listings_historical
2026-02-27,17551,DAOSOL,MonkeDAO,98.92373587,0.0,645.1,coinmarketcap_data_api_listings_historical
2026-02-27,29862,GROW,Grow,0.00044338,0.0,642.78,coinmarketcap_data_api_listings_historical
2026-02-27,37491,ETH2.0,ETH 2.0,0.0,0.0,642.38,coinmarketcap_data_api_listings_historical
2026-02-27,34650,SERAPH,Seraph by Virtuals,3.218e-05,0.0,642.21,coinmarketcap_data_api_listings_historical
2026-02-27,39427,XOGE,Xoge,0.0,0.0,642.15,coinmarketcap_data_api_listings_historical
2026-02-27,8377,SX,SX Network,0.01117667,0.0,630.0,coinmarketcap_data_api_listings_historical
2026-02-27,30101,GNUS,GENIUS AI,0.53434904,0.0,625.02,coinmarketcap_data_api_listings_historical
2026-02-27,32063,CPL,CATERPILLAR,1e-08,0.0,623.58,coinmarketcap_data_api_listings_historical
2026-02-27,29832,FRGX,FRGX Finance,0.00982877,0.0,615.16,coinmarketcap_data_api_listings_historical
2026-02-27,16162,SFM,SafeMoon V2,2.64e-06,0.0,612.86,coinmarketcap_data_api_listings_historical
2026-02-27,38575,CRP,Cryptopeso,0.01819471,0.0,612.85,coinmarketcap_data_api_listings_historical
2026-02-27,34093,CHEESE,Cheese,0.00023523,0.0,609.42,coinmarketcap_data_api_listings_historical
2026-02-27,36591,GIB,gib,5.118e-05,0.0,589.27,coinmarketcap_data_api_listings_historical
2026-02-27,31741,ICS,ICPSwap Token,0.00307945,0.0,588.97,coinmarketcap_data_api_listings_historical
2026-02-27,31386,OKAYEG,Okayeg,5.9e-07,0.0,586.13,coinmarketcap_data_api_listings_historical
2026-02-27,28217,KIZUNA,KIZUNA,0.0,0.0,567.64,coinmarketcap_data_api_listings_historical
2026-02-27,35303,$SYMP,Sympson AI,0.00018111,0.0,567.18,coinmarketcap_data_api_listings_historical
2026-02-27,35631,ASF,Asymmetry Finance,0.04862531,0.0,566.99,coinmarketcap_data_api_listings_historical
2026-02-27,32870,R/SNOOFI,r/snoofi,6.748e-05,0.0,560.95,coinmarketcap_data_api_listings_historical
2026-02-27,32233,PEIPEI,PeiPei,4.4e-07,0.0,560.27,coinmarketcap_data_api_listings_historical
2026-02-27,34898,OLYN,Olyn by Virtuals,0.00028109,0.0,547.69,coinmarketcap_data_api_listings_historical
2026-02-27,28671,FWD,Rewind Protocol,0.46145064,0.0,546.32,coinmarketcap_data_api_listings_historical
2026-02-27,32986,MAO,Mao,7.62e-06,0.0,545.08,coinmarketcap_data_api_listings_historical
2026-02-27,33545,COR,Cortensor,0.00195616,0.0,543.19,coinmarketcap_data_api_listings_historical
2026-02-27,33289,DOGEN,DOGEN,2.287e-05,0.0,538.91,coinmarketcap_data_api_listings_historical
2026-02-27,32293,DGTA,Digitra.com Token,0.00233895,0.0,538.08,coinmarketcap_data_api_listings_historical
2026-02-27,16049,TGT,THORWallet,0.01294198,0.0,530.63,coinmarketcap_data_api_listings_historical
2026-02-27,38141,STAX,STAX Token,0.00095497,0.0,526.2,coinmarketcap_data_api_listings_historical
2026-02-27,21882,BOB,BOB,0.99973295,0.0,520.42,coinmarketcap_data_api_listings_historical
2026-02-27,29659,SHIBAAI,SHIBAAI,0.0,0.0,510.45,coinmarketcap_data_api_listings_historical
2026-02-27,10585,TFI,TrustFi Network,0.00319791,0.0,506.99,coinmarketcap_data_api_listings_historical
2026-02-27,1135,CLUB,ClubCoin,0.00996892,0.0,501.73,coinmarketcap_data_api_listings_historical
2026-02-27,23036,LCRO,Liquid CRO,0.09514604,0.0,498.72,coinmarketcap_data_api_listings_historical
2026-02-27,29249,HARAMBEAI,Harambe AI,0.00058121,0.0,495.69,coinmarketcap_data_api_listings_historical
2026-02-27,10888,NEWB,NewB.Farm,0.49503551,0.0,481.43,coinmarketcap_data_api_listings_historical
2026-02-27,1503,JUP,Jupiter,0.00021907,0.0,480.64,coinmarketcap_data_api_listings_historical
2026-02-27,33530,BSK,BTCSKR,0.00663959,0.0,475.06,coinmarketcap_data_api_listings_historical
2026-02-27,30788,WEB3,Web3 TON Token,0.01037922,0.0,472.16,coinmarketcap_data_api_listings_historical
2026-02-27,28719,SOLS,sols,0.00320679,0.0,471.69,coinmarketcap_data_api_listings_historical
2026-02-27,28030,PASG,Passage,0.00013851,0.0,464.38,coinmarketcap_data_api_listings_historical
2026-02-27,10201,BBT,BitBook,0.00035083,0.0,461.31,coinmarketcap_data_api_listings_historical
2026-02-27,19964,PLS,PlutusDAO,0.00816342,0.0,460.37,coinmarketcap_data_api_listings_historical
2026-02-27,38691,ROXN,Roxonn,0.0015078,0.0,456.46,coinmarketcap_data_api_listings_historical
2026-02-27,34658,PISCES,Pisces,7.112e-05,0.0,456.37,coinmarketcap_data_api_listings_historical
2026-02-27,31303,PPFT,Papparico Finance,7.5e-07,0.0,456.07,coinmarketcap_data_api_listings_historical
2026-02-27,11646,REGEN,Regen Network,0.00264241,0.0,448.19,coinmarketcap_data_api_listings_historical
2026-02-27,32051,GROOVE,GROOVE,3.189e-05,0.0,447.55,coinmarketcap_data_api_listings_historical
2026-02-27,38114,BRIDGE,Hyperbridge,0.01400988,0.0,440.34,coinmarketcap_data_api_listings_historical
2026-02-27,9008,AMI,AMMYI Coin,0.00131971,0.0,436.03,coinmarketcap_data_api_listings_historical
2026-02-27,15169,GENOME,GenomesDao,0.00058736,0.0,436.0,coinmarketcap_data_api_listings_historical
2026-02-27,33389,CDOGE,CDOGE,0.00012619,0.0,435.42,coinmarketcap_data_api_listings_historical
2026-02-27,21952,BFT,The Big Five Token,1.033e-05,0.0,434.24,coinmarketcap_data_api_listings_historical
2026-02-27,22794,CANDY,Bored Candy City,0.00035808,0.0,427.54,coinmarketcap_data_api_listings_historical
2026-02-27,34085,RNA,RNA,0.0,0.0,427.11,coinmarketcap_data_api_listings_historical
2026-02-27,15842,ROCK,Bedrock,0.0002128,0.0,418.6,coinmarketcap_data_api_listings_historical
2026-02-27,39133,AMATO,AMATO,0.00279142,0.0,412.08,coinmarketcap_data_api_listings_historical
2026-02-27,37547,LUNARBITS,Lunarbits,0.00679894,0.0,407.07,coinmarketcap_data_api_listings_historical
2026-02-27,38321,TDN,Todin,0.0005435,0.0,404.83,coinmarketcap_data_api_listings_historical
2026-02-27,36437,PTEK,PropTech,0.03239915,0.0,403.88,coinmarketcap_data_api_listings_historical
2026-02-27,39624,AAPL,Apple Tokenized Stock (Hyperliquid),265.67439572,0.0,402.44,coinmarketcap_data_api_listings_historical
2026-02-27,33101,EGP,Eigenpie,0.03608859,0.0,393.59,coinmarketcap_data_api_listings_historical
2026-02-27,23179,FRONK,Fronk,0.0,0.0,392.48,coinmarketcap_data_api_listings_historical
2026-02-27,7881,SKLAY,sKLAY,0.07291667,0.0,391.67,coinmarketcap_data_api_listings_historical
2026-02-27,32745,ALPHA,Alpha Fi,0.75387804,0.0,391.3,coinmarketcap_data_api_listings_historical
2026-02-27,35187,SUIDEPIN,Sui DePIN,5.711e-05,0.0,390.75,coinmarketcap_data_api_listings_historical
2026-02-27,19413,FGD,Freedom God Dao,0.08730873,0.0,386.33,coinmarketcap_data_api_listings_historical
2026-02-27,25100,SUIP,SuiPad,0.00087465,0.0,384.62,coinmarketcap_data_api_listings_historical
2026-02-27,17839,LENDA,Lenda,9.914e-05,0.0,383.6,coinmarketcap_data_api_listings_historical
2026-02-27,36466,OCOS,OCOS UK,3.208e-05,0.0,378.12,coinmarketcap_data_api_listings_historical
2026-02-27,27489,LTX,Tanox,3.19e-06,0.0,377.59,coinmarketcap_data_api_listings_historical
2026-02-27,19544,PPI,Swappi,0.00087472,0.0,374.2,coinmarketcap_data_api_listings_historical
2026-02-27,38243,KEK,KEK,0.0,0.0,374.05,coinmarketcap_data_api_listings_historical
2026-02-27,5332,CNX,Cofinex,0.17999881,0.0,372.64,coinmarketcap_data_api_listings_historical
2026-02-27,33235,POX,Monkey Pox,0.00193789,0.0,370.69,coinmarketcap_data_api_listings_historical
2026-02-27,19936,SUMMER,Summer,0.00268085,0.0,370.26,coinmarketcap_data_api_listings_historical
2026-02-27,34661,TAURUS,Taurus,5.835e-05,0.0,360.99,coinmarketcap_data_api_listings_historical
2026-02-27,12229,DOGEGF,DogeGF,0.0,0.0,359.33,coinmarketcap_data_api_listings_historical
2026-02-27,34069,BINK,Big Dog Fink,7.752e-05,0.0,358.93,coinmarketcap_data_api_listings_historical
2026-02-27,11973,THALES,Thales,0.13317879,0.0,356.28,coinmarketcap_data_api_listings_historical
2026-02-27,13229,BRUSH,Paintswap (BRUSH),0.00063455,0.0,355.09,coinmarketcap_data_api_listings_historical
2026-02-27,21394,UVT,UvToken,0.00012794,0.0,353.65,coinmarketcap_data_api_listings_historical
2026-02-27,13675,KINT,Kintsugi,0.00702461,0.0,349.11,coinmarketcap_data_api_listings_historical
2026-02-27,38454,GRIPPY,GRIPPY,3.389e-05,0.0,331.85,coinmarketcap_data_api_listings_historical
2026-02-27,15286,DCT,Degree Crypto Token,2.44012034,0.0,329.24,coinmarketcap_data_api_listings_historical
2026-02-27,30531,PONCHO,Poncho,0.00679673,0.0,328.18,coinmarketcap_data_api_listings_historical
2026-02-27,39557,CMR,U.S Critical Mineral Reserve,5.02e-06,0.0,326.48,coinmarketcap_data_api_listings_historical
2026-02-27,28990,MEMES,Solana Deployer,0.00017824,0.0,318.93,coinmarketcap_data_api_listings_historical
2026-02-27,1505,ALIAS,ALIAS,0.0473816,0.0,317.68,coinmarketcap_data_api_listings_historical
2026-02-27,8622,VBNT,Bancor Governance Token,0.30905572,0.0,316.97,coinmarketcap_data_api_listings_historical
2026-02-27,12212,ABR,Allbridge,0.04973662,0.0,316.87,coinmarketcap_data_api_listings_historical
2026-02-27,38785,X402,x402,0.0,0.0,311.6,coinmarketcap_data_api_listings_historical
2026-02-27,34660,LEO,Leo,5.955e-05,0.0,310.94,coinmarketcap_data_api_listings_historical
2026-02-27,35996,RCX,RecycleX,0.00783979,0.0,307.06,coinmarketcap_data_api_listings_historical
2026-02-27,28418,TPAD,Trustpad (New),6.844e-05,0.0,306.63,coinmarketcap_data_api_listings_historical
2026-02-27,2569,CHP,CoinPoker,0.04066431,0.0,300.8,coinmarketcap_data_api_listings_historical
2026-02-27,21726,CAI,Colony Avalanche Index,21.67877385,0.0,299.8,coinmarketcap_data_api_listings_historical
2026-02-27,38824,TXT,Tx24,0.00135344,0.0,299.61,coinmarketcap_data_api_listings_historical
2026-02-27,34664,ARIES,Aries,5.729e-05,0.0,298.37,coinmarketcap_data_api_listings_historical
2026-02-27,23244,OFE,Ofero,0.00052137,0.0,290.54,coinmarketcap_data_api_listings_historical
2026-02-27,31195,DIP,Buy the DIP,0.00036399,0.0,290.04,coinmarketcap_data_api_listings_historical
2026-02-27,30844,PIKA,Pika to Piko,0.00043923,0.0,286.77,coinmarketcap_data_api_listings_historical
2026-02-27,19935,SPRING,Spring,0.00294587,0.0,286.6,coinmarketcap_data_api_listings_historical
2026-02-27,35784,POWER,Powerloom,0.00066975,0.0,283.85,coinmarketcap_data_api_listings_historical
2026-02-27,32819,AXGT,AxonDAO Governance Token,0.00968325,0.0,280.66,coinmarketcap_data_api_listings_historical
2026-02-27,39425,MVP,Crypstocks AI,0.00054789,0.0,280.09,coinmarketcap_data_api_listings_historical
2026-02-27,17429,PUFF,Puff,0.00042457,0.0,277.08,coinmarketcap_data_api_listings_historical
2026-02-27,8665,PAR,Parallel,1.24637663,0.0,276.85,coinmarketcap_data_api_listings_historical
2026-02-27,8826,MCO2,Moss Carbon Credit,0.08932662,0.0,276.85,coinmarketcap_data_api_listings_historical
2026-02-27,2096,RCN,RCN Finance,0.00062912,0.0,274.87,coinmarketcap_data_api_listings_historical
2026-02-27,38592,SGI,SmartGolfToken,0.99793798,0.0,272.73,coinmarketcap_data_api_listings_historical
2026-02-27,39144,YEE,YEE,0.0,0.0,272.17,coinmarketcap_data_api_listings_historical
2026-02-27,38528,AEA,AlphaExchangeAI,2.029e-05,0.0,271.95,coinmarketcap_data_api_listings_historical
2026-02-27,12513,DINO,Dino,0.00015727,0.0,268.61,coinmarketcap_data_api_listings_historical
2026-02-27,34319,AGENTFUN,AgentFun.AI,0.72891407,0.0,267.47,coinmarketcap_data_api_listings_historical
2026-02-27,10031,TENFI,TEN,0.00045874,0.0,262.51,coinmarketcap_data_api_listings_historical
2026-02-27,38382,$IPAX,Icopax,8.89e-05,0.0,261.84,coinmarketcap_data_api_listings_historical
2026-02-27,31703,TOPG,TOP G,0.00013416,0.0,261.54,coinmarketcap_data_api_listings_historical
2026-02-27,33272,FLS,FLOOS,5.498e-05,0.0,256.76,coinmarketcap_data_api_listings_historical
2026-02-27,30351,DPLN,DePlan,0.00223145,0.0,251.18,coinmarketcap_data_api_listings_historical
2026-02-27,18863,VICA,ViCA Token,1.42e-05,0.0,247.9,coinmarketcap_data_api_listings_historical
2026-02-27,34342,TRD,Triad,0.00405507,0.0,247.87,coinmarketcap_data_api_listings_historical
2026-02-27,9438,NMX,Nominex,0.002477,0.0,246.8,coinmarketcap_data_api_listings_historical
2026-02-27,32818,FRED,FRED,0.00013224,0.0,245.9,coinmarketcap_data_api_listings_historical
2026-02-27,16148,FREE,FreeRossDAO,3.333e-05,0.0,245.67,coinmarketcap_data_api_listings_historical
2026-02-27,34667,SAGIT,Sagittarius,5.735e-05,0.0,245.13,coinmarketcap_data_api_listings_historical
2026-02-27,9590,OBOT,Obortech,0.00253798,0.0,244.25,coinmarketcap_data_api_listings_historical
2026-02-27,34891,DORA,DORA AI by Virtuals,0.00016023,0.0,241.78,coinmarketcap_data_api_listings_historical
2026-02-27,26714,BLU,Blue Norva,7.717e-05,0.0,238.95,coinmarketcap_data_api_listings_historical
2026-02-27,35159,BL,BoLe,0.00456691,0.0,233.84,coinmarketcap_data_api_listings_historical
2026-02-27,29772,EARN,HOLD,0.00150887,0.0,228.63,coinmarketcap_data_api_listings_historical
2026-02-27,36368,ART,ExchangeArt,0.00036764,0.0,224.53,coinmarketcap_data_api_listings_historical
2026-02-27,10095,ELK,Elk Finance,0.01346572,0.0,223.78,coinmarketcap_data_api_listings_historical
2026-02-27,22847,FNCY,FNCY,0.0011,0.0,221.79,coinmarketcap_data_api_listings_historical
2026-02-27,23192,EDX,edeXa,0.00330578,0.0,221.76,coinmarketcap_data_api_listings_historical
2026-02-27,83,OMNI,Omni,1.18,0.0,221.21,coinmarketcap_data_api_listings_historical
2026-02-27,15501,DFH,DeFiHorse,0.00011877,0.0,221.13,coinmarketcap_data_api_listings_historical
2026-02-27,6500,TFT,ThreeFold,0.00395605,0.0,220.08,coinmarketcap_data_api_listings_historical
2026-02-27,37676,CLIFFORD,Clifford,2.473e-05,0.0,219.16,coinmarketcap_data_api_listings_historical
2026-02-27,36009,VAI,Vyvo AI,1.64985653,0.0,216.92,coinmarketcap_data_api_listings_historical
2026-02-27,28952,USEDCAR,A Gently Used 2001 Honda Civic,0.00043498,0.0,212.91,coinmarketcap_data_api_listings_historical
2026-02-27,25359,PEPE,Pepe Coin,0.0,0.0,207.84,coinmarketcap_data_api_listings_historical
2026-02-27,37390,SIGMA,Sigma,6.11e-06,0.0,206.4,coinmarketcap_data_api_listings_historical
2026-02-27,19400,PANDA,Panda DAO,0.00067225,0.0,206.34,coinmarketcap_data_api_listings_historical
2026-02-27,34346,HEEHEE,HeeeHeee,0.00034837,0.0,205.77,coinmarketcap_data_api_listings_historical
2026-02-27,39535,SUSDT,SkyTrade Pro,1.34e-06,0.0,204.44,coinmarketcap_data_api_listings_historical
2026-02-27,31477,CHAD,Based Chad,8.86e-06,0.0,204.26,coinmarketcap_data_api_listings_historical
2026-02-27,17535,UXD,UXD Stablecoin,1.04011808,0.0,203.09,coinmarketcap_data_api_listings_historical
2026-02-27,12709,HZM,HZM Coin,0.00020798,0.0,202.59,coinmarketcap_data_api_listings_historical
2026-02-27,35135,SAGE,Sage Universe,5.479e-05,0.0,201.04,coinmarketcap_data_api_listings_historical
2026-02-27,37319,DEGE,DegeCoin,5.604e-05,0.0,198.54,coinmarketcap_data_api_listings_historical
2026-02-27,39056,$GOLD,$GOLD,0.0,0.0,198.52,coinmarketcap_data_api_listings_historical
2026-02-27,22816,NUSA,Nusa,5.9400158,0.0,195.99,coinmarketcap_data_api_listings_historical
2026-02-27,35312,KOGIN,Kogin by Virtuals,2.538e-05,0.0,193.97,coinmarketcap_data_api_listings_historical
2026-02-27,33538,PLAY,PLAY,0.00028274,0.0,193.07,coinmarketcap_data_api_listings_historical
2026-02-27,34663,CAPRICORN,Capricorn,5.671e-05,0.0,188.58,coinmarketcap_data_api_listings_historical
2026-02-27,35577,ANZ,Anzen Finance (ANZ),0.00016977,0.0,188.4,coinmarketcap_data_api_listings_historical
2026-02-27,34900,DEGENC,Degen Capital by Virtuals,0.00010709,0.0,186.59,coinmarketcap_data_api_listings_historical
2026-02-27,33705,BRIL,Brilliantcrypto,0.00816114,0.0,185.51,coinmarketcap_data_api_listings_historical
2026-02-27,39428,DADA,Dadacoin,0.0,0.0,185.47,coinmarketcap_data_api_listings_historical
2026-02-27,19117,CRYN,CRYN,0.37029024,0.0,184.77,coinmarketcap_data_api_listings_historical
2026-02-27,30674,BONK,Bonk on Base,0.0,0.0,182.68,coinmarketcap_data_api_listings_historical
2026-02-27,30322,BENI,Beni,0.0001467,0.0,180.23,coinmarketcap_data_api_listings_historical
2026-02-27,32450,BABYNEIRO,Baby Neiro 2024,0.0,0.0,179.14,coinmarketcap_data_api_listings_historical
2026-02-27,33673,SWITCH,SWITCH,0.00010946,0.0,179.08,coinmarketcap_data_api_listings_historical
2026-02-27,30948,KHAI,Kitten Haimer,0.001113,0.0,178.98,coinmarketcap_data_api_listings_historical
2026-02-27,22439,PROTEO,Proteo DeFi,0.0043044,0.0,178.93,coinmarketcap_data_api_listings_historical
2026-02-27,14896,TAG,Tag Protocol,0.00035499,0.0,171.5,coinmarketcap_data_api_listings_historical
2026-02-27,34178,TYPUS,Typus,0.00045491,0.0,169.8,coinmarketcap_data_api_listings_historical
2026-02-27,36273,GMUBARAK,Ghibli Mubarak,0.0,0.0,168.86,coinmarketcap_data_api_listings_historical
2026-02-27,21951,OKI,HDOKI,9.11e-05,0.0,168.36,coinmarketcap_data_api_listings_historical
2026-02-27,36699,BBOB,BabyBuilder,2.529e-05,0.0,166.32,coinmarketcap_data_api_listings_historical
2026-02-27,12258,SNE,StrongNode Edge,6e-08,0.0,166.23,coinmarketcap_data_api_listings_historical
2026-02-27,3712,CLBK,Cloudbric,0.00026181,0.0,166.18,coinmarketcap_data_api_listings_historical
2026-02-27,28509,JEFF,Jeff World,0.00024306,0.0,165.16,coinmarketcap_data_api_listings_historical
2026-02-27,11242,POTS,Moonpot,0.00380875,0.0,164.27,coinmarketcap_data_api_listings_historical
2026-02-27,39168,AUDX,Aussie Dollar Token,0.71115886,0.0,162.56,coinmarketcap_data_api_listings_historical
2026-02-27,37612,SPX6969,SPX 6969,1.433e-05,0.0,162.3,coinmarketcap_data_api_listings_historical
2026-02-27,30946,WIT,What in Tarnation?,1.914e-05,0.0,160.46,coinmarketcap_data_api_listings_historical
2026-02-27,38818,SWC,Stand With Crypto Fund,0.02747294,0.0,159.27,coinmarketcap_data_api_listings_historical
2026-02-27,37645,LARRY,Evil Larry,0.0009778,0.0,159.0,coinmarketcap_data_api_listings_historical
2026-02-27,17743,JONES,Jones DAO,0.12962668,0.0,158.98,coinmarketcap_data_api_listings_historical
2026-02-27,30240,EMRLD,The Emerald Company,0.00010477,0.0,158.69,coinmarketcap_data_api_listings_historical
2026-02-27,38235,PEG,PEPEGOLD,171.79858598,0.0,158.5,coinmarketcap_data_api_listings_historical
2026-02-27,22736,IST,Inter Stable Token,0.99540327,0.0,157.64,coinmarketcap_data_api_listings_historical
2026-02-27,23119,LVL,Level Finance,0.00891506,0.0,155.67,coinmarketcap_data_api_listings_historical
2026-02-27,33974,AAX,Academic Labs,0.000143,0.0,153.08,coinmarketcap_data_api_listings_historical
2026-02-27,9870,XWIN,xWIN Finance,0.02092354,0.0,151.42,coinmarketcap_data_api_listings_historical
2026-02-27,34243,SATORI,Satori Network,0.32998594,0.0,151.1,coinmarketcap_data_api_listings_historical
2026-02-27,29211,EGG,EGG SOL,1.94e-06,0.0,147.5,coinmarketcap_data_api_listings_historical
2026-02-27,9670,GOL,GogolCoin,0.00102997,0.0,147.02,coinmarketcap_data_api_listings_historical
2026-02-27,24341,DXN,DBXen,0.10535775,0.0,146.19,coinmarketcap_data_api_listings_historical
2026-02-27,28387,GROK,Grok (grokx.codes),0.0,0.0,145.09,coinmarketcap_data_api_listings_historical
2026-02-27,32109,BCHB,Bitcoin Cash on Base,0.00551753,0.0,142.9,coinmarketcap_data_api_listings_historical
2026-02-27,19470,CKC,ChikinCoin,0.0001149,0.0,140.25,coinmarketcap_data_api_listings_historical
2026-02-27,31667,GHOST,IC GHOST,1.527e-05,0.0,139.26,coinmarketcap_data_api_listings_historical
2026-02-27,15574,UMY,KaraStar UMY,0.00079996,0.0,135.9,coinmarketcap_data_api_listings_historical
2026-02-27,34515,CFB,CFB,5.8e-07,0.0,132.44,coinmarketcap_data_api_listings_historical
2026-02-27,18154,METAN,Metan Evolutions,0.00446068,0.0,131.3,coinmarketcap_data_api_listings_historical
2026-02-27,33309,BURN,MSQ Cycle Burn,0.00636617,0.0,129.15,coinmarketcap_data_api_listings_historical
2026-02-27,2540,LCC,Litecoin Cash,0.00197598,0.0,128.17,coinmarketcap_data_api_listings_historical
2026-02-27,31917,XOXNO,XOXNO,0.00815781,0.0,127.98,coinmarketcap_data_api_listings_historical
2026-02-27,2724,ZIPT,Zippie,7.344e-05,0.0,127.1,coinmarketcap_data_api_listings_historical
2026-02-27,29998,BFLOKI,bitFloki,5e-08,0.0,121.86,coinmarketcap_data_api_listings_historical
2026-02-27,37995,AIONIX,Aionix the Hub of AI,4.94e-06,0.0,118.52,coinmarketcap_data_api_listings_historical
2026-02-27,32319,CIRX,Circular Protocol,0.00277493,0.0,117.99,coinmarketcap_data_api_listings_historical
2026-02-27,26067,MILO,MILO Project,0.003125,0.0,117.97,coinmarketcap_data_api_listings_historical
2026-02-27,34666,CANCER,Cancer,5.773e-05,0.0,116.86,coinmarketcap_data_api_listings_historical
2026-02-27,23453,JP,JP,0.00015109,0.0,116.13,coinmarketcap_data_api_listings_historical
2026-02-27,37578,LATINA,Latina Coin,0.00011474,0.0,115.68,coinmarketcap_data_api_listings_historical
2026-02-27,34948,SEND,Sendcoin,2.744e-05,0.0,115.05,coinmarketcap_data_api_listings_historical
2026-02-27,36683,JOS,JuliaOS,7.351e-05,0.0,114.13,coinmarketcap_data_api_listings_historical
2026-02-27,31995,ANDY,ANDY (BSC),4.7e-07,0.0,113.32,coinmarketcap_data_api_listings_historical
2026-02-27,34665,SCORPIO,Scorpio,5.765e-05,0.0,112.14,coinmarketcap_data_api_listings_historical
2026-02-27,38254,CST,Crypto Sustainable Token,327.32896434,0.0,111.48,coinmarketcap_data_api_listings_historical
2026-02-27,17306,LSR,LaserEyes,0.00068105,0.0,110.36,coinmarketcap_data_api_listings_historical
2026-02-27,36503,FITCOIN,Fitted,1.908e-05,0.0,110.02,coinmarketcap_data_api_listings_historical
2026-02-27,234,EFL,e-Gulden,0.06454858,0.0,108.9,coinmarketcap_data_api_listings_historical
2026-02-27,34370,HGT,Project Hive,1.129e-05,0.0,108.89,coinmarketcap_data_api_listings_historical
2026-02-27,17349,QWT,QoWatt,0.0002693,0.0,107.25,coinmarketcap_data_api_listings_historical
2026-02-27,13735,SDOGE,SolDoge,2.62e-06,0.0,101.26,coinmarketcap_data_api_listings_historical
2026-02-27,13197,KNOX,KnoxDAO,0.00178139,0.0,101.12,coinmarketcap_data_api_listings_historical
2026-02-27,37508,ERN,Ethernity Chain,0.0258772,0.0,99.01,coinmarketcap_data_api_listings_historical
2026-02-27,25615,PSYOP,Psyop,1.967e-05,0.0,96.82,coinmarketcap_data_api_listings_historical
2026-02-27,3933,SWIFT,SwiftCash,0.00054127,0.0,96.75,coinmarketcap_data_api_listings_historical
2026-02-27,22744,JEUR,Jarvis Synthetic Euro,0.07525984,0.0,95.57,coinmarketcap_data_api_listings_historical
2026-02-27,30502,$DAUMEN,Daumenfrosch,0.00573351,0.0,95.0,coinmarketcap_data_api_listings_historical
2026-02-27,11469,SOLPAD,Solpad Finance,2.5e-07,0.0,94.8,coinmarketcap_data_api_listings_historical
2026-02-27,39470,GOOGL,Alphabet Inc (Derivatives),310.0067979,0.0,92.48,coinmarketcap_data_api_listings_historical
2026-02-27,36961,BUDDY,alright buddy,0.00081884,0.0,88.78,coinmarketcap_data_api_listings_historical
2026-02-27,10178,RABBIT,Rabbit Finance,0.00023573,0.0,88.47,coinmarketcap_data_api_listings_historical
2026-02-27,32527,PEPE,Pepe of Solana,3.61e-06,0.0,87.96,coinmarketcap_data_api_listings_historical
2026-02-27,23230,DOGGO,DOGGO,0.0,0.0,87.08,coinmarketcap_data_api_listings_historical
2026-02-27,34488,GOBI,GOBI,1.222e-05,0.0,86.05,coinmarketcap_data_api_listings_historical
2026-02-27,35013,DESCIAI,DeSci AI Agent,0.0,0.0,85.31,coinmarketcap_data_api_listings_historical
2026-02-27,38962,MEC,Mellion Coin,8.91716978,0.0,84.86,coinmarketcap_data_api_listings_historical
2026-02-27,33364,BRIAN,Brian,0.0003673,0.0,83.02,coinmarketcap_data_api_listings_historical
2026-02-27,22652,MLC,Mithila Coin,0.01980926,0.0,82.28,coinmarketcap_data_api_listings_historical
2026-02-27,10514,HUNNY,HUNNY FINANCE,0.00249363,0.0,81.36,coinmarketcap_data_api_listings_historical
2026-02-27,35305,H1DR4,H1DR4 by Virtuals,9.389e-05,0.0,81.34,coinmarketcap_data_api_listings_historical
2026-02-27,34657,VIRGO,Virgo,5.261e-05,0.0,79.82,coinmarketcap_data_api_listings_historical
2026-02-27,23639,SHDW,Shadowswap Finance,0.00161122,0.0,79.43,coinmarketcap_data_api_listings_historical
2026-02-27,3748,HXRO,HXRO,0.00252701,0.0,78.11,coinmarketcap_data_api_listings_historical
2026-02-27,27839,TREAT,Treat,0.00015086,0.0,77.45,coinmarketcap_data_api_listings_historical
2026-02-27,10,FRC,Freicoin,0.00526927,0.0,77.38,coinmarketcap_data_api_listings_historical
2026-02-27,24267,CRAZYBUNNY,Crazy Bunny,0.0,0.0,76.09,coinmarketcap_data_api_listings_historical
2026-02-27,26590,FAKEAI,DeepFakeAI,0.00028868,0.0,75.74,coinmarketcap_data_api_listings_historical
2026-02-27,32180,BAMBOO,Bamboo on Base,8.603e-05,0.0,74.13,coinmarketcap_data_api_listings_historical
2026-02-27,10088,POLYDOGE,PolyDoge,0.0,0.0,73.46,coinmarketcap_data_api_listings_historical
2026-02-27,20642,CSR,CSR,0.00193195,0.0,73.37,coinmarketcap_data_api_listings_historical
2026-02-27,34623,MOANI,Paradise Tycoon,8.664e-05,0.0,71.14,coinmarketcap_data_api_listings_historical
2026-02-27,34566,CATZILLA,CATZILLA,5.154e-05,0.0,70.69,coinmarketcap_data_api_listings_historical
2026-02-27,819,BITB,Bean Cash,6.411e-05,0.0,70.62,coinmarketcap_data_api_listings_historical
2026-02-27,26773,TONI,Daytona Finance,8.853e-05,0.0,70.41,coinmarketcap_data_api_listings_historical
2026-02-27,30752,SOLALA,Solala,2.354e-05,0.0,68.37,coinmarketcap_data_api_listings_historical
2026-02-27,34383,FCO,Fanatico,0.05449856,0.0,67.73,coinmarketcap_data_api_listings_historical
2026-02-27,14205,WKD,Wakanda Inu,0.0,0.0,67.7,coinmarketcap_data_api_listings_historical
2026-02-27,34686,M-BTC,Merlin Chain (M-BTC),65208.5719475,0.0,66.7,coinmarketcap_data_api_listings_historical
2026-02-27,22234,MARCO,MELEGA,0.00084642,0.0,66.58,coinmarketcap_data_api_listings_historical
2026-02-27,19870,WINTER,Winter,0.00290407,0.0,63.34,coinmarketcap_data_api_listings_historical
2026-02-27,26089,UNSHETH,unshETH Ether,2029.12631419,0.0,62.04,coinmarketcap_data_api_listings_historical
2026-02-27,16643,HBB,Hubble Protocol,0.00359247,0.0,61.7,coinmarketcap_data_api_listings_historical
2026-02-27,38113,V,VaultRAM,1.884e-05,0.0,61.18,coinmarketcap_data_api_listings_historical
2026-02-27,9891,BNX,BinaryX [Old],55.47903175,0.0,61.03,coinmarketcap_data_api_listings_historical
2026-02-27,19427,WOOP,WOOP,9.922e-05,0.0,60.82,coinmarketcap_data_api_listings_historical
2026-02-27,38478,GIGGLE,Giggle Donate,0.0,0.0,58.67,coinmarketcap_data_api_listings_historical
2026-02-27,21991,HATCHY,Hatchyverse,0.00026273,0.0,57.23,coinmarketcap_data_api_listings_historical
2026-02-27,27755,SOLANA,BarbieCrashBandicootRFK888Inu,0.0,0.0,57.03,coinmarketcap_data_api_listings_historical
2026-02-27,19366,CZUSD,CZUSD,0.93069274,0.0,55.72,coinmarketcap_data_api_listings_historical
2026-02-27,21348,$YAKU,Yaku,0.00075895,0.0,54.98,coinmarketcap_data_api_listings_historical
2026-02-27,13943,GINZA,GINZA NETWORK,0.00046346,0.0,54.21,coinmarketcap_data_api_listings_historical
2026-02-27,36196,DOLLY,DOLLY,7.7e-07,0.0,53.78,coinmarketcap_data_api_listings_historical
2026-02-27,16819,RRT,Recovery Right Token,0.55,0.0,52.43,coinmarketcap_data_api_listings_historical
2026-02-27,28538,DEXNET,DexNet,0.00303247,0.0,50.84,coinmarketcap_data_api_listings_historical
2026-02-27,28112,EDLC,Edelcoin,0.57908474,0.0,50.01,coinmarketcap_data_api_listings_historical
2026-02-27,28300,PPT,Pop Social,0.00099997,0.0,48.57,coinmarketcap_data_api_listings_historical
2026-02-27,20696,M,MetaVerse-M,0.00026757,0.0,47.82,coinmarketcap_data_api_listings_historical
2026-02-27,31381,HSAI,HealthSci.AI,0.00086188,0.0,47.78,coinmarketcap_data_api_listings_historical
2026-02-27,28052,FINE,Fine,0.0,0.0,47.75,coinmarketcap_data_api_listings_historical
2026-02-27,38565,1,1,8.03e-05,0.0,46.61,coinmarketcap_data_api_listings_historical
2026-02-27,32102,BIB,BIB,0.02672637,0.0,46.56,coinmarketcap_data_api_listings_historical
2026-02-27,9487,SHEESHA,Sheesha Finance [ERC20],2.09393707,0.0,45.6,coinmarketcap_data_api_listings_historical
2026-02-27,23523,SHARBI,SHARBI,1.28e-06,0.0,44.09,coinmarketcap_data_api_listings_historical
2026-02-27,31567,MARV,Marv,0.0,0.0,43.89,coinmarketcap_data_api_listings_historical
2026-02-27,23581,NUT,Nucleon,0.2583127,0.0,42.69,coinmarketcap_data_api_listings_historical
2026-02-27,31858,KENDU,Kendu Inu,5e-08,0.0,42.66,coinmarketcap_data_api_listings_historical
2026-02-27,38904,DOGE-1,DOGE-1 Satellite,0.0,0.0,42.52,coinmarketcap_data_api_listings_historical
2026-02-27,30703,BODA,Based Yoda,6.1e-07,0.0,41.42,coinmarketcap_data_api_listings_historical
2026-02-27,35206,BRP,BananaRepublic,0.00112487,0.0,40.76,coinmarketcap_data_api_listings_historical
2026-02-27,38929,CZ,Crypto Guy,0.0,0.0,40.68,coinmarketcap_data_api_listings_historical
2026-02-27,19687,DMT,DragonMaster,0.00086757,0.0,40.03,coinmarketcap_data_api_listings_historical
2026-02-27,31768,SOLLY,Solly,5.86e-06,0.0,39.91,coinmarketcap_data_api_listings_historical
2026-02-27,30572,CROB,Crob Coin,0.01072716,0.0,39.71,coinmarketcap_data_api_listings_historical
2026-02-27,11878,ADOGE,Arbidoge,2e-08,0.0,39.69,coinmarketcap_data_api_listings_historical
2026-02-27,34602,JAV,Javsphere,0.00034228,0.0,39.25,coinmarketcap_data_api_listings_historical
2026-02-27,38710,HYDX,Hydrex,0.06160217,0.0,38.53,coinmarketcap_data_api_listings_historical
2026-02-27,10818,PEFI,Penguin Finance,0.00207725,0.0,38.25,coinmarketcap_data_api_listings_historical
2026-02-27,35889,FU,Farting Unicorn,2.078e-05,0.0,37.4,coinmarketcap_data_api_listings_historical
2026-02-27,35204,GUDTEK,ai16zterminalfartARCzereLLMswarm,1.278e-05,0.0,37.31,coinmarketcap_data_api_listings_historical
2026-02-27,19537,JEX,JEXchange,0.00069317,0.0,37.2,coinmarketcap_data_api_listings_historical
2026-02-27,14397,DCAU,Dragon Crypto Aurum,0.19487444,0.0,36.87,coinmarketcap_data_api_listings_historical
2026-02-27,29688,stAVAX,Hypha Staked AVAX,10.29844831,0.0,35.79,coinmarketcap_data_api_listings_historical
2026-02-27,31482,CADAI,CADAI,0.0083734,0.0,35.72,coinmarketcap_data_api_listings_historical
2026-02-27,30997,BIAO,Biao Coin,3.1e-06,0.0,35.29,coinmarketcap_data_api_listings_historical
2026-02-27,27346,MOOVE,Moove Protocol,0.00081103,0.0,35.25,coinmarketcap_data_api_listings_historical
2026-02-27,12652,HANU,Hanu Yokia,6e-08,0.0,34.7,coinmarketcap_data_api_listings_historical
2026-02-27,32922,SAFUU,Safuu 2.0,0.00138804,0.0,34.32,coinmarketcap_data_api_listings_historical
2026-02-27,23812,WEB4,WEB4 AI,0.0,0.0,34.3,coinmarketcap_data_api_listings_historical
2026-02-27,34326,AVA,AVA Chiang Mai Night Safari,1.685e-05,0.0,33.82,coinmarketcap_data_api_listings_historical
2026-02-27,38501,IRWA,IncomRWA,0.01914657,0.0,33.41,coinmarketcap_data_api_listings_historical
2026-02-27,39038,PALMO,ORCIB,0.00038874,0.0,32.2,coinmarketcap_data_api_listings_historical
2026-02-27,22534,GENZ,GENZ Token,0.00011339,0.0,32.0,coinmarketcap_data_api_listings_historical
2026-02-27,32348,ARS,ALBETROS,2.851e-05,0.0,31.88,coinmarketcap_data_api_listings_historical
2026-02-27,8411,MFI,Marginswap,0.0091152,0.0,31.59,coinmarketcap_data_api_listings_historical
2026-02-27,2883,ZINC,ZINC,0.00100135,0.0,31.47,coinmarketcap_data_api_listings_historical
2026-02-27,17358,STELLA,StellaSwap,0.00264037,0.0,30.41,coinmarketcap_data_api_listings_historical
2026-02-27,31170,PEDRO,Pedro The Raccoon,0.00016369,0.0,30.19,coinmarketcap_data_api_listings_historical
2026-02-27,36936,COIN,[Fake] Wrapped COINBASE,0.00021999,0.0,30.0,coinmarketcap_data_api_listings_historical
2026-02-27,16893,CMFI,Compendium,6.578e-05,0.0,29.14,coinmarketcap_data_api_listings_historical
2026-02-27,35315,$HOUND,BaseHoundBot by Virtuals,3.622e-05,0.0,28.9,coinmarketcap_data_api_listings_historical
2026-02-27,22112,KRS,Kingdom Raids,6.9e-07,0.0,28.76,coinmarketcap_data_api_listings_historical
2026-02-27,25196,ELS,Ethlas,0.00066298,0.0,28.39,coinmarketcap_data_api_listings_historical
2026-02-27,23188,RCM,READ2N,0.17313878,0.0,27.23,coinmarketcap_data_api_listings_historical
2026-02-27,32843,BBC,BBC,0.00109684,0.0,26.35,coinmarketcap_data_api_listings_historical
2026-02-27,33610,BIGFOOT,BigFoot Town,3.861e-05,0.0,26.09,coinmarketcap_data_api_listings_historical
2026-02-27,34959,FRY,Fry,1.1e-05,0.0,26.02,coinmarketcap_data_api_listings_historical
2026-02-27,28122,HOA,Hex Orange Address,0.0010327,0.0,25.84,coinmarketcap_data_api_listings_historical
2026-02-27,23856,NEKO,Maneki,6.456e-05,0.0,25.54,coinmarketcap_data_api_listings_historical
2026-02-27,38503,MERC,Liquid Mercury,0.00458928,0.0,25.08,coinmarketcap_data_api_listings_historical
2026-02-27,30803,GUMMY,GUMMY,0.0004193,0.0,24.83,coinmarketcap_data_api_listings_historical
2026-02-27,14341,SHIBA,BitShiba,0.0,0.0,24.71,coinmarketcap_data_api_listings_historical
2026-02-27,28229,OVN,Overnight,1.08475048,0.0,24.3,coinmarketcap_data_api_listings_historical
2026-02-27,20603,MLNK,Malinka,0.02200082,0.0,24.27,coinmarketcap_data_api_listings_historical
2026-02-27,21272,HERMES,Hermes Protocol,0.00084243,0.0,23.8,coinmarketcap_data_api_listings_historical
2026-02-27,32141,ICL,ICLighthouse DAO,0.01102749,0.0,22.72,coinmarketcap_data_api_listings_historical
2026-02-27,23879,CYBER,Cyberpunk City,0.0001897,0.0,22.7,coinmarketcap_data_api_listings_historical
2026-02-27,30333,LUA,Lumi Finance,1.55192931,0.0,21.61,coinmarketcap_data_api_listings_historical
2026-02-27,30876,LUAUSD,Lumi Finance LUAUSD,0.95838411,0.0,21.61,coinmarketcap_data_api_listings_historical
2026-02-27,18239,SSU,Sunny Side up,0.00068786,0.0,21.51,coinmarketcap_data_api_listings_historical
2026-02-27,34413,$XRPWIF,xrpwifhat,0.0,0.0,21.5,coinmarketcap_data_api_listings_historical
2026-02-27,6447,FSCC,Fisco Coin,0.07817513,0.0,21.4,coinmarketcap_data_api_listings_historical
2026-02-27,27356,GENIE,GenieSwap,0.00058098,0.0,20.88,coinmarketcap_data_api_listings_historical
2026-02-27,21913,PRTG,Pre-retogeum,1.23288985,0.0,20.55,coinmarketcap_data_api_listings_historical
2026-02-27,23967,VAPE,VAPE,0.06297516,0.0,20.04,coinmarketcap_data_api_listings_historical
2026-02-27,2882,ZCN,Zus,0.00195913,0.0,20.02,coinmarketcap_data_api_listings_historical
2026-02-27,38143,BANANA,Banana Chain,9.74e-06,0.0,19.65,coinmarketcap_data_api_listings_historical
2026-02-27,31738,CELL,Cellana Finance,0.00011112,0.0,19.53,coinmarketcap_data_api_listings_historical
2026-02-27,4229,YO,Yobit Token,407.48132754,0.0,19.02,coinmarketcap_data_api_listings_historical
2026-02-27,24328,FLOKICASH,Floki Cash,0.0,0.0,19.01,coinmarketcap_data_api_listings_historical
2026-02-27,14253,BABY,Baby Samo Coin,1.98e-06,0.0,18.92,coinmarketcap_data_api_listings_historical
2026-02-27,38945,ΒΤС,Bitсοіn Core,65877.42394937,0.0,18.87,coinmarketcap_data_api_listings_historical
2026-02-27,20143,HTO,Heavenland,0.00034438,0.0,18.32,coinmarketcap_data_api_listings_historical
2026-02-27,38827,CAST,CAST,350.97818788,0.0,18.06,coinmarketcap_data_api_listings_historical
2026-02-27,37523,ASSDAQ,ASSDAQ,0.00018965,0.0,17.88,coinmarketcap_data_api_listings_historical
2026-02-27,24281,GPT,ArbGPT,1.5e-05,0.0,17.71,coinmarketcap_data_api_listings_historical
2026-02-27,28344,SIMPSONS,The SIMPSONS BNB,0.0,0.0,17.6,coinmarketcap_data_api_listings_historical
2026-02-27,33796,SUWI,suwi,3.497e-05,0.0,17.47,coinmarketcap_data_api_listings_historical
2026-02-27,5052,ANK,Apple Network,3.86e-06,0.0,17.38,coinmarketcap_data_api_listings_historical
2026-02-27,8772,ZUSD,ZUSD,0.99993638,0.0,17.3,coinmarketcap_data_api_listings_historical
2026-02-27,33214,ZHOA,Chengpang Zhoa,3.589e-05,0.0,16.46,coinmarketcap_data_api_listings_historical
2026-02-27,34841,STLS,STELSI,0.00368997,0.0,16.31,coinmarketcap_data_api_listings_historical
2026-02-27,32253,ANDY,Andy,2.44e-06,0.0,16.24,coinmarketcap_data_api_listings_historical
2026-02-27,148,AUR,Auroracoin,0.03227429,0.0,16.01,coinmarketcap_data_api_listings_historical
2026-02-27,36832,LAY,Loomlay,0.0003269,0.0,15.54,coinmarketcap_data_api_listings_historical
2026-02-27,22568,MIRA,Chains of War,0.04047029,0.0,14.89,coinmarketcap_data_api_listings_historical
2026-02-27,20401,CPS,Cryptostone,9.4e-07,0.0,13.71,coinmarketcap_data_api_listings_historical
2026-02-27,38704,$SILVER,SILVER,0.0,0.0,13.65,coinmarketcap_data_api_listings_historical
2026-02-27,38951,XMONEY,X Money,0.0,0.0,13.64,coinmarketcap_data_api_listings_historical
2026-02-27,31949,POCAT,Polite Cat,1.37e-05,0.0,13.64,coinmarketcap_data_api_listings_historical
2026-02-27,21917,PIX,Pixie,4.11e-06,0.0,13.54,coinmarketcap_data_api_listings_historical
2026-02-27,18064,PLATA,Plata Network,2.242e-05,0.0,13.35,coinmarketcap_data_api_listings_historical
2026-02-27,39324,DOM,Dominion,5.5e-07,0.0,12.83,coinmarketcap_data_api_listings_historical
2026-02-27,21357,ADDY,Adamant,0.00852979,0.0,12.81,coinmarketcap_data_api_listings_historical
2026-02-27,38887,DOGE-1,DOGE-1 Satellite,0.0,0.0,12.63,coinmarketcap_data_api_listings_historical
2026-02-27,37642,VMC,VMS Classic,0.00204612,0.0,12.5,coinmarketcap_data_api_listings_historical
2026-02-27,21938,$HMT,Humanize,9.2e-05,0.0,12.0,coinmarketcap_data_api_listings_historical
2026-02-27,24107,GOLDEN,Golden Inu,0.0,0.0,11.89,coinmarketcap_data_api_listings_historical
2026-02-27,23860,BZE,BeeZee,0.00088741,0.0,11.86,coinmarketcap_data_api_listings_historical
2026-02-27,6,NVC,Novacoin,0.01910111,0.0,11.69,coinmarketcap_data_api_listings_historical
2026-02-27,12242,GRAPE,Grape Network,0.00011045,0.0,11.24,coinmarketcap_data_api_listings_historical
2026-02-27,35271,LEGEND,Legend,6.61e-05,0.0,11.22,coinmarketcap_data_api_listings_historical
2026-02-27,24433,RYOSHI,Ryoshi Token,0.0,0.0,10.97,coinmarketcap_data_api_listings_historical
2026-02-27,37744,SHACK,Shack Token,0.00372243,0.0,10.96,coinmarketcap_data_api_listings_historical
2026-02-27,29904,BRIUN,Briun Armstrung,3.856e-05,0.0,10.65,coinmarketcap_data_api_listings_historical
2026-02-27,9872,TFC,TheFutbolCoin,0.00066956,0.0,10.45,coinmarketcap_data_api_listings_historical
2026-02-27,3079,X8X,X8X Token,0.0005928,0.0,10.42,coinmarketcap_data_api_listings_historical
2026-02-27,3672,DOGEC,DogeCash,0.00119477,0.0,10.29,coinmarketcap_data_api_listings_historical
2026-02-27,16135,SHG,Shib Generating,6.48e-06,0.0,10.17,coinmarketcap_data_api_listings_historical
2026-02-27,29312,FORK,FlokiFork,0.0,0.0,9.7,coinmarketcap_data_api_listings_historical
2026-02-27,14382,KITTY,Kitty Solana,0.0,0.0,9.69,coinmarketcap_data_api_listings_historical
2026-02-27,35004,AVRK,Avarik Saga,0.00080513,0.0,9.66,coinmarketcap_data_api_listings_historical
2026-02-27,10364,APW,Spectra,0.03227958,0.0,9.59,coinmarketcap_data_api_listings_historical
2026-02-27,17181,MAIA,Maia,0.38101544,0.0,9.53,coinmarketcap_data_api_listings_historical
2026-02-27,9062,LPL,LinkPool,0.18863098,0.0,9.29,coinmarketcap_data_api_listings_historical
2026-02-27,23557,KITTI,KITTI TOKEN,0.0,0.0,9.15,coinmarketcap_data_api_listings_historical
2026-02-27,39588,BCAK,BCAK,389.98982443,0.0,9.13,coinmarketcap_data_api_listings_historical
2026-02-27,67,UNO,Unobtanium,1.91011092,0.0,9.01,coinmarketcap_data_api_listings_historical
2026-02-27,31721,PDRIP,Pulse Drip,0.00211927,0.0,8.99,coinmarketcap_data_api_listings_historical
2026-02-27,20381,GRAV,Graviton,0.00058241,0.0,8.95,coinmarketcap_data_api_listings_historical
2026-02-27,12410,WHACKD,WHACKD,0.00102106,0.0,8.9,coinmarketcap_data_api_listings_historical
2026-02-27,13685,QTZ,Quartz,1.147e-05,0.0,8.88,coinmarketcap_data_api_listings_historical
2026-02-27,19518,TOTEM,DragonMaster,0.00011119,0.0,8.68,coinmarketcap_data_api_listings_historical
2026-02-27,31406,PAMBI,Pambicoin,3.241e-05,0.0,8.53,coinmarketcap_data_api_listings_historical
2026-02-27,21090,ZILLIONXO,ZILLION AAKAR XO,0.00273383,0.0,8.2,coinmarketcap_data_api_listings_historical
2026-02-27,10866,MM,Million,0.98998017,0.0,8.04,coinmarketcap_data_api_listings_historical
2026-02-27,26417,LIZD,Dancing Lizard Coin,0.0,0.0,8.01,coinmarketcap_data_api_listings_historical
2026-02-27,3769,HBX,HashBX,0.00014325,0.0,7.96,coinmarketcap_data_api_listings_historical
2026-02-27,22981,SFIT,Sense4FIT,3.177e-05,0.0,7.93,coinmarketcap_data_api_listings_historical
2026-02-27,35302,VOLTX,VolatilityX,9.917e-05,0.0,7.89,coinmarketcap_data_api_listings_historical
2026-02-27,9879,EXO,Exohood,8.646e-05,0.0,7.69,coinmarketcap_data_api_listings_historical
2026-02-27,30085,VPS,VPS AI,1.161e-05,0.0,7.67,coinmarketcap_data_api_listings_historical
2026-02-27,32659,MOVEUSD,MoveUSD,0.99453617,0.0,7.55,coinmarketcap_data_api_listings_historical
2026-02-27,36147,JLP,JLaunchpad,0.00030598,0.0,7.1,coinmarketcap_data_api_listings_historical
2026-02-27,29197,ETHI,Ethical Finance,0.00059788,0.0,7.07,coinmarketcap_data_api_listings_historical
2026-02-27,30748,CGO,Knights of Cathena,1.88e-06,0.0,7.0,coinmarketcap_data_api_listings_historical
2026-02-27,24687,PMD,Pandemic Multiverse,0.000144,0.0,6.85,coinmarketcap_data_api_listings_historical
2026-02-27,39050,TBY,TOBY,1.396e-05,0.0,6.52,coinmarketcap_data_api_listings_historical
2026-02-27,33406,COCO,COCOCOIN,4.38e-06,0.0,6.42,coinmarketcap_data_api_listings_historical
2026-02-27,39182,GNX,GainX,10.15295812,0.0,6.05,coinmarketcap_data_api_listings_historical
2026-02-27,32404,AIM,AI Metaverse,3e-08,0.0,6.05,coinmarketcap_data_api_listings_historical
2026-02-27,2667,FTX,FintruX Network,0.00036621,0.0,5.93,coinmarketcap_data_api_listings_historical
2026-02-27,8570,GRAPE,Grapeswap,1.93e-06,0.0,5.86,coinmarketcap_data_api_listings_historical
2026-02-27,29433,AIUS,Arbius,0.3724124,0.0,5.81,coinmarketcap_data_api_listings_historical
2026-02-27,2653,AUC,Auctus,0.00049098,0.0,5.66,coinmarketcap_data_api_listings_historical
2026-02-27,27134,DOGE,Doge on Pulsechain,0.0,0.0,5.4,coinmarketcap_data_api_listings_historical
2026-02-27,2178,UFR,Upfiring,0.00263464,0.0,5.36,coinmarketcap_data_api_listings_historical
2026-02-27,13,IXC,Ixcoin,0.0368849,0.0,5.35,coinmarketcap_data_api_listings_historical
2026-02-27,33478,UTHX,Utherverse,0.00049787,0.0,5.34,coinmarketcap_data_api_listings_historical
2026-02-27,36653,S,SLOTH,8.04e-06,0.0,5.25,coinmarketcap_data_api_listings_historical
2026-02-27,13244,BEETS,Beets,0.00300693,0.0,5.09,coinmarketcap_data_api_listings_historical
2026-02-27,22001,SONNE,Sonne Finance,0.00037367,0.0,5.07,coinmarketcap_data_api_listings_historical
2026-02-27,29923,MONKEY,Monkey,0.0,0.0,5.06,coinmarketcap_data_api_listings_historical
2026-02-27,20631,ICHI,Legacy ICHI,0.10497549,0.0,4.87,coinmarketcap_data_api_listings_historical
2026-02-27,15798,MPWR,Empower,4.589e-05,0.0,4.71,coinmarketcap_data_api_listings_historical
2026-02-27,37719,PAI,Parabolic Agentic Intelligence,0.04438441,0.0,4.69,coinmarketcap_data_api_listings_historical
2026-02-27,2828,SPD,SPINDLE,8.51e-06,0.0,4.46,coinmarketcap_data_api_listings_historical
2026-02-27,10393,LEOPARD,LEOPARD,0.0,0.0,4.41,coinmarketcap_data_api_listings_historical
2026-02-27,30873,BENTO,Bento,0.0,0.0,4.26,coinmarketcap_data_api_listings_historical
2026-02-27,30607,KING,King Of Memes,3e-08,0.0,4.01,coinmarketcap_data_api_listings_historical
2026-02-27,38935,TGBP,Tokenised GBP,1.34055715,0.0,3.99,coinmarketcap_data_api_listings_historical
2026-02-27,38580,JEET,Jeetjail,6e-08,0.0,3.96,coinmarketcap_data_api_listings_historical
2026-02-27,38797,SOLANA,FOX9,2.789e-05,0.0,3.69,coinmarketcap_data_api_listings_historical
2026-02-27,31242,BOBUKI,Bobuki Neko,4.813e-05,0.0,3.59,coinmarketcap_data_api_listings_historical
2026-02-27,16821,MEAN,Mean DAO,2.421e-05,0.0,3.58,coinmarketcap_data_api_listings_historical
2026-02-27,9284,SMRAT,Secured MoonRat Token,0.0,0.0,3.46,coinmarketcap_data_api_listings_historical
2026-02-27,25006,PERRY,Perry The BNB,0.0,0.0,3.24,coinmarketcap_data_api_listings_historical
2026-02-27,23027,ZENIQ,Zeniq,0.00262493,0.0,2.99,coinmarketcap_data_api_listings_historical
2026-02-27,29047,CHINU,Chinu,1.537e-05,0.0,2.91,coinmarketcap_data_api_listings_historical
2026-02-27,1991,RVT,Rivetz,0.00043141,0.0,2.88,coinmarketcap_data_api_listings_historical
2026-02-27,25490,SEED,SEED NFT Marketplace,0.19280323,0.0,2.83,coinmarketcap_data_api_listings_historical
2026-02-27,35563,ELON4AFD,Elon for AfD,0.00087921,0.0,2.81,coinmarketcap_data_api_listings_historical
2026-02-27,11801,DLYCOP,Daily COP,4e-08,0.0,2.78,coinmarketcap_data_api_listings_historical
2026-02-27,32695,KOLT,Kolt,1.059e-05,0.0,2.78,coinmarketcap_data_api_listings_historical
2026-02-27,11218,BORING,BoringDAO,5.857e-05,0.0,2.76,coinmarketcap_data_api_listings_historical
2026-02-27,18520,OATH,Oath,0.00012832,0.0,2.75,coinmarketcap_data_api_listings_historical
2026-02-27,7596,SMARTCREDIT,SmartCredit Token,0.16509656,0.0,2.75,coinmarketcap_data_api_listings_historical
2026-02-27,16517,VPND,VaporNodes,0.00031094,0.0,2.67,coinmarketcap_data_api_listings_historical
2026-02-27,2313,SRN,SIRIN LABS Token,0.00014092,0.0,2.61,coinmarketcap_data_api_listings_historical
2026-02-27,4513,CNHt,Tether CNHt,0.0136,0.0,2.58,coinmarketcap_data_api_listings_historical
2026-02-27,33769,OCADA,OCADA.AI,0.00020115,0.0,2.44,coinmarketcap_data_api_listings_historical
2026-02-27,29038,XPHX,PhoenixCo Token,0.00087679,0.0,2.43,coinmarketcap_data_api_listings_historical
2026-02-27,22076,RXT,RIMAUNANGIS,0.00035352,0.0,2.3,coinmarketcap_data_api_listings_historical
2026-02-27,9423,PHTR,Phuture,0.00054487,0.0,2.16,coinmarketcap_data_api_listings_historical
2026-02-27,7116,ACPT,Crypto Accept,1.727e-05,0.0,2.01,coinmarketcap_data_api_listings_historical
2026-02-27,5219,USDB,USD Bancor,0.0805474,0.0,1.81,coinmarketcap_data_api_listings_historical
2026-02-27,3179,ABX,Arbidex,0.00036834,0.0,1.61,coinmarketcap_data_api_listings_historical
2026-02-27,20322,MXNt,Tether MXNt,0.04599,0.0,1.57,coinmarketcap_data_api_listings_historical
2026-02-27,18,DGC,Digitalcoin,0.00263464,0.0,1.55,coinmarketcap_data_api_listings_historical
2026-02-27,1257,LANA,LanaCoin,0.00065866,0.0,1.47,coinmarketcap_data_api_listings_historical
2026-02-27,33323,CATS,Cats (catshouse.live),1.2e-07,0.0,1.43,coinmarketcap_data_api_listings_historical
2026-02-27,12705,POLL,Pollchain,0.00028486,0.0,1.36,coinmarketcap_data_api_listings_historical
2026-02-27,29795,SI,Sealwifhat,1.179e-05,0.0,1.32,coinmarketcap_data_api_listings_historical
2026-02-27,10237,QI,QiDao,0.00011146,0.0,1.25,coinmarketcap_data_api_listings_historical
2026-02-27,21534,BNBX,Stader BNBx,674.16954741,0.0,1.13,coinmarketcap_data_api_listings_historical
2026-02-27,9700,MCT,Microtuber,3.903e-05,0.0,1.11,coinmarketcap_data_api_listings_historical
2026-02-27,33355,DXY,US Degen Index 6900,0.00010152,0.0,1.1,coinmarketcap_data_api_listings_historical
2026-02-27,25081,SIMPSON,Homer,0.0,0.0,1.05,coinmarketcap_data_api_listings_historical
2026-02-27,26994,SMILEY,SMILEY,0.0,0.0,1.0,coinmarketcap_data_api_listings_historical
2026-02-27,19900,ARGO,Argo Finance,4.547e-05,0.0,0.96,coinmarketcap_data_api_listings_historical
2026-02-27,34559,AFITR,A Fork in the Road,1.539e-05,0.0,0.86,coinmarketcap_data_api_listings_historical
2026-02-27,1902,MYB,MyBit,8.145e-05,0.0,0.86,coinmarketcap_data_api_listings_historical
2026-02-27,32985,NEIRO,Neiro on Tron,2.3e-05,0.0,0.85,coinmarketcap_data_api_listings_historical
2026-02-27,8904,RENZEC,renZEC,13.21048824,0.0,0.83,coinmarketcap_data_api_listings_historical
2026-02-27,2705,AMN,Amon,1.136e-05,0.0,0.73,coinmarketcap_data_api_listings_historical
2026-02-27,35978,FINE,This Is Fine,1.6e-06,0.0,0.72,coinmarketcap_data_api_listings_historical
2026-02-27,2161,RDN,Raiden Network Token,0.0012306,0.0,0.7,coinmarketcap_data_api_listings_historical
2026-02-27,1146,AV,AvatarCoin,0.0401782,0.0,0.69,coinmarketcap_data_api_listings_historical
2026-02-27,30992,ORBI,Orbital7,1.832e-05,0.0,0.61,coinmarketcap_data_api_listings_historical
2026-02-27,5589,DXD,DXdao,0.75528647,0.0,0.6,coinmarketcap_data_api_listings_historical
2026-02-27,12991,MTG,MagnetGold,0.01887006,0.0,0.59,coinmarketcap_data_api_listings_historical
2026-02-27,2367,AIX,Aigang,0.00083593,0.0,0.55,coinmarketcap_data_api_listings_historical
2026-02-27,3662,HEDG,HedgeTrade,4.193e-05,0.0,0.55,coinmarketcap_data_api_listings_historical
2026-02-27,20232,BHAT,BH Network,0.00017904,0.0,0.55,coinmarketcap_data_api_listings_historical
2026-02-27,30445,MOGGO,MOGGO,9.998e-05,0.0,0.46,coinmarketcap_data_api_listings_historical
2026-02-27,22307,ACE,ACEToken,0.0,0.0,0.39,coinmarketcap_data_api_listings_historical
2026-02-27,2603,NPXS,Pundi X (Old),1.345e-05,0.0,0.32,coinmarketcap_data_api_listings_historical
2026-02-27,22602,EQ9,EQ9,2.262e-05,0.0,0.3,coinmarketcap_data_api_listings_historical
2026-02-27,34060,USDX,Stables Labs (USDX),0.01230579,0.0,0.27,coinmarketcap_data_api_listings_historical
2026-02-27,38954,HORSE,HORSE COIN,0.0,0.0,0.27,coinmarketcap_data_api_listings_historical
2026-02-27,2614,XBP,BlitzPick,3.789e-05,0.0,0.26,coinmarketcap_data_api_listings_historical
2026-02-27,24859,pogai,POGAI,4e-07,0.0,0.25,coinmarketcap_data_api_listings_historical
2026-02-27,34211,SUL,Sulaana,0.03063213,0.0,0.23,coinmarketcap_data_api_listings_historical
2026-02-27,35561,AIXT,AIXTerminal,0.0008157,0.0,0.21,coinmarketcap_data_api_listings_historical
2026-02-27,1918,ACT,Achain,0.00032938,0.0,0.17,coinmarketcap_data_api_listings_historical
2026-02-27,16800,JEFE,JEFE TOKEN,0.00061431,0.0,0.16,coinmarketcap_data_api_listings_historical
2026-02-27,18861,DUSD,Decentralized USD (DefiChain),0.00237163,0.0,0.16,coinmarketcap_data_api_listings_historical
2026-02-27,38286,xADA,xADA,2.43e-06,0.0,0.14,coinmarketcap_data_api_listings_historical
2026-02-27,11368,NFD,Feisty Doge NFT,2.948e-05,0.0,0.14,coinmarketcap_data_api_listings_historical
2026-02-27,38546,YES,Yes Coin (yescoins.cc),1e-08,0.0,0.11,coinmarketcap_data_api_listings_historical
2026-02-27,23682,AMPLE,AmpleSwap (new),1.9e-07,0.0,0.06,coinmarketcap_data_api_listings_historical
2026-02-27,36414,CANDLE,Candle TV,2.273e-05,0.0,0.05,coinmarketcap_data_api_listings_historical
2026-02-27,36618,KAWS,Kaws,4.76e-06,0.0,0.05,coinmarketcap_data_api_listings_historical
2026-02-27,17121,RAT,RatCoin,0.00011431,0.0,0.03,coinmarketcap_data_api_listings_historical
2026-02-27,17706,AERO,Aerovek Aviation,3.613e-05,0.0,0.02,coinmarketcap_data_api_listings_historical
2026-02-27,34751,FARM,FARM,0.03916912,0.0,0.02,coinmarketcap_data_api_listings_historical
2026-02-27,36113,FAT,Fat Fella,0.00013533,0.0,0.02,coinmarketcap_data_api_listings_historical
2026-02-27,20097,EFFORT,Effort Economy,0.00013387,0.0,0.02,coinmarketcap_data_api_listings_historical
2026-02-27,4769,EOSC,EOS Force,8.4e-06,0.0,0.02,coinmarketcap_data_api_listings_historical
2026-02-27,6490,ITAM,ITAM Games,0.0067336,0.0,0.02,coinmarketcap_data_api_listings_historical
2026-02-27,4,TRC,Terracoin,0.01053854,0.0,0.01,coinmarketcap_data_api_listings_historical
2026-02-27,707,BLOCK,Blocknet,0.06709392,0.0,0.01,coinmarketcap_data_api_listings_historical
2026-02-27,18022,BSK-BAA025,Beskar,8e-08,0.0,0.01,coinmarketcap_data_api_listings_historical
2026-02-27,35676,BTMETA,BTCASH,0.000215,0.0,0.01,coinmarketcap_data_api_listings_historical
2026-02-27,3432,RPD,Rapids,0.00083495,0.0,0.01,coinmarketcap_data_api_listings_historical
2026-02-27,20647,VITAL,Vital Network,1e-08,0.0,0.01,coinmarketcap_data_api_listings_historical
2026-02-27,4909,MERGE,Merge,0.00062747,0.0,0.01,coinmarketcap_data_api_listings_historical
2026-02-27,23483,AVN,Avian,2.783e-05,0.0,0.01,coinmarketcap_data_api_listings_historical
2026-02-27,27465,CHARGED,GoCharge Tech,0.00021337,0.0,0.01,coinmarketcap_data_api_listings_historical
2026-02-27,28902,AI,AI PIN,1.479e-05,0.0,0.01,coinmarketcap_data_api_listings_historical
2026-02-27,16386,MEB,Meblox Protocol,0.00068404,0.0,0.0,coinmarketcap_data_api_listings_historical
2026-02-27,32773,wzkCRO,Wrapped zkCRO,0.07668192,0.0,0.0,coinmarketcap_data_api_listings_historical
2026-02-27,32780,MIRAI,MIRAI,5.742e-05,0.0,0.0,coinmarketcap_data_api_listings_historical
2026-02-27,32781,USSD,Autonomous Secure Dollar,0.99742088,0.0,0.0,coinmarketcap_data_api_listings_historical
2026-02-27,32795,BINANCEDOG,Binancedog,6.407e-05,0.0,0.0,coinmarketcap_data_api_listings_historical
2026-02-27,32799,FUELX,Fuel,7.996e-05,0.0,0.0,coinmarketcap_data_api_listings_historical
2026-02-27,56,ZET,Zetacoin,0.00098754,0.0,0.0,coinmarketcap_data_api_listings_historical
2026-02-27,32825,FLUFFI,Fluffington,3.129e-05,0.0,0.0,coinmarketcap_data_api_listings_historical
2026-02-27,61,TAG,TagCoin,0.00443576,0.0,0.0,coinmarketcap_data_api_listings_historical
2026-02-27,32835,TRUMP,CRAZY TRUMP,3.21e-06,0.0,0.0,coinmarketcap_data_api_listings_historical
2026-02-27,32845,GC,gold coin,1.999e-05,0.0,0.0,coinmarketcap_data_api_listings_historical
2026-02-27,78,HBN,HoboNickels,0.00068026,0.0,0.0,coinmarketcap_data_api_listings_historical
2026-02-27,93,42,42-coin,28897.90261485,0.0,0.0,coinmarketcap_data_api_listings_historical
2026-02-27,32867,CTO,BaseCTO,1.349e-05,0.0,0.0,coinmarketcap_data_api_listings_historical
2026-02-27,32875,FIG,FILLiquid,0.00121029,0.0,0.0,coinmarketcap_data_api_listings_historical
2026-02-27,128,MAX,Maxcoin,0.00123148,0.0,0.0,coinmarketcap_data_api_listings_historical
2026-02-27,16519,MMF,MM Finance (Cronos),9.803e-05,0.0,0.0,coinmarketcap_data_api_listings_historical
2026-02-27,32907,FTS,FINANCIAL TRANSACTION SYSTEM,0.00121982,0.0,0.0,coinmarketcap_data_api_listings_historical
2026-02-27,16526,NMBTC,NanoMeter Bitcoin,2e-08,0.0,0.0,coinmarketcap_data_api_listings_historical
2026-02-27,32911,SHIT,Shitcoin (SOL),2.879e-05,0.0,0.0,coinmarketcap_data_api_listings_historical
2026-02-27,16547,TRI,Trisolaris,4.503e-05,0.0,0.0,coinmarketcap_data_api_listings_historical
2026-02-27,32932,TRUMP,TRUMP MAGA SUPER,1.246e-05,0.0,0.0,coinmarketcap_data_api_listings_historical
2026-02-27,32934,KAGE,Kage Network,0.00035339,0.0,0.0,coinmarketcap_data_api_listings_historical
2026-02-27,16569,ELU,Elumia Crowns,4.122e-05,0.0,0.0,coinmarketcap_data_api_listings_historical
2026-02-27,32960,PIKA,Pika,0.00019955,0.0,0.0,coinmarketcap_data_api_listings_historical
2026-02-27,32962,WUKONG,WUKONG,0.0,0.0,0.0,coinmarketcap_data_api_listings_historical
2026-02-27,32973,TBX,TurboX,0.01928986,0.0,0.0,coinmarketcap_data_api_listings_historical
2026-02-27,32975,MEN,DAC Platform,0.00099658,0.0,0.0,coinmarketcap_data_api_listings_historical
2026-02-27,32982,PEPE,SEXY PEPE,0.00017701,0.0,0.0,coinmarketcap_data_api_listings_historical
2026-02-27,32993,FTW,Black Agnus,0.0,0.0,0.0,coinmarketcap_data_api_listings_historical
2026-02-27,32997,MKL,Merkle Trade,0.06030833,0.0,0.0,coinmarketcap_data_api_listings_historical
2026-02-27,33012,LUCI,LUCI,0.00013186,0.0,0.0,coinmarketcap_data_api_listings_historical
2026-02-27,33013,SUNWUKONG,SunWukong,0.00020694,0.0,0.0,coinmarketcap_data_api_listings_historical
2026-02-27,33016,MICRODOGE,MicroDoge,0.0,0.0,0.0,coinmarketcap_data_api_listings_historical
2026-02-27,33020,DEEBO,Deebo the Bear,1.46e-05,0.0,0.0,coinmarketcap_data_api_listings_historical
2026-02-27,33023,WLFI,World Liberty Financial (wlfi.club),0.0,0.0,0.0,coinmarketcap_data_api_listings_historical
2026-02-27,260,XPD,PetroDollar,0.00611964,0.0,0.0,coinmarketcap_data_api_listings_historical
2026-02-27,33030,WLF,World Liberty Financial (worldlibertycto.vip),0.0,0.0,0.0,coinmarketcap_data_api_listings_historical
2026-02-27,263,PLNC,PLNcoin,0.00098272,0.0,0.0,coinmarketcap_data_api_listings_historical
2026-02-27,33033,MOG,MOG CAT,8e-06,0.0,0.0,coinmarketcap_data_api_listings_historical
2026-02-27,33034,CATALORIAN,Catalorian (CatalorianOGETH),9.296e-05,0.0,0.0,coinmarketcap_data_api_listings_historical
2026-02-27,276,BITS,Bitstar,0.00230066,0.0,0.0,coinmarketcap_data_api_listings_historical
2026-02-27,278,QBC,Quebecoin,0.00089711,0.0,0.0,coinmarketcap_data_api_listings_historical
2026-02-27,33052,WLFI,World Liberty Financial (wlfi.one),1.069e-05,0.0,0.0,coinmarketcap_data_api_listings_historical
2026-02-27,16671,MVS,Multiverse,2.21e-05,0.0,0.0,coinmarketcap_data_api_listings_historical
2026-02-27,290,BLU,BlueCoin,0.00098272,0.0,0.0,coinmarketcap_data_api_listings_historical
2026-02-27,33062,SDOGE,S.D.O.G.E,1.14e-05,0.0,0.0,coinmarketcap_data_api_listings_historical
2026-02-27,33072,UNCN,Unseen,0.30185133,0.0,0.0,coinmarketcap_data_api_listings_historical
2026-02-27,316,DRM,Dreamcoin,0.00696776,0.0,0.0,coinmarketcap_data_api_listings_historical
2026-02-27,33099,$LIQ,Liquor,2.1e-07,0.0,0.0,coinmarketcap_data_api_listings_historical
2026-02-27,16721,PAVIA,Pavia,0.00054844,0.0,0.0,coinmarketcap_data_api_listings_historical
2026-02-27,16740,SEOR,SEOR Network,6.07e-06,0.0,0.0,coinmarketcap_data_api_listings_historical
2026-02-27,33124,THUG,THUG,2e-08,0.0,0.0,coinmarketcap_data_api_listings_historical
2026-02-27,360,MOTO,Motocoin,0.00178625,0.0,0.0,coinmarketcap_data_api_listings_historical
2026-02-27,16749,FOX,FOX TOKEN,0.0,0.0,0.0,coinmarketcap_data_api_listings_historical
2026-02-27,367,C2,Coin2.1,0.00098272,0.0,0.0,coinmarketcap_data_api_listings_historical
2026-02-27,16769,SFF,Sunflower Farm,0.00020164,0.0,0.0,coinmarketcap_data_api_listings_historical
2026-02-27,389,START,Startcoin,0.00098272,0.0,0.0,coinmarketcap_data_api_listings_historical
2026-02-27,33157,SOURCE,I MADE IT UP,2.029e-05,0.0,0.0,coinmarketcap_data_api_listings_historical
2026-02-27,33169,ANDYMAN,ANDYMAN,8.532e-05,0.0,0.0,coinmarketcap_data_api_listings_historical
2026-02-27,405,XDN,DigitalNote,1.074e-05,0.0,0.0,coinmarketcap_data_api_listings_historical
2026-02-27,33178,FLAY,Flayer,0.00968517,0.0,0.0,coinmarketcap_data_api_listings_historical
2026-02-27,16797,MMO,MM Optimizer (Cronos),0.00905441,0.0,0.0,coinmarketcap_data_api_listings_historical
2026-02-27,33181,DOE,Dogs of Elon,6.757e-05,0.0,0.0,coinmarketcap_data_api_listings_historical
2026-02-27,33182,MOONBIX,MOONBIX MEME,0.0,0.0,0.0,coinmarketcap_data_api_listings_historical
2026-02-27,33184,NEIRO,Neiro Pump,7.595e-05,0.0,0.0,coinmarketcap_data_api_listings_historical
2026-02-27,33194,TOKE,McToken,0.00037481,0.0,0.0,coinmarketcap_data_api_listings_historical
2026-02-27,33201,MISHA,MISHA,7e-08,0.0,0.0,coinmarketcap_data_api_listings_historical
2026-02-27,33203,MARVIN,Marvin Inu (ETH),3.3e-07,0.0,0.0,coinmarketcap_data_api_listings_historical
2026-02-27,33207,HUAHUA,HUA HUA,7.233e-05,0.0,0.0,coinmarketcap_data_api_listings_historical
2026-02-27,33218,BOF,Balls of Fate,1.23e-05,0.0,0.0,coinmarketcap_data_api_listings_historical
2026-02-27,460,CLAM,Clams,0.09128929,0.0,0.0,coinmarketcap_data_api_listings_historical
2026-02-27,33233,MELO,melo,7e-08,0.0,0.0,coinmarketcap_data_api_listings_historical
2026-02-27,470,VIA,Viacoin,0.23013134,0.0,0.0,coinmarketcap_data_api_listings_historical
2026-02-27,33257,MARVIN,MARVIN,5.6e-07,0.0,0.0,coinmarketcap_data_api_listings_historical
2026-02-27,16875,TAUM,Orbitau Taureum,1.72e-05,0.0,0.0,coinmarketcap_data_api_listings_historical
2026-02-27,33262,CAPY,Capy coin,1.315e-05,0.0,0.0,coinmarketcap_data_api_listings_historical
2026-02-27,501,XCN,Cryptonite,0.00103944,0.0,0.0,coinmarketcap_data_api_listings_historical
2026-02-27,33269,SPS,Sparklife,1.84e-06,0.0,0.0,coinmarketcap_data_api_listings_historical
2026-02-27,502,CARBON,Carboncoin,0.00119477,0.0,0.0,coinmarketcap_data_api_listings_historical
2026-02-27,33277,YIELD,YieldStone,0.00030737,0.0,0.0,coinmarketcap_data_api_listings_historical
2026-02-27,33281,SUIB,Suiba Inu,1.422e-05,0.0,0.0,coinmarketcap_data_api_listings_historical
2026-02-27,33286,VOLT,VOLT.WIN,0.00031092,0.0,0.0,coinmarketcap_data_api_listings_historical
2026-02-27,33297,DOGGO,Doggo (doggocto.com),7.3e-07,0.0,0.0,coinmarketcap_data_api_listings_historical
2026-02-27,33321,SUIMAN,Suiman,1.624e-05,0.0,0.0,coinmarketcap_data_api_listings_historical
2026-02-27,558,EMC,Emercoin,0.09467277,0.0,0.0,coinmarketcap_data_api_listings_historical
2026-02-27,33327,ESTEE,ESTEE,2.1e-07,0.0,0.0,coinmarketcap_data_api_listings_historical
2026-02-27,33329,BKOK,BKOK FinTech,0.05809064,0.0,0.0,coinmarketcap_data_api_listings_historical
2026-02-27,16946,MCT,Metacraft,0.08588033,0.0,0.0,coinmarketcap_data_api_listings_historical
2026-02-27,33330,CB,Cheeseball,3.577e-05,0.0,0.0,coinmarketcap_data_api_listings_historical
2026-02-27,33333,CSI,CSI888,4.258e-05,0.0,0.0,coinmarketcap_data_api_listings_historical
2026-02-27,33339,NAMI,Suinami,1.18e-06,0.0,0.0,coinmarketcap_data_api_listings_historical
2026-02-27,572,RBBT,RabbitCoin,0.00119299,0.0,0.0,coinmarketcap_data_api_listings_historical
2026-02-27,33341,LEPER,Leper,1.038e-05,0.0,0.0,coinmarketcap_data_api_listings_historical
2026-02-27,16972,MSHEESHA,Sheesha Finance Polygon,2.827e-05,0.0,0.0,coinmarketcap_data_api_listings_historical
2026-02-27,597,OPAL,Opal,0.00372016,0.0,0.0,coinmarketcap_data_api_listings_historical
2026-02-27,16991,AELIN,Aelin,341.56912597,0.0,0.0,coinmarketcap_data_api_listings_historical
2026-02-27,33377,SUIJAK,Suijak,3.4e-06,0.0,0.0,coinmarketcap_data_api_listings_historical
2026-02-27,33383,HAWK,Hawk,3.018e-05,0.0,0.0,coinmarketcap_data_api_listings_historical
2026-02-27,33396,ROBOTAXI,ROBOTAXI,0.0,0.0,0.0,coinmarketcap_data_api_listings_historical
2026-02-27,17017,VCG,VCGamers,0.00674706,0.0,0.0,coinmarketcap_data_api_listings_historical
2026-02-27,33404,ETFS,ETFSwap,8.62e-05,0.0,0.0,coinmarketcap_data_api_listings_historical
2026-02-27,33408,NSDQ,NSDQ420,0.00039196,0.0,0.0,coinmarketcap_data_api_listings_historical
2026-02-27,33421,TUA,Atua AI,7.4e-06,0.0,0.0,coinmarketcap_data_api_listings_historical
2026-02-27,33423,NEIROH,NeiroWifHat,6.07e-06,0.0,0.0,coinmarketcap_data_api_listings_historical
2026-02-27,656,PXI,Prime-XI,0.00098272,0.0,0.0,coinmarketcap_data_api_listings_historical
2026-02-27,33444,WLFI,World Liberty Financial (worldlibertyfinance.ai),0.0,0.0,0.0,coinmarketcap_data_api_listings_historical
2026-02-27,33448,ROT,BRAINROT,2.76e-05,0.0,0.0,coinmarketcap_data_api_listings_historical
2026-02-27,17067,VP,Torah Network,0.00449925,0.0,0.0,coinmarketcap_data_api_listings_historical
2026-02-27,33453,PAC,America Pac,9.787e-05,0.0,0.0,coinmarketcap_data_api_listings_historical
2026-02-27,33456,MINGO,Mingo,0.00172183,0.0,0.0,coinmarketcap_data_api_listings_historical
2026-02-27,17076,WMEMO,Wonderful Memories,32.42912949,0.0,0.0,coinmarketcap_data_api_listings_historical
2026-02-27,702,SPR,SpreadCoin,0.00098272,0.0,0.0,coinmarketcap_data_api_listings_historical
2026-02-27,703,RBT,Rimbit,0.00109634,0.0,0.0,coinmarketcap_data_api_listings_historical
2026-02-27,17088,FEED,chikn feed,1.772e-05,0.0,0.0,coinmarketcap_data_api_listings_historical
2026-02-27,17097,SHIBIC,SHIBIC,3e-08,0.0,0.0,coinmarketcap_data_api_listings_historical
2026-02-27,33483,MEDUSA,MEDUSA (medusaonsol.xyz),2.582e-05,0.0,0.0,coinmarketcap_data_api_listings_historical
2026-02-27,720,CRW,Crown,0.00235903,0.0,0.0,coinmarketcap_data_api_listings_historical
2026-02-27,33499,KABOSU,KabosuCoin (ERC),1.4e-07,0.0,0.0,coinmarketcap_data_api_listings_historical
2026-02-27,733,XQN,Quotient,0.00098272,0.0,0.0,coinmarketcap_data_api_listings_historical
2026-02-27,33504,SHARKI,Sharki,1.042e-05,0.0,0.0,coinmarketcap_data_api_listings_historical
2026-02-27,33507,HEDGE,HedgeFi,0.00016206,0.0,0.0,coinmarketcap_data_api_listings_historical
2026-02-27,33508,CJ,Carl Johnson,5.8e-07,0.0,0.0,coinmarketcap_data_api_listings_historical
2026-02-27,33513,kBTC,Kraken Wrapped Bitcoin,65383.53490508,0.0,0.0,coinmarketcap_data_api_listings_historical
2026-02-27,33522,DRAGONX,DragonX,4.9e-07,0.0,0.0,coinmarketcap_data_api_listings_historical
2026-02-27,17145,LOKA,League of Kingdoms Arena,0.01801503,0.0,0.0,coinmarketcap_data_api_listings_historical
2026-02-27,764,XPY,PayCoin,0.00098272,0.0,0.0,coinmarketcap_data_api_listings_historical
2026-02-27,33532,FWOG,FWOG,0.0,0.0,0.0,coinmarketcap_data_api_listings_historical
2026-02-27,17160,VYFI,VyFinance,0.01168305,0.0,0.0,coinmarketcap_data_api_listings_historical
2026-02-27,33547,URS,Uranus,1.471e-05,0.0,0.0,coinmarketcap_data_api_listings_historical
2026-02-27,17172,REV,Revolution,0.22682108,0.0,0.0,coinmarketcap_data_api_listings_historical
2026-02-27,33564,BEAST,MrBeast,0.01595962,0.0,0.0,coinmarketcap_data_api_listings_historical
2026-02-27,17183,LUM,Lum Network,1.179e-05,0.0,0.0,coinmarketcap_data_api_listings_historical
2026-02-27,33576,KHEOWZOO,khaokheowzoo,1.591e-05,0.0,0.0,coinmarketcap_data_api_listings_historical
2026-02-27,33578,INF,INFERNO,2e-08,0.0,0.0,coinmarketcap_data_api_listings_historical
2026-02-27,815,KOBO,Kobocoin,0.00333726,0.0,0.0,coinmarketcap_data_api_listings_historical
2026-02-27,33589,BABYHIPPO,BABY HIPPO,0.0,0.0,0.0,coinmarketcap_data_api_listings_historical
2026-02-27,33590,WAAC,Wrapped  AyeAyeCoin,0.2955092,0.0,0.0,coinmarketcap_data_api_listings_historical
2026-02-27,33593,DOGAI,DOGAI,9.691e-05,0.0,0.0,coinmarketcap_data_api_listings_historical
2026-02-27,831,WBB,Wild Beast Block,0.00310585,0.0,0.0,coinmarketcap_data_api_listings_historical
2026-02-27,17215,FLAG,Flag Network,4.51e-06,0.0,0.0,coinmarketcap_data_api_listings_historical
2026-02-27,33605,BDX,Baby DragonX,8.1e-07,0.0,0.0,coinmarketcap_data_api_listings_historical
2026-02-27,33618,GOATSE,GOATSE,0.0,0.0,0.0,coinmarketcap_data_api_listings_historical
2026-02-27,33621,SDOGE,DOGE on Solana,1.995e-05,0.0,0.0,coinmarketcap_data_api_listings_historical
2026-02-27,33622,BRO,Bro the cat,2.08e-05,0.0,0.0,coinmarketcap_data_api_listings_historical
2026-02-27,857,SONG,SongCoin,0.00098272,0.0,0.0,coinmarketcap_data_api_listings_historical
2026-02-27,33626,GAMA,GAMA Coin,0.30838303,0.0,0.0,coinmarketcap_data_api_listings_historical
2026-02-27,33636,TWIN,Twin Protocol,0.00035537,0.0,0.0,coinmarketcap_data_api_listings_historical
2026-02-27,33638,KINGNEIRO,King Neiro,0.0,0.0,0.0,coinmarketcap_data_api_listings_historical
2026-02-27,33647,MOODENG,Moo Deng (moodeng.sbs),1.5e-06,0.0,0.0,coinmarketcap_data_api_listings_historical
2026-02-27,33648,TATE,Tate Terminal,5.235e-05,0.0,0.0,coinmarketcap_data_api_listings_historical
2026-02-27,33663,BOG,Bog,0.0,0.0,0.0,coinmarketcap_data_api_listings_historical
2026-02-27,898,CF,Californium,0.00230399,0.0,0.0,coinmarketcap_data_api_listings_historical
2026-02-27,17284,DGLN,Dogelana (dogelana.com),4.16e-06,0.0,0.0,coinmarketcap_data_api_listings_historical
2026-02-27,33668,SPX2.0,SPX6900 2.0,8.343e-05,0.0,0.0,coinmarketcap_data_api_listings_historical
2026-02-27,918,BUB,Bubble,0.00106593,0.0,0.0,coinmarketcap_data_api_listings_historical
2026-02-27,17302,CHINAZILLA,ChinaZilla,0.0,0.0,0.0,coinmarketcap_data_api_listings_historical
2026-02-27,921,UNIT,Universal Currency,0.00349867,0.0,0.0,coinmarketcap_data_api_listings_historical
2026-02-27,33693,HOOT,HOOT,1.641e-05,0.0,0.0,coinmarketcap_data_api_listings_historical
2026-02-27,33700,GRIMACE,Grimace,1e-07,0.0,0.0,coinmarketcap_data_api_listings_historical
2026-02-27,17317,INUS,MultiPlanetary Inus,0.0,0.0,0.0,coinmarketcap_data_api_listings_historical
2026-02-27,934,PKB,ParkByte,0.00115479,0.0,0.0,coinmarketcap_data_api_listings_historical
2026-02-27,17318,CATS,CATCOIN,0.0,0.0,0.0,coinmarketcap_data_api_listings_historical
2026-02-27,33702,47,President Trump,5.198e-05,0.0,0.0,coinmarketcap_data_api_listings_historical
2026-02-27,938,ARB,ARbit,0.00089923,0.0,0.0,coinmarketcap_data_api_listings_historical
2026-02-27,945,BTA,Bata,0.07768916,0.0,0.0,coinmarketcap_data_api_listings_historical
2026-02-27,948,ADC,AudioCoin,0.00098272,0.0,0.0,coinmarketcap_data_api_listings_historical
2026-02-27,33718,LILY,Lily's Coin,0.00036153,0.0,0.0,coinmarketcap_data_api_listings_historical
2026-02-27,951,SNRG,Synergy,0.01345573,0.0,0.0,coinmarketcap_data_api_listings_historical
2026-02-27,33721,CHIB,Chiba,2.5e-07,0.0,0.0,coinmarketcap_data_api_listings_historical
2026-02-27,33736,DOGE,Department of Gov Efficiency (deptofgovtefficiency.com),0.01250474,0.0,0.0,coinmarketcap_data_api_listings_historical
2026-02-27,33743,SUIMON,Sui Monster,5.9e-07,0.0,0.0,coinmarketcap_data_api_listings_historical
2026-02-27,978,XRA,Ratecoin,0.00096935,0.0,0.0,coinmarketcap_data_api_listings_historical
2026-02-27,33750,THECAT,THECAT,0.00027208,0.0,0.0,coinmarketcap_data_api_listings_historical
2026-02-27,33752,$MIHARU,Miharu The Smiling Dolphin,8.63e-06,0.0,0.0,coinmarketcap_data_api_listings_historical
2026-02-27,986,CREVA,CrevaCoin,0.00098272,0.0,0.0,coinmarketcap_data_api_listings_historical
2026-02-27,33754,YLAY,Yelay,0.00403761,0.0,0.0,coinmarketcap_data_api_listings_historical
2026-02-27,993,BSC,BowsCoin,8.321e-05,0.0,0.0,coinmarketcap_data_api_listings_historical
2026-02-27,33768,CAI,Chasm,0.00437123,0.0,0.0,coinmarketcap_data_api_listings_historical
2026-02-27,1019,MANNA,Manna,0.00101927,0.0,0.0,coinmarketcap_data_api_listings_historical
2026-02-27,33787,GLAZE,Glaze,5.54e-06,0.0,0.0,coinmarketcap_data_api_listings_historical
2026-02-27,1020,AXIOM,Axiom,0.00093004,0.0,0.0,coinmarketcap_data_api_listings_historical
2026-02-27,33797,EARL,earl,2.1e-05,0.0,0.0,coinmarketcap_data_api_listings_historical
2026-02-27,1032,TX,TransferCoin,0.13119646,0.0,0.0,coinmarketcap_data_api_listings_historical
2026-02-27,1033,GCC,GuccioneCoin,0.00115313,0.0,0.0,coinmarketcap_data_api_listings_historical
2026-02-27,1035,AMS,AmsterdamCoin,0.00025986,0.0,0.0,coinmarketcap_data_api_listings_historical
2026-02-27,1038,EUC,Eurocoin,0.00111672,0.0,0.0,coinmarketcap_data_api_listings_historical
2026-02-27,33806,BWEN,Baby Wen,0.00022,0.0,0.0,coinmarketcap_data_api_listings_historical
2026-02-27,17430,LENFI,Lenfi,0.00030578,0.0,0.0,coinmarketcap_data_api_listings_historical
2026-02-27,1052,VEC2,VectorAI,0.00098272,0.0,0.0,coinmarketcap_data_api_listings_historical
2026-02-27,33832,WICKED,Wicked,3.772e-05,0.0,0.0,coinmarketcap_data_api_listings_historical
2026-02-27,33833,ME,Literally Me,1.607e-05,0.0,0.0,coinmarketcap_data_api_listings_historical
2026-02-27,1066,PAK,Pakcoin,0.00407863,0.0,0.0,coinmarketcap_data_api_listings_historical
2026-02-27,33835,ynETHx,ynETH MAX,2150.08475709,0.0,0.0,coinmarketcap_data_api_listings_historical
2026-02-27,33844,SPN,SpinnerCoin,0.00455856,0.0,0.0,coinmarketcap_data_api_listings_historical
2026-02-27,1082,SIB,SIBCoin,0.06384498,0.0,0.0,coinmarketcap_data_api_listings_historical
2026-02-27,17468,DBC,Dhabi Coin,3.7e-07,0.0,0.0,coinmarketcap_data_api_listings_historical
2026-02-27,1085,SWING,Swing,0.00789461,0.0,0.0,coinmarketcap_data_api_listings_historical
2026-02-27,1090,SANDG,Save and Gain,0.00029978,0.0,0.0,coinmarketcap_data_api_listings_historical
2026-02-27,33859,BTFD,BTFD COIN,4.2e-07,0.0,0.0,coinmarketcap_data_api_listings_historical
2026-02-27,33864,GOLD,GOLDEN AGE,0.0,0.0,0.0,coinmarketcap_data_api_listings_historical
2026-02-27,33865,ABI,Abi,5.2e-06,0.0,0.0,coinmarketcap_data_api_listings_historical
2026-02-27,33866,SOK,shoki,4.99e-06,0.0,0.0,coinmarketcap_data_api_listings_historical
2026-02-27,33877,X,Legacy Media Killer,0.00072168,0.0,0.0,coinmarketcap_data_api_listings_historical
2026-02-27,33878,BTCAT,Bitcat,1.274e-05,0.0,0.0,coinmarketcap_data_api_listings_historical
2026-02-27,1120,DFT,DraftCoin,0.00043144,0.0,0.0,coinmarketcap_data_api_listings_historical
2026-02-27,17504,LIB,Librium Tech,0.00036289,0.0,0.0,coinmarketcap_data_api_listings_historical
2026-02-27,33889,MELON,Melon Dog,0.00010382,0.0,0.0,coinmarketcap_data_api_listings_historical
2026-02-27,33896,WMM,Weird Medieval Memes,4.523e-05,0.0,0.0,coinmarketcap_data_api_listings_historical
2026-02-27,33902,GODL,RoOLZ,2.591e-05,0.0,0.0,coinmarketcap_data_api_listings_historical
2026-02-27,1136,ADZ,Adzcoin,0.00124694,0.0,0.0,coinmarketcap_data_api_listings_historical
2026-02-27,33920,SAD,SadCat,0.00010754,0.0,0.0,coinmarketcap_data_api_listings_historical
2026-02-27,33921,HOPPY,Based Hoppy,3.569e-05,0.0,0.0,coinmarketcap_data_api_listings_historical
2026-02-27,1155,LTCR,Litecred,0.00098272,0.0,0.0,coinmarketcap_data_api_listings_historical
2026-02-27,1159,SLS,SaluS,9.10891101,0.0,0.0,coinmarketcap_data_api_listings_historical
2026-02-27,33927,DANNY,Degen Danny,7.29e-06,0.0,0.0,coinmarketcap_data_api_listings_historical
2026-02-27,1164,FRN,Francs,0.00230537,0.0,0.0,coinmarketcap_data_api_listings_historical
2026-02-27,1165,EVIL,Evil Coin,0.00205357,0.0,0.0,coinmarketcap_data_api_listings_historical
2026-02-27,33940,PNUT,Peanut the Squirrel on Ethereum,0.00501012,0.0,0.0,coinmarketcap_data_api_listings_historical
2026-02-27,33942,$INA,pepeinatux,0.00023649,0.0,0.0,coinmarketcap_data_api_listings_historical
2026-02-27,1175,RBIES,Rubies,0.00561023,0.0,0.0,coinmarketcap_data_api_listings_historical
2026-02-27,33944,GROGGO,Groggo By Matt Furie,0.00011198,0.0,0.0,coinmarketcap_data_api_listings_historical
2026-02-27,33947,COIN,Coin6900,1.59e-05,0.0,0.0,coinmarketcap_data_api_listings_historical
2026-02-27,33948,LAPUPU,Lapupu,0.00021319,0.0,0.0,coinmarketcap_data_api_listings_historical
2026-02-27,33949,WEL,Welshare Health,0.0004268,0.0,0.0,coinmarketcap_data_api_listings_historical
2026-02-27,33950,CDOGE,Cyberdoge,0.00023422,0.0,0.0,coinmarketcap_data_api_listings_historical
2026-02-27,17571,BPAD,BLOKPAD,1.843e-05,0.0,0.0,coinmarketcap_data_api_listings_historical
2026-02-27,1194,IMS,Independent Money System,0.00115328,0.0,0.0,coinmarketcap_data_api_listings_historical
2026-02-27,33969,YES,Yes Chad,1.67e-05,0.0,0.0,coinmarketcap_data_api_listings_historical
2026-02-27,33970,GATSBY,Elon Musks dog,3e-08,0.0,0.0,coinmarketcap_data_api_listings_historical
2026-02-27,33971,TODD,todd,1.255e-05,0.0,0.0,coinmarketcap_data_api_listings_historical
2026-02-27,17589,ANML,Animal Concerts,5.44e-06,0.0,0.0,coinmarketcap_data_api_listings_historical
2026-02-27,1209,PEX,PosEx,0.00358899,0.0,0.0,coinmarketcap_data_api_listings_historical
2026-02-27,1210,CAB,Cabbage,0.00108508,0.0,0.0,coinmarketcap_data_api_listings_historical
2026-02-27,1212,MOJO,MojoCoin,0.00189762,0.0,0.0,coinmarketcap_data_api_listings_historical
2026-02-27,33980,BABYPNUT,Baby Pnut,1.322e-05,0.0,0.0,coinmarketcap_data_api_listings_historical
2026-02-27,1216,EDRC,EDRCoin,0.00706356,0.0,0.0,coinmarketcap_data_api_listings_historical
2026-02-27,1218,POST,PostCoin,0.00115313,0.0,0.0,coinmarketcap_data_api_listings_historical
2026-02-27,33986,OBOT,OBOT,0.00018331,0.0,0.0,coinmarketcap_data_api_listings_historical
2026-02-27,1223,BERN,BERNcash,0.00098272,0.0,0.0,coinmarketcap_data_api_listings_historical
2026-02-27,33991,PUMP,PUMP,0.0001135,0.0,0.0,coinmarketcap_data_api_listings_historical
2026-02-27,33993,DARAM,Daram,2.6e-07,0.0,0.0,coinmarketcap_data_api_listings_historical
2026-02-27,1244,XHI,HiCoin,0.00098272,0.0,0.0,coinmarketcap_data_api_listings_historical
2026-02-27,34014,UNFK,UNFK,0.0,0.0,0.0,coinmarketcap_data_api_listings_historical
2026-02-27,1248,XBTC21,Bitcoin 21,0.00502065,0.0,0.0,coinmarketcap_data_api_listings_historical
2026-02-27,1252,2GIVE,2GIVE,0.00064028,0.0,0.0,coinmarketcap_data_api_listings_historical
2026-02-27,34020,DOGECAST,Dogecast,3.087e-05,0.0,0.0,coinmarketcap_data_api_listings_historical
2026-02-27,1254,XPTX,PlatinumBAR,0.00440185,0.0,0.0,coinmarketcap_data_api_listings_historical
2026-02-27,1259,PONZI,PonziCoin,0.00109673,0.0,0.0,coinmarketcap_data_api_listings_historical
2026-02-27,34027,SOLITO,SOLITO,1.172e-05,0.0,0.0,coinmarketcap_data_api_listings_historical
2026-02-27,34031,SHARE,Based Sharon,3.36e-06,0.0,0.0,coinmarketcap_data_api_listings_historical
2026-02-27,34032,BUENO,Bueno,9.92e-06,0.0,0.0,coinmarketcap_data_api_listings_historical
2026-02-27,34033,BNTY,Bounty,5.53e-06,0.0,0.0,coinmarketcap_data_api_listings_historical
2026-02-27,34035,ANR,AiNero,0.06121939,0.0,0.0,coinmarketcap_data_api_listings_historical
2026-02-27,34036,AURORA,Aurora,1.011e-05,0.0,0.0,coinmarketcap_data_api_listings_historical
2026-02-27,34039,RATS,rats (Ethereum),0.03824837,0.0,0.0,coinmarketcap_data_api_listings_historical
2026-02-27,34044,BALTO,BALTO,6e-08,0.0,0.0,coinmarketcap_data_api_listings_historical
2026-02-27,34046,BULL,Wall Street Bull,3.93e-06,0.0,0.0,coinmarketcap_data_api_listings_historical
2026-02-27,1281,ION,ION,31.74383775,0.0,0.0,coinmarketcap_data_api_listings_historical
2026-02-27,1282,HVCO,High Voltage,0.00095124,0.0,0.0,coinmarketcap_data_api_listings_historical
2026-02-27,34050,PARADOX,Paradox (the-base-paradox.com),0.04800235,0.0,0.0,coinmarketcap_data_api_listings_historical
2026-02-27,1285,GB,GoldBlocks,0.00108607,0.0,0.0,coinmarketcap_data_api_listings_historical
2026-02-27,34055,CHATTY,ChatGPT's Mascot,7.871e-05,0.0,0.0,coinmarketcap_data_api_listings_historical
2026-02-27,1291,CMT,Comet,0.00476117,0.0,0.0,coinmarketcap_data_api_listings_historical
2026-02-27,34062,BBT,Baby Tiger,4.75e-06,0.0,0.0,coinmarketcap_data_api_listings_historical
2026-02-27,34068,CHINAU,Chinau,1e-08,0.0,0.0,coinmarketcap_data_api_listings_historical
2026-02-27,1306,CJ,Cryptojacks,0.00098272,0.0,0.0,coinmarketcap_data_api_listings_historical
2026-02-27,17690,DIFX,Digital Financial Exchange,0.08468859,0.0,0.0,coinmarketcap_data_api_listings_historical
2026-02-27,34080,VIDEO,Videocoin by Drakula,0.12532434,0.0,0.0,coinmarketcap_data_api_listings_historical
2026-02-27,17698,LBLOCK,Lucky Block v1,1e-07,0.0,0.0,coinmarketcap_data_api_listings_historical
2026-02-27,34084,D.O.G.E,Department Of Government Efficiency(Base),1.536e-05,0.0,0.0,coinmarketcap_data_api_listings_historical
2026-02-27,34096,SIRIUS,Sirius,4.925e-05,0.0,0.0,coinmarketcap_data_api_listings_historical
2026-02-27,34107,AGENT,Agents AI,6.8e-05,0.0,0.0,coinmarketcap_data_api_listings_historical
2026-02-27,17724,TRACE,Trace Network Labs,0.00077505,0.0,0.0,coinmarketcap_data_api_listings_historical
2026-02-27,34108,$FLY,$FLY,0.00202455,0.0,0.0,coinmarketcap_data_api_listings_historical
2026-02-27,1351,ACES,Aces,0.00098272,0.0,0.0,coinmarketcap_data_api_listings_historical
2026-02-27,1353,TAJ,TajCoin,0.0011518,0.0,0.0,coinmarketcap_data_api_listings_historical
2026-02-27,34131,BLOB,Blobana Pet,1.973e-05,0.0,0.0,coinmarketcap_data_api_listings_historical
2026-02-27,34134,MAYA,Maya,1.362e-05,0.0,0.0,coinmarketcap_data_api_listings_historical
2026-02-27,1368,VLT,Veltor,0.00345985,0.0,0.0,coinmarketcap_data_api_listings_historical
2026-02-27,34136,DREAM,Dreamcoins,1.942e-05,0.0,0.0,coinmarketcap_data_api_listings_historical
2026-02-27,34137,CROAK,Croak,8.108e-05,0.0,0.0,coinmarketcap_data_api_listings_historical
2026-02-27,34139,RAVANA,Ravana,0.0,0.0,0.0,coinmarketcap_data_api_listings_historical
2026-02-27,34146,FROX,Frox,8e-06,0.0,0.0,coinmarketcap_data_api_listings_historical
2026-02-27,34149,AIFUN,AI Agent Layer,8.636e-05,0.0,0.0,coinmarketcap_data_api_listings_historical
2026-02-27,34150,KAT,NearKat,4.884e-05,0.0,0.0,coinmarketcap_data_api_listings_historical
2026-02-27,17770,NXTT,NextEarth,1.09e-06,0.0,0.0,coinmarketcap_data_api_listings_historical
2026-02-27,17772,SOCA,Socaverse,6e-08,0.0,0.0,coinmarketcap_data_api_listings_historical
2026-02-27,1389,ZYD,Zayedcoin,0.0010642,0.0,0.0,coinmarketcap_data_api_listings_historical
2026-02-27,34162,HISS,Snake of Solana,2.5e-07,0.0,0.0,coinmarketcap_data_api_listings_historical
2026-02-27,1395,DLC,Dollarcoin,0.00087478,0.0,0.0,coinmarketcap_data_api_listings_historical
2026-02-27,1396,MST,MustangCoin,0.00897049,0.0,0.0,coinmarketcap_data_api_listings_historical
2026-02-27,34168,MANIFEST,Manifest,0.00010112,0.0,0.0,coinmarketcap_data_api_listings_historical
2026-02-27,17786,RING,OneRing,0.00042498,0.0,0.0,coinmarketcap_data_api_listings_historical
2026-02-27,34174,BABYSOL,Baby Solana,6.05e-05,0.0,0.0,coinmarketcap_data_api_listings_historical
2026-02-27,34184,AAA,aaa cat,1.164e-05,0.0,0.0,coinmarketcap_data_api_listings_historical
2026-02-27,34185,PIM,PIM,1.098e-05,0.0,0.0,coinmarketcap_data_api_listings_historical
2026-02-27,34188,DESCI,DeSci Meme,0.0,0.0,0.0,coinmarketcap_data_api_listings_historical
2026-02-27,34190,WAWA,Wawa Cat,2.71e-05,0.0,0.0,coinmarketcap_data_api_listings_historical
2026-02-27,34194,HELA,Science Cult Mascot,2e-05,0.0,0.0,coinmarketcap_data_api_listings_historical
2026-02-27,34195,BBC,BLUE BUTT CHEESE,1.884e-05,0.0,0.0,coinmarketcap_data_api_listings_historical
2026-02-27,34198,SOLCAT,SOLCAT,3.62e-06,0.0,0.0,coinmarketcap_data_api_listings_historical
2026-02-27,17818,RADR,CoinRadr,0.00011692,0.0,0.0,coinmarketcap_data_api_listings_historical
2026-02-27,1439,ASAFE,AllSafe,0.0016542,0.0,0.0,coinmarketcap_data_api_listings_historical
2026-02-27,34208,JUSTICE,Justice for Pnut and Fred,1.32e-05,0.0,0.0,coinmarketcap_data_api_listings_historical
2026-02-27,34214,ASPIRIN,Aspirin,0.0,0.0,0.0,coinmarketcap_data_api_listings_historical
2026-02-27,34221,BONKEY,Bonkey,1.955e-05,0.0,0.0,coinmarketcap_data_api_listings_historical
2026-02-27,34223,NAVAL,PATCHWORK NAVAL,1.549e-05,0.0,0.0,coinmarketcap_data_api_listings_historical
2026-02-27,34226,SUGAR,Sugar Bush The Squirrel,8.51e-06,0.0,0.0,coinmarketcap_data_api_listings_historical
2026-02-27,34227,COBY,Coby,4.132e-05,0.0,0.0,coinmarketcap_data_api_listings_historical
2026-02-27,34230,NFNT,NFINITY AI,0.00018209,0.0,0.0,coinmarketcap_data_api_listings_historical
2026-02-27,1468,KURT,Kurrent,0.00088882,0.0,0.0,coinmarketcap_data_api_listings_historical
2026-02-27,34241,CRISPR,CRISPR,0.0,0.0,0.0,coinmarketcap_data_api_listings_historical
2026-02-27,1474,ENT,Eternity,0.00178659,0.0,0.0,coinmarketcap_data_api_listings_historical
2026-02-27,17859,Teddy V2,Teddy Doge,0.0,0.0,0.0,coinmarketcap_data_api_listings_historical
2026-02-27,34244,DJI,Doge Jones Industrial Average,2.562e-05,0.0,0.0,coinmarketcap_data_api_listings_historical
2026-02-27,17861,DOGEKING,DogeKing,0.0,0.0,0.0,coinmarketcap_data_api_listings_historical
2026-02-27,34249,SENSUS,Sensus,4.426e-05,0.0,0.0,coinmarketcap_data_api_listings_historical
2026-02-27,34251,FLOWER,FlowerAI,2.28e-05,0.0,0.0,coinmarketcap_data_api_listings_historical
2026-02-27,1495,POSW,PoSW Coin,0.00092836,0.0,0.0,coinmarketcap_data_api_listings_historical
2026-02-27,34265,QF,QF Network,0.47511017,0.0,0.0,coinmarketcap_data_api_listings_historical
2026-02-27,34266,KEYCAT,Keyboard Cat(keycatsol.com),4.564e-05,0.0,0.0,coinmarketcap_data_api_listings_historical
2026-02-27,34267,BLOB,Blob(belikeblob.com),1.301e-05,0.0,0.0,coinmarketcap_data_api_listings_historical
2026-02-27,1500,WINGS,Wings,0.00287239,0.0,0.0,coinmarketcap_data_api_listings_historical
2026-02-27,17888,ABCD,Crypto Inu,0.0,0.0,0.0,coinmarketcap_data_api_listings_historical
2026-02-27,1511,VIDZ,PureVidz,0.00098272,0.0,0.0,coinmarketcap_data_api_listings_historical
2026-02-27,17895,MARTIA,Colonize Mars,1.16e-06,0.0,0.0,coinmarketcap_data_api_listings_historical
2026-02-27,34279,ASS,WE LOVE ASS,0.00017889,0.0,0.0,coinmarketcap_data_api_listings_historical
2026-02-27,1514,ICOB,ICOBID,0.00098272,0.0,0.0,coinmarketcap_data_api_listings_historical
2026-02-27,1515,IBANK,iBank,0.00098272,0.0,0.0,coinmarketcap_data_api_listings_historical
2026-02-27,34283,JORGIE,Monkey Taken By Police,2.056e-05,0.0,0.0,coinmarketcap_data_api_listings_historical
2026-02-27,1522,FRST,FirstCoin,0.00018229,0.0,0.0,coinmarketcap_data_api_listings_historical
2026-02-27,1528,ICON,Iconic,0.00267114,0.0,0.0,coinmarketcap_data_api_listings_historical
2026-02-27,34296,ELF,Buddy The Elf,5.24e-06,0.0,0.0,coinmarketcap_data_api_listings_historical
2026-02-27,34298,JANRO,Janro The Rat,1.091e-05,0.0,0.0,coinmarketcap_data_api_listings_historical
2026-02-27,34299,MONET,Claude Monet Memeory Coin,0.00041355,0.0,0.0,coinmarketcap_data_api_listings_historical
2026-02-27,34300,SIZE,Size,5.881e-05,0.0,0.0,coinmarketcap_data_api_listings_historical
2026-02-27,34301,LESLIE,Leslie,1.644e-05,0.0,0.0,coinmarketcap_data_api_listings_historical
2026-02-27,34303,KAPPY,Kappy,1.781e-05,0.0,0.0,coinmarketcap_data_api_listings_historical
2026-02-27,34313,OLAF,OLAF,9.47e-06,0.0,0.0,coinmarketcap_data_api_listings_historical
2026-02-27,1546,CNT,Centurion,0.00098272,0.0,0.0,coinmarketcap_data_api_listings_historical
2026-02-27,1558,ARGUS,Argus,0.00098272,0.0,0.0,coinmarketcap_data_api_listings_historical
2026-02-27,34329,BIO,bioDAOs,0.0,0.0,0.0,coinmarketcap_data_api_listings_historical
2026-02-27,1562,SWT,Swarm City,0.00895013,0.0,0.0,coinmarketcap_data_api_listings_historical
2026-02-27,34334,DYOR,DYOR,0.00015472,0.0,0.0,coinmarketcap_data_api_listings_historical
2026-02-27,34338,MORTY,Morty,1.107e-05,0.0,0.0,coinmarketcap_data_api_listings_historical
2026-02-27,1582,NETKO,Netko,0.00568496,0.0,0.0,coinmarketcap_data_api_listings_historical
2026-02-27,34356,CATGUY,Roscoe,7.04e-06,0.0,0.0,coinmarketcap_data_api_listings_historical
2026-02-27,34362,CHILLGUY,CHILLGUY (ETHEREUM),8.531e-05,0.0,0.0,coinmarketcap_data_api_listings_historical
2026-02-27,34366,DMT-NAT,NAT,4e-08,0.0,0.0,coinmarketcap_data_api_listings_historical
2026-02-27,34369,MEOW,Meow,5.29e-06,0.0,0.0,coinmarketcap_data_api_listings_historical
2026-02-27,34371,XRPETF,XRP ETF,0.0,0.0,0.0,coinmarketcap_data_api_listings_historical
2026-02-27,34381,XRP2,XRP2.0,0.0,0.0,0.0,coinmarketcap_data_api_listings_historical
2026-02-27,34382,SLIMER,SLIMER,6.6e-07,0.0,0.0,coinmarketcap_data_api_listings_historical
2026-02-27,34384,DAY,Dayhub,0.00592854,0.0,0.0,coinmarketcap_data_api_listings_historical
2026-02-27,1619,SKY,Skycoin,0.02200925,0.0,0.0,coinmarketcap_data_api_listings_historical
2026-02-27,34389,PEACE,PeacePal AI,2.272e-05,0.0,0.0,coinmarketcap_data_api_listings_historical
2026-02-27,1623,BLAZR,BlazerCoin,0.00098272,0.0,0.0,coinmarketcap_data_api_listings_historical
2026-02-27,34393,RURI,Ruri - Truth Terminal's Crush,1.965e-05,0.0,0.0,coinmarketcap_data_api_listings_historical
2026-02-27,1629,ZENI,Zennies,0.00023,0.0,0.0,coinmarketcap_data_api_listings_historical
2026-02-27,1630,CXT,Coinonat,0.00098272,0.0,0.0,coinmarketcap_data_api_listings_historical
2026-02-27,1632,CONX,Concoin,0.00196545,0.0,0.0,coinmarketcap_data_api_listings_historical
2026-02-27,34403,BASEPRINTER,BasePrinter,1.176e-05,0.0,0.0,coinmarketcap_data_api_listings_historical
2026-02-27,1638,TRST,WeTrust,0.00048458,0.0,0.0,coinmarketcap_data_api_listings_historical
2026-02-27,34414,SAFU,SAFU,2.498e-05,0.0,0.0,coinmarketcap_data_api_listings_historical
2026-02-27,34415,BOSSUS,Boss US,0.0,0.0,0.0,coinmarketcap_data_api_listings_historical
2026-02-27,1651,SCS,SpeedCash,0.00788125,0.0,0.0,coinmarketcap_data_api_listings_historical
2026-02-27,18035,DOGE-1,Doge-1 Mission to the moon,1e-08,0.0,0.0,coinmarketcap_data_api_listings_historical
2026-02-27,34419,CHANT,Bloodline chanting my name,1.448e-05,0.0,0.0,coinmarketcap_data_api_listings_historical
2026-02-27,34421,GMIX,One,0.00776959,0.0,0.0,coinmarketcap_data_api_listings_historical
2026-02-27,1657,VOLT,Bitvolt,0.00098272,0.0,0.0,coinmarketcap_data_api_listings_historical
2026-02-27,34425,LLM,LLM,8.26e-06,0.0,0.0,coinmarketcap_data_api_listings_historical
2026-02-27,1658,LUN,Lunyr,0.00526757,0.0,0.0,coinmarketcap_data_api_listings_historical
2026-02-27,34427,JAK,Jak,3.551e-05,0.0,0.0,coinmarketcap_data_api_listings_historical
2026-02-27,1660,TKN,Monolith,0.07707359,0.0,0.0,coinmarketcap_data_api_listings_historical
2026-02-27,34428,HAWK,Hawk Tuah (overhere.gg),9.673e-05,0.0,0.0,coinmarketcap_data_api_listings_historical
2026-02-27,34429,MISATO,MISATO,4.748e-05,0.0,0.0,coinmarketcap_data_api_listings_historical
2026-02-27,18059,QMALL,QMALL TOKEN,0.01556738,0.0,0.0,coinmarketcap_data_api_listings_historical
2026-02-27,34447,M3M3,M3M3,9.981e-05,0.0,0.0,coinmarketcap_data_api_listings_historical
2026-02-27,1693,MAY,Theresa May Coin,0.00098272,0.0,0.0,coinmarketcap_data_api_listings_historical
2026-02-27,34462,DOPAMINE,DOPAMINE,0.0,0.0,0.0,coinmarketcap_data_api_listings_historical
2026-02-27,34475,X314,X314,7.09e-06,0.0,0.0,coinmarketcap_data_api_listings_historical
2026-02-27,1710,VERI,Veritaseum,15.59713096,0.0,0.0,coinmarketcap_data_api_listings_historical
2026-02-27,34478,GATO,Gato CTO,1.022e-05,0.0,0.0,coinmarketcap_data_api_listings_historical
2026-02-27,34485,BOBLS,Boblles,1.943e-05,0.0,0.0,coinmarketcap_data_api_listings_historical
2026-02-27,1722,MORE,More Coin,0.05500461,0.0,0.0,coinmarketcap_data_api_listings_historical
2026-02-27,18109,RUBY,Ruby Play Network,0.00012236,0.0,0.0,coinmarketcap_data_api_listings_historical
2026-02-27,18115,SHL,Shelling,1e-07,0.0,0.0,coinmarketcap_data_api_listings_historical
2026-02-27,1736,UNIFY,Unify,0.00156915,0.0,0.0,coinmarketcap_data_api_listings_historical
2026-02-27,34506,LIMITLESS,Limitless,0.00021232,0.0,0.0,coinmarketcap_data_api_listings_historical
2026-02-27,1747,ONX,Onix,0.00098272,0.0,0.0,coinmarketcap_data_api_listings_historical
2026-02-27,1750,GXC,GXChain,0.36435163,0.0,0.0,coinmarketcap_data_api_listings_historical
2026-02-27,34519,PEPE,Pepe on Sui,0.0,0.0,0.0,coinmarketcap_data_api_listings_historical
2026-02-27,34523,LUFFY,Luffy Mugiwara,2.71e-06,0.0,0.0,coinmarketcap_data_api_listings_historical
2026-02-27,34524,$S$,SPERO,5e-08,0.0,0.0,coinmarketcap_data_api_listings_historical
2026-02-27,34530,$OTTO,Otto,9.12e-06,0.0,0.0,coinmarketcap_data_api_listings_historical
2026-02-27,1774,SOCC,SocialCoin,0.00057851,0.0,0.0,coinmarketcap_data_api_listings_historical
2026-02-27,34542,HODI,Cat in Hoodie,1.749e-05,0.0,0.0,coinmarketcap_data_api_listings_historical
2026-02-27,1779,WGR,Wagerr,0.00145889,0.0,0.0,coinmarketcap_data_api_listings_historical
2026-02-27,1784,PLBT,Polybius,0.06873071,0.0,0.0,coinmarketcap_data_api_listings_historical
2026-02-27,34554,DNAPEPE,DNA PEPE,0.0,0.0,0.0,coinmarketcap_data_api_listings_historical
2026-02-27,18172,BULT,Bullit,0.00059439,0.0,0.0,coinmarketcap_data_api_listings_historical
2026-02-27,34560,MEAI,MeAI,7.39e-06,0.0,0.0,coinmarketcap_data_api_listings_historical
2026-02-27,34561,RAGS,RAGSCOIN2.0,0.00127872,0.0,0.0,coinmarketcap_data_api_listings_historical
2026-02-27,34565,KENSEI,Kensei,2.193e-05,0.0,0.0,coinmarketcap_data_api_listings_historical
2026-02-27,1807,SAN,Santiment Network Token,0.06443309,0.0,0.0,coinmarketcap_data_api_listings_historical
2026-02-27,34576,PEPEDNA,PEPE DNA,0.0,0.0,0.0,coinmarketcap_data_api_listings_historical
2026-02-27,34599,SSSSS,Snake wif Hat,1.778e-05,0.0,0.0,coinmarketcap_data_api_listings_historical
2026-02-27,34603,TUPE,Turtle Pepe,7.17e-06,0.0,0.0,coinmarketcap_data_api_listings_historical
2026-02-27,34604,DUSTY,DUSTY,0.0,0.0,0.0,coinmarketcap_data_api_listings_historical
2026-02-27,34607,WORKIE,Workie,1.604e-05,0.0,0.0,coinmarketcap_data_api_listings_historical
2026-02-27,1846,GSR,GeyserCoin,0.00230657,0.0,0.0,coinmarketcap_data_api_listings_historical
2026-02-27,34616,BONE,Fleabone,3e-08,0.0,0.0,coinmarketcap_data_api_listings_historical
2026-02-27,18236,TITI,Titi Financial,0.0,0.0,0.0,coinmarketcap_data_api_listings_historical
2026-02-27,34622,BUCK,BUCK INU,1e-07,0.0,0.0,coinmarketcap_data_api_listings_historical
2026-02-27,18248,SOMM,Sommelier,0.00038254,0.0,0.0,coinmarketcap_data_api_listings_historical
2026-02-27,34632,KNOT,Knot Diffie-Hellman,8.143e-05,0.0,0.0,coinmarketcap_data_api_listings_historical
2026-02-27,1878,SHDW,Shadow Token,0.00348388,0.0,0.0,coinmarketcap_data_api_listings_historical
2026-02-27,1881,ONION,DeepOnion,0.02333522,0.0,0.0,coinmarketcap_data_api_listings_historical
2026-02-27,34651,AIYP,Agent YP by Virtuals,0.00013691,0.0,0.0,coinmarketcap_data_api_listings_historical
2026-02-27,1888,IFT,InvestFeed,0.00099328,0.0,0.0,coinmarketcap_data_api_listings_historical
2026-02-27,18275,MSC,MetaSwap,3.59803139,0.0,0.0,coinmarketcap_data_api_listings_historical
2026-02-27,34662,AQUARIUS,Aquarius,5.695e-05,0.0,0.0,coinmarketcap_data_api_listings_historical
2026-02-27,34668,LIBRA,Libra,6.736e-05,0.0,0.0,coinmarketcap_data_api_listings_historical
2026-02-27,34669,NFTXBT,nftxbt by Virtuals,4.871e-05,0.0,0.0,coinmarketcap_data_api_listings_historical
2026-02-27,34670,GUAN,Guanciale by Virtuals,5.067e-05,0.0,0.0,coinmarketcap_data_api_listings_historical
2026-02-27,34672,MUSTAAAAAARD,Mustard,5.305e-05,0.0,0.0,coinmarketcap_data_api_listings_historical
2026-02-27,1908,NAS,Nebulas,1.999e-05,0.0,0.0,coinmarketcap_data_api_listings_historical
2026-02-27,18293,WEB3,Web3 Doge,0.0,0.0,0.0,coinmarketcap_data_api_listings_historical
2026-02-27,34678,AI9000,ai9000,2.724e-05,0.0,0.0,coinmarketcap_data_api_listings_historical
2026-02-27,34694,BOMI,Book of Miggles,0.28118872,0.0,0.0,coinmarketcap_data_api_listings_historical
2026-02-27,34697,APU,Based Apu,0.0,0.0,0.0,coinmarketcap_data_api_listings_historical
2026-02-27,34709,CGX,Chill Guy Xmas,5.38e-06,0.0,0.0,coinmarketcap_data_api_listings_historical
2026-02-27,1949,DLT,Agrello,0.00077119,0.0,0.0,coinmarketcap_data_api_listings_historical
2026-02-27,34725,NIKITA,Nikita,2.66e-05,0.0,0.0,coinmarketcap_data_api_listings_historical
2026-02-27,34727,BRO,Neurobro,0.00084641,0.0,0.0,coinmarketcap_data_api_listings_historical
2026-02-27,1962,BUZZ,BUZZCoin,3.24e-05,0.0,0.0,coinmarketcap_data_api_listings_historical
2026-02-27,18348,VIS,Envision,0.00127366,0.0,0.0,coinmarketcap_data_api_listings_historical
2026-02-27,18349,FPAD,FantomPAD,0.00098551,0.0,0.0,coinmarketcap_data_api_listings_historical
2026-02-27,1967,IND,Indorse Token,0.00109325,0.0,0.0,coinmarketcap_data_api_listings_historical
2026-02-27,34737,INKY,Inkryptus,1.59264716,0.0,0.0,coinmarketcap_data_api_listings_historical
2026-02-27,1970,ATB,ATBCoin,0.0009846,0.0,0.0,coinmarketcap_data_api_listings_historical
2026-02-27,34745,DEGEX,Degen Express,6.07e-06,0.0,0.0,coinmarketcap_data_api_listings_historical
2026-02-27,1984,SUB,Substratum,0.00010997,0.0,0.0,coinmarketcap_data_api_listings_historical
2026-02-27,18381,BABYCATS,Baby Cat Coin,0.0,0.0,0.0,coinmarketcap_data_api_listings_historical
2026-02-27,34784,X,Free Speech,0.00024036,0.0,0.0,coinmarketcap_data_api_listings_historical
2026-02-27,34788,OPAI,Optopia,9.8e-07,0.0,0.0,coinmarketcap_data_api_listings_historical
2026-02-27,34790,SOLID,Solana ID,0.00105249,0.0,0.0,coinmarketcap_data_api_listings_historical
2026-02-27,34802,SUICY,Suicy the Seal,1.581e-05,0.0,0.0,coinmarketcap_data_api_listings_historical
2026-02-27,34811,TRENCHAI,Trenches AI,0.00012571,0.0,0.0,coinmarketcap_data_api_listings_historical
2026-02-27,34817,MOLECULE,Molecule,0.0,0.0,0.0,coinmarketcap_data_api_listings_historical
2026-02-27,34819,PYRATE,PYRATE,4.05e-06,0.0,0.0,coinmarketcap_data_api_listings_historical
2026-02-27,34823,HERIA,Astheria,7.29e-06,0.0,0.0,coinmarketcap_data_api_listings_historical
2026-02-27,34824,SKINUT,Skimask Pnut,1.576e-05,0.0,0.0,coinmarketcap_data_api_listings_historical
2026-02-27,34826,MSI,Monkey Sol Inu,6.4e-06,0.0,0.0,coinmarketcap_data_api_listings_historical
2026-02-27,34829,PEPEC,Pepe Clanker,0.05893933,0.0,0.0,coinmarketcap_data_api_listings_historical
2026-02-27,34831,GMG,Goblin Mine Game,0.00030183,0.0,0.0,coinmarketcap_data_api_listings_historical
2026-02-27,34832,SYNDOG,Synthesizer Dog,1.732e-05,0.0,0.0,coinmarketcap_data_api_listings_historical
2026-02-27,18453,BETS,BetSwirl,2.872e-05,0.0,0.0,coinmarketcap_data_api_listings_historical
2026-02-27,34842,DEPINS,DePINs,6.7e-07,0.0,0.0,coinmarketcap_data_api_listings_historical
2026-02-27,2076,BLUE,Blue Protocol,0.00079343,0.0,0.0,coinmarketcap_data_api_listings_historical
2026-02-27,2081,AMB,Ascendia (ex AirDAO),5.3e-06,0.0,0.0,coinmarketcap_data_api_listings_historical
2026-02-27,34852,AKITA,AKITA-BSC,5.25e-06,0.0,0.0,coinmarketcap_data_api_listings_historical
2026-02-27,18471,LETSGO,Lets Go Brandon,0.0,0.0,0.0,coinmarketcap_data_api_listings_historical
2026-02-27,34858,BRETT2.0,Brett 2.0,1.596e-05,0.0,0.0,coinmarketcap_data_api_listings_historical
2026-02-27,34863,BEPE,BEPE,6.626e-05,0.0,0.0,coinmarketcap_data_api_listings_historical
2026-02-27,34866,KEKE,KEKE Terminal,6.202e-05,0.0,0.0,coinmarketcap_data_api_listings_historical
2026-02-27,34870,VTRV,VITRAVERSE,0.00551398,0.0,0.0,coinmarketcap_data_api_listings_historical
2026-02-27,2104,IETH,iEthereum,0.01315911,0.0,0.0,coinmarketcap_data_api_listings_historical
2026-02-27,34877,QAAGAI,QAAGAI,0.00017717,0.0,0.0,coinmarketcap_data_api_listings_historical
2026-02-27,34892,CALLS,OnlyCalls by Virtuals,4.136e-05,0.0,0.0,coinmarketcap_data_api_listings_historical
2026-02-27,34894,FORKY,Forky,1.064e-05,0.0,0.0,coinmarketcap_data_api_listings_historical
2026-02-27,34895,VAIN,Vainguard,3.948e-05,0.0,0.0,coinmarketcap_data_api_listings_historical
2026-02-27,34897,VU,Velvet Unicorn by Virtuals,0.0002025,0.0,0.0,coinmarketcap_data_api_listings_historical
2026-02-27,18515,SAFUU,Safuu,0.11643956,0.0,0.0,coinmarketcap_data_api_listings_historical
2026-02-27,34899,CERTAI,CertaiK by Virtuals,0.00010793,0.0,0.0,coinmarketcap_data_api_listings_historical
2026-02-27,34901,VIRTU,Virtu by Virtuals,7.154e-05,0.0,0.0,coinmarketcap_data_api_listings_historical
2026-02-27,34903,BOB,Breakout Bro by Virtuals,2.25e-05,0.0,0.0,coinmarketcap_data_api_listings_historical
2026-02-27,2136,ATL,ATLANT,0.00218754,0.0,0.0,coinmarketcap_data_api_listings_historical
2026-02-27,34905,OXI,Oxbull,0.03940963,0.0,0.0,coinmarketcap_data_api_listings_historical
2026-02-27,34906,MDTI,MEDITOC,0.00019981,0.0,0.0,coinmarketcap_data_api_listings_historical
2026-02-27,34908,BEAR,BeerBear,0.00012075,0.0,0.0,coinmarketcap_data_api_listings_historical
2026-02-27,34939,BETH,Beth,8e-06,0.0,0.0,coinmarketcap_data_api_listings_historical
2026-02-27,34941,KOVU,Red Siberian Husky,8.85e-06,0.0,0.0,coinmarketcap_data_api_listings_historical
2026-02-27,34950,SUCHIR,JUSTICE FOR SUCHIR,2.962e-05,0.0,0.0,coinmarketcap_data_api_listings_historical
2026-02-27,2184,PRIX,Privatix,0.00923456,0.0,0.0,coinmarketcap_data_api_listings_historical
2026-02-27,34960,BIGJIM,Big Jim,0.0,0.0,0.0,coinmarketcap_data_api_listings_historical
2026-02-27,34962,SAAD,Saad Boi,7.233e-05,0.0,0.0,coinmarketcap_data_api_listings_historical
2026-02-27,34966,MINIDOGE,Minidoge (mini-doge.com),1.835e-05,0.0,0.0,coinmarketcap_data_api_listings_historical
2026-02-27,34970,$KEKIUS,Kekius Maximus (kekius.club),0.0,0.0,0.0,coinmarketcap_data_api_listings_historical
2026-02-27,34972,KEKIUS,Kekius Maximus (kekiusmaximus.wtf),1.075e-05,0.0,0.0,coinmarketcap_data_api_listings_historical
2026-02-27,18590,SKO,Sugar Kingdom Odyssey,0.00025031,0.0,0.0,coinmarketcap_data_api_listings_historical
2026-02-27,2208,DNA,EncrypGen,0.0061211,0.0,0.0,coinmarketcap_data_api_listings_historical
2026-02-27,34982,HADES,HadesAI by Virtuals,2.787e-05,0.0,0.0,coinmarketcap_data_api_listings_historical
2026-02-27,34985,SYRAX,Syrax AI,0.00459607,0.0,0.0,coinmarketcap_data_api_listings_historical
2026-02-27,34996,SETAI,SETAI Agents,0.00029959,0.0,0.0,coinmarketcap_data_api_listings_historical
2026-02-27,35000,AIVA,AI Voice Agents,3.98e-06,0.0,0.0,coinmarketcap_data_api_listings_historical
2026-02-27,35003,BRYAN,DrPepe.ai,0.0,0.0,0.0,coinmarketcap_data_api_listings_historical
2026-02-27,35006,TARDI,Tardi,0.00017995,0.0,0.0,coinmarketcap_data_api_listings_historical
2026-02-27,18627,CNC,Cornatto,6.89e-06,0.0,0.0,coinmarketcap_data_api_listings_historical
2026-02-27,35012,ORCL,Oracle,0.00125144,0.0,0.0,coinmarketcap_data_api_listings_historical
2026-02-27,35018,ASSAI,ASSAI,7.34e-06,0.0,0.0,coinmarketcap_data_api_listings_historical
2026-02-27,35021,IONA,Iona by Virtuals,0.00033813,0.0,0.0,coinmarketcap_data_api_listings_historical
2026-02-27,35022,SAGE,0xsim by Virtuals,6.3e-06,0.0,0.0,coinmarketcap_data_api_listings_historical
2026-02-27,35023,ROCKET,AI ROCKET by Virtuals,8.433e-05,0.0,0.0,coinmarketcap_data_api_listings_historical
2026-02-27,35025,PEAGUY,The Pea Guy by Virtuals,1.342e-05,0.0,0.0,coinmarketcap_data_api_listings_historical
2026-02-27,35029,DEEPSEEKAI,DeepSeek AI Agent,0.0,0.0,0.0,coinmarketcap_data_api_listings_historical
2026-02-27,18646,TINC,Tiny Coin,0.00153941,0.0,0.0,coinmarketcap_data_api_listings_historical
2026-02-27,35033,PNDN,Pandana,3.82e-05,0.0,0.0,coinmarketcap_data_api_listings_historical
2026-02-27,35039,TRAI,Trackgood AI,6.644e-05,0.0,0.0,coinmarketcap_data_api_listings_historical
2026-02-27,35043,BNKRS,Bonkers Meme Token,5.782e-05,0.0,0.0,coinmarketcap_data_api_listings_historical
2026-02-27,2282,SBTC,Super Bitcoin,0.11498711,0.0,0.0,coinmarketcap_data_api_listings_historical
2026-02-27,2288,WRC,Worldcore,3.092e-05,0.0,0.0,coinmarketcap_data_api_listings_historical
2026-02-27,35059,OPERATOR,OpenAI Agent,0.0,0.0,0.0,coinmarketcap_data_api_listings_historical
2026-02-27,35060,PAWSY,Bark Ruffalo by Virtuals,2.517e-05,0.0,0.0,coinmarketcap_data_api_listings_historical
2026-02-27,2293,UBTC,United Bitcoin,1.6465755,0.0,0.0,coinmarketcap_data_api_listings_historical
2026-02-27,2295,STAR,Starbase,4e-06,0.0,0.0,coinmarketcap_data_api_listings_historical
2026-02-27,35071,COQAI,COQ AI,7.957e-05,0.0,0.0,coinmarketcap_data_api_listings_historical
2026-02-27,2307,BIX,Bibox Token,0.00340004,0.0,0.0,coinmarketcap_data_api_listings_historical
2026-02-27,18699,SHD,Shade Protocol,0.11030291,0.0,0.0,coinmarketcap_data_api_listings_historical
2026-02-27,35084,H4CK,H4CK Terminal by Virtuals,6.896e-05,0.0,0.0,coinmarketcap_data_api_listings_historical
2026-02-27,2318,NEU,Neumark,0.00381088,0.0,0.0,coinmarketcap_data_api_listings_historical
2026-02-27,35088,SIM,Assimilate,0.00027173,0.0,0.0,coinmarketcap_data_api_listings_historical
2026-02-27,35089,PEPEAI,Pepe AI Agent,0.0,0.0,0.0,coinmarketcap_data_api_listings_historical
2026-02-27,18707,POLYCUB,PolyCub,0.00193735,0.0,0.0,coinmarketcap_data_api_listings_historical
2026-02-27,35113,WAI,WAI Combinator by Virtuals,6.993e-05,0.0,0.0,coinmarketcap_data_api_listings_historical
2026-02-27,35116,FOCAI,Focai.fun,1.701e-05,0.0,0.0,coinmarketcap_data_api_listings_historical
2026-02-27,35123,ATA,ATA by Virtuals,2.919e-05,0.0,0.0,coinmarketcap_data_api_listings_historical
2026-02-27,35128,POPPY,Poppy,2.25e-05,0.0,0.0,coinmarketcap_data_api_listings_historical
2026-02-27,35129,WTON,Wrapped TON,1.3026,0.0,0.0,coinmarketcap_data_api_listings_historical
2026-02-27,35132,POM,POM,0.00084593,0.0,0.0,coinmarketcap_data_api_listings_historical
2026-02-27,35133,FRGB,Pepe's Frogbar,5e-08,0.0,0.0,coinmarketcap_data_api_listings_historical
2026-02-27,2370,GOD,Bitcoin God,0.52674371,0.0,0.0,coinmarketcap_data_api_listings_historical
2026-02-27,18754,STNEAR,Staked NEAR,1.59347343,0.0,0.0,coinmarketcap_data_api_listings_historical
2026-02-27,35138,NORA,NORA,1.023e-05,0.0,0.0,coinmarketcap_data_api_listings_historical
2026-02-27,35140,N2,Niggachain AI Layer 2,3.746e-05,0.0,0.0,coinmarketcap_data_api_listings_historical
2026-02-27,18758,MONEY,Moremoney USD,0.6709008,0.0,0.0,coinmarketcap_data_api_listings_historical
2026-02-27,35142,SLAYER,ThreatSlayerAI by Virtuals,1.339e-05,0.0,0.0,coinmarketcap_data_api_listings_historical
2026-02-27,35149,NOMAI,nomAI,0.00014355,0.0,0.0,coinmarketcap_data_api_listings_historical
2026-02-27,35151,OMNI,Omnis Genesis by Virtuals,2.574e-05,0.0,0.0,coinmarketcap_data_api_listings_historical
2026-02-27,35152,DRPXBT,Hunter by Virtuals,2.932e-05,0.0,0.0,coinmarketcap_data_api_listings_historical
2026-02-27,35153,POD,Podflow AI by Virtuals,4.314e-05,0.0,0.0,coinmarketcap_data_api_listings_historical
2026-02-27,18770,GLINK,Gemlink,0.00272491,0.0,0.0,coinmarketcap_data_api_listings_historical
2026-02-27,35154,SUGR,Sugar,1e-05,0.0,0.0,coinmarketcap_data_api_listings_historical
2026-02-27,35155,STSHIP,Starship On Solana,2.8e-07,0.0,0.0,coinmarketcap_data_api_listings_historical
2026-02-27,35161,MONSTA,Based Monsta,2.372e-05,0.0,0.0,coinmarketcap_data_api_listings_historical
2026-02-27,35164,GREENLAND,Greenland,5.78e-06,0.0,0.0,coinmarketcap_data_api_listings_historical
2026-02-27,35166,DEFAI,DeFi Agents AI,1.48e-05,0.0,0.0,coinmarketcap_data_api_listings_historical
2026-02-27,35169,SENTAI,SentAI,3.13e-05,0.0,0.0,coinmarketcap_data_api_listings_historical
2026-02-27,18787,FULA,Functionland,0.00046002,0.0,0.0,coinmarketcap_data_api_listings_historical
2026-02-27,35182,BTCQ8,Bitcoin Kuwait,5.95e-06,0.0,0.0,coinmarketcap_data_api_listings_historical
2026-02-27,2415,ARCT,ArbitrageCT,0.00109364,0.0,0.0,coinmarketcap_data_api_listings_historical
2026-02-27,35186,FEENIX,Feenix,5.58e-06,0.0,0.0,coinmarketcap_data_api_listings_historical
2026-02-27,35194,WOOF,WOOF,1.747e-05,0.0,0.0,coinmarketcap_data_api_listings_historical
2026-02-27,35195,SPHERE,Sphere AI,1.081e-05,0.0,0.0,coinmarketcap_data_api_listings_historical
2026-02-27,18813,WEAR,MetaWear,2.294e-05,0.0,0.0,coinmarketcap_data_api_listings_historical
2026-02-27,18818,LSWAP,LoopSwap,5.554e-05,0.0,0.0,coinmarketcap_data_api_listings_historical
2026-02-27,35207,IDX,ideax,0.00104667,0.0,0.0,coinmarketcap_data_api_listings_historical
2026-02-27,18827,FACEDAO,FaceDAO,0.0,0.0,0.0,coinmarketcap_data_api_listings_historical
2026-02-27,35223,AGENT S,Agent S,4.565e-05,0.0,0.0,coinmarketcap_data_api_listings_historical
2026-02-27,2462,AID,AidCoin,0.00381714,0.0,0.0,coinmarketcap_data_api_listings_historical
2026-02-27,35234,IDRISS,IDRISS,0.0026063,0.0,0.0,coinmarketcap_data_api_listings_historical
2026-02-27,2468,LET,LinkEye,0.00011019,0.0,0.0,coinmarketcap_data_api_listings_historical
2026-02-27,35247,DEFAI,DeFAIRewards,1.818e-05,0.0,0.0,coinmarketcap_data_api_listings_historical
2026-02-27,2482,CPC,CPChain,0.0003428,0.0,0.0,coinmarketcap_data_api_listings_historical
2026-02-27,35264,CHATOSHI,chAtoshI,0.00093197,0.0,0.0,coinmarketcap_data_api_listings_historical
2026-02-27,35266,VIBE,VibrantX,6.622e-05,0.0,0.0,coinmarketcap_data_api_listings_historical
2026-02-27,2503,DMT,DMarket,0.00098272,0.0,0.0,coinmarketcap_data_api_listings_historical
2026-02-27,18890,UNITS,UnitedCoin,0.02386837,0.0,0.0,coinmarketcap_data_api_listings_historical
2026-02-27,2512,UCASH,UNIVERSAL CASH,0.0010254,0.0,0.0,coinmarketcap_data_api_listings_historical
2026-02-27,2513,MNTP,GoldMint,0.01484635,0.0,0.0,coinmarketcap_data_api_listings_historical
2026-02-27,18900,CRBRUS,Cerberus,3.9e-07,0.0,0.0,coinmarketcap_data_api_listings_historical
2026-02-27,35286,CPXTB,Coin Prediction Tool On Base,0.0,0.0,0.0,coinmarketcap_data_api_listings_historical
2026-02-27,35299,JAIHOZ,Jaihoz by Virtuals,0.00014249,0.0,0.0,coinmarketcap_data_api_listings_historical
2026-02-27,35301,NODE,noderzz by Virtuals,1.435e-05,0.0,0.0,coinmarketcap_data_api_listings_historical
2026-02-27,2535,EDGE,Edge,0.06475543,0.0,0.0,coinmarketcap_data_api_listings_historical
2026-02-27,2536,NTK,Neurotoken,0.00011848,0.0,0.0,coinmarketcap_data_api_listings_historical
2026-02-27,35304,CROW,cr0w by Virtuals,2.782e-05,0.0,0.0,coinmarketcap_data_api_listings_historical
2026-02-27,35306,AAAI,AAAI_agent by Virtuals,1.216e-05,0.0,0.0,coinmarketcap_data_api_listings_historical
2026-02-27,18923,KRO,Krogan,0.00017726,0.0,0.0,coinmarketcap_data_api_listings_historical
2026-02-27,35307,RAIN,Rain by Virtuals,2.593e-05,0.0,0.0,coinmarketcap_data_api_listings_historical
2026-02-27,35309,WAGMI,WAGMI,3.451e-05,0.0,0.0,coinmarketcap_data_api_listings_historical
2026-02-27,2542,TDX,Tidex Token,0.00143345,0.0,0.0,coinmarketcap_data_api_listings_historical
2026-02-27,35310,BOOF,Boofus by Virtuals,1.179e-05,0.0,0.0,coinmarketcap_data_api_listings_historical
2026-02-27,35311,GENZAI,GENZAI,2.566e-05,0.0,0.0,coinmarketcap_data_api_listings_historical
2026-02-27,35313,MXNBC,Rekt Burgundy by Virtuals,2.101e-05,0.0,0.0,coinmarketcap_data_api_listings_historical
2026-02-27,2546,REM,Remme,7.6e-06,0.0,0.0,coinmarketcap_data_api_listings_historical
2026-02-27,35314,ECHO,EchoLeaks by Virtuals,5.186e-05,0.0,0.0,coinmarketcap_data_api_listings_historical
2026-02-27,2548,POA,POA Network,0.02295946,0.0,0.0,coinmarketcap_data_api_listings_historical
2026-02-27,18933,CLASS,Class Coin,2.52e-06,0.0,0.0,coinmarketcap_data_api_listings_historical
2026-02-27,35320,GOGLZ,GOGGLES,0.00585039,0.0,0.0,coinmarketcap_data_api_listings_historical
2026-02-27,18938,MEME,Memeverse,0.00061297,0.0,0.0,coinmarketcap_data_api_listings_historical
2026-02-27,35327,MATES,MATES,2.109e-05,0.0,0.0,coinmarketcap_data_api_listings_historical
2026-02-27,35328,TBR,Tuebor,0.00128526,0.0,0.0,coinmarketcap_data_api_listings_historical
2026-02-27,35331,AGIXBT,AGIXBT by Virtuals,4.775e-05,0.0,0.0,coinmarketcap_data_api_listings_historical
2026-02-27,2565,STAC,StarterCoin,4.22e-05,0.0,0.0,coinmarketcap_data_api_listings_historical
2026-02-27,35337,YEET,Yeet,0.00061961,0.0,0.0,coinmarketcap_data_api_listings_historical
2026-02-27,35339,APEMAN,APEMAN,1.3e-07,0.0,0.0,coinmarketcap_data_api_listings_historical
2026-02-27,2576,TEN,Tokenomy,0.00616929,0.0,0.0,coinmarketcap_data_api_listings_historical
2026-02-27,35345,BUILD,BUILD,0.02935432,0.0,0.0,coinmarketcap_data_api_listings_historical
2026-02-27,35354,SKAI,SKAINET,1.088e-05,0.0,0.0,coinmarketcap_data_api_listings_historical
2026-02-27,35359,BSOP,Bsop,1.126e-05,0.0,0.0,coinmarketcap_data_api_listings_historical
2026-02-27,18979,TARO,Taroverse,4.349e-05,0.0,0.0,coinmarketcap_data_api_listings_historical
2026-02-27,35368,USDa,USDa (Avalon Labs),0.98417489,0.0,0.0,coinmarketcap_data_api_listings_historical
2026-02-27,35374,SUAI,SuiAI,0.000363,0.0,0.0,coinmarketcap_data_api_listings_historical
2026-02-27,35378,JAE,JaeCoin,6.85e-06,0.0,0.0,coinmarketcap_data_api_listings_historical
2026-02-27,18996,BB,BB Gaming,9.5e-07,0.0,0.0,coinmarketcap_data_api_listings_historical
2026-02-27,19004,IRENA,Irena Coin Apps,2e-07,0.0,0.0,coinmarketcap_data_api_listings_historical
2026-02-27,35397,ZAI,ZAYA AI,0.00139044,0.0,0.0,coinmarketcap_data_api_listings_historical
2026-02-27,35405,LTP,Listapie,0.0838848,0.0,0.0,coinmarketcap_data_api_listings_historical
2026-02-27,19026,SHIBKILLER,ShibKiller,0.0,0.0,0.0,coinmarketcap_data_api_listings_historical
2026-02-27,2644,EOSDAC,eosDAC,0.00011034,0.0,0.0,coinmarketcap_data_api_listings_historical
2026-02-27,35414,DOGEAI,Doge AI Agent,0.0,0.0,0.0,coinmarketcap_data_api_listings_historical
2026-02-27,35424,DOGETF,DOGE ETF,0.0,0.0,0.0,coinmarketcap_data_api_listings_historical
2026-02-27,19046,QWLA,Qawalla,0.07623353,0.0,0.0,coinmarketcap_data_api_listings_historical
2026-02-27,35431,YODA,YODA,6.8e-06,0.0,0.0,coinmarketcap_data_api_listings_historical
2026-02-27,35432,CRADLE,Cradle,0.40531936,0.0,0.0,coinmarketcap_data_api_listings_historical
2026-02-27,35443,MIA,Made in America,1.559e-05,0.0,0.0,coinmarketcap_data_api_listings_historical
2026-02-27,35445,CAR,Car,80.94678276,0.0,0.0,coinmarketcap_data_api_listings_historical
2026-02-27,19066,GNFT,GNFT,0.06213627,0.0,0.0,coinmarketcap_data_api_listings_historical
2026-02-27,35454,SWRX,SwissRx Coin,8.922e-05,0.0,0.0,coinmarketcap_data_api_listings_historical
2026-02-27,35456,TREB,Treble,5.082e-05,0.0,0.0,coinmarketcap_data_api_listings_historical
2026-02-27,35468,DOGEMARS,DOGE TO MARS,0.0,0.0,0.0,coinmarketcap_data_api_listings_historical
2026-02-27,2704,TNS,Transcodium,5.307e-05,0.0,0.0,coinmarketcap_data_api_listings_historical
2026-02-27,19091,H2O,H2O DAO,0.00059515,0.0,0.0,coinmarketcap_data_api_listings_historical
2026-02-27,35475,WAR,Warrior Coin,1.17e-06,0.0,0.0,coinmarketcap_data_api_listings_historical
2026-02-27,2712,MT,MyToken,0.00027002,0.0,0.0,coinmarketcap_data_api_listings_historical
2026-02-27,35483,DOGEMOON,DOGE TO MOON,0.0,0.0,0.0,coinmarketcap_data_api_listings_historical
2026-02-27,35490,BTRUMP,Official Baby Trump,1.66e-05,0.0,0.0,coinmarketcap_data_api_listings_historical
2026-02-27,19107,RATS,Ratscoin,0.0,0.0,0.0,coinmarketcap_data_api_listings_historical
2026-02-27,19111,BOOT,Bostrom,0.0,0.0,0.0,coinmarketcap_data_api_listings_historical
2026-02-27,35499,DEEPSEEK,DeepSeek AI,0.0,0.0,0.0,coinmarketcap_data_api_listings_historical
2026-02-27,35501,MARIO,MarioNawfal on X,0.00013188,0.0,0.0,coinmarketcap_data_api_listings_historical
2026-02-27,35507,BLC,Balance Coin,0.99358533,0.0,0.0,coinmarketcap_data_api_listings_historical
2026-02-27,35511,TREE,Tree,0.1889503,0.0,0.0,coinmarketcap_data_api_listings_historical
2026-02-27,19130,STI,Seek Tiger,9.58e-06,0.0,0.0,coinmarketcap_data_api_listings_historical
2026-02-27,35514,EAFIN,EAFIN,0.00379859,0.0,0.0,coinmarketcap_data_api_listings_historical
2026-02-27,2752,DTRC,Datarius Credit,4.983e-05,0.0,0.0,coinmarketcap_data_api_listings_historical
2026-02-27,35520,KARUM,Karum Coin,2.38310559,0.0,0.0,coinmarketcap_data_api_listings_historical
2026-02-27,35530,OSOL,OSOL AI Index,0.0002401,0.0,0.0,coinmarketcap_data_api_listings_historical
2026-02-27,19148,ECOIN,Ecoin Finance,0.00057749,0.0,0.0,coinmarketcap_data_api_listings_historical
2026-02-27,35532,HOG,HOG,4.45e-06,0.0,0.0,coinmarketcap_data_api_listings_historical
2026-02-27,19151,MSG,MsgSender,0.00249244,0.0,0.0,coinmarketcap_data_api_listings_historical
2026-02-27,35542,TOKEN,Token.com,0.00056068,0.0,0.0,coinmarketcap_data_api_listings_historical
2026-02-27,19164,ASTO,Altered State Token,0.00291927,0.0,0.0,coinmarketcap_data_api_listings_historical
2026-02-27,35551,QWENAI,Qwen AI Agent,0.0,0.0,0.0,coinmarketcap_data_api_listings_historical
2026-02-27,35555,TRIP,Trip,55.87121602,0.0,0.0,coinmarketcap_data_api_listings_historical
2026-02-27,35562,TWIGGY,Twiggy the water skiing squirrel,0.00010555,0.0,0.0,coinmarketcap_data_api_listings_historical
2026-02-27,35578,BOOK,Book of Binance,0.00077291,0.0,0.0,coinmarketcap_data_api_listings_historical
2026-02-27,35584,JAI,Japanese Akita Inu,8.61e-06,0.0,0.0,coinmarketcap_data_api_listings_historical
2026-02-27,19201,PRB,Paribu Net,0.30612966,0.0,0.0,coinmarketcap_data_api_listings_historical
2026-02-27,19205,SIFU,Sifu Vision,77.84579641,0.0,0.0,coinmarketcap_data_api_listings_historical
2026-02-27,19225,HERA,Hera Finance,1.04057983,0.0,0.0,coinmarketcap_data_api_listings_historical
2026-02-27,35617,OMEGA‎X,Ome‎gaX He‎alth,2.733e-05,0.0,0.0,coinmarketcap_data_api_listings_historical
2026-02-27,19236,GULF,Gulf Coin,0.00423911,0.0,0.0,coinmarketcap_data_api_listings_historical
2026-02-27,35633,DOGPU,DogeGPU,1e-07,0.0,0.0,coinmarketcap_data_api_listings_historical
2026-02-27,35636,SAFEMOONSOL,Safemoon CTO on Solana,5.118e-05,0.0,0.0,coinmarketcap_data_api_listings_historical
2026-02-27,35639,PWOG,Purple Fwog,1.8e-07,0.0,0.0,coinmarketcap_data_api_listings_historical
2026-02-27,35643,PHAR,Pharaoh,79.50131045,0.0,0.0,coinmarketcap_data_api_listings_historical
2026-02-27,35648,GROKAI,Grok AI Agent,0.0,0.0,0.0,coinmarketcap_data_api_listings_historical
2026-02-27,35653,CATTON,Catton AI,0.0,0.0,0.0,coinmarketcap_data_api_listings_historical
2026-02-27,19279,VALAS,Valas Finance,8.26e-05,0.0,0.0,coinmarketcap_data_api_listings_historical
2026-02-27,2896,MFT,Mainframe,0.00053362,0.0,0.0,coinmarketcap_data_api_listings_historical
2026-02-27,2906,ESS,Essentia,7.45e-06,0.0,0.0,coinmarketcap_data_api_listings_historical
2026-02-27,2907,KBC,Karatgold Coin,0.00078935,0.0,0.0,coinmarketcap_data_api_listings_historical
2026-02-27,2909,LIKE,LikeCoin,0.00131473,0.0,0.0,coinmarketcap_data_api_listings_historical
2026-02-27,35679,SFX,SpaceFrog X,6e-08,0.0,0.0,coinmarketcap_data_api_listings_historical
2026-02-27,35695,POLLY,Polynetica,1.84e-06,0.0,0.0,coinmarketcap_data_api_listings_historical
2026-02-27,35698,NEZHA,NEZHA,2.606e-05,0.0,0.0,coinmarketcap_data_api_listings_historical
2026-02-27,35706,ANITA,Anita AI,0.00031052,0.0,0.0,coinmarketcap_data_api_listings_historical
2026-02-27,19331,SUPER,PeerMe,0.00138984,0.0,0.0,coinmarketcap_data_api_listings_historical
2026-02-27,19333,RLM,MarbleVerse,0.00010004,0.0,0.0,coinmarketcap_data_api_listings_historical
2026-02-27,35733,PUMPY,WOW MOON LAMBO PUMPPPPPPY,3.73e-06,0.0,0.0,coinmarketcap_data_api_listings_historical
2026-02-27,35738,DEEP,Deep AI,2.098e-05,0.0,0.0,coinmarketcap_data_api_listings_historical
2026-02-27,35748,BROCCOLI,Broccoli (broccolibsc.com),3.723e-05,0.0,0.0,coinmarketcap_data_api_listings_historical
2026-02-27,35754,Broccoli,Broccoli (Bounce Finance),0.00030436,0.0,0.0,coinmarketcap_data_api_listings_historical
2026-02-27,35755,TAPS,TapSwap,0.00035394,0.0,0.0,coinmarketcap_data_api_listings_historical
2026-02-27,2989,EURS,STASIS EURO,1.25939362,0.0,0.0,coinmarketcap_data_api_listings_historical
2026-02-27,35760,BROCCOLI,Official CZ Dog,5.25e-05,0.0,0.0,coinmarketcap_data_api_listings_historical
2026-02-27,35765,WINK,Wink,3.311e-05,0.0,0.0,coinmarketcap_data_api_listings_historical
2026-02-27,35771,PIDOGE,Pi Network Doge,0.0,0.0,0.0,coinmarketcap_data_api_listings_historical
2026-02-27,35772,GROK3AI,Grok 3 AI,0.0,0.0,0.0,coinmarketcap_data_api_listings_historical
2026-02-27,19393,CROGE,Crogecoin,0.00030339,0.0,0.0,coinmarketcap_data_api_listings_historical
2026-02-27,3013,PRIV,PRiVCY,0.00098262,0.0,0.0,coinmarketcap_data_api_listings_historical
2026-02-27,35781,PIAI,Pi Network AI Agent,0.0,0.0,0.0,coinmarketcap_data_api_listings_historical
2026-02-27,35788,BROCCOLI,BROCCOLI (FirstBroccoli on BNB),3.88e-06,0.0,0.0,coinmarketcap_data_api_listings_historical
2026-02-27,3022,ZMN,ZMINE,0.00671647,0.0,0.0,coinmarketcap_data_api_listings_historical
2026-02-27,35796,TST,[Fake] Test (testtoken.me),1.303e-05,0.0,0.0,coinmarketcap_data_api_listings_historical
2026-02-27,35797,BNBAI,BNB Agents,6.65e-06,0.0,0.0,coinmarketcap_data_api_listings_historical
2026-02-27,35805,MANYU,MANYU (manyudog.xyz),1.619e-05,0.0,0.0,coinmarketcap_data_api_listings_historical
2026-02-27,19423,STRNGR,Stronger,0.14985621,0.0,0.0,coinmarketcap_data_api_listings_historical
2026-02-27,19424,FPIS,Frax Price Index Share,0.09336902,0.0,0.0,coinmarketcap_data_api_listings_historical
2026-02-27,19425,FPI,Frax Price Index,1.14274786,0.0,0.0,coinmarketcap_data_api_listings_historical
2026-02-27,19426,GIDDY,Giddy,5e-06,0.0,0.0,coinmarketcap_data_api_listings_historical
2026-02-27,19445,PDD,PDDOLLAR,0.0,0.0,0.0,coinmarketcap_data_api_listings_historical
2026-02-27,35832,OI,O Intelligence Coin,8206166.49183152,0.0,0.0,coinmarketcap_data_api_listings_historical
2026-02-27,35838,REXBT,rexbt by VIRTUALS,2.244e-05,0.0,0.0,coinmarketcap_data_api_listings_historical
2026-02-27,35839,CARROT,Carrot by Puffer,0.01304996,0.0,0.0,coinmarketcap_data_api_listings_historical
2026-02-27,35840,PAPPLE,Pineapple,0.00076222,0.0,0.0,coinmarketcap_data_api_listings_historical
2026-02-27,35848,UNITREEAI,Unitree G1 AI,0.0,0.0,0.0,coinmarketcap_data_api_listings_historical
2026-02-27,35850,DNOW,DuelNow,0.0003686,0.0,0.0,coinmarketcap_data_api_listings_historical
2026-02-27,35859,FPIBANK,FPIBANK,0.0004108,0.0,0.0,coinmarketcap_data_api_listings_historical
2026-02-27,3094,SCR,Scorum Coins,0.00043652,0.0,0.0,coinmarketcap_data_api_listings_historical
2026-02-27,3106,PKG,PKG Token,2.06e-06,0.0,0.0,coinmarketcap_data_api_listings_historical
2026-02-27,35882,TCAT,Troller Cat,3.8e-07,0.0,0.0,coinmarketcap_data_api_listings_historical
2026-02-27,35883,INDUSTRIAL,Industrial,68.17755545,0.0,0.0,coinmarketcap_data_api_listings_historical
2026-02-27,35887,NVG8,Navigate,0.00018539,0.0,0.0,coinmarketcap_data_api_listings_historical
2026-02-27,35894,BONDX,BONDX,0.00377407,0.0,0.0,coinmarketcap_data_api_listings_historical
2026-02-27,19513,ANA,Nirvana ANA,4.07544287,0.0,0.0,coinmarketcap_data_api_listings_historical
2026-02-27,35907,ALIBABAAI,Alibaba AI Agent,0.0,0.0,0.0,coinmarketcap_data_api_listings_historical
2026-02-27,19526,PINETWORKDEFI,Pi Network DeFi,3.38e-06,0.0,0.0,coinmarketcap_data_api_listings_historical
2026-02-27,35910,BGCI,Bloomberg Galaxy Crypto Index,1.72894799,0.0,0.0,coinmarketcap_data_api_listings_historical
2026-02-27,35911,FROC,Based Froc,1.18e-06,0.0,0.0,coinmarketcap_data_api_listings_historical
2026-02-27,3144,THR,ThoreCoin,22.23153229,0.0,0.0,coinmarketcap_data_api_listings_historical
2026-02-27,35918,ROP,Redemption Of Pets,0.01448171,0.0,0.0,coinmarketcap_data_api_listings_historical
2026-02-27,19538,NXUSD,NXUSD,0.99448497,0.0,0.0,coinmarketcap_data_api_listings_historical
2026-02-27,3164,PMA,PumaPay,4.23e-06,0.0,0.0,coinmarketcap_data_api_listings_historical
2026-02-27,35937,XPI,XPi,4.36e-05,0.0,0.0,coinmarketcap_data_api_listings_historical
2026-02-27,3181,HAND,ShowHand,3.434e-05,0.0,0.0,coinmarketcap_data_api_listings_historical
2026-02-27,35949,REALESTATE,RealEstate,53.6601708,0.0,0.0,coinmarketcap_data_api_listings_historical
2026-02-27,35953,SNL,Snow Leopard,0.0,0.0,0.0,coinmarketcap_data_api_listings_historical
2026-02-27,35957,RAMEN,Ramen,0.00250642,0.0,0.0,coinmarketcap_data_api_listings_historical
2026-02-27,35960,SHDX,Shido DEX,3.617e-05,0.0,0.0,coinmarketcap_data_api_listings_historical
2026-02-27,35965,USDA,USDA,0.97818414,0.0,0.0,coinmarketcap_data_api_listings_historical
2026-02-27,19582,ZENC,Zenc Coin,0.00182793,0.0,0.0,coinmarketcap_data_api_listings_historical
2026-02-27,19583,NIRV,Nirvana NIRV,0.98159417,0.0,0.0,coinmarketcap_data_api_listings_historical
2026-02-27,35975,BROCCOLI,Broccoli (broccoliaab.com),0.00044877,0.0,0.0,coinmarketcap_data_api_listings_historical
2026-02-27,35977,ELON,Official Elon Coin (elonofficial.xyz),1.941e-05,0.0,0.0,coinmarketcap_data_api_listings_historical
2026-02-27,35980,$RICH,$RICH,4.475e-05,0.0,0.0,coinmarketcap_data_api_listings_historical
2026-02-27,35988,AIV,AIVeronica,3.961e-05,0.0,0.0,coinmarketcap_data_api_listings_historical
2026-02-27,19606,EMP,Empowa,0.00877397,0.0,0.0,coinmarketcap_data_api_listings_historical
2026-02-27,36004,MAG,Magnetix,3.844e-05,0.0,0.0,coinmarketcap_data_api_listings_historical
2026-02-27,36005,MINT,Mint Blockchain,0.00324476,0.0,0.0,coinmarketcap_data_api_listings_historical
2026-02-27,36010,TRUMPTESLA,Trump Tesla,0.0,0.0,0.0,coinmarketcap_data_api_listings_historical
2026-02-27,36013,SYMM,Symmio,0.00735364,0.0,0.0,coinmarketcap_data_api_listings_historical
2026-02-27,3247,FLOT,Fire Lotto,0.00092944,0.0,0.0,coinmarketcap_data_api_listings_historical
2026-02-27,36015,WIN,WinX.io,3.26e-06,0.0,0.0,coinmarketcap_data_api_listings_historical
2026-02-27,36019,DISTRIBUTE,DISTRIBUTE,8.66e-06,0.0,0.0,coinmarketcap_data_api_listings_historical
2026-02-27,36021,COCORO,Cocoro (cocorosolana.xyz),1.18e-05,0.0,0.0,coinmarketcap_data_api_listings_historical
2026-02-27,36024,BABY,Deer Seized by US Government,1.967e-05,0.0,0.0,coinmarketcap_data_api_listings_historical
2026-02-27,36025,POPG,POPG,0.04793395,0.0,0.0,coinmarketcap_data_api_listings_historical
2026-02-27,19642,MAV,Massive Protocol,0.0141294,0.0,0.0,coinmarketcap_data_api_listings_historical
2026-02-27,36026,ATM,ATM (BSC),0.0005148,0.0,0.0,coinmarketcap_data_api_listings_historical
2026-02-27,36033,BUT,Bucket Protocol,0.00174542,0.0,0.0,coinmarketcap_data_api_listings_historical
2026-02-27,19675,BTE,Betero,0.0007799,0.0,0.0,coinmarketcap_data_api_listings_historical
2026-02-27,36067,USDO,OpenEden OpenDollar,0.9997524,0.0,0.0,coinmarketcap_data_api_listings_historical
2026-02-27,19685,PEN,Protocon,0.09868638,0.0,0.0,coinmarketcap_data_api_listings_historical
2026-02-27,3304,MOLK,MobilinkToken,2.721e-05,0.0,0.0,coinmarketcap_data_api_listings_historical
2026-02-27,36074,TALK,CrypTalk,0.00188331,0.0,0.0,coinmarketcap_data_api_listings_historical
2026-02-27,36077,SHORT,Bermuda Shorts,1.862e-05,0.0,0.0,coinmarketcap_data_api_listings_historical
2026-02-27,36081,CTH,Changcoin,6.48323325,0.0,0.0,coinmarketcap_data_api_listings_historical
2026-02-27,36088,GHHS,GHHS Healthcare,0.04657319,0.0,0.0,coinmarketcap_data_api_listings_historical
2026-02-27,36092,RX,RealtyX,0.00116991,0.0,0.0,coinmarketcap_data_api_listings_historical
2026-02-27,36095,PATLU,Patlu,1.862e-05,0.0,0.0,coinmarketcap_data_api_listings_historical
2026-02-27,36110,ROUTINE,Morning Routine,3.808e-05,0.0,0.0,coinmarketcap_data_api_listings_historical
2026-02-27,19744,DDD,Dot Dot Finance,4.66e-06,0.0,0.0,coinmarketcap_data_api_listings_historical
2026-02-27,36136,BYB,BiorLabs,0.0002744,0.0,0.0,coinmarketcap_data_api_listings_historical
2026-02-27,19758,GODE,Gode Chain,0.00780119,0.0,0.0,coinmarketcap_data_api_listings_historical
2026-02-27,19762,SANI,Sanin Inu,1.4e-07,0.0,0.0,coinmarketcap_data_api_listings_historical
2026-02-27,36179,MEMEX,Meme Index,3.283e-05,0.0,0.0,coinmarketcap_data_api_listings_historical
2026-02-27,3415,BCZERO,Buggyra Coin Zero,0.29979407,0.0,0.0,coinmarketcap_data_api_listings_historical
2026-02-27,36185,DRAGONZ,Dragonz Land,0.00099117,0.0,0.0,coinmarketcap_data_api_listings_historical
2026-02-27,36192,ELVIS,ELVIS,1.056e-05,0.0,0.0,coinmarketcap_data_api_listings_historical
2026-02-27,36197,Orange Diamond,Orange Diamond,3.674e-05,0.0,0.0,coinmarketcap_data_api_listings_historical
2026-02-27,19833,API,API INU,0.0,0.0,0.0,coinmarketcap_data_api_listings_historical
2026-02-27,36222,S,Token S,0.00107954,0.0,0.0,coinmarketcap_data_api_listings_historical
2026-02-27,19842,LFNTY,Lifinity,1.15361777,0.0,0.0,coinmarketcap_data_api_listings_historical
2026-02-27,36228,GLDS,Glades,5.69e-06,0.0,0.0,coinmarketcap_data_api_listings_historical
2026-02-27,19847,KUKU,panKUKU,2.9e-07,0.0,0.0,coinmarketcap_data_api_listings_historical
2026-02-27,36242,DEAL,The Art Of The Deal,0.0,0.0,0.0,coinmarketcap_data_api_listings_historical
2026-02-27,3479,MODX,MODEL-X-coin,0.00115314,0.0,0.0,coinmarketcap_data_api_listings_historical
2026-02-27,36248,BLIFFY,Bliffy,9.6e-07,0.0,0.0,coinmarketcap_data_api_listings_historical
2026-02-27,19865,RIA,aRIA Currency,0.0259974,0.0,0.0,coinmarketcap_data_api_listings_historical
2026-02-27,19866,NEKO,NEKO,8.31e-06,0.0,0.0,coinmarketcap_data_api_listings_historical
2026-02-27,36253,ALIENS,Aliens,6.01e-06,0.0,0.0,coinmarketcap_data_api_listings_historical
2026-02-27,36254,ESIM,EvoSimGame,2.165e-05,0.0,0.0,coinmarketcap_data_api_listings_historical
2026-02-27,19871,PRDS,Brise Paradise,2.998e-05,0.0,0.0,coinmarketcap_data_api_listings_historical
2026-02-27,36258,SUSD,Solayer USD,1.11098197,0.0,0.0,coinmarketcap_data_api_listings_historical
2026-02-27,36261,HYP,HyperX,0.00600078,0.0,0.0,coinmarketcap_data_api_listings_historical
2026-02-27,19886,FAME,Fame MMA,4.93e-06,0.0,0.0,coinmarketcap_data_api_listings_historical
2026-02-27,19899,EVMOS,Evmos,0.00087078,0.0,0.0,coinmarketcap_data_api_listings_historical
2026-02-27,36291,OZK,OpenZK Network,5.274e-05,0.0,0.0,coinmarketcap_data_api_listings_historical
2026-02-27,36301,DEFIANT,Defiant,1.884e-05,0.0,0.0,coinmarketcap_data_api_listings_historical
2026-02-27,36304,DUCKY,ducky,1.03e-05,0.0,0.0,coinmarketcap_data_api_listings_historical
2026-02-27,36305,ELXAI,ELIXIR AI,8.64e-06,0.0,0.0,coinmarketcap_data_api_listings_historical
2026-02-27,36321,$GOLD,$GOLD,0.0,0.0,0.0,coinmarketcap_data_api_listings_historical
2026-02-27,36331,CHIN,FITCHIN Universe,0.00019809,0.0,0.0,coinmarketcap_data_api_listings_historical
2026-02-27,36336,ALONE,Forever Alone,8.18e-06,0.0,0.0,coinmarketcap_data_api_listings_historical
2026-02-27,36339,VGBP,VNX British Pound,1.35692761,0.0,0.0,coinmarketcap_data_api_listings_historical
2026-02-27,19958,SLIME,Snail Trail,0.00014978,0.0,0.0,coinmarketcap_data_api_listings_historical
2026-02-27,36342,RWAI,RWAI,5.68e-05,0.0,0.0,coinmarketcap_data_api_listings_historical
2026-02-27,36346,DMCP,DeMCP,1.629e-05,0.0,0.0,coinmarketcap_data_api_listings_historical
2026-02-27,36353,DIVINER,DIVINER,5.24e-06,0.0,0.0,coinmarketcap_data_api_listings_historical
2026-02-27,3589,ETHM,Ethereum Meta,0.0,0.0,0.0,coinmarketcap_data_api_listings_historical
2026-02-27,19973,MVX,Metavault Trade,0.02465003,0.0,0.0,coinmarketcap_data_api_listings_historical
2026-02-27,36360,BOI,Boi the Bear,7.453e-05,0.0,0.0,coinmarketcap_data_api_listings_historical
2026-02-27,36361,BABYBONK,Babybonk,1e-08,0.0,0.0,coinmarketcap_data_api_listings_historical
2026-02-27,19978,FERT,Chikn Fert,7.71e-06,0.0,0.0,coinmarketcap_data_api_listings_historical
2026-02-27,36363,APARTMENT,Apartment,0.0,0.0,0.0,coinmarketcap_data_api_listings_historical
2026-02-27,3596,XNV,Nerva,0.05799943,0.0,0.0,coinmarketcap_data_api_listings_historical
2026-02-27,19982,NUMI,Numitor,0.04202149,0.0,0.0,coinmarketcap_data_api_listings_historical
2026-02-27,19983,ELTG,Graphen,6e-06,0.0,0.0,coinmarketcap_data_api_listings_historical
2026-02-27,19987,ASIX+,ASIX+,2e-08,0.0,0.0,coinmarketcap_data_api_listings_historical
2026-02-27,36376,2049,TOKEN 2049,2.677e-05,0.0,0.0,coinmarketcap_data_api_listings_historical
2026-02-27,3610,MICRO,Micromines,2e-08,0.0,0.0,coinmarketcap_data_api_listings_historical
2026-02-27,36380,BFT,BiFinanceToken,0.96815652,0.0,0.0,coinmarketcap_data_api_listings_historical
2026-02-27,36383,PIPE,PIPE,5.94e-06,0.0,0.0,coinmarketcap_data_api_listings_historical
2026-02-27,36384,HATCH,Hatch,0.00067518,0.0,0.0,coinmarketcap_data_api_listings_historical
2026-02-27,3621,BTNTV2,BitNautic Token,0.00089474,0.0,0.0,coinmarketcap_data_api_listings_historical
2026-02-27,36400,TNT,Titan Token,0.00086731,0.0,0.0,coinmarketcap_data_api_listings_historical
2026-02-27,36412,BGA,BIGHAIR,0.00029442,0.0,0.0,coinmarketcap_data_api_listings_historical
2026-02-27,36421,RED,RED,15.41418067,0.0,0.0,coinmarketcap_data_api_listings_historical
2026-02-27,36427,BAYC,BAYC AI,0.05672313,0.0,0.0,coinmarketcap_data_api_listings_historical
2026-02-27,36436,SUPR,Superseed,0.00016219,0.0,0.0,coinmarketcap_data_api_listings_historical
2026-02-27,36447,CIK,Christ is King,1.8e-07,0.0,0.0,coinmarketcap_data_api_listings_historical
2026-02-27,36451,TRIX,Triceps,3e-08,0.0,0.0,coinmarketcap_data_api_listings_historical
2026-02-27,20077,SFL,Sunflower Land,0.06785483,0.0,0.0,coinmarketcap_data_api_listings_historical
2026-02-27,36463,XNPCS,NPCS AI,7.612e-05,0.0,0.0,coinmarketcap_data_api_listings_historical
2026-02-27,20081,OMNIA,OmniaVerse,0.0001419,0.0,0.0,coinmarketcap_data_api_listings_historical
2026-02-27,36470,SUIAGENT,aiSUI,4.5e-06,0.0,0.0,coinmarketcap_data_api_listings_historical
2026-02-27,36476,SWPX,SwapX,0.00259755,0.0,0.0,coinmarketcap_data_api_listings_historical
2026-02-27,3715,CAJ,Cajutel,0.02405248,0.0,0.0,coinmarketcap_data_api_listings_historical
2026-02-27,36484,GIDR,Gold Indonesia Republic,164.97564342,0.0,0.0,coinmarketcap_data_api_listings_historical
2026-02-27,36485,RATO,Rato The Rat (ratotherat.com),1.5e-07,0.0,0.0,coinmarketcap_data_api_listings_historical
2026-02-27,36486,USDX,USD X20,1.00085407,0.0,0.0,coinmarketcap_data_api_listings_historical
2026-02-27,36491,GORTH,Gorth,0.0,0.0,0.0,coinmarketcap_data_api_listings_historical
2026-02-27,36493,PLAYFUN,PLAYFUN,2.7e-07,0.0,0.0,coinmarketcap_data_api_listings_historical
2026-02-27,36494,NOODLE,Noodle,2.435e-05,0.0,0.0,coinmarketcap_data_api_listings_historical
2026-02-27,36500,GIGGLES,Giggles,2.606e-05,0.0,0.0,coinmarketcap_data_api_listings_historical
2026-02-27,36501,BUDDY,Creator Buddy,3.005e-05,0.0,0.0,coinmarketcap_data_api_listings_historical
2026-02-27,36504,NAIIVE,Naiive,5.292e-05,0.0,0.0,coinmarketcap_data_api_listings_historical
2026-02-27,36516,QU3,QU3 AI,0.00037765,0.0,0.0,coinmarketcap_data_api_listings_historical
2026-02-27,36517,BANNED,BANNED,1.358e-05,0.0,0.0,coinmarketcap_data_api_listings_historical
2026-02-27,20136,PESA,Pesabase,0.00455091,0.0,0.0,coinmarketcap_data_api_listings_historical
2026-02-27,36520,TFNY,TFNY,2.459e-05,0.0,0.0,coinmarketcap_data_api_listings_historical
2026-02-27,36529,YLT,Yieltra,0.00441281,0.0,0.0,coinmarketcap_data_api_listings_historical
2026-02-27,3763,OWC,Oduwacoin,0.07863479,0.0,0.0,coinmarketcap_data_api_listings_historical
2026-02-27,36538,USDN,Noble Dollar,0.99808727,0.0,0.0,coinmarketcap_data_api_listings_historical
2026-02-27,20156,BULL,Bullshit Inu,0.0,0.0,0.0,coinmarketcap_data_api_listings_historical
2026-02-27,36541,SUPFRIEND,Superfriend,1.298e-05,0.0,0.0,coinmarketcap_data_api_listings_historical
2026-02-27,36548,PEPE,Pepe by Jason Furie,0.0,0.0,0.0,coinmarketcap_data_api_listings_historical
2026-02-27,36549,A7A5,A7A5,0.012813,0.0,0.0,coinmarketcap_data_api_listings_historical
2026-02-27,20170,LC,LuckyChip,0.00029164,0.0,0.0,coinmarketcap_data_api_listings_historical
2026-02-27,36555,BASEFARCON,Base@FarCon 2025,1.107e-05,0.0,0.0,coinmarketcap_data_api_listings_historical
2026-02-27,20191,HOOP,Chibi Dinos,3.454e-05,0.0,0.0,coinmarketcap_data_api_listings_historical
2026-02-27,3809,DOS,DOS Network,0.00100936,0.0,0.0,coinmarketcap_data_api_listings_historical
2026-02-27,36579,OCN,Official Crypto Nostra,1.573e-05,0.0,0.0,coinmarketcap_data_api_listings_historical
2026-02-27,36583,MCP,MCP AI,0.0,0.0,0.0,coinmarketcap_data_api_listings_historical
2026-02-27,36592,KAKA,KAKA,1.408e-05,0.0,0.0,coinmarketcap_data_api_listings_historical
2026-02-27,36594,C,CROAK,1.224e-05,0.0,0.0,coinmarketcap_data_api_listings_historical
2026-02-27,36596,LUNIOX,LunioX,0.04284424,0.0,0.0,coinmarketcap_data_api_listings_historical
2026-02-27,36597,SAVVA,SAVVA,0.00351394,0.0,0.0,coinmarketcap_data_api_listings_historical
2026-02-27,36600,$RWA,$RWA,0.0,0.0,0.0,coinmarketcap_data_api_listings_historical
2026-02-27,36607,USD.Z,Zether USD 2.0,1.0007099,0.0,0.0,coinmarketcap_data_api_listings_historical
2026-02-27,36614,GPT,Gold Park,0.00548995,0.0,0.0,coinmarketcap_data_api_listings_historical
2026-02-27,36615,BTC2,Bitcoin 2.0,0.00126322,0.0,0.0,coinmarketcap_data_api_listings_historical
2026-02-27,36636,LOOP,Looping Collective,0.00308515,0.0,0.0,coinmarketcap_data_api_listings_historical
2026-02-27,36640,VNX,VNX Community Hub,0.04964074,0.0,0.0,coinmarketcap_data_api_listings_historical
2026-02-27,20259,BCHEM,Bitchemical,0.04999519,0.0,0.0,coinmarketcap_data_api_listings_historical
2026-02-27,36647,BROWN,Brown,1.238e-05,0.0,0.0,coinmarketcap_data_api_listings_historical
2026-02-27,20272,SHINO,ShinobiVerse,6.5e-06,0.0,0.0,coinmarketcap_data_api_listings_historical
2026-02-27,36656,PEPECASH,PEPECASH,1.617e-05,0.0,0.0,coinmarketcap_data_api_listings_historical
2026-02-27,20273,X,X Doge,1e-08,0.0,0.0,coinmarketcap_data_api_listings_historical
2026-02-27,36662,SWOL,Snowy Owl,6e-08,0.0,0.0,coinmarketcap_data_api_listings_historical
2026-02-27,36663,YND,YieldNest,0.00063675,0.0,0.0,coinmarketcap_data_api_listings_historical
2026-02-27,36670,LOUD,Loud,0.00033012,0.0,0.0,coinmarketcap_data_api_listings_historical
2026-02-27,20289,GRD,Gradium,1.20900505,0.0,0.0,coinmarketcap_data_api_listings_historical
2026-02-27,36675,ATTN,Attention,0.00100697,0.0,0.0,coinmarketcap_data_api_listings_historical
2026-02-27,20293,LAND,Outlanders,0.00010796,0.0,0.0,coinmarketcap_data_api_listings_historical
2026-02-27,36680,Z,Z,9.668e-05,0.0,0.0,coinmarketcap_data_api_listings_historical
2026-02-27,36682,GEORGE,GEORGE,1.301e-05,0.0,0.0,coinmarketcap_data_api_listings_historical
2026-02-27,20319,GOLDY,DeFi Land Gold,3.34e-06,0.0,0.0,coinmarketcap_data_api_listings_historical
2026-02-27,36709,LABUBU,LABUBU,4.399e-05,0.0,0.0,coinmarketcap_data_api_listings_historical
2026-02-27,3948,TERA,TERA,2.299e-05,0.0,0.0,coinmarketcap_data_api_listings_historical
2026-02-27,36717,ZENAI,Zen AI,1.798e-05,0.0,0.0,coinmarketcap_data_api_listings_historical
2026-02-27,20335,GFT,Galaxy Finance,0.0040968,0.0,0.0,coinmarketcap_data_api_listings_historical
2026-02-27,36727,PRNT,Prime Numbers Labs Ecosystem (new),0.04769136,0.0,0.0,coinmarketcap_data_api_listings_historical
2026-02-27,36736,CRAZY,Crazy Frog,1.822e-05,0.0,0.0,coinmarketcap_data_api_listings_historical
2026-02-27,36745,RTX,OrbitX DAO,0.00038918,0.0,0.0,coinmarketcap_data_api_listings_historical
2026-02-27,20364,GOO,Gooeys,6.3e-07,0.0,0.0,coinmarketcap_data_api_listings_historical
2026-02-27,36751,WSOPH,Wrapped SOPH,0.00891724,0.0,0.0,coinmarketcap_data_api_listings_historical
2026-02-27,36758,DAWAE,DaWae,8.17e-06,0.0,0.0,coinmarketcap_data_api_listings_historical
2026-02-27,20389,S2K,Sports 2K75,0.0,0.0,0.0,coinmarketcap_data_api_listings_historical
2026-02-27,36773,$PLAT,$PLATINUM,0.0,0.0,0.0,coinmarketcap_data_api_listings_historical
2026-02-27,36778,TAP,The America Party,4.176e-05,0.0,0.0,coinmarketcap_data_api_listings_historical
2026-02-27,36779,CTYN,Canyont,0.00615202,0.0,0.0,coinmarketcap_data_api_listings_historical
2026-02-27,36790,IMAGE,Imagen Network,0.00011903,0.0,0.0,coinmarketcap_data_api_listings_historical
2026-02-27,4024,RAVEN,Raven Protocol,5.426e-05,0.0,0.0,coinmarketcap_data_api_listings_historical
2026-02-27,36792,TEUSD,TeUSD,0.99993563,0.0,0.0,coinmarketcap_data_api_listings_historical
2026-02-27,36793,AMR,Advanced Mortgage & Reserve,1.575e-05,0.0,0.0,coinmarketcap_data_api_listings_historical
2026-02-27,36799,SBET,SharpLink Gaming,6.91e-06,0.0,0.0,coinmarketcap_data_api_listings_historical
2026-02-27,4035,HNST,Honest,0.00226157,0.0,0.0,coinmarketcap_data_api_listings_historical
2026-02-27,36812,NTV,Nativ,7.3e-07,0.0,0.0,coinmarketcap_data_api_listings_historical
2026-02-27,36817,NAKA,Naka Go,0.00017939,0.0,0.0,coinmarketcap_data_api_listings_historical
2026-02-27,36823,FMT,FingerMonkeys,1.356e-05,0.0,0.0,coinmarketcap_data_api_listings_historical
2026-02-27,36829,TDE,Trader,0.26079691,0.0,0.0,coinmarketcap_data_api_listings_historical
2026-02-27,36835,KAPPA,the face of sarcasm,1.734e-05,0.0,0.0,coinmarketcap_data_api_listings_historical
2026-02-27,4075,XCHF,CryptoFranc,0.02258902,0.0,0.0,coinmarketcap_data_api_listings_historical
2026-02-27,36857,P33L,THE P33L,2.109e-05,0.0,0.0,coinmarketcap_data_api_listings_historical
2026-02-27,36858,WOOLLY,Miniature Woolly Mammoth,7.434e-05,0.0,0.0,coinmarketcap_data_api_listings_historical
2026-02-27,20475,USDZ,Zedxion,0.89984586,0.0,0.0,coinmarketcap_data_api_listings_historical
2026-02-27,36859,SIMPSON,Homer,0.0,0.0,0.0,coinmarketcap_data_api_listings_historical
2026-02-27,20485,VIZSLASWAP,VizslaSwap,0.00021453,0.0,0.0,coinmarketcap_data_api_listings_historical
2026-02-27,4102,TMN,TranslateMe Network Token,0.00083099,0.0,0.0,coinmarketcap_data_api_listings_historical
2026-02-27,20493,HOT,HyperOne,1.96541072,0.0,0.0,coinmarketcap_data_api_listings_historical
2026-02-27,36882,KAI,KAIKO,0.00071548,0.0,0.0,coinmarketcap_data_api_listings_historical
2026-02-27,20508,SHINJI,Shinjiru Inu V2,0.0,0.0,0.0,coinmarketcap_data_api_listings_historical
2026-02-27,36919,RITA,Rita Elite Order,0.00018083,0.0,0.0,coinmarketcap_data_api_listings_historical
2026-02-27,36923,BOSSBURGER,Boss Burger,1.066e-05,0.0,0.0,coinmarketcap_data_api_listings_historical
2026-02-27,36925,BLAZE,Blaze,4e-07,0.0,0.0,coinmarketcap_data_api_listings_historical
2026-02-27,36927,INFOFI,WAGMI HUB,4.82e-06,0.0,0.0,coinmarketcap_data_api_listings_historical
2026-02-27,20547,HOP,Hop Protocol,0.00067149,0.0,0.0,coinmarketcap_data_api_listings_historical
2026-02-27,20549,VERSA,VersaGames,0.00265685,0.0,0.0,coinmarketcap_data_api_listings_historical
2026-02-27,20550,LINU,Luna Inu,0.0,0.0,0.0,coinmarketcap_data_api_listings_historical
2026-02-27,36948,PSC,PowerSnookerCoin,0.00943366,0.0,0.0,coinmarketcap_data_api_listings_historical
2026-02-27,36950,BOJI,Boji,4.01e-06,0.0,0.0,coinmarketcap_data_api_listings_historical
2026-02-27,20582,NMKR,NMKR,0.00010674,0.0,0.0,coinmarketcap_data_api_listings_historical
2026-02-27,36968,GWT,Goblin World Token,1.819e-05,0.0,0.0,coinmarketcap_data_api_listings_historical
2026-02-27,36970,ARABCLUB,The Arab Club Token,3.84628571,0.0,0.0,coinmarketcap_data_api_listings_historical
2026-02-27,36971,MGAMES,MemeGames AI,6.382e-05,0.0,0.0,coinmarketcap_data_api_listings_historical
2026-02-27,36975,BINANCIENS,Binanciens,1.109e-05,0.0,0.0,coinmarketcap_data_api_listings_historical
2026-02-27,20646,OZONE,Ozone Metaverse,3.256e-05,0.0,0.0,coinmarketcap_data_api_listings_historical
2026-02-27,4263,BCNA,BitCanna,6.819e-05,0.0,0.0,coinmarketcap_data_api_listings_historical
2026-02-27,20648,JPYC,JPYC Prepaid,0.00704064,0.0,0.0,coinmarketcap_data_api_listings_historical
2026-02-27,37069,REG,RealToken Ecosystem Governance,0.05956325,0.0,0.0,coinmarketcap_data_api_listings_historical
2026-02-27,20686,BlueSparrow,BlueSparrow Token,0.00649983,0.0,0.0,coinmarketcap_data_api_listings_historical
2026-02-27,37072,CETES,CETES tokenized stablebonds (Etherfuse),0.06670238,0.0,0.0,coinmarketcap_data_api_listings_historical
2026-02-27,37075,RICH,GET RICH QUICK,1.967e-05,0.0,0.0,coinmarketcap_data_api_listings_historical
2026-02-27,37080,GRAMS,Silver (Grams),3.02495181,0.0,0.0,coinmarketcap_data_api_listings_historical
2026-02-27,37089,PALM,Palm Economy,0.00025953,0.0,0.0,coinmarketcap_data_api_listings_historical
2026-02-27,37096,NBASIS,Nest Basis Vault,0.8481381,0.0,0.0,coinmarketcap_data_api_listings_historical
2026-02-27,37104,LAIKA,Laïka,9.88e-06,0.0,0.0,coinmarketcap_data_api_listings_historical
2026-02-27,37109,ONF,Oracle Finance Network,1.00271908,0.0,0.0,coinmarketcap_data_api_listings_historical
2026-02-27,37125,$SIX,Six Sigma Sports,0.0022082,0.0,0.0,coinmarketcap_data_api_listings_historical
2026-02-27,20763,LOOK,LooksCoin,0.00734969,0.0,0.0,coinmarketcap_data_api_listings_historical
2026-02-27,20764,USDF,USD Freedom,1.21109817,0.0,0.0,coinmarketcap_data_api_listings_historical
2026-02-27,4381,YCE,MYCE,0.00234299,0.0,0.0,coinmarketcap_data_api_listings_historical
2026-02-27,20792,RAMA,Ramestta,0.00759443,0.0,0.0,coinmarketcap_data_api_listings_historical
2026-02-27,4427,BDCC,BITICA COIN,0.03997178,0.0,0.0,coinmarketcap_data_api_listings_historical
2026-02-27,20817,DMA,Dragoma,0.00022859,0.0,0.0,coinmarketcap_data_api_listings_historical
2026-02-27,20854,ZED,ZED Token,0.00029138,0.0,0.0,coinmarketcap_data_api_listings_historical
2026-02-27,37241,QKITTY,Queen Kitty,6.796e-05,0.0,0.0,coinmarketcap_data_api_listings_historical
2026-02-27,37253,PRGN,Paragon Tweaks,8.18e-06,0.0,0.0,coinmarketcap_data_api_listings_historical
2026-02-27,37256,RS,Ceylon,0.0,0.0,0.0,coinmarketcap_data_api_listings_historical
2026-02-27,37266,MBS,Mind Body Soul,0.02321317,0.0,0.0,coinmarketcap_data_api_listings_historical
2026-02-27,4508,VOLTZ,Voltz,0.00144506,0.0,0.0,coinmarketcap_data_api_listings_historical
2026-02-27,37281,THUSD,thUSD,0.99770895,0.0,0.0,coinmarketcap_data_api_listings_historical
2026-02-27,37284,MAYA,Maya,0.000255,0.0,0.0,coinmarketcap_data_api_listings_historical
2026-02-27,37285,TAKO,Tako,4e-08,0.0,0.0,coinmarketcap_data_api_listings_historical
2026-02-27,37288,DEGE,DegeCoin,0.0,0.0,0.0,coinmarketcap_data_api_listings_historical
2026-02-27,37289,$OWO,OWO,0.0,0.0,0.0,coinmarketcap_data_api_listings_historical
2026-02-27,37299,USELESS,USELESS COIN,0.0,0.0,0.0,coinmarketcap_data_api_listings_historical
2026-02-27,37303,MRBEAST,X Super Official CEO,8.18e-06,0.0,0.0,coinmarketcap_data_api_listings_historical
2026-02-27,20920,EURe,Monerium EURe,1.17970872,0.0,0.0,coinmarketcap_data_api_listings_historical
2026-02-27,37310,LUCK,Luckify,0.0042676,0.0,0.0,coinmarketcap_data_api_listings_historical
2026-02-27,20927,NFTL,NFTL,0.00110615,0.0,0.0,coinmarketcap_data_api_listings_historical
2026-02-27,37313,ZARO,Zaro Coin,0.0004017,0.0,0.0,coinmarketcap_data_api_listings_historical
2026-02-27,20930,WTN,Wateenswap,0.00029979,0.0,0.0,coinmarketcap_data_api_listings_historical
2026-02-27,37315,BBBTC,Big Back Bitcoin,8.49e-06,0.0,0.0,coinmarketcap_data_api_listings_historical
2026-02-27,37330,MARU,Marutaro,4.917e-05,0.0,0.0,coinmarketcap_data_api_listings_historical
2026-02-27,20955,ROCKETFI,RocketFi,4e-07,0.0,0.0,coinmarketcap_data_api_listings_historical
2026-02-27,37354,XING,Xing Xing,0.00018397,0.0,0.0,coinmarketcap_data_api_listings_historical
2026-02-27,37360,LNCHM,Launchium,2.27e-06,0.0,0.0,coinmarketcap_data_api_listings_historical
2026-02-27,37366,NEXUS,Nexus,0.00039454,0.0,0.0,coinmarketcap_data_api_listings_historical
2026-02-27,20989,INUINU,Inu Inu,0.0,0.0,0.0,coinmarketcap_data_api_listings_historical
2026-02-27,37379,HOODOG,Hoodog,0.0,0.0,0.0,coinmarketcap_data_api_listings_historical
2026-02-27,37381,ANDREA,Andrea Von Speed,2.302e-05,0.0,0.0,coinmarketcap_data_api_listings_historical
2026-02-27,37384,DOGIMUS,Tesla Dog,7.443e-05,0.0,0.0,coinmarketcap_data_api_listings_historical
2026-02-27,37388,SUPERGROK,SuperGrok,3.9e-05,0.0,0.0,coinmarketcap_data_api_listings_historical
2026-02-27,37391,TSLA,Tesla,0.268468,0.0,0.0,coinmarketcap_data_api_listings_historical
2026-02-27,37392,RICKY,Ricky The Raccoon,2.94e-06,0.0,0.0,coinmarketcap_data_api_listings_historical
2026-02-27,37395,SBET,[Fake] Sharplink Gaming,6.78971065,0.0,0.0,coinmarketcap_data_api_listings_historical
2026-02-27,37397,XPED,Xpedition,0.00420086,0.0,0.0,coinmarketcap_data_api_listings_historical
2026-02-27,37403,BC,Original Bitcoin,0.00033252,0.0,0.0,coinmarketcap_data_api_listings_historical
2026-02-27,37404,AIOSHI,AiOShi Apple Companion,3.74e-06,0.0,0.0,coinmarketcap_data_api_listings_historical
2026-02-27,37407,YNUSDX,ynUSD Max,1.05139231,0.0,0.0,coinmarketcap_data_api_listings_historical
2026-02-27,37423,SIDELINER,Sideliner Coin,3.6e-06,0.0,0.0,coinmarketcap_data_api_listings_historical
2026-02-27,37424,TANUKI,Tanuki,1.029e-05,0.0,0.0,coinmarketcap_data_api_listings_historical
2026-02-27,37426,TWS,SynVision,0.02359219,0.0,0.0,coinmarketcap_data_api_listings_historical
2026-02-27,37429,哈喽,哈喽,2.26e-05,0.0,0.0,coinmarketcap_data_api_listings_historical
2026-02-27,21046,GARY,Gary,0.02344272,0.0,0.0,coinmarketcap_data_api_listings_historical
2026-02-27,37435,MARS,Mars the hippo,1.072e-05,0.0,0.0,coinmarketcap_data_api_listings_historical
2026-02-27,37438,MONKEY,Monkey the picasso,6.69e-06,0.0,0.0,coinmarketcap_data_api_listings_historical
2026-02-27,37440,BABYMANYU,Baby Manyu,0.0,0.0,0.0,coinmarketcap_data_api_listings_historical
2026-02-27,37446,VALENTINE,Valentine Grok Companion (valentinebase.xyz),0.00030969,0.0,0.0,coinmarketcap_data_api_listings_historical
2026-02-27,21064,GICT,GICTrade,0.71293175,0.0,0.0,coinmarketcap_data_api_listings_historical
2026-02-27,37457,P1,PEPE ONE,1.268e-05,0.0,0.0,coinmarketcap_data_api_listings_historical
2026-02-27,37460,EPSTAIN,Jeffrey Epstain,6.36e-06,0.0,0.0,coinmarketcap_data_api_listings_historical
2026-02-27,37461,WLFI,World Liberty Financial (worldlibertyfinancial.education),0.00015255,0.0,0.0,coinmarketcap_data_api_listings_historical
2026-02-27,21080,OSK-DAO,OSK DAO,0.03236292,0.0,0.0,coinmarketcap_data_api_listings_historical
2026-02-27,37467,XRP2.0,XRP 2.0,0.0,0.0,0.0,coinmarketcap_data_api_listings_historical
2026-02-27,37470,XAU,XAU9999 Meme,0.0,0.0,0.0,coinmarketcap_data_api_listings_historical
2026-02-27,21089,CTG,CRYPTORG,0.01009484,0.0,0.0,coinmarketcap_data_api_listings_historical
2026-02-27,37474,LOA,Law Of Attraction v2,1.751e-05,0.0,0.0,coinmarketcap_data_api_listings_historical
2026-02-27,37476,TORUS,Torus (torus.network),0.07689316,0.0,0.0,coinmarketcap_data_api_listings_historical
2026-02-27,37477,ASETQU,AsetQu,26.96029448,0.0,0.0,coinmarketcap_data_api_listings_historical
2026-02-27,37485,AIRFRY,airfryer coin,4.82e-06,0.0,0.0,coinmarketcap_data_api_listings_historical
2026-02-27,37490,HODL,HODL,4.312e-05,0.0,0.0,coinmarketcap_data_api_listings_historical
2026-02-27,37494,TRIVI,TriviAgent,5.482e-05,0.0,0.0,coinmarketcap_data_api_listings_historical
2026-02-27,37498,GREEN,GREEN,4.4e-06,0.0,0.0,coinmarketcap_data_api_listings_historical
2026-02-27,37500,VOOZ,Vooz Coin,7.81e-05,0.0,0.0,coinmarketcap_data_api_listings_historical
2026-02-27,37505,SLIPPY,Slippy,4e-08,0.0,0.0,coinmarketcap_data_api_listings_historical
2026-02-27,37511,SPURDO,Spurdo,0.0,0.0,0.0,coinmarketcap_data_api_listings_historical
2026-02-27,21129,ARB,ARB Protocol,6.91e-06,0.0,0.0,coinmarketcap_data_api_listings_historical
2026-02-27,37526,DEBT,DebtCoin,4.018e-05,0.0,0.0,coinmarketcap_data_api_listings_historical
2026-02-27,37528,BLC,BLANC DAO,0.21486946,0.0,0.0,coinmarketcap_data_api_listings_historical
2026-02-27,4761,NU,NuCypher,0.02108767,0.0,0.0,coinmarketcap_data_api_listings_historical
2026-02-27,37531,IMAGINE,IMAGINE,2.474e-05,0.0,0.0,coinmarketcap_data_api_listings_historical
2026-02-27,37533,MAO,MAO,1.55e-05,0.0,0.0,coinmarketcap_data_api_listings_historical
2026-02-27,37538,RUGPROOF,Launchpad,4.91e-06,0.0,0.0,coinmarketcap_data_api_listings_historical
2026-02-27,37539,MOTION,motion,6.49e-06,0.0,0.0,coinmarketcap_data_api_listings_historical
2026-02-27,37541,COSMO,Cosmo,8.15e-06,0.0,0.0,coinmarketcap_data_api_listings_historical
2026-02-27,37542,CONSCIOUS,Conscious,0.13426086,0.0,0.0,coinmarketcap_data_api_listings_historical
2026-02-27,21163,TTC,Tao Te Ching,10.3842861,0.0,0.0,coinmarketcap_data_api_listings_historical
2026-02-27,37557,BINGO,Bingo,5.9e-07,0.0,0.0,coinmarketcap_data_api_listings_historical
2026-02-27,37559,OKS,Oikos (New),0.17352665,0.0,0.0,coinmarketcap_data_api_listings_historical
2026-02-27,21178,MRS,Metars Genesis,0.58783094,0.0,0.0,coinmarketcap_data_api_listings_historical
2026-02-27,37567,BSTR,BigStrategy Inc,1.357e-05,0.0,0.0,coinmarketcap_data_api_listings_historical
2026-02-27,37573,X1000,x1000club,2.165e-05,0.0,0.0,coinmarketcap_data_api_listings_historical
2026-02-27,4808,BCNT,Bincentive,0.00105894,0.0,0.0,coinmarketcap_data_api_listings_historical
2026-02-27,21198,GHNY,Grizzly Honey,0.01910138,0.0,0.0,coinmarketcap_data_api_listings_historical
2026-02-27,37582,USDU,Ultracoin,1.00046733,0.0,0.0,coinmarketcap_data_api_listings_historical
2026-02-27,21204,STC,Styleo Coin,0.49996016,0.0,0.0,coinmarketcap_data_api_listings_historical
2026-02-27,37601,IMAGINE,Grok Imagine,1.054e-05,0.0,0.0,coinmarketcap_data_api_listings_historical
2026-02-27,37602,TROLLGE,TROLLGE,6.35e-06,0.0,0.0,coinmarketcap_data_api_listings_historical
2026-02-27,37620,MAPU,MatchAwards Platform Utility Token,0.62785406,0.0,0.0,coinmarketcap_data_api_listings_historical
2026-02-27,37622,MACRO,Macro Millions,0.00031691,0.0,0.0,coinmarketcap_data_api_listings_historical
2026-02-27,37632,RAGEGUY,RAGEGUY FFFFFFFFFFFFFUUUUUUUUUUUUUUUU,5.39e-06,0.0,0.0,coinmarketcap_data_api_listings_historical
2026-02-27,37639,CP,CoinUp.io,0.16722287,0.0,0.0,coinmarketcap_data_api_listings_historical
2026-02-27,37643,SON,"ARE YA WINNING, SON?",0.000117,0.0,0.0,coinmarketcap_data_api_listings_historical
2026-02-27,37644,MAGAL,Magallaneer,3.009e-05,0.0,0.0,coinmarketcap_data_api_listings_historical
2026-02-27,21266,LAND,Landboard,0.00276856,0.0,0.0,coinmarketcap_data_api_listings_historical
2026-02-27,37657,STM,Steam22,0.05822115,0.0,0.0,coinmarketcap_data_api_listings_historical
2026-02-27,37662,BPXL,BombPixel,6.7e-07,0.0,0.0,coinmarketcap_data_api_listings_historical
2026-02-27,37663,MBGA,MBGA,1.19e-05,0.0,0.0,coinmarketcap_data_api_listings_historical
2026-02-27,37664,ALL,Binance ALL Composite Index,0.461565,0.0,0.0,coinmarketcap_data_api_listings_historical
2026-02-27,21290,OKINAMI,Kanagawa Nami,0.00030614,0.0,0.0,coinmarketcap_data_api_listings_historical
2026-02-27,37675,BALLTZE,BALLTZE,8.07e-06,0.0,0.0,coinmarketcap_data_api_listings_historical
2026-02-27,21292,WDOT,WDOT,1.60659806,0.0,0.0,coinmarketcap_data_api_listings_historical
2026-02-27,4916,MODEX,Modex,0.01228462,0.0,0.0,coinmarketcap_data_api_listings_historical
2026-02-27,21314,APTR,Aperture Finance,3.751e-05,0.0,0.0,coinmarketcap_data_api_listings_historical
2026-02-27,37701,SKITTEN,SKITTEN,0.00045186,0.0,0.0,coinmarketcap_data_api_listings_historical
2026-02-27,37708,EGC,EAGLE COIN,0.49974744,0.0,0.0,coinmarketcap_data_api_listings_historical
2026-02-27,37720,JOJO,JOJO,1.048e-05,0.0,0.0,coinmarketcap_data_api_listings_historical
2026-02-27,21339,MORE,BuyMORE,0.04890645,0.0,0.0,coinmarketcap_data_api_listings_historical
2026-02-27,21342,SUZUME,Shita-kiri Suzume,8e-08,0.0,0.0,coinmarketcap_data_api_listings_historical
2026-02-27,37727,KURT,Kurt,4.657e-05,0.0,0.0,coinmarketcap_data_api_listings_historical
2026-02-27,37730,TOKABU,Tokabu,0.0,0.0,0.0,coinmarketcap_data_api_listings_historical
2026-02-27,37736,SCTRL,SolControl,0.00011666,0.0,0.0,coinmarketcap_data_api_listings_historical
2026-02-27,37738,MOON,just mooncoin,4.81e-06,0.0,0.0,coinmarketcap_data_api_listings_historical
2026-02-27,37746,BNS,BNS COIN,0.99571922,0.0,0.0,coinmarketcap_data_api_listings_historical
2026-02-27,37748,USD.F,TetherFund,1.00002468,0.0,0.0,coinmarketcap_data_api_listings_historical
2026-02-27,37749,EAGLE,Bald Eagle,3.108e-05,0.0,0.0,coinmarketcap_data_api_listings_historical
2026-02-27,37750,RUN,Speedrun,3.86e-06,0.0,0.0,coinmarketcap_data_api_listings_historical
2026-02-27,37753,BULLPEPE,Bull Pepe (bullpepe.com),6.47e-06,0.0,0.0,coinmarketcap_data_api_listings_historical
2026-02-27,21370,MMF,MM Finance (Polygon),5.14e-06,0.0,0.0,coinmarketcap_data_api_listings_historical
2026-02-27,37756,CLOOTS,CryptoLoots,4.251e-05,0.0,0.0,coinmarketcap_data_api_listings_historical
2026-02-27,21373,3AIR,3air,6.275e-05,0.0,0.0,coinmarketcap_data_api_listings_historical
2026-02-27,37757,IOTAI,IoTAI,0.00367362,0.0,0.0,coinmarketcap_data_api_listings_historical
2026-02-27,37762,BRM,BullRun Meme,4.998e-05,0.0,0.0,coinmarketcap_data_api_listings_historical
2026-02-27,37763,AINFT,EternaFi Agents,0.00087167,0.0,0.0,coinmarketcap_data_api_listings_historical
2026-02-27,37765,IMAGINE,Grok Imagine,0.00054218,0.0,0.0,coinmarketcap_data_api_listings_historical
2026-02-27,21429,MIIDAS,Miidas NFT,3.47e-06,0.0,0.0,coinmarketcap_data_api_listings_historical
2026-02-27,21467,HAO,HistoryDAO,4.9e-06,0.0,0.0,coinmarketcap_data_api_listings_historical
2026-02-27,21540,NOTE,Note,0.99996359,0.0,0.0,coinmarketcap_data_api_listings_historical
2026-02-27,5181,TRYB,BiLira,0.02270579,0.0,0.0,coinmarketcap_data_api_listings_historical
2026-02-27,5184,BTCP,Bitcoin Pro,8.3847854,0.0,0.0,coinmarketcap_data_api_listings_historical
2026-02-27,21572,USDTZ,USDtez,0.00737503,0.0,0.0,coinmarketcap_data_api_listings_historical
2026-02-27,21576,BTCPAY,Bitcoin Pay,0.00213207,0.0,0.0,coinmarketcap_data_api_listings_historical
2026-02-27,37979,BERRIE,Berrie Dex,0.22888374,0.0,0.0,coinmarketcap_data_api_listings_historical
2026-02-27,37984,FOUNDER,Founder,1.355e-05,0.0,0.0,coinmarketcap_data_api_listings_historical
2026-02-27,37992,RLP,Resolv Liquidity Pool,1.28092944,0.0,0.0,coinmarketcap_data_api_listings_historical
2026-02-27,5263,CDAI,Compound Dai,0.02507762,0.0,0.0,coinmarketcap_data_api_listings_historical
2026-02-27,5330,ULT,Shardus,0.0315922,0.0,0.0,coinmarketcap_data_api_listings_historical
2026-02-27,38103,mpDAO,Meta Pool,0.01496501,0.0,0.0,coinmarketcap_data_api_listings_historical
2026-02-27,5336,HMR,Homeros,0.0001659,0.0,0.0,coinmarketcap_data_api_listings_historical
2026-02-27,38105,TOTAKEKE,Totakeke,1.5e-05,0.0,0.0,coinmarketcap_data_api_listings_historical
2026-02-27,38109,SSX,Solana Stock Index,1.704e-05,0.0,0.0,coinmarketcap_data_api_listings_historical
2026-02-27,38110,FKR,Flicker,0.00082767,0.0,0.0,coinmarketcap_data_api_listings_historical
2026-02-27,21733,SUDO,sudoswap,0.01119961,0.0,0.0,coinmarketcap_data_api_listings_historical
2026-02-27,38120,MOANER,Moaner by Matt Furie,1.178e-05,0.0,0.0,coinmarketcap_data_api_listings_historical
2026-02-27,38122,GOONER,Purgy Pengoon,0.00015406,0.0,0.0,coinmarketcap_data_api_listings_historical
2026-02-27,38123,TTAJ,TTAJ,0.00251216,0.0,0.0,coinmarketcap_data_api_listings_historical
2026-02-27,38125,AIFI,AiFinance,0.36332952,0.0,0.0,coinmarketcap_data_api_listings_historical
2026-02-27,21756,SHAN,Shanum,0.00011903,0.0,0.0,coinmarketcap_data_api_listings_historical
2026-02-27,38142,ABE,Abe,0.00016017,0.0,0.0,coinmarketcap_data_api_listings_historical
2026-02-27,38148,YAIT,Yait Siu,2.662e-05,0.0,0.0,coinmarketcap_data_api_listings_historical
2026-02-27,21768,HOICHI,Hoichi,6.6e-07,0.0,0.0,coinmarketcap_data_api_listings_historical
2026-02-27,38152,TSLA,Tesla (Derivatives),401.94847574,0.0,0.0,coinmarketcap_data_api_listings_historical
2026-02-27,38153,NVDA,NVIDIA (Derivatives),178.16959124,0.0,0.0,coinmarketcap_data_api_listings_historical
2026-02-27,38154,CRCL,Circle Internet Group (Derivatives),83.86642596,0.0,0.0,coinmarketcap_data_api_listings_historical
2026-02-27,38157,BNB,BNB AI,3.279e-05,0.0,0.0,coinmarketcap_data_api_listings_historical
2026-02-27,21775,YYAVAX,Yield Yak AVAX,10.23103825,0.0,0.0,coinmarketcap_data_api_listings_historical
2026-02-27,5392,SCOP,Scopuly,0.003555,0.0,0.0,coinmarketcap_data_api_listings_historical
2026-02-27,5401,CLT,CoinLoan,0.32902728,0.0,0.0,coinmarketcap_data_api_listings_historical
2026-02-27,38171,SACKS,SackFurie,1.111e-05,0.0,0.0,coinmarketcap_data_api_listings_historical
2026-02-27,38173,MONOPOLY,Monopoly,4.48e-06,0.0,0.0,coinmarketcap_data_api_listings_historical
2026-02-27,38176,MLMX,MLM X,1.125e-05,0.0,0.0,coinmarketcap_data_api_listings_historical
2026-02-27,38184,MHRD,MacroHard,0.00010239,0.0,0.0,coinmarketcap_data_api_listings_historical
2026-02-27,38188,SOCKS,Alpaca Socks,3.59e-06,0.0,0.0,coinmarketcap_data_api_listings_historical
2026-02-27,38189,GOBL,GOBL,9.77e-06,0.0,0.0,coinmarketcap_data_api_listings_historical
2026-02-27,38191,STRAYDOG,Stray Dog,0.00031987,0.0,0.0,coinmarketcap_data_api_listings_historical
2026-02-27,38201,GUGO,GUGO,6.055e-05,0.0,0.0,coinmarketcap_data_api_listings_historical
2026-02-27,38202,RBR,Robora,0.00222667,0.0,0.0,coinmarketcap_data_api_listings_historical
2026-02-27,5437,BIZZ,BIZZCOIN,0.00011703,0.0,0.0,coinmarketcap_data_api_listings_historical
2026-02-27,38206,POUCH,CoinPouch,2.232e-05,0.0,0.0,coinmarketcap_data_api_listings_historical
2026-02-27,38210,BNB,BNBTiger Inu,2.785e-05,0.0,0.0,coinmarketcap_data_api_listings_historical
2026-02-27,5445,LBK,LBK,5288.21463828,0.0,0.0,coinmarketcap_data_api_listings_historical
2026-02-27,38214,LOS,ANALOS,9.47e-06,0.0,0.0,coinmarketcap_data_api_listings_historical
2026-02-27,21831,O,Childhoods End,1.56e-06,0.0,0.0,coinmarketcap_data_api_listings_historical
2026-02-27,38215,LOVE,LOVE,2.76e-06,0.0,0.0,coinmarketcap_data_api_listings_historical
2026-02-27,21842,ETHF,EthereumFair,0.00839964,0.0,0.0,coinmarketcap_data_api_listings_historical
2026-02-27,38227,FUSAKA,Fusaka,3.3e-07,0.0,0.0,coinmarketcap_data_api_listings_historical
2026-02-27,38229,ADA,Cardano Inu,8.71e-06,0.0,0.0,coinmarketcap_data_api_listings_historical
2026-02-27,21849,DLC,Diverge Loop,0.01321236,0.0,0.0,coinmarketcap_data_api_listings_historical
2026-02-27,21856,ZARP,ZARP Stablecoin,0.062933,0.0,0.0,coinmarketcap_data_api_listings_historical
2026-02-27,38244,ABTC,American Bitcoin,0.0,0.0,0.0,coinmarketcap_data_api_listings_historical
2026-02-27,21871,CUSD,Coin98 Dollar,0.11407188,0.0,0.0,coinmarketcap_data_api_listings_historical
2026-02-27,38255,VORTEX,Vortex,7e-07,0.0,0.0,coinmarketcap_data_api_listings_historical
2026-02-27,38256,HAUST,Haust Network,0.01431782,0.0,0.0,coinmarketcap_data_api_listings_historical
2026-02-27,38259,AITV,AITV,0.00149551,0.0,0.0,coinmarketcap_data_api_listings_historical
2026-02-27,38262,CRO,CRO Trump AI,1.1e-05,0.0,0.0,coinmarketcap_data_api_listings_historical
2026-02-27,38264,NTE,NODEMETA,0.0009129,0.0,0.0,coinmarketcap_data_api_listings_historical
2026-02-27,21885,RUG,RUG RADIO,0.00051778,0.0,0.0,coinmarketcap_data_api_listings_historical
2026-02-27,38276,LABS,Nethara Labs,0.00016689,0.0,0.0,coinmarketcap_data_api_listings_historical
2026-02-27,38280,USD2,unstable two,3.24e-06,0.0,0.0,coinmarketcap_data_api_listings_historical
2026-02-27,21905,NSK,NSKSwap,4.79244993,0.0,0.0,coinmarketcap_data_api_listings_historical
2026-02-27,5524,TNC,TNC Coin,7.204e-05,0.0,0.0,coinmarketcap_data_api_listings_historical
2026-02-27,21912,STATE,New World Order,0.0,0.0,0.0,coinmarketcap_data_api_listings_historical
2026-02-27,38296,ABTC,American Bitcoin,8e-07,0.0,0.0,coinmarketcap_data_api_listings_historical
2026-02-27,38298,CZW,CarbonZeroWorld,4.99402011,0.0,0.0,coinmarketcap_data_api_listings_historical
2026-02-27,5540,MPS,Mt Pelerin Shares,5.68388672,0.0,0.0,coinmarketcap_data_api_listings_historical
2026-02-27,38325,PWRA,PwrAI,0.19027957,0.0,0.0,coinmarketcap_data_api_listings_historical
2026-02-27,38333,BRICK,brickcoin,3.72e-06,0.0,0.0,coinmarketcap_data_api_listings_historical
2026-02-27,38347,MOBU,MoonBull,8.3e-07,0.0,0.0,coinmarketcap_data_api_listings_historical
2026-02-27,38355,YAMA,Yamaswap,4.1e-07,0.0,0.0,coinmarketcap_data_api_listings_historical
2026-02-27,38358,HUNT,HUNT,3.727e-05,0.0,0.0,coinmarketcap_data_api_listings_historical
2026-02-27,38360,PAC,Pactus,0.01769604,0.0,0.0,coinmarketcap_data_api_listings_historical
2026-02-27,38365,T6900,TOKEN6900,0.00108274,0.0,0.0,coinmarketcap_data_api_listings_historical
2026-02-27,38369,PUG,Pug Inu,0.0,0.0,0.0,coinmarketcap_data_api_listings_historical
2026-02-27,38384,GOLD,Digital Gold,6.11e-06,0.0,0.0,coinmarketcap_data_api_listings_historical
2026-02-27,38390,PEP,PEPECOIN,5.077e-05,0.0,0.0,coinmarketcap_data_api_listings_historical
2026-02-27,22008,VBG,Vibing,0.13999603,0.0,0.0,coinmarketcap_data_api_listings_historical
2026-02-27,5625,LYXe,LUKSO [Old],0.2987366,0.0,0.0,coinmarketcap_data_api_listings_historical
2026-02-27,22009,WEB5,WEB5 Inu,0.0,0.0,0.0,coinmarketcap_data_api_listings_historical
2026-02-27,22010,IRISTOKEN,Iris Ecosystem,0.00303387,0.0,0.0,coinmarketcap_data_api_listings_historical
2026-02-27,5631,ORN,Orion,0.03834657,0.0,0.0,coinmarketcap_data_api_listings_historical
2026-02-27,38409,OSK,OSK,50.46663699,0.0,0.0,coinmarketcap_data_api_listings_historical
2026-02-27,38411,DGN,Dragon Coin,0.00019365,0.0,0.0,coinmarketcap_data_api_listings_historical
2026-02-27,38413,HAMZ,HAMZ,3.48e-06,0.0,0.0,coinmarketcap_data_api_listings_historical
2026-02-27,38415,CAOCAO,CaoCao,0.00046746,0.0,0.0,coinmarketcap_data_api_listings_historical
2026-02-27,38419,MDC,Meta Dollar Coin,0.42436941,0.0,0.0,coinmarketcap_data_api_listings_historical
2026-02-27,22039,ATC,Atlantis Coin®,104.98918203,0.0,0.0,coinmarketcap_data_api_listings_historical
2026-02-27,38426,MOON,Moon Moon,3.4e-06,0.0,0.0,coinmarketcap_data_api_listings_historical
2026-02-27,22046,STZU,Shihtzu Exchange,0.0,0.0,0.0,coinmarketcap_data_api_listings_historical
2026-02-27,38431,W,W,4.291e-05,0.0,0.0,coinmarketcap_data_api_listings_historical
2026-02-27,38440,狗狗币,Chinese Dogecoin,9.52e-06,0.0,0.0,coinmarketcap_data_api_listings_historical
2026-02-27,38443,MOON,Moon,7.55e-06,0.0,0.0,coinmarketcap_data_api_listings_historical
2026-02-27,38446,LIQUID,Liquid Agent,0.00095585,0.0,0.0,coinmarketcap_data_api_listings_historical
2026-02-27,38447,CWOIN,cwoin,1.623e-05,0.0,0.0,coinmarketcap_data_api_listings_historical
2026-02-27,22069,ET,Extraterrestrial Token,2.11550985,0.0,0.0,coinmarketcap_data_api_listings_historical
2026-02-27,38460,PALU,Binance's Palu,2.727e-05,0.0,0.0,coinmarketcap_data_api_listings_historical
2026-02-27,38462,ASTER,Aster,0.0,0.0,0.0,coinmarketcap_data_api_listings_historical
2026-02-27,22082,TORI,Teritori,3.769e-05,0.0,0.0,coinmarketcap_data_api_listings_historical
2026-02-27,38467,HOB,HumansOfBinance,1.29e-05,0.0,0.0,coinmarketcap_data_api_listings_historical
2026-02-27,38471,BLUEY,BlueyonBase,5.068e-05,0.0,0.0,coinmarketcap_data_api_listings_historical
2026-02-27,38473,BSOL,Baby Solana,2.44e-06,0.0,0.0,coinmarketcap_data_api_listings_historical
2026-02-27,38477,ELIZABETH,Just Elizabeth Cat,3.032e-05,0.0,0.0,coinmarketcap_data_api_listings_historical
2026-02-27,38479,BNBCAKE,BNBCakeCoin,8.895e-05,0.0,0.0,coinmarketcap_data_api_listings_historical
2026-02-27,38483,BBRL,Braza BRL,0.19400508,0.0,0.0,coinmarketcap_data_api_listings_historical
2026-02-27,38484,QTO,Quanto,5.663e-05,0.0,0.0,coinmarketcap_data_api_listings_historical
2026-02-27,22113,KAP,KAP Games,0.00021171,0.0,0.0,coinmarketcap_data_api_listings_historical
2026-02-27,38499,XRP,XRP AI,7.254e-05,0.0,0.0,coinmarketcap_data_api_listings_historical
2026-02-27,38500,BABYCREPE,BabyCrepe,7e-08,0.0,0.0,coinmarketcap_data_api_listings_historical
2026-02-27,22117,CROWD,CrowdSwap,0.00089423,0.0,0.0,coinmarketcap_data_api_listings_historical
2026-02-27,38502,NOS,NOS,6.65981619,0.0,0.0,coinmarketcap_data_api_listings_historical
2026-02-27,38508,USDX,USD X20,0.00010014,0.0,0.0,coinmarketcap_data_api_listings_historical
2026-02-27,38510,TIMELESS,Timeless,9.46e-06,0.0,0.0,coinmarketcap_data_api_listings_historical
2026-02-27,38511,UP,DoubleUp,0.22164651,0.0,0.0,coinmarketcap_data_api_listings_historical
2026-02-27,22129,ICSA,Icosa,0.00406745,0.0,0.0,coinmarketcap_data_api_listings_historical
2026-02-27,5747,MUSD,mStable USD,0.99855174,0.0,0.0,coinmarketcap_data_api_listings_historical
2026-02-27,38527,SPEECHLESS,Speechless,0.00011053,0.0,0.0,coinmarketcap_data_api_listings_historical
2026-02-27,38531,RP1,Ready player one,3.25258355,0.0,0.0,coinmarketcap_data_api_listings_historical
2026-02-27,5765,SETH,sETH,1001.44625198,0.0,0.0,coinmarketcap_data_api_listings_historical
2026-02-27,38534,CASH+,CASH+,106.94525223,0.0,0.0,coinmarketcap_data_api_listings_historical
2026-02-27,22153,ELF,ELF Wallet,3.132e-05,0.0,0.0,coinmarketcap_data_api_listings_historical
2026-02-27,38539,HOLO,HOLO (holol0gs.lovable.app),1.066e-05,0.0,0.0,coinmarketcap_data_api_listings_historical
2026-02-27,38547,GNET,Galactica.com,0.01290667,0.0,0.0,coinmarketcap_data_api_listings_historical
2026-02-27,5781,CBP,CashBackPro,0.00962017,0.0,0.0,coinmarketcap_data_api_listings_historical
2026-02-27,38549,KASTER,King Aster,0.0,0.0,0.0,coinmarketcap_data_api_listings_historical
2026-02-27,22172,PIB,PiBridge,0.0027742,0.0,0.0,coinmarketcap_data_api_listings_historical
2026-02-27,38563,BABY4,Baby 4,0.0007348,0.0,0.0,coinmarketcap_data_api_listings_historical
2026-02-27,22181,FRP,Fame Reward Plus,0.08999616,0.0,0.0,coinmarketcap_data_api_listings_historical
2026-02-27,38566,8,8,9.72e-06,0.0,0.0,coinmarketcap_data_api_listings_historical
2026-02-27,38568,SAFU,Funds are SAFU,2.729e-05,0.0,0.0,coinmarketcap_data_api_listings_historical
2026-02-27,38572,BULLGOD,BullGod,1.026e-05,0.0,0.0,coinmarketcap_data_api_listings_historical
2026-02-27,38574,INTERN,intern,0.02403488,0.0,0.0,coinmarketcap_data_api_listings_historical
2026-02-27,38579,赵长娥,赵长娥,1.719e-05,0.0,0.0,coinmarketcap_data_api_listings_historical
2026-02-27,38582,BAN,Crypto BAN,0.00327578,0.0,0.0,coinmarketcap_data_api_listings_historical
2026-02-27,38601,BTC,Bitcoin X (tokenxoff.xyz),0.00010566,0.0,0.0,coinmarketcap_data_api_listings_historical
2026-02-27,38604,HARIKO,Inu Hariko,1.322e-05,0.0,0.0,coinmarketcap_data_api_listings_historical
2026-02-27,38607,BABYASTER,Baby Aster,0.0,0.0,0.0,coinmarketcap_data_api_listings_historical
2026-02-27,38609,SANTA,Santacoin,1.266e-05,0.0,0.0,coinmarketcap_data_api_listings_historical
2026-02-27,38612,LNK,LynkCoDAO,1e-08,0.0,0.0,coinmarketcap_data_api_listings_historical
2026-02-27,38621,$MMDAO,MMDAO,9.06e-06,0.0,0.0,coinmarketcap_data_api_listings_historical
2026-02-27,22242,CLAY,Clay Nation,0.00011373,0.0,0.0,coinmarketcap_data_api_listings_historical
2026-02-27,38631,UP,Upwego,1e-08,0.0,0.0,coinmarketcap_data_api_listings_historical
2026-02-27,38632,AXOME,Axolotl Token,0.01989487,0.0,0.0,coinmarketcap_data_api_listings_historical
2026-02-27,38633,BABYBTC,Baby Bitcoin,7.97e-06,0.0,0.0,coinmarketcap_data_api_listings_historical
2026-02-27,22253,MEWC,Meowcoin,3.4e-05,0.0,0.0,coinmarketcap_data_api_listings_historical
2026-02-27,38644,IMF,International Meme Fund,5.55e-06,0.0,0.0,coinmarketcap_data_api_listings_historical
2026-02-27,22262,LSD,Pontem Liquidswap,0.0001018,0.0,0.0,coinmarketcap_data_api_listings_historical
2026-02-27,38649,LSCAT,Light Speed Cat V2,0.00025054,0.0,0.0,coinmarketcap_data_api_listings_historical
2026-02-27,38650,BTC,Bitcoin Inu (tokeninu.xyz),0.00014622,0.0,0.0,coinmarketcap_data_api_listings_historical
2026-02-27,5892,ANY,Anyswap,1.76089068,0.0,0.0,coinmarketcap_data_api_listings_historical
2026-02-27,22278,THE,The Protocol,7.968e-05,0.0,0.0,coinmarketcap_data_api_listings_historical
2026-02-27,38663,ANIMUS,Animus,1.049e-05,0.0,0.0,coinmarketcap_data_api_listings_historical
2026-02-27,38665,GBNB,GOLD BNB,0.0,0.0,0.0,coinmarketcap_data_api_listings_historical
2026-02-27,38667,STORM,SF,0.00666809,0.0,0.0,coinmarketcap_data_api_listings_historical
2026-02-27,38674,BLOXWAP,Bloxwap,1.35e-05,0.0,0.0,coinmarketcap_data_api_listings_historical
2026-02-27,38676,NUNU,Nunu,2.664e-05,0.0,0.0,coinmarketcap_data_api_listings_historical
2026-02-27,5912,4ART,4ART Coin,0.000649,0.0,0.0,coinmarketcap_data_api_listings_historical
2026-02-27,38682,WJU,Wrapped Ju,0.92179569,0.0,0.0,coinmarketcap_data_api_listings_historical
2026-02-27,38686,BFI,BlockFi Ai,2.4e-07,0.0,0.0,coinmarketcap_data_api_listings_historical
2026-02-27,38693,POCHITA,pochita,8.77e-06,0.0,0.0,coinmarketcap_data_api_listings_historical
2026-02-27,5926,ZOOM,CoinZoom,0.02019977,0.0,0.0,coinmarketcap_data_api_listings_historical
2026-02-27,38695,TAKO,TAKO,5.09e-06,0.0,0.0,coinmarketcap_data_api_listings_historical
2026-02-27,22312,ZZC,ZudgeZury,1.86e-06,0.0,0.0,coinmarketcap_data_api_listings_historical
2026-02-27,22314,HPO,Hippo Wallet Token (HPO),0.00064052,0.0,0.0,coinmarketcap_data_api_listings_historical
2026-02-27,22318,BOOP,Boop,0.00814623,0.0,0.0,coinmarketcap_data_api_listings_historical
2026-02-27,38702,SBNB,SILVER BNB (New),0.0,0.0,0.0,coinmarketcap_data_api_listings_historical
2026-02-27,38703,阴阳,YinYang,4.97e-06,0.0,0.0,coinmarketcap_data_api_listings_historical
2026-02-27,38705,JEFE,JEFE TOKEN v2,5.75e-06,0.0,0.0,coinmarketcap_data_api_listings_historical
2026-02-27,38706,LOOP,Solana Money Loop,1.86e-06,0.0,0.0,coinmarketcap_data_api_listings_historical
2026-02-27,38708,FANTC,FANtium Tennis Coin,0.01169148,0.0,0.0,coinmarketcap_data_api_listings_historical
2026-02-27,38748,sNUSD,Neutrl (sNUSD),1.03469671,0.0,0.0,coinmarketcap_data_api_listings_historical
2026-02-27,22367,BGVT,BIT GAME VERSE TOKEN,1.958e-05,0.0,0.0,coinmarketcap_data_api_listings_historical
2026-02-27,38752,DAT,Digital ASSet Treasury,4.15e-06,0.0,0.0,coinmarketcap_data_api_listings_historical
2026-02-27,38753,LIFE,Cyberlife,0.00266895,0.0,0.0,coinmarketcap_data_api_listings_historical
2026-02-27,38755,ΔV,deltaV,1.216e-05,0.0,0.0,coinmarketcap_data_api_listings_historical
2026-02-27,22376,VMT,Vemate,0.00187095,0.0,0.0,coinmarketcap_data_api_listings_historical
2026-02-27,38770,MEGA,MegaETH,0.13048593,0.0,0.0,coinmarketcap_data_api_listings_historical
2026-02-27,38773,PNGDA,Pengda Yellow Panda,5.43e-06,0.0,0.0,coinmarketcap_data_api_listings_historical
2026-02-27,38778,SHIELD,Shield,1.087e-05,0.0,0.0,coinmarketcap_data_api_listings_historical
2026-02-27,22404,SNS,Melody,4.4e-07,0.0,0.0,coinmarketcap_data_api_listings_historical
2026-02-27,22412,tAPT,Tortuga Finance Aptos,1.08938198,0.0,0.0,coinmarketcap_data_api_listings_historical
2026-02-27,38799,OOPS,OOPS,3.166e-05,0.0,0.0,coinmarketcap_data_api_listings_historical
2026-02-27,22421,BBC,BULL BTC CLUB,2.81e-06,0.0,0.0,coinmarketcap_data_api_listings_historical
2026-02-27,38809,BASE,Baby Base,6.556e-05,0.0,0.0,coinmarketcap_data_api_listings_historical
2026-02-27,38814,PUFF,little puff,1e-08,0.0,0.0,coinmarketcap_data_api_listings_historical
2026-02-27,38823,MM,Meme Man,4.971e-05,0.0,0.0,coinmarketcap_data_api_listings_historical
2026-02-27,38825,x402,x402,0.0,0.0,0.0,coinmarketcap_data_api_listings_historical
2026-02-27,38833,SNORT,Snorter,0.00753282,0.0,0.0,coinmarketcap_data_api_listings_historical
2026-02-27,38836,HAVEN,Haven,0.00047037,0.0,0.0,coinmarketcap_data_api_listings_historical
2026-02-27,38839,BTELEGRAM,BetterTelegram,6.97e-06,0.0,0.0,coinmarketcap_data_api_listings_historical
2026-02-27,38843,MYST,MyStandard,0.00642782,0.0,0.0,coinmarketcap_data_api_listings_historical
2026-02-27,38852,X402AI,x402 AI,0.0,0.0,0.0,coinmarketcap_data_api_listings_historical
2026-02-27,38855,$MFUN,MemeMarket,9.42e-06,0.0,0.0,coinmarketcap_data_api_listings_historical
2026-02-27,38859,NORM,Norm,1.27e-06,0.0,0.0,coinmarketcap_data_api_listings_historical
2026-02-27,38860,BUNNIE,Bunnie,5.57e-06,0.0,0.0,coinmarketcap_data_api_listings_historical
2026-02-27,38861,NEO,NEO,0.0,0.0,0.0,coinmarketcap_data_api_listings_historical
2026-02-27,38862,AJC,AI Judge Companion,0.0,0.0,0.0,coinmarketcap_data_api_listings_historical
2026-02-27,38865,SFY,Stakefy,5.73e-06,0.0,0.0,coinmarketcap_data_api_listings_historical
2026-02-27,38867,BABYDOGE,BABYDOGE,0.0,0.0,0.0,coinmarketcap_data_api_listings_historical
2026-02-27,38870,8LNDS,8lends,0.01358795,0.0,0.0,coinmarketcap_data_api_listings_historical
2026-02-27,22495,GLF,Galaxy Finance,0.00869386,0.0,0.0,coinmarketcap_data_api_listings_historical
2026-02-27,22502,DBI,Don't Buy Inu,4.961e-05,0.0,0.0,coinmarketcap_data_api_listings_historical
2026-02-27,38886,KITKAT,Remember KitKat,4.028e-05,0.0,0.0,coinmarketcap_data_api_listings_historical
2026-02-27,38890,ROI,Retarded Online Investment,1.493e-05,0.0,0.0,coinmarketcap_data_api_listings_historical
2026-02-27,38901,AXC,Axion,0.00028164,0.0,0.0,coinmarketcap_data_api_listings_historical
2026-02-27,38902,GTF,GTF,2.3e-07,0.0,0.0,coinmarketcap_data_api_listings_historical
2026-02-27,22527,GGT,GameGuru,9.125e-05,0.0,0.0,coinmarketcap_data_api_listings_historical
2026-02-27,38917,GBS,GAMESBUYSELL,2.8e-07,0.0,0.0,coinmarketcap_data_api_listings_historical
2026-02-27,22538,TMG,T-mac DAO,0.49997869,0.0,0.0,coinmarketcap_data_api_listings_historical
2026-02-27,38922,ANY,Anyspend,0.02922023,0.0,0.0,coinmarketcap_data_api_listings_historical
2026-02-27,38923,CBNB,Community of BNB,1.303e-05,0.0,0.0,coinmarketcap_data_api_listings_historical
2026-02-27,38930,DEXO,Dexfee,6.711e-05,0.0,0.0,coinmarketcap_data_api_listings_historical
2026-02-27,38953,BOLD,BOLD,9.66e-06,0.0,0.0,coinmarketcap_data_api_listings_historical
2026-02-27,38959,69,The Official 69 Coin,0.0,0.0,0.0,coinmarketcap_data_api_listings_historical
2026-02-27,38964,N3ON,N3on,0.00127162,0.0,0.0,coinmarketcap_data_api_listings_historical
2026-02-27,38968,C1USD,Currency One USD,1.03714709,0.0,0.0,coinmarketcap_data_api_listings_historical
2026-02-27,38973,$JESSE,$jesse,0.0,0.0,0.0,coinmarketcap_data_api_listings_historical
2026-02-27,22596,KXP,KodexPay,2.302e-05,0.0,0.0,coinmarketcap_data_api_listings_historical
2026-02-27,22601,AUTUMN,Autumn,0.00276761,0.0,0.0,coinmarketcap_data_api_listings_historical
2026-02-27,38989,GTC,GLOBAL TOUR CLUB,0.0001457,0.0,0.0,coinmarketcap_data_api_listings_historical
2026-02-27,38991,XRS,Xauras,0.02042677,0.0,0.0,coinmarketcap_data_api_listings_historical
2026-02-27,38999,VEIL,DarkVeil,1.346e-05,0.0,0.0,coinmarketcap_data_api_listings_historical
2026-02-27,39001,ZOOTOPIA,Zootopia,0.0,0.0,0.0,coinmarketcap_data_api_listings_historical
2026-02-27,6243,PIE,DeFiPie,0.0011312,0.0,0.0,coinmarketcap_data_api_listings_historical
2026-02-27,6245,SG,SocialGood,0.00040007,0.0,0.0,coinmarketcap_data_api_listings_historical
2026-02-27,39014,DFTV,DeFiance Media,0.00581379,0.0,0.0,coinmarketcap_data_api_listings_historical
2026-02-27,39015,VBNB,BNB ETF,0.0,0.0,0.0,coinmarketcap_data_api_listings_historical
2026-02-27,39016,KUMA,Captain KUMA,0.00189956,0.0,0.0,coinmarketcap_data_api_listings_historical
2026-02-27,39017,TOSHI,Toshi Inu,4.443e-05,0.0,0.0,coinmarketcap_data_api_listings_historical
2026-02-27,39020,BIBI,BiBi,0.0,0.0,0.0,coinmarketcap_data_api_listings_historical
2026-02-27,39031,WEIRD,Weird Coin,9.73e-06,0.0,0.0,coinmarketcap_data_api_listings_historical
2026-02-27,39032,$SILVER,SILVER,0.0,0.0,0.0,coinmarketcap_data_api_listings_historical
2026-02-27,39044,CAOCAO,CaoCao (New),0.00032318,0.0,0.0,coinmarketcap_data_api_listings_historical
2026-02-27,39045,VALAN,Valannium,0.00070721,0.0,0.0,coinmarketcap_data_api_listings_historical
2026-02-27,39046,RETSA,Retsa Coin,4.41e-06,0.0,0.0,coinmarketcap_data_api_listings_historical
2026-02-27,39057,CFI,ConsumerFi,0.0008635,0.0,0.0,coinmarketcap_data_api_listings_historical
2026-02-27,39061,CPM,Crypto Pump Meme,0.00125003,0.0,0.0,coinmarketcap_data_api_listings_historical
2026-02-27,39063,GIGGLE,Giggle Fund AI,2.906e-05,0.0,0.0,coinmarketcap_data_api_listings_historical
2026-02-27,39073,MAKA,MAKA,0.08706418,0.0,0.0,coinmarketcap_data_api_listings_historical
2026-02-27,39086,ATTRA,Attractor,0.39805407,0.0,0.0,coinmarketcap_data_api_listings_historical
2026-02-27,6323,LKN,LinkCoin Token,0.00013402,0.0,0.0,coinmarketcap_data_api_listings_historical
2026-02-27,22713,HOLY,HolyGrails.io,0.00016104,0.0,0.0,coinmarketcap_data_api_listings_historical
2026-02-27,39107,PAYS,Paystream,0.03847509,0.0,0.0,coinmarketcap_data_api_listings_historical
2026-02-27,39112,MOOR,Moor,0.04648503,0.0,0.0,coinmarketcap_data_api_listings_historical
2026-02-27,39119,CALVIN,CALVIN,0.0,0.0,0.0,coinmarketcap_data_api_listings_historical
2026-02-27,39124,AVATAR,Avatar 3,0.0,0.0,0.0,coinmarketcap_data_api_listings_historical
2026-02-27,22743,NSTR,Nostra,0.00693831,0.0,0.0,coinmarketcap_data_api_listings_historical
2026-02-27,39134,WR,White Rat,0.0,0.0,0.0,coinmarketcap_data_api_listings_historical
2026-02-27,22761,CRVFRAX,Curve.fi FRAX/USDC,1.00867824,0.0,0.0,coinmarketcap_data_api_listings_historical
2026-02-27,39145,RYU,Ryu Inu,4e-08,0.0,0.0,coinmarketcap_data_api_listings_historical
2026-02-27,39146,N4T,Nobel for Trump,0.02043011,0.0,0.0,coinmarketcap_data_api_listings_historical
2026-02-27,39148,JOBS,x402jobs,4.576e-05,0.0,0.0,coinmarketcap_data_api_listings_historical
2026-02-27,39149,SUPERCYCLE,Crypto SuperCycle,7.43e-06,0.0,0.0,coinmarketcap_data_api_listings_historical
2026-02-27,22770,GFLY,BattleFly,0.00295617,0.0,0.0,coinmarketcap_data_api_listings_historical
2026-02-27,39160,PRX,PressX,0.389561,0.0,0.0,coinmarketcap_data_api_listings_historical
2026-02-27,22788,LOD3,LOD3 Token,4.745e-05,0.0,0.0,coinmarketcap_data_api_listings_historical
2026-02-27,39175,GYAT,GYAT Coin,0.00024929,0.0,0.0,coinmarketcap_data_api_listings_historical
2026-02-27,39180,TUNA,Tuna,1.341e-05,0.0,0.0,coinmarketcap_data_api_listings_historical
2026-02-27,39185,CPT,CoinP,0.96055906,0.0,0.0,coinmarketcap_data_api_listings_historical
2026-02-27,39196,YELLOWWHALE,The Yellow Whale (whalecoin.club),0.0,0.0,0.0,coinmarketcap_data_api_listings_historical
2026-02-27,39201,2026,2026,0.0,0.0,0.0,coinmarketcap_data_api_listings_historical
2026-02-27,39202,XBRAIN,WorldBrain,0.44282142,0.0,0.0,coinmarketcap_data_api_listings_historical
2026-02-27,39206,MADURO,MADURO,0.0,0.0,0.0,coinmarketcap_data_api_listings_historical
2026-02-27,39210,ZKFG,Turbine Cash,0.07544036,0.0,0.0,coinmarketcap_data_api_listings_historical
2026-02-27,39215,TROLL,TROLL,0.0,0.0,0.0,coinmarketcap_data_api_listings_historical
2026-02-27,39223,BPEPE,BABY PEPE,0.0,0.0,0.0,coinmarketcap_data_api_listings_historical
2026-02-27,22899,DRB,Digimon Rabbit,0.0,0.0,0.0,coinmarketcap_data_api_listings_historical
2026-02-27,22916,SHINJA,Shibnobi(New),4.897e-05,0.0,0.0,coinmarketcap_data_api_listings_historical
2026-02-27,22926,SPXC,SpaceXCoin,0.0,0.0,0.0,coinmarketcap_data_api_listings_historical
2026-02-27,39319,辛普森,辛普森,0.0,0.0,0.0,coinmarketcap_data_api_listings_historical
2026-02-27,39325,HORSE,Horse,4.5e-07,0.0,0.0,coinmarketcap_data_api_listings_historical
2026-02-27,39334,BIRB,Moonbirds (moonbird.world),0.0,0.0,0.0,coinmarketcap_data_api_listings_historical
2026-02-27,39343,XAG,Silver (Derivatives),93.69309972,0.0,0.0,coinmarketcap_data_api_listings_historical
2026-02-27,39344,XAU,Gold (Derivatives),5273.39610118,0.0,0.0,coinmarketcap_data_api_listings_historical
2026-02-27,22963,GERMANY,Germany Rabbit Token,0.0,0.0,0.0,coinmarketcap_data_api_listings_historical
2026-02-27,39363,WHITEPEPE,The White Pepe,5.53e-06,0.0,0.0,coinmarketcap_data_api_listings_historical
2026-02-27,39364,ERBB,Exchange Request for Bitbon,1.09941849,0.0,0.0,coinmarketcap_data_api_listings_historical
2026-02-27,6598,ANG,Aureus Nummus Gold,0.0001879,0.0,0.0,coinmarketcap_data_api_listings_historical
2026-02-27,39367,ENTROPY,Entropy (ennntropy.com),0.00010723,0.0,0.0,coinmarketcap_data_api_listings_historical
2026-02-27,22984,CADINU,Canadian Inuit Dog,2e-07,0.0,0.0,coinmarketcap_data_api_listings_historical
2026-02-27,22999,AMKT,Alongside Crypto Market Index,160.07880411,0.0,0.0,coinmarketcap_data_api_listings_historical
2026-02-27,23004,SAMA,Moonsama,0.00112377,0.0,0.0,coinmarketcap_data_api_listings_historical
2026-02-27,39390,PF,Purple Frog,1.33e-05,0.0,0.0,coinmarketcap_data_api_listings_historical
2026-02-27,39398,TROVE,Trove,2.243e-05,0.0,0.0,coinmarketcap_data_api_listings_historical
2026-02-27,39418,ARC,Redemption Arc,1.084e-05,0.0,0.0,coinmarketcap_data_api_listings_historical
2026-02-27,39419,THEROS,THEROS,0.2453509,0.0,0.0,coinmarketcap_data_api_listings_historical
2026-02-27,6653,USDF,FolgoryUSD,2.14239406,0.0,0.0,coinmarketcap_data_api_listings_historical
2026-02-27,23038,NAVI,Navigator Exchange,0.04219981,0.0,0.0,coinmarketcap_data_api_listings_historical
2026-02-27,23047,IBTC,Indigo Protocol - iBTC,64612.80389682,0.0,0.0,coinmarketcap_data_api_listings_historical
2026-02-27,39431,BIOK,Biokript (New),4.316e-05,0.0,0.0,coinmarketcap_data_api_listings_historical
2026-02-27,39433,XMR,Monero AI,0.00016056,0.0,0.0,coinmarketcap_data_api_listings_historical
2026-02-27,39438,KABOSU,X Meme Dog,0.0,0.0,0.0,coinmarketcap_data_api_listings_historical
2026-02-27,23057,OREO,OreoSwap,0.00333442,0.0,0.0,coinmarketcap_data_api_listings_historical
2026-02-27,23058,XOLO,Xoloitzcuintli,1.08e-06,0.0,0.0,coinmarketcap_data_api_listings_historical
2026-02-27,23060,SPOT,Spot,0.64876915,0.0,0.0,coinmarketcap_data_api_listings_historical
2026-02-27,23063,SHIK,SHIKOKU,0.0,0.0,0.0,coinmarketcap_data_api_listings_historical
2026-02-27,23068,MURA,Murasaki,0.36898428,0.0,0.0,coinmarketcap_data_api_listings_historical
2026-02-27,39460,XPT,Platinum (Derivatives),2370.26267282,0.0,0.0,coinmarketcap_data_api_listings_historical
2026-02-27,6693,OCP,OC Protocol,0.00067229,0.0,0.0,coinmarketcap_data_api_listings_historical
2026-02-27,39467,XCU,Copper (Derivatives),6.09510621,0.0,0.0,coinmarketcap_data_api_listings_historical
2026-02-27,39468,IXIC,Nasdaq index (Derivatives),24878.74256784,0.0,0.0,coinmarketcap_data_api_listings_historical
2026-02-27,39469,MU,Micron Technology Inc (Derivatives),411.07601996,0.0,0.0,coinmarketcap_data_api_listings_historical
2026-02-27,39471,AMZN,Amazon.com Inc (Derivatives),209.58452665,0.0,0.0,coinmarketcap_data_api_listings_historical
2026-02-27,39472,INTC,Intel Corp (Derivatives),45.42649584,0.0,0.0,coinmarketcap_data_api_listings_historical
2026-02-27,39473,MSTR,MicroStrategy Inc (Derivatives),129.88831306,0.0,0.0,coinmarketcap_data_api_listings_historical
2026-02-27,39474,S&P500,Standard and Poor's 500 index (Derivatives),6858.61701903,0.0,0.0,coinmarketcap_data_api_listings_historical
2026-02-27,23091,LYFE,LYFE,2.74965853,0.0,0.0,coinmarketcap_data_api_listings_historical
2026-02-27,39475,PLTR,Palantir Technologies Inc (Derivatives),137.07415847,0.0,0.0,coinmarketcap_data_api_listings_historical
2026-02-27,39479,NFLX,Netflix (Derivatives),95.64592397,0.0,0.0,coinmarketcap_data_api_listings_historical
2026-02-27,39480,GOGE,GOLD DOGE,0.0,0.0,0.0,coinmarketcap_data_api_listings_historical
2026-02-27,39481,XPD,Palladium (Derivatives),1792.31587465,0.0,0.0,coinmarketcap_data_api_listings_historical
2026-02-27,39482,ORCL,Oracle Corp (Derivatives),144.72383247,0.0,0.0,coinmarketcap_data_api_listings_historical
2026-02-27,39483,COIN,Coinbase Global Inc (Derivatives),175.91250334,0.0,0.0,coinmarketcap_data_api_listings_historical
2026-02-27,39485,OPENAI,OpenAI (Derivatives),646.90318488,0.0,0.0,coinmarketcap_data_api_listings_historical
2026-02-27,39486,BABA,Alibaba Group Holding Limited (Derivatives),144.11798154,0.0,0.0,coinmarketcap_data_api_listings_historical
2026-02-27,39487,CL,Crude Oil Futures (Derivatives),68.61152572,0.0,0.0,coinmarketcap_data_api_listings_historical
2026-02-27,39489,AMD,Advanced Micro Devices Inc (Derivatives),199.33684442,0.0,0.0,coinmarketcap_data_api_listings_historical
2026-02-27,39490,TSM,Taiwan Semiconductor Manufacturing (Derivatives),373.64407684,0.0,0.0,coinmarketcap_data_api_listings_historical
2026-02-27,39491,AAPL,Apple Inc (Derivatives),263.42877376,0.0,0.0,coinmarketcap_data_api_listings_historical
2026-02-27,39492,BIOTECH,Biotechnology Index (Derivatives),127.06255094,0.0,0.0,coinmarketcap_data_api_listings_historical
2026-02-27,39493,IWM,iShares Russell 2000 ETF (Derivatives),260.6408735,0.0,0.0,coinmarketcap_data_api_listings_historical
2026-02-27,39495,MSFT,Microsoft Corporation (Derivatives),393.03325056,0.0,0.0,coinmarketcap_data_api_listings_historical
2026-02-27,39497,CRWV,CoreWeave Inc (Derivatives),79.39717844,0.0,0.0,coinmarketcap_data_api_listings_historical
2026-02-27,39499,RIVN,Rivian Automotive Inc (Derivatives),15.29484174,0.0,0.0,coinmarketcap_data_api_listings_historical
2026-02-27,39500,000660,SK hynix Inc (Derivatives),722.0025291,0.0,0.0,coinmarketcap_data_api_listings_historical
2026-02-27,39501,SPACEX,SpaceX Pre-IPO (Derivatives),1601.01816846,0.0,0.0,coinmarketcap_data_api_listings_historical
2026-02-27,39502,OIL,Crude Oil (Derivatives),67.52080937,0.0,0.0,coinmarketcap_data_api_listings_historical
2026-02-27,39503,005930,Samsung Electronics Co Ltd (Derivatives),150.99843755,0.0,0.0,coinmarketcap_data_api_listings_historical
2026-02-27,23120,LGO,Level Finance,38106.81156015,0.0,0.0,coinmarketcap_data_api_listings_historical
2026-02-27,39504,XLK,State Street Technology Select Sector SPDR ETF (Derivatives),138.56273771,0.0,0.0,coinmarketcap_data_api_listings_historical
2026-02-27,39506,NUCLEAR,Nuclear Energy (Derivatives),148.681701,0.0,0.0,coinmarketcap_data_api_listings_historical
2026-02-27,39507,SNDK,SanDisk Corporation (Derivatives),633.8804719,0.0,0.0,coinmarketcap_data_api_listings_historical
2026-02-27,39508,ENERGY,Energy Sector (Derivatives),56.04964831,0.0,0.0,coinmarketcap_data_api_listings_historical
2026-02-27,23125,POI$ON,Poison Finance,0.00190615,0.0,0.0,coinmarketcap_data_api_listings_historical
2026-02-27,39510,MAGS,Roundhill Magnificent Seven ETF (Derivatives),61.34533919,0.0,0.0,coinmarketcap_data_api_listings_historical
2026-02-27,39512,BOTZ,Global X Robotics and Artificial Intelligence ETF (Derivatives),39.03413729,0.0,0.0,coinmarketcap_data_api_listings_historical
2026-02-27,39513,META,Meta Platforms Inc (Derivatives),646.07246708,0.0,0.0,coinmarketcap_data_api_listings_historical
2026-02-27,39514,USAR,USA Rare Earth Inc (Derivatives),18.92580417,0.0,0.0,coinmarketcap_data_api_listings_historical
2026-02-27,39515,USOIL,USOIL (Derivatives),72.64720315,0.0,0.0,coinmarketcap_data_api_listings_historical
2026-02-27,39516,URNM,Sprott Uranium Miners ETF (Derivatives),71.99368249,0.0,0.0,coinmarketcap_data_api_listings_historical
2026-02-27,39517,USTECH,QQQ (Derivatives),605.93150414,0.0,0.0,coinmarketcap_data_api_listings_historical
2026-02-27,39518,USBOND,USBOND (Derivatives),90.88050119,0.0,0.0,coinmarketcap_data_api_listings_historical
2026-02-27,39519,COGE,Copper Doge,0.0,0.0,0.0,coinmarketcap_data_api_listings_historical
2026-02-27,39523,MOLTBOOK,moltbook,0.0,0.0,0.0,coinmarketcap_data_api_listings_historical
2026-02-27,6759,DUST,Nifty Wizards Dust,2.435e-05,0.0,0.0,coinmarketcap_data_api_listings_historical
2026-02-27,39532,JWT,JwZoza,1.14083483,0.0,0.0,coinmarketcap_data_api_listings_historical
2026-02-27,39534,DOGEMOON,DOGE TO MOON (dogemoons.fun),0.0,0.0,0.0,coinmarketcap_data_api_listings_historical
2026-02-27,23151,BTTY,Bitcointry Token,0.00049211,0.0,0.0,coinmarketcap_data_api_listings_historical
2026-02-27,23156,DUST,DeDust,0.37775012,0.0,0.0,coinmarketcap_data_api_listings_historical
2026-02-27,23157,LAKE,Data Lake,7.311e-05,0.0,0.0,coinmarketcap_data_api_listings_historical
2026-02-27,23165,BCB,Blockchain Bets,0.00030504,0.0,0.0,coinmarketcap_data_api_listings_historical
2026-02-27,39551,X,X (XCOIN_CTO),0.0,0.0,0.0,coinmarketcap_data_api_listings_historical
2026-02-27,23172,CHILI,CHILI,0.0,0.0,0.0,coinmarketcap_data_api_listings_historical
2026-02-27,23174,SPC,Storepay,0.00031075,0.0,0.0,coinmarketcap_data_api_listings_historical
2026-02-27,39563,狗屎,狗屎,3.265e-05,0.0,0.0,coinmarketcap_data_api_listings_historical
2026-02-27,39564,OPN,Opinion,0.47015328,0.0,0.0,coinmarketcap_data_api_listings_historical
2026-02-27,23183,SBONK,SHIBONK,0.00964759,0.0,0.0,coinmarketcap_data_api_listings_historical
2026-02-27,39573,005380,Hyundai Motor Co (Derivatives),666199.8139421,0.0,0.0,coinmarketcap_data_api_listings_historical
2026-02-27,39575,KOSPI,Korea Composite Stock Price Index (Derivatives),6265.63779303,0.0,0.0,coinmarketcap_data_api_listings_historical
2026-02-27,23208,PLSB,PulseBitcoin,0.01531875,0.0,0.0,coinmarketcap_data_api_listings_historical
2026-02-27,23212,COPE,Cope,0.0,0.0,0.0,coinmarketcap_data_api_listings_historical
2026-02-27,39599,PUNCH,パンチ (punchmeme.world),0.0,0.0,0.0,coinmarketcap_data_api_listings_historical
2026-02-27,23216,ROE,Rise of Elves,0.01504776,0.0,0.0,coinmarketcap_data_api_listings_historical
2026-02-27,23218,USP,USP Token,1.22231375,0.0,0.0,coinmarketcap_data_api_listings_historical
2026-02-27,39605,PUNCH,Punch (punchtokenoff.xyz),0.00140537,0.0,0.0,coinmarketcap_data_api_listings_historical
2026-02-27,39607,TAPP,Tapp Exchange,0.04484422,0.0,0.0,coinmarketcap_data_api_listings_historical
2026-02-27,23224,NEFTY,NeftyBlocks,0.00518561,0.0,0.0,coinmarketcap_data_api_listings_historical
2026-02-27,23227,XI,Xi Token,0.00095185,0.0,0.0,coinmarketcap_data_api_listings_historical
2026-02-27,39612,WEGL,White Eagle,2.2238046,0.0,0.0,coinmarketcap_data_api_listings_historical
2026-02-27,39615,META,Meta Platforms Tokenized Stock (Hyperliquid),656.14876797,0.0,0.0,coinmarketcap_data_api_listings_historical
2026-02-27,39616,MSFT,Microsoft Tokenized Stock (Hyperliquid),397.47067396,0.0,0.0,coinmarketcap_data_api_listings_historical
2026-02-27,39623,QQQ,Invesco QQQ Trust Tokenized ETF (Hyperliquid),608.78199752,0.0,0.0,coinmarketcap_data_api_listings_historical
2026-02-27,23241,DTG,Defi Tiger,0.0,0.0,0.0,coinmarketcap_data_api_listings_historical
2026-02-27,39629,APP,Applovin (Derivatives),433.39149941,0.0,0.0,coinmarketcap_data_api_listings_historical
2026-02-27,39631,CSCO,Cisco Systems (Derivatives),79.61985151,0.0,0.0,coinmarketcap_data_api_listings_historical
2026-02-27,23248,VELA,Vela Exchange,0.00039892,0.0,0.0,coinmarketcap_data_api_listings_historical
2026-02-27,39633,RDDT,Reddit (Derivatives),145.24580888,0.0,0.0,coinmarketcap_data_api_listings_historical
2026-02-27,39634,IBM,IBM (Derivatives),239.95977391,0.0,0.0,coinmarketcap_data_api_listings_historical
2026-02-27,6889,LIVE,TRONbetLive,0.01280051,0.0,0.0,coinmarketcap_data_api_listings_historical
2026-02-27,6890,TON,TON Token,0.00449399,0.0,0.0,coinmarketcap_data_api_listings_historical
2026-02-27,6911,BNSD,BNSD Finance,0.00022019,0.0,0.0,coinmarketcap_data_api_listings_historical
2026-02-27,23334,AUD,Aussie Digital,0.01570008,0.0,0.0,coinmarketcap_data_api_listings_historical
2026-02-27,23347,UT,Fantaverse,7.998e-05,0.0,0.0,coinmarketcap_data_api_listings_historical
2026-02-27,23371,WOOF,WoofWork.io,9.78e-06,0.0,0.0,coinmarketcap_data_api_listings_historical
2026-02-27,23388,LMDA,Lambda Markets,0.01001614,0.0,0.0,coinmarketcap_data_api_listings_historical
2026-02-27,23405,HADES,Hadeswap,0.00337006,0.0,0.0,coinmarketcap_data_api_listings_historical
2026-02-27,23450,PEPE,PepeSol,0.00018126,0.0,0.0,coinmarketcap_data_api_listings_historical
2026-02-27,7077,UP,UniFi Protocol,0.00338689,0.0,0.0,coinmarketcap_data_api_listings_historical
2026-02-27,23494,CVXFXS,Convex FXS,0.18865887,0.0,0.0,coinmarketcap_data_api_listings_historical
2026-02-27,23509,CARMIN,Carmin,0.00089985,0.0,0.0,coinmarketcap_data_api_listings_historical
2026-02-27,7126,GHD,Giftedhands [Old],1.9e-07,0.0,0.0,coinmarketcap_data_api_listings_historical
2026-02-27,23563,OT,Onchain Trade,0.00095451,0.0,0.0,coinmarketcap_data_api_listings_historical
2026-02-27,23566,MIR,MIR Token,3.84e-06,0.0,0.0,coinmarketcap_data_api_listings_historical
2026-02-27,23573,SLIZ,SolidLizard,1.246e-05,0.0,0.0,coinmarketcap_data_api_listings_historical
2026-02-27,23580,TROVE,Arbitrove Protocol,0.0016106,0.0,0.0,coinmarketcap_data_api_listings_historical
2026-02-27,7200,BID,Bidao,0.00013372,0.0,0.0,coinmarketcap_data_api_listings_historical
2026-02-27,23602,BOC,BOCOIN,0.00032509,0.0,0.0,coinmarketcap_data_api_listings_historical
2026-02-27,23624,XFT,Offshift [New],0.06735206,0.0,0.0,coinmarketcap_data_api_listings_historical
2026-02-27,7242,CORE,cVault.finance,4928.98831347,0.0,0.0,coinmarketcap_data_api_listings_historical
2026-02-27,23629,SKULL,Skull Order,7.29e-06,0.0,0.0,coinmarketcap_data_api_listings_historical
2026-02-27,23631,ALIEN,Alien,4.784e-05,0.0,0.0,coinmarketcap_data_api_listings_historical
2026-02-27,23640,MILK,Cool Cats MILK,3.899e-05,0.0,0.0,coinmarketcap_data_api_listings_historical
2026-02-27,23641,FLOKICEO,FLOKI CEO,0.0,0.0,0.0,coinmarketcap_data_api_listings_historical
2026-02-27,23649,COLLAB,Collab.Land,2.84e-06,0.0,0.0,coinmarketcap_data_api_listings_historical
2026-02-27,23659,XCFX,Nucleon,0.06486402,0.0,0.0,coinmarketcap_data_api_listings_historical
2026-02-27,23668,MSHD,MASHIDA,1.02e-06,0.0,0.0,coinmarketcap_data_api_listings_historical
2026-02-27,23669,GETH,Goerli ETH,0.0028942,0.0,0.0,coinmarketcap_data_api_listings_historical
2026-02-27,23700,ICE,IceCream,0.12180922,0.0,0.0,coinmarketcap_data_api_listings_historical
2026-02-27,23712,LFG,LFGSwap Finance (Core),4.015e-05,0.0,0.0,coinmarketcap_data_api_listings_historical
2026-02-27,23731,PLX,PLEXUS,0.01000869,0.0,0.0,coinmarketcap_data_api_listings_historical
2026-02-27,23750,HALO,HALO NFT OFFICIAL,0.00021865,0.0,0.0,coinmarketcap_data_api_listings_historical
2026-02-27,23764,DOGECEO,Doge CEO,0.0,0.0,0.0,coinmarketcap_data_api_listings_historical
2026-02-27,7414,EYE,Behodler,0.01720616,0.0,0.0,coinmarketcap_data_api_listings_historical
2026-02-27,23800,EUROE,EUROe Stablecoin,0.5183046,0.0,0.0,coinmarketcap_data_api_listings_historical
2026-02-27,23807,MZR,Mizar,0.00038,0.0,0.0,coinmarketcap_data_api_listings_historical
2026-02-27,23830,ALIF,ALIF COIN,0.13718238,0.0,0.0,coinmarketcap_data_api_listings_historical
2026-02-27,23836,VARA,Équilibre,1.35e-06,0.0,0.0,coinmarketcap_data_api_listings_historical
2026-02-27,23858,RAM,Ramses Exchange,0.00043634,0.0,0.0,coinmarketcap_data_api_listings_historical
2026-02-27,23880,WOR,Hollywood Capital Group WARRIOR,0.01152635,0.0,0.0,coinmarketcap_data_api_listings_historical
2026-02-27,7510,QRX,QuiverX,0.00366677,0.0,0.0,coinmarketcap_data_api_listings_historical
2026-02-27,23913,CID,CORE ID,0.00020186,0.0,0.0,coinmarketcap_data_api_listings_historical
2026-02-27,23921,CAT,Catcoin BSC,0.0,0.0,0.0,coinmarketcap_data_api_listings_historical
2026-02-27,23922,ROKO,Roko,4.13e-06,0.0,0.0,coinmarketcap_data_api_listings_historical
2026-02-27,23936,KAF,KAIF Platform,1.1e-07,0.0,0.0,coinmarketcap_data_api_listings_historical
2026-02-27,23941,GDX,Gridex,0.07894226,0.0,0.0,coinmarketcap_data_api_listings_historical
2026-02-27,23953,DZOO,Degen Zoo,0.00064817,0.0,0.0,coinmarketcap_data_api_listings_historical
2026-02-27,23955,AI,Chat AI,4.945e-05,0.0,0.0,coinmarketcap_data_api_listings_historical
2026-02-27,23958,DAOP,Dao Space,0.0135029,0.0,0.0,coinmarketcap_data_api_listings_historical
2026-02-27,23963,UW3S,Utility Web3Shot,0.00059515,0.0,0.0,coinmarketcap_data_api_listings_historical
2026-02-27,7593,DFD,DefiDollar DAO,0.00729485,0.0,0.0,coinmarketcap_data_api_listings_historical
2026-02-27,24006,FROGCEO,Frog Ceo,0.0,0.0,0.0,coinmarketcap_data_api_listings_historical
2026-02-27,7635,UNW,UniWorld,0.00029979,0.0,0.0,coinmarketcap_data_api_listings_historical
2026-02-27,24022,CHT,CyberHarbor,0.00059515,0.0,0.0,coinmarketcap_data_api_listings_historical
2026-02-27,24059,SECT,Sector Finance,0.01600441,0.0,0.0,coinmarketcap_data_api_listings_historical
2026-02-27,7676,AXN,Axion,7.5e-07,0.0,0.0,coinmarketcap_data_api_listings_historical
2026-02-27,24060,UNW,Uniwhale,0.00077237,0.0,0.0,coinmarketcap_data_api_listings_historical
2026-02-27,24062,PEPA,Pepa Inu,0.0,0.0,0.0,coinmarketcap_data_api_listings_historical
2026-02-27,24102,PAW,PAWZONE,2e-08,0.0,0.0,coinmarketcap_data_api_listings_historical
2026-02-27,24112,WUSDR,Wrapped USDR,0.23197072,0.0,0.0,coinmarketcap_data_api_listings_historical
2026-02-27,7739,KIT,DexKit,0.19620926,0.0,0.0,coinmarketcap_data_api_listings_historical
2026-02-27,24138,HAIR,HairDAO,14.07631929,0.0,0.0,coinmarketcap_data_api_listings_historical
2026-02-27,7757,BFHT,BeFaster Holder Token,0.0029376,0.0,0.0,coinmarketcap_data_api_listings_historical
2026-02-27,24158,CHR,Chronos,0.00058393,0.0,0.0,coinmarketcap_data_api_listings_historical
2026-02-27,24159,W$C,World$tateCoin,4.082e-05,0.0,0.0,coinmarketcap_data_api_listings_historical
2026-02-27,24161,ZKDOGE,zkDoge,2.29e-06,0.0,0.0,coinmarketcap_data_api_listings_historical
2026-02-27,24171,LFG,LFGSwap Finance (Arbitrum),5.6e-06,0.0,0.0,coinmarketcap_data_api_listings_historical
2026-02-27,24176,BOW,Archer Swap,0.00423865,0.0,0.0,coinmarketcap_data_api_listings_historical
2026-02-27,24177,KSWAP,KyotoSwap,0.01232413,0.0,0.0,coinmarketcap_data_api_listings_historical
2026-02-27,24178,LODE,Lodestar,3.801e-05,0.0,0.0,coinmarketcap_data_api_listings_historical
2026-02-27,7819,UCAP,Unicap.finance,0.00593681,0.0,0.0,coinmarketcap_data_api_listings_historical
2026-02-27,24292,OSP,OpenSocial,2.28e-06,0.0,0.0,coinmarketcap_data_api_listings_historical
2026-02-27,24331,BREAD,Breadchain Cooperative,1.00021504,0.0,0.0,coinmarketcap_data_api_listings_historical
2026-02-27,7965,vXRP,Venus XRP,0.02785576,0.0,0.0,coinmarketcap_data_api_listings_historical
2026-02-27,7972,HNY,Honey,1.00959966,0.0,0.0,coinmarketcap_data_api_listings_historical
2026-02-27,24369,SDG,Crypto SDG,0.00073002,0.0,0.0,coinmarketcap_data_api_listings_historical
2026-02-27,7986,HUB,Hub - Human Trust Protocol,9.396e-05,0.0,0.0,coinmarketcap_data_api_listings_historical
2026-02-27,7988,SZCB,Zugacoin,0.02005734,0.0,0.0,coinmarketcap_data_api_listings_historical
2026-02-27,8020,DFIAT,DeFiato,0.00062038,0.0,0.0,coinmarketcap_data_api_listings_historical
2026-02-27,24443,ITC,ITC,0.00055047,0.0,0.0,coinmarketcap_data_api_listings_historical
2026-02-27,24450,UCON,YouCoin,2.45860859,0.0,0.0,coinmarketcap_data_api_listings_historical
2026-02-27,8080,DYP,Dypius [Old],0.00198766,0.0,0.0,coinmarketcap_data_api_listings_historical
2026-02-27,24489,enqAI,enqAI,0.00018311,0.0,0.0,coinmarketcap_data_api_listings_historical
2026-02-27,24497,ABC,ABC PoS Pool,0.29083678,0.0,0.0,coinmarketcap_data_api_listings_historical
2026-02-27,8136,WAXE,WAXE,6.23611741,0.0,0.0,coinmarketcap_data_api_listings_historical
2026-02-27,24526,WBESC,Wrapped BESC,1.21048557,0.0,0.0,coinmarketcap_data_api_listings_historical
2026-02-27,24529,BABYPEPE,BabyPepe,0.0,0.0,0.0,coinmarketcap_data_api_listings_historical
2026-02-27,8167,WISE,Wise Token,0.10662924,0.0,0.0,coinmarketcap_data_api_listings_historical
2026-02-27,8168,BAO,Bao Finance (old),1e-07,0.0,0.0,coinmarketcap_data_api_listings_historical
2026-02-27,24552,BOBO,Bobo,0.0,0.0,0.0,coinmarketcap_data_api_listings_historical
2026-02-27,24573,shibai,AiShiba,0.0,0.0,0.0,coinmarketcap_data_api_listings_historical
2026-02-27,24574,SHANG,Shanghai Inu,0.0,0.0,0.0,coinmarketcap_data_api_listings_historical
2026-02-27,24584,AWT,Abyss World,2.1e-07,0.0,0.0,coinmarketcap_data_api_listings_historical
2026-02-27,8213,vFIL,Venus Filecoin,0.02058956,0.0,0.0,coinmarketcap_data_api_listings_historical
2026-02-27,8232,MOLTEN,Molten,0.01849881,0.0,0.0,coinmarketcap_data_api_listings_historical
2026-02-27,24618,ETI,Etica,0.0493597,0.0,0.0,coinmarketcap_data_api_listings_historical
2026-02-27,24625,DST,Dragon Soul Token,0.00017093,0.0,0.0,coinmarketcap_data_api_listings_historical
2026-02-27,8249,3CRV,LP 3pool Curve,1.03979178,0.0,0.0,coinmarketcap_data_api_listings_historical
2026-02-27,8266,MDX,Mandala Exchange Token,0.00087896,0.0,0.0,coinmarketcap_data_api_listings_historical
2026-02-27,24669,SASUKE,Sasuke Uchiha,7.2e-06,0.0,0.0,coinmarketcap_data_api_listings_historical
2026-02-27,8294,MUST,Cometh,0.33772508,0.0,0.0,coinmarketcap_data_api_listings_historical
2026-02-27,24700,LBR,Lybra Finance,0.00086496,0.0,0.0,coinmarketcap_data_api_listings_historical
2026-02-27,24708,NEUROS,Shockwaves,0.0007058,0.0,0.0,coinmarketcap_data_api_listings_historical
2026-02-27,8339,XFUND,xFund,65.95545793,0.0,0.0,coinmarketcap_data_api_listings_historical
2026-02-27,24724,PEEPO,Peepo,0.0,0.0,0.0,coinmarketcap_data_api_listings_historical
2026-02-27,24739,TATE,Tate,0.0,0.0,0.0,coinmarketcap_data_api_listings_historical
2026-02-27,24744,NANA,NANA Token,1.157e-05,0.0,0.0,coinmarketcap_data_api_listings_historical
2026-02-27,8370,VBETH,Venus BETH,39.15347896,0.0,0.0,coinmarketcap_data_api_listings_historical
2026-02-27,8389,BAMBOO,BambooDeFi,0.00024338,0.0,0.0,coinmarketcap_data_api_listings_historical
2026-02-27,8394,ANI,Anime Token,0.00066194,0.0,0.0,coinmarketcap_data_api_listings_historical
2026-02-27,8398,YFO,YFIONE,0.55498663,0.0,0.0,coinmarketcap_data_api_listings_historical
2026-02-27,24789,RUM,RUM - Pirates of Arrland Token,5.095e-05,0.0,0.0,coinmarketcap_data_api_listings_historical
2026-02-27,24791,OGSM,OGSMINEM,0.0,0.0,0.0,coinmarketcap_data_api_listings_historical
2026-02-27,8426,FILDA,Filda,0.00028735,0.0,0.0,coinmarketcap_data_api_listings_historical
2026-02-27,8431,WG999,Wrapped G999,0.00042942,0.0,0.0,coinmarketcap_data_api_listings_historical
2026-02-27,24821,SONIC,Sonic Inu,0.0,0.0,0.0,coinmarketcap_data_api_listings_historical
2026-02-27,8444,GFARM2,Gains Farm,1256.85444019,0.0,0.0,coinmarketcap_data_api_listings_historical
2026-02-27,24829,FXI,FX1 Sports,0.00103723,0.0,0.0,coinmarketcap_data_api_listings_historical
2026-02-27,8447,WILC,Wrapped ILCOIN,0.00054198,0.0,0.0,coinmarketcap_data_api_listings_historical
2026-02-27,24834,QCK,Quicksilver,0.00026805,0.0,0.0,coinmarketcap_data_api_listings_historical
2026-02-27,24840,TKC,The Kingdom Coin,0.01250988,0.0,0.0,coinmarketcap_data_api_listings_historical
2026-02-27,8457,B20,B20,0.04808753,0.0,0.0,coinmarketcap_data_api_listings_historical
2026-02-27,24857,LAMBO,$LAMBO,1.21e-06,0.0,0.0,coinmarketcap_data_api_listings_historical
2026-02-27,8476,PREMIA,Premia,0.04857698,0.0,0.0,coinmarketcap_data_api_listings_historical
2026-02-27,8487,TBCC,TBCC,9.103e-05,0.0,0.0,coinmarketcap_data_api_listings_historical
2026-02-27,8501,LPNT,Luxurious Pro Network Token,0.00153761,0.0,0.0,coinmarketcap_data_api_listings_historical
2026-02-27,8528,HBO,HashBridge Oracle,0.01099351,0.0,0.0,coinmarketcap_data_api_listings_historical
2026-02-27,8537,CAN,Channels,0.00027579,0.0,0.0,coinmarketcap_data_api_listings_historical
2026-02-27,8558,BT,BT.Finance,0.25749487,0.0,0.0,coinmarketcap_data_api_listings_historical
2026-02-27,8573,VISTA,Vista Finance,0.310059,0.0,0.0,coinmarketcap_data_api_listings_historical
2026-02-27,24974,WASSIE,WASSIE,4.4e-07,0.0,0.0,coinmarketcap_data_api_listings_historical
2026-02-27,24987,CLIPS,Clips,0.0,0.0,0.0,coinmarketcap_data_api_listings_historical
2026-02-27,8610,DMC,DMEX (Decentralized Mining Exchange),0.00092856,0.0,0.0,coinmarketcap_data_api_listings_historical
2026-02-27,25002,KING,KING,7.94e-06,0.0,0.0,coinmarketcap_data_api_listings_historical
2026-02-27,8624,ADCO,Advertise Coin,0.42485894,0.0,0.0,coinmarketcap_data_api_listings_historical
2026-02-27,25014,RIBBIT,Ribbit,0.0,0.0,0.0,coinmarketcap_data_api_listings_historical
2026-02-27,25018,PUGAI,PUG AI,0.0,0.0,0.0,coinmarketcap_data_api_listings_historical
2026-02-27,25019,JEFF,JEFF,0.00147043,0.0,0.0,coinmarketcap_data_api_listings_historical
2026-02-27,8657,WANUSDT,wanUSDT,1.00401361,0.0,0.0,coinmarketcap_data_api_listings_historical
2026-02-27,25042,GGP,GoGoPool,0.05704986,0.0,0.0,coinmarketcap_data_api_listings_historical
2026-02-27,25060,CRAZYPEPE,CRAZY PEPE,0.0,0.0,0.0,coinmarketcap_data_api_listings_historical
2026-02-27,25076,CAPY,Capybara (getinnotimetoexplain.com),1.89e-06,0.0,0.0,coinmarketcap_data_api_listings_historical
2026-02-27,25130,ARX,ArbiDex Token,0.00011448,0.0,0.0,coinmarketcap_data_api_listings_historical
2026-02-27,25139,PEPECHAIN,PEPE Chain,0.0,0.0,0.0,coinmarketcap_data_api_listings_historical
2026-02-27,8759,ZEFI,ZCore Finance,2e-07,0.0,0.0,coinmarketcap_data_api_listings_historical
2026-02-27,25145,SWTS,SWEETS,0.0,0.0,0.0,coinmarketcap_data_api_listings_historical
2026-02-27,25159,MEME,meme (Ordinals),0.00056678,0.0,0.0,coinmarketcap_data_api_listings_historical
2026-02-27,25177,$TOAD,Toad Killer,0.0,0.0,0.0,coinmarketcap_data_api_listings_historical
2026-02-27,8795,MUTE,Mute,0.00010253,0.0,0.0,coinmarketcap_data_api_listings_historical
2026-02-27,8823,POODL,Poodl Token,0.0,0.0,0.0,coinmarketcap_data_api_listings_historical
2026-02-27,8833,DG,DeGate,0.04176244,0.0,0.0,coinmarketcap_data_api_listings_historical
2026-02-27,25228,DTC,TrumpCoin,0.0,0.0,0.0,coinmarketcap_data_api_listings_historical
2026-02-27,25230,BOLT,Huebel Bolt,0.02151085,0.0,0.0,coinmarketcap_data_api_listings_historical
2026-02-27,8858,CUB,Cub Finance,0.00090624,0.0,0.0,coinmarketcap_data_api_listings_historical
2026-02-27,8865,VBSWAP,vBSWAP,13.63020723,0.0,0.0,coinmarketcap_data_api_listings_historical
2026-02-27,8905,BTSG,BitSong,0.00070386,0.0,0.0,coinmarketcap_data_api_listings_historical
2026-02-27,25289,PEPE,Pepe Coin,0.0,0.0,0.0,coinmarketcap_data_api_listings_historical
2026-02-27,8908,VEN,ImpulseVen,0.01678815,0.0,0.0,coinmarketcap_data_api_listings_historical
2026-02-27,8926,ATD,A2DAO,0.00860852,0.0,0.0,coinmarketcap_data_api_listings_historical
2026-02-27,25330,ANIMA,Realm Anima,0.00017016,0.0,0.0,coinmarketcap_data_api_listings_historical
2026-02-27,25331,PEPEAI,Pepe AI (BSC),0.0,0.0,0.0,coinmarketcap_data_api_listings_historical
2026-02-27,25333,MURATIAI,MuratiAI,1.21e-06,0.0,0.0,coinmarketcap_data_api_listings_historical
2026-02-27,25337,GRAI,Gravita Protocol,0.93983327,0.0,0.0,coinmarketcap_data_api_listings_historical
2026-02-27,8964,xBLZD,Blizzard.money,0.00206623,0.0,0.0,coinmarketcap_data_api_listings_historical
2026-02-27,8966,SAFEMARS,Safemars,1e-08,0.0,0.0,coinmarketcap_data_api_listings_historical
2026-02-27,8978,POOCOIN,PooCoin,0.24464155,0.0,0.0,coinmarketcap_data_api_listings_historical
2026-02-27,8981,WAD,WardenSwap,0.00425483,0.0,0.0,coinmarketcap_data_api_listings_historical
2026-02-27,25380,SUIA,SUIA,0.00054617,0.0,0.0,coinmarketcap_data_api_listings_historical
2026-02-27,25385,WAGMI,Wagmi Coin,0.0,0.0,0.0,coinmarketcap_data_api_listings_historical
2026-02-27,25394,PEAR,Pear Swap,8e-05,0.0,0.0,coinmarketcap_data_api_listings_historical
2026-02-27,25396,TWELVE,TWELVE ZODIAC,0.02565102,0.0,0.0,coinmarketcap_data_api_listings_historical
2026-02-27,9016,HAUS,DAOhaus,0.1536556,0.0,0.0,coinmarketcap_data_api_listings_historical
2026-02-27,9045,JPYC,JPY Coin v1,0.00701456,0.0,0.0,coinmarketcap_data_api_listings_historical
2026-02-27,9065,REFI,Realfinance Network,2e-06,0.0,0.0,coinmarketcap_data_api_listings_historical
2026-02-27,9069,GOAT,Goatcoin,7.12328331,0.0,0.0,coinmarketcap_data_api_listings_historical
2026-02-27,9073,ICE,Popsicle Finance,0.13420983,0.0,0.0,coinmarketcap_data_api_listings_historical
2026-02-27,25467,MASYA,MASYA,0.0,0.0,0.0,coinmarketcap_data_api_listings_historical
2026-02-27,9086,HUB,Minter HUB,0.41687852,0.0,0.0,coinmarketcap_data_api_listings_historical
2026-02-27,9120,FLY,Franklin,8e-06,0.0,0.0,coinmarketcap_data_api_listings_historical
2026-02-27,9131,MIST,Alchemist,0.30057388,0.0,0.0,coinmarketcap_data_api_listings_historical
2026-02-27,9158,WOLF,moonwolf.io,4e-08,0.0,0.0,coinmarketcap_data_api_listings_historical
2026-02-27,9169,MMAON,MMAON,0.00750197,0.0,0.0,coinmarketcap_data_api_listings_historical
2026-02-27,9179,DFY,Defi For You,3.48e-06,0.0,0.0,coinmarketcap_data_api_listings_historical
2026-02-27,25563,AMBER,Amber Soul Stone,3.54e-06,0.0,0.0,coinmarketcap_data_api_listings_historical
2026-02-27,9191,OCC,Occam.Fi,0.0008315,0.0,0.0,coinmarketcap_data_api_listings_historical
2026-02-27,9207,MVI,Metaverse Index,5.2000254,0.0,0.0,coinmarketcap_data_api_listings_historical
2026-02-27,9214,MOONSTAR,MoonStar,0.0,0.0,0.0,coinmarketcap_data_api_listings_historical
2026-02-27,9217,XFIT,XFai,0.00285934,0.0,0.0,coinmarketcap_data_api_listings_historical
2026-02-27,25604,PINU,Pulse Inu,0.0,0.0,0.0,coinmarketcap_data_api_listings_historical
2026-02-27,9241,SATOZ,Satozhi,0.0067764,0.0,0.0,coinmarketcap_data_api_listings_historical
2026-02-27,9279,LAUNCH,SuperLauncher,0.00603583,0.0,0.0,coinmarketcap_data_api_listings_historical
2026-02-27,25664,KINGY,KINGYTON,0.02548303,0.0,0.0,coinmarketcap_data_api_listings_historical
2026-02-27,25667,KELP,KELP,0.00054132,0.0,0.0,coinmarketcap_data_api_listings_historical
2026-02-27,25679,XAI,XAI Corp,0.00010837,0.0,0.0,coinmarketcap_data_api_listings_historical
2026-02-27,25687,JOEY,Joey Inu,0.01099654,0.0,0.0,coinmarketcap_data_api_listings_historical
2026-02-27,25736,PAYU,Platform of meme coins,0.0,0.0,0.0,coinmarketcap_data_api_listings_historical
2026-02-27,25796,JW,Jasan Wellness,1.35998881,0.0,0.0,coinmarketcap_data_api_listings_historical
2026-02-27,9413,REAU,Vira-lata Finance,0.0,0.0,0.0,coinmarketcap_data_api_listings_historical
2026-02-27,9427,vDOGE,Venus Dogecoin,0.00190017,0.0,0.0,coinmarketcap_data_api_listings_historical
2026-02-27,9437,CHE,CherrySwap,0.04500964,0.0,0.0,coinmarketcap_data_api_listings_historical
2026-02-27,9453,AGVE,Agave,32.58247795,0.0,0.0,coinmarketcap_data_api_listings_historical
2026-02-27,9502,PIPI,Pippi Finance,0.00252821,0.0,0.0,coinmarketcap_data_api_listings_historical
2026-02-27,25894,WALLY,Wally Bot,0.02159346,0.0,0.0,coinmarketcap_data_api_listings_historical
2026-02-27,9522,BONFIRE,Bonfire,1e-08,0.0,0.0,coinmarketcap_data_api_listings_historical
2026-02-27,9524,MEDIA,Media Network,0.18121356,0.0,0.0,coinmarketcap_data_api_listings_historical
2026-02-27,25912,PEPE,PepeCoin,0.0,0.0,0.0,coinmarketcap_data_api_listings_historical
2026-02-27,9533,GNT,GreenTrust,0.0,0.0,0.0,coinmarketcap_data_api_listings_historical
2026-02-27,25920,SDX,Steakd,1e-08,0.0,0.0,coinmarketcap_data_api_listings_historical
2026-02-27,25926,GMFAM,GMFAM,0.0,0.0,0.0,coinmarketcap_data_api_listings_historical
2026-02-27,25956,COLLECT,CoinCollect,0.00017743,0.0,0.0,coinmarketcap_data_api_listings_historical
2026-02-27,9574,COSHI,CoShi Inu,0.0,0.0,0.0,coinmarketcap_data_api_listings_historical
2026-02-27,25987,WAR,Water Rabbit Token,0.00015344,0.0,0.0,coinmarketcap_data_api_listings_historical
2026-02-27,9628,RPTR,Raptor Finance,4.681e-05,0.0,0.0,coinmarketcap_data_api_listings_historical
2026-02-27,9632,UMI,UMI,0.00033302,0.0,0.0,coinmarketcap_data_api_listings_historical
2026-02-27,9635,SYA,SaveYourAssets,0.0,0.0,0.0,coinmarketcap_data_api_listings_historical
2026-02-27,26028,TIGERMOON,TigerMoon,0.0,0.0,0.0,coinmarketcap_data_api_listings_historical
2026-02-27,9651,EMON,Ethermon,4.88e-05,0.0,0.0,coinmarketcap_data_api_listings_historical
2026-02-27,26059,AEVUM,Aevum,0.00216795,0.0,0.0,coinmarketcap_data_api_listings_historical
2026-02-27,9694,UPR,Upfire,0.00047067,0.0,0.0,coinmarketcap_data_api_listings_historical
2026-02-27,9710,KABOSU,Kabosu,0.0,0.0,0.0,coinmarketcap_data_api_listings_historical
2026-02-27,9712,SHIH,Shih Tzu,0.0,0.0,0.0,coinmarketcap_data_api_listings_historical
2026-02-27,9740,PINK,Dot Finance,1.499e-05,0.0,0.0,coinmarketcap_data_api_listings_historical
2026-02-27,9749,WSB,WallStreetBets DApp,0.00016738,0.0,0.0,coinmarketcap_data_api_listings_historical
2026-02-27,26160,TOSHE,Toshe,0.0,0.0,0.0,coinmarketcap_data_api_listings_historical
2026-02-27,9789,ETH2X-FLI,ETH 2x Flexible Leverage Index,2.80566448,0.0,0.0,coinmarketcap_data_api_listings_historical
2026-02-27,26227,CRYSTAL STONES,CRYSTAL STONES,0.00020001,0.0,0.0,coinmarketcap_data_api_listings_historical
2026-02-27,9855,EMAX,EthereumMax,0.0,0.0,0.0,coinmarketcap_data_api_listings_historical
2026-02-27,26241,YOEX,YOEX PRO,3.24e-06,0.0,0.0,coinmarketcap_data_api_listings_historical
2026-02-27,9859,YUMMY,YUMMY,6.51e-06,0.0,0.0,coinmarketcap_data_api_listings_historical
2026-02-27,9862,SISHI,Sishi Finance,0.00031016,0.0,0.0,coinmarketcap_data_api_listings_historical
2026-02-27,26265,NIHAO,NiHao,0.0,0.0,0.0,coinmarketcap_data_api_listings_historical
2026-02-27,26267,SELF,SelfToken,0.17970496,0.0,0.0,coinmarketcap_data_api_listings_historical
2026-02-27,26273,AXT,Axioma Token,0.94747504,0.0,0.0,coinmarketcap_data_api_listings_historical
2026-02-27,9908,XKI,Ki,0.00013728,0.0,0.0,coinmarketcap_data_api_listings_historical
2026-02-27,9943,USHIBA,American Shiba,0.0,0.0,0.0,coinmarketcap_data_api_listings_historical
2026-02-27,26333,MOOX,Moox Protocol,0.00345202,0.0,0.0,coinmarketcap_data_api_listings_historical
2026-02-27,9951,WEX,WaultSwap,6.43e-06,0.0,0.0,coinmarketcap_data_api_listings_historical
2026-02-27,26337,LOVE,Love,4.277e-05,0.0,0.0,coinmarketcap_data_api_listings_historical
2026-02-27,9968,CORGI,Corgidoge,0.0,0.0,0.0,coinmarketcap_data_api_listings_historical
2026-02-27,9991,C3,Charli3,0.0117611,0.0,0.0,coinmarketcap_data_api_listings_historical
2026-02-27,26376,JIM,Jim,7.4e-07,0.0,0.0,coinmarketcap_data_api_listings_historical
2026-02-27,9996,BEZOGE,Bezoge Earth,0.0,0.0,0.0,coinmarketcap_data_api_listings_historical
2026-02-27,26380,SCIVIVE,sciVive,0.0,0.0,0.0,coinmarketcap_data_api_listings_historical
2026-02-27,10005,ZOOT,Zoo Token,0.0,0.0,0.0,coinmarketcap_data_api_listings_historical
2026-02-27,26396,BANK,BankerCoinAda,3.3e-07,0.0,0.0,coinmarketcap_data_api_listings_historical
2026-02-27,26403,STRDY,Sturdy,0.00868248,0.0,0.0,coinmarketcap_data_api_listings_historical
2026-02-27,10023,AQUA,Planet,0.96050951,0.0,0.0,coinmarketcap_data_api_listings_historical
2026-02-27,10029,USDm,USD mars,0.99392511,0.0,0.0,coinmarketcap_data_api_listings_historical
2026-02-27,10030,XMS,Mars Ecosystem Token,0.0002417,0.0,0.0,coinmarketcap_data_api_listings_historical
2026-02-27,10059,PNDR,Pandora Finance,0.00189282,0.0,0.0,coinmarketcap_data_api_listings_historical
2026-02-27,26456,SBC,Stable Coin,0.99778332,0.0,0.0,coinmarketcap_data_api_listings_historical
2026-02-27,10081,SAFEMOONCASH,SafeMoonCash,0.0,0.0,0.0,coinmarketcap_data_api_listings_historical
2026-02-27,10084,NUUM,MNet,0.0007045,0.0,0.0,coinmarketcap_data_api_listings_historical
2026-02-27,10132,DUET,Duet Protocol,8.92e-05,0.0,0.0,coinmarketcap_data_api_listings_historical
2026-02-27,10134,FISH,Polycat Finance,0.00666044,0.0,0.0,coinmarketcap_data_api_listings_historical
2026-02-27,26529,CHOW,CHOW CHOW,8e-08,0.0,0.0,coinmarketcap_data_api_listings_historical
2026-02-27,26540,BBTF,Block Buster Tech Inc,0.00037659,0.0,0.0,coinmarketcap_data_api_listings_historical
2026-02-27,10158,GRIMEX,SpaceGrime,0.0,0.0,0.0,coinmarketcap_data_api_listings_historical
2026-02-27,10176,SAT,Saturna,0.0,0.0,0.0,coinmarketcap_data_api_listings_historical
2026-02-27,10182,FOLD,Manifold Finance,0.10274018,0.0,0.0,coinmarketcap_data_api_listings_historical
2026-02-27,10196,KEANU,Keanu Inu,0.0,0.0,0.0,coinmarketcap_data_api_listings_historical
2026-02-27,26586,CHT,CryptoHunterTrading,0.00070888,0.0,0.0,coinmarketcap_data_api_listings_historical
2026-02-27,26632,AIPEPE,AI PEPE KING,0.0,0.0,0.0,coinmarketcap_data_api_listings_historical
2026-02-27,26640,DAO,Distributed Autonomous Organization,0.03438356,0.0,0.0,coinmarketcap_data_api_listings_historical
2026-02-27,26650,LAVITA,Lavita AI,0.00078739,0.0,0.0,coinmarketcap_data_api_listings_historical
2026-02-27,10277,TRONPAD,TRONPAD,0.00037094,0.0,0.0,coinmarketcap_data_api_listings_historical
2026-02-27,10289,DAISY,Daisy Launch Pad,0.38006517,0.0,0.0,coinmarketcap_data_api_listings_historical
2026-02-27,26676,INU,INU,0.0,0.0,0.0,coinmarketcap_data_api_listings_historical
2026-02-27,26694,QUBY,QUBY,0.00213135,0.0,0.0,coinmarketcap_data_api_listings_historical
2026-02-27,26713,HOW,Howinu,0.0,0.0,0.0,coinmarketcap_data_api_listings_historical
2026-02-27,26744,FUSDC,Fluid USDC,0.98965799,0.0,0.0,coinmarketcap_data_api_listings_historical
2026-02-27,10388,SXC,SupremeX,0.00379797,0.0,0.0,coinmarketcap_data_api_listings_historical
2026-02-27,26776,FUNCH,FUNCH,1.58e-05,0.0,0.0,coinmarketcap_data_api_listings_historical
2026-02-27,10394,KUMA,Kuma Inu,0.0,0.0,0.0,coinmarketcap_data_api_listings_historical
2026-02-27,26788,CAT,Cyber Arena,4.72e-06,0.0,0.0,coinmarketcap_data_api_listings_historical
2026-02-27,26809,ZES,Zetos,0.01103381,0.0,0.0,coinmarketcap_data_api_listings_historical
2026-02-27,10428,ALM,Alium Finance,0.00109902,0.0,0.0,coinmarketcap_data_api_listings_historical
2026-02-27,26832,HACHI,Hachi,0.0,0.0,0.0,coinmarketcap_data_api_listings_historical
2026-02-27,10452,SOLAPE,SolAPE Token,0.00010728,0.0,0.0,coinmarketcap_data_api_listings_historical
2026-02-27,26837,PEPEW,PEPEPOW,4.2e-07,0.0,0.0,coinmarketcap_data_api_listings_historical
2026-02-27,10455,EQX,EQIFI,8.208e-05,0.0,0.0,coinmarketcap_data_api_listings_historical
2026-02-27,10467,TITAN,IRON Titanium Token,0.0,0.0,0.0,coinmarketcap_data_api_listings_historical
2026-02-27,10482,BULL,BULL FINANCE,0.0,0.0,0.0,coinmarketcap_data_api_listings_historical
2026-02-27,10518,WSHIB,wShiba,0.0,0.0,0.0,coinmarketcap_data_api_listings_historical
2026-02-27,10530,CWT,CrossWallet,0.00076445,0.0,0.0,coinmarketcap_data_api_listings_historical
2026-02-27,26929,UFO,UFO Coin,1.609e-05,0.0,0.0,coinmarketcap_data_api_listings_historical
2026-02-27,10554,SKRT,Sekuritance,0.00021386,0.0,0.0,coinmarketcap_data_api_listings_historical
2026-02-27,26984,X,AI-X,0.0,0.0,0.0,coinmarketcap_data_api_listings_historical
2026-02-27,27006,KNS,Kenshi,0.00067581,0.0,0.0,coinmarketcap_data_api_listings_historical
2026-02-27,10634,BTCDOM,Binance BTCDOM Index,5096.00880323,0.0,0.0,coinmarketcap_data_api_listings_historical
2026-02-27,27023,FOOM,FOOM,5e-08,0.0,0.0,coinmarketcap_data_api_listings_historical
2026-02-27,27026,MSN,Meson Network,0.00313223,0.0,0.0,coinmarketcap_data_api_listings_historical
2026-02-27,10644,SAFEBULL,SafeBull,0.0,0.0,0.0,coinmarketcap_data_api_listings_historical
2026-02-27,10648,EIFI,Eifi FInance,0.00056566,0.0,0.0,coinmarketcap_data_api_listings_historical
2026-02-27,10665,KOGECOIN,KogeCoin.io,0.00025974,0.0,0.0,coinmarketcap_data_api_listings_historical
2026-02-27,10675,HARE,Hare Token,0.0,0.0,0.0,coinmarketcap_data_api_listings_historical
2026-02-27,10680,KOJI,Koji,5.3e-07,0.0,0.0,coinmarketcap_data_api_listings_historical
2026-02-27,27068,UNLEASH,UnleashClub,1.683e-05,0.0,0.0,coinmarketcap_data_api_listings_historical
2026-02-27,10685,OLIVE,Olive Cash,0.00034206,0.0,0.0,coinmarketcap_data_api_listings_historical
2026-02-27,27073,FRTN,EbisusBay Fortune,0.00032817,0.0,0.0,coinmarketcap_data_api_listings_historical
2026-02-27,27078,NARS,Num ARS v2,0.00071486,0.0,0.0,coinmarketcap_data_api_listings_historical
2026-02-27,10742,NT,NEXTYPE,4.601e-05,0.0,0.0,coinmarketcap_data_api_listings_historical
2026-02-27,10753,GENX,Evodefi,0.00030278,0.0,0.0,coinmarketcap_data_api_listings_historical
2026-02-27,10781,WAS,Wasder,3.99e-06,0.0,0.0,coinmarketcap_data_api_listings_historical
2026-02-27,10798,MINIDOGE,MiniDOGE,0.0,0.0,0.0,coinmarketcap_data_api_listings_historical
2026-02-27,10800,HVI,Hungarian Vizsla Inu,0.0,0.0,0.0,coinmarketcap_data_api_listings_historical
2026-02-27,10831,MIMO,Mimo Governance Token,0.00184282,0.0,0.0,coinmarketcap_data_api_listings_historical
2026-02-27,10832,ETL,Etherlite,1.098e-05,0.0,0.0,coinmarketcap_data_api_listings_historical
2026-02-27,27218,OSEAN,OSEAN,0.0001207,0.0,0.0,coinmarketcap_data_api_listings_historical
2026-02-27,10875,CHAINCADE,ChainCade,0.0,0.0,0.0,coinmarketcap_data_api_listings_historical
2026-02-27,10877,AINU,Ainu Token,0.0,0.0,0.0,coinmarketcap_data_api_listings_historical
2026-02-27,10899,DADDYDOGE,Daddy Doge,0.0,0.0,0.0,coinmarketcap_data_api_listings_historical
2026-02-27,10904,BP,BunnyPark,0.00065705,0.0,0.0,coinmarketcap_data_api_listings_historical
2026-02-27,27293,LAC,LaCoin,0.00799009,0.0,0.0,coinmarketcap_data_api_listings_historical
2026-02-27,27318,LYUM,Layerium,0.00036039,0.0,0.0,coinmarketcap_data_api_listings_historical
2026-02-27,27319,RAIN,Precipitate.AI,0.00014286,0.0,0.0,coinmarketcap_data_api_listings_historical
2026-02-27,10954,MCONTENT,MContent,0.0,0.0,0.0,coinmarketcap_data_api_listings_historical
2026-02-27,27344,AI,AIDOGE,1.1e-07,0.0,0.0,coinmarketcap_data_api_listings_historical
2026-02-27,27357,LOBSTER,Lobster,0.0,0.0,0.0,coinmarketcap_data_api_listings_historical
2026-02-27,10999,TKG,Takamaka,1.29991062,0.0,0.0,coinmarketcap_data_api_listings_historical
2026-02-27,27385,NCT,New Cat,0.0,0.0,0.0,coinmarketcap_data_api_listings_historical
2026-02-27,11017,SPADE,PolygonFarm Finance,0.0057086,0.0,0.0,coinmarketcap_data_api_listings_historical
2026-02-27,11020,ZOO,ZOO Crypto World,0.0001212,0.0,0.0,coinmarketcap_data_api_listings_historical
2026-02-27,11042,NFTBS,NFTBooks,0.0,0.0,0.0,coinmarketcap_data_api_listings_historical
2026-02-27,27432,CAMLY,Camly Coin,9.81e-06,0.0,0.0,coinmarketcap_data_api_listings_historical
2026-02-27,27459,DOGE2.0,Doge 2.0,0.0,0.0,0.0,coinmarketcap_data_api_listings_historical
2026-02-27,11076,JOJO,JOJO,4.3e-07,0.0,0.0,coinmarketcap_data_api_listings_historical
2026-02-27,27462,CUT,CryptoUnity,1.43e-05,0.0,0.0,coinmarketcap_data_api_listings_historical
2026-02-27,11082,ARENA,Arena Token,0.00259102,0.0,0.0,coinmarketcap_data_api_listings_historical
2026-02-27,11085,BTBS,BitBase Token,0.08262721,0.0,0.0,coinmarketcap_data_api_listings_historical
2026-02-27,27470,PEEPA,Peepa,0.0,0.0,0.0,coinmarketcap_data_api_listings_historical
2026-02-27,11088,EJS,Enjinstarter,1.705e-05,0.0,0.0,coinmarketcap_data_api_listings_historical
2026-02-27,11093,DRIP,Drip Network,0.00145804,0.0,0.0,coinmarketcap_data_api_listings_historical
2026-02-27,27479,BKPT,Biokript,5.536e-05,0.0,0.0,coinmarketcap_data_api_listings_historical
2026-02-27,11107,BIRB,Birb,0.00133172,0.0,0.0,coinmarketcap_data_api_listings_historical
2026-02-27,11112,$BRICKS,MyBricks,0.00013377,0.0,0.0,coinmarketcap_data_api_listings_historical
2026-02-27,27506,Shiba 2.0,Shiba 2.0,0.0,0.0,0.0,coinmarketcap_data_api_listings_historical
2026-02-27,27522,PATEX,Patex,0.04786877,0.0,0.0,coinmarketcap_data_api_listings_historical
2026-02-27,27535,RBC,Real BIG Coin,0.0,0.0,0.0,coinmarketcap_data_api_listings_historical
2026-02-27,11188,DPX,Dopex,1.98428193,0.0,0.0,coinmarketcap_data_api_listings_historical
2026-02-27,27572,COLA,ColaFactory,0.00188942,0.0,0.0,coinmarketcap_data_api_listings_historical
2026-02-27,11191,LYD,Lydia Finance,5.905e-05,0.0,0.0,coinmarketcap_data_api_listings_historical
2026-02-27,27628,XRP 2.0,XRP 2.0,0.0,0.0,0.0,coinmarketcap_data_api_listings_historical
2026-02-27,27639,YIELDX,Yield Finance,5.641e-05,0.0,0.0,coinmarketcap_data_api_listings_historical
2026-02-27,27642,AVI,Aviator,0.00013199,0.0,0.0,coinmarketcap_data_api_listings_historical
2026-02-27,11262,BALN,Balanced,0.0371505,0.0,0.0,coinmarketcap_data_api_listings_historical
2026-02-27,11271,COL,Colana,0.00019559,0.0,0.0,coinmarketcap_data_api_listings_historical
2026-02-27,11283,RYOSHI,Ryoshis Vision,0.0,0.0,0.0,coinmarketcap_data_api_listings_historical
2026-02-27,27673,XD,XDoge,0.0,0.0,0.0,coinmarketcap_data_api_listings_historical
2026-02-27,27684,WMOXY,Moxy,0.00099923,0.0,0.0,coinmarketcap_data_api_listings_historical
2026-02-27,27699,MDI,Medicle,3.52e-06,0.0,0.0,coinmarketcap_data_api_listings_historical
2026-02-27,11323,CYCE,Crypto Carbon Energy,4.59e-06,0.0,0.0,coinmarketcap_data_api_listings_historical
2026-02-27,27717,BALD,Bald,0.011236,0.0,0.0,coinmarketcap_data_api_listings_historical
2026-02-27,11340,DARA,Immutable,0.00154069,0.0,0.0,coinmarketcap_data_api_listings_historical
2026-02-27,27726,APC,Apin Pulse,1.29e-06,0.0,0.0,coinmarketcap_data_api_listings_historical
2026-02-27,27759,SYNTH,Synthswap,0.05579979,0.0,0.0,coinmarketcap_data_api_listings_historical
2026-02-27,27761,RCKT,RocketSwap,0.00433259,0.0,0.0,coinmarketcap_data_api_listings_historical
2026-02-27,11380,DOGE2,Dogecoin 2.0,0.00010331,0.0,0.0,coinmarketcap_data_api_listings_historical
2026-02-27,27764,BSWAP,BaseSwap,0.0068491,0.0,0.0,coinmarketcap_data_api_listings_historical
2026-02-27,27775,YOU,Youcoin,1.62e-05,0.0,0.0,coinmarketcap_data_api_listings_historical
2026-02-27,11395,BR,BOHR,0.00450004,0.0,0.0,coinmarketcap_data_api_listings_historical
2026-02-27,11397,KSHIB,Kaiken Shiba,0.0,0.0,0.0,coinmarketcap_data_api_listings_historical
2026-02-27,27782,COIN,COIN,0.00040325,0.0,0.0,coinmarketcap_data_api_listings_historical
2026-02-27,27791,NT,NexDAX Chain,0.00149843,0.0,0.0,coinmarketcap_data_api_listings_historical
2026-02-27,11414,QBT,Qubit,7.654e-05,0.0,0.0,coinmarketcap_data_api_listings_historical
2026-02-27,11422,WANA,Wanaka Farm,0.00166135,0.0,0.0,coinmarketcap_data_api_listings_historical
2026-02-27,11427,CYT,Coinary Token,0.00036168,0.0,0.0,coinmarketcap_data_api_listings_historical
2026-02-27,11438,4WMM,4-Way Mirror Money,8.9917411,0.0,0.0,coinmarketcap_data_api_listings_historical
2026-02-27,27838,SEILOR,Kryptonite,4.123e-05,0.0,0.0,coinmarketcap_data_api_listings_historical
2026-02-27,11456,NORA,SnowCrash Token,8.452e-05,0.0,0.0,coinmarketcap_data_api_listings_historical
2026-02-27,27844,MENDI,Mendi Finance,0.0037671,0.0,0.0,coinmarketcap_data_api_listings_historical
2026-02-27,27846,EDE,El Dorado Exchange (Base),0.02069012,0.0,0.0,coinmarketcap_data_api_listings_historical
2026-02-27,11463,HUSKY,Husky Avax,0.0,0.0,0.0,coinmarketcap_data_api_listings_historical
2026-02-27,11465,CATO,CATO,0.000298,0.0,0.0,coinmarketcap_data_api_listings_historical
2026-02-27,11470,BOP,Boring Protocol,2.503e-05,0.0,0.0,coinmarketcap_data_api_listings_historical
2026-02-27,11486,WIFEDOGE,WifeDoge,0.0,0.0,0.0,coinmarketcap_data_api_listings_historical
2026-02-27,11499,AMT,AMATERAS,0.00699114,0.0,0.0,coinmarketcap_data_api_listings_historical
2026-02-27,27903,HIPP,El Hippo,0.0,0.0,0.0,coinmarketcap_data_api_listings_historical
2026-02-27,27927,GBL,Global Token,0.09260936,0.0,0.0,coinmarketcap_data_api_listings_historical
2026-02-27,27928,PEPE,Pepe Community,0.00023474,0.0,0.0,coinmarketcap_data_api_listings_historical
2026-02-27,27938,HOSHI,Dejitaru Hoshi,1.864e-05,0.0,0.0,coinmarketcap_data_api_listings_historical
2026-02-27,11556,ZOO,CryptoZoo  (new),3e-07,0.0,0.0,coinmarketcap_data_api_listings_historical
2026-02-27,27941,BANUS,Banus.Finance,2.863e-05,0.0,0.0,coinmarketcap_data_api_listings_historical
2026-02-27,11566,ASH,ASH,0.31328801,0.0,0.0,coinmarketcap_data_api_listings_historical
2026-02-27,27952,UCJL,Utility Cjournal,0.9908674,0.0,0.0,coinmarketcap_data_api_listings_historical
2026-02-27,27964,MAGA,TRUMP,0.0,0.0,0.0,coinmarketcap_data_api_listings_historical
2026-02-27,11591,RAID,Raid Token,0.00039106,0.0,0.0,coinmarketcap_data_api_listings_historical
2026-02-27,11599,ALI,Alita Finance,0.00309797,0.0,0.0,coinmarketcap_data_api_listings_historical
2026-02-27,27988,OGD,OLYMPIC GAMES DOGE,0.0,0.0,0.0,coinmarketcap_data_api_listings_historical
2026-02-27,27992,DORKL,DORK LORD,2.916e-05,0.0,0.0,coinmarketcap_data_api_listings_historical
2026-02-27,11621,PUNK,Punk Vault (NFTX),59383.99307172,0.0,0.0,coinmarketcap_data_api_listings_historical
2026-02-27,28034,BNBCAT,BNBcat,0.0,0.0,0.0,coinmarketcap_data_api_listings_historical
2026-02-27,11672,POCO,Pocoland,0.00010309,0.0,0.0,coinmarketcap_data_api_listings_historical
2026-02-27,11678,LSP,Lumenswap,0.00023994,0.0,0.0,coinmarketcap_data_api_listings_historical
2026-02-27,11690,BSTS,Magic Beasties,1.3e-07,0.0,0.0,coinmarketcap_data_api_listings_historical
2026-02-27,28078,BSX,BaseX,0.00125013,0.0,0.0,coinmarketcap_data_api_listings_historical
2026-02-27,28084,XRP20,XRP20,8.4e-06,0.0,0.0,coinmarketcap_data_api_listings_historical
2026-02-27,11701,COPYCAT,Copycat Finance,0.00120635,0.0,0.0,coinmarketcap_data_api_listings_historical
2026-02-27,11713,BALA,Shambala,0.0,0.0,0.0,coinmarketcap_data_api_listings_historical
2026-02-27,28097,FLRBRG,Floor Cheese Burger,1.21e-06,0.0,0.0,coinmarketcap_data_api_listings_historical
2026-02-27,11736,ETERNAL,CryptoMines,0.03717713,0.0,0.0,coinmarketcap_data_api_listings_historical
2026-02-27,28120,PTS,Piteas,0.00986201,0.0,0.0,coinmarketcap_data_api_listings_historical
2026-02-27,28126,WHETH,Where Did The ETH Go? (Pulsechain),0.00777648,0.0,0.0,coinmarketcap_data_api_listings_historical
2026-02-27,28135,CONX,Connex,11.22961235,0.0,0.0,coinmarketcap_data_api_listings_historical
2026-02-27,28143,MOB,Mobster,0.0,0.0,0.0,coinmarketcap_data_api_listings_historical
2026-02-27,11770,EVERETH,EverETH Reflect,0.0,0.0,0.0,coinmarketcap_data_api_listings_historical
2026-02-27,28155,MOVE,MoveApp,0.00012191,0.0,0.0,coinmarketcap_data_api_listings_historical
2026-02-27,28156,JTT,Justus,0.00833507,0.0,0.0,coinmarketcap_data_api_listings_historical
2026-02-27,28158,FACT,Orcfax,0.00043843,0.0,0.0,coinmarketcap_data_api_listings_historical
2026-02-27,28160,PHAME,PHAME,0.01589744,0.0,0.0,coinmarketcap_data_api_listings_historical
2026-02-27,28161,SHIBU,SHIBU INU,0.0,0.0,0.0,coinmarketcap_data_api_listings_historical
2026-02-27,28169,BNBDOGE,BNBdoge,0.0,0.0,0.0,coinmarketcap_data_api_listings_historical
2026-02-27,28170,CAL,Calcium,0.00029139,0.0,0.0,coinmarketcap_data_api_listings_historical
2026-02-27,28192,SHIBA,Shiba,0.0,0.0,0.0,coinmarketcap_data_api_listings_historical
2026-02-27,28193,DSHIB,DOLLAR SHIBA INU,0.0,0.0,0.0,coinmarketcap_data_api_listings_historical
2026-02-27,11813,AFR,Afreum,0.00046893,0.0,0.0,coinmarketcap_data_api_listings_historical
2026-02-27,11822,GB,Good Bridging,0.00156641,0.0,0.0,coinmarketcap_data_api_listings_historical
2026-02-27,28215,LONG,LONG,38.69007768,0.0,0.0,coinmarketcap_data_api_listings_historical
2026-02-27,11835,MONS,Monsters Clan,0.00337097,0.0,0.0,coinmarketcap_data_api_listings_historical
2026-02-27,11838,Milk,MilkshakeSwap,1.6e-07,0.0,0.0,coinmarketcap_data_api_listings_historical
2026-02-27,28224,CRAZYMUSK,CRAZY MUSK,0.0,0.0,0.0,coinmarketcap_data_api_listings_historical
2026-02-27,28233,NBABSC,NBA BSC,3.38e-06,0.0,0.0,coinmarketcap_data_api_listings_historical
2026-02-27,11851,CIOTX,Crosschain IOTX,0.01161788,0.0,0.0,coinmarketcap_data_api_listings_historical
2026-02-27,11854,NYAN,ArbiNYAN,0.00030308,0.0,0.0,coinmarketcap_data_api_listings_historical
2026-02-27,28241,MARIO,MARIO CEO,0.0,0.0,0.0,coinmarketcap_data_api_listings_historical
2026-02-27,28250,UFC,UFC WIN,0.0,0.0,0.0,coinmarketcap_data_api_listings_historical
2026-02-27,28262,SPIDERMAN,SPIDERMAN BITCOIN,0.0,0.0,0.0,coinmarketcap_data_api_listings_historical
2026-02-27,28263,HAY,HayCoin,80036.85784206,0.0,0.0,coinmarketcap_data_api_listings_historical
2026-02-27,28264,PREME,PREME Token,0.00190114,0.0,0.0,coinmarketcap_data_api_listings_historical
2026-02-27,11885,HCT,HurricaneSwap Token,6.65e-06,0.0,0.0,coinmarketcap_data_api_listings_historical
2026-02-27,28274,PAW,PAW PATROL INU,0.0,0.0,0.0,coinmarketcap_data_api_listings_historical
2026-02-27,28290,JUSDC,TON Bridged USDC,0.90120791,0.0,0.0,coinmarketcap_data_api_listings_historical
2026-02-27,28291,APU,Apu,4e-08,0.0,0.0,coinmarketcap_data_api_listings_historical
2026-02-27,11910,SOKU,SokuSwap,8.94e-06,0.0,0.0,coinmarketcap_data_api_listings_historical
2026-02-27,28295,HALLOWEEN,HALLOWEEN X,0.0,0.0,0.0,coinmarketcap_data_api_listings_historical
2026-02-27,28297,BYTES,Neo Tokyo,0.35164142,0.0,0.0,coinmarketcap_data_api_listings_historical
2026-02-27,11916,MIVA,Minerva Wallet,0.00176949,0.0,0.0,coinmarketcap_data_api_listings_historical
2026-02-27,11918,X,GIBX Swap,0.00012328,0.0,0.0,coinmarketcap_data_api_listings_historical
2026-02-27,28304,SPACEPI,SpacePi (ETH),0.0,0.0,0.0,coinmarketcap_data_api_listings_historical
2026-02-27,28312,BNBTIGER,BNBtiger 2.0,0.0,0.0,0.0,coinmarketcap_data_api_listings_historical
2026-02-27,11931,TRDC,Traders coin,0.00074766,0.0,0.0,coinmarketcap_data_api_listings_historical
2026-02-27,11933,PIZA,HalfPizza,5.1e-07,0.0,0.0,coinmarketcap_data_api_listings_historical
2026-02-27,11935,PRT,Parrot Protocol,2.198e-05,0.0,0.0,coinmarketcap_data_api_listings_historical
2026-02-27,28339,BLF,Baby Luffy,0.00018998,0.0,0.0,coinmarketcap_data_api_listings_historical
2026-02-27,11961,VEE,Vee Finance,1.033e-05,0.0,0.0,coinmarketcap_data_api_listings_historical
2026-02-27,11967,HERA,Hero Arena,1.951e-05,0.0,0.0,coinmarketcap_data_api_listings_historical
2026-02-27,28353,APX,AstroPepeX,4.6e-07,0.0,0.0,coinmarketcap_data_api_listings_historical
2026-02-27,28354,XVG,Verge (ETH),4.385e-05,0.0,0.0,coinmarketcap_data_api_listings_historical
2026-02-27,28356,SDAI,Savings Dai,1.17266354,0.0,0.0,coinmarketcap_data_api_listings_historical
2026-02-27,28357,XAI,Grok,0.0,0.0,0.0,coinmarketcap_data_api_listings_historical
2026-02-27,11993,HAPPY,HappyFans,6e-08,0.0,0.0,coinmarketcap_data_api_listings_historical
2026-02-27,28379,HMNG,Hummingbird Finance (New),0.0,0.0,0.0,coinmarketcap_data_api_listings_historical
2026-02-27,28380,GPRO,GoldPro Token,5.02047352,0.0,0.0,coinmarketcap_data_api_listings_historical
2026-02-27,28384,DOGE,DOGE SATELLITE INU,0.0,0.0,0.0,coinmarketcap_data_api_listings_historical
2026-02-27,28386,CHAPZ,Chappyz,3.73e-06,0.0,0.0,coinmarketcap_data_api_listings_historical
2026-02-27,28403,vAAVE,Venus AAVE,2.34491269,0.0,0.0,coinmarketcap_data_api_listings_historical
2026-02-27,28404,vCAKE,Venus CAKE,0.03614448,0.0,0.0,coinmarketcap_data_api_listings_historical
2026-02-27,28407,vTRX,Venus TRX,0.30414706,0.0,0.0,coinmarketcap_data_api_listings_historical
2026-02-27,28408,vTUSD,Venus TUSD,1.19153704,0.0,0.0,coinmarketcap_data_api_listings_historical
2026-02-27,28420,vUNI,Venus UNI,3.75647194,0.0,0.0,coinmarketcap_data_api_listings_historical
2026-02-27,12049,GRBE,Green Beli,5.016e-05,0.0,0.0,coinmarketcap_data_api_listings_historical
2026-02-27,28437,SEXY,EthXY,0.00867369,0.0,0.0,coinmarketcap_data_api_listings_historical
2026-02-27,28438,DOGE,DOGECOIN X,0.0,0.0,0.0,coinmarketcap_data_api_listings_historical
2026-02-27,12058,LIGHT,Light DeFi,3.211e-05,0.0,0.0,coinmarketcap_data_api_listings_historical
2026-02-27,12060,XTT-B20,XTblock,8.56e-05,0.0,0.0,coinmarketcap_data_api_listings_historical
2026-02-27,28448,DOGE-1,Satellite Doge-1 Mission,0.00010871,0.0,0.0,coinmarketcap_data_api_listings_historical
2026-02-27,28450,FLOKIX,FLOKI X,0.00313926,0.0,0.0,coinmarketcap_data_api_listings_historical
2026-02-27,28464,$FM,Flowmatic,0.00778408,0.0,0.0,coinmarketcap_data_api_listings_historical
2026-02-27,12082,GOLD,CyberDragon Gold,0.00106166,0.0,0.0,coinmarketcap_data_api_listings_historical
2026-02-27,12090,YOCO,YoCoin,0.00048333,0.0,0.0,coinmarketcap_data_api_listings_historical
2026-02-27,12100,CRYSTL,Crystl Finance,0.00015406,0.0,0.0,coinmarketcap_data_api_listings_historical
2026-02-27,12109,POOF,Poof.cash,2.73e-06,0.0,0.0,coinmarketcap_data_api_listings_historical
2026-02-27,28493,SHIBA,SHIBA INU X,0.00613523,0.0,0.0,coinmarketcap_data_api_listings_historical
2026-02-27,28500,WORK,Work X,0.00011089,0.0,0.0,coinmarketcap_data_api_listings_historical
2026-02-27,12118,CELT,Celestial,0.00098922,0.0,0.0,coinmarketcap_data_api_listings_historical
2026-02-27,12119,PSB,Planet Sandbox,0.00122338,0.0,0.0,coinmarketcap_data_api_listings_historical
2026-02-27,28506,MMX,MMX,0.02048779,0.0,0.0,coinmarketcap_data_api_listings_historical
2026-02-27,12136,IJC,IjasCoin,0.00023983,0.0,0.0,coinmarketcap_data_api_listings_historical
2026-02-27,28524,LIQ,Liquidus Foundation,0.02568936,0.0,0.0,coinmarketcap_data_api_listings_historical
2026-02-27,28529,USDCASH,USDCASH,0.69658347,0.0,0.0,coinmarketcap_data_api_listings_historical
2026-02-27,12153,KURO,Kurobi,1.055e-05,0.0,0.0,coinmarketcap_data_api_listings_historical
2026-02-27,28547,CRAZYCAT,CRAZY CAT,0.0,0.0,0.0,coinmarketcap_data_api_listings_historical
2026-02-27,12179,ALPHA,PolyAlpha Finance,0.27336272,0.0,0.0,coinmarketcap_data_api_listings_historical
2026-02-27,28565,RMBCASH,RMBCASH,0.12292472,0.0,0.0,coinmarketcap_data_api_listings_historical
2026-02-27,12194,BABYFLOKI,Baby Floki (BSC),0.0,0.0,0.0,coinmarketcap_data_api_listings_historical
2026-02-27,28579,FOMO,FOMOSolana,0.0003449,0.0,0.0,coinmarketcap_data_api_listings_historical
2026-02-27,12199,FUFU,FUFU,1.012e-05,0.0,0.0,coinmarketcap_data_api_listings_historical
2026-02-27,28590,OCAI,Onchain AI,0.00073694,0.0,0.0,coinmarketcap_data_api_listings_historical
2026-02-27,28600,CRAZYDOGE,CRAZY DOGE,0.0,0.0,0.0,coinmarketcap_data_api_listings_historical
2026-02-27,28601,DARIK,Darik,0.75447521,0.0,0.0,coinmarketcap_data_api_listings_historical
2026-02-27,28607,WARPED,Warped Games,0.00013656,0.0,0.0,coinmarketcap_data_api_listings_historical
2026-02-27,28608,BSSB,BitStable,0.01340001,0.0,0.0,coinmarketcap_data_api_listings_historical
2026-02-27,12230,RVST,Revest Finance,0.00140564,0.0,0.0,coinmarketcap_data_api_listings_historical
2026-02-27,28639,BAZED,Bazed Games,0.00254329,0.0,0.0,coinmarketcap_data_api_listings_historical
2026-02-27,28643,GEC,Gec,0.01125449,0.0,0.0,coinmarketcap_data_api_listings_historical
2026-02-27,28661,ROCKY,Rocky,3.251e-05,0.0,0.0,coinmarketcap_data_api_listings_historical
2026-02-27,28663,MMSS,MMSS (Ordinals),0.00119929,0.0,0.0,coinmarketcap_data_api_listings_historical
2026-02-27,28672,AGII,AGII,4.6e-06,0.0,0.0,coinmarketcap_data_api_listings_historical
2026-02-27,28673,MUSIC,Gala Music,0.0008801,0.0,0.0,coinmarketcap_data_api_listings_historical
2026-02-27,28679,XV,XV,3.434e-05,0.0,0.0,coinmarketcap_data_api_listings_historical
2026-02-27,28686,GTA6,GTA VI,0.0,0.0,0.0,coinmarketcap_data_api_listings_historical
2026-02-27,28687,TESLAI,Tesla AI,0.0,0.0,0.0,coinmarketcap_data_api_listings_historical
2026-02-27,28692,MUSD,Mantle USD,0.99488607,0.0,0.0,coinmarketcap_data_api_listings_historical
2026-02-27,28697,STBOT,SolTradingBot,0.00021622,0.0,0.0,coinmarketcap_data_api_listings_historical
2026-02-27,28701,SAFEGROK,SafeGrok,0.0,0.0,0.0,coinmarketcap_data_api_listings_historical
2026-02-27,28703,MARSUPILAMI,MARSUPILAMI INU,0.0,0.0,0.0,coinmarketcap_data_api_listings_historical
2026-02-27,28705,PETS,MicroPets,1.189e-05,0.0,0.0,coinmarketcap_data_api_listings_historical
2026-02-27,12326,DTBX,Dotblox,0.00457064,0.0,0.0,coinmarketcap_data_api_listings_historical
2026-02-27,28710,CAT,SPACE CAT,0.0,0.0,0.0,coinmarketcap_data_api_listings_historical
2026-02-27,28717,XETH,f(x) Protocol Leveraged ETH,0.94218144,0.0,0.0,coinmarketcap_data_api_listings_historical
2026-02-27,12338,SHICO,ShibaCorgi,0.0,0.0,0.0,coinmarketcap_data_api_listings_historical
2026-02-27,28732,GROKGIRL,Grok Girl,0.0,0.0,0.0,coinmarketcap_data_api_listings_historical
2026-02-27,12359,WOJ,Wojak Finance,0.00073862,0.0,0.0,coinmarketcap_data_api_listings_historical
2026-02-27,12365,LOVELY,Lovely Finance [Old],0.0,0.0,0.0,coinmarketcap_data_api_listings_historical
2026-02-27,28762,GROKINU,Grok Inu,0.0,0.0,0.0,coinmarketcap_data_api_listings_historical
2026-02-27,28765,NINJA,Dog Wif Nunchucks,0.00022927,0.0,0.0,coinmarketcap_data_api_listings_historical
2026-02-27,12382,ZAM,Zamio,1.039e-05,0.0,0.0,coinmarketcap_data_api_listings_historical
2026-02-27,28770,AVIVE,Avive World,3.84e-05,0.0,0.0,coinmarketcap_data_api_listings_historical
2026-02-27,28773,DEGEN,Degen (SOL),2.4e-07,0.0,0.0,coinmarketcap_data_api_listings_historical
2026-02-27,12395,MTO,Merchant Token,0.02839681,0.0,0.0,coinmarketcap_data_api_listings_historical
2026-02-27,28797,BABYCAT,BABY CAT INU,0.0,0.0,0.0,coinmarketcap_data_api_listings_historical
2026-02-27,12418,WJXN,Jax.Network,0.00573907,0.0,0.0,coinmarketcap_data_api_listings_historical
2026-02-27,28802,GM,The GM Machine,0.0,0.0,0.0,coinmarketcap_data_api_listings_historical
2026-02-27,28804,PLQ,Planq,0.00049673,0.0,0.0,coinmarketcap_data_api_listings_historical
2026-02-27,28809,SOBER,Solabrador,9.97e-06,0.0,0.0,coinmarketcap_data_api_listings_historical
2026-02-27,28814,SANTA,SANTA CHRISTMAS INU,0.0,0.0,0.0,coinmarketcap_data_api_listings_historical
2026-02-27,12431,SSS,StarSharks (SSS),0.02760418,0.0,0.0,coinmarketcap_data_api_listings_historical
2026-02-27,12432,SEA,StarSharks SEA,0.00150714,0.0,0.0,coinmarketcap_data_api_listings_historical
2026-02-27,12436,TIME,Timeleap Finance,0.02190285,0.0,0.0,coinmarketcap_data_api_listings_historical
2026-02-27,28827,OMNI,OmniCat,5.73e-06,0.0,0.0,coinmarketcap_data_api_listings_historical
2026-02-27,12452,TETU,TETU,0.00031115,0.0,0.0,coinmarketcap_data_api_listings_historical
2026-02-27,28838,FMC,Fame AI,9.07e-06,0.0,0.0,coinmarketcap_data_api_listings_historical
2026-02-27,28839,SMOL,Smolcoin,2.7e-07,0.0,0.0,coinmarketcap_data_api_listings_historical
2026-02-27,12457,ZEDXION,Zedxion,0.3730352,0.0,0.0,coinmarketcap_data_api_listings_historical
2026-02-27,28841,MTC,Matrix Chain,0.00023748,0.0,0.0,coinmarketcap_data_api_listings_historical
2026-02-27,28847,AI,AI,9.408e-05,0.0,0.0,coinmarketcap_data_api_listings_historical
2026-02-27,12465,RDT,Ridotto,0.00278973,0.0,0.0,coinmarketcap_data_api_listings_historical
2026-02-27,12468,EQ,Equilibrium Games,0.00518602,0.0,0.0,coinmarketcap_data_api_listings_historical
2026-02-27,28856,FREN,Frencoin,2.6e-07,0.0,0.0,coinmarketcap_data_api_listings_historical
2026-02-27,28863,GONE,GONE,2.2e-07,0.0,0.0,coinmarketcap_data_api_listings_historical
2026-02-27,28872,DOGE,SPACE DOGE,0.0,0.0,0.0,coinmarketcap_data_api_listings_historical
2026-02-27,28875,GROKMOON,Grok Moon,0.0,0.0,0.0,coinmarketcap_data_api_listings_historical
2026-02-27,28881,DOODOO,Doodoo,0.02867405,0.0,0.0,coinmarketcap_data_api_listings_historical
2026-02-27,28883,BORK,Bork,6.14e-06,0.0,0.0,coinmarketcap_data_api_listings_historical
2026-02-27,28891,BRETT,Brett (SOL),0.0001009,0.0,0.0,coinmarketcap_data_api_listings_historical
2026-02-27,28892,PIF,pepewifhat,4.9e-07,0.0,0.0,coinmarketcap_data_api_listings_historical
2026-02-27,28894,KITTY,Kitty AI,9.575e-05,0.0,0.0,coinmarketcap_data_api_listings_historical
2026-02-27,28897,GECKO,Gecko Coin,1e-07,0.0,0.0,coinmarketcap_data_api_listings_historical
2026-02-27,28901,DOGI,dogi,0.5871345,0.0,0.0,coinmarketcap_data_api_listings_historical
2026-02-27,12525,EBSO,eBlockStock,0.01940888,0.0,0.0,coinmarketcap_data_api_listings_historical
2026-02-27,28920,ORDS,Ordiswap,0.0001446,0.0,0.0,coinmarketcap_data_api_listings_historical
2026-02-27,12537,BETA,PolyBeta Finance,0.11171053,0.0,0.0,coinmarketcap_data_api_listings_historical
2026-02-27,12546,LIQ,Liquidus (old),0.00450946,0.0,0.0,coinmarketcap_data_api_listings_historical
2026-02-27,28939,DRAGON,DragonCoin,0.0,0.0,0.0,coinmarketcap_data_api_listings_historical
2026-02-27,28943,DRAGON,BNB DRAGON,0.0,0.0,0.0,coinmarketcap_data_api_listings_historical
2026-02-27,28945,CC,CC,0.00127436,0.0,0.0,coinmarketcap_data_api_listings_historical
2026-02-27,12562,Mononoke-Inu,Mononoke Inu,0.0,0.0,0.0,coinmarketcap_data_api_listings_historical
2026-02-27,28949,SDOGE,SDOGE,2.6e-07,0.0,0.0,coinmarketcap_data_api_listings_historical
2026-02-27,28956,BUCK,Coinbuck,2.768e-05,0.0,0.0,coinmarketcap_data_api_listings_historical
2026-02-27,12581,CZF,CZodiac Farming Token,0.0,0.0,0.0,coinmarketcap_data_api_listings_historical
2026-02-27,28967,EXE,Windoge98,0.13307339,0.0,0.0,coinmarketcap_data_api_listings_historical
2026-02-27,28968,MEOW,Zeek Coin,8e-08,0.0,0.0,coinmarketcap_data_api_listings_historical
2026-02-27,28971,MICKEY,Steamboat Willie,8.219e-05,0.0,0.0,coinmarketcap_data_api_listings_historical
2026-02-27,28973,OPSEC,OpSec,0.00077968,0.0,0.0,coinmarketcap_data_api_listings_historical
2026-02-27,12591,LUCHOW,LunaChow,1.6e-07,0.0,0.0,coinmarketcap_data_api_listings_historical
2026-02-27,12597,Liza,Liza Coin,0.16005881,0.0,0.0,coinmarketcap_data_api_listings_historical
2026-02-27,28983,BABYDRAGON,BABY DRAGON,0.0,0.0,0.0,coinmarketcap_data_api_listings_historical
2026-02-27,28987,BABYELON,Baby Elon,0.0,0.0,0.0,coinmarketcap_data_api_listings_historical
2026-02-27,29002,SKIBIDI,Skibidi Toilet,1.4e-07,0.0,0.0,coinmarketcap_data_api_listings_historical
2026-02-27,29004,BURRRD,BURRRD,0.0,0.0,0.0,coinmarketcap_data_api_listings_historical
2026-02-27,29005,SONIC,Sonic,0.003884,0.0,0.0,coinmarketcap_data_api_listings_historical
2026-02-27,29006,LEND,Lendle,0.00349586,0.0,0.0,coinmarketcap_data_api_listings_historical
2026-02-27,29014,CRAZYDRAGON,CRAZY DRAGON,0.0,0.0,0.0,coinmarketcap_data_api_listings_historical
2026-02-27,29021,BABYMYRO,Baby Myro,0.0,0.0,0.0,coinmarketcap_data_api_listings_historical
2026-02-27,29029,MYRA,Myra,3.283e-05,0.0,0.0,coinmarketcap_data_api_listings_historical
2026-02-27,12650,GAIA,GAIA Everworld,0.00010361,0.0,0.0,coinmarketcap_data_api_listings_historical
2026-02-27,29034,AMAPT,Amnis Aptos Coin,0.94606464,0.0,0.0,coinmarketcap_data_api_listings_historical
2026-02-27,29039,TWD,THE WORD TOKEN,2.16e-06,0.0,0.0,coinmarketcap_data_api_listings_historical
2026-02-27,29044,DRAGON,SPACE DRAGON,0.0,0.0,0.0,coinmarketcap_data_api_listings_historical
2026-02-27,29053,WTG,Watergate,0.03997878,0.0,0.0,coinmarketcap_data_api_listings_historical
2026-02-27,29069,UP,TonUP,0.00059931,0.0,0.0,coinmarketcap_data_api_listings_historical
2026-02-27,12691,SAFLE,Safle,4.37e-06,0.0,0.0,coinmarketcap_data_api_listings_historical
2026-02-27,12692,PKN,Poken,3.885e-05,0.0,0.0,coinmarketcap_data_api_listings_historical
2026-02-27,29076,BABYDRAGON,Baby Dragon,0.0,0.0,0.0,coinmarketcap_data_api_listings_historical
2026-02-27,12695,COLLAR,PolyPup Finance,0.00019952,0.0,0.0,coinmarketcap_data_api_listings_historical
2026-02-27,12698,NINJA,Ninja Protocol,0.00045061,0.0,0.0,coinmarketcap_data_api_listings_historical
2026-02-27,29084,PEPE,pepecoin on SOL,4.155e-05,0.0,0.0,coinmarketcap_data_api_listings_historical
2026-02-27,29096,DOGE,ELON DOGE,0.0,0.0,0.0,coinmarketcap_data_api_listings_historical
2026-02-27,29098,BABYTOMCAT,Baby Tomcat,0.0,0.0,0.0,coinmarketcap_data_api_listings_historical
2026-02-27,29101,KINGBONK,King Bonk,0.0,0.0,0.0,coinmarketcap_data_api_listings_historical
2026-02-27,29105,VONSPEED,Andrea Von Speed,1.67e-05,0.0,0.0,coinmarketcap_data_api_listings_historical
2026-02-27,12728,PULSE,Pulse Predictions Market,0.00431419,0.0,0.0,coinmarketcap_data_api_listings_historical
2026-02-27,12735,PIGGY,Piggy Finance,0.00028991,0.0,0.0,coinmarketcap_data_api_listings_historical
2026-02-27,12743,ORE,Open Rights Exchange,0.00015977,0.0,0.0,coinmarketcap_data_api_listings_historical
2026-02-27,29136,GMTO,Game Meteor Coin,1.899e-05,0.0,0.0,coinmarketcap_data_api_listings_historical
2026-02-27,29142,SATOSHI,Satoshi Nakamoto,0.55124877,0.0,0.0,coinmarketcap_data_api_listings_historical
2026-02-27,12761,ANGLE,Angle,0.02051575,0.0,0.0,coinmarketcap_data_api_listings_historical
2026-02-27,29146,ICG,Invest Club Global,1e-06,0.0,0.0,coinmarketcap_data_api_listings_historical
2026-02-27,12774,pWINGS,JetSwap pWings,2.49e-06,0.0,0.0,coinmarketcap_data_api_listings_historical
2026-02-27,29167,daCat,daCAT,0.0,0.0,0.0,coinmarketcap_data_api_listings_historical
2026-02-27,29176,BTCINU,Bitcoin Inu,0.00207228,0.0,0.0,coinmarketcap_data_api_listings_historical
2026-02-27,29177,CDX,CodeXchain,3.11e-06,0.0,0.0,coinmarketcap_data_api_listings_historical
2026-02-27,29178,XPAY,X Payments,3.695e-05,0.0,0.0,coinmarketcap_data_api_listings_historical
2026-02-27,29188,CNG,CoinNavigator,0.9767028,0.0,0.0,coinmarketcap_data_api_listings_historical
2026-02-27,29190,NVX,NovaDEX,5.756e-05,0.0,0.0,coinmarketcap_data_api_listings_historical
2026-02-27,29201,BABYPEPE,BabyPepeFi,0.00637471,0.0,0.0,coinmarketcap_data_api_listings_historical
2026-02-27,29207,cNGN,Compliant Naira,0.00073368,0.0,0.0,coinmarketcap_data_api_listings_historical
2026-02-27,29209,BOOM,BOOM DAO,0.00047371,0.0,0.0,coinmarketcap_data_api_listings_historical
2026-02-27,12833,MECH,Mech Master,0.00047827,0.0,0.0,coinmarketcap_data_api_listings_historical
2026-02-27,29217,CHURRO,CHURRO-The Jupiter Dog,7.3e-06,0.0,0.0,coinmarketcap_data_api_listings_historical
2026-02-27,29224,BURNS,Burnsdefi,0.00077069,0.0,0.0,coinmarketcap_data_api_listings_historical
2026-02-27,12843,GFN,Graphene,0.00014417,0.0,0.0,coinmarketcap_data_api_listings_historical
2026-02-27,29234,LION,CRAZY LION,0.0,0.0,0.0,coinmarketcap_data_api_listings_historical
2026-02-27,12851,BODAV2,BODA Token,0.0,0.0,0.0,coinmarketcap_data_api_listings_historical
2026-02-27,29244,BABYLONG,BABYLONG,7e-08,0.0,0.0,coinmarketcap_data_api_listings_historical
2026-02-27,29245,TANGYUAN,TangYuan,0.0,0.0,0.0,coinmarketcap_data_api_listings_historical
2026-02-27,29252,CIRCLE,You Looked,3.074e-05,0.0,0.0,coinmarketcap_data_api_listings_historical
2026-02-27,29263,USDC+,Overnight USDC+,0.99780928,0.0,0.0,coinmarketcap_data_api_listings_historical
2026-02-27,29275,DRAGON,SUPER DRAGON,0.0,0.0,0.0,coinmarketcap_data_api_listings_historical
2026-02-27,12898,GOFX,GooseFX,3.409e-05,0.0,0.0,coinmarketcap_data_api_listings_historical
2026-02-27,29283,FAR,FarLaunch,2.152e-05,0.0,0.0,coinmarketcap_data_api_listings_historical
2026-02-27,29287,BMX,BitMinerX,0.00052078,0.0,0.0,coinmarketcap_data_api_listings_historical
2026-02-27,29292,CASINU,Casinu Inu,5.7e-07,0.0,0.0,coinmarketcap_data_api_listings_historical
2026-02-27,29294,CPC,Companion Pet Coin,0.12492914,0.0,0.0,coinmarketcap_data_api_listings_historical
2026-02-27,12919,UBI,Universal Basic Income,3.722e-05,0.0,0.0,coinmarketcap_data_api_listings_historical
2026-02-27,29308,BOZO,Bozo Benk,0.0004244,0.0,0.0,coinmarketcap_data_api_listings_historical
2026-02-27,29311,DOGWIFHAT,dogwifhat (ETH),0.0012298,0.0,0.0,coinmarketcap_data_api_listings_historical
2026-02-27,12932,LBR,Little Bunny Rocket,0.0,0.0,0.0,coinmarketcap_data_api_listings_historical
2026-02-27,29320,ARBUZ,ARBUZ,0.00892179,0.0,0.0,coinmarketcap_data_api_listings_historical
2026-02-27,29323,KEKEC,THE BALKAN DWARF,3.367e-05,0.0,0.0,coinmarketcap_data_api_listings_historical
2026-02-27,29326,YPC,YoungParrot V2,5.72e-06,0.0,0.0,coinmarketcap_data_api_listings_historical
2026-02-27,29330,BEBE,BEBE,0.0,0.0,0.0,coinmarketcap_data_api_listings_historical
2026-02-27,12949,BCT,Base Carbon Tonne,0.07898791,0.0,0.0,coinmarketcap_data_api_listings_historical
2026-02-27,12956,WE,Wanda Exchange,9.162e-05,0.0,0.0,coinmarketcap_data_api_listings_historical
2026-02-27,29340,DRAGON,BLACK DRAGON,0.0,0.0,0.0,coinmarketcap_data_api_listings_historical
2026-02-27,12967,GM,GoldMiner,2.2e-07,0.0,0.0,coinmarketcap_data_api_listings_historical
2026-02-27,29351,CDOGE,cyberdoge,6.5e-07,0.0,0.0,coinmarketcap_data_api_listings_historical
2026-02-27,12972,DEUS,DEUS Finance,2.68448738,0.0,0.0,coinmarketcap_data_api_listings_historical
2026-02-27,29359,MYST,MYSTCL,12.09233386,0.0,0.0,coinmarketcap_data_api_listings_historical
2026-02-27,29366,DRAGON,WHITE DRAGON,0.0,0.0,0.0,coinmarketcap_data_api_listings_historical
2026-02-27,12983,PAWTH,Pawthereum,0.00026302,0.0,0.0,coinmarketcap_data_api_listings_historical
2026-02-27,29382,TRUMP,TRUMP,3.8e-07,0.0,0.0,coinmarketcap_data_api_listings_historical
2026-02-27,29383,GIGA,GigaChadGPT,0.00040751,0.0,0.0,coinmarketcap_data_api_listings_historical
2026-02-27,29390,UNMD,Utility Nexusmind,0.11230505,0.0,0.0,coinmarketcap_data_api_listings_historical
2026-02-27,29395,LENDS,Lends,5.414e-05,0.0,0.0,coinmarketcap_data_api_listings_historical
2026-02-27,29398,KINGCAT,King Cat,0.0,0.0,0.0,coinmarketcap_data_api_listings_historical
2026-02-27,29403,DOGE,SUPER DOGE,0.00110201,0.0,0.0,coinmarketcap_data_api_listings_historical
2026-02-27,13020,1FLR,Flare Token,3.41e-06,0.0,0.0,coinmarketcap_data_api_listings_historical
2026-02-27,13021,MOO,Moola Market,0.00035197,0.0,0.0,coinmarketcap_data_api_listings_historical
2026-02-27,29405,BAOS,BaoBaoSol,4.373e-05,0.0,0.0,coinmarketcap_data_api_listings_historical
2026-02-27,29413,HSUI,Suicune,0.00018743,0.0,0.0,coinmarketcap_data_api_listings_historical
2026-02-27,13037,MAGICK,Cosmic Universe Magick,1.025e-05,0.0,0.0,coinmarketcap_data_api_listings_historical
2026-02-27,13038,STARS,StarLaunch,0.00222557,0.0,0.0,coinmarketcap_data_api_listings_historical
2026-02-27,29430,SHIB,Shibwifhat,0.00044183,0.0,0.0,coinmarketcap_data_api_listings_historical
2026-02-27,29451,MPIX,Megapix,9.09e-06,0.0,0.0,coinmarketcap_data_api_listings_historical
2026-02-27,13074,FLOKI,Baby Moon Floki,0.0,0.0,0.0,coinmarketcap_data_api_listings_historical
2026-02-27,13080,USX,dForce USD,0.55917927,0.0,0.0,coinmarketcap_data_api_listings_historical
2026-02-27,29469,CAT,SUPER CAT,0.0,0.0,0.0,coinmarketcap_data_api_listings_historical
2026-02-27,29473,MIM,Magic Internet Money,2.684e-05,0.0,0.0,coinmarketcap_data_api_listings_historical
2026-02-27,29475,BABYTROLL,Baby Troll,0.0,0.0,0.0,coinmarketcap_data_api_listings_historical
2026-02-27,29485,MUNITY,Metahorse Unity,2.733e-05,0.0,0.0,coinmarketcap_data_api_listings_historical
2026-02-27,13105,WARS,MetaWars,4.941e-05,0.0,0.0,coinmarketcap_data_api_listings_historical
2026-02-27,29489,MPRO,MPRO Lab,0.00046367,0.0,0.0,coinmarketcap_data_api_listings_historical
2026-02-27,13118,YOSHI,Yoshi.exchange,0.00108524,0.0,0.0,coinmarketcap_data_api_listings_historical
2026-02-27,29510,BAI,Balance AI,0.10520272,0.0,0.0,coinmarketcap_data_api_listings_historical
2026-02-27,29521,SIMPSON,Homer,0.0,0.0,0.0,coinmarketcap_data_api_listings_historical
2026-02-27,29529,BNBSNAKE,BNB SNAKE,0.0,0.0,0.0,coinmarketcap_data_api_listings_historical
2026-02-27,29531,FXB,FxBox,4e-08,0.0,0.0,coinmarketcap_data_api_listings_historical
2026-02-27,29534,BNBVEGETA,BNB VEGETA,0.0,0.0,0.0,coinmarketcap_data_api_listings_historical
2026-02-27,29536,ORACLE,Oracle AI,3.996e-05,0.0,0.0,coinmarketcap_data_api_listings_historical
2026-02-27,29554,TAONU,TAO INU,0.00023539,0.0,0.0,coinmarketcap_data_api_listings_historical
2026-02-27,29563,BICS,Biceps,6e-08,0.0,0.0,coinmarketcap_data_api_listings_historical
2026-02-27,29565,INSP,InspireAI,0.00157283,0.0,0.0,coinmarketcap_data_api_listings_historical
2026-02-27,29585,NMD,Nexusmind,3.69916292,0.0,0.0,coinmarketcap_data_api_listings_historical
2026-02-27,29594,MINU,MINU 2.0,0.00154507,0.0,0.0,coinmarketcap_data_api_listings_historical
2026-02-27,29608,GROW,Grow Token,0.00264531,0.0,0.0,coinmarketcap_data_api_listings_historical
2026-02-27,29620,YES,YES Money,2.40803356,0.0,0.0,coinmarketcap_data_api_listings_historical
2026-02-27,29625,USDCAT,UpSideDownCat,2.19e-06,0.0,0.0,coinmarketcap_data_api_listings_historical
2026-02-27,13250,SCAR,ScarQuest,2.134e-05,0.0,0.0,coinmarketcap_data_api_listings_historical
2026-02-27,29640,ZYN,ZynCoin,0.00063033,0.0,0.0,coinmarketcap_data_api_listings_historical
2026-02-27,29641,CRAZYBONK,CRAZY BONK,0.0013687,0.0,0.0,coinmarketcap_data_api_listings_historical
2026-02-27,29647,KERMIT,Kermit,3.07e-05,0.0,0.0,coinmarketcap_data_api_listings_historical
2026-02-27,13265,FID,Fidira,0.00032921,0.0,0.0,coinmarketcap_data_api_listings_historical
2026-02-27,29650,BABYPEPE,Baby Pepe,1.7e-07,0.0,0.0,coinmarketcap_data_api_listings_historical
2026-02-27,29651,BIF,bonkwifhat,8.865e-05,0.0,0.0,coinmarketcap_data_api_listings_historical
2026-02-27,29653,TYT,Bounty Temple,9.993e-05,0.0,0.0,coinmarketcap_data_api_listings_historical
2026-02-27,13276,SQUID,Squid Game (squidgametoken.vip),5.162e-05,0.0,0.0,coinmarketcap_data_api_listings_historical
2026-02-27,29661,BFICGOLD,BFICGOLD,0.012245,0.0,0.0,coinmarketcap_data_api_listings_historical
2026-02-27,13286,CORGI,CorgiCoin,9.49e-06,0.0,0.0,coinmarketcap_data_api_listings_historical
2026-02-27,29671,VTRU,Vitruveo Bridged VTRU,0.00647686,0.0,0.0,coinmarketcap_data_api_listings_historical
2026-02-27,29678,BSTC,BST Chain,3.09217718,0.0,0.0,coinmarketcap_data_api_listings_historical
2026-02-27,29680,TECH,NumberGoUpTech,6e-07,0.0,0.0,coinmarketcap_data_api_listings_historical
2026-02-27,29685,BONK2.0,Bonk 2.0,0.0,0.0,0.0,coinmarketcap_data_api_listings_historical
2026-02-27,29705,RAFF,Ton Raffles,0.02664946,0.0,0.0,coinmarketcap_data_api_listings_historical
2026-02-27,29712,MK,Meme Kombat,0.00353094,0.0,0.0,coinmarketcap_data_api_listings_historical
2026-02-27,13342,SOUL,SoulSwap Finance,6.53e-06,0.0,0.0,coinmarketcap_data_api_listings_historical
2026-02-27,29728,RST,Raini Studios Token,0.00022109,0.0,0.0,coinmarketcap_data_api_listings_historical
2026-02-27,29730,BALLZ,Wolf Wif,1.492e-05,0.0,0.0,coinmarketcap_data_api_listings_historical
2026-02-27,13352,DINGER,Dinger Token,4e-07,0.0,0.0,coinmarketcap_data_api_listings_historical
2026-02-27,29746,TPU,TensorSpace,5.033e-05,0.0,0.0,coinmarketcap_data_api_listings_historical
2026-02-27,29756,PHAUNTEM,Phauntem,0.00039986,0.0,0.0,coinmarketcap_data_api_listings_historical
2026-02-27,29783,PEPE,SUPER PEPE,5.5e-07,0.0,0.0,coinmarketcap_data_api_listings_historical
2026-02-27,13400,MJT,MojitoSwap,0.0049493,0.0,0.0,coinmarketcap_data_api_listings_historical
2026-02-27,13403,HWL,Howl City,1.887e-05,0.0,0.0,coinmarketcap_data_api_listings_historical
2026-02-27,29791,FREN,FREN,4.3e-07,0.0,0.0,coinmarketcap_data_api_listings_historical
2026-02-27,29800,APEWIFHAT,ApeWifHat,0.0,0.0,0.0,coinmarketcap_data_api_listings_historical
2026-02-27,29801,POU,Pouwifhat,1.193e-05,0.0,0.0,coinmarketcap_data_api_listings_historical
2026-02-27,29804,GBOY,GameBoy,5.03e-06,0.0,0.0,coinmarketcap_data_api_listings_historical
2026-02-27,29805,GOO,Silly Goose,9.922e-05,0.0,0.0,coinmarketcap_data_api_listings_historical
2026-02-27,29806,POU,Pou,0.00013935,0.0,0.0,coinmarketcap_data_api_listings_historical
2026-02-27,13425,CHAMP,NFT Champions,5.951e-05,0.0,0.0,coinmarketcap_data_api_listings_historical
2026-02-27,13429,DOFI,Doge Floki Coin,0.0,0.0,0.0,coinmarketcap_data_api_listings_historical
2026-02-27,13431,AGX,Agricoin,0.00034975,0.0,0.0,coinmarketcap_data_api_listings_historical
2026-02-27,29815,FLOKITA,FLOKITA,3.5e-07,0.0,0.0,coinmarketcap_data_api_listings_historical
2026-02-27,29818,SORADOGE,Sora Doge,0.0,0.0,0.0,coinmarketcap_data_api_listings_historical
2026-02-27,13437,KIBA,Kiba Inu,1e-08,0.0,0.0,coinmarketcap_data_api_listings_historical
2026-02-27,29827,NEX,NEXUS,0.00013815,0.0,0.0,coinmarketcap_data_api_listings_historical
2026-02-27,29837,RING,Ring AI,0.00093456,0.0,0.0,coinmarketcap_data_api_listings_historical
2026-02-27,29844,MELANIA,Melania Trump Parody (melania.world),0.00123034,0.0,0.0,coinmarketcap_data_api_listings_historical
2026-02-27,29845,SORA,SORA,0.0,0.0,0.0,coinmarketcap_data_api_listings_historical
2026-02-27,29846,BABYSOL,Baby Solana,0.00030674,0.0,0.0,coinmarketcap_data_api_listings_historical
2026-02-27,29852,FAM,Family,1.848e-05,0.0,0.0,coinmarketcap_data_api_listings_historical
2026-02-27,13471,OCP,Omni Consumer Protocols,0.00351649,0.0,0.0,coinmarketcap_data_api_listings_historical
2026-02-27,29860,FLOKI,SUPER FLOKI,0.0,0.0,0.0,coinmarketcap_data_api_listings_historical
2026-02-27,13485,SPY,Smarty Pay,0.00023801,0.0,0.0,coinmarketcap_data_api_listings_historical
2026-02-27,29885,SBF,Sam Bankmeme-Fried,0.00025223,0.0,0.0,coinmarketcap_data_api_listings_historical
2026-02-27,29886,LABS,WenPad Labs,0.00037561,0.0,0.0,coinmarketcap_data_api_listings_historical
2026-02-27,29888,FOTTIE,Fottie,1.1e-07,0.0,0.0,coinmarketcap_data_api_listings_historical
2026-02-27,29895,BYAT,Byat,2.54e-06,0.0,0.0,coinmarketcap_data_api_listings_historical
2026-02-27,13523,MC,Merit Circle,0.0161585,0.0,0.0,coinmarketcap_data_api_listings_historical
2026-02-27,29914,SOLANA,Solana Beach,1.265e-05,0.0,0.0,coinmarketcap_data_api_listings_historical
2026-02-27,29919,SOLC,SolCard,0.01571498,0.0,0.0,coinmarketcap_data_api_listings_historical
2026-02-27,13542,SDT,Stabledoc,0.00111864,0.0,0.0,coinmarketcap_data_api_listings_historical
2026-02-27,29949,VCAT,Vibing Cat,0.0221649,0.0,0.0,coinmarketcap_data_api_listings_historical
2026-02-27,13567,SMRTR,SmarterCoin (SMRTr),2e-08,0.0,0.0,coinmarketcap_data_api_listings_historical
2026-02-27,29951,ANDY,Andy (SOL),0.00016733,0.0,0.0,coinmarketcap_data_api_listings_historical
2026-02-27,29975,BONK,SUPER BONK,0.0,0.0,0.0,coinmarketcap_data_api_listings_historical
2026-02-27,29981,KERMIT,Kermit,8.45e-06,0.0,0.0,coinmarketcap_data_api_listings_historical
2026-02-27,29982,MAZZE,Mazze,0.00017903,0.0,0.0,coinmarketcap_data_api_listings_historical
2026-02-27,29994,KOL,KeyOfLife Multichain Store Of Value,0.16565544,0.0,0.0,coinmarketcap_data_api_listings_historical
2026-02-27,13618,SHIBGF,Shiba Girlfriend,0.0,0.0,0.0,coinmarketcap_data_api_listings_historical
2026-02-27,30002,BANX,Banx.gg,5.19e-06,0.0,0.0,coinmarketcap_data_api_listings_historical
2026-02-27,30003,BNBBONK,BNB BONK,0.0,0.0,0.0,coinmarketcap_data_api_listings_historical
2026-02-27,13630,OOGI,OOGI,2.77e-06,0.0,0.0,coinmarketcap_data_api_listings_historical
2026-02-27,30018,HOKK,Hokkaidu Inu,0.0,0.0,0.0,coinmarketcap_data_api_listings_historical
2026-02-27,30024,ELECTRON,Electron (Bitcoin),0.00116695,0.0,0.0,coinmarketcap_data_api_listings_historical
2026-02-27,13643,CHLI,ChilliSwap,0.0493987,0.0,0.0,coinmarketcap_data_api_listings_historical
2026-02-27,30029,BENJI,Taylor Swift's Cat BENJI,4.075e-05,0.0,0.0,coinmarketcap_data_api_listings_historical
2026-02-27,13649,E8,Energy8,0.0,0.0,0.0,coinmarketcap_data_api_listings_historical
2026-02-27,30060,DUCK,DuckCoin,0.00014917,0.0,0.0,coinmarketcap_data_api_listings_historical
2026-02-27,13678,PICA,Picasso,2.74e-06,0.0,0.0,coinmarketcap_data_api_listings_historical
2026-02-27,30064,BABYBOME,Book of Baby Memes,0.0,0.0,0.0,coinmarketcap_data_api_listings_historical
2026-02-27,30069,SQUAD,SquadSwap,0.01867765,0.0,0.0,coinmarketcap_data_api_listings_historical
2026-02-27,30079,IQ50,IQ50,4e-07,0.0,0.0,coinmarketcap_data_api_listings_historical
2026-02-27,30082,CATWIF,Cat wif Hands,5e-08,0.0,0.0,coinmarketcap_data_api_listings_historical
2026-02-27,13702,STEMX,STEMX,0.00010981,0.0,0.0,coinmarketcap_data_api_listings_historical
2026-02-27,30088,BAG,catwifbag,9.925e-05,0.0,0.0,coinmarketcap_data_api_listings_historical
2026-02-27,30090,SCOTTY,Scotty The Ai,1.526e-05,0.0,0.0,coinmarketcap_data_api_listings_historical
2026-02-27,30092,ENTS,Ents,0.00011803,0.0,0.0,coinmarketcap_data_api_listings_historical
2026-02-27,30098,BIRDDOG,Bird Dog,0.00013078,0.0,0.0,coinmarketcap_data_api_listings_historical
2026-02-27,30105,SHIB,ShibaInu On Solana,1.771e-05,0.0,0.0,coinmarketcap_data_api_listings_historical
2026-02-27,30109,PUNDU,Pundu,0.00186121,0.0,0.0,coinmarketcap_data_api_listings_historical
2026-02-27,30112,PUNK,PunkCity,0.01438868,0.0,0.0,coinmarketcap_data_api_listings_historical
2026-02-27,30113,TINU,Ton Inu,4.343e-05,0.0,0.0,coinmarketcap_data_api_listings_historical
2026-02-27,30118,TGRAM,TG20 TGram,8e-08,0.0,0.0,coinmarketcap_data_api_listings_historical
2026-02-27,30122,PLANE,Paper Plane,0.0011334,0.0,0.0,coinmarketcap_data_api_listings_historical
2026-02-27,30130,SHIV,Shiva Inu,0.0,0.0,0.0,coinmarketcap_data_api_listings_historical
2026-02-27,30132,BASE,BrianArmstrongCoinbaseUSDC2012,5.1e-07,0.0,0.0,coinmarketcap_data_api_listings_historical
2026-02-27,13751,LICO,Liquid Collectibles,2.198e-05,0.0,0.0,coinmarketcap_data_api_listings_historical
2026-02-27,30135,BLERF,BLERF,1.43e-06,0.0,0.0,coinmarketcap_data_api_listings_historical
2026-02-27,30136,CAT,CAT COIN,0.0,0.0,0.0,coinmarketcap_data_api_listings_historical
2026-02-27,13760,SHIBARMY,Shib Army,0.0,0.0,0.0,coinmarketcap_data_api_listings_historical
2026-02-27,30146,SHROOM,Shroomates,0.00012978,0.0,0.0,coinmarketcap_data_api_listings_historical
2026-02-27,30150,CATPEPE,CAT PEPE,0.0,0.0,0.0,coinmarketcap_data_api_listings_historical
2026-02-27,13768,ERW,ZeLoop Eco Reward,7.3e-07,0.0,0.0,coinmarketcap_data_api_listings_historical
2026-02-27,13783,AFRO,Afrostar,0.0,0.0,0.0,coinmarketcap_data_api_listings_historical
2026-02-27,30167,ATM,ATM (ATMcoin.top),4e-08,0.0,0.0,coinmarketcap_data_api_listings_historical
2026-02-27,30191,MOON,MOON INU,0.0,0.0,0.0,coinmarketcap_data_api_listings_historical
2026-02-27,13808,CPOO,Cockapoo,1.2e-07,0.0,0.0,coinmarketcap_data_api_listings_historical
2026-02-27,30202,BNBFLOKI,BNB FLOKI,0.0,0.0,0.0,coinmarketcap_data_api_listings_historical
2026-02-27,13829,INFO,Infomatix,4.68e-06,0.0,0.0,coinmarketcap_data_api_listings_historical
2026-02-27,30220,ROCK,BLACK ROCK,8.48e-06,0.0,0.0,coinmarketcap_data_api_listings_historical
2026-02-27,30232,VDA,Verida,8.663e-05,0.0,0.0,coinmarketcap_data_api_listings_historical
2026-02-27,13850,SANTA,Santa Coin,0.0,0.0,0.0,coinmarketcap_data_api_listings_historical
2026-02-27,30234,CATWIF,CatWifHat,5.437e-05,0.0,0.0,coinmarketcap_data_api_listings_historical
2026-02-27,30241,MEAT,Meat,1.4e-07,0.0,0.0,coinmarketcap_data_api_listings_historical
2026-02-27,30253,FLOKI,CRAZY FLOKI,0.0,0.0,0.0,coinmarketcap_data_api_listings_historical
2026-02-27,13871,CRAFT,TaleCraft,9.615e-05,0.0,0.0,coinmarketcap_data_api_listings_historical
2026-02-27,13877,EEUR,e-Money EUR,0.07457432,0.0,0.0,coinmarketcap_data_api_listings_historical
2026-02-27,30263,DAW,DAWKOINS,2.911e-05,0.0,0.0,coinmarketcap_data_api_listings_historical
2026-02-27,30298,CRMS,Cryptomus,0.63989689,0.0,0.0,coinmarketcap_data_api_listings_historical
2026-02-27,30305,LONG,Nobiko Coin,0.00035177,0.0,0.0,coinmarketcap_data_api_listings_historical
2026-02-27,30317,PLEB,PLEB,1.1e-05,0.0,0.0,coinmarketcap_data_api_listings_historical
2026-02-27,30319,BASED,BASEDChad,1.614e-05,0.0,0.0,coinmarketcap_data_api_listings_historical
2026-02-27,13938,GMEX,Game Coin,5.074e-05,0.0,0.0,coinmarketcap_data_api_listings_historical
2026-02-27,30323,BOE,Boe,1.787e-05,0.0,0.0,coinmarketcap_data_api_listings_historical
2026-02-27,30324,POOP,Poopcoin,7.161e-05,0.0,0.0,coinmarketcap_data_api_listings_historical
2026-02-27,30326,CAT,TOP CAT,0.0,0.0,0.0,coinmarketcap_data_api_listings_historical
2026-02-27,30327,JEET,Jeet,3.7e-06,0.0,0.0,coinmarketcap_data_api_listings_historical
2026-02-27,30331,HOBA,Honey Badger,0.02254455,0.0,0.0,coinmarketcap_data_api_listings_historical
2026-02-27,30336,INFRA,infraX,0.04723848,0.0,0.0,coinmarketcap_data_api_listings_historical
2026-02-27,30345,HOBBES,Ansem's Cat,6.117e-05,0.0,0.0,coinmarketcap_data_api_listings_historical
2026-02-27,13966,SNAKES,Snakes Game,6.5e-07,0.0,0.0,coinmarketcap_data_api_listings_historical
2026-02-27,30355,DCM,Ducky City,8.26e-06,0.0,0.0,coinmarketcap_data_api_listings_historical
2026-02-27,13978,METAV,MetaVPad,0.00040754,0.0,0.0,coinmarketcap_data_api_listings_historical
2026-02-27,13987,DYOR,DYOR Token,1.73e-06,0.0,0.0,coinmarketcap_data_api_listings_historical
2026-02-27,30374,PEACH,Based Peaches,4.53e-06,0.0,0.0,coinmarketcap_data_api_listings_historical
2026-02-27,30390,SVPN,Shadow Node,0.00019627,0.0,0.0,coinmarketcap_data_api_listings_historical
2026-02-27,30395,EGG,JustAnEGG,0.00069056,0.0,0.0,coinmarketcap_data_api_listings_historical
2026-02-27,30408,BTCAT,Bitcoin Cat,0.0,0.0,0.0,coinmarketcap_data_api_listings_historical
2026-02-27,14027,SB,Snowbank,223.47725538,0.0,0.0,coinmarketcap_data_api_listings_historical
2026-02-27,30411,DODO,DODO,0.01391264,0.0,0.0,coinmarketcap_data_api_listings_historical
2026-02-27,30412,DOGA,DOGITA,3.7e-07,0.0,0.0,coinmarketcap_data_api_listings_historical
2026-02-27,30416,CAT,TOM CAT,0.0,0.0,0.0,coinmarketcap_data_api_listings_historical
2026-02-27,30422,KOIN,Fishkoin,1e-08,0.0,0.0,coinmarketcap_data_api_listings_historical
2026-02-27,30423,BABYCAT,Baby Cat,0.0,0.0,0.0,coinmarketcap_data_api_listings_historical
2026-02-27,30439,HAROLD,Harold,5.029e-05,0.0,0.0,coinmarketcap_data_api_listings_historical
2026-02-27,30442,SHIBK,ShibaKeanu,0.0,0.0,0.0,coinmarketcap_data_api_listings_historical
2026-02-27,30446,BUL,bul,2e-08,0.0,0.0,coinmarketcap_data_api_listings_historical
2026-02-27,30450,PINK,Pink,5.088e-05,0.0,0.0,coinmarketcap_data_api_listings_historical
2026-02-27,30452,FLY,Fluidity,0.00012016,0.0,0.0,coinmarketcap_data_api_listings_historical
2026-02-27,30456,COOL,coolcat,1.427e-05,0.0,0.0,coinmarketcap_data_api_listings_historical
2026-02-27,30461,CATME,ELON’S CAT,0.0,0.0,0.0,coinmarketcap_data_api_listings_historical
2026-02-27,30466,MEMAGX,Meta Masters Guild Games,0.00057514,0.0,0.0,coinmarketcap_data_api_listings_historical
2026-02-27,30478,CAT,CAT INU,0.0,0.0,0.0,coinmarketcap_data_api_listings_historical
2026-02-27,30481,XTO,EXTOCIUM,0.0047121,0.0,0.0,coinmarketcap_data_api_listings_historical
2026-02-27,30482,SOLX,Sol X,3.654e-05,0.0,0.0,coinmarketcap_data_api_listings_historical
2026-02-27,30491,WZRD,Bitcoin Wizards,0.0569277,0.0,0.0,coinmarketcap_data_api_listings_historical
2026-02-27,14114,SA,Superalgos,0.00015674,0.0,0.0,coinmarketcap_data_api_listings_historical
2026-02-27,30499,PRZS,Perezoso,0.0,0.0,0.0,coinmarketcap_data_api_listings_historical
2026-02-27,30500,GBTC,Green Bitcoin,0.02036907,0.0,0.0,coinmarketcap_data_api_listings_historical
2026-02-27,30503,DOBEN,dark boden,2.93e-06,0.0,0.0,coinmarketcap_data_api_listings_historical
2026-02-27,30508,KOI,Koi Finance,0.00039308,0.0,0.0,coinmarketcap_data_api_listings_historical
2026-02-27,30513,COST,Costco Hot Dog,0.000176,0.0,0.0,coinmarketcap_data_api_listings_historical
2026-02-27,30524,TMRW,TMRW Coin,6.41e-06,0.0,0.0,coinmarketcap_data_api_listings_historical
2026-02-27,30539,BONKFA,Bonk of America,1.044e-05,0.0,0.0,coinmarketcap_data_api_listings_historical
2026-02-27,30548,DOGE,MOON DOGE,0.0,0.0,0.0,coinmarketcap_data_api_listings_historical
2026-02-27,30549,BOSHI,Boshi,1.717e-05,0.0,0.0,coinmarketcap_data_api_listings_historical
2026-02-27,30557,NEGED,Neged,1.633e-05,0.0,0.0,coinmarketcap_data_api_listings_historical
2026-02-27,30558,RGAME,RGAMES,1.448e-05,0.0,0.0,coinmarketcap_data_api_listings_historical
2026-02-27,30578,FOFAR,Fofar (fofar.com),3e-07,0.0,0.0,coinmarketcap_data_api_listings_historical
2026-02-27,30597,CCC,Cute Cat Candle,0.0,0.0,0.0,coinmarketcap_data_api_listings_historical
2026-02-27,30602,FOX,Foxify,0.29474443,0.0,0.0,coinmarketcap_data_api_listings_historical
2026-02-27,14222,ISHND,StrongHands Finance,0.00203031,0.0,0.0,coinmarketcap_data_api_listings_historical
2026-02-27,30613,ICC,Indian Call Center,9.48e-06,0.0,0.0,coinmarketcap_data_api_listings_historical
2026-02-27,30623,VSL,Vietnam Smarthub Logistics,0.01545169,0.0,0.0,coinmarketcap_data_api_listings_historical
2026-02-27,30625,AGT,Ageio Stagnum,0.00034048,0.0,0.0,coinmarketcap_data_api_listings_historical
2026-02-27,30633,GBE,Gambex,0.05121955,0.0,0.0,coinmarketcap_data_api_listings_historical
2026-02-27,30638,CAT,MOON CAT,0.0,0.0,0.0,coinmarketcap_data_api_listings_historical
2026-02-27,30642,CEICAT,CEILING CAT,1.192e-05,0.0,0.0,coinmarketcap_data_api_listings_historical
2026-02-27,30646,PURR,Purrcoin,2.934e-05,0.0,0.0,coinmarketcap_data_api_listings_historical
2026-02-27,30652,MEDIA,Solmedia,0.00011957,0.0,0.0,coinmarketcap_data_api_listings_historical
2026-02-27,14275,GFT,Game Fantasy Token,0.0026508,0.0,0.0,coinmarketcap_data_api_listings_historical
2026-02-27,14276,ZM,ZoomSwap,0.00089388,0.0,0.0,coinmarketcap_data_api_listings_historical
2026-02-27,30662,PAC,PacMoon,0.00017893,0.0,0.0,coinmarketcap_data_api_listings_historical
2026-02-27,30663,BROGG,Brett's Dog,0.01660666,0.0,0.0,coinmarketcap_data_api_listings_historical
2026-02-27,30665,BRETT,Brett On ETH,0.00172471,0.0,0.0,coinmarketcap_data_api_listings_historical
2026-02-27,30666,SHARK,Sharky,0.00109296,0.0,0.0,coinmarketcap_data_api_listings_historical
2026-02-27,30672,BANK,Bank,0.0,0.0,0.0,coinmarketcap_data_api_listings_historical
2026-02-27,14301,ATMC,Atomic Meta,2.109e-05,0.0,0.0,coinmarketcap_data_api_listings_historical
2026-02-27,30686,NITEFEEDER,Nitefeeder,0.0,0.0,0.0,coinmarketcap_data_api_listings_historical
2026-02-27,30687,ROSE,Rosecoin,0.03153298,0.0,0.0,coinmarketcap_data_api_listings_historical
2026-02-27,30688,$BLUE,blue on base,1e-08,0.0,0.0,coinmarketcap_data_api_listings_historical
2026-02-27,30689,AOC,Alickshundra Occasional-Cortex,2.334e-05,0.0,0.0,coinmarketcap_data_api_listings_historical
2026-02-27,30691,CAT,WHALES CAT,0.0,0.0,0.0,coinmarketcap_data_api_listings_historical
2026-02-27,30696,SHORK,shork,8.568e-05,0.0,0.0,coinmarketcap_data_api_listings_historical
2026-02-27,30702,DD,Diment Dollar,0.09017363,0.0,0.0,coinmarketcap_data_api_listings_historical
2026-02-27,30713,DEEPAI,DeepBot,0.00369059,0.0,0.0,coinmarketcap_data_api_listings_historical
2026-02-27,14332,ADON,Adonis,1.29456439,0.0,0.0,coinmarketcap_data_api_listings_historical
2026-02-27,30716,BSB,Based Street Bets,2.8e-07,0.0,0.0,coinmarketcap_data_api_listings_historical
2026-02-27,14342,DKEY,DKEY BANK,0.00700698,0.0,0.0,coinmarketcap_data_api_listings_historical
2026-02-27,30731,SNA,SUKUYANA,0.0,0.0,0.0,coinmarketcap_data_api_listings_historical
2026-02-27,14349,TUT,Tutellus,0.01007164,0.0,0.0,coinmarketcap_data_api_listings_historical
2026-02-27,30738,FUNGI,Fungi,0.00100652,0.0,0.0,coinmarketcap_data_api_listings_historical
2026-02-27,14363,GCAKE,Pancake Games,2e-08,0.0,0.0,coinmarketcap_data_api_listings_historical
2026-02-27,30747,SOFTCO,SOFT COQ INU,8.19e-06,0.0,0.0,coinmarketcap_data_api_listings_historical
2026-02-27,30749,LBM,Libertum,0.0026446,0.0,0.0,coinmarketcap_data_api_listings_historical
2026-02-27,30762,TONALD,Tonald Trump,2.663e-05,0.0,0.0,coinmarketcap_data_api_listings_historical
2026-02-27,30764,CONDO,CONDO,2.945e-05,0.0,0.0,coinmarketcap_data_api_listings_historical
2026-02-27,30776,CFT,CANNFINITY,0.00622583,0.0,0.0,coinmarketcap_data_api_listings_historical
2026-02-27,30780,WOLF,Landwolf (firstlandwolfeth),1.74e-06,0.0,0.0,coinmarketcap_data_api_listings_historical
2026-02-27,14404,ECC,Etherconnect,2.839e-05,0.0,0.0,coinmarketcap_data_api_listings_historical
2026-02-27,30792,COLLE,Colle AI,2.716e-05,0.0,0.0,coinmarketcap_data_api_listings_historical
2026-02-27,30810,FJO,Fjord Foundry,0.01078753,0.0,0.0,coinmarketcap_data_api_listings_historical
2026-02-27,30814,ERIC,Elon's Pet Fish ERIC,0.00045721,0.0,0.0,coinmarketcap_data_api_listings_historical
2026-02-27,30821,NINJA,Shinobi,2.753e-05,0.0,0.0,coinmarketcap_data_api_listings_historical
2026-02-27,30823,KIT,Kitsune,7.05e-06,0.0,0.0,coinmarketcap_data_api_listings_historical
2026-02-27,30824,WOLF,Landwolf (Base),0.0,0.0,0.0,coinmarketcap_data_api_listings_historical
2026-02-27,14447,SWOLE,Swole Doge,2.2e-07,0.0,0.0,coinmarketcap_data_api_listings_historical
2026-02-27,14449,JaiHo,JaiHo,0.0002199,0.0,0.0,coinmarketcap_data_api_listings_historical
2026-02-27,14452,THC,Transhuman Coin,4.532e-05,0.0,0.0,coinmarketcap_data_api_listings_historical
2026-02-27,14461,SPHYNX,Sphynx Labs,0.00022516,0.0,0.0,coinmarketcap_data_api_listings_historical
2026-02-27,30845,MEM,Not Meme,7.528e-05,0.0,0.0,coinmarketcap_data_api_listings_historical
2026-02-27,30846,ANON,Anon,0.00043498,0.0,0.0,coinmarketcap_data_api_listings_historical
2026-02-27,30852,DOGE,WHALES DOGE,0.0,0.0,0.0,coinmarketcap_data_api_listings_historical
2026-02-27,30868,WIFE,Wifejak,0.00018135,0.0,0.0,coinmarketcap_data_api_listings_historical
2026-02-27,30872,BORED,BORED,0.00043178,0.0,0.0,coinmarketcap_data_api_listings_historical
2026-02-27,14490,BTH,Bit Hotel,0.00019148,0.0,0.0,coinmarketcap_data_api_listings_historical
2026-02-27,30874,CHEERS,DICAPRIO CHEERS,6.013e-05,0.0,0.0,coinmarketcap_data_api_listings_historical
2026-02-27,30882,ABI,AB DEFI,0.01997573,0.0,0.0,coinmarketcap_data_api_listings_historical
2026-02-27,30885,JELLI,JELLI,7.623e-05,0.0,0.0,coinmarketcap_data_api_listings_historical
2026-02-27,30886,CONAN,Conan,8e-08,0.0,0.0,coinmarketcap_data_api_listings_historical
2026-02-27,30897,PONZI,Ponzi,3.534e-05,0.0,0.0,coinmarketcap_data_api_listings_historical
2026-02-27,30910,BUNNY,BasedBunny,1.327e-05,0.0,0.0,coinmarketcap_data_api_listings_historical
2026-02-27,30911,SNORT,SNORT,0.00014942,0.0,0.0,coinmarketcap_data_api_listings_historical
2026-02-27,30914,BOYSCLUB,Matt Furie's Boys Club,0.00026999,0.0,0.0,coinmarketcap_data_api_listings_historical
2026-02-27,14540,VPAD,VLaunch,0.00166485,0.0,0.0,coinmarketcap_data_api_listings_historical
2026-02-27,30935,ANDY,Andy (Solana),3.452e-05,0.0,0.0,coinmarketcap_data_api_listings_historical
2026-02-27,30936,NORMIE,NORMIE,0.00015133,0.0,0.0,coinmarketcap_data_api_listings_historical
2026-02-27,14553,PANDA,Panda Coin,2.31e-06,0.0,0.0,coinmarketcap_data_api_listings_historical
2026-02-27,14557,CIND,Cindrum,1.1e-05,0.0,0.0,coinmarketcap_data_api_listings_historical
2026-02-27,30941,DOGE20,Dogecoin20,5.23e-06,0.0,0.0,coinmarketcap_data_api_listings_historical
2026-02-27,30959,TOOKER,tooker kurlson,9.48e-05,0.0,0.0,coinmarketcap_data_api_listings_historical
2026-02-27,30965,CRYO,CryoDAO,0.14282248,0.0,0.0,coinmarketcap_data_api_listings_historical
2026-02-27,14587,CAVE,Crypto Cavemen Club,0.00530326,0.0,0.0,coinmarketcap_data_api_listings_historical
2026-02-27,14595,QORT,Qortal,0.11273003,0.0,0.0,coinmarketcap_data_api_listings_historical
2026-02-27,14599,PWT,PANDAINU,1.8e-07,0.0,0.0,coinmarketcap_data_api_listings_historical
2026-02-27,30989,COOL,Coolcoin,1.206e-05,0.0,0.0,coinmarketcap_data_api_listings_historical
2026-02-27,30993,STOG,Stooges,4.939e-05,0.0,0.0,coinmarketcap_data_api_listings_historical
2026-02-27,14611,RICE,Rice Wallet,0.00106826,0.0,0.0,coinmarketcap_data_api_listings_historical
2026-02-27,30995,FLUFFYS,Fluffys,0.00069981,0.0,0.0,coinmarketcap_data_api_listings_historical
2026-02-27,30996,WAI,AI Waifu,0.11248246,0.0,0.0,coinmarketcap_data_api_listings_historical
2026-02-27,14613,XSP,XSwap Protocol,8.614e-05,0.0,0.0,coinmarketcap_data_api_listings_historical
2026-02-27,31007,BIRDDOG,BIRDDOG,1.2e-07,0.0,0.0,coinmarketcap_data_api_listings_historical
2026-02-27,14625,CRONA,CronaSwap,0.00022923,0.0,0.0,coinmarketcap_data_api_listings_historical
2026-02-27,14627,SONAR,SonarWatch,0.00330663,0.0,0.0,coinmarketcap_data_api_listings_historical
2026-02-27,31021,BRITT,Britt,2.847e-05,0.0,0.0,coinmarketcap_data_api_listings_historical
2026-02-27,31031,BARRON,Time Traveler,5.967e-05,0.0,0.0,coinmarketcap_data_api_listings_historical
2026-02-27,14651,WCS,WeeCoins,0.00025003,0.0,0.0,coinmarketcap_data_api_listings_historical
2026-02-27,31043,JOWNES,Alux Jownes,5.03e-06,0.0,0.0,coinmarketcap_data_api_listings_historical
2026-02-27,14660,RTO,Reflecto,0.0,0.0,0.0,coinmarketcap_data_api_listings_historical
2026-02-27,31045,PONGO,Pongo,5e-08,0.0,0.0,coinmarketcap_data_api_listings_historical
2026-02-27,31047,KEPT,KeptChain,6.733e-05,0.0,0.0,coinmarketcap_data_api_listings_historical
2026-02-27,31048,ROCKY,ROCKY,0.00023085,0.0,0.0,coinmarketcap_data_api_listings_historical
2026-02-27,31050,WTEC,World Trade Exhibition Center,0.00023806,0.0,0.0,coinmarketcap_data_api_listings_historical
2026-02-27,14676,TRUSTNFT,TrustNFT,0.00010401,0.0,0.0,coinmarketcap_data_api_listings_historical
2026-02-27,31060,BUNNY,SUPER BUNNY,0.0,0.0,0.0,coinmarketcap_data_api_listings_historical
2026-02-27,31085,MOCHI,Mochi DeFi,0.0,0.0,0.0,coinmarketcap_data_api_listings_historical
2026-02-27,31087,POGS,POG,0.00020739,0.0,0.0,coinmarketcap_data_api_listings_historical
2026-02-27,31093,DOGE,Dogecoin,8.183e-05,0.0,0.0,coinmarketcap_data_api_listings_historical
2026-02-27,14713,CMDX,Comdex,9.347e-05,0.0,0.0,coinmarketcap_data_api_listings_historical
2026-02-27,31107,STAKE,StakeLayer,3.731e-05,0.0,0.0,coinmarketcap_data_api_listings_historical
2026-02-27,31113,WOAS,Wrapped Oasys,0.00081963,0.0,0.0,coinmarketcap_data_api_listings_historical
2026-02-27,31118,$JOGECO,Jogecodog,0.0,0.0,0.0,coinmarketcap_data_api_listings_historical
2026-02-27,31140,SQUOGE,DogeSquatch,0.00020077,0.0,0.0,coinmarketcap_data_api_listings_historical
2026-02-27,31147,PEPE,NEXT GEN PEPE,0.00013637,0.0,0.0,coinmarketcap_data_api_listings_historical
2026-02-27,31155,CROAK,Croakey,4.05e-06,0.0,0.0,coinmarketcap_data_api_listings_historical
2026-02-27,14773,CCA,CCA Coin,0.000108,0.0,0.0,coinmarketcap_data_api_listings_historical
2026-02-27,31157,THOL,Tholana,1e-08,0.0,0.0,coinmarketcap_data_api_listings_historical
2026-02-27,31158,XB,XBANKING,0.00269857,0.0,0.0,coinmarketcap_data_api_listings_historical
2026-02-27,31167,CRODIE,Crodie,5.979e-05,0.0,0.0,coinmarketcap_data_api_listings_historical
2026-02-27,31169,VOPO,VOPO,0.0,0.0,0.0,coinmarketcap_data_api_listings_historical
2026-02-27,31174,BNBBUNNY,BNB BUNNY,0.0,0.0,0.0,coinmarketcap_data_api_listings_historical
2026-02-27,31192,SKIPUP,SKI MASK PUP,0.01254337,0.0,0.0,coinmarketcap_data_api_listings_historical
2026-02-27,31199,ROXY,ROXY FROG,1.09e-06,0.0,0.0,coinmarketcap_data_api_listings_historical
2026-02-27,31203,ICPX,Icrypex token,0.06399831,0.0,0.0,coinmarketcap_data_api_listings_historical
2026-02-27,14825,VIBLO,Viblos,0.0002539,0.0,0.0,coinmarketcap_data_api_listings_historical
2026-02-27,31212,JUSD,JUSD Stable Token,0.99995844,0.0,0.0,coinmarketcap_data_api_listings_historical
2026-02-27,31221,WIF,WIF on ETH,3.412e-05,0.0,0.0,coinmarketcap_data_api_listings_historical
2026-02-27,14838,AI,Artificial Intelligence,4e-08,0.0,0.0,coinmarketcap_data_api_listings_historical
2026-02-27,14843,SPIN,Spintop,5.042e-05,0.0,0.0,coinmarketcap_data_api_listings_historical
2026-02-27,14849,CENX,Centcex,8.201e-05,0.0,0.0,coinmarketcap_data_api_listings_historical
2026-02-27,31234,HRT,HIRO,0.0001266,0.0,0.0,coinmarketcap_data_api_listings_historical
2026-02-27,31239,IMARO,IMARO,5.225e-05,0.0,0.0,coinmarketcap_data_api_listings_historical
2026-02-27,31244,SHIBA,Shiba Armstrong,1.613e-05,0.0,0.0,coinmarketcap_data_api_listings_historical
2026-02-27,31249,MOST,MOST Global,0.75784912,0.0,0.0,coinmarketcap_data_api_listings_historical
2026-02-27,31254,SPEED,real fast,0.00010709,0.0,0.0,coinmarketcap_data_api_listings_historical
2026-02-27,31258,MPRO,Max Property,0.00083321,0.0,0.0,coinmarketcap_data_api_listings_historical
2026-02-27,14876,YON,YESorNO,1.636e-05,0.0,0.0,coinmarketcap_data_api_listings_historical
2026-02-27,31263,RPLAY,Replay,2.505e-05,0.0,0.0,coinmarketcap_data_api_listings_historical
2026-02-27,31271,LOA,Law Of Attraction,0.00017566,0.0,0.0,coinmarketcap_data_api_listings_historical
2026-02-27,31281,HODL,HODL,0.0,0.0,0.0,coinmarketcap_data_api_listings_historical
2026-02-27,31283,NOHAT,DogWifNoHat,3.644e-05,0.0,0.0,coinmarketcap_data_api_listings_historical
2026-02-27,14905,FLUF,Fluffy Coin,8.609e-05,0.0,0.0,coinmarketcap_data_api_listings_historical
2026-02-27,31290,WBS,White Boy Summer,8.114e-05,0.0,0.0,coinmarketcap_data_api_listings_historical
2026-02-27,31299,USA,Based USA,4.417e-05,0.0,0.0,coinmarketcap_data_api_listings_historical
2026-02-27,31304,CHEEPEPE,CHEEPEPE,3.824e-05,0.0,0.0,coinmarketcap_data_api_listings_historical
2026-02-27,31309,NCASH,Nutcash,0.00338236,0.0,0.0,coinmarketcap_data_api_listings_historical
2026-02-27,14928,ROY,Crypto Royale,0.00023649,0.0,0.0,coinmarketcap_data_api_listings_historical
2026-02-27,31313,PROOF,PROOF,0.04982801,0.0,0.0,coinmarketcap_data_api_listings_historical
2026-02-27,31339,PIZZA,Bitcoin Pizza Day,0.06530214,0.0,0.0,coinmarketcap_data_api_listings_historical
2026-02-27,31341,CVAI,Agentlauncher,0.00024848,0.0,0.0,coinmarketcap_data_api_listings_historical
2026-02-27,31352,CES,swap.coffee,0.18778047,0.0,0.0,coinmarketcap_data_api_listings_historical
2026-02-27,31365,BNBOLYMPIC,BNB OLYMPIC,0.0,0.0,0.0,coinmarketcap_data_api_listings_historical
2026-02-27,31367,ZACK,Zack Morris,5.837e-05,0.0,0.0,coinmarketcap_data_api_listings_historical
2026-02-27,31370,BBUSD,BounceBit USD,0.99498841,0.0,0.0,coinmarketcap_data_api_listings_historical
2026-02-27,31371,ARG,ArgentinaCoin,0.00014129,0.0,0.0,coinmarketcap_data_api_listings_historical
2026-02-27,31388,KILLA,The Bitcoin Killa,0.83302834,0.0,0.0,coinmarketcap_data_api_listings_historical
2026-02-27,15006,XMT,MetalSwap,0.01007334,0.0,0.0,coinmarketcap_data_api_listings_historical
2026-02-27,31390,ACHI,achi,3.699e-05,0.0,0.0,coinmarketcap_data_api_listings_historical
2026-02-27,31393,PEANIE,Peanie,5.467e-05,0.0,0.0,coinmarketcap_data_api_listings_historical
2026-02-27,15013,SOURCE,ReSource Protocol,0.0007706,0.0,0.0,coinmarketcap_data_api_listings_historical
2026-02-27,31398,KEK,Kekistan,1.23e-06,0.0,0.0,coinmarketcap_data_api_listings_historical
2026-02-27,15021,SSGTX,SafeSwap,5.702e-05,0.0,0.0,coinmarketcap_data_api_listings_historical
2026-02-27,31411,BUBBA,Bubba,1.448e-05,0.0,0.0,coinmarketcap_data_api_listings_historical
2026-02-27,15035,KEYS,KEYS,0.00025824,0.0,0.0,coinmarketcap_data_api_listings_historical
2026-02-27,31419,$PEPE,Pepe,0.0,0.0,0.0,coinmarketcap_data_api_listings_historical
2026-02-27,31422,BTCDRAGON,BTC Dragon,8e-08,0.0,0.0,coinmarketcap_data_api_listings_historical
2026-02-27,31427,CAT,CAT SYLVESTER,0.0,0.0,0.0,coinmarketcap_data_api_listings_historical
2026-02-27,31429,WIC,DogWithCap,1e-08,0.0,0.0,coinmarketcap_data_api_listings_historical
2026-02-27,31430,APETARDIO,Apetardio,5.959e-05,0.0,0.0,coinmarketcap_data_api_listings_historical
2026-02-27,15050,MILK,Milk,1.77e-06,0.0,0.0,coinmarketcap_data_api_listings_historical
2026-02-27,31439,MAGAPEPE,MAGA PEPE (SOL),0.0,0.0,0.0,coinmarketcap_data_api_listings_historical
2026-02-27,31450,WEIRDO,Weirdo,1.96e-06,0.0,0.0,coinmarketcap_data_api_listings_historical
2026-02-27,15069,CRX,CRODEX,0.14381121,0.0,0.0,coinmarketcap_data_api_listings_historical
2026-02-27,31455,KIM,Kim Exchange,1.53e-05,0.0,0.0,coinmarketcap_data_api_listings_historical
2026-02-27,31460,TBC,Tour Billion,0.55398159,0.0,0.0,coinmarketcap_data_api_listings_historical
2026-02-27,31462,SHARE,SHARE,4.34e-06,0.0,0.0,coinmarketcap_data_api_listings_historical
2026-02-27,31466,MUSCAT,MusCat,8e-08,0.0,0.0,coinmarketcap_data_api_listings_historical
2026-02-27,31472,$PELF,PELFORT,1.76e-05,0.0,0.0,coinmarketcap_data_api_listings_historical
2026-02-27,31492,PEPESOL,PEPE (SOL),2.964e-05,0.0,0.0,coinmarketcap_data_api_listings_historical
2026-02-27,31502,MAGA,TRUMP’S HAT,2.731e-05,0.0,0.0,coinmarketcap_data_api_listings_historical
2026-02-27,31503,BWB,Bitget Wallet Token,0.17747157,0.0,0.0,coinmarketcap_data_api_listings_historical
2026-02-27,31508,ANIME,Anime (animeonbase.art),4.43e-06,0.0,0.0,coinmarketcap_data_api_listings_historical
2026-02-27,31509,CHOMP,ChompCoin,0.00281804,0.0,0.0,coinmarketcap_data_api_listings_historical
2026-02-27,31511,CHIPI,chipi,2.561e-05,0.0,0.0,coinmarketcap_data_api_listings_historical
2026-02-27,31522,SPURDO,SPURDO,5.912e-05,0.0,0.0,coinmarketcap_data_api_listings_historical
2026-02-27,31540,PPT,PAPA Trump,5e-08,0.0,0.0,coinmarketcap_data_api_listings_historical
2026-02-27,31551,NYXC,Nyxia AI,0.00440844,0.0,0.0,coinmarketcap_data_api_listings_historical
2026-02-27,31558,EAGLE,EAGLE INU,0.0,0.0,0.0,coinmarketcap_data_api_listings_historical
2026-02-27,31564,DADDY,Crypto Journey,0.0134616,0.0,0.0,coinmarketcap_data_api_listings_historical
2026-02-27,15193,PEX,Pexcoin,2.459e-05,0.0,0.0,coinmarketcap_data_api_listings_historical
2026-02-27,31579,314DAO,Tonken 314 DAO,23.28134427,0.0,0.0,coinmarketcap_data_api_listings_historical
2026-02-27,31583,SNPAD,SNP adverse,0.00597947,0.0,0.0,coinmarketcap_data_api_listings_historical
2026-02-27,31600,MINE,RuneMine,0.00027391,0.0,0.0,coinmarketcap_data_api_listings_historical
2026-02-27,31605,JJ,JEJE,0.0,0.0,0.0,coinmarketcap_data_api_listings_historical
2026-02-27,31609,APUGURL,APU GURL,1.9e-07,0.0,0.0,coinmarketcap_data_api_listings_historical
2026-02-27,31613,WAZ,MikeAI,2.6e-07,0.0,0.0,coinmarketcap_data_api_listings_historical
2026-02-27,15231,BB,Baby Bali,0.0,0.0,0.0,coinmarketcap_data_api_listings_historical
2026-02-27,31622,EAGLE,AMERICAN EAGLE,0.0,0.0,0.0,coinmarketcap_data_api_listings_historical
2026-02-27,15241,CANDYLAD,Candylad,0.0,0.0,0.0,coinmarketcap_data_api_listings_historical
2026-02-27,31630,PEPO,Peepo,2e-07,0.0,0.0,coinmarketcap_data_api_listings_historical
2026-02-27,31636,POLLUK,Jasse Polluk,1.075e-05,0.0,0.0,coinmarketcap_data_api_listings_historical
2026-02-27,31637,PRICK,Pickle Rick,1.999e-05,0.0,0.0,coinmarketcap_data_api_listings_historical
2026-02-27,31651,MAGASHIB,MAGA SHIB,0.0,0.0,0.0,coinmarketcap_data_api_listings_historical
2026-02-27,31652,BTC,batcat,1.298e-05,0.0,0.0,coinmarketcap_data_api_listings_historical
2026-02-27,31657,LCG,LocaGo,0.00015607,0.0,0.0,coinmarketcap_data_api_listings_historical
2026-02-27,31658,CAT,AMERICAN CAT,0.0,0.0,0.0,coinmarketcap_data_api_listings_historical
2026-02-27,31662,MAGA,MAGA,0.00046131,0.0,0.0,coinmarketcap_data_api_listings_historical
2026-02-27,15288,TEM,TemplarDAO,3.19201262,0.0,0.0,coinmarketcap_data_api_listings_historical
2026-02-27,31676,DOGEVERSE,DogeVerse,2.66e-06,0.0,0.0,coinmarketcap_data_api_listings_historical
2026-02-27,31679,MAGADOGE,MAGA DOGE,0.0,0.0,0.0,coinmarketcap_data_api_listings_historical
2026-02-27,31689,9MM,Shigure UI,2.985e-05,0.0,0.0,coinmarketcap_data_api_listings_historical
2026-02-27,31692,TRUMP,MAGA,0.00186861,0.0,0.0,coinmarketcap_data_api_listings_historical
2026-02-27,31697,MITTENS,Mittens,7.935e-05,0.0,0.0,coinmarketcap_data_api_listings_historical
2026-02-27,31698,HIF,Hedgehog in the fog,8.185e-05,0.0,0.0,coinmarketcap_data_api_listings_historical
2026-02-27,31718,DOGER,Robotic Doge,9e-08,0.0,0.0,coinmarketcap_data_api_listings_historical
2026-02-27,31723,EDSE,Eddie Seal,4.08e-06,0.0,0.0,coinmarketcap_data_api_listings_historical
2026-02-27,31730,BIAO,Biaoqing,0.00010155,0.0,0.0,coinmarketcap_data_api_listings_historical
2026-02-27,31734,ANON,Anonymous,1.052e-05,0.0,0.0,coinmarketcap_data_api_listings_historical
2026-02-27,31736,ZUSHI,ZUSHI,3.083e-05,0.0,0.0,coinmarketcap_data_api_listings_historical
2026-02-27,31745,GL,Lemmings,1.77e-06,0.0,0.0,coinmarketcap_data_api_listings_historical
2026-02-27,31746,BOLT,BOLT,6.819e-05,0.0,0.0,coinmarketcap_data_api_listings_historical
2026-02-27,31748,CHRETT,Chinese BRETT,5.506e-05,0.0,0.0,coinmarketcap_data_api_listings_historical
2026-02-27,31755,BRETT,Bretter Brett,3e-07,0.0,0.0,coinmarketcap_data_api_listings_historical
2026-02-27,31758,CHADCAT,CHAD CAT,2.169e-05,0.0,0.0,coinmarketcap_data_api_listings_historical
2026-02-27,31772,LION,King Of Meme,0.0,0.0,0.0,coinmarketcap_data_api_listings_historical
2026-02-27,31778,BIF,Brianwifhat,2e-08,0.0,0.0,coinmarketcap_data_api_listings_historical
2026-02-27,31781,LANDWU,LandWu,0.0,0.0,0.0,coinmarketcap_data_api_listings_historical
2026-02-27,31785,S315,SWAP315,0.15016371,0.0,0.0,coinmarketcap_data_api_listings_historical
2026-02-27,31786,MIXER,$TON Mixer,0.00030948,0.0,0.0,coinmarketcap_data_api_listings_historical
2026-02-27,31788,EAI,Eagle AI,0.00989332,0.0,0.0,coinmarketcap_data_api_listings_historical
2026-02-27,31789,ASS,Abella Danger,1.945e-05,0.0,0.0,coinmarketcap_data_api_listings_historical
2026-02-27,31797,NORMUS,NORMUS,8.77e-06,0.0,0.0,coinmarketcap_data_api_listings_historical
2026-02-27,31802,STONKS,Stonks,1.8e-07,0.0,0.0,coinmarketcap_data_api_listings_historical
2026-02-27,15428,EShib,Euro Shiba Inu,0.0,0.0,0.0,coinmarketcap_data_api_listings_historical
2026-02-27,31815,DIDID,Didi Duck,7.896e-05,0.0,0.0,coinmarketcap_data_api_listings_historical
2026-02-27,31817,WIF,Wif - SecondChance,4.696e-05,0.0,0.0,coinmarketcap_data_api_listings_historical
2026-02-27,31827,ROBIN,Robin,1.3e-07,0.0,0.0,coinmarketcap_data_api_listings_historical
2026-02-27,31833,MOGE,Moge,0.0,0.0,0.0,coinmarketcap_data_api_listings_historical
2026-02-27,31845,LAIKA,LAIKA The Cosmodog,5.1e-07,0.0,0.0,coinmarketcap_data_api_listings_historical
2026-02-27,31849,RECA,The Resistance Cat,0.00455998,0.0,0.0,coinmarketcap_data_api_listings_historical
2026-02-27,31852,MAGA,Maek Amuruca Graet Agun,6.95e-06,0.0,0.0,coinmarketcap_data_api_listings_historical
2026-02-27,31856,BBRETT,Baby Brett,5.938e-05,0.0,0.0,coinmarketcap_data_api_listings_historical
2026-02-27,31859,GIGACHAD,GigaChad (gigachad.com),0.0,0.0,0.0,coinmarketcap_data_api_listings_historical
2026-02-27,15476,LUXY,LUXY,0.00248417,0.0,0.0,coinmarketcap_data_api_listings_historical
2026-02-27,31862,PCD,Phecda,0.00048998,0.0,0.0,coinmarketcap_data_api_listings_historical
2026-02-27,15480,UMAMI,Umami Finance,0.4501102,0.0,0.0,coinmarketcap_data_api_listings_historical
2026-02-27,31869,PTRUMP,Pepe Trump,0.00029805,0.0,0.0,coinmarketcap_data_api_listings_historical
2026-02-27,15493,MVC,Multiverse Capital,4.8e-07,0.0,0.0,coinmarketcap_data_api_listings_historical
2026-02-27,31877,PEIPEI,PeiPei (BSC),0.0,0.0,0.0,coinmarketcap_data_api_listings_historical
2026-02-27,31885,FPEPE,Based Father Pepe,1.48e-05,0.0,0.0,coinmarketcap_data_api_listings_historical
2026-02-27,31889,CHIPPY,Chippy,1.2e-05,0.0,0.0,coinmarketcap_data_api_listings_historical
2026-02-27,31899,LAK3,LAKE,0.01079002,0.0,0.0,coinmarketcap_data_api_listings_historical
2026-02-27,31901,POLA,Pola On Base,1.985e-05,0.0,0.0,coinmarketcap_data_api_listings_historical
2026-02-27,31915,ETHB,ETHEREUM ON BASE,0.08867393,0.0,0.0,coinmarketcap_data_api_listings_historical
2026-02-27,31916,FLOCKA,Waka Flocka,0.00011653,0.0,0.0,coinmarketcap_data_api_listings_historical
2026-02-27,31919,BALT,Brett's cat,2.871e-05,0.0,0.0,coinmarketcap_data_api_listings_historical
2026-02-27,31925,HGEN,HGEN DAO,0.03389396,0.0,0.0,coinmarketcap_data_api_listings_historical
2026-02-27,31928,CHUANPU,Chuan Pu,1.509e-05,0.0,0.0,coinmarketcap_data_api_listings_historical
2026-02-27,31934,TST,Teleport System Token,0.00022926,0.0,0.0,coinmarketcap_data_api_listings_historical
2026-02-27,31937,FAC,Flying Avocado Cat,0.02184622,0.0,0.0,coinmarketcap_data_api_listings_historical
2026-02-27,31944,WHISKEY,WHISKEY,0.00139387,0.0,0.0,coinmarketcap_data_api_listings_historical
2026-02-27,31946,$CHIDO,Chinese Doge Wow,0.00029592,0.0,0.0,coinmarketcap_data_api_listings_historical
2026-02-27,31948,WVTRS,Vitreus,0.01042922,0.0,0.0,coinmarketcap_data_api_listings_historical
2026-02-27,15565,CHEESE,CheeseSwap,1.8e-07,0.0,0.0,coinmarketcap_data_api_listings_historical
2026-02-27,31956,ANDWU,Chinese Andy,0.0,0.0,0.0,coinmarketcap_data_api_listings_historical
2026-02-27,31959,SCRAT,Scrat,0.00061019,0.0,0.0,coinmarketcap_data_api_listings_historical
2026-02-27,15577,BIVE,BIZVERSE,0.00119915,0.0,0.0,coinmarketcap_data_api_listings_historical
2026-02-27,31988,RNT,Reental,0.16638172,0.0,0.0,coinmarketcap_data_api_listings_historical
2026-02-27,31994,PEEPO,Peepo,1.353e-05,0.0,0.0,coinmarketcap_data_api_listings_historical
2026-02-27,32011,BUCKY,Bucky,8e-08,0.0,0.0,coinmarketcap_data_api_listings_historical
2026-02-27,32012,ETT,Euro 20,0.00698501,0.0,0.0,coinmarketcap_data_api_listings_historical
2026-02-27,32028,SOLETF,SOL ETF,0.0,0.0,0.0,coinmarketcap_data_api_listings_historical
2026-02-27,32033,MICKEY,OG Mickey,4.568e-05,0.0,0.0,coinmarketcap_data_api_listings_historical
2026-02-27,32034,MMIP,Memes Make It Possible,1.66e-05,0.0,0.0,coinmarketcap_data_api_listings_historical
2026-02-27,32045,CHWY,CHEWY,0.0,0.0,0.0,coinmarketcap_data_api_listings_historical
2026-02-27,32047,BOYS,Boysclub on Base,0.0002062,0.0,0.0,coinmarketcap_data_api_listings_historical
2026-02-27,32048,BOGGY,Boggy Coin,0.00036215,0.0,0.0,coinmarketcap_data_api_listings_historical
2026-02-27,15669,PRL,The Parallel,0.00047574,0.0,0.0,coinmarketcap_data_api_listings_historical
2026-02-27,32056,$COFEEE,COFFEE,0.00173801,0.0,0.0,coinmarketcap_data_api_listings_historical
2026-02-27,32060,MOB,Marvin on Base,1e-08,0.0,0.0,coinmarketcap_data_api_listings_historical
2026-02-27,15683,METAMUSK,Musk Metaverse,0.0,0.0,0.0,coinmarketcap_data_api_listings_historical
2026-02-27,32067,DOOGLE,Doogle,1.096e-05,0.0,0.0,coinmarketcap_data_api_listings_historical
2026-02-27,15709,GENS,Genius Yield,0.00206306,0.0,0.0,coinmarketcap_data_api_listings_historical
2026-02-27,32097,JASON,Jason Derulo,3.221e-05,0.0,0.0,coinmarketcap_data_api_listings_historical
2026-02-27,32098,DCI,Dynamic Crypto Index,9102.107578,0.0,0.0,coinmarketcap_data_api_listings_historical
2026-02-27,32101,REXHAT,rexwifhat,7.963e-05,0.0,0.0,coinmarketcap_data_api_listings_historical
2026-02-27,32106,MAN,Gentleman,4.133e-05,0.0,0.0,coinmarketcap_data_api_listings_historical
2026-02-27,15733,BENT,Bent Finance,0.0345193,0.0,0.0,coinmarketcap_data_api_listings_historical
2026-02-27,32123,PEON,Peon,0.0,0.0,0.0,coinmarketcap_data_api_listings_historical
2026-02-27,32146,OILX,OilX Token,70.66813801,0.0,0.0,coinmarketcap_data_api_listings_historical
2026-02-27,32149,XAGX,Silver Token,93.8275278,0.0,0.0,coinmarketcap_data_api_listings_historical
2026-02-27,32172,MELLOW,Matt Furie's Mellow Man,0.00127269,0.0,0.0,coinmarketcap_data_api_listings_historical
2026-02-27,32177,$LANDLORD,LANDLORD RONALD,4.964e-05,0.0,0.0,coinmarketcap_data_api_listings_historical
2026-02-27,32178,MOLI,Mobile Liquidity,0.01005928,0.0,0.0,coinmarketcap_data_api_listings_historical
2026-02-27,32185,BARRON,Barron Trump,0.0,0.0,0.0,coinmarketcap_data_api_listings_historical
2026-02-27,32187,FOUR,4,1.599e-05,0.0,0.0,coinmarketcap_data_api_listings_historical
2026-02-27,15806,ATK,Attack Wagon,8.04e-06,0.0,0.0,coinmarketcap_data_api_listings_historical
2026-02-27,15808,FCP,FILIPCOIN,7.057e-05,0.0,0.0,coinmarketcap_data_api_listings_historical
2026-02-27,15810,OMNIA,OMNIA Protocol,0.00216546,0.0,0.0,coinmarketcap_data_api_listings_historical
2026-02-27,32215,SYK,Stryke,0.01139188,0.0,0.0,coinmarketcap_data_api_listings_historical
2026-02-27,15840,STT,Stamen Tellus Token,4.356e-05,0.0,0.0,coinmarketcap_data_api_listings_historical
2026-02-27,32235,WBONE,Wrapped BONE,0.06138361,0.0,0.0,coinmarketcap_data_api_listings_historical
2026-02-27,15853,AXL,Axl Inu,2.09e-06,0.0,0.0,coinmarketcap_data_api_listings_historical
2026-02-27,32237,BBTC,Baby Bitcoin,0.00013521,0.0,0.0,coinmarketcap_data_api_listings_historical
2026-02-27,32248,CLOKI,CATLOKI,4.885e-05,0.0,0.0,coinmarketcap_data_api_listings_historical
2026-02-27,15876,BOMB,Bomb Money,0.00137376,0.0,0.0,coinmarketcap_data_api_listings_historical
2026-02-27,32276,GRASS,Touch Grass,2.207e-05,0.0,0.0,coinmarketcap_data_api_listings_historical
2026-02-27,32277,VANCE,JD Vance,4.03e-06,0.0,0.0,coinmarketcap_data_api_listings_historical
2026-02-27,32281,BEEF,PepeBull,0.0,0.0,0.0,coinmarketcap_data_api_listings_historical
2026-02-27,15898,MTK,Metakings,9.74e-06,0.0,0.0,coinmarketcap_data_api_listings_historical
2026-02-27,15899,LSC,Last Survivor,2.42e-06,0.0,0.0,coinmarketcap_data_api_listings_historical
2026-02-27,32285,ORC,ORC,0.00014023,0.0,0.0,coinmarketcap_data_api_listings_historical
2026-02-27,32295,BTC,Bullish Trump Coin,3e-08,0.0,0.0,coinmarketcap_data_api_listings_historical
2026-02-27,15921,PLT,Poollotto.finance,0.43990633,0.0,0.0,coinmarketcap_data_api_listings_historical
2026-02-27,32309,BRETTA,Bretta (Brett’s Wife),9.968e-05,0.0,0.0,coinmarketcap_data_api_listings_historical
2026-02-27,32333,CAT,Catson,3.316e-05,0.0,0.0,coinmarketcap_data_api_listings_historical
2026-02-27,32338,BABYPEIPEI,Baby PeiPei,0.0,0.0,0.0,coinmarketcap_data_api_listings_historical
2026-02-27,32343,WEWE,WEWECOIN,5.7e-07,0.0,0.0,coinmarketcap_data_api_listings_historical
2026-02-27,32370,GUZUTA,CLYDE,0.0,0.0,0.0,coinmarketcap_data_api_listings_historical
2026-02-27,32373,WYZ,WYZth,0.00010005,0.0,0.0,coinmarketcap_data_api_listings_historical
2026-02-27,32377,RARE,Rare Pepe,6.9e-07,0.0,0.0,coinmarketcap_data_api_listings_historical
2026-02-27,32379,$TIME,TIME,1.6e-07,0.0,0.0,coinmarketcap_data_api_listings_historical
2026-02-27,32383,LUNARLENS,Lunarlens coin,6.947e-05,0.0,0.0,coinmarketcap_data_api_listings_historical
2026-02-27,32384,DONALD,Donald Pump,4.11e-05,0.0,0.0,coinmarketcap_data_api_listings_historical
2026-02-27,32385,JVT,JVault,0.02585627,0.0,0.0,coinmarketcap_data_api_listings_historical
2026-02-27,32388,GURU,Guru Network,0.00015198,0.0,0.0,coinmarketcap_data_api_listings_historical
2026-02-27,16007,RVC,Revenue Coin,0.00013898,0.0,0.0,coinmarketcap_data_api_listings_historical
2026-02-27,32405,RABBIT,Based Rabbit,2.488e-05,0.0,0.0,coinmarketcap_data_api_listings_historical
2026-02-27,32410,USPEPE,American pepe,0.0,0.0,0.0,coinmarketcap_data_api_listings_historical
2026-02-27,32413,HARRIS,Kamala Harris (kamaharris.fun),1.537e-05,0.0,0.0,coinmarketcap_data_api_listings_historical
2026-02-27,32417,HACD,Hacash Diamond,5.56368741,0.0,0.0,coinmarketcap_data_api_listings_historical
2026-02-27,32418,PLAY,Solana Poker,0.00557192,0.0,0.0,coinmarketcap_data_api_listings_historical
2026-02-27,16035,FIGHT,Crypto Fight Club,0.00011083,0.0,0.0,coinmarketcap_data_api_listings_historical
2026-02-27,32419,KAMA,Kamala Horris,9.325e-05,0.0,0.0,coinmarketcap_data_api_listings_historical
2026-02-27,16045,ADAO,Adadao,0.0004665,0.0,0.0,coinmarketcap_data_api_listings_historical
2026-02-27,32430,SIMPSON,Simpson Predictions,0.0,0.0,0.0,coinmarketcap_data_api_listings_historical
2026-02-27,32432,TIMI,This Is My Iguana,7.015e-05,0.0,0.0,coinmarketcap_data_api_listings_historical
2026-02-27,32446,BULLISH,bullish,3.757e-05,0.0,0.0,coinmarketcap_data_api_listings_historical
2026-02-27,32447,XGD,XGold,83.32094426,0.0,0.0,coinmarketcap_data_api_listings_historical
2026-02-27,32467,DRIP,DRIP,0.00177388,0.0,0.0,coinmarketcap_data_api_listings_historical
2026-02-27,32474,DOLLAR,Dollar,4.058e-05,0.0,0.0,coinmarketcap_data_api_listings_historical
2026-02-27,32478,MOXIE,Moxie,1.33e-06,0.0,0.0,coinmarketcap_data_api_listings_historical
2026-02-27,32481,GM,Good Morning!,5.401e-05,0.0,0.0,coinmarketcap_data_api_listings_historical
2026-02-27,32487,BAKED,Baked,9.202e-05,0.0,0.0,coinmarketcap_data_api_listings_historical
2026-02-27,16105,CHMB,Chumbi,1.4e-06,0.0,0.0,coinmarketcap_data_api_listings_historical
2026-02-27,32490,SNIBBU,Snibbu The Crab,0.0,0.0,0.0,coinmarketcap_data_api_listings_historical
2026-02-27,32493,UXD,Criptodólar,0.99980817,0.0,0.0,coinmarketcap_data_api_listings_historical
2026-02-27,32496,PAN,Pankito,0.00039614,0.0,0.0,coinmarketcap_data_api_listings_historical
2026-02-27,32500,BOBO,Bobo The Bear,0.0,0.0,0.0,coinmarketcap_data_api_listings_historical
2026-02-27,16121,WHALE,White Whale,1.61e-05,0.0,0.0,coinmarketcap_data_api_listings_historical
2026-02-27,32505,XROCK,xRocket,0.01353579,0.0,0.0,coinmarketcap_data_api_listings_historical
2026-02-27,32508,FROSTY,Frosty the Polar Bear,5.11e-06,0.0,0.0,coinmarketcap_data_api_listings_historical
2026-02-27,32514,DMAGA,Dark MAGA,7.156e-05,0.0,0.0,coinmarketcap_data_api_listings_historical
2026-02-27,32515,CHEESE,Cheese,3.721e-05,0.0,0.0,coinmarketcap_data_api_listings_historical
2026-02-27,16137,BTC2X-FLI,BTC 2x Flexible Leverage Index,15.79126213,0.0,0.0,coinmarketcap_data_api_listings_historical
2026-02-27,32530,DODO,Dodo the Black Swan,0.0,0.0,0.0,coinmarketcap_data_api_listings_historical
2026-02-27,32533,LOAFCAT,LOAFCAT,8e-07,0.0,0.0,coinmarketcap_data_api_listings_historical
2026-02-27,32534,BLUE,Blue Guy,8.81e-06,0.0,0.0,coinmarketcap_data_api_listings_historical
2026-02-27,32542,KEN,Ken,3.461e-05,0.0,0.0,coinmarketcap_data_api_listings_historical
2026-02-27,16160,MCC,Multi-Chain Capital (new),1.1e-07,0.0,0.0,coinmarketcap_data_api_listings_historical
2026-02-27,32545,HYDRA,HYDRA,0.27595425,0.0,0.0,coinmarketcap_data_api_listings_historical
2026-02-27,32546,REGI,Resistance Girl,0.00034549,0.0,0.0,coinmarketcap_data_api_listings_historical
2026-02-27,32557,TRUMP,TRUMP MAGA PRESIDENT,0.0,0.0,0.0,coinmarketcap_data_api_listings_historical
2026-02-27,16177,XUSD,xUSD Token,1.31064189,0.0,0.0,coinmarketcap_data_api_listings_historical
2026-02-27,16181,SLC,Solice,4.758e-05,0.0,0.0,coinmarketcap_data_api_listings_historical
2026-02-27,32570,JOULE,Joule,0.00110552,0.0,0.0,coinmarketcap_data_api_listings_historical
2026-02-27,32578,WAI,Wiener AI,2.27e-06,0.0,0.0,coinmarketcap_data_api_listings_historical
2026-02-27,32581,CATLIFE,Cat Life,2.77e-06,0.0,0.0,coinmarketcap_data_api_listings_historical
2026-02-27,32586,BALL,Game 5 BALL,0.00115043,0.0,0.0,coinmarketcap_data_api_listings_historical
2026-02-27,32603,WBC,WorldBrain Coin,9.61e-06,0.0,0.0,coinmarketcap_data_api_listings_historical
2026-02-27,32621,99BTC,99 Bitcoins,3.12e-06,0.0,0.0,coinmarketcap_data_api_listings_historical
2026-02-27,32632,SIO,SAINO,9.99e-06,0.0,0.0,coinmarketcap_data_api_listings_historical
2026-02-27,32636,RTR,Restore The Republic,0.00024254,0.0,0.0,coinmarketcap_data_api_listings_historical
2026-02-27,32649,MATRIX,Matrix One,4.59e-06,0.0,0.0,coinmarketcap_data_api_listings_historical
2026-02-27,16275,MMETA,Duckie Land,0.00230489,0.0,0.0,coinmarketcap_data_api_listings_historical
2026-02-27,32664,BTW,Banana Tape Wall,3.242e-05,0.0,0.0,coinmarketcap_data_api_listings_historical
2026-02-27,32676,BTX,Batonex Token,0.09809582,0.0,0.0,coinmarketcap_data_api_listings_historical
2026-02-27,16298,HBOT,Hummingbot Governance Token,0.00071934,0.0,0.0,coinmarketcap_data_api_listings_historical
2026-02-27,32682,GUA,GUA,3.39e-06,0.0,0.0,coinmarketcap_data_api_listings_historical
2026-02-27,32686,ZYGO,Zygo the frog,5.13e-06,0.0,0.0,coinmarketcap_data_api_listings_historical
2026-02-27,32689,AGETH,Kelp DAO's Airdrop Gain ETH,2102.58410939,0.0,0.0,coinmarketcap_data_api_listings_historical
2026-02-27,16314,CNF,CryptoNeur Network foundation,5.737e-05,0.0,0.0,coinmarketcap_data_api_listings_historical
2026-02-27,16330,EGG,Chikn Egg,0.00040245,0.0,0.0,coinmarketcap_data_api_listings_historical
2026-02-27,16366,PHX,Phoenix Blockchain,0.00812451,0.0,0.0,coinmarketcap_data_api_listings_historical
2026-02-27,32750,TIEDAN,TieDan,5.405e-05,0.0,0.0,coinmarketcap_data_api_listings_historical
