snapshot_date,asset_id,symbol,asset_name,price,market_cap,volume,source
2026-02-20,1,BTC,Bitcoin,68005.42064179,1359598100159.3225,47507867303.75,coinmarketcap_data_api_listings_historical
2026-02-20,1027,ETH,Ethereum,1969.02233589,237645977243.50586,21682976627.0,coinmarketcap_data_api_listings_historical
2026-02-20,825,USDT,Tether USDt,0.99967069,183678231158.97928,88084347590.12,coinmarketcap_data_api_listings_historical
2026-02-20,52,XRP,XRP,1.42941401,87220818729.00246,2659190397.42,coinmarketcap_data_api_listings_historical
2026-02-20,1839,BNB,BNB,625.66349215,85314904535.58104,1709915616.11,coinmarketcap_data_api_listings_historical
2026-02-20,3408,USDC,USDC,1.00007938,74481942504.16475,11788526340.6,coinmarketcap_data_api_listings_historical
2026-02-20,5426,SOL,Solana,84.63510904,48102718229.21995,3866512374.3,coinmarketcap_data_api_listings_historical
2026-02-20,1958,TRX,TRON,0.28547839,27043703798.476265,655977061.92,coinmarketcap_data_api_listings_historical
2026-02-20,74,DOGE,Dogecoin,0.10012281,16903238112.230015,1090061834.64,coinmarketcap_data_api_listings_historical
2026-02-20,1831,BCH,Bitcoin Cash,562.54280261,11249655374.935669,500795003.69,coinmarketcap_data_api_listings_historical
2026-02-20,2010,ADA,Cardano,0.28490664,10276527983.848162,505182730.3,coinmarketcap_data_api_listings_historical
2026-02-20,3957,LEO,UNUS SED LEO,8.69815657,8013672055.719572,3598538.16,coinmarketcap_data_api_listings_historical
2026-02-20,32196,HYPE,Hyperliquid,30.36649202,7862366385.267565,231579272.04,coinmarketcap_data_api_listings_historical
2026-02-20,1975,LINK,Chainlink,8.94140558,6331409027.3311,655939488.71,coinmarketcap_data_api_listings_historical
2026-02-20,29470,USDe,Ethena USDe,0.99908096,6227863388.469547,149777998.34,coinmarketcap_data_api_listings_historical
2026-02-20,328,XMR,Monero,331.5982089,6116907294.871616,71918412.73,coinmarketcap_data_api_listings_historical
2026-02-20,37263,CC,Canton,0.15872787,6000131959.764729,10681418.09,coinmarketcap_data_api_listings_historical
2026-02-20,4943,DAI,Dai,0.99991558,5364929745.139779,105152299.98,coinmarketcap_data_api_listings_historical
2026-02-20,512,XLM,Stellar,0.16267218,5343565011.774095,103319259.34,coinmarketcap_data_api_listings_historical
2026-02-20,36148,USD1,World Liberty Financial USD,0.99940375,5033616575.263087,1920285826.72,coinmarketcap_data_api_listings_historical
2026-02-20,4642,HBAR,Hedera,0.09977859,4290820573.159699,98981081.12,coinmarketcap_data_api_listings_historical
2026-02-20,1437,ZEC,Zcash,258.85477324,4282720491.697606,278776066.18,coinmarketcap_data_api_listings_historical
2026-02-20,2,LTC,Litecoin,55.21048531,4244132944.878654,365876772.8,coinmarketcap_data_api_listings_historical
2026-02-20,27772,PYUSD,PayPal USD,0.99966539,4054254937.035994,232816646.76,coinmarketcap_data_api_listings_historical
2026-02-20,5805,AVAX,Avalanche,9.1684542,3958681448.9977117,294637764.95,coinmarketcap_data_api_listings_historical
2026-02-20,5994,SHIB,Shiba Inu,6.43e-06,3787453658.0103283,151818107.81,coinmarketcap_data_api_listings_historical
2026-02-20,20947,SUI,Sui,0.9546593,3671784373.016022,565456220.3,coinmarketcap_data_api_listings_historical
2026-02-20,33251,WLFI,World Liberty Financial,0.12090383,3341052174.937873,153507924.96,coinmarketcap_data_api_listings_historical
2026-02-20,11419,TON,Toncoin,1.33155621,3263398169.666395,90552698.49,coinmarketcap_data_api_listings_historical
2026-02-20,3635,CRO,Cronos,0.07887049,3237322148.1140757,10861777.75,coinmarketcap_data_api_listings_historical
2026-02-20,5176,XAUt,Tether Gold,5084.15101145,2647956213.0217957,357856541.12,coinmarketcap_data_api_listings_historical
2026-02-20,4705,PAXG,PAX Gold,5113.32402621,2347066733.436221,481853490.35,coinmarketcap_data_api_listings_historical
2026-02-20,6636,DOT,Polkadot,1.34135213,2236445152.372834,127195092.69,coinmarketcap_data_api_listings_historical
2026-02-20,7083,UNI,Uniswap,3.49067022,2213250945.1927767,216092040.43,coinmarketcap_data_api_listings_historical
2026-02-20,27075,MNT,Mantle,0.6306656,2051519911.9506197,28086616.16,coinmarketcap_data_api_listings_historical
2026-02-20,22974,TAO,Bittensor,180.94238512,1934089296.9953,128052568.35,coinmarketcap_data_api_listings_historical
2026-02-20,36341,ASTER,Aster,0.72667977,1799428318.9584215,104436388.21,coinmarketcap_data_api_listings_historical
2026-02-20,7278,AAVE,Aave,116.02770287,1778545812.1140401,480427222.9,coinmarketcap_data_api_listings_historical
2026-02-20,24478,PEPE,Pepe,4.26e-06,1762762328.4102361,337989065.14,coinmarketcap_data_api_listings_historical
2026-02-20,35491,M,MemeCore,1.3445584,1708512251.5312715,10586083.36,coinmarketcap_data_api_listings_historical
2026-02-20,3897,OKB,OKB,79.70039295,1673708251.9322987,16633834.21,coinmarketcap_data_api_listings_historical
2026-02-20,11092,BGB,Bitget Token,2.3353194,1633800592.4879818,22379284.05,coinmarketcap_data_api_listings_historical
2026-02-20,33793,USDG,Global Dollar,0.9998576,1626915544.477906,27112491.19,coinmarketcap_data_api_listings_historical
2026-02-20,35697,PI,Pi,0.17721229,1606261824.7003233,16468552.88,coinmarketcap_data_api_listings_historical
2026-02-20,34387,RLUSD,Ripple USD,1.00003793,1558629827.189802,126803428.39,coinmarketcap_data_api_listings_historical
2026-02-20,33038,SKY,Sky,0.06456834,1485833599.4610085,13767043.48,coinmarketcap_data_api_listings_historical
2026-02-20,1321,ETC,Ethereum Classic,8.76036698,1363227874.7875948,64787927.87,coinmarketcap_data_api_listings_historical
2026-02-20,6535,NEAR,NEAR Protocol,1.05342964,1357146398.774174,131947560.67,coinmarketcap_data_api_listings_historical
2026-02-20,21159,ONDO,Ondo,0.26771788,1303606857.7344737,44136329.66,coinmarketcap_data_api_listings_historical
2026-02-20,8916,ICP,Internet Computer,2.1943981,1205142907.710975,63561101.79,coinmarketcap_data_api_listings_historical
2026-02-20,3794,ATOM,Cosmos,2.35763255,1164661802.04813,64176192.55,coinmarketcap_data_api_listings_historical
2026-02-20,28321,POL,Polygon (prev. MATIC),0.10595995,1122648407.2149243,73029973.46,coinmarketcap_data_api_listings_historical
2026-02-20,13502,WLD,Worldcoin,0.3913349,1117714657.9637995,81629377.18,coinmarketcap_data_api_listings_historical
2026-02-20,2087,KCS,KuCoin Token,8.44695272,1116307220.9408302,2593065.32,coinmarketcap_data_api_listings_historical
2026-02-20,19891,USDD,USDD,0.99962509,1110004370.7683418,16971590.71,coinmarketcap_data_api_listings_historical
2026-02-20,39064,NIGHT,Midnight,0.06056985,1005907615.2377012,19003108.64,coinmarketcap_data_api_listings_historical
2026-02-20,30171,ENA,Ethena,0.11134803,915837563.9670398,112900102.01,coinmarketcap_data_api_listings_historical
2026-02-20,20396,KAS,Kaspa,0.03114504,847795681.0561937,16144233.8,coinmarketcap_data_api_listings_historical
2026-02-20,35336,TRUMP,OFFICIAL TRUMP,3.57072446,830186267.7857568,219162951.32,coinmarketcap_data_api_listings_historical
2026-02-20,4269,GT,GateToken,7.14156575,822569635.7711128,2326435.22,coinmarketcap_data_api_listings_historical
2026-02-20,3155,QNT,Quant,67.08859885,809943076.726221,10738825.22,coinmarketcap_data_api_listings_historical
2026-02-20,4030,ALGO,Algorand,0.09047777,803439525.1090728,33937053.12,coinmarketcap_data_api_listings_historical
2026-02-20,7950,FLR,Flare,0.00941855,799050923.280868,3885924.74,coinmarketcap_data_api_listings_historical
2026-02-20,5690,RENDER,Render,1.50616071,781267722.1441572,62646532.14,coinmarketcap_data_api_listings_historical
2026-02-20,36507,PUMP,Pump.fun,0.00210571,745419658.5701065,86704442.0,coinmarketcap_data_api_listings_historical
2026-02-20,2280,FIL,Filecoin,0.95763935,721232691.5877707,94393288.93,coinmarketcap_data_api_listings_historical
2026-02-20,39120,U,United Stables,0.99997229,714880187.6913458,29857373.75,coinmarketcap_data_api_listings_historical
2026-02-20,2634,XDC,XDC Network,0.03512088,700075477.9819309,17894002.77,coinmarketcap_data_api_listings_historical
2026-02-20,21794,APT,Aptos,0.88434637,689170498.0547048,55439762.03,coinmarketcap_data_api_listings_historical
2026-02-20,3077,VET,VeChain,0.00782382,672731467.7831196,20169380.87,coinmarketcap_data_api_listings_historical
2026-02-20,34104,MORPHO,Morpho,1.57748557,599059222.9072288,49228069.04,coinmarketcap_data_api_listings_historical
2026-02-20,11841,ARB,Arbitrum,0.09722378,566502059.9505534,158227456.82,coinmarketcap_data_api_listings_historical
2026-02-20,2694,NEXO,Nexo,0.87636242,566257932.59977,7066841.65,coinmarketcap_data_api_listings_historical
2026-02-20,23095,BONK,Bonk,6.43e-06,565477284.9990948,57436205.61,coinmarketcap_data_api_listings_historical
2026-02-20,38892,STABLE,Stable,0.02967947,522358670.24635655,32619235.23,coinmarketcap_data_api_listings_historical
2026-02-20,29210,JUP,Jupiter,0.15988992,518665521.96008414,36203063.71,coinmarketcap_data_api_listings_historical
2026-02-20,26997,ZRO,LayerZero,1.6811619,506160408.32336295,108222742.35,coinmarketcap_data_api_listings_historical
2026-02-20,2563,TUSD,TrueUSD,0.9990509,494045740.7066727,19877217.44,coinmarketcap_data_api_listings_historical
2026-02-20,23149,SEI,Sei,0.07156002,481837459.01486903,37450629.65,coinmarketcap_data_api_listings_historical
2026-02-20,35053,PIPPIN,pippin,0.47744127,477439485.07550555,39751608.07,coinmarketcap_data_api_listings_historical
2026-02-20,38828,KITE,Kite,0.26122276,470200960.46223587,203643882.09,coinmarketcap_data_api_listings_historical
2026-02-20,4847,STX,Stacks,0.2560601,464648141.4664839,10792934.27,coinmarketcap_data_api_listings_historical
2026-02-20,20641,EURC,EURC,1.17856867,458842075.42173535,51812182.71,coinmarketcap_data_api_listings_historical
2026-02-20,131,DASH,Dash,35.20308396,443578390.3224058,100806014.69,coinmarketcap_data_api_listings_historical
2026-02-20,34466,PENGU,Pudgy Penguins,0.00692313,435190975.1064822,106423866.29,coinmarketcap_data_api_listings_historical
2026-02-20,7186,CAKE,PancakeSwap,1.29623716,429532283.6235501,31747842.52,coinmarketcap_data_api_listings_historical
2026-02-20,29420,VIRTUAL,Virtuals Protocol,0.6531729,428666020.7001245,86987949.67,coinmarketcap_data_api_listings_historical
2026-02-20,2011,XTZ,Tezos,0.39220195,422019538.84787226,16702638.01,coinmarketcap_data_api_listings_historical
2026-02-20,1168,DCR,Decred,23.73804269,410336503.27179325,3861323.21,coinmarketcap_data_api_listings_historical
2026-02-20,26081,FDUSD,First Digital USD,0.99892478,394165069.87877226,463821531.18,coinmarketcap_data_api_listings_historical
2026-02-20,35626,IP,Story,1.12335407,393915585.41862535,47997332.64,coinmarketcap_data_api_listings_historical
2026-02-20,36922,H,Humanity Protocol,0.16176961,389980298.2592016,77386921.33,coinmarketcap_data_api_listings_historical
2026-02-20,5488,JST,JUST,0.04353012,383722685.0205709,26001026.87,coinmarketcap_data_api_listings_historical
2026-02-20,3773,FET,Artificial Superintelligence Alliance,0.1681869,383588884.0541791,41439138.93,coinmarketcap_data_api_listings_historical
2026-02-20,39125,LIT,Lighter,1.53187865,382969661.6575107,48805938.75,coinmarketcap_data_api_listings_historical
2026-02-20,4066,CHZ,Chiliz,0.03553228,365548603.8766848,74634218.09,coinmarketcap_data_api_listings_historical
2026-02-20,6538,CRV,Curve DAO Token,0.24694599,362326985.473391,55600612.21,coinmarketcap_data_api_listings_historical
2026-02-20,32880,KAIA,Kaia,0.05646138,352840872.9481377,11581945.14,coinmarketcap_data_api_listings_historical
2026-02-20,29814,ETHFI,ether.fi,0.47109592,350525545.8940618,31075723.59,coinmarketcap_data_api_listings_historical
2026-02-20,7226,INJ,Injective,3.43933589,343833626.1652807,98537305.94,coinmarketcap_data_api_listings_historical
2026-02-20,16086,BTT,BitTorrent [New],3.4e-07,338249740.0774741,8328105.0,coinmarketcap_data_api_listings_historical
2026-02-20,10603,IMX,Immutable,0.16589897,329968486.6031961,14083413.18,coinmarketcap_data_api_listings_historical
2026-02-20,9816,NFT,AINFT,3.3e-07,328771576.04412276,23560172.19,coinmarketcap_data_api_listings_historical
2026-02-20,10529,SUN,Sun [New],0.01695321,325710309.1937719,15030600.67,coinmarketcap_data_api_listings_historical
2026-02-20,3602,BSV,Bitcoin SV,16.22050623,324270678.9975041,14209137.38,coinmarketcap_data_api_listings_historical
2026-02-20,28177,PYTH,Pyth Network,0.05410191,311085020.1510332,17677497.83,coinmarketcap_data_api_listings_historical
2026-02-20,1659,GNO,Gnosis,117.78409283,310866388.0334328,1976723.96,coinmarketcap_data_api_listings_historical
2026-02-20,1720,IOTA,IOTA,0.07053116,303535265.08940554,13570982.59,coinmarketcap_data_api_listings_historical
2026-02-20,28081,SPX,SPX6900,0.32360125,301270524.6669861,12307869.92,coinmarketcap_data_api_listings_historical
2026-02-20,22861,TIA,Celestia,0.33162716,292728403.1351496,27013209.91,coinmarketcap_data_api_listings_historical
2026-02-20,10804,FLOKI,FLOKI,3.066e-05,292511896.11432385,37363414.53,coinmarketcap_data_api_listings_historical
2026-02-20,6719,GRT,The Graph,0.02722778,292062384.6859844,15919122.0,coinmarketcap_data_api_listings_historical
2026-02-20,29270,AERO,Aerodrome Finance,0.3137123,288951425.4886359,16287612.4,coinmarketcap_data_api_listings_historical
2026-02-20,8425,JASMY,JasmyCoin,0.00580782,287167649.04821175,15455556.91,coinmarketcap_data_api_listings_historical
2026-02-20,8000,LDO,Lido DAO,0.33029358,280474343.3860162,37822133.23,coinmarketcap_data_api_listings_historical
2026-02-20,11840,OP,Optimism,0.12861799,272393274.03448033,237685786.12,coinmarketcap_data_api_listings_historical
2026-02-20,7334,CFX,Conflux,0.05217732,270534118.4168531,8811727.06,coinmarketcap_data_api_listings_historical
2026-02-20,5665,HNT,Helium,1.45078411,270312182.76611686,10396860.43,coinmarketcap_data_api_listings_historical
2026-02-20,33824,SYRUP,Maple Finance,0.2278381,264153370.11430612,11157102.57,coinmarketcap_data_api_listings_historical
2026-02-20,38515,2Z,DoubleZero,0.07556059,262302347.86817685,10970746.89,coinmarketcap_data_api_listings_historical
2026-02-20,2394,TEL,Telcoin,0.00272107,261425094.15945438,1785035.29,coinmarketcap_data_api_listings_historical
2026-02-20,36410,MYX,MYX Finance,1.02250092,257131805.86462045,129798816.75,coinmarketcap_data_api_listings_historical
2026-02-20,13855,ENS,Ethereum Name Service,6.63018381,253297426.63806885,23091652.33,coinmarketcap_data_api_listings_historical
2026-02-20,22691,STRK,Starknet,0.04630694,252261201.32266036,43354075.77,coinmarketcap_data_api_listings_historical
2026-02-20,3871,AB,AB,0.00248507,245583891.30777952,4047279.16,coinmarketcap_data_api_listings_historical
2026-02-20,5964,TWT,Trust Wallet Token,0.53124448,228361025.17797387,10732794.24,coinmarketcap_data_api_listings_historical
2026-02-20,30495,MON,Monad,0.02102419,227704216.5693749,53639325.45,coinmarketcap_data_api_listings_historical
2026-02-20,6783,AXS,Axie Infinity,1.34357539,227268808.26363274,89657140.93,coinmarketcap_data_api_listings_historical
2026-02-20,6210,SAND,The Sandbox,0.0847417,226030633.58579406,30947172.65,coinmarketcap_data_api_listings_historical
2026-02-20,28752,WIF,dogwifhat,0.2258749,225612777.91769615,72932089.55,coinmarketcap_data_api_listings_historical
2026-02-20,30636,ZBCN,Zebec Network,0.00213733,209357558.5731086,7339430.11,coinmarketcap_data_api_listings_historical
2026-02-20,2416,THETA,Theta Network,0.20238533,202385330.66422164,8846795.62,coinmarketcap_data_api_listings_historical
2026-02-20,4172,LUNC,Terra Classic,3.695e-05,201969214.233102,18725351.71,coinmarketcap_data_api_listings_historical
2026-02-20,9481,PENDLE,Pendle,1.21968967,201525733.13377893,32359045.6,coinmarketcap_data_api_listings_historical
2026-02-20,9903,CVX,Convex Finance,1.99301483,198549725.8104203,12033311.96,coinmarketcap_data_api_listings_historical
2026-02-20,7326,DEXE,DeXe,2.36029561,197636241.21248642,6948417.38,coinmarketcap_data_api_listings_historical
2026-02-20,1376,NEO,Neo,2.77972629,196078642.7580559,12371227.65,coinmarketcap_data_api_listings_historical
2026-02-20,1966,MANA,Decentraland,0.09850971,195631379.6324852,20196706.92,coinmarketcap_data_api_listings_historical
2026-02-20,18679,XCN,Onyxcoin,0.00511752,190213521.09604096,6876829.87,coinmarketcap_data_api_listings_historical
2026-02-20,37322,VSN,Vision,0.05337852,188790680.5540138,3103870.81,coinmarketcap_data_api_listings_historical
2026-02-20,24091,ZK,ZKsync,0.02032901,187405831.4946427,19476612.44,coinmarketcap_data_api_listings_historical
2026-02-20,33597,FARTCOIN,Fartcoin,0.18618865,186188328.66920477,35932067.91,coinmarketcap_data_api_listings_historical
2026-02-20,7080,GALA,Gala,0.00391332,185216593.52066684,19945051.66,coinmarketcap_data_api_listings_historical
2026-02-20,38482,FF,Falcon Finance,0.07889486,184613967.2465995,83116469.69,coinmarketcap_data_api_listings_historical
2026-02-20,1697,BAT,Basic Attention Token,0.12211576,182651553.92838067,10670803.42,coinmarketcap_data_api_listings_historical
2026-02-20,5692,COMP,Compound,18.23647616,181723798.00156805,49556800.65,coinmarketcap_data_api_listings_historical
2026-02-20,8526,RAY,Raydium,0.65632404,176483097.41848454,24045662.52,coinmarketcap_data_api_listings_historical
2026-02-20,36645,XPL,Plasma,0.09517381,171312854.58156648,58621523.55,coinmarketcap_data_api_listings_historical
2026-02-20,38408,BARD,Lombard,0.76104565,171235270.80757487,6713450.99,coinmarketcap_data_api_listings_historical
2026-02-20,2467,TRAC,OriginTrail,0.33902901,169513926.21113127,6587933.53,coinmarketcap_data_api_listings_historical
2026-02-20,1455,GLM,Golem,0.16759217,167592173.1175126,11346982.57,coinmarketcap_data_api_listings_historical
2026-02-20,4041,MX,MX Token,1.80280157,165564489.71652144,7736525.92,coinmarketcap_data_api_listings_historical
2026-02-20,38868,SENT,Sentient,0.02269127,164236638.02900234,102697121.98,coinmarketcap_data_api_listings_historical
2026-02-20,10508,FLUID,Fluid,2.11298018,163824728.44762114,4581820.16,coinmarketcap_data_api_listings_historical
2026-02-20,10791,XEC,eCash,7.95e-06,158852623.0220072,4089091.6,coinmarketcap_data_api_listings_historical
2026-02-20,38417,RIVER,River,8.07314711,158233683.36473632,27590606.65,coinmarketcap_data_api_listings_historical
2026-02-20,4157,RUNE,THORChain,0.41463683,145410613.68252602,44863874.15,coinmarketcap_data_api_listings_historical
2026-02-20,7548,WEMIX,WEMIX,0.31243469,144431636.05923006,886236.49,coinmarketcap_data_api_listings_historical
2026-02-20,33391,DEEP,DeepBook Protocol,0.0292455,139830305.51135868,17148890.69,coinmarketcap_data_api_listings_historical
2026-02-20,38337,0G,0G,0.65548432,139778097.51357374,78204509.51,coinmarketcap_data_api_listings_historical
2026-02-20,8119,SFP,SafePal,0.27643431,138217153.3860672,2574945.12,coinmarketcap_data_api_listings_historical
2026-02-20,28541,JTO,Jito,0.3140608,137911004.27980137,78787556.13,coinmarketcap_data_api_listings_historical
2026-02-20,6892,EGLD,MultiversX,4.61221778,135438727.7142174,6636502.11,coinmarketcap_data_api_listings_historical
2026-02-20,2586,SNX,Synthetix,0.39364258,135202928.4586116,111795791.44,coinmarketcap_data_api_listings_historical
2026-02-20,38967,RAVE,RaveDAO,0.57295507,134493245.5905652,106605610.55,coinmarketcap_data_api_listings_historical
2026-02-20,36462,A,Vaulta,0.08201285,133192148.52970096,16228838.32,coinmarketcap_data_api_listings_historical
2026-02-20,5632,AR,Arweave,2.02143521,132712206.09190413,20308389.74,coinmarketcap_data_api_listings_historical
2026-02-20,8104,1INCH,1inch,0.09379122,132136449.94500308,12558375.49,coinmarketcap_data_api_listings_historical
2026-02-20,36532,B,BUILDon,0.13078746,130787460.84420648,3791499.89,coinmarketcap_data_api_listings_historical
2026-02-20,36119,WAL,Walrus,0.08123683,130774366.75188182,12035291.33,coinmarketcap_data_api_listings_historical
2026-02-20,24647,BERA,Berachain,0.59702869,128060368.32289267,58992092.26,coinmarketcap_data_api_listings_historical
2026-02-20,6945,AMP,Amp,0.00151055,127312745.16610837,4167983.06,coinmarketcap_data_api_listings_historical
2026-02-20,32684,S,Sonic,0.04351551,125324668.52160323,17974561.59,coinmarketcap_data_api_listings_historical
2026-02-20,19269,COW,CoW Protocol,0.21019633,117948537.84693754,5939842.24,coinmarketcap_data_api_listings_historical
2026-02-20,4006,AWE,AWE,0.06060925,117728630.03824311,39613079.38,coinmarketcap_data_api_listings_historical
2026-02-20,35347,MELANIA,Official Melania Meme,0.11770427,117703832.31330802,14330420.59,coinmarketcap_data_api_listings_historical
2026-02-20,30494,EIGEN,EigenCloud,0.19717948,117634077.0007638,23034397.26,coinmarketcap_data_api_listings_historical
2026-02-20,3640,LPT,Livepeer,2.35978509,117255253.92440131,12193522.17,coinmarketcap_data_api_listings_historical
2026-02-20,4195,FTT,FTX Token,0.34866687,114674827.92430232,2114249.66,coinmarketcap_data_api_listings_historical
2026-02-20,28298,BEAM,Beam,0.00231015,114274044.48168689,4313452.02,coinmarketcap_data_api_listings_historical
2026-02-20,30986,KMNO,Kamino,0.0282186,112313893.33794849,5430610.67,coinmarketcap_data_api_listings_historical
2026-02-20,29587,W,Wormhole,0.02004258,109306483.48669247,19734807.47,coinmarketcap_data_api_listings_historical
2026-02-20,39377,SKR,Seeker,0.0203477,108492113.96930271,17722904.78,coinmarketcap_data_api_listings_historical
2026-02-20,38353,MET,Meteora,0.21314097,106443088.67228907,31051485.96,coinmarketcap_data_api_listings_historical
2026-02-20,3822,TFUEL,Theta Fuel,0.01447553,104743436.2308613,1974075.05,coinmarketcap_data_api_listings_historical
2026-02-20,1785,GAS,Gas,1.6085669,104544512.62590262,3554013.14,coinmarketcap_data_api_listings_historical
2026-02-20,24613,EDU,Open Campus,0.12500917,103929495.79205228,4198582.13,coinmarketcap_data_api_listings_historical
2026-02-20,1698,ZEN,Horizen,5.79194902,103074741.21867847,15728286.85,coinmarketcap_data_api_listings_historical
2026-02-20,38356,FOGO,Fogo,0.02720581,102761773.28454807,37136652.83,coinmarketcap_data_api_listings_historical
2026-02-20,693,XVG,Verge,0.00617306,101990960.61905923,3700811.88,coinmarketcap_data_api_listings_historical
2026-02-20,1684,QTUM,Qtum,0.96044213,101776597.65299894,20293482.3,coinmarketcap_data_api_listings_historical
2026-02-20,5864,YFI,yearn.finance,2859.25000023,101708678.83824123,34378537.59,coinmarketcap_data_api_listings_historical
2026-02-20,7653,ROSE,Oasis,0.01319768,99615784.08893639,12063583.59,coinmarketcap_data_api_listings_historical
2026-02-20,30083,ATH,Aethir,0.00566189,99010390.26427297,10596909.34,coinmarketcap_data_api_listings_historical
2026-02-20,38151,YZY,YZY MONEY,0.3292806,98784052.49190706,1291567.84,coinmarketcap_data_api_listings_historical
2026-02-20,2577,RVN,Ravencoin,0.00609352,98070801.26326019,6598809.17,coinmarketcap_data_api_listings_historical
2026-02-20,36133,HOME,Defi App,0.02841381,97767178.98037456,20452758.14,coinmarketcap_data_api_listings_historical
2026-02-20,18934,STG,Stargate Finance,0.14539999,96102324.86396997,8547353.43,coinmarketcap_data_api_listings_historical
2026-02-20,7431,AKT,Akash Network,0.33205458,95779415.84089588,31983855.11,coinmarketcap_data_api_listings_historical
2026-02-20,3964,RSR,Reserve Rights,0.00152076,95128583.7179991,7910912.95,coinmarketcap_data_api_listings_historical
2026-02-20,18579,WTRX,Wrapped TRON,0.28542452,24952638750.793602,1831587.61,coinmarketcap_data_api_listings_historical
2026-02-20,8085,stETH,Lido Staked ETH,1966.71016529,18624606454.607685,37879571.85,coinmarketcap_data_api_listings_historical
2026-02-20,33039,USDS,USDS,0.99996122,9886881286.520079,114691692.78,coinmarketcap_data_api_listings_historical
2026-02-20,12409,WSTETH,Lido wstETH,2412.02532232,8733050968.344278,5313017.6,coinmarketcap_data_api_listings_historical
2026-02-20,3717,WBTC,Wrapped Bitcoin,67771.93016892,8206752178.58713,296813555.68,coinmarketcap_data_api_listings_historical
2026-02-20,24760,WBETH,Wrapped Beacon ETH,2145.01808701,7217724317.33493,2718915.73,coinmarketcap_data_api_listings_historical
2026-02-20,2396,WETH,WETH,1967.59469681,6641256995.351451,1173789653.68,coinmarketcap_data_api_listings_historical
2026-02-20,28695,weETH,Wrapped eETH,2139.94815979,6050108347.794479,1541613.65,coinmarketcap_data_api_listings_historical
2026-02-20,36458,AETHWETH,Aave Ethereum WETH,1954.3650102,5712744856.916207,0.0,coinmarketcap_data_api_listings_historical
2026-02-20,32994,CBBTC,Coinbase Wrapped BTC,68012.73492358,5701016635.866371,336732610.07,coinmarketcap_data_api_listings_historical
2026-02-20,36457,AETHUSDT,Aave Ethereum USDT,0.99971596,5039496296.098408,32235375.04,coinmarketcap_data_api_listings_historical
2026-02-20,38341,RAIN,Rain,0.00960161,4588578921.799844,33964694.39,coinmarketcap_data_api_listings_historical
2026-02-20,4023,BTCB,Bitcoin BEP2,67969.65127591,4432724083.223919,67241892.61,coinmarketcap_data_api_listings_historical
2026-02-20,29471,sUSDe,Ethena Staked USDe,1.2183063,3582731378.218105,3562850.69,coinmarketcap_data_api_listings_historical
2026-02-20,37760,BFUSD,BFUSD,0.99851719,1870071560.412976,4852113.71,coinmarketcap_data_api_listings_historical
2026-02-20,35721,USDf,Falcon USD,0.9970288,1636495894.977595,603254.28,coinmarketcap_data_api_listings_historical
2026-02-20,38779,syrupUSDC,syrupUSDC,1.1520713,1550939958.9729934,1764586.68,coinmarketcap_data_api_listings_historical
2026-02-20,29242,RSETH,Kelp DAO Restaked ETH,2091.46872737,1238703034.317538,6995.77,coinmarketcap_data_api_listings_historical
2026-02-20,9486,BTCT,Bitcoin TRC20,68104.43225473,1194917042.8147616,117164.68,coinmarketcap_data_api_listings_historical
2026-02-20,28853,JLP,Jupiter Perps LP,3.67124928,1152756215.5108984,16361556.34,coinmarketcap_data_api_listings_historical
2026-02-20,22533,JITOSOL,Jito Staked SOL,106.7266239,1067201277.6960497,14238946.67,coinmarketcap_data_api_listings_historical
2026-02-20,18852,USDC.e,USD Coin Bridged,0.99991663,1056039425.7501938,25051455.83,coinmarketcap_data_api_listings_historical
2026-02-20,7192,WBNB,Wrapped BNB,625.61859696,990282004.9761448,283526034.58,coinmarketcap_data_api_listings_historical
2026-02-20,31369,BBTC,BounceBit BTC,67880.79562792,977463094.8397667,0.0,coinmarketcap_data_api_listings_historical
2026-02-20,34691,USDtb,Ethena Labs (USDtb),0.99967485,834935910.6740373,5529.88,coinmarketcap_data_api_listings_historical
2026-02-20,28183,WFLR,Wrapped Flare,0.00942928,799960819.7377589,0.0,coinmarketcap_data_api_listings_historical
2026-02-20,33652,LBTC,Lombard Staked BTC,67780.56500134,798743720.9565296,55841.73,coinmarketcap_data_api_listings_historical
2026-02-20,15060,RETH,Rocket Pool ETH,2278.43131154,786748440.8209401,284714.43,coinmarketcap_data_api_listings_historical
2026-02-20,32882,BNSOL,Binance Staked SOL,92.93000062,769148819.465337,546184.07,coinmarketcap_data_api_listings_historical
2026-02-20,32306,FBTC,Function,67794.02400949,755610795.4978509,26886.0,coinmarketcap_data_api_listings_historical
2026-02-20,29256,USDY,Ondo US Dollar Yield,1.11226109,704529088.7322118,181692.73,coinmarketcap_data_api_listings_historical
2026-02-20,39072,KHYPE,Kinetiq Staked HYPE,30.72374476,660268971.7740022,4454419.07,coinmarketcap_data_api_listings_historical
2026-02-20,27568,slisBNB,Lista Staked BNB,646.1720802,622193114.8676013,93705.98,coinmarketcap_data_api_listings_historical
2026-02-20,3987,BDX,Beldex,0.08028572,610632142.0860316,12412055.24,coinmarketcap_data_api_listings_historical
2026-02-20,29035,METH,Mantle Staked Ether,2143.15065781,585273571.8301772,573214.85,coinmarketcap_data_api_listings_historical
2026-02-20,32307,USD0,Usual USD,0.99834895,574271583.2631755,30381.86,coinmarketcap_data_api_listings_historical
2026-02-20,38786,syrupUSDT,syrupUSDT,1.11633942,566669376.8733404,258896.08,coinmarketcap_data_api_listings_historical
2026-02-20,23782,LSETH,Liquid Staked ETH,2149.67968837,546189002.5346642,23110.36,coinmarketcap_data_api_listings_historical
2026-02-20,33055,slisBNBx,slisBNBx,625.3187,534665903.7005307,7859011.94,coinmarketcap_data_api_listings_historical
2026-02-20,23508,GHO,GHO,0.99958004,527216380.92522764,624272.81,coinmarketcap_data_api_listings_historical
2026-02-20,33981,bUSD0,Bond USD0,0.95581742,501287784.00374675,21666.26,coinmarketcap_data_api_listings_historical
2026-02-20,38562,USDAI,USDai,0.99971177,501206623.82658505,0.0,coinmarketcap_data_api_listings_historical
2026-02-20,7962,vBTC,Venus BTC,1383.67575494,485065747.22102696,0.0,coinmarketcap_data_api_listings_historical
2026-02-20,22615,FTN,Fasttoken,1.0886669,474943470.7599226,12489158.39,coinmarketcap_data_api_listings_historical
2026-02-20,33312,SolvBTC,SolvBTC,67828.05266182,466872025.056054,213131.58,coinmarketcap_data_api_listings_historical
2026-02-20,26133,TBTC,tBTC,68002.18870476,463421794.5558705,8392452.98,coinmarketcap_data_api_listings_historical
2026-02-20,7961,vBNB,Venus BNB,15.58221405,415211715.4686424,415210363.82,coinmarketcap_data_api_listings_historical
2026-02-20,29520,EZETH,Renzo Restaked ETH,2106.23905015,410733862.4265514,5318.71,coinmarketcap_data_api_listings_historical
2026-02-20,38192,JUPSOL,Jupiter Staked SOL,98.74207151,404898746.72882354,2524691.15,coinmarketcap_data_api_listings_historical
2026-02-20,35930,WXTZ,Wrapped XTZ,0.39167352,404541458.1841916,0.0,coinmarketcap_data_api_listings_historical
2026-02-20,28476,osETH,StakeWise Staked ETH,2094.62343975,399422381.4387987,0.0,coinmarketcap_data_api_listings_historical
2026-02-20,37745,CTM,c8ntinuum,0.08284428,361163133.051823,1003281.43,coinmarketcap_data_api_listings_historical
2026-02-20,33469,WCHZ,Wrapped Chiliz,0.03556297,327420871.41671205,0.0,coinmarketcap_data_api_listings_historical
2026-02-20,36246,stkAAVE,Staked Aave,115.8936215,297943731.5719209,0.0,coinmarketcap_data_api_listings_historical
2026-02-20,24927,CRVUSD,crvUSD,0.99802084,290152443.49000245,12682761.64,coinmarketcap_data_api_listings_historical
2026-02-20,33852,DUCKY,Ducky,0.00068675,284590572.40858436,0.0,coinmarketcap_data_api_listings_historical
2026-02-20,33771,PEANUT,Peanut,0.00068103,278851903.5392229,157991.16,coinmarketcap_data_api_listings_historical
2026-02-20,21535,cbETH,Coinbase Wrapped Staked ETH,2209.12621286,278705877.54753816,7997328.05,coinmarketcap_data_api_listings_historical
2026-02-20,6952,FRAX,Legacy Frax Dollar,0.99206701,273825558.86535895,84719.57,coinmarketcap_data_api_listings_historical
2026-02-20,35881,WHYPE,Wrapped HYPE,30.33677603,260624857.03942162,59619444.06,coinmarketcap_data_api_listings_historical
2026-02-20,27566,ETHX,Stader ETHx,2121.78383906,258764991.91092122,158004.03,coinmarketcap_data_api_listings_historical
2026-02-20,28568,EETH,ether.fi Staked ETH,1963.25210541,258170141.6423547,0.0,coinmarketcap_data_api_listings_historical
2026-02-20,11461,MSOL,Marinade Staked SOL,114.95236498,254612591.28665707,612059.22,coinmarketcap_data_api_listings_historical
2026-02-20,7957,vUSDT,Venus USDT,0.02618333,248424024.16456363,0.0,coinmarketcap_data_api_listings_historical
2026-02-20,20721,BTC.b,Bitcoin Avalanche Bridged,67867.68959185,243051801.5086608,13959313.99,coinmarketcap_data_api_listings_historical
2026-02-20,28293,ULTIMA,Ultima,5919.02131122,221424668.23147473,18599143.08,coinmarketcap_data_api_listings_historical
2026-02-20,18523,sAVAX,BENQI Liquid Staked AVAX,11.44141738,221285491.97497016,522605.93,coinmarketcap_data_api_listings_historical
2026-02-20,37574,TETH,Treehouse ETH,2393.89977344,214239666.32435578,0.0,coinmarketcap_data_api_listings_historical
2026-02-20,39090,GTBTC,GTBTC,68175.51609134,204490015.39292163,5334156.17,coinmarketcap_data_api_listings_historical
2026-02-20,27048,APEPE,Ape and Pepe,9.6e-07,202404651.06666,20955199.72,coinmarketcap_data_api_listings_historical
2026-02-20,36175,UNIBTC,Universal BTC,67254.8632503,200037695.16454935,0.0,coinmarketcap_data_api_listings_historical
2026-02-20,23177,SFRXETH,Frax Staked Ether,2249.19125343,199980509.05660808,0.0,coinmarketcap_data_api_listings_historical
2026-02-20,8353,BETH,Beacon ETH,1968.8761024,198803326.68775955,3114449.18,coinmarketcap_data_api_listings_historical
2026-02-20,35509,VVV,Venice Token,4.4483121,195838156.40373984,33472632.32,coinmarketcap_data_api_listings_historical
2026-02-20,27765,ZBU,Zeebu,0.47042062,194579137.653426,47973.52,coinmarketcap_data_api_listings_historical
2026-02-20,2499,BORG,SwissBorg,0.19314089,189713110.84635666,273896.57,coinmarketcap_data_api_listings_historical
2026-02-20,32864,AUSD,AUSD,0.99992783,189164320.9699826,42858400.81,coinmarketcap_data_api_listings_historical
2026-02-20,3626,rBTC,Rootstock Bitcoin,67572.90006764,188793956.4024877,367.17,coinmarketcap_data_api_listings_historical
2026-02-20,12760,INF,Sanctum Infinity,118.42049143,179974050.57275495,1016487.08,coinmarketcap_data_api_listings_historical
2026-02-20,34261,WFI,WeFi,2.23723113,178177914.92544886,4476579.48,coinmarketcap_data_api_listings_historical
2026-02-20,24875,STRX,Staked TRX,0.35957016,174809924.01164687,1324579.14,coinmarketcap_data_api_listings_historical
2026-02-20,35293,asBNB,Aster asBNB,663.56274718,172043755.3659003,139339.45,coinmarketcap_data_api_listings_historical
2026-02-20,35766,SIREN,siren,0.22836706,166447138.93377015,14505351.87,coinmarketcap_data_api_listings_historical
2026-02-20,7184,KOGE,48 Club Token,47.98557075,162586075.04028055,132517936.29,coinmarketcap_data_api_listings_historical
2026-02-20,38185,ADI,ADI,3.1436335,160796853.60909054,424869.63,coinmarketcap_data_api_listings_historical
2026-02-20,16116,SOL,Wrapped Solana,84.53236044,156682734.97300476,522630518.08,coinmarketcap_data_api_listings_historical
2026-02-20,33978,CMETH,Mantle Restaked Ether,2137.55364624,154528775.92088026,4664190.19,coinmarketcap_data_api_listings_historical
2026-02-20,29933,UDS,Undeads Games,1.55232038,154085794.82145873,441232.35,coinmarketcap_data_api_listings_historical
2026-02-20,35437,USDF,Aster USDF,0.99840167,153747905.80490878,39221.24,coinmarketcap_data_api_listings_historical
2026-02-20,38330,GUSD,GUSD,0.99881631,149263109.4282266,83399.3,coinmarketcap_data_api_listings_historical
2026-02-20,36743,TIBBIR,Ribbita by Virtuals,0.14572702,145727022.3979317,10615669.6,coinmarketcap_data_api_listings_historical
2026-02-20,35269,MY,MetYa,0.14672767,144765036.7597668,6667791.54,coinmarketcap_data_api_listings_historical
2026-02-20,4691,ZANO,Zano,8.98087556,134742779.32477662,1563282.71,coinmarketcap_data_api_listings_historical
2026-02-20,9462,WAVAX,Wrapped AVAX,9.15524017,133486866.99770296,96927012.15,coinmarketcap_data_api_listings_historical
2026-02-20,10180,GOMINING,GoМining,0.3266941,132492694.88121586,7510634.31,coinmarketcap_data_api_listings_historical
2026-02-20,15271,RLB,Rollbit Coin,0.07443773,130207556.88777445,160376.98,coinmarketcap_data_api_listings_historical
2026-02-20,35954,LION,Loaded Lions,0.00411885,127046832.89089373,764269.55,coinmarketcap_data_api_listings_historical
2026-02-20,33881,BAN,Comedian,0.12654595,126541118.95651434,10330125.4,coinmarketcap_data_api_listings_historical
2026-02-20,36066,KTA,Keeta,0.25548549,126429324.58734879,3583930.16,coinmarketcap_data_api_listings_historical
2026-02-20,30605,ALE,Ailey,0.26700661,117408739.74287823,154519.47,coinmarketcap_data_api_listings_historical
2026-02-20,2933,BMX,BitMart Token,0.36021357,116810637.6891517,5975696.84,coinmarketcap_data_api_listings_historical
2026-02-20,36039,FRXUSD,Frax USD,1.00014073,113091872.63237968,1333224.79,coinmarketcap_data_api_listings_historical
2026-02-20,33834,BBSOL,Bybit Staked SOL,95.90055315,112662391.51226586,243893.3,coinmarketcap_data_api_listings_historical
2026-02-20,36762,DUSD,StandX DUSD,0.99884228,107877924.58843379,457902.05,coinmarketcap_data_api_listings_historical
2026-02-20,14926,JSOL,JPool Staked SOL (JSOL),112.66105561,105790984.65294084,582.41,coinmarketcap_data_api_listings_historical
2026-02-20,36511,SLT,SLT,12.41994607,105569541.58886917,146589.9,coinmarketcap_data_api_listings_historical
2026-02-20,37070,ICNT,Impossible Cloud Network,0.41581114,105202767.59832446,4062806.9,coinmarketcap_data_api_listings_historical
2026-02-20,35818,SOSO,SoSoValue,0.38032409,104500728.02816334,3951744.44,coinmarketcap_data_api_listings_historical
2026-02-20,33310,xSolvBTC,xSolvBTC,66950.37341268,103678347.94192955,0.0,coinmarketcap_data_api_listings_historical
2026-02-20,28656,VCNT,ViciCoin,17.01999167,103636631.72301872,802895.93,coinmarketcap_data_api_listings_historical
2026-02-20,32878,MNEE,MNEE,0.99745842,101140970.59104185,84364.4,coinmarketcap_data_api_listings_historical
2026-02-20,38339,UB,Unibase,0.03976695,99417382.38321778,13946219.26,coinmarketcap_data_api_listings_historical
2026-02-20,20279,DHN,Dohrnii,5.62954495,96124716.45813431,627636.93,coinmarketcap_data_api_listings_historical
2026-02-20,10240,WFTM,Wrapped Fantom,0.04353194,94926673.06069824,1049.19,coinmarketcap_data_api_listings_historical
2026-02-20,1896,ZRX,0x Protocol,0.11186781,94908269.42971988,21993942.06,coinmarketcap_data_api_listings_historical
2026-02-20,30933,DOG,Dog (Bitcoin),0.00094518,94517517.3916168,2059982.36,coinmarketcap_data_api_listings_historical
2026-02-20,35931,ZORA,ZORA,0.02107096,94187200.78374954,15213696.15,coinmarketcap_data_api_listings_historical
2026-02-20,23254,CORE,Core,0.08638258,92688466.37157999,6249394.91,coinmarketcap_data_api_listings_historical
2026-02-20,39521,AZTEC,Aztec,0.03200984,92175525.67916301,298267763.02,coinmarketcap_data_api_listings_historical
2026-02-20,10186,SMILEK,Smilek to the Bank,4.698e-05,92038953.80069835,21.38,coinmarketcap_data_api_listings_historical
2026-02-20,33280,CHEEMS,Cheems (cheems.pet),4.9e-07,91172890.6505796,1858356.23,coinmarketcap_data_api_listings_historical
2026-02-20,27750,TOSHI,Toshi,0.00021404,90039528.3645291,12638006.25,coinmarketcap_data_api_listings_historical
2026-02-20,38590,币安人生,币安人生,0.08879645,88796453.4837348,14738974.89,coinmarketcap_data_api_listings_historical
2026-02-20,37004,TSLAX,Tesla tokenized stock (xStock),411.06462759,87617185.1596145,17243648.75,coinmarketcap_data_api_listings_historical
2026-02-20,29960,SHFL,Shuffle,0.2317849,87595795.20018043,356865.1,coinmarketcap_data_api_listings_historical
2026-02-20,28862,BSOL,BlazeStake Staked SOL,107.83818415,86825850.23816575,92480.0,coinmarketcap_data_api_listings_historical
2026-02-20,5034,KSM,Kusama,4.8744113,86761264.98096697,14005157.87,coinmarketcap_data_api_listings_historical
2026-02-20,18031,CCD,Concordium,0.00722815,86498374.22444633,310955.73,coinmarketcap_data_api_listings_historical
2026-02-20,37414,ESPORTS,Yooldo,0.3176196,86345203.88552225,124081730.04,coinmarketcap_data_api_listings_historical
2026-02-20,33983,SUT,SuperTrust,0.44909605,84611372.35557789,1159942.12,coinmarketcap_data_api_listings_historical
2026-02-20,9104,AIOZ,AIOZ Network,0.06836728,84576952.49577744,3865067.36,coinmarketcap_data_api_listings_historical
2026-02-20,18876,APE,ApeCoin,0.11075492,83359861.82003884,23509468.78,coinmarketcap_data_api_listings_historical
2026-02-20,5198,CTC,Creditcoin,0.15858725,82569851.62451673,4596487.84,coinmarketcap_data_api_listings_historical
2026-02-20,28324,DYDX,dYdX,0.09987737,82282970.77931748,8091316.84,coinmarketcap_data_api_listings_historical
2026-02-20,2469,ZIL,Zilliqa,0.00411985,82086007.6120158,11501325.57,coinmarketcap_data_api_listings_historical
2026-02-20,32452,MOVE,Movement,0.02442509,81671382.80660093,20746822.1,coinmarketcap_data_api_listings_historical
2026-02-20,8646,MINA,Mina,0.06340119,80848538.27684173,4964974.97,coinmarketcap_data_api_listings_historical
2026-02-20,6536,OM,MANTRA,0.06766542,80525590.47627403,81053500.74,coinmarketcap_data_api_listings_historical
2026-02-20,23635,FORM,Four,0.2108315,80509647.83280665,5075667.5,coinmarketcap_data_api_listings_historical
2026-02-20,38849,PIEVERSE,Pieverse,0.41433197,79560151.12858912,8287100.7,coinmarketcap_data_api_listings_historical
2026-02-20,39042,POWER,Power Protocol,0.37860069,79506143.969949,15139491.5,coinmarketcap_data_api_listings_historical
2026-02-20,17751,T,Threshold,0.00712358,79463531.83954212,2724726.8,coinmarketcap_data_api_listings_historical
2026-02-20,29743,BRETT,Brett (Based),0.00790111,79011040.77746564,11321564.78,coinmarketcap_data_api_listings_historical
2026-02-20,37654,SUSD1+,Lorenzo staked USD1+,1.01290211,78669434.82060395,0.0,coinmarketcap_data_api_listings_historical
2026-02-20,32796,EURCV,EUR CoinVertible,1.17806583,77464836.89963686,15865359.25,coinmarketcap_data_api_listings_historical
2026-02-20,14101,RON,Ronin,0.10040274,77250036.93891925,3301554.63,coinmarketcap_data_api_listings_historical
2026-02-20,4948,CKB,Nervos Network,0.00160037,77228897.99406175,2672952.62,coinmarketcap_data_api_listings_historical
2026-02-20,8290,SUPER,SuperVerse,0.12106863,77140404.4618352,8507028.47,coinmarketcap_data_api_listings_historical
2026-02-20,6941,HBTC,Huobi BTC,52852.88595354,77091781.43973944,0.0,coinmarketcap_data_api_listings_historical
2026-02-20,21585,SAFE,Safe,0.10939888,76651130.96854955,3667682.39,coinmarketcap_data_api_listings_historical
2026-02-20,30923,CDCETH,Crypto.com Staked ETH,2099.03110435,76446712.82025822,38552.74,coinmarketcap_data_api_listings_historical
2026-02-20,21330,lisUSD,lisUSD,0.99857254,76167417.78984971,4177.46,coinmarketcap_data_api_listings_historical
2026-02-20,35763,KAITO,KAITO,0.31040848,74929157.921234,11196346.55,coinmarketcap_data_api_listings_historical
2026-02-20,36542,SOON,SOON,0.17218795,74866660.99174446,4319816.71,coinmarketcap_data_api_listings_historical
2026-02-20,6958,ACH,Alchemy Pay,0.00754495,74827471.39286146,5434715.64,coinmarketcap_data_api_listings_historical
2026-02-20,24911,TURBO,Turbo,0.0010829,74720023.04975438,11740209.24,coinmarketcap_data_api_listings_historical
2026-02-20,35268,GPS,GoPlus Security,0.01319485,74435775.54688613,9978059.44,coinmarketcap_data_api_listings_historical
2026-02-20,32193,ALEO,Aleo,0.08245603,74251106.75156242,10542671.69,coinmarketcap_data_api_listings_historical
2026-02-20,14721,REAL,RealLink,0.0538132,73941588.27784894,4936488.02,coinmarketcap_data_api_listings_historical
2026-02-20,109,DGB,DigiByte,0.00405417,73617584.9871709,1728784.75,coinmarketcap_data_api_listings_historical
2026-02-20,24735,WPLS,Wrapped Pulse,9.55e-06,73401812.49776778,1428138.63,coinmarketcap_data_api_listings_historical
2026-02-20,38561,LYN,Everlyn AI,0.2867334,73300117.04555441,8477126.68,coinmarketcap_data_api_listings_historical
2026-02-20,34926,ARC,AI Rig Complex,0.07321914,73219013.49475116,9677318.91,coinmarketcap_data_api_listings_historical
2026-02-20,38236,Q,Quack AI,0.02053818,72172313.52173842,6109418.83,coinmarketcap_data_api_listings_historical
2026-02-20,1567,XNO,Nano,0.5368433,71533454.90592702,464299.78,coinmarketcap_data_api_listings_historical
2026-02-20,11857,GMX,GMX,6.86468974,71351976.72111663,6841962.95,coinmarketcap_data_api_listings_historical
2026-02-20,16093,KUB,KUB Coin,1.02704695,70840333.48161358,307772.02,coinmarketcap_data_api_listings_historical
2026-02-20,39143,WHITEWHALE,The White Whale,0.07073589,70723337.57673006,6022121.14,coinmarketcap_data_api_listings_historical
2026-02-20,10407,BabyDoge,Baby Doge Coin,0.0,70624373.99450171,4836006.43,coinmarketcap_data_api_listings_historical
2026-02-20,11165,ORCA,Orca,1.16194363,69899234.1677301,45869293.66,coinmarketcap_data_api_listings_historical
2026-02-20,30030,EDGESOL,Edgevana Staked SOL,106.64808083,69781490.73640387,0.0,coinmarketcap_data_api_listings_historical
2026-02-20,36044,NXPC,NEXPACE,0.27656072,69195621.52655298,7727542.92,coinmarketcap_data_api_listings_historical
2026-02-20,2682,HOT,Holo,0.00039207,68742676.77307305,3241249.94,coinmarketcap_data_api_listings_historical
2026-02-20,38331,USDH,USDH,0.99983793,68685530.10802291,7804024.83,coinmarketcap_data_api_listings_historical
2026-02-20,34880,ALCH,Alchemist AI,0.08066101,68561862.11834247,19703555.09,coinmarketcap_data_api_listings_historical
2026-02-20,36302,NILA,MindWaveDAO,0.08127414,68495097.84211875,253872.74,coinmarketcap_data_api_listings_historical
2026-02-20,32743,APES,APES,0.06791652,67916179.73456623,0.0,coinmarketcap_data_api_listings_historical
2026-02-20,33696,EBTC,ether.fi Staked BTC,67956.71407189,67762684.49611863,13222.41,coinmarketcap_data_api_listings_historical
2026-02-20,27659,MOG,Mog Coin,1.7e-07,67370712.1990029,10276594.59,coinmarketcap_data_api_listings_historical
2026-02-20,35537,JELLYJELLY,Jelly-My-Jelly,0.06724113,67241069.15601927,9329410.88,coinmarketcap_data_api_listings_historical
2026-02-20,7958,vUSDC,Venus USDC,0.02630781,67196710.77987294,0.0,coinmarketcap_data_api_listings_historical
2026-02-20,14519,VVS,VVS Finance,1.53e-06,66737946.62545115,234257.88,coinmarketcap_data_api_listings_historical
2026-02-20,13769,WMTX,World Mobile Token,0.07995487,66634698.11741995,1922183787.21,coinmarketcap_data_api_listings_historical
2026-02-20,5350,XPR,XPR Network,0.00233558,66590411.57452299,2069780.22,coinmarketcap_data_api_listings_historical
2026-02-20,39071,CYS,Cysic,0.4139308,66560072.30811901,17998569.35,coinmarketcap_data_api_listings_historical
2026-02-20,21259,ZETA,ZetaChain,0.05252631,66531684.80295463,4587701.74,coinmarketcap_data_api_listings_historical
2026-02-20,29169,QUBIC,Qubic,4.9e-07,66524623.70872371,792829.4,coinmarketcap_data_api_listings_historical
2026-02-20,36080,MBG,MultiBank Group,0.34647816,66160208.40721668,8289247.07,coinmarketcap_data_api_listings_historical
2026-02-20,26220,ISLM,ISLM,0.03015846,65940240.45082406,125962.28,coinmarketcap_data_api_listings_historical
2026-02-20,1042,SC,Siacoin,0.00117299,65717425.26273724,5434042.69,coinmarketcap_data_api_listings_historical
2026-02-20,39177,TBK,TronBank,0.4115168,65494872.46977548,381447.15,coinmarketcap_data_api_listings_historical
2026-02-20,37277,INI,InitVerse,0.11974775,65422485.39310042,1065506.31,coinmarketcap_data_api_listings_historical
2026-02-20,2299,ELF,aelf,0.07923929,64884800.58785211,939930.0,coinmarketcap_data_api_listings_historical
2026-02-20,38273,USDon,U.S. Dollar Tokenized Currency (Ondo),0.9997838,64812259.81404402,10259391.15,coinmarketcap_data_api_listings_historical
2026-02-20,5275,PCI,Paycoin,0.06087798,64718533.93854349,251954.3,coinmarketcap_data_api_listings_historical
2026-02-20,34812,BIO,Bio Protocol,0.03209699,64614693.78704211,293635931.03,coinmarketcap_data_api_listings_historical
2026-02-20,12885,ASTR,Astar,0.0075192,64265813.01310772,1734842.95,coinmarketcap_data_api_listings_historical
2026-02-20,31526,MOCA,Moca Network,0.01617343,63928592.60850904,5746448.9,coinmarketcap_data_api_listings_historical
2026-02-20,17799,AXL,Axelar,0.05627152,63243334.73757361,8543172.4,coinmarketcap_data_api_listings_historical
2026-02-20,21846,ID,SPACE ID,0.04870507,63127244.83298391,4070627.58,coinmarketcap_data_api_listings_historical
2026-02-20,27793,STUSDT,Staked USDT,1.00009538,62902359.96122124,0.36,coinmarketcap_data_api_listings_historical
2026-02-20,4558,FLOW,Flow,0.03821595,62803282.45009919,12722674.9,coinmarketcap_data_api_listings_historical
2026-02-20,6953,FRAX,Frax (prev. FXS),0.66182661,62736823.3346368,2130095.64,coinmarketcap_data_api_listings_historical
2026-02-20,39549,FIDD,Fidelity Digital Dollar,0.99954218,62572399.79527974,36077959.59,coinmarketcap_data_api_listings_historical
2026-02-20,30712,MERL,Merlin Chain,0.05367795,62347243.43284755,11543679.82,coinmarketcap_data_api_listings_historical
2026-02-20,29325,PUFETH,pufETH,2097.74981397,61663098.63401906,0.0,coinmarketcap_data_api_listings_historical
2026-02-20,37593,PROVE,Succinct,0.31611123,61641689.76891498,10416341.27,coinmarketcap_data_api_listings_historical
2026-02-20,1732,NMR,Numeraire,8.20582881,61582762.86042941,5832399.28,coinmarketcap_data_api_listings_historical
2026-02-20,38489,COAI,ChainOpera AI,0.32669566,61418815.58526465,7842699.95,coinmarketcap_data_api_listings_historical
2026-02-20,32372,XUSD,StraitsX USD,1.00005504,61399673.48857872,9012626.81,coinmarketcap_data_api_listings_historical
2026-02-20,34212,XAUM,Matrixdock Gold,5052.03911607,61043937.95229115,238750.4,coinmarketcap_data_api_listings_historical
2026-02-20,32197,ME,Magic Eden,0.13159249,60781010.37949334,13219399.08,coinmarketcap_data_api_listings_historical
2026-02-20,1274,WAVES,Waves,0.50027803,60127911.96811184,5487756.45,coinmarketcap_data_api_listings_historical
2026-02-20,7959,vBUSD,Venus BUSD,0.02230985,60119929.15050764,0.0,coinmarketcap_data_api_listings_historical
2026-02-20,27960,NPC,Non-Playable Coin,0.00793552,59837299.78906785,3239220.96,coinmarketcap_data_api_listings_historical
2026-02-20,20969,GEOD,GEODNET,0.13533611,59382498.97139131,256878.43,coinmarketcap_data_api_listings_historical
2026-02-20,35637,BDCA,BitDCA,0.72113832,59068539.15123785,329102.54,coinmarketcap_data_api_listings_historical
2026-02-20,7127,VELO,Velo,0.00335828,58984448.52006033,1237082.17,coinmarketcap_data_api_listings_historical
2026-02-20,6758,SUSHI,SushiSwap,0.20546301,58933895.78249543,13753050.32,coinmarketcap_data_api_listings_historical
2026-02-20,3012,VTHO,VeThor Token,0.0005993,58852989.94128203,1123887.7,coinmarketcap_data_api_listings_historical
2026-02-20,30651,QAI,QuantixAI,73.04374303,58716369.22469757,5914418.16,coinmarketcap_data_api_listings_historical
2026-02-20,2765,XYO,XYO,0.00427631,58393796.40610497,5039181.33,coinmarketcap_data_api_listings_historical
2026-02-20,14532,WCRO,Wrapped CRO,0.07849307,57806435.8958122,1456220.23,coinmarketcap_data_api_listings_historical
2026-02-20,38841,UAI,UnifAI Network,0.24019157,57405785.67779793,4291433.08,coinmarketcap_data_api_listings_historical
2026-02-20,34143,WHITE,WhiteRock,8.735e-05,56780504.747486,281808.99,coinmarketcap_data_api_listings_historical
2026-02-20,23121,BLUR,Blur,0.02069087,56658532.49559826,6849182.42,coinmarketcap_data_api_listings_historical
2026-02-20,4846,KAVA,Kava,0.05231316,56647165.81755309,2934882.74,coinmarketcap_data_api_listings_historical
2026-02-20,30126,MEW,cat in a dogs world,0.00063358,56318400.46379459,11364892.46,coinmarketcap_data_api_listings_historical
2026-02-20,28596,AEUR,Anchored Coins AEUR,1.17340709,56240937.89398673,12882.21,coinmarketcap_data_api_listings_historical
2026-02-20,7963,vETH,Venus ETH,41.25197428,56235518.50582337,56214420.49,coinmarketcap_data_api_listings_historical
2026-02-20,9260,ZIG,ZIGChain,0.03959966,55793573.2041705,1562630.66,coinmarketcap_data_api_listings_historical
2026-02-20,38978,IRYS,Irys,0.02541416,55656538.76303202,9329229.04,coinmarketcap_data_api_listings_historical
2026-02-20,29402,HASUI,Haedal Staked SUI,1.02229938,55620253.38543552,280067.87,coinmarketcap_data_api_listings_historical
2026-02-20,33093,MOODENG,Moo Deng (moodengsol.com),0.05611466,55551932.09032302,16431090.46,coinmarketcap_data_api_listings_historical
2026-02-20,32644,EURI,Eurite,1.17855749,55355587.82938622,4730694.3,coinmarketcap_data_api_listings_historical
2026-02-20,25028,ORDI,ORDI,2.63000673,55230141.26491352,15677376.89,coinmarketcap_data_api_listings_historical
2026-02-20,27657,LINEA,Linea,0.00353972,54802437.79080355,40011493.63,coinmarketcap_data_api_listings_historical
2026-02-20,20964,LBT,Law Blocks (AI),0.22264007,54546368.32666231,560681.57,coinmarketcap_data_api_listings_historical
2026-02-20,21707,RED,RedStone,0.17477105,54458267.11676947,3188141.29,coinmarketcap_data_api_listings_historical
2026-02-20,1759,SNT,Status,0.01117731,53628622.74557689,2446982.82,coinmarketcap_data_api_listings_historical
2026-02-20,2943,RPL,Rocket Pool,2.41360013,53582476.83482937,20253378.61,coinmarketcap_data_api_listings_historical
2026-02-20,36068,CUSDO,OpenEden Compounding OpenDollar,1.04138396,53269289.23080354,0.0,coinmarketcap_data_api_listings_historical
2026-02-20,4805,VNDC,VNDC,3.758e-05,53078793.06612346,8200597.16,coinmarketcap_data_api_listings_historical
2026-02-20,2071,REQ,Request,0.06640283,52902791.50758232,1449787.32,coinmarketcap_data_api_listings_historical
2026-02-20,38837,BEAT,Audiera,0.26003282,52790995.31534341,11109540.96,coinmarketcap_data_api_listings_historical
2026-02-20,33849,HSK,HashKey Platform Token,0.15276051,52696266.12702473,2362529.26,coinmarketcap_data_api_listings_historical
2026-02-20,35364,PLUME,Plume,0.01025953,52542456.29672399,6804128.87,coinmarketcap_data_api_listings_historical
2026-02-20,38001,GOOGLon,Alphabet Class A Tokenized Stock (Ondo),315.70857418,52388180.9353072,1843360.87,coinmarketcap_data_api_listings_historical
2026-02-20,34434,REKT,Rekt (rekt.com),1.9e-07,52274083.87290387,513781.92,coinmarketcap_data_api_listings_historical
2026-02-20,39172,VAM,Vitalum,0.15344573,52128408.97281932,1754981.64,coinmarketcap_data_api_listings_historical
2026-02-20,34619,VANA,Vana,1.72755741,51971837.14254796,54402458.33,coinmarketcap_data_api_listings_historical
2026-02-20,31278,DRIFT,Drift,0.09329203,51583936.5993927,14108392.3,coinmarketcap_data_api_listings_historical
2026-02-20,12999,SSV,ssv.network,3.12821168,51430537.71675694,12283902.15,coinmarketcap_data_api_listings_historical
2026-02-20,10442,DESO,Decentralized Social,5.78030092,51355291.62138527,29691.68,coinmarketcap_data_api_listings_historical
2026-02-20,19765,BIRB,Moonbirds,0.18008387,51323901.60352451,23711409.48,coinmarketcap_data_api_listings_historical
2026-02-20,28782,POPCAT,Popcat (SOL),0.05204866,51004471.95358483,19762548.9,coinmarketcap_data_api_listings_historical
2026-02-20,39379,GWEI,ETHGas,0.02913868,50992698.66933929,153335214.5,coinmarketcap_data_api_listings_historical
2026-02-20,36569,SPK,Spark,0.02121836,50947896.77838419,13014576.74,coinmarketcap_data_api_listings_historical
2026-02-20,2777,IOTX,IoTeX,0.00539469,50933217.35459735,2413044.22,coinmarketcap_data_api_listings_historical
2026-02-20,39332,ZAMA,Zama,0.02288781,50353179.0850114,63172343.57,coinmarketcap_data_api_listings_historical
2026-02-20,3855,LOCUS,Locus Chain,0.01275341,49846297.27828358,294394.83,coinmarketcap_data_api_listings_historical
2026-02-20,38299,AVNT,Avantis,0.19127022,49387100.68014911,12230162.24,coinmarketcap_data_api_listings_historical
2026-02-20,7288,XVS,Venus,3.01529878,49159444.47494074,4004739.13,coinmarketcap_data_api_listings_historical
2026-02-20,35216,PYTHIA,Pythia,0.0492263,49135762.56783405,539727.02,coinmarketcap_data_api_listings_historical
2026-02-20,33788,PNUT,Peanut the Squirrel,0.04901325,49005533.92322557,13618796.5,coinmarketcap_data_api_listings_historical
2026-02-20,3951,ARRR,Pirate Chain,0.24929563,48915242.45047455,124313.0,coinmarketcap_data_api_listings_historical
2026-02-20,36277,BTR,Bitlayer,0.18670545,48842146.28471949,9378213.46,coinmarketcap_data_api_listings_historical
2026-02-20,6748,CFG,Centrifuge,0.08469682,48829719.79861013,887941.91,coinmarketcap_data_api_listings_historical
2026-02-20,30460,BURN,Burnedfi,3.93348268,48638380.99598903,67183.37,coinmarketcap_data_api_listings_historical
2026-02-20,36352,B2,BSquared Network,0.72018733,48507043.55727658,17872039.93,coinmarketcap_data_api_listings_historical
2026-02-20,34118,BANANAS31,Banana For Scale,0.00484654,48465409.62043232,8464502.42,coinmarketcap_data_api_listings_historical
2026-02-20,36804,LUR,Lumera Health,3.16463705,48009243.72556552,49142.6,coinmarketcap_data_api_listings_historical
2026-02-20,32968,AIC,AI Companions,0.06388245,47911821.56774282,1811722.05,coinmarketcap_data_api_listings_historical
2026-02-20,36102,PARTI,Particle Network,0.1075572,47634393.50637344,12178392.29,coinmarketcap_data_api_listings_historical
2026-02-20,3330,USDP,Pax Dollar,0.9986114,47503397.99357872,3145481.27,coinmarketcap_data_api_listings_historical
2026-02-20,32941,FB,Fractal Bitcoin,0.4923867,47235985.97701355,2409816.41,coinmarketcap_data_api_listings_historical
2026-02-20,10894,SRX,StorX Network,0.06510222,47228274.94218581,2803876.14,coinmarketcap_data_api_listings_historical
2026-02-20,5567,CELO,Celo,0.07849715,46694980.82220587,5736001.71,coinmarketcap_data_api_listings_historical
2026-02-20,32956,GRASS,Grass,0.19138604,46680028.47666978,11680534.11,coinmarketcap_data_api_listings_historical
2026-02-20,37637,SOMI,Somnia,0.2142938,46497867.26747385,30266858.01,coinmarketcap_data_api_listings_historical
2026-02-20,20314,LUNA,Terra,0.06507053,46199060.55063785,13121816.57,coinmarketcap_data_api_listings_historical
2026-02-20,20362,POLYX,Polymesh,0.04475093,45935851.53356026,1842091.89,coinmarketcap_data_api_listings_historical
2026-02-20,4950,LCX,LCX,0.04830769,45854859.97372489,116023.4,coinmarketcap_data_api_listings_historical
2026-02-20,1320,ARDR,Ardor,0.04571547,45645354.57221675,721853.39,coinmarketcap_data_api_listings_historical
2026-02-20,8536,MASK,Mask Network,0.45633538,45633537.84244878,18597409.81,coinmarketcap_data_api_listings_historical
2026-02-20,3783,ANKR,Ankr,0.00455906,45590645.87883407,5548963.82,coinmarketcap_data_api_listings_historical
2026-02-20,1934,LRC,Loopring,0.0332619,45508140.79393055,5466962.38,coinmarketcap_data_api_listings_historical
2026-02-20,5899,CSPR,Casper,0.00324715,45043182.38834918,1195382.3,coinmarketcap_data_api_listings_historical
2026-02-20,19843,APEX,ApeX Protocol,0.32761711,44985536.32970127,1949676.92,coinmarketcap_data_api_listings_historical
2026-02-20,29073,ALT,Altlayer,0.00823323,44794850.88803639,8410615.23,coinmarketcap_data_api_listings_historical
2026-02-20,38056,CRCLon,Circle Internet Group Tokenized Stock (Ondo),63.50942686,44754115.80455304,2747917.63,coinmarketcap_data_api_listings_historical
2026-02-20,25264,SNEK,Snek,0.00059688,44609994.83402554,2618966.57,coinmarketcap_data_api_listings_historical
2026-02-20,10898,WCFG,Wrapped Centrifuge,0.08213158,44532818.77991297,0.0,coinmarketcap_data_api_listings_historical
2026-02-20,14822,VR,Victoria VR,0.00263061,44194286.92413262,903954.88,coinmarketcap_data_api_listings_historical
2026-02-20,3306,GUSD,Gemini Dollar,1.00037217,44095082.08148049,975927.66,coinmarketcap_data_api_listings_historical
2026-02-20,8049,TORN,Tornado Cash,8.35643376,43956625.09355668,117002.5,coinmarketcap_data_api_listings_historical
2026-02-20,10312,ELG,EscoinToken,0.27971443,43953555.62464813,365426.29,coinmarketcap_data_api_listings_historical
2026-02-20,4092,DUSK,Dusk,0.08822572,43848181.68532161,11102952.88,coinmarketcap_data_api_listings_historical
2026-02-20,3801,BORA,BORA,0.03966418,43620684.83792525,581493.4,coinmarketcap_data_api_listings_historical
2026-02-20,7878,MOB,MobileCoin,0.21961343,43571244.13635161,12865.86,coinmarketcap_data_api_listings_historical
2026-02-20,36671,SAHARA,Sahara AI,0.01566985,43508327.84903107,7706246.75,coinmarketcap_data_api_listings_historical
2026-02-20,36156,GUN,GUNZ,0.02797427,43495331.83236867,14680302.04,coinmarketcap_data_api_listings_historical
2026-02-20,36828,USELESS,Useless Coin,0.04320218,43162844.27213945,17289809.76,coinmarketcap_data_api_listings_historical
2026-02-20,3893,NOW,ChangeNOW Token,0.50464769,42795975.90583104,603.9,coinmarketcap_data_api_listings_historical
2026-02-20,36310,ATOS,Atoshi,0.0471881,42618432.62020536,0.0,coinmarketcap_data_api_listings_historical
2026-02-20,28301,MEME,Memecoin,0.00068969,42540586.87327447,6178399.12,coinmarketcap_data_api_listings_historical
2026-02-20,28688,AIAT,AI Analysis Token,0.29012879,42471796.84922937,371426.83,coinmarketcap_data_api_listings_historical
2026-02-20,2099,ICX,ICON,0.03895613,42468850.84344842,645594.88,coinmarketcap_data_api_listings_historical
2026-02-20,5617,UMA,UMA,0.46909513,42345442.00564967,4914181.46,coinmarketcap_data_api_listings_historical
2026-02-20,12894,SQD,Subsquid,0.04075593,42129321.23174404,2642807.27,coinmarketcap_data_api_listings_historical
2026-02-20,2566,ONT,Ontology,0.04484461,41896549.91956516,4086551.94,coinmarketcap_data_api_listings_historical
2026-02-20,3835,ORBS,Orbs,0.00962824,41894697.33019219,24552088.15,coinmarketcap_data_api_listings_historical
2026-02-20,9040,PUNDIX,Pundi X (New),0.16185079,41820066.14877704,1369063.25,coinmarketcap_data_api_listings_historical
2026-02-20,5429,DEP,DEAPcoin,0.00139821,41796428.40507642,198947.34,coinmarketcap_data_api_listings_historical
2026-02-20,4944,TRB,Tellor,15.18827802,41792734.09226872,42518242.34,coinmarketcap_data_api_listings_historical
2026-02-20,5691,SKL,SKALE,0.0068184,41551448.22459776,5249361.93,coinmarketcap_data_api_listings_historical
2026-02-20,1772,STORJ,Storj,0.09794074,41426326.53401669,5535033.89,coinmarketcap_data_api_listings_historical
2026-02-20,35600,SIGN,Sign,0.02516589,41272053.95257302,3700821.33,coinmarketcap_data_api_listings_historical
2026-02-20,4679,BAND,Band,0.23864379,41129370.75704632,4774863.89,coinmarketcap_data_api_listings_historical
2026-02-20,36992,NVDAX,NVIDIA tokenized stock (xStock),189.84651093,40808158.91591492,18311512.96,coinmarketcap_data_api_listings_historical
2026-02-20,35976,YUSD,Aegis YUSD,0.99876746,40609116.97098693,1977.01,coinmarketcap_data_api_listings_historical
2026-02-20,39150,RTX,RateX,2.42971806,40479102.82041445,13828791.09,coinmarketcap_data_api_listings_historical
2026-02-20,36707,CBXRP,Coinbase Wrapped XRP,1.42906882,40472999.41932367,476564.54,coinmarketcap_data_api_listings_historical
2026-02-20,35701,GOHOME,GOHOME,80.89489932,40438955.69453932,1100260.01,coinmarketcap_data_api_listings_historical
2026-02-20,36510,LA,Lagrange,0.20940794,40415732.65339737,13496099.85,coinmarketcap_data_api_listings_historical
2026-02-20,32120,G,Gravity (by Galxe),0.00384945,40331809.7006134,3174046.81,coinmarketcap_data_api_listings_historical
2026-02-20,23951,STIK,Staika,0.29131532,40214692.50920679,16360.99,coinmarketcap_data_api_listings_historical
2026-02-20,34024,SCRVUSD,Savings crvUSD,1.08749234,40038012.13513066,0.0,coinmarketcap_data_api_listings_historical
2026-02-20,4687,BUSD,BUSD,1.00025281,40036189.36909369,1227157.49,coinmarketcap_data_api_listings_historical
2026-02-20,38757,AT,APRO,0.1601103,40027574.10182654,5169591.09,coinmarketcap_data_api_listings_historical
2026-02-20,37055,METAX,Meta tokenized stock (xStock),655.71385469,39951584.85517836,14113680.37,coinmarketcap_data_api_listings_historical
2026-02-20,38668,ENSO,Enso,1.92422491,39619790.96912199,431186394.42,coinmarketcap_data_api_listings_historical
2026-02-20,2982,MVL,MVL,0.00142115,39512105.05760591,147086.24,coinmarketcap_data_api_listings_historical
2026-02-20,34958,TAG,Tagger,0.0003637,39426456.57564792,3173734.44,coinmarketcap_data_api_listings_historical
2026-02-20,39070,KNTQ,Kinetiq,0.14590085,39393230.55987232,572678.67,coinmarketcap_data_api_listings_historical
2026-02-20,2130,ENJ,Enjin Coin,0.02025461,39196371.74667034,6085975.36,coinmarketcap_data_api_listings_historical
2026-02-20,2868,DAG,Constellation,0.01361731,39128650.87540642,916001.55,coinmarketcap_data_api_listings_historical
2026-02-20,38585,CLASH,GeorgePlaysClashRoyale,0.03889274,38880675.31347817,1759651.23,coinmarketcap_data_api_listings_historical
2026-02-20,36761,EGL1,EGL1,0.03878158,38781580.92251542,4760520.21,coinmarketcap_data_api_listings_historical
2026-02-20,2341,SWFTC,SwftCoin,0.00387124,38712439.26027702,1129014.51,coinmarketcap_data_api_listings_historical
2026-02-20,2405,IOST,IOST,0.00123197,38706927.37676389,4842255.77,coinmarketcap_data_api_listings_historical
2026-02-20,1974,PRO,Propy,0.38530108,38530107.98217711,5085722.96,coinmarketcap_data_api_listings_historical
2026-02-20,37006,SPYX,SP500 tokenized ETF (xStock),690.85765878,38463263.98884953,2080907.68,coinmarketcap_data_api_listings_historical
2026-02-20,19075,OMI,ECOMI,0.0001358,38371835.43985228,957452.46,coinmarketcap_data_api_listings_historical
2026-02-20,9258,XCH,Chia,2.65419041,38251464.86899929,2000276.23,coinmarketcap_data_api_listings_historical
2026-02-20,36300,SKYAI,SKYAI,0.03812251,38122507.86185802,3816302.09,coinmarketcap_data_api_listings_historical
2026-02-20,28850,NOT,Notcoin,0.00038331,38112483.77463368,7463435.15,coinmarketcap_data_api_listings_historical
2026-02-20,32198,BABY,Babylon,0.01341696,38037574.03749125,4879401.38,coinmarketcap_data_api_listings_historical
2026-02-20,38057,SLVon,iShares Silver Trust Tokenized ETF (Ondo),76.57794446,37726087.34245278,9768504.84,coinmarketcap_data_api_listings_historical
2026-02-20,38187,UCN,Uchain,751.76242319,37588121.15929157,6843239.05,coinmarketcap_data_api_listings_historical
2026-02-20,2132,POWR,Powerledger,0.06615127,37582933.88597739,2284512.96,coinmarketcap_data_api_listings_historical
2026-02-20,38588,OWB,OWB,0.08255492,37573339.28320071,259832.05,coinmarketcap_data_api_listings_historical
2026-02-20,38554,KGEN,KGeN,0.17775797,37521604.93255287,4415941.7,coinmarketcap_data_api_listings_historical
2026-02-20,3945,ONE,Harmony,0.00252404,37493802.25763405,3079666.63,coinmarketcap_data_api_listings_historical
2026-02-20,18069,GMT,GMT,0.01203968,37460258.7570009,6151259.41,coinmarketcap_data_api_listings_historical
2026-02-20,24877,BIM,BIM,1.24535142,37360542.48917598,222171.11,coinmarketcap_data_api_listings_historical
2026-02-20,1637,RLC,iExec RLC,0.42770863,37210558.55617119,2237776.15,coinmarketcap_data_api_listings_historical
2026-02-20,25147,SWETH,swETH,2182.99276928,36964823.95962966,82860.3,coinmarketcap_data_api_listings_historical
2026-02-20,1586,ARK,Ark,0.19092901,36736673.88489443,1223429.55,coinmarketcap_data_api_listings_historical
2026-02-20,3661,SHX,Stronghold SHx,0.0063352,36705547.35643088,706690.32,coinmarketcap_data_api_listings_historical
2026-02-20,37057,QQQX,Nasdaq tokenized ETF (xStock),608.8980411,36662334.78385985,3876829.62,coinmarketcap_data_api_listings_historical
2026-02-20,39382,TRIA,Tria,0.01698921,36657100.8879059,16556955.5,coinmarketcap_data_api_listings_historical
2026-02-20,37166,CROSS,CROSS,0.1084723,36362396.30174363,4171078.38,coinmarketcap_data_api_listings_historical
2026-02-20,39548,ESP,Espresso,0.06985163,36361265.8418649,50957514.02,coinmarketcap_data_api_listings_historical
2026-02-20,24781,CYBER,Cyber,0.56600602,36327115.65761874,28872865.68,coinmarketcap_data_api_listings_historical
2026-02-20,4807,CTK,Shentu,0.23044649,35962943.23148166,3027092.6,coinmarketcap_data_api_listings_historical
2026-02-20,5370,HIVE,Hive,0.06836543,35615763.09475969,2248849.29,coinmarketcap_data_api_listings_historical
2026-02-20,22354,QUAI,Quai Network,0.04550303,35605417.152103,277956.98,coinmarketcap_data_api_listings_historical
2026-02-20,7236,CUSD,Celo Dollar,0.99879646,35511374.92199686,726084.56,coinmarketcap_data_api_listings_historical
2026-02-20,9436,ELON,Dogelon Mars,4e-08,35408817.41354798,2730164.73,coinmarketcap_data_api_listings_historical
2026-02-20,37013,GOOGLX,Alphabet tokenized stock (xStock),315.72536195,35237878.75842134,22099241.95,coinmarketcap_data_api_listings_historical
2026-02-20,21296,ETHW,EthereumPoW,0.32515213,35057576.85954648,3814074.76,coinmarketcap_data_api_listings_historical
2026-02-20,14806,PEOPLE,ConstitutionDAO,0.00690074,34918707.71004746,9314442.8,coinmarketcap_data_api_listings_historical
2026-02-20,32782,ORE,Ore,80.90326198,34916769.6351752,644769.45,coinmarketcap_data_api_listings_historical
2026-02-20,31379,ZCHF,Frankencoin,1.29151403,34665912.69615447,268476.75,coinmarketcap_data_api_listings_historical
2026-02-20,4056,AMPL,Ampleforth,1.21711268,34413244.78846973,28365.97,coinmarketcap_data_api_listings_historical
2026-02-20,13631,MANTA,Manta Network,0.07328102,34069427.37271908,5540645.48,coinmarketcap_data_api_listings_historical
2026-02-20,39159,BREV,Brevis,0.1361934,34048349.25084437,27109169.87,coinmarketcap_data_api_listings_historical
2026-02-20,8083,LON,Tokenlon Network Token,0.27554814,34020026.8709975,12887.23,coinmarketcap_data_api_listings_historical
2026-02-20,11823,POKT,Pocket Network,0.0149362,33987718.74805833,2424514.71,coinmarketcap_data_api_listings_historical
2026-02-20,29401,VSUI,Volo Staked SUI,1.0108308,33955503.63070419,10126.75,coinmarketcap_data_api_listings_historical
2026-02-20,37016,KLK,Klickl Token,0.33927366,33927366.30161098,739778.49,coinmarketcap_data_api_listings_historical
2026-02-20,28735,UNP,UNIPOLY,0.15471178,33917464.56020789,304057.62,coinmarketcap_data_api_listings_historical
2026-02-20,37456,OPEN,OpenLedger,0.15732767,33904113.82567523,7980114.35,coinmarketcap_data_api_listings_historical
2026-02-20,3701,RIF,Rootstock Infrastructure Framework,0.0338005,33800503.2112465,2176541.56,coinmarketcap_data_api_listings_historical
2026-02-20,17520,ORBR,Orbler,0.03326722,33785748.43752331,7067.45,coinmarketcap_data_api_listings_historical
2026-02-20,8602,AUCTION,Bounce Token,5.12544164,33778431.90790659,11117943.17,coinmarketcap_data_api_listings_historical
2026-02-20,1816,CVC,Civic,0.03369995,33699951.55323966,2674379.1,coinmarketcap_data_api_listings_historical
2026-02-20,33223,LAB,LAB,0.14577386,33586298.09711075,6898433.08,coinmarketcap_data_api_listings_historical
2026-02-20,29974,RSWETH,Restaked Swell Ethereum,2091.87659992,33272449.69073028,2782.81,coinmarketcap_data_api_listings_historical
2026-02-20,1214,LSK,Lisk,0.14644739,33198047.07555615,7968700.47,coinmarketcap_data_api_listings_historical
2026-02-20,30168,STRAX,Xertra,0.01604273,33066286.49815577,1379134.04,coinmarketcap_data_api_listings_historical
2026-02-20,36576,HUMA,Huma Finance,0.01272409,32969805.95728148,10345021.28,coinmarketcap_data_api_listings_historical
2026-02-20,5279,SOLO,Sologenic,0.08232772,32830320.01262385,1958711.84,coinmarketcap_data_api_listings_historical
2026-02-20,7501,WOO,WOO,0.0173649,32798512.87425214,3011999.46,coinmarketcap_data_api_listings_historical
2026-02-20,3992,COTI,COTI,0.0122816,32767887.2482475,5617944.0,coinmarketcap_data_api_listings_historical
2026-02-20,16690,ABEY,Abey,0.03163843,32733608.19733584,14096.23,coinmarketcap_data_api_listings_historical
2026-02-20,37024,GLDX,Gold tokenized ETF (xStock),468.48135679,32585626.09578373,779765.46,coinmarketcap_data_api_listings_historical
2026-02-20,23335,THE,THENA,0.26260566,32457476.95954458,5273427.15,coinmarketcap_data_api_listings_historical
2026-02-20,11289,SPELL,Spell Token,0.00018917,32444998.11449875,3362765.13,coinmarketcap_data_api_listings_historical
2026-02-20,29835,IO,io.net,0.11364323,32424522.44086592,17329166.29,coinmarketcap_data_api_listings_historical
2026-02-20,38014,MUon,Micron Technology Tokenized Stock (Ondo),427.28477326,32231685.91169157,2666366.98,coinmarketcap_data_api_listings_historical
2026-02-20,8534,CHEX,Chintai,0.03223151,32196760.40477394,200019.23,coinmarketcap_data_api_listings_historical
2026-02-20,37005,CRCLX,Circle tokenized stock (xStock),63.50629039,31918154.46857686,23364227.17,coinmarketcap_data_api_listings_historical
2026-02-20,34285,CLANKER,tokenbot,32.26825312,31825444.15918676,10179239.8,coinmarketcap_data_api_listings_historical
2026-02-20,28230,BIGTIME,Big Time,0.01521861,31711489.48358473,13055541.98,coinmarketcap_data_api_listings_historical
2026-02-20,1727,BNT,Bancor,0.28944678,31698081.68249822,2052019.86,coinmarketcap_data_api_listings_historical
2026-02-20,32521,NEIRO,Neiro,7.516e-05,31620165.23291207,17286858.31,coinmarketcap_data_api_listings_historical
2026-02-20,20700,WKC,Wiki Cat,6e-08,31579929.7747684,359172.92,coinmarketcap_data_api_listings_historical
2026-02-20,11171,MNGO,Mango,0.02821413,31528357.16187971,364.21,coinmarketcap_data_api_listings_historical
2026-02-20,36164,CORN,Corn,0.05987077,31432154.04621879,8180451.57,coinmarketcap_data_api_listings_historical
2026-02-20,30746,BB,BounceBit,0.03113962,31357380.31092369,14561782.0,coinmarketcap_data_api_listings_historical
2026-02-20,34269,MEY,Mey Network,0.11012851,31310557.70930641,952076.63,coinmarketcap_data_api_listings_historical
2026-02-20,33372,CARV,CARV,0.06138448,31160021.10727005,4305351.84,coinmarketcap_data_api_listings_historical
2026-02-20,36405,SXT,Space and Time,0.02220987,31093820.55225608,8238240.24,coinmarketcap_data_api_listings_historical
2026-02-20,15248,SANTOS,Santos FC Fan Token,1.93083364,31076486.03346461,3091956.43,coinmarketcap_data_api_listings_historical
2026-02-20,2300,WAXP,WAX,0.00682239,31033370.9685968,1582046.9,coinmarketcap_data_api_listings_historical
2026-02-20,30963,ZENT,Zentry,0.003868,30981143.98622341,26931049.94,coinmarketcap_data_api_listings_historical
2026-02-20,39369,WPEAQ,Wrapped peaq,0.01676987,30956440.05005783,16782.0,coinmarketcap_data_api_listings_historical
2026-02-20,9566,LUSD,Liquity USD,1.00385338,30945467.52637689,8469.63,coinmarketcap_data_api_listings_historical
2026-02-20,28340,SMART,SMART,0.00457008,30712920.95134521,488736.95,coinmarketcap_data_api_listings_historical
2026-02-20,14588,PEAQ,peaq,0.01659528,30634146.9454212,1817873.9,coinmarketcap_data_api_listings_historical
2026-02-20,5266,MLK,MiL.k,0.05751176,30616104.60086874,544342.56,coinmarketcap_data_api_listings_historical
2026-02-20,36935,MGO,Mango Network,0.0190815,30586939.08076435,1590604.09,coinmarketcap_data_api_listings_historical
2026-02-20,33871,WONUS,Wrapped ONUS,0.36536346,30478112.37248796,6673.01,coinmarketcap_data_api_listings_historical
2026-02-20,2930,IQ,IQ,0.00122413,30451665.6033467,900002.75,coinmarketcap_data_api_listings_historical
2026-02-20,28480,BLAST,Blast,0.00054012,30291582.35964993,3444635.08,coinmarketcap_data_api_listings_historical
2026-02-20,31528,DBR,deBridge,0.01567495,30169329.92238854,4410345.99,coinmarketcap_data_api_listings_historical
2026-02-20,5858,QANX,QANplatform,0.01688378,30147633.61200488,248068.99,coinmarketcap_data_api_listings_historical
2026-02-20,38407,BOLD,Liquity BOLD,1.00571055,30108521.85586441,175617.58,coinmarketcap_data_api_listings_historical
2026-02-20,5604,SCRT,Secret,0.08904982,29632669.97070478,2091661.51,coinmarketcap_data_api_listings_historical
2026-02-20,36215,APTM,Apertum,0.37115576,29599543.17982419,1359244.59,coinmarketcap_data_api_listings_historical
2026-02-20,8120,WHITE,Whiteheart,3321.41322032,29520720.70217842,0.0,coinmarketcap_data_api_listings_historical
2026-02-20,36238,XPIN,XPIN Network,0.00165477,29504521.13947066,5421740.55,coinmarketcap_data_api_listings_historical
2026-02-20,35429,LAYER,Solayer,0.08686255,29459568.23722549,7170025.91,coinmarketcap_data_api_listings_historical
2026-02-20,7455,AUDIO,Audius,0.02103882,29424180.8851221,1811576.76,coinmarketcap_data_api_listings_historical
2026-02-20,38470,GIGGLE,Giggle Fund,29.54817673,29362219.23738225,11516016.59,coinmarketcap_data_api_listings_historical
2026-02-20,39170,COLLECT,Collect on Fanable,0.05444811,29238635.48699615,6693704.29,coinmarketcap_data_api_listings_historical
2026-02-20,29870,BOME,BOOK OF MEME,0.00042377,29183621.5393219,11938335.69,coinmarketcap_data_api_listings_historical
2026-02-20,3217,ONG,Ontology Gas,0.06574389,29137294.33767328,1324678.41,coinmarketcap_data_api_listings_historical
2026-02-20,4064,USDK,USDK,1.01084999,28910382.46094476,0.0,coinmarketcap_data_api_listings_historical
2026-02-20,10688,YGG,Yield Guild Games,0.04015512,28653901.39249648,16635167.46,coinmarketcap_data_api_listings_historical
2026-02-20,9444,KNC,Kyber Network Crystal v2,0.13997843,28509892.85802131,3522098.59,coinmarketcap_data_api_listings_historical
2026-02-20,35014,DRV,Derive,0.03860468,28472096.19952786,32960.75,coinmarketcap_data_api_listings_historical
2026-02-20,7129,USTC,TerraClassicUSD,0.00509861,28453654.75485518,2114795.03,coinmarketcap_data_api_listings_historical
2026-02-20,2927,SUSD,sUSD,0.85198441,28426784.27300814,333913.54,coinmarketcap_data_api_listings_historical
2026-02-20,35319,ANIME,Animecoin,0.00509892,28240911.28912648,8571048.65,coinmarketcap_data_api_listings_historical
2026-02-20,2273,UQC,Uquid Coin,2.81247406,28124740.6293724,27343.83,coinmarketcap_data_api_listings_historical
2026-02-20,10903,C98,Coin98,0.02809905,28099021.83549864,7438639.29,coinmarketcap_data_api_listings_historical
2026-02-20,12220,OSMO,Osmosis,0.03662053,27955210.48146207,1689662.1,coinmarketcap_data_api_listings_historical
2026-02-20,7429,LQTY,Liquity,0.29145157,27875296.13713535,6110328.36,coinmarketcap_data_api_listings_historical
2026-02-20,38067,SPYon,SPDR S&P 500 Tokenized ETF (Ondo),691.85045194,27866444.58270437,2742416.31,coinmarketcap_data_api_listings_historical
2026-02-20,38309,HOLO,Holoworld AI,0.05815629,27708713.83134275,6653365.4,coinmarketcap_data_api_listings_historical
2026-02-20,3637,AERGO,Aergo,0.05653668,27702973.67533516,2858275.34,coinmarketcap_data_api_listings_historical
2026-02-20,35458,asUSDF,Aster asUSDF,1.05676406,27701758.54225905,0.0,coinmarketcap_data_api_listings_historical
2026-02-20,31246,GAME,GameBuild,0.00147114,27588239.32852002,769386.74,coinmarketcap_data_api_listings_historical
2026-02-20,35747,DOOD,Doodles,0.0035267,27508295.51928696,9979505.05,coinmarketcap_data_api_listings_historical
2026-02-20,22933,eUSD,Electronic USD,0.99951656,27481418.84712766,223925.5,coinmarketcap_data_api_listings_historical
2026-02-20,3029,FLUX,Flux,0.0678223,27314269.93460749,3076749.98,coinmarketcap_data_api_listings_historical
2026-02-20,1230,STEEM,Steem,0.05043497,27239016.33927753,9746143.61,coinmarketcap_data_api_listings_historical
2026-02-20,36038,SFRXUSD,Staked Frax USD,1.18351089,27125388.7891381,793126.91,coinmarketcap_data_api_listings_historical
2026-02-20,22059,VENOM,Venom,0.02729741,26994937.75637769,854603.87,coinmarketcap_data_api_listings_historical
2026-02-20,35114,NAORIS,Naoris Protocol,0.04493821,26929670.00377076,5017966.97,coinmarketcap_data_api_listings_historical
2026-02-20,38908,ALLO,Allora,0.13422125,26911361.24885933,106794023.11,coinmarketcap_data_api_listings_historical
2026-02-20,23081,UNS,UNS TOKEN,0.2536371,26785143.19223274,0.0,coinmarketcap_data_api_listings_historical
2026-02-20,9640,METIS,Metis,3.65942735,26711017.79138192,3611419.17,coinmarketcap_data_api_listings_historical
2026-02-20,38231,MMT,Momentum,0.12983677,26499091.18644093,8703572.03,coinmarketcap_data_api_listings_historical
2026-02-20,7737,API3,API3,0.30654838,26492517.70763064,7782040.32,coinmarketcap_data_api_listings_historical
2026-02-20,2303,MED,MediBloc,0.00248512,26451677.77704213,394406.47,coinmarketcap_data_api_listings_historical
2026-02-20,8107,CBK,Cobak Token,0.26411754,26411753.8801727,1728025.83,coinmarketcap_data_api_listings_historical
2026-02-20,37180,USDCV,USD CoinVertible,0.99958851,26270635.41259511,11469290.25,coinmarketcap_data_api_listings_historical
2026-02-20,24203,SDEX,SmarDex,0.00281994,26124082.39187406,303430.86,coinmarketcap_data_api_listings_historical
2026-02-20,35793,ANT,Autonomi,0.08719661,26123673.60743857,381109.81,coinmarketcap_data_api_listings_historical
2026-02-20,8719,ILV,Illuvium,3.81458386,25949682.90603025,6869310.73,coinmarketcap_data_api_listings_historical
2026-02-20,37003,MSTRX,MicroStrategy tokenized stock (xStock),131.61859089,25941932.50626168,2310776.33,coinmarketcap_data_api_listings_historical
2026-02-20,24399,WHBAR,Wrapped HBAR,0.09968865,25888479.42546825,3435857.91,coinmarketcap_data_api_listings_historical
2026-02-20,27565,ARKM,Arkham,0.11479315,25839937.54940212,23627559.67,coinmarketcap_data_api_listings_historical
2026-02-20,35051,SONIC,Sonic SVM,0.05249194,25456300.98743122,46276573.58,coinmarketcap_data_api_listings_historical
2026-02-20,36994,AAPLX,Apple tokenized stock (xStock),264.80682565,25422593.76132971,16523948.44,coinmarketcap_data_api_listings_historical
2026-02-20,1762,ERG,Ergo,0.30539726,25313338.34142137,243735.43,coinmarketcap_data_api_listings_historical
2026-02-20,39461,INX,Infinex,0.01266422,25256253.80930367,4612281.13,coinmarketcap_data_api_listings_historical
2026-02-20,1788,MTL,Metal DAO,0.2821492,25154505.47538781,1069216.19,coinmarketcap_data_api_listings_historical
2026-02-20,22620,ACX,Across Protocol,0.03642661,25047206.09855626,1648505.77,coinmarketcap_data_api_listings_historical
2026-02-20,38788,MWXT,MWX Token,0.16703588,25043725.63321642,1642339.35,coinmarketcap_data_api_listings_historical
2026-02-20,33249,WIBE,Wibegram,1.22744108,25022201.49741865,640294.26,coinmarketcap_data_api_listings_historical
2026-02-20,20305,KCT,Konnect,0.00338068,24932532.53963903,902546.27,coinmarketcap_data_api_listings_historical
2026-02-20,7055,DPI,DeFi Pulse Index,44.56503071,24911113.5346274,38785.59,coinmarketcap_data_api_listings_historical
2026-02-20,21533,LISTA,Lista DAO,0.08736779,24890436.95100755,3813604.64,coinmarketcap_data_api_listings_historical
2026-02-20,5468,ISIKC,Isiklar Coin,0.2481245,24812450.19862603,457019.13,coinmarketcap_data_api_listings_historical
2026-02-20,33979,USUAL,Usual,0.01498475,24648306.36075251,7094171.28,coinmarketcap_data_api_listings_historical
2026-02-20,29599,USDB,USDB,0.99912573,24616124.61928852,468502.28,coinmarketcap_data_api_listings_historical
2026-02-20,31525,TAIKO,Taiko,0.12789219,24591603.59005613,2730303.48,coinmarketcap_data_api_listings_historical
2026-02-20,11948,XRD,Radix,0.00183693,24557184.63523987,286708.08,coinmarketcap_data_api_listings_historical
2026-02-20,14280,EUL,Euler,1.01202987,24532803.38182944,15830045.34,coinmarketcap_data_api_listings_historical
2026-02-20,4090,WXT,Wirex Token,0.00245205,24520508.93384491,368452.6,coinmarketcap_data_api_listings_historical
2026-02-20,7817,BFC,Bifrost,0.01765208,24477055.21884361,670407.83,coinmarketcap_data_api_listings_historical
2026-02-20,36492,ACU,Acurast,0.11203882,24312424.16253315,6512378.92,coinmarketcap_data_api_listings_historical
2026-02-20,5947,TPT,TokenPocket,0.00700709,24289777.13749469,77453.82,coinmarketcap_data_api_listings_historical
2026-02-20,4120,PROM,Prom,1.32953357,24263987.59322786,3858115.43,coinmarketcap_data_api_listings_historical
2026-02-20,5908,DKA,dKargo,0.00482784,24139185.22594499,589862.36,coinmarketcap_data_api_listings_historical
2026-02-20,36838,WAPTM,Wrapped Apertum,0.37359945,24062295.14061904,46535.91,coinmarketcap_data_api_listings_historical
2026-02-20,36556,HP,Hippo Protocol,0.01845937,24004012.48517595,284724.81,coinmarketcap_data_api_listings_historical
2026-02-20,29676,AEVO,Aevo,0.02604213,23859137.1307372,6112708.54,coinmarketcap_data_api_listings_historical
2026-02-20,5939,WNXM,Wrapped NXM,51.7337322,23832237.8380439,76940.09,coinmarketcap_data_api_listings_historical
2026-02-20,28194,SATS,SATS (Ordinals),1e-08,23730711.1629,5238671.14,coinmarketcap_data_api_listings_historical
2026-02-20,5824,SLP,Smooth Love Potion,0.00065164,23730356.04512038,2830063.7,coinmarketcap_data_api_listings_historical
2026-02-20,23054,CHEEL,Cheelee,0.4175008,23725783.71896755,1569081.05,coinmarketcap_data_api_listings_historical
2026-02-20,31806,PEP,Pepecoin,0.00023318,23712675.10048399,138230.92,coinmarketcap_data_api_listings_historical
2026-02-20,2840,QKC,QuarkChain,0.00328464,23687056.77593544,1009021.97,coinmarketcap_data_api_listings_historical
2026-02-20,37374,ERA,Caldera,0.15877023,23577379.14034166,3956502.75,coinmarketcap_data_api_listings_historical
2026-02-20,36713,RESOLV,Resolv,0.06562342,23557116.18803063,25760726.02,coinmarketcap_data_api_listings_historical
2026-02-20,28654,UPC,UPCX,0.23407212,23517145.24243933,182475.71,coinmarketcap_data_api_listings_historical
2026-02-20,39435,WAR,WAR,0.02347963,23479634.78417447,8490091.86,coinmarketcap_data_api_listings_historical
2026-02-20,32068,GCB,Global Commercial Business,0.0194969,23432244.0517402,283.43,coinmarketcap_data_api_listings_historical
2026-02-20,6138,DIA,DIA,0.19528077,23370442.3368062,2337599.19,coinmarketcap_data_api_listings_historical
2026-02-20,5444,CTSI,Cartesi,0.02579126,23335391.76214114,1688920.95,coinmarketcap_data_api_listings_historical
2026-02-20,30449,TNSR,Tensor,0.05023976,23215917.42419072,12467180.26,coinmarketcap_data_api_listings_historical
2026-02-20,38094,QQQon,Invesco QQQ Tokenized ETF (Ondo),609.59400131,23064404.00838707,1417921.47,coinmarketcap_data_api_listings_historical
2026-02-20,6731,TOKAMAK,Tokamak Network,0.52559813,23042986.1940751,645049.75,coinmarketcap_data_api_listings_historical
2026-02-20,36775,IDOL,MEET48,0.02187729,22892395.84400937,9257059.39,coinmarketcap_data_api_listings_historical
2026-02-20,20245,CGO,Comtech Gold,162.25383015,22877790.05165453,1059539.9,coinmarketcap_data_api_listings_historical
2026-02-20,8925,WMATIC,Wrapped Matic,0.10594068,22868335.69700648,1433590.45,coinmarketcap_data_api_listings_historical
2026-02-20,9543,BICO,Biconomy,0.02281664,22822183.86029702,7330800.49,coinmarketcap_data_api_listings_historical
2026-02-20,36281,HYPER,Hyperlane,0.09866213,22406334.37912155,7227101.49,coinmarketcap_data_api_listings_historical
2026-02-20,18386,FTRB,Faith Tribe,0.00690925,22309859.60077296,604333.89,coinmarketcap_data_api_listings_historical
2026-02-20,38117,SAPIEN,Sapien,0.0889386,22234649.84871228,16088036.18,coinmarketcap_data_api_listings_historical
2026-02-20,14783,MAGIC,Treasure,0.06972393,22160617.79201805,7415384.2,coinmarketcap_data_api_listings_historical
2026-02-20,38051,IVVon,iShares Core S&P 500 Tokenized ETF (Ondo),695.4542116,22037864.35137774,4192.79,coinmarketcap_data_api_listings_historical
2026-02-20,33440,GOAT,Goatseus Maximus,0.02201672,22016378.33784934,3799751.09,coinmarketcap_data_api_listings_historical
2026-02-20,4206,WIN,WINkLink,2.205e-05,21911227.30640298,4067208.49,coinmarketcap_data_api_listings_historical
2026-02-20,36296,BANK,Lorenzo Protocol,0.04074966,21738616.94394744,3806100.36,coinmarketcap_data_api_listings_historical
2026-02-20,23773,UNIETH,Universal ETH,2193.78740022,21716103.80946053,0.0,coinmarketcap_data_api_listings_historical
2026-02-20,4956,MAPO,MAP Protocol,0.00350605,21686757.62166576,735033.8,coinmarketcap_data_api_listings_historical
2026-02-20,38371,ZKC,Boundless,0.09289364,21678502.55944042,11153151.59,coinmarketcap_data_api_listings_historical
2026-02-20,1883,ADS,Adshares,0.55784178,21604664.56938899,1105474.12,coinmarketcap_data_api_listings_historical
2026-02-20,38178,TRUTH,Swarm Network,0.01032388,21528446.73156397,7238933.65,coinmarketcap_data_api_listings_historical
2026-02-20,32809,ORDER,Orderly,0.05809317,21402121.53222715,5717275.91,coinmarketcap_data_api_listings_historical
2026-02-20,38136,SPACE,Spacecoin,0.00993987,21395563.73842912,28746572.61,coinmarketcap_data_api_listings_historical
2026-02-20,17591,NYM,NYM,0.02582193,21366543.31748599,1233333.56,coinmarketcap_data_api_listings_historical
2026-02-20,32702,WRBTC,Wrapped Rootstock Bitcoin,67893.02976168,21127762.37509531,37180.21,coinmarketcap_data_api_listings_historical
2026-02-20,38167,mUSD,MetaMask USD,0.9999422,21096016.81526584,336218.02,coinmarketcap_data_api_listings_historical
2026-02-20,34297,F,SynFutures,0.0060192,21063982.48922887,5503617.55,coinmarketcap_data_api_listings_historical
2026-02-20,37448,AIH,AIHub,17.96843959,21023074.3220433,0.0,coinmarketcap_data_api_listings_historical
2026-02-20,33152,WCT,WalletConnect Token,0.0627255,20994809.34810064,11801727.61,coinmarketcap_data_api_listings_historical
2026-02-20,3814,CELR,Celer Network,0.00266754,20815924.91015628,4055667.01,coinmarketcap_data_api_listings_historical
2026-02-20,2222,BCD,Bitcoin Diamond,0.1115907,20810873.52425386,0.0,coinmarketcap_data_api_listings_historical
2026-02-20,11078,IAG,IAGON,0.05501878,20688185.13844527,86110.29,coinmarketcap_data_api_listings_historical
2026-02-20,29884,DSYNC,Destra Network,0.02117783,20647273.88245947,2541410.3,coinmarketcap_data_api_listings_historical
2026-02-20,6841,PHA,Phala Network,0.02490211,20646409.03571633,8287287.28,coinmarketcap_data_api_listings_historical
2026-02-20,38569,APR,aPriori,0.09546328,20614103.05115465,4653883.37,coinmarketcap_data_api_listings_historical
2026-02-20,9220,STRX,StrikeX,0.02361024,20604207.82299212,6992.51,coinmarketcap_data_api_listings_historical
2026-02-20,38481,XAN,Anoma,0.00822666,20566646.70398125,7128690.57,coinmarketcap_data_api_listings_historical
2026-02-20,34103,AIXBT,aixbt,0.02054439,20522101.54130784,7664209.09,coinmarketcap_data_api_listings_historical
2026-02-20,38495,MIRA,Mira,0.08755898,20495401.24272177,7745115.82,coinmarketcap_data_api_listings_historical
2026-02-20,36180,KERNEL,KernelDAO,0.07115094,20371085.64653068,12674863.96,coinmarketcap_data_api_listings_historical
2026-02-20,39121,MAGMA,Magma Finance,0.10718948,20366002.0780425,2342968.61,coinmarketcap_data_api_listings_historical
2026-02-20,30843,REZ,Renzo,0.00302403,20221237.03938491,4798143.27,coinmarketcap_data_api_listings_historical
2026-02-20,7497,POND,Marlin,0.00245746,20220056.0057435,1035863.34,coinmarketcap_data_api_listings_historical
2026-02-20,25220,BITCOIN,HarryPotterObamaSonic10Inu (ERC-20),0.02021507,20210987.39849558,3294091.85,coinmarketcap_data_api_listings_historical
2026-02-20,23528,WTAO,Wrapped TAO,181.27927877,20196234.26438098,613344.0,coinmarketcap_data_api_listings_historical
2026-02-20,30063,GIGA,Gigachad,0.00216437,20133815.58993254,951160.23,coinmarketcap_data_api_listings_historical
2026-02-20,38909,JCT,Janction,0.00174687,20078012.52922985,5361345.63,coinmarketcap_data_api_listings_historical
2026-02-20,12573,CPOOL,Clearpool,0.02113995,20013726.67963744,1816845.1,coinmarketcap_data_api_listings_historical
2026-02-20,38386,USAT,USAT,0.99974577,19996964.94117062,10148887.04,coinmarketcap_data_api_listings_historical
2026-02-20,36989,COINX,Coinbase tokenized stock (xStock),170.81664903,19985545.98459526,15257039.74,coinmarketcap_data_api_listings_historical
2026-02-20,39049,WET,Humidifi,0.0866908,19938883.0214571,26159789.01,coinmarketcap_data_api_listings_historical
2026-02-20,28933,XAI,Xai,0.01001621,19903541.22097439,3748024.47,coinmarketcap_data_api_listings_historical
2026-02-20,28932,DYM,Dymension,0.04250733,19875096.56549075,3312087.08,coinmarketcap_data_api_listings_historical
2026-02-20,3978,CHR,Chromia,0.02315093,19776265.91305347,2939184.85,coinmarketcap_data_api_listings_historical
2026-02-20,38102,ARIA,AriaAI,0.07031828,19763343.18733127,2650351.69,coinmarketcap_data_api_listings_historical
2026-02-20,36737,TRADOOR,Tradoor,1.37044444,19664507.20572401,3907439.61,coinmarketcap_data_api_listings_historical
2026-02-20,2941,CET,CoinEx Token,0.02774315,19659727.15713356,40052.86,coinmarketcap_data_api_listings_historical
2026-02-20,32232,PMT,Public Masterpiece Token,0.11303684,19629137.8279439,307379.4,coinmarketcap_data_api_listings_historical
2026-02-20,36288,EDGE,Definitive,0.09566354,19422060.54845273,922931.58,coinmarketcap_data_api_listings_historical
2026-02-20,38926,CHECK,Checkmate,0.06415626,19302205.40927458,27989697.82,coinmarketcap_data_api_listings_historical
2026-02-20,24007,AGI,Delysium,0.01148033,19290219.7429581,1115028.45,coinmarketcap_data_api_listings_historical
2026-02-20,11223,MMUI,MetaMUI,0.04045202,19265134.82989469,542599.16,coinmarketcap_data_api_listings_historical
2026-02-20,22850,HONEY,Hivemapper,0.00345817,19223845.96920925,733310.32,coinmarketcap_data_api_listings_historical
2026-02-20,38984,GUA,SUPERFORTUNE,0.15330061,19162576.23533493,3845284.56,coinmarketcap_data_api_listings_historical
2026-02-20,32027,STAPT,Amnis Staked Aptos coin,1.03913052,19143767.03923197,0.0,coinmarketcap_data_api_listings_historical
2026-02-20,12400,DEL,Decimal,0.00172137,19143310.53552027,364608.84,coinmarketcap_data_api_listings_historical
2026-02-20,37298,VELVET,Velvet,0.07948784,19141405.11752107,2667971.69,coinmarketcap_data_api_listings_historical
2026-02-20,38941,SURGE,Surge,0.03902431,19121910.16963797,7738355.39,coinmarketcap_data_api_listings_historical
2026-02-20,7978,FIDA,Bonfida,0.01926942,19094276.65146045,15043067.61,coinmarketcap_data_api_listings_historical
2026-02-20,2137,ETN,Electroneum,0.00106064,19070054.59125316,351835.27,coinmarketcap_data_api_listings_historical
2026-02-20,38031,TLTon,iShares 20+ Year Treasury Bond Tokenized ETF (Ondo),91.32025271,19069427.73877204,1501702.25,coinmarketcap_data_api_listings_historical
2026-02-20,32087,SOPH,Sophon,0.00946383,18927655.96239092,5366770.76,coinmarketcap_data_api_listings_historical
2026-02-20,36313,TROLL,TROLL (SOL),0.01893525,18914161.22954919,1808278.38,coinmarketcap_data_api_listings_historical
2026-02-20,11568,AGLD,Adventure Gold,0.21809046,18888815.28760483,2802795.06,coinmarketcap_data_api_listings_historical
2026-02-20,36255,LUCIC,Lucidum Coin,0.11478655,18837092.51305496,47052.99,coinmarketcap_data_api_listings_historical
2026-02-20,38359,STBL,STBL,0.03756401,18782005.41536884,3398155.06,coinmarketcap_data_api_listings_historical
2026-02-20,38767,NOCK,Nockchain,0.00978364,18776660.65178476,543984.38,coinmarketcap_data_api_listings_historical
2026-02-20,29150,PONKE,Ponke,0.03379152,18772681.08946341,2479550.33,coinmarketcap_data_api_listings_historical
2026-02-20,39035,ZKP,zkPass,0.09304939,18764959.86604706,10938963.41,coinmarketcap_data_api_listings_historical
2026-02-20,37740,OPENX,OPEN tokenized stock (xStock),5.63,18703089.57936813,161.43,coinmarketcap_data_api_listings_historical
2026-02-20,36803,LIBERTY,Torch of Liberty,0.01868961,18689611.9954037,943567.01,coinmarketcap_data_api_listings_historical
2026-02-20,4038,MBL,MovieBloc,0.00097703,18645472.09002614,1555903.62,coinmarketcap_data_api_listings_historical
2026-02-20,35421,VINE,Vine Coin,0.01863519,18635075.42099284,2754008.47,coinmarketcap_data_api_listings_historical
2026-02-20,37609,IN,INFINIT,0.06217439,18561646.2258508,4432662.54,coinmarketcap_data_api_listings_historical
2026-02-20,23756,CGPT,ChainGPT,0.02110365,18487819.03560586,3869636.96,coinmarketcap_data_api_listings_historical
2026-02-20,21763,USDT.e,Tether Avalanche Bridged,0.99817197,18484290.84012715,73856.71,coinmarketcap_data_api_listings_historical
2026-02-20,39113,IR,Infrared,0.09015111,18480978.23249015,5073366.0,coinmarketcap_data_api_listings_historical
2026-02-20,14803,AURORA,Aurora,0.02706306,18444458.10901847,298279.28,coinmarketcap_data_api_listings_historical
2026-02-20,33120,INIT,Initia,0.10051625,18287706.23484797,26946616.07,coinmarketcap_data_api_listings_historical
2026-02-20,36666,TIT,Titan's Tap,0.00059517,18264863.82490662,144525.72,coinmarketcap_data_api_listings_historical
2026-02-20,35929,DOLO,Dolomite,0.0412934,18236072.61685278,12824613.98,coinmarketcap_data_api_listings_historical
2026-02-20,21706,GRND,SuperWalk,0.02537205,18221096.59033625,1436540.79,coinmarketcap_data_api_listings_historical
2026-02-20,36223,PROMPT,Wayfinder,0.04476498,18187130.28907953,5837121.2,coinmarketcap_data_api_listings_historical
2026-02-20,13663,GNS,Gains Network,0.7336496,18179403.05638228,2313564.95,coinmarketcap_data_api_listings_historical
2026-02-20,37257,AIX,Ai Xovia,5.00285648,18128125.61067839,3706552.68,coinmarketcap_data_api_listings_historical
2026-02-20,13524,SLND,Solend,0.18107036,18107036.16288386,0.0,coinmarketcap_data_api_listings_historical
2026-02-20,2545,ABT,ArcBlock,0.18360219,18094786.79335826,243953.99,coinmarketcap_data_api_listings_historical
2026-02-20,22264,OHO,Oho,0.0007477,18037531.43647676,131853.71,coinmarketcap_data_api_listings_historical
2026-02-20,38679,哈基米,哈基米,0.01797185,17971846.15269704,950148.07,coinmarketcap_data_api_listings_historical
2026-02-20,28066,BANANA,Banana Gun,4.48454191,17970872.21016378,3625895.63,coinmarketcap_data_api_listings_historical
2026-02-20,39387,ELSA,HeyElsa,0.07804518,17870784.56954113,12171965.14,coinmarketcap_data_api_listings_historical
2026-02-20,3418,META,Metadium,0.01030581,17804406.37700272,1263839.8,coinmarketcap_data_api_listings_historical
2026-02-20,38468,HANA,Hana Network,0.03493305,17718200.33271172,5810503.58,coinmarketcap_data_api_listings_historical
2026-02-20,8100,ankrETH,Ankr Staked ETH,2395.50305778,17716500.80846181,3.96,coinmarketcap_data_api_listings_historical
2026-02-20,5067,MAX,MAX Exchange Token,0.27213574,17670088.36618879,23372.69,coinmarketcap_data_api_listings_historical
2026-02-20,37562,AIO,OLAXBT,0.07668772,17657347.70042274,8141399.62,coinmarketcap_data_api_listings_historical
2026-02-20,24600,MOBILE,Helium Mobile,0.00019764,17645743.69896837,226501.12,coinmarketcap_data_api_listings_historical
2026-02-20,5026,OXT,Orchid,0.01764316,17594021.73611841,728298.86,coinmarketcap_data_api_listings_historical
2026-02-20,36056,XP,Xphere,0.0068746,17447743.3828458,1266755.58,coinmarketcap_data_api_listings_historical
2026-02-20,28909,CKBTC,Chain-key Bitcoin,68691.75131448,17383821.50515473,20651.33,coinmarketcap_data_api_listings_historical
2026-02-20,10854,RAIL,Railgun,1.27110555,17382062.67716913,375799.75,coinmarketcap_data_api_listings_historical
2026-02-20,34987,FLOCK,FLock.io,0.05866353,17204257.56961384,2865478.67,coinmarketcap_data_api_listings_historical
2026-02-20,23711,PRIME,Echelon Prime,0.47583418,17022416.21696999,6054810.68,coinmarketcap_data_api_listings_historical
2026-02-20,27178,PAAL,PAAL AI,0.01698703,16948217.4765492,1469312.81,coinmarketcap_data_api_listings_historical
2026-02-20,21988,QIE,QIE Blockchain,0.20052395,16918023.55799333,13720.28,coinmarketcap_data_api_listings_historical
2026-02-20,38464,NOM,Nomina,0.00581977,16877329.5575152,44258137.08,coinmarketcap_data_api_listings_historical
2026-02-20,38021,IEFAon,iShares Core MSCI EAFE Tokenized ETF (Ondo),99.34666779,16849306.46070259,2024456.94,coinmarketcap_data_api_listings_historical
2026-02-20,29335,PIXEL,Pixels,0.00525242,16758186.88332455,3018122.11,coinmarketcap_data_api_listings_historical
2026-02-20,37340,C,Chainbase,0.05452275,16730695.86336813,2984969.25,coinmarketcap_data_api_listings_historical
2026-02-20,37534,PLAY,PlaysOut,0.02090211,16730398.46592992,3957033.65,coinmarketcap_data_api_listings_historical
2026-02-20,37482,DORA,DORA,0.01681615,16649427.37293891,193866.18,coinmarketcap_data_api_listings_historical
2026-02-20,37062,PLTRX,Palantir tokenized stock (xStock),139.73,16613897.0,2127.63,coinmarketcap_data_api_listings_historical
2026-02-20,38864,FOLKS,Folks Finance,1.35811021,16566781.06865309,3118043.0,coinmarketcap_data_api_listings_historical
2026-02-20,20490,ROG,ROGin AI,0.24715185,16556671.31048488,35007.0,coinmarketcap_data_api_listings_historical
2026-02-20,32722,LAVA,Lava Network,0.06218692,16448841.96565978,1348208.82,coinmarketcap_data_api_listings_historical
2026-02-20,36041,MUBARAK,Mubarak,0.0163694,16369397.47856918,14398203.55,coinmarketcap_data_api_listings_historical
2026-02-20,39322,我踏马来了,我踏马来了,0.01636491,16364909.81215925,12707653.19,coinmarketcap_data_api_listings_historical
2026-02-20,8677,XYM,Symbol,0.00256691,16305304.01642842,104550.07,coinmarketcap_data_api_listings_historical
2026-02-20,2492,ELA,Elastos,0.69843054,16119521.30198912,1178366.41,coinmarketcap_data_api_listings_historical
2026-02-20,38427,ZBT,ZEROBASE,0.0729941,16058702.55500027,11323587.1,coinmarketcap_data_api_listings_historical
2026-02-20,32966,CATI,Catizen,0.04035601,16055360.86380786,3830309.72,coinmarketcap_data_api_listings_historical
2026-02-20,35702,NIL,Nillion,0.05249609,15939134.46965827,3691137.06,coinmarketcap_data_api_listings_historical
2026-02-20,21870,MPLX,Metaplex,0.03050406,15868839.27429113,2549828.26,coinmarketcap_data_api_listings_historical
2026-02-20,11294,RARE,SuperRare,0.01922106,15853520.62554558,3037840.08,coinmarketcap_data_api_listings_historical
2026-02-20,37020,BRK.BX,Berkshire Hathaway tokenized stock (xStock),508.05941816,15851453.40606588,3111.46,coinmarketcap_data_api_listings_historical
2026-02-20,39355,ROLL,RollX,0.10223237,15846018.01083686,5192021.13,coinmarketcap_data_api_listings_historical
2026-02-20,37041,HOODX,Robinhood tokenized stock (xStock),76.22702545,15832336.97256512,26969725.21,coinmarketcap_data_api_listings_historical
2026-02-20,38283,CARDS,Collector Crypt,0.04146446,15767391.65597809,866875.91,coinmarketcap_data_api_listings_historical
2026-02-20,37027,HONX,Honeywell tokenized stock (xStock),249.42863638,15717868.21899375,693065.72,coinmarketcap_data_api_listings_historical
2026-02-20,11726,XAI,SideShift Token,0.10867904,15682357.34009611,0.0,coinmarketcap_data_api_listings_historical
2026-02-20,5161,WRX,WazirX,0.0409956,15654450.17510062,24597.73,coinmarketcap_data_api_listings_historical
2026-02-20,9285,MOVR,Moonriver,1.4101489,15633147.57956654,1742148.6,coinmarketcap_data_api_listings_historical
2026-02-20,2083,BTG,Bitcoin Gold,0.89236555,15628822.12452949,1438.82,coinmarketcap_data_api_listings_historical
2026-02-20,16399,COREUM,Coreum,0.04047417,15574137.90838222,281395.85,coinmarketcap_data_api_listings_historical
2026-02-20,38307,FELY,Felysyum,0.35379075,15484445.21917849,27555.04,coinmarketcap_data_api_listings_historical
2026-02-20,24835,PEPECOIN,PepeCoin,0.14442938,15462207.70004746,393218.64,coinmarketcap_data_api_listings_historical
2026-02-20,11584,BTRST,Braintrust,0.06403587,15454914.83849325,119070.46,coinmarketcap_data_api_listings_historical
2026-02-20,38430,AIA,DeAgentAI,0.1051489,15439012.74987383,3668636.05,coinmarketcap_data_api_listings_historical
2026-02-20,2776,AVA,AVA (Travala),0.21383808,15430917.90275026,4369421.98,coinmarketcap_data_api_listings_historical
2026-02-20,5309,OG,OG Fan Token,3.35635938,15404182.56191146,7171343.56,coinmarketcap_data_api_listings_historical
2026-02-20,38219,ARARA,Araracoin,0.00042117,15267479.49192955,15041.82,coinmarketcap_data_api_listings_historical
2026-02-20,37047,VTIX,Vanguard tokenized ETF (xStock),341.43616349,15240800.27619788,204674.89,coinmarketcap_data_api_listings_historical
2026-02-20,36861,NEWT,Newton Protocol,0.07085234,15233252.90345625,7299768.68,coinmarketcap_data_api_listings_historical
2026-02-20,37082,XAUT0,Tether Gold Tokens,5091.21866309,15223047.15271541,1482255.54,coinmarketcap_data_api_listings_historical
2026-02-20,9421,FORTH,Ampleforth Governance Token,1.06118512,15221166.30632389,1305936.15,coinmarketcap_data_api_listings_historical
2026-02-20,25114,CETUS,Cetus Protocol,0.0166698,15165894.74130908,2716732.38,coinmarketcap_data_api_listings_historical
2026-02-20,21914,SAUCE,SaucerSwap,0.01715967,15153419.46516388,88094.98,coinmarketcap_data_api_listings_historical
2026-02-20,5268,EWT,Energy Web Token,0.50406498,15153270.85713159,135197.38,coinmarketcap_data_api_listings_historical
2026-02-20,30096,DEGEN,Degen,0.00068916,15143613.67740941,1627475.1,coinmarketcap_data_api_listings_historical
2026-02-20,4953,FCT,FirmaChain,0.01345045,15111432.00735095,353525.13,coinmarketcap_data_api_listings_historical
2026-02-20,32698,DOGS,DOGS,2.902e-05,14994814.35230092,3880907.78,coinmarketcap_data_api_listings_historical
2026-02-20,36174,ES,Eclipse,0.11299416,14988433.41013103,3415450.95,coinmarketcap_data_api_listings_historical
2026-02-20,35728,DIAM,DIAM,0.00800069,14983716.80969488,273525.92,coinmarketcap_data_api_listings_historical
2026-02-20,38756,LMTS,Limitless,0.11381409,14977783.78463132,1964686.1,coinmarketcap_data_api_listings_historical
2026-02-20,9308,PYR,Vulcan Forged (PYR),0.33126164,14837544.80452513,2957872.12,coinmarketcap_data_api_listings_historical
2026-02-20,38881,AVICI,Avici,1.1476922,14805212.21371798,1103818.53,coinmarketcap_data_api_listings_historical
2026-02-20,7424,HEZ,Hermez Network,3.14382994,14776000.71695951,0.0,coinmarketcap_data_api_listings_historical
2026-02-20,4039,ARPA,ARPA,0.00969068,14725821.07016844,5953913.8,coinmarketcap_data_api_listings_historical
2026-02-20,10631,GODS,Gods Unchained,0.0351715,14707305.03211307,570026.39,coinmarketcap_data_api_listings_historical
2026-02-20,39192,USDM,USDM,1.00058604,14688312.94336951,0.0,coinmarketcap_data_api_listings_historical
2026-02-20,38093,NVDAon,NVIDIA Tokenized Stock (Ondo),189.86416674,14639866.99691773,3523928.57,coinmarketcap_data_api_listings_historical
2026-02-20,39151,PYBOBO,Capybobo,0.00080651,14628151.21356948,4972182.5,coinmarketcap_data_api_listings_historical
2026-02-20,32889,AUKI,Auki,0.01163792,14614742.2904291,297894.03,coinmarketcap_data_api_listings_historical
2026-02-20,6843,RAD,Radworks,0.24730057,14609523.310932,2316432.99,coinmarketcap_data_api_listings_historical
2026-02-20,1414,FIRO,Firo,0.79836077,14594464.6980583,299773.23,coinmarketcap_data_api_listings_historical
2026-02-20,38072,AGGon,iShares Core US Aggregate Bond Tokenized ETF (Ondo),102.94615192,14554259.78567415,2357035.49,coinmarketcap_data_api_listings_historical
2026-02-20,5117,OGN,Origin Protocol,0.02198123,14551339.60993151,4160465.22,coinmarketcap_data_api_listings_historical
2026-02-20,6836,GLMR,Moonbeam,0.01361102,14534525.21715232,1593295.07,coinmarketcap_data_api_listings_historical
2026-02-20,11865,BONE,Bone ShibaSwap,0.06287046,14455386.23911883,558232.77,coinmarketcap_data_api_listings_historical
2026-02-20,38651,YB,YieldBasis,0.16435375,14449434.03839887,6008419.36,coinmarketcap_data_api_listings_historical
2026-02-20,36153,FHE,Mind Network,0.04110217,14426862.66519657,4367138.07,coinmarketcap_data_api_listings_historical
2026-02-20,8771,GYEN,GYEN,0.00687261,14424092.07920142,141.31,coinmarketcap_data_api_listings_historical
2026-02-20,11396,JOE,JOE,0.03573326,14421022.96772559,1465106.25,coinmarketcap_data_api_listings_historical
2026-02-20,28674,ACE,Fusionist,0.16001496,14398723.06063663,5338350.06,coinmarketcap_data_api_listings_historical
2026-02-20,1757,FUN,FUNToken,0.00133061,14378803.67828367,5109932.48,coinmarketcap_data_api_listings_historical
2026-02-20,35386,AO,AO,4.08453303,14360924.75180177,1674792.98,coinmarketcap_data_api_listings_historical
2026-02-20,37672,BSU,Baby Shark Universe,0.08479577,14245690.11225953,24232135.96,coinmarketcap_data_api_listings_historical
2026-02-20,9288,QI,BENQI,0.00196821,14171141.70039885,643122.36,coinmarketcap_data_api_listings_historical
2026-02-20,16876,ALI,Artificial Liquid Intelligence,0.00155239,14154840.69300875,168274.16,coinmarketcap_data_api_listings_historical
2026-02-20,34753,WS,Wrapped Sonic,0.04343971,14137381.69058657,622232.78,coinmarketcap_data_api_listings_historical
2026-02-20,35690,B3,B3 (Base),0.0004346,14101064.13460678,1023446.58,coinmarketcap_data_api_listings_historical
2026-02-20,37039,XOMX,Exxon Mobil tokenized stock (xStock),146.97213854,14087436.90792661,1616.4,coinmarketcap_data_api_listings_historical
2026-02-20,10430,ARG,Argentine Football Association Fan Token,0.85907033,14084879.83658465,1182226.55,coinmarketcap_data_api_listings_historical
2026-02-20,14052,PORTO,FC Porto Fan Token,1.08331522,14070321.57082932,1217010.46,coinmarketcap_data_api_listings_historical
2026-02-20,7460,AQT,Alpha Quark Token,0.52469627,14065113.77203266,1545480.72,coinmarketcap_data_api_listings_historical
2026-02-20,1886,DENT,Dent,0.0001406,14059954.87745559,1018647.93,coinmarketcap_data_api_listings_historical
2026-02-20,32376,AVAIL,Avail,0.00379326,14055080.89774595,638464.44,coinmarketcap_data_api_listings_historical
2026-02-20,33566,ACT,Act I : The AI Prophecy,0.01475876,13994878.70357464,11353799.67,coinmarketcap_data_api_listings_historical
2026-02-20,9674,WILD,Wilder World,0.02893794,13974016.42352912,307215.89,coinmarketcap_data_api_listings_historical
2026-02-20,32724,CAT,Simon's Cat,1.85e-06,13964797.88901185,2643388.33,coinmarketcap_data_api_listings_historical
2026-02-20,8670,VOW,Vow,0.03910725,13933336.98976157,201403.62,coinmarketcap_data_api_listings_historical
2026-02-20,38863,TRUST,Intuition,0.07746033,13915580.84825367,3694431.21,coinmarketcap_data_api_listings_historical
2026-02-20,29042,EURR,StablR Euro,1.1684389,13885192.71791639,4376085.12,coinmarketcap_data_api_listings_historical
2026-02-20,37743,STAR,Starpower,0.07461641,13872664.633158,13133895.47,coinmarketcap_data_api_listings_historical
2026-02-20,2630,NCT,PolySwarm,0.00733429,13828811.76612577,238908.71,coinmarketcap_data_api_listings_historical
2026-02-20,38963,FIGHT,FIGHT,0.0067407,13818441.51244747,8662766.6,coinmarketcap_data_api_listings_historical
2026-02-20,37028,INTCX,Intel tokenized stock (xStock),44.12,13809560.0,6212.36,coinmarketcap_data_api_listings_historical
2026-02-20,8489,XSGD,XSGD,0.7886993,13761003.09211933,156474.68,coinmarketcap_data_api_listings_historical
2026-02-20,37345,YU,Yala,0.16481223,13722219.87995798,0.0,coinmarketcap_data_api_listings_historical
2026-02-20,39459,WOJAK,wojak (wojakcto.com),4e-08,13698018.23983354,5359507.91,coinmarketcap_data_api_listings_historical
2026-02-20,37015,AMBRX,Amber tokenized stock (xStock),2.37990792,13674934.85499791,46.67,coinmarketcap_data_api_listings_historical
2026-02-20,38041,IAUon,iShares Gold Trust Tokenized ETF (Ondo),95.98401628,13644028.2744589,1546815.59,coinmarketcap_data_api_listings_historical
2026-02-20,5200,GLEEC,Gleec Coin,0.0749748,13627048.58159549,82.63,coinmarketcap_data_api_listings_historical
2026-02-20,32591,sSOL,Solayer SOL,95.76502019,13603248.37750915,0.0,coinmarketcap_data_api_listings_historical
2026-02-20,37387,BAS,BNB Attestation Service,0.00543979,13599473.45050631,3398318.07,coinmarketcap_data_api_listings_historical
2026-02-20,4279,SXP,Solar,0.02020615,13595438.3573479,5107031.03,coinmarketcap_data_api_listings_historical
2026-02-20,37056,MSFTX,Microsoft tokenized stock (xStock),402.7956544,13582900.28805181,14418.88,coinmarketcap_data_api_listings_historical
2026-02-20,35749,BROCCOLI,CZ's Dog,0.01395811,13539710.66714152,7153150.65,coinmarketcap_data_api_listings_historical
2026-02-20,29779,ZKJ,Polyhedra Network,0.02330891,13516495.00433602,2349466.4,coinmarketcap_data_api_listings_historical
2026-02-20,38750,ON,Orochi Network,0.09368076,13515791.14716756,918026.13,coinmarketcap_data_api_listings_historical
2026-02-20,33104,SYNC,SyncGPT,0.06712795,13425589.57713962,0.0,coinmarketcap_data_api_listings_historical
2026-02-20,8037,VANRY,Vanar Chain,0.00585294,13411254.60373247,2534666.46,coinmarketcap_data_api_listings_historical
2026-02-20,38442,CMC20,CoinMarketCap 20 Index DTF,139.38339343,13331819.21237998,5891771.66,coinmarketcap_data_api_listings_historical
2026-02-20,18037,MAV,Maverick Protocol,0.0157732,13296108.45139391,3489192.57,coinmarketcap_data_api_listings_historical
2026-02-20,30953,SBBTC,ShibaBitcoin,114.04408355,13295665.34265545,5048.07,coinmarketcap_data_api_listings_historical
2026-02-20,33502,VULT,Vultisig,0.20336254,13220973.07712084,16448.28,coinmarketcap_data_api_listings_historical
2026-02-20,20435,VELO,Velodrome Finance,0.01441411,13191833.33243621,2504561.96,coinmarketcap_data_api_listings_historical
2026-02-20,32037,ANYONE,ANyONe Protocol,0.13503302,13165715.02512814,965585.31,coinmarketcap_data_api_listings_historical
2026-02-20,22359,XPLA,CONX,0.01434124,13164287.45914758,64667.75,coinmarketcap_data_api_listings_historical
2026-02-20,24476,LMWR,LimeWire,0.02951564,13151553.98426375,472968.87,coinmarketcap_data_api_listings_historical
2026-02-20,5380,HUNT,Hunt Town,0.10415454,13140935.8458143,143433.94,coinmarketcap_data_api_listings_historical
2026-02-20,18895,MBX,MARBLEX,0.04861115,13137019.97452961,561872.33,coinmarketcap_data_api_listings_historical
2026-02-20,34076,WQUIL,Wrapped QUIL,0.01454198,13121015.69390483,182671.21,coinmarketcap_data_api_listings_historical
2026-02-20,38669,RECALL,Recall,0.05748053,13070481.4700813,8121127.24,coinmarketcap_data_api_listings_historical
2026-02-20,37393,YNG,Young,0.48306318,13042705.88328917,18194.29,coinmarketcap_data_api_listings_historical
2026-02-20,36539,RIZE,RIZE,0.00660105,13026089.61850985,60808.39,coinmarketcap_data_api_listings_historical
2026-02-20,8720,INV,Inverse Finance,17.8888203,12978214.82534603,139608.1,coinmarketcap_data_api_listings_historical
2026-02-20,2915,MOC,Moss Coin,0.02940251,12951502.4051809,186602.1,coinmarketcap_data_api_listings_historical
2026-02-20,36933,XNY,Codatta,0.00515783,12894575.88155129,15827342.81,coinmarketcap_data_api_listings_historical
2026-02-20,38029,TSLAon,Tesla Tokenized Stock (Ondo),411.3765599,12806388.08712038,2443612.46,coinmarketcap_data_api_listings_historical
2026-02-20,31838,COOKIE,Cookie DAO,0.01814523,12801694.66686912,1873072.27,coinmarketcap_data_api_listings_historical
2026-02-20,8613,ALCX,Alchemix,5.08150731,12769168.20413701,881550.06,coinmarketcap_data_api_listings_historical
2026-02-20,34849,RBNT,Redbelly Network,0.00504398,12661022.08577849,209550.93,coinmarketcap_data_api_listings_historical
2026-02-20,20605,TAI,TARS AI,0.01418646,12657013.12841822,688894.22,coinmarketcap_data_api_listings_historical
2026-02-20,34456,READY,READY!,0.01263104,12631038.42028379,52327.81,coinmarketcap_data_api_listings_historical
2026-02-20,2606,WAN,Wanchain,0.06335389,12597311.46681258,1120588.97,coinmarketcap_data_api_listings_historical
2026-02-20,32325,PUFFER,Puffer,0.03198858,12562886.26291233,2277499.52,coinmarketcap_data_api_listings_historical
2026-02-20,2001,COLX,ColossusXT,0.0009846,12536278.46507257,0.0,coinmarketcap_data_api_listings_historical
2026-02-20,32194,STO,StakeStone,0.05561155,12531134.87065515,10625111.5,coinmarketcap_data_api_listings_historical
2026-02-20,31750,GEMS,Gems,0.02083801,12479156.50622213,609664.56,coinmarketcap_data_api_listings_historical
2026-02-20,3,NMC,Namecoin,0.84333388,12427705.38059749,15180.72,coinmarketcap_data_api_listings_historical
2026-02-20,6641,AHT,AhaToken,0.00170184,12315678.30290233,64766.91,coinmarketcap_data_api_listings_historical
2026-02-20,3930,TT,ThunderCore,0.00092547,12266341.62545942,131692.66,coinmarketcap_data_api_listings_historical
2026-02-20,35608,WBERA,Wrapped Bera,0.59689197,12246250.98576172,307922.28,coinmarketcap_data_api_listings_historical
2026-02-20,37362,WFRAX,Wrapped FRAX,0.66208614,12232518.075401,0.0,coinmarketcap_data_api_listings_historical
2026-02-20,11232,HIGH,Highstreet,0.15399336,12069902.32584557,5857972.34,coinmarketcap_data_api_listings_historical
2026-02-20,11307,BETA,Beta Finance,0.01203566,12035659.29794779,2869.39,coinmarketcap_data_api_listings_historical
2026-02-20,5228,GAL,Galatasaray Fan Token,1.62257604,12018672.22517876,1421792.48,coinmarketcap_data_api_listings_historical
2026-02-20,19590,DFG,Defigram,1.20103456,12010345.55545097,0.0,coinmarketcap_data_api_listings_historical
2026-02-20,38970,BOB,BOB (Build on Bitcoin),0.00536032,11899905.41641766,5243766.39,coinmarketcap_data_api_listings_historical
2026-02-20,22461,HFT,Hashflow,0.0167335,11889404.96981961,4870303.54,coinmarketcap_data_api_listings_historical
2026-02-20,38888,ELIZAOS,elizaOS,0.00135081,11879590.1386203,5549069.36,coinmarketcap_data_api_listings_historical
2026-02-20,5227,ATM,Atletico De Madrid Fan Token,1.48227551,11858092.92148758,3128532.43,coinmarketcap_data_api_listings_historical
2026-02-20,36063,BR,Bedrock,0.05153573,11853218.65896937,531247.81,coinmarketcap_data_api_listings_historical
2026-02-20,27650,ICE,Ice Open Network,0.00178225,11789962.23283088,9654.95,coinmarketcap_data_api_listings_historical
2026-02-20,11038,BFG,BFG Token,0.0104929,11781524.25719471,431.51,coinmarketcap_data_api_listings_historical
2026-02-20,37023,GMEX,Gamestop tokenized stock (xStock),23.6,11768204.22134212,207.08,coinmarketcap_data_api_listings_historical
2026-02-20,39059,BXE,Banxchange,0.03900574,11733707.51248978,198804.72,coinmarketcap_data_api_listings_historical
2026-02-20,34240,SUPRA,SUPRA,0.00046776,11705899.78350658,1388748.32,coinmarketcap_data_api_listings_historical
2026-02-20,3673,ASD,ASD,0.01771315,11701574.1732493,911210.61,coinmarketcap_data_api_listings_historical
2026-02-20,28919,TGC,TG Casino,0.14937334,11694139.78216289,36776.94,coinmarketcap_data_api_listings_historical
2026-02-20,10188,ATA,Automata Network,0.01233862,11679641.45470744,457721.74,coinmarketcap_data_api_listings_historical
2026-02-20,38435,NETX,NetX,0.59687362,11674824.74060925,195207.68,coinmarketcap_data_api_listings_historical
2026-02-20,27054,RSC,ResearchCoin,0.09011604,11674811.22629677,548331.89,coinmarketcap_data_api_listings_historical
2026-02-20,32195,HMSTR,Hamster Kombat,0.00018128,11669743.50718162,2805414.79,coinmarketcap_data_api_listings_historical
2026-02-20,5229,ASR,AS Roma Fan Token,1.4129932,11620932.2444594,3571450.84,coinmarketcap_data_api_listings_historical
2026-02-20,32690,WRSETH,Kelp DAO Wrapped rsETH,2092.55181135,11612809.96103753,4.04,coinmarketcap_data_api_listings_historical
2026-02-20,27533,OSAK,Osaka Protocol,2e-08,11610041.67407252,9698.98,coinmarketcap_data_api_listings_historical
2026-02-20,1768,ADX,AdEx,0.07821192,11567542.82726567,3331305.06,coinmarketcap_data_api_listings_historical
2026-02-20,37495,TREE,Treehouse,0.07404203,11559623.15326772,8062481.53,coinmarketcap_data_api_listings_historical
2026-02-20,36581,ZEUS,Zeus (truezeuscoin.com),3e-08,11539930.06093752,18994.25,coinmarketcap_data_api_listings_historical
2026-02-20,12687,LAZIO,S.S. Lazio Fan Token,0.86798,11439038.01710113,1076487.78,coinmarketcap_data_api_listings_historical
2026-02-20,7224,DODO,DODO,0.01573489,11418866.48152511,1223171.78,coinmarketcap_data_api_listings_historical
2026-02-20,7617,SFI,saffron.finance,124.88588355,11417503.30417205,8405.9,coinmarketcap_data_api_listings_historical
2026-02-20,30372,SAGA,Saga,0.03205834,11406138.4210354,3456519.99,coinmarketcap_data_api_listings_historical
2026-02-20,28846,AI,Sleepless AI,0.02336001,11401147.22122382,3699647.79,coinmarketcap_data_api_listings_historical
2026-02-20,2866,BOUNTY,Chainbounty,0.02216065,11369371.00196476,1528932.04,coinmarketcap_data_api_listings_historical
2026-02-20,38068,TIPon,iShares TIPS Bond Tokenized ETF (Ondo),112.49951586,11267112.8346147,64018.7,coinmarketcap_data_api_listings_historical
2026-02-20,38101,MAUSDT_LISTA,Mitosis Matrix USDT (Lista),1.0156421,11237404.36434592,0.0,coinmarketcap_data_api_listings_historical
2026-02-20,2916,NIM,Nimiq,0.00080966,11200179.70001652,91202.14,coinmarketcap_data_api_listings_historical
2026-02-20,38433,AOP,Ark of Panda,0.03199346,11197711.65123677,1104426.17,coinmarketcap_data_api_listings_historical
2026-02-20,34330,FAI,Freysa,0.00136626,11189280.10585521,476120.75,coinmarketcap_data_api_listings_historical
2026-02-20,38007,EFAon,iShares MSCI EAFE Tokenized ETF (Ondo),107.256482,11188565.12337668,1005.55,coinmarketcap_data_api_listings_historical
2026-02-20,37338,TAC,TAC Protocol,0.00409949,11175748.29005113,1505776.74,coinmarketcap_data_api_listings_historical
2026-02-20,33854,BERT,Bertram The Pomeranian,0.01151612,11133205.26205553,1692871.09,coinmarketcap_data_api_listings_historical
2026-02-20,23585,WCORE,Wrapped Core,0.08559743,11129440.62532959,0.0,coinmarketcap_data_api_listings_historical
2026-02-20,34125,CHILLGUY,Just a chill guy,0.01110736,11106763.26305414,4674238.16,coinmarketcap_data_api_listings_historical
2026-02-20,4166,RIO,Realio Network,0.07492268,11096522.36454453,1041144.35,coinmarketcap_data_api_listings_historical
2026-02-20,37454,IKA,Ika,0.00369302,11079063.70791303,15962978.28,coinmarketcap_data_api_listings_historical
2026-02-20,1037,AGRS,Agoras: Tau Net,0.37099384,11078547.76070698,3984.01,coinmarketcap_data_api_listings_historical
2026-02-20,9119,TLM,Alien Worlds,0.00169905,11034143.1773456,11586594.38,coinmarketcap_data_api_listings_historical
2026-02-20,6724,KLV,Klever Coin,0.0012319,10940253.15402742,171312.39,coinmarketcap_data_api_listings_historical
2026-02-20,38634,CLO,Yei Finance,0.08463968,10926982.71730083,6769935.98,coinmarketcap_data_api_listings_historical
2026-02-20,1552,MLN,Enzyme,3.66439204,10904795.52738419,2900497.15,coinmarketcap_data_api_listings_historical
2026-02-20,5225,BAR,FC Barcelona Fan Token,0.48988792,10904749.77470493,1803993.42,coinmarketcap_data_api_listings_historical
2026-02-20,6929,HEGIC,Hegic,0.01544618,10869896.41695901,15.6,coinmarketcap_data_api_listings_historical
2026-02-20,8766,ALICE,MyNeighborAlice,0.10815009,10841750.50636138,5116492.78,coinmarketcap_data_api_listings_historical
2026-02-20,10933,IDIA,Impossible Finance Launchpad,0.01594121,10840022.05481655,0.0,coinmarketcap_data_api_listings_historical
2026-02-20,30008,APU,Apu Apustaja,3.206e-05,10833349.25553242,583353.27,coinmarketcap_data_api_listings_historical
2026-02-20,33964,SERV,OpenServ,0.01441214,10809106.2112072,397964.37,coinmarketcap_data_api_listings_historical
2026-02-20,12787,MIN,Minswap,0.00613358,10788134.07906954,15942.72,coinmarketcap_data_api_listings_historical
2026-02-20,35092,ANON,Hey Anon,0.79815791,10708552.68790243,828269.9,coinmarketcap_data_api_listings_historical
2026-02-20,541,SYS,Syscoin,0.01258227,10682000.39426991,3529360.64,coinmarketcap_data_api_listings_historical
2026-02-20,6069,ASM,Assemble AI,0.00707811,10617172.31974212,1804811.0,coinmarketcap_data_api_listings_historical
2026-02-20,8938,EPS,Ellipsis,0.01463278,10589763.03529312,0.0,coinmarketcap_data_api_listings_historical
2026-02-20,13967,GFI,Goldfinch,0.12253262,10528076.4101344,124158.04,coinmarketcap_data_api_listings_historical
2026-02-20,29555,PORTAL,Portal,0.01391842,10526891.86964097,2393093.76,coinmarketcap_data_api_listings_historical
2026-02-20,25232,ABEL,Abelian,0.09316494,10514967.57340549,63884.31,coinmarketcap_data_api_listings_historical
2026-02-20,5435,EPIC,Epic Private Internet Cash,0.60546941,10462286.211307,29639.45,coinmarketcap_data_api_listings_historical
2026-02-20,38003,ITOTon,iShares Core S&P Total US Stock Market Tokenized ETF (Ondo),151.54317361,10440767.64284213,384.65,coinmarketcap_data_api_listings_historical
2026-02-20,36649,CREPE,CREPE,1.786e-05,10374654.15224277,698812.44,coinmarketcap_data_api_listings_historical
2026-02-20,12623,SD,Stader,0.15131281,10363838.98780757,1232032.93,coinmarketcap_data_api_listings_historical
2026-02-20,35710,SHELL,MyShell,0.03159387,10362787.81316907,4199644.67,coinmarketcap_data_api_listings_historical
2026-02-20,36279,PAPARAZZI,Paparazzi Token,0.00148818,10334555.05581338,249014.54,coinmarketcap_data_api_listings_historical
2026-02-20,3581,PNK,Kleros,0.01127885,10326109.65732027,18901.16,coinmarketcap_data_api_listings_historical
2026-02-20,14556,BOBA,Boba Network,0.02090759,10319589.12797889,603268.23,coinmarketcap_data_api_listings_historical
2026-02-20,20622,FORT,Forta,0.01632483,10304616.22625359,311762.82,coinmarketcap_data_api_listings_historical
2026-02-20,5226,PSG,Paris Saint-Germain Fan Token,0.71689202,10298251.36019369,1279680.49,coinmarketcap_data_api_listings_historical
2026-02-20,5382,EL,ELYSIA,0.0021381,10284276.8739553,109009.99,coinmarketcap_data_api_listings_historical
2026-02-20,37571,TOWNS,Towns,0.00371632,10263844.44202047,8241982.22,coinmarketcap_data_api_listings_historical
2026-02-20,5728,BAL,Balancer,0.1478531,10214358.31559721,1795020.86,coinmarketcap_data_api_listings_historical
2026-02-20,16334,APX,APX,0.23095497,10200747.50935389,0.0,coinmarketcap_data_api_listings_historical
2026-02-20,38506,LIGHT,Bitlight,0.23676847,10194533.53119204,4991673.5,coinmarketcap_data_api_listings_historical
2026-02-20,37050,MRVLX,Marvell tokenized stock (xStock),79.21,10073105.28373783,349.11,coinmarketcap_data_api_listings_historical
2026-02-20,9175,MBOX,MOBOX,0.02010595,10059458.25329722,2587626.23,coinmarketcap_data_api_listings_historical
2026-02-20,38466,BLESS,Bless,0.0054555,10047186.99600946,2221558.67,coinmarketcap_data_api_listings_historical
2026-02-20,31843,AURA,Aura,0.0104149,10032554.14566141,1094198.47,coinmarketcap_data_api_listings_historical
2026-02-20,35647,TST,Test,0.0106189,10017350.02474134,7845968.46,coinmarketcap_data_api_listings_historical
2026-02-20,11620,IXS,IXS,0.05560864,10009556.0632086,135961.2,coinmarketcap_data_api_listings_historical
2026-02-20,9020,TKO,Toko Token,0.05901306,10008350.03663338,1044939.82,coinmarketcap_data_api_listings_historical
2026-02-20,9720,LAT,PlatON,0.00146178,9985621.35483317,3150224.21,coinmarketcap_data_api_listings_historical
2026-02-20,29879,ANDY,ANDY (ETH),9.97e-06,9972177.378318,329887.87,coinmarketcap_data_api_listings_historical
2026-02-20,34830,BGSC,BugsCoin,0.00089828,9954439.33241408,885732.48,coinmarketcap_data_api_listings_historical
2026-02-20,35214,BMT,Bubblemaps,0.01667158,9888610.91274211,2994677.62,coinmarketcap_data_api_listings_historical
2026-02-20,13969,PHB,Phoenix,0.15574361,9871861.22124992,2269010.13,coinmarketcap_data_api_listings_historical
2026-02-20,37430,TA,Trusta.AI,0.03873647,9858970.47103271,2435213.84,coinmarketcap_data_api_listings_historical
2026-02-20,39123,REAL,Real Token,0.01485457,9855999.3243092,14214.41,coinmarketcap_data_api_listings_historical
2026-02-20,38159,HEMI,Hemi,0.01007855,9851785.10415337,5990994.41,coinmarketcap_data_api_listings_historical
2026-02-20,24225,METFI,MetFi,0.03507862,9838757.18096038,24747.25,coinmarketcap_data_api_listings_historical
2026-02-20,7311,BIFI,Beefy,122.96354012,9837083.20928342,519074.5,coinmarketcap_data_api_listings_historical
2026-02-20,8615,EPIC,Epic Chain,0.2923934,9824418.08316663,3329210.28,coinmarketcap_data_api_listings_historical
2026-02-20,36369,HAEDAL,Haedal Protocol,0.03011819,9750764.32948759,7726020.09,coinmarketcap_data_api_listings_historical
2026-02-20,14878,ALPH,Alephium,0.07964957,9743096.86814323,192313.5,coinmarketcap_data_api_listings_historical
2026-02-20,19055,AITECH,Solidus Ai Tech,0.00555566,9740331.15993338,2228933.78,coinmarketcap_data_api_listings_historical
2026-02-20,1856,DNT,district0x,0.0097394,9739397.59613379,68472.61,coinmarketcap_data_api_listings_historical
2026-02-20,33725,VON,Vameon,1.946e-05,9730321.697471,199657.1,coinmarketcap_data_api_listings_historical
2026-02-20,36990,PEPEONTRON,PePeonTron,0.00967174,9671709.97545976,441181.03,coinmarketcap_data_api_listings_historical
2026-02-20,1104,REP,Augur,0.87919815,9671179.70478858,16637.83,coinmarketcap_data_api_listings_historical
2026-02-20,36227,NUMI,NUMINE,0.04867718,9640515.75307812,1351398.18,coinmarketcap_data_api_listings_historical
2026-02-20,27622,LYX,LUKSO,0.31553535,9635157.87867133,610522.11,coinmarketcap_data_api_listings_historical
2026-02-20,36770,AIN,Infinity Ground,0.03293398,9615624.24977038,1600138.71,coinmarketcap_data_api_listings_historical
2026-02-20,37059,ORCLX,Oracle tokenized stock (xStock),143.03752985,9544866.54342248,28200.38,coinmarketcap_data_api_listings_historical
2026-02-20,28458,OLAS,Autonolas,0.04016106,9484795.9633225,252293.72,coinmarketcap_data_api_listings_historical
2026-02-20,32002,ZEX,Zeta,0.05048287,9479127.55259988,175848.5,coinmarketcap_data_api_listings_historical
2026-02-20,34034,OL,Open Loot,0.01200288,9385757.88773239,1421156.6,coinmarketcap_data_api_listings_historical
2026-02-20,5866,DEXT,DEXTools,0.13397256,9379291.84378772,6265.59,coinmarketcap_data_api_listings_historical
2026-02-20,32089,XION,XION,0.12897076,9355204.11280883,4042530.83,coinmarketcap_data_api_listings_historical
2026-02-20,35892,TUT,Tutorial,0.01117103,9339735.05136632,2657779.73,coinmarketcap_data_api_listings_historical
2026-02-20,23351,CRETA,Creta World,0.00334879,9320253.60680018,150975.98,coinmarketcap_data_api_listings_historical
2026-02-20,33108,X,X Empire,1.349e-05,9311159.82871875,420463.66,coinmarketcap_data_api_listings_historical
2026-02-20,5224,JUV,Juventus Fan Token,0.62864377,9298539.68772596,2370096.09,coinmarketcap_data_api_listings_historical
2026-02-20,34260,INCO,InfinitiCoin,0.00928517,9285174.75603701,7769.26,coinmarketcap_data_api_listings_historical
2026-02-20,26680,NTRN,Neutron,0.01386995,9282092.4602475,1964443.94,coinmarketcap_data_api_listings_historical
2026-02-20,12147,SYN,Synapse,0.04973138,9240882.94759498,3848686.34,coinmarketcap_data_api_listings_historical
2026-02-20,38099,IEMGon,iShares Core MSCI Emerging Markets Tokenized ETF (Ondo),77.21396392,9239401.05418734,93588.69,coinmarketcap_data_api_listings_historical
2026-02-20,38936,WOJAK,Wojak (wojakmeme.fun),0.00923535,9234944.29436246,1310474.63,coinmarketcap_data_api_listings_historical
2026-02-20,11035,SPS,Splintershards,0.00603871,9226951.20261627,17080.52,coinmarketcap_data_api_listings_historical
2026-02-20,30902,WOLF,Landwolf 0x67,1.021e-05,9213545.13094755,622215.08,coinmarketcap_data_api_listings_historical
2026-02-20,24087,FUEL,Fuel Network,0.00125776,9181132.08581027,3596416.55,coinmarketcap_data_api_listings_historical
2026-02-20,5,PPC,Peercoin,0.30537657,9179993.72287279,34780.88,coinmarketcap_data_api_listings_historical
2026-02-20,34792,GRIFFAIN,GRIFFAIN,0.00917232,9171229.43433606,1769033.83,coinmarketcap_data_api_listings_historical
2026-02-20,10049,CITY,Manchester City Fan Token,0.71371151,9132979.37241843,2913260.46,coinmarketcap_data_api_listings_historical
2026-02-20,1169,PIVX,PIVX,0.09058648,9130425.20714783,1874914.51,coinmarketcap_data_api_listings_historical
2026-02-20,18774,LQ,Liqwid Finance,0.45275075,9119483.90906034,143508.5,coinmarketcap_data_api_listings_historical
2026-02-20,33439,LUMIA,Lumia,0.06467828,9109678.96483333,1902369.98,coinmarketcap_data_api_listings_historical
2026-02-20,38557,4,4,0.00908371,9083707.82071313,3497982.6,coinmarketcap_data_api_listings_historical
2026-02-20,35597,XU3O8,xU3O8,5.632147,9011435.20263391,1954150.63,coinmarketcap_data_api_listings_historical
2026-02-20,37320,FUSD,Freedom Dollar,1.00081802,9007362.13760336,280483.97,coinmarketcap_data_api_listings_historical
2026-02-20,8827,BOSON,Boson Protocol,0.05268208,8975074.22778629,277617.52,coinmarketcap_data_api_listings_historical
2026-02-20,5113,SURE,inSure DeFi,0.0003335,8934446.44358734,143.48,coinmarketcap_data_api_listings_historical
2026-02-20,11079,BRISE,Bitgert,2e-08,8904855.69025313,1055447.72,coinmarketcap_data_api_listings_historical
2026-02-20,3260,AMO,AMO Coin,0.00041855,8873338.06774462,17110.71,coinmarketcap_data_api_listings_historical
2026-02-20,7463,RAMP,RAMP,0.01849835,8839229.32049716,7.4,coinmarketcap_data_api_listings_historical
2026-02-20,39439,PENGUIN,Nietzschean Penguin,0.00883241,8832194.5444478,14563835.36,coinmarketcap_data_api_listings_historical
2026-02-20,28829,MAVIA,Heroes of Mavia,0.03568417,8729567.06057315,2732007.52,coinmarketcap_data_api_listings_historical
2026-02-20,25241,GP,Graphite Protocol,0.24947923,8706658.46456601,412985.36,coinmarketcap_data_api_listings_historical
2026-02-20,36195,AGT,Alaya Governance Token,0.0046388,8657352.36120857,2189905.91,coinmarketcap_data_api_listings_historical
2026-02-20,27614,WMNT,Wrapped Mantle,0.63032503,8652056.18886953,415916.33,coinmarketcap_data_api_listings_historical
2026-02-20,26998,SCR,Scroll,0.04548773,8642668.03160636,2235863.31,coinmarketcap_data_api_listings_historical
2026-02-20,17131,IXT,Planet IX(formerly IX token),0.06568406,8633393.65384028,785.14,coinmarketcap_data_api_listings_historical
2026-02-20,38022,IWFon,iShares Russell 1000 Growth Tokenized ETF (Ondo),454.39122313,8622120.79110672,625.69,coinmarketcap_data_api_listings_historical
2026-02-20,23195,ACS,Access Protocol,0.00018258,8610750.38462238,677006.18,coinmarketcap_data_api_listings_historical
2026-02-20,36078,MNSRY,Mansory,0.00945714,8511317.86010039,400808.55,coinmarketcap_data_api_listings_historical
2026-02-20,1808,OMG,OMG Network,0.06040137,8471014.46988477,1841953.94,coinmarketcap_data_api_listings_historical
2026-02-20,5119,DGLD,DGLD - Digital Gold Token,5056.5478242,8467175.40128229,0.0,coinmarketcap_data_api_listings_historical
2026-02-20,18112,ALPINE,Alpine F1 Team Fan Token,0.44900006,8430182.4027709,8893767.85,coinmarketcap_data_api_listings_historical
2026-02-20,7725,TRU,TrueFi,0.00585843,8408831.00715027,2485328.06,coinmarketcap_data_api_listings_historical
2026-02-20,18662,GALEON,Galeon,0.01017694,8393718.8474631,74639.61,coinmarketcap_data_api_listings_historical
2026-02-20,34853,UFD,Unicorn Fart Dust,0.00836115,8361145.14519515,1556330.75,coinmarketcap_data_api_listings_historical
2026-02-20,16612,NOS,Nosana,0.17261264,8319526.06569118,297770.1,coinmarketcap_data_api_listings_historical
2026-02-20,11952,WMOVR,Wrapped Moonriver,174.43697202,8297484.17711172,0.0,coinmarketcap_data_api_listings_historical
2026-02-20,36560,YEE,Yee Token,0.00828261,8282608.64519581,1364227.59,coinmarketcap_data_api_listings_historical
2026-02-20,28778,NFP,NFPrompt,0.01627082,8264493.17154162,1484580.07,coinmarketcap_data_api_listings_historical
2026-02-20,6859,FARM,Harvest Finance,12.27535281,8251289.0111724,911963.37,coinmarketcap_data_api_listings_historical
2026-02-20,3327,SIX,SIX Token,0.00968481,8241449.83656982,505081.0,coinmarketcap_data_api_listings_historical
2026-02-20,28975,WEXO,Wexo,0.02806749,8229168.23280955,141498.9,coinmarketcap_data_api_listings_historical
2026-02-20,38869,US,Talus,0.00372633,8197930.75303888,3800188.97,coinmarketcap_data_api_listings_historical
2026-02-20,258,GRS,Groestlcoin,0.09154193,8192024.08577537,0.0,coinmarketcap_data_api_listings_historical
2026-02-20,10052,GTC,Gitcoin,0.09346311,8177228.22792455,958892.34,coinmarketcap_data_api_listings_historical
2026-02-20,36319,AIOT,OKZOO,0.02879065,8154951.87513229,1200079.6,coinmarketcap_data_api_listings_historical
2026-02-20,36601,MAMO,Mamo,0.01399155,8149522.11449293,474172.85,coinmarketcap_data_api_listings_historical
2026-02-20,8724,BLUE,Bluefin,0.02060935,8133651.41893237,2575506.73,coinmarketcap_data_api_listings_historical
2026-02-20,37453,ASP,Aspecta,0.02778182,8073566.71070755,1325581.94,coinmarketcap_data_api_listings_historical
2026-02-20,38701,RLS,Rayls,0.00537704,8065556.94715182,2243339.24,coinmarketcap_data_api_listings_historical
2026-02-20,32470,L3,Layer3,0.00766297,8043772.42212768,4248471.81,coinmarketcap_data_api_listings_historical
2026-02-20,34083,ZEREBRO,Zerebro,0.0079894,7989008.75404036,2149972.53,coinmarketcap_data_api_listings_historical
2026-02-20,34177,USDQ,Quantoz USDQ,0.99967396,7977447.21073932,50743743.29,coinmarketcap_data_api_listings_historical
2026-02-20,37114,MANYU,Manyu (manyushiba.com),1e-08,7974275.777,2913847.81,coinmarketcap_data_api_listings_historical
2026-02-20,11346,RACA,RACA,1.93e-05,7946316.53252316,1435997.72,coinmarketcap_data_api_listings_historical
2026-02-20,29711,ZRC,Zircuit,0.00170423,7924100.99627797,1827802.24,coinmarketcap_data_api_listings_historical
2026-02-20,35426,FARTBOY,Fartboy,0.00790013,7895705.55319946,724192.03,coinmarketcap_data_api_listings_historical
2026-02-20,11531,POR,Portugal National Team Fan Token,0.74837885,7887865.92877292,346793.74,coinmarketcap_data_api_listings_historical
2026-02-20,21106,RDNT,Radiant Capital,0.00569548,7884021.53254133,1576796.68,coinmarketcap_data_api_listings_historical
2026-02-20,23046,MCOIN,MCOIN,0.0444453,7866817.92565558,358360.28,coinmarketcap_data_api_listings_historical
2026-02-20,38204,MITO,Mitosis,0.0433655,7860997.15193802,7819518.99,coinmarketcap_data_api_listings_historical
2026-02-20,26833,WECAN,Wecan Group,0.00130389,7823314.03804816,43013.86,coinmarketcap_data_api_listings_historical
2026-02-20,26532,PIKA,Pikaboss,2e-08,7789430.0842218,0.0,coinmarketcap_data_api_listings_historical
2026-02-20,39006,GAIX,GaiAI,0.0473841,7778888.97547806,376641.99,coinmarketcap_data_api_listings_historical
2026-02-20,17917,RSS3,RSS3,0.00860311,7748716.04719878,1696784.97,coinmarketcap_data_api_listings_historical
2026-02-20,33081,XBG,XBorg,0.032367,7725137.03171931,104748.35,coinmarketcap_data_api_listings_historical
2026-02-20,8206,QUICK,QuickSwap [Old],9.78323179,7696994.66696127,3466.3,coinmarketcap_data_api_listings_historical
2026-02-20,34116,AVA,AVA,0.00767779,7671648.48292088,1466417.34,coinmarketcap_data_api_listings_historical
2026-02-20,23396,LOCK,Houdini Swap,0.0844375,7666081.40972885,38305.67,coinmarketcap_data_api_listings_historical
2026-02-20,34828,SAVE,Save,0.16785808,7664877.36033406,0.0,coinmarketcap_data_api_listings_historical
2026-02-20,36599,allBTC,Osmosis allBTC,67761.90399202,7657095.15109795,1784576.25,coinmarketcap_data_api_listings_historical
2026-02-20,6928,BEL,Bella Protocol,0.09548629,7638903.27900242,2693142.38,coinmarketcap_data_api_listings_historical
2026-02-20,6715,SPA,Sperax,0.00371819,7615610.72519925,1053945.17,coinmarketcap_data_api_listings_historical
2026-02-20,7189,OUSD,Origin Dollar,0.99944106,7607581.36191236,614136.28,coinmarketcap_data_api_listings_historical
2026-02-20,38829,BAY,Marina Protocol,0.03802282,7604564.64281648,501750.1,coinmarketcap_data_api_listings_historical
2026-02-20,34017,PIN,PinLink,0.08614284,7598369.72616783,472003.79,coinmarketcap_data_api_listings_historical
2026-02-20,32866,MCDULL,McDull,1e-06,7591503.92753355,25615.83,coinmarketcap_data_api_listings_historical
2026-02-20,32171,$PURPE,Purple Pepe,1.815e-05,7571089.02106235,696525.05,coinmarketcap_data_api_listings_historical
2026-02-20,34095,XMW,Morphware,0.00918553,7566152.41074052,127055.39,coinmarketcap_data_api_listings_historical
2026-02-20,29220,PORK,PepeFork,2e-08,7532603.35765374,115631.61,coinmarketcap_data_api_listings_historical
2026-02-20,29296,NAVX,NAVI Protocol,0.00922479,7528975.73435311,348072.11,coinmarketcap_data_api_listings_historical
2026-02-20,3709,GRIN,Grin,0.03358579,7503865.74353877,11933.9,coinmarketcap_data_api_listings_historical
2026-02-20,35298,DUCK,DuckChain,0.00104615,7485109.00118198,688086.69,coinmarketcap_data_api_listings_historical
2026-02-20,7859,BADGER,Badger DAO,0.37154482,7475769.24846018,953206.14,coinmarketcap_data_api_listings_historical
2026-02-20,5865,FIO,FIO Protocol,0.00887243,7435740.6598919,1381774.97,coinmarketcap_data_api_listings_historical
2026-02-20,12749,NAKA,Nakamoto Games,0.07721785,7397469.92768702,861966.86,coinmarketcap_data_api_listings_historical
2026-02-20,20513,STC,SaitaChain Coin,0.00016505,7377852.14102134,0.0,coinmarketcap_data_api_listings_historical
2026-02-20,38742,SIGMA,SigmaDotMoney,0.05079585,7365398.04665116,340103.07,coinmarketcap_data_api_listings_historical
2026-02-20,36226,REDX,REDX,0.00185233,7357595.51383964,478164.09,coinmarketcap_data_api_listings_historical
2026-02-20,34902,FREYA,Freya Protocol,0.01340469,7353814.28716179,1472.44,coinmarketcap_data_api_listings_historical
2026-02-20,19966,QUICK,Quickswap [New],0.00934005,7348322.37129702,507037.3,coinmarketcap_data_api_listings_historical
2026-02-20,7087,DEGO,Dego Finance,0.34973104,7343377.07739674,1633662.04,coinmarketcap_data_api_listings_historical
2026-02-20,37649,ORI,Orizon,55.01122944,7342128.74844527,199703.43,coinmarketcap_data_api_listings_historical
2026-02-20,37357,A2Z,Arena-Z,0.0009236,7332379.02977245,2253751.87,coinmarketcap_data_api_listings_historical
2026-02-20,36769,BULLA,Bulla,0.02604244,7291882.1993576,1577865.69,coinmarketcap_data_api_listings_historical
2026-02-20,28504,JOE,Joe coin,0.00726032,7260320.62369979,18391.82,coinmarketcap_data_api_listings_historical
2026-02-20,32088,ROAM,Roam,0.02131981,7237617.27690931,1535778.02,coinmarketcap_data_api_listings_historical
2026-02-20,22789,VATRENI,Croatian Football Federation Token,1.87258066,7235696.60763594,8673.44,coinmarketcap_data_api_listings_historical
2026-02-20,5956,MCB,MUX Protocol,1.89298004,7234066.7702191,0.0,coinmarketcap_data_api_listings_historical
2026-02-20,7533,ORAI,Oraichain,0.52081163,7199543.69360545,639901.41,coinmarketcap_data_api_listings_historical
2026-02-20,23015,NEON,Neon EVM,0.03003157,7191525.33506353,682643.06,coinmarketcap_data_api_listings_historical
2026-02-20,35724,HEI,Heima,0.08353046,7184169.98653747,1414963.39,coinmarketcap_data_api_listings_historical
2026-02-20,362,CLOAK,CloakCoin,1.17747972,7167987.02502619,0.0,coinmarketcap_data_api_listings_historical
2026-02-20,34993,SWARMS,Swarms,0.00715741,7157296.93903772,1530025.93,coinmarketcap_data_api_listings_historical
2026-02-20,34611,SEND,Suilend,0.11108662,7134391.91985496,113655.4,coinmarketcap_data_api_listings_historical
2026-02-20,30723,ATS,Alltoscan,0.07131535,7131534.53981131,122473.36,coinmarketcap_data_api_listings_historical
2026-02-20,8214,vDAI,Venus DAI,0.02595524,7125690.61388289,0.0,coinmarketcap_data_api_listings_historical
2026-02-20,5925,PKOIN,Pkoin,0.51069416,7110995.8723762,47258.5,coinmarketcap_data_api_listings_historical
2026-02-20,36178,COLS,Cointel,0.01248892,7073059.17158281,2222216.34,coinmarketcap_data_api_listings_historical
2026-02-20,31248,GME,GameStop (gamestop-coin.vip),1.717e-05,7060052.22947396,145269.35,coinmarketcap_data_api_listings_historical
2026-02-20,22764,HOOK,Hooked Protocol,0.02479833,7032374.01213039,1973838.39,coinmarketcap_data_api_listings_historical
2026-02-20,38542,SLX,SLIMEX,0.00404962,7017986.34269445,604001.34,coinmarketcap_data_api_listings_historical
2026-02-20,38195,CAMP,Camp Network,0.00332359,6998209.99683788,2329776.0,coinmarketcap_data_api_listings_historical
2026-02-20,38033,EEMon,iShares MSCI Emerging Markets Tokenized ETF (Ondo),62.9007752,6983027.73384538,54514.26,coinmarketcap_data_api_listings_historical
2026-02-20,39214,ZTC,ZenChain,0.00125246,6982428.10140986,3377530.53,coinmarketcap_data_api_listings_historical
2026-02-20,5305,BTSE,BTSE Token,1.59159114,6930919.45057839,12195121.76,coinmarketcap_data_api_listings_historical
2026-02-20,33746,WOD,World of Dypians,0.01631819,6916816.42233489,2205308.95,coinmarketcap_data_api_listings_historical
2026-02-20,27763,USDbC,Bridged USDC,1.00060426,6901369.263111,757201.35,coinmarketcap_data_api_listings_historical
2026-02-20,35422,OBT,Orbiter Finance,0.00132009,6864487.57097543,2243692.57,coinmarketcap_data_api_listings_historical
2026-02-20,30759,DOGINME,doginme,0.00010121,6843983.22533844,472215.69,coinmarketcap_data_api_listings_historical
2026-02-20,7505,EVER,Everscale,0.0034436,6837348.07452278,55363.65,coinmarketcap_data_api_listings_historical
2026-02-20,12165,SOLV,Solv Protocol,0.00459846,6817679.70673717,5200886.6,coinmarketcap_data_api_listings_historical
2026-02-20,6520,HOPR,HOPR,0.01995232,6807210.21475507,148472.38,coinmarketcap_data_api_listings_historical
2026-02-20,3441,DIVI,Divi,0.00148363,6790006.7664812,55845.75,coinmarketcap_data_api_listings_historical
2026-02-20,39421,XETH,OKX Wrapped ETH,1975.91976085,6786149.21081105,230544.52,coinmarketcap_data_api_listings_historical
2026-02-20,1681,PZM,PRIZM,0.00154938,6770950.18581463,274.76,coinmarketcap_data_api_listings_historical
2026-02-20,4167,BTR,Bitrue Coin,0.0187822,6766582.23691282,513196.18,coinmarketcap_data_api_listings_historical
2026-02-20,28220,SOIL,Soil,0.10358076,6739106.03212468,43344.35,coinmarketcap_data_api_listings_historical
2026-02-20,38530,BTG,Openverse Network,3.54526937,6736011.80487372,862441.94,coinmarketcap_data_api_listings_historical
2026-02-20,38647,FUN,Sport.Fun,0.03779453,6727425.64317592,3060318.43,coinmarketcap_data_api_listings_historical
2026-02-20,3928,IDEX,IDEX,0.0067116,6711596.16737579,1157394.22,coinmarketcap_data_api_listings_historical
2026-02-20,32717,SUNDOG,SUNDOG,0.00672221,6704874.59337157,3670909.42,coinmarketcap_data_api_listings_historical
2026-02-20,10332,STNK,Stonks,11.50989378,6697481.28913387,82387.13,coinmarketcap_data_api_listings_historical
2026-02-20,35628,AVL,Avalon Labs (AVL),0.04120561,6662288.5685459,5312413.13,coinmarketcap_data_api_listings_historical
2026-02-20,20456,WE,WeBuy,0.01836441,6648490.91107962,28967.09,coinmarketcap_data_api_listings_historical
2026-02-20,33258,HIPPO,sudeng,0.00066387,6638687.55383778,3085669.17,coinmarketcap_data_api_listings_historical
2026-02-20,2348,MDT,Measurable Data Token,0.00979229,6621123.44355602,658089.33,coinmarketcap_data_api_listings_historical
2026-02-20,25023,LADYS,Milady Meme Coin,1e-08,6619399.49901649,1526914.27,coinmarketcap_data_api_listings_historical
2026-02-20,38513,EDEN,OpenEden,0.03581201,6584753.8004864,13189976.95,coinmarketcap_data_api_listings_historical
2026-02-20,16352,GST,Green Satoshi Token (SOL),0.00154595,6583087.31680536,102162.07,coinmarketcap_data_api_listings_historical
2026-02-20,39105,SOLO,Solomon,0.50993177,6578105.21393834,185107.68,coinmarketcap_data_api_listings_historical
2026-02-20,21134,SQGROW,SquidGrow,0.00657413,6574134.01852785,128906.03,coinmarketcap_data_api_listings_historical
2026-02-20,3829,NEX,Nash,0.1483898,6561718.75159049,0.0,coinmarketcap_data_api_listings_historical
2026-02-20,38671,TURTLE,Turtle,0.04239953,6559207.68828997,3487622.74,coinmarketcap_data_api_listings_historical
2026-02-20,38946,GAIB,GAIB,0.0317496,6503324.26496443,3049469.22,coinmarketcap_data_api_listings_historical
2026-02-20,19081,WIOTX,Wrapped IoTeX,0.00540437,6487936.11231754,16563.68,coinmarketcap_data_api_listings_historical
2026-02-20,33291,FWOG,Fwog (SOL),0.0066003,6439481.14488314,1280541.06,coinmarketcap_data_api_listings_historical
2026-02-20,39353,雪球,雪球,0.01068934,6426512.16410108,452956.24,coinmarketcap_data_api_listings_historical
2026-02-20,28675,COQ,Coq Inu,9e-08,6421581.91708644,458440.03,coinmarketcap_data_api_listings_historical
2026-02-20,2320,UTK,xMoney,0.00907154,6387383.02408857,495895.31,coinmarketcap_data_api_listings_historical
2026-02-20,19063,MEV,MEVerse,0.00369146,6373842.26949307,669404.56,coinmarketcap_data_api_listings_historical
2026-02-20,2505,BLZ,Bluzelle,0.01357876,6370499.23856131,134452.63,coinmarketcap_data_api_listings_historical
2026-02-20,8420,DAO,DAO Maker,0.03093967,6369829.26037574,653176.48,coinmarketcap_data_api_listings_historical
2026-02-20,33543,LUNA,Luna by Virtuals,0.00636488,6364875.757985,5187.22,coinmarketcap_data_api_listings_historical
2026-02-20,11796,INTER,Inter Milan Fan Token,0.54870781,6358583.04335381,5721703.94,coinmarketcap_data_api_listings_historical
2026-02-20,268,XWC,WhiteCoin,0.00831747,6357246.5173662,10.53,coinmarketcap_data_api_listings_historical
2026-02-20,24924,SWELL,Swell Network,0.0013847,6334259.12711716,3538481.84,coinmarketcap_data_api_listings_historical
2026-02-20,37678,WAI,World3,0.02063664,6333844.07871184,1168570.81,coinmarketcap_data_api_listings_historical
2026-02-20,11532,AFC,Arsenal Fan Token,0.35132031,6323750.88371192,2092205.64,coinmarketcap_data_api_listings_historical
2026-02-20,20561,M87,MESSIER,7.14e-06,6322220.77228423,207919.33,coinmarketcap_data_api_listings_historical
2026-02-20,38308,LOOK,LOOK,0.00684727,6315759.57446164,394540.83,coinmarketcap_data_api_listings_historical
2026-02-20,38784,BOS,BitcoinOS,0.00145884,6293132.81462265,1516967.68,coinmarketcap_data_api_listings_historical
2026-02-20,35943,PUNDIAI,Pundi AI,0.88690329,6259419.27374889,166538.76,coinmarketcap_data_api_listings_historical
2026-02-20,38127,AKE,AKEDO,0.0002741,6248374.19709139,1514589.11,coinmarketcap_data_api_listings_historical
2026-02-20,24220,PROPC,Propchain,0.14515147,6222801.98817157,296269.56,coinmarketcap_data_api_listings_historical
2026-02-20,9177,PIT,Pitbull,0.0,6217558.52769023,90720.2,coinmarketcap_data_api_listings_historical
2026-02-20,873,XEM,NEM,0.00069015,6211383.46684882,1524487.38,coinmarketcap_data_api_listings_historical
2026-02-20,36621,MIM,MAGIC•INTERNET•MONEY (Bitcoin),0.00029556,6206862.58362198,61337.3,coinmarketcap_data_api_listings_historical
2026-02-20,22071,LOAN,LOAN Protocol,0.00033671,6197665.19086247,92178.51,coinmarketcap_data_api_listings_historical
2026-02-20,38717,BLUAI,Bluwhale,0.00504649,6197094.82443466,3529890.63,coinmarketcap_data_api_listings_historical
2026-02-20,34058,EZSOL,Renzo Restaked SOL,107.36680475,6190572.87427688,0.0,coinmarketcap_data_api_listings_historical
2026-02-20,30402,CAW,crow with knife,1e-08,6183761.47655034,181358.49,coinmarketcap_data_api_listings_historical
2026-02-20,39162,KGST,KGST,0.01127623,6183246.5353718,1705212.89,coinmarketcap_data_api_listings_historical
2026-02-20,372,BCN,Bytecoin,3.357e-05,6179873.96009771,0.42,coinmarketcap_data_api_listings_historical
2026-02-20,2570,VIC,Viction,0.04928709,6179835.80120274,1334971.77,coinmarketcap_data_api_listings_historical
2026-02-20,33188,MAJOR,Major,0.07406649,6173431.80227826,760237.5,coinmarketcap_data_api_listings_historical
2026-02-20,23326,GMMT,Giant Mammoth,0.00293798,6169753.04382676,201568.86,coinmarketcap_data_api_listings_historical
2026-02-20,38838,SENTIS,SentismAI,0.02986466,6166720.12769903,1400116.76,coinmarketcap_data_api_listings_historical
2026-02-20,36317,MNTX,Minutes Network Token,0.07937575,6165211.13810345,58419.92,coinmarketcap_data_api_listings_historical
2026-02-20,30661,PRCL,Parcl,0.01486118,6127033.63452235,1659047.94,coinmarketcap_data_api_listings_historical
2026-02-20,20787,FLZ,Fellaz,0.01289051,6082708.77405196,835.79,coinmarketcap_data_api_listings_historical
2026-02-20,36468,SNS,Solana Name Service,0.00134664,6059860.58063303,1211177.72,coinmarketcap_data_api_listings_historical
2026-02-20,15584,HEART,Humans.ai,0.00077392,6036580.3827142,176657.55,coinmarketcap_data_api_listings_historical
2026-02-20,36959,MORI,MORI COIN,0.00754385,6035136.61084479,1163009.36,coinmarketcap_data_api_listings_historical
2026-02-20,37726,MEA,MECCA,0.00370113,6000765.37175025,216760.4,coinmarketcap_data_api_listings_historical
2026-02-20,17960,OGY,ORIGYN,0.00076518,5990337.102963,269831.23,coinmarketcap_data_api_listings_historical
2026-02-20,6554,GHX,GamerCoin,0.0092011,5980393.95359549,320342.86,coinmarketcap_data_api_listings_historical
2026-02-20,2934,KAN,KAN,0.00061476,5955843.41931578,90161.67,coinmarketcap_data_api_listings_historical
2026-02-20,11261,bnUSD,Balanced Dollar,1.00265102,5951563.40021043,34008.09,coinmarketcap_data_api_listings_historical
2026-02-20,2949,KRL,Kryll,0.14892351,5942400.86055198,97305.19,coinmarketcap_data_api_listings_historical
2026-02-20,29724,KONET,KONET,0.01381936,5933877.44883953,66722.53,coinmarketcap_data_api_listings_historical
2026-02-20,31773,WSEI,Wrapped Sei,0.07153429,5933586.72833138,17816.34,coinmarketcap_data_api_listings_historical
2026-02-20,38086,MSFTon,Microsoft Tokenized Stock (Ondo),398.30977962,5929307.92516671,2284104.92,coinmarketcap_data_api_listings_historical
2026-02-20,8538,ACM,AC Milan Fan Token,0.45898725,5920549.0807039,853308.57,coinmarketcap_data_api_listings_historical
2026-02-20,8422,PNG,Pangolin,0.02568253,5914019.11684354,440071.45,coinmarketcap_data_api_listings_historical
2026-02-20,29331,OORT,OORT,0.00823876,5886781.75832404,327937.79,coinmarketcap_data_api_listings_historical
2026-02-20,12485,ARW,Arowana,0.25688765,5885493.32038641,167097.75,coinmarketcap_data_api_listings_historical
2026-02-20,29461,DEVVE,Devve,0.06096224,5879425.10554108,136307.33,coinmarketcap_data_api_listings_historical
2026-02-20,11374,D,DAR Open Network,0.00789834,5872569.85548237,7716988.29,coinmarketcap_data_api_listings_historical
2026-02-20,38961,ARTX,ULTILAND,0.13789482,5846740.45131081,17181204.52,coinmarketcap_data_api_listings_historical
2026-02-20,25269,BOBO,BOBO,9e-08,5824816.93779355,377761.48,coinmarketcap_data_api_listings_historical
2026-02-20,7208,POLS,Polkastarter,0.05863933,5817586.62395976,165772.54,coinmarketcap_data_api_listings_historical
2026-02-20,32942,NS,Sui Name Service,0.02168312,5809646.18524714,1001969.27,coinmarketcap_data_api_listings_historical
2026-02-20,4660,TLOS,Telos,0.01290851,5785863.28732566,1634443.58,coinmarketcap_data_api_listings_historical
2026-02-20,38436,VFY,zkVerify,0.01696445,5754673.97761263,667513.72,coinmarketcap_data_api_listings_historical
2026-02-20,32526,CXT,Covalent X Token,0.00580953,5750800.86336867,340407.71,coinmarketcap_data_api_listings_historical
2026-02-20,30528,NEURAL,NeuralAI,0.56897702,5689770.1834075,141530.4,coinmarketcap_data_api_listings_historical
2026-02-20,38046,COINon,Coinbase Tokenized Stock (Ondo),171.32725273,5657188.24235377,2240021.62,coinmarketcap_data_api_listings_historical
2026-02-20,38492,REAL,Real,0.00568367,5656499.96618789,524869.02,coinmarketcap_data_api_listings_historical
2026-02-20,38035,INTCon,Intel Tokenized Stock (Ondo),44.14650039,5651292.0253836,965073.85,coinmarketcap_data_api_listings_historical
2026-02-20,7975,vLINK,Venus LINK,0.18223091,5632267.72734029,0.0,coinmarketcap_data_api_listings_historical
2026-02-20,24190,FUL,Fulcrom Finance,0.00263292,5609397.0855016,27613.62,coinmarketcap_data_api_listings_historical
2026-02-20,38027,AMDon,AMD Tokenized Stock (Ondo),200.05679831,5603214.33424033,2468695.62,coinmarketcap_data_api_listings_historical
2026-02-20,11213,POLIS,Star Atlas DAO,0.01681924,5565725.67918874,117217.54,coinmarketcap_data_api_listings_historical
2026-02-20,5821,ALEPH,Aleph Cloud,0.02248659,5559145.41528461,131619.65,coinmarketcap_data_api_listings_historical
2026-02-20,30637,KEYCAT,Keyboard Cat,0.00055486,5548628.37723293,418558.63,coinmarketcap_data_api_listings_historical
2026-02-20,17794,PDT,ParagonsDAO,0.05181894,5541905.55794695,0.0,coinmarketcap_data_api_listings_historical
2026-02-20,12064,CRTS,Cratos,8.195e-05,5518532.76442825,1407423.29,coinmarketcap_data_api_listings_historical
2026-02-20,4036,COS,Contentos,0.00106255,5500257.165257,498658.84,coinmarketcap_data_api_listings_historical
2026-02-20,35372,USDR,StablR USD,0.99902535,5452943.68005753,24166796.17,coinmarketcap_data_api_listings_historical
2026-02-20,34422,BOB,Build On BNB,1e-08,5425982.97659235,3315286.49,coinmarketcap_data_api_listings_historical
2026-02-20,11202,TOKE,Tokemak,0.06184,5405071.27657038,16136.76,coinmarketcap_data_api_listings_historical
2026-02-20,2410,SPC,SpaceChain,0.01759007,5403366.07285515,0.0,coinmarketcap_data_api_listings_historical
2026-02-20,8200,FOX,Shapeshift FOX Token,0.00698515,5394540.69481945,82551.24,coinmarketcap_data_api_listings_historical
2026-02-20,36920,DMC,DeLorean,0.00100829,5394390.47269828,5832716.66,coinmarketcap_data_api_listings_historical
2026-02-20,10293,BZZ,Swarm,0.10223956,5377868.32277658,335479.31,coinmarketcap_data_api_listings_historical
2026-02-20,39184,VK,VK Token,0.00049298,5372666.2183222,0.0,coinmarketcap_data_api_listings_historical
2026-02-20,33102,BB,Bitboard,0.0012146,5354672.38999131,351668.3,coinmarketcap_data_api_listings_historical
2026-02-20,25963,BXN,BlackFort Exchange Network,0.00119117,5347863.78903052,460095.53,coinmarketcap_data_api_listings_historical
2026-02-20,36978,ECHO,Echo Protocol,0.01681828,5345859.77687134,303577.22,coinmarketcap_data_api_listings_historical
2026-02-20,22265,OAS,Oasys,0.00083566,5333988.53308722,746933.11,coinmarketcap_data_api_listings_historical
2026-02-20,35011,KEKIUS,Kekius Maximus (kekiusmaximus.vip),0.00532521,5325212.08440273,405464.17,coinmarketcap_data_api_listings_historical
2026-02-20,17722,WALLET,Ambire Wallet,0.00768865,5319805.03617195,59240.86,coinmarketcap_data_api_listings_historical
2026-02-20,37553,SHIB,SHIBA INU,1e-08,5311805.86893227,100333.69,coinmarketcap_data_api_listings_historical
2026-02-20,18734,A8,Ancient8,0.01136489,5302435.78578338,1005771.93,coinmarketcap_data_api_listings_historical
2026-02-20,24130,VCHF,VNX Swiss Franc,1.28995189,5249938.37847042,15709.21,coinmarketcap_data_api_listings_historical
2026-02-20,33708,ARENA,The Arena,0.00097549,5237239.85159641,39931.3,coinmarketcap_data_api_listings_historical
2026-02-20,30369,HASHAI,HashAI,6.175e-05,5221650.7231567,221993.48,coinmarketcap_data_api_listings_historical
2026-02-20,21822,BKN,Brickken,0.0647148,5219543.33958639,177556.36,coinmarketcap_data_api_listings_historical
2026-02-20,32454,USDL,Lift Dollar,0.99972599,5219425.62818411,0.0,coinmarketcap_data_api_listings_historical
2026-02-20,37998,IWNon,iShares Russell 2000 Value Tokenized ETF (Ondo),211.30414066,5215217.00756603,643.69,coinmarketcap_data_api_listings_historical
2026-02-20,7046,GHST,Aavegotchi,0.09831438,5185867.14778056,515687.51,coinmarketcap_data_api_listings_historical
2026-02-20,38596,ZERA,ZERA,0.00537965,5182993.28193744,286085.44,coinmarketcap_data_api_listings_historical
2026-02-20,34836,SHIDO,Shido Network,0.00022963,5181234.95003535,112072.61,coinmarketcap_data_api_listings_historical
2026-02-20,22331,FAR,FAR Labs,0.00107097,5175345.69712565,250807.79,coinmarketcap_data_api_listings_historical
2026-02-20,16868,SHDW,Shadow Token,0.0305387,5162739.76088643,20216.57,coinmarketcap_data_api_listings_historical
2026-02-20,30867,WHY,WHY,1e-08,5159539.4424,128052.95,coinmarketcap_data_api_listings_historical
2026-02-20,28067,VARA,Vara Network,0.00100665,5133583.27213169,161587.33,coinmarketcap_data_api_listings_historical
2026-02-20,21351,SWEAT,SWEAT,0.00067657,5114952.70207227,11324247.4,coinmarketcap_data_api_listings_historical
2026-02-20,35671,EPT,Balance,0.00136235,5098753.68905603,13377766.79,coinmarketcap_data_api_listings_historical
2026-02-20,36271,TITN,THORWallet,0.11988316,5095034.47598282,2554121.38,coinmarketcap_data_api_listings_historical
2026-02-20,38652,WARD,Warden,0.02026724,5073295.44515288,3800477.05,coinmarketcap_data_api_listings_historical
2026-02-20,29175,WEN,Wen,6.96e-06,5065980.32180014,456342.65,coinmarketcap_data_api_listings_historical
2026-02-20,38169,NXA,Nexa (nexaagent.xyz),0.5064505,5064505.02140762,97701.6,coinmarketcap_data_api_listings_historical
2026-02-20,31185,CTA,Cross The Ages,0.01012149,5060743.94658014,1157716.48,coinmarketcap_data_api_listings_historical
2026-02-20,38175,TAKE,OVERTAKE,0.02447287,5051121.41524268,1946063.52,coinmarketcap_data_api_listings_historical
2026-02-20,38083,AMZNon,Amazon Tokenized Stock (Ondo),209.80119468,5040454.64804179,4017346.9,coinmarketcap_data_api_listings_historical
2026-02-20,31112,AXM,Axiome,0.00716754,5034194.947774,58745.22,coinmarketcap_data_api_listings_historical
2026-02-20,77,DMD,Diamond,1.3303485,5030669.23254375,24531.81,coinmarketcap_data_api_listings_historical
2026-02-20,32341,SPARKLET,Upland (SPARKLET),0.02051919,5017415.15138791,252780.18,coinmarketcap_data_api_listings_historical
2026-02-20,35255,Q,QuantumCoin,2.8e-07,5001302.52375164,23448.87,coinmarketcap_data_api_listings_historical
2026-02-20,11706,ACT,Acet,0.00397359,4998913.10281406,3305.89,coinmarketcap_data_api_listings_historical
2026-02-20,36377,NOBODY,Nobody Sausage,0.00532947,4988740.58553976,399828.46,coinmarketcap_data_api_listings_historical
2026-02-20,19689,HDN,Hydranet,0.02666158,4986065.68993909,121788.31,coinmarketcap_data_api_listings_historical
2026-02-20,37372,PTB,Portal To Bitcoin,0.00137395,4976518.32592096,6762067.15,coinmarketcap_data_api_listings_historical
2026-02-20,36864,CBADA,Coinbase Wrapped ADA,0.28462581,4972190.99671219,303275.56,coinmarketcap_data_api_listings_historical
2026-02-20,38017,LMTon,Lockheed Tokenized Stock (Ondo),664.62288403,4955268.74671166,4142600.94,coinmarketcap_data_api_listings_historical
2026-02-20,9637,ALU,Altura,0.00499603,4946064.79221707,1282272.33,coinmarketcap_data_api_listings_historical
2026-02-20,8384,CLV,CLV,0.00402897,4932032.71527743,761681.48,coinmarketcap_data_api_listings_historical
2026-02-20,38768,GHOST,GhostwareOS,0.00486713,4867036.98496237,480324.0,coinmarketcap_data_api_listings_historical
2026-02-20,34835,TAOBOT,tao.bot,0.06342438,4862535.64444242,7728.92,coinmarketcap_data_api_listings_historical
2026-02-20,23397,GFAL,Games for a Living,0.00125946,4855759.27806404,72942.37,coinmarketcap_data_api_listings_historical
2026-02-20,36166,PUMP,PumpBTC (Governance token),0.01702053,4850849.77597248,1291151.08,coinmarketcap_data_api_listings_historical
2026-02-20,22052,SN,SpaceN,0.12085703,4835489.74355492,0.0,coinmarketcap_data_api_listings_historical
2026-02-20,10368,CTX,Cryptex Finance,0.58637797,4816766.36882873,309910.26,coinmarketcap_data_api_listings_historical
2026-02-20,6216,AXEL,AXEL,0.0169982,4812237.67395762,0.0,coinmarketcap_data_api_listings_historical
2026-02-20,36939,AIV,AIVille Governance Token,0.0017218,4781716.15487467,9784.51,coinmarketcap_data_api_listings_historical
2026-02-20,38274,CDL,Creditlink,0.02335604,4778539.14738221,1929103.06,coinmarketcap_data_api_listings_historical
2026-02-20,99,VTC,Vertcoin,0.06460758,4765936.45698691,13097.47,coinmarketcap_data_api_listings_historical
2026-02-20,22125,MYTH,Mythos,0.00548222,4728538.77901766,16844.69,coinmarketcap_data_api_listings_historical
2026-02-20,33116,BOX,DeBox,0.00995229,4724750.20085325,21821.63,coinmarketcap_data_api_listings_historical
2026-02-20,4283,BF,BitForex Token,0.00109457,4694671.33108928,0.0,coinmarketcap_data_api_listings_historical
2026-02-20,11212,ATLAS,Star Atlas,0.00019896,4674176.87761277,118178.67,coinmarketcap_data_api_listings_historical
2026-02-20,39340,RNGR,Ranger,0.45625668,4650253.81885342,833592.86,coinmarketcap_data_api_listings_historical
2026-02-20,7964,vLTC,Venus LTC,1.12142261,4645356.36852802,0.0,coinmarketcap_data_api_listings_historical
2026-02-20,38075,TSMon,Taiwan Semiconductor Manufacturing Tokenized Stock (Ondo),371.28158294,4639222.94109274,4627817.18,coinmarketcap_data_api_listings_historical
2026-02-20,22492,VNXAU,VNX Gold,158.48495309,4611912.13499816,1701.54,coinmarketcap_data_api_listings_historical
2026-02-20,11178,WLUNC,Wrapped LUNA Classic,1.828e-05,4606525.06593518,3371.91,coinmarketcap_data_api_listings_historical
2026-02-20,2780,NKN,NKN,0.00574802,4583774.52426756,318323.6,coinmarketcap_data_api_listings_historical
2026-02-20,29241,GME,GmeStop,0.00066571,4583570.89254143,483627.07,coinmarketcap_data_api_listings_historical
2026-02-20,22837,DIMO,DIMO,0.01076769,4561188.49225101,252515.91,coinmarketcap_data_api_listings_historical
2026-02-20,38480,TMX,TMX,8.80781357,4561187.43641203,128880.28,coinmarketcap_data_api_listings_historical
2026-02-20,1492,GBYTE,Obyte,4.93974075,4560597.99060855,10777.45,coinmarketcap_data_api_listings_historical
2026-02-20,25714,CROWN,Crown by Third Time Games,0.02074826,4541425.59166472,17216.93,coinmarketcap_data_api_listings_historical
2026-02-20,39048,$HACHI,Hachiko,0.0,4538974.21057603,783547.16,coinmarketcap_data_api_listings_historical
2026-02-20,7703,MVC,MileVerse,0.00164388,4538797.5267929,45819.43,coinmarketcap_data_api_listings_historical
2026-02-20,38789,PAYAI,PayAI Network,0.00452793,4527701.2144651,2669151.35,coinmarketcap_data_api_listings_historical
2026-02-20,14371,IHC,Inflation Hedging Coin,3.784e-05,4527086.67873742,0.0,coinmarketcap_data_api_listings_historical
2026-02-20,24303,MCADE,Metacade,0.00279338,4517269.56669734,456881.04,coinmarketcap_data_api_listings_historical
2026-02-20,3437,ABBC,ABBC Coin,0.00497818,4506766.29383249,3257.39,coinmarketcap_data_api_listings_historical
2026-02-20,23355,0x0,0x0.ai,0.00518523,4503700.15836788,0.0,coinmarketcap_data_api_listings_historical
2026-02-20,38247,MCH,Moonchain,0.01799042,4487710.51592149,12200.69,coinmarketcap_data_api_listings_historical
2026-02-20,36957,CESS,CESS Network,0.00169102,4481197.75631404,927656.91,coinmarketcap_data_api_listings_historical
2026-02-20,38270,U,Union,0.00233169,4474634.25162485,3710346.81,coinmarketcap_data_api_listings_historical
2026-02-20,24686,IOT,Helium IOT,0.00022077,4471454.72968086,1509.3,coinmarketcap_data_api_listings_historical
2026-02-20,2243,DRGN,Dragonchain,0.01199124,4446023.40300374,574.82,coinmarketcap_data_api_listings_historical
2026-02-20,29349,RAIN,Rain Coin,4.43967305,4439673.05041435,8284.13,coinmarketcap_data_api_listings_historical
2026-02-20,35757,A47,AGENDA 47,0.00443771,4437672.09049004,14050527.75,coinmarketcap_data_api_listings_historical
2026-02-20,39539,RNBW,Rainbow,0.02110845,4432775.09702714,3040202.46,coinmarketcap_data_api_listings_historical
2026-02-20,39074,THQ,Theoriq,0.02869239,4425217.60216132,2800746.18,coinmarketcap_data_api_listings_historical
2026-02-20,15270,VINU,Vita Inu,0.0,4409091.13050928,701326.97,coinmarketcap_data_api_listings_historical
2026-02-20,12089,CWEB,Coinweb,0.00179897,4406504.98893692,183946.29,coinmarketcap_data_api_listings_historical
2026-02-20,6180,SUKU,Suku,0.00770736,4389693.27363459,134422.15,coinmarketcap_data_api_listings_historical
2026-02-20,19214,VITA,VitaDAO,0.30554684,4369043.30281073,104364.7,coinmarketcap_data_api_listings_historical
2026-02-20,2539,REN,Ren,0.00438333,4352112.5495034,245735.02,coinmarketcap_data_api_listings_historical
2026-02-20,31342,NATIX,NATIX Network,0.00010651,4324740.20544246,90330.59,coinmarketcap_data_api_listings_historical
2026-02-20,11821,SMT,Swarm Markets,0.05148405,4321545.50379412,130595.78,coinmarketcap_data_api_listings_historical
2026-02-20,38456,KO,Kyuzo's Friends,0.01983601,4314332.35585334,360477.04,coinmarketcap_data_api_listings_historical
2026-02-20,22443,ITA,Italian National Football Team Fan Token,0.34161885,4299183.67349651,108712.98,coinmarketcap_data_api_listings_historical
2026-02-20,10372,DXI,DACXI,0.00047683,4291430.64452324,275766.67,coinmarketcap_data_api_listings_historical
2026-02-20,34717,LINGO,Lingo,0.00878754,4272553.52823122,356837.96,coinmarketcap_data_api_listings_historical
2026-02-20,39552,UP,Superform,0.03060457,4260901.9726236,25400358.61,coinmarketcap_data_api_listings_historical
2026-02-20,213,MONA,MonaCoin,0.0647128,4253551.52483599,13014.09,coinmarketcap_data_api_listings_historical
2026-02-20,17235,BNBTIGER,BNBTiger,0.0,4245746.2856807,14086.73,coinmarketcap_data_api_listings_historical
2026-02-20,5446,USDJ,USDJ,0.4534241,4237587.76517866,0.0,coinmarketcap_data_api_listings_historical
2026-02-20,32257,UXLINK,UXLINK,0.00537444,4225526.09294843,1252612.32,coinmarketcap_data_api_listings_historical
2026-02-20,23404,PAW,PAW,0.0,4218815.71901568,69904.37,coinmarketcap_data_api_listings_historical
2026-02-20,12297,stSOL,Lido Staked SOL,102.99460048,4209981.30762727,70139.49,coinmarketcap_data_api_listings_historical
2026-02-20,38815,EAT,375ai,0.01973959,4207419.4009107,543152.06,coinmarketcap_data_api_listings_historical
2026-02-20,5221,HNS,Handshake,0.00620201,4203293.74775173,15272.56,coinmarketcap_data_api_listings_historical
2026-02-20,38043,LLYon,Eli Lilly Tokenized Stock (Ondo),1013.93186563,4182123.86243651,2150572.47,coinmarketcap_data_api_listings_historical
2026-02-20,37014,AMZNX,Amazon tokenized stock (xStock),209.87885092,4179780.92500097,14666953.55,coinmarketcap_data_api_listings_historical
2026-02-20,5453,KAI,KaiChain,0.0008741,4173805.9364653,9054.32,coinmarketcap_data_api_listings_historical
2026-02-20,22765,AL,ArchLoot,0.00480067,4165080.82684123,457744.64,coinmarketcap_data_api_listings_historical
2026-02-20,11156,ETHDYDX,dYdX (ethDYDX),0.09987385,4160442.20831314,6461003.1,coinmarketcap_data_api_listings_historical
2026-02-20,31296,GOLDAO,GOLDAO,0.00524769,4159102.86376055,1574.17,coinmarketcap_data_api_listings_historical
2026-02-20,38118,DGMA,DaGama World,0.05069736,4157324.17798722,380977.93,coinmarketcap_data_api_listings_historical
2026-02-20,38628,AUDD,Australian Digital Dollar,0.70655008,4146968.50228247,99780.59,coinmarketcap_data_api_listings_historical
2026-02-20,16360,GEAR,Gearbox Protocol,0.00041457,4145725.95035082,70697.35,coinmarketcap_data_api_listings_historical
2026-02-20,31173,SKI,Ski Mask Dog,0.00418481,4140441.69524864,403284.86,coinmarketcap_data_api_listings_historical
2026-02-20,39161,DN,DeepNode,0.1835809,4130570.15054248,3337698.11,coinmarketcap_data_api_listings_historical
2026-02-20,35392,PX,Not Pixel,0.02111946,4127361.69793427,15018.02,coinmarketcap_data_api_listings_historical
2026-02-20,7094,DHT,dHedge DAO,0.07577213,4121057.5794001,6886.11,coinmarketcap_data_api_listings_historical
2026-02-20,25208,TRAC,trac (Ordinals),0.19593835,4114705.27213906,70216.64,coinmarketcap_data_api_listings_historical
2026-02-20,39357,PSYOPANIME,PsyopAnime,0.00410822,4108154.03242961,2135827.66,coinmarketcap_data_api_listings_historical
2026-02-20,21686,stATOM,Stride Staked ATOM,4.13706766,4084523.40842204,293263.77,coinmarketcap_data_api_listings_historical
2026-02-20,28289,JUSDT,TON Bridged USDT,0.99770599,4066867.53326823,427.59,coinmarketcap_data_api_listings_historical
2026-02-20,29318,WUSD,Worldwide USD,0.99934281,4056704.18870484,336061.47,coinmarketcap_data_api_listings_historical
2026-02-20,19519,BRN,BRN Metaverse,0.14400523,4039274.79178291,230517.54,coinmarketcap_data_api_listings_historical
2026-02-20,28147,OMIKAMI,Amaterasu Omikami,0.00418197,3960225.59056593,113964.33,coinmarketcap_data_api_listings_historical
2026-02-20,28792,stTON,bemo staked TON,1.49001225,3956962.12793198,0.0,coinmarketcap_data_api_listings_historical
2026-02-20,34176,EURQ,Quantoz EURQ,1.17821553,3947334.23896231,11947231.19,coinmarketcap_data_api_listings_historical
2026-02-20,28510,HOLD,Holdstation,0.49891858,3943302.76618371,307927.61,coinmarketcap_data_api_listings_historical
2026-02-20,34807,ODOS,Odos,0.00132548,3937751.42817339,47207.63,coinmarketcap_data_api_listings_historical
2026-02-20,1948,AVT,Aventus,0.65511674,3930700.43039196,36742.92,coinmarketcap_data_api_listings_historical
2026-02-20,2324,ONE,BigONE Token,0.00045723,3924952.20578236,0.0,coinmarketcap_data_api_listings_historical
2026-02-20,29679,SCA,Scallop,0.02664769,3919397.8837176,697502.14,coinmarketcap_data_api_listings_historical
2026-02-20,29030,PORT3,Port3 Network,0.00564216,3909393.54523431,5519648.35,coinmarketcap_data_api_listings_historical
2026-02-20,37344,RION,Hyperion,0.20492182,3893514.65247506,862987.16,coinmarketcap_data_api_listings_historical
2026-02-20,8299,SDT,Stake DAO,0.16283493,3891223.1537269,0.0,coinmarketcap_data_api_listings_historical
2026-02-20,8972,SFUND,Seedify.fund,0.04381925,3880015.33485545,331300.45,coinmarketcap_data_api_listings_historical
2026-02-20,132,XCP,Counterparty,1.49764463,3878839.35992134,0.0,coinmarketcap_data_api_listings_historical
2026-02-20,3607,VEST,VestChain,0.00098272,3877782.58736755,0.0,coinmarketcap_data_api_listings_historical
2026-02-20,30825,KARRAT,KARRAT,0.00487267,3860041.49306578,102877.74,coinmarketcap_data_api_listings_historical
2026-02-20,29189,WXDC,Wrapped XDC,0.03511001,3856375.53969807,139819.93,coinmarketcap_data_api_listings_historical
2026-02-20,13521,NUM,Numbers Protocol,0.00443921,3850712.28595365,264455.33,coinmarketcap_data_api_listings_historical
2026-02-20,4160,YEC,Ycash (y.cash),0.23226896,3845438.37280727,3654.89,coinmarketcap_data_api_listings_historical
2026-02-20,3698,OBSR,Observer,0.00060815,3835672.97829787,9668.44,coinmarketcap_data_api_listings_historical
2026-02-20,36774,VERSE,Verse World,0.03831297,3831296.33175935,422434.04,coinmarketcap_data_api_listings_historical
2026-02-20,38618,NOICE,noice,5.198e-05,3826614.12870741,572919.81,coinmarketcap_data_api_listings_historical
2026-02-20,22858,DNX,Dynex,0.03591057,3824496.17376008,258810.64,coinmarketcap_data_api_listings_historical
2026-02-20,20117,MINIMA,Minima,0.00690968,3823587.30174872,131033.26,coinmarketcap_data_api_listings_historical
2026-02-20,33405,KOMA,Koma Inu,0.00731232,3822032.65746947,4033566.35,coinmarketcap_data_api_listings_historical
2026-02-20,32772,GOCHU,Gochujangcoin,3.4e-07,3816612.57503386,222062.03,coinmarketcap_data_api_listings_historical
2026-02-20,30750,SOLCEX,SolCex,0.00488988,3814106.1665068,161344.86,coinmarketcap_data_api_listings_historical
2026-02-20,39140,LV,LeverUp,0.04236621,3812958.84107263,169655.42,coinmarketcap_data_api_listings_historical
2026-02-20,33464,MEMEFI,MemeFi,0.0003794,3793997.3461365,2902556.52,coinmarketcap_data_api_listings_historical
2026-02-20,5877,RARI,Rarible,0.19443942,3789415.7903671,336155.1,coinmarketcap_data_api_listings_historical
2026-02-20,1700,AE,Æternity,0.00983959,3789292.9990258,69046.67,coinmarketcap_data_api_listings_historical
2026-02-20,31830,DADDY,Daddy Tate,0.00628861,3770786.95324395,306132.06,coinmarketcap_data_api_listings_historical
2026-02-20,1826,PART,Particl,0.24121179,3760092.36186851,100209.52,coinmarketcap_data_api_listings_historical
2026-02-20,28508,NIBI,Nibiru,0.00401268,3756139.85915959,269221.55,coinmarketcap_data_api_listings_historical
2026-02-20,33165,PUSS,PussFi,0.00426635,3749369.12908497,1080701.26,coinmarketcap_data_api_listings_historical
2026-02-20,2758,UBT,Unibright,0.02499519,3749278.37776462,308.15,coinmarketcap_data_api_listings_historical
2026-02-20,37638,DAM,Reservoir,0.01874355,3748554.90575049,609259.33,coinmarketcap_data_api_listings_historical
2026-02-20,9467,CEUR,Celo Euro,1.17921762,3743572.69974547,189206.93,coinmarketcap_data_api_listings_historical
2026-02-20,38966,EDEL,Edel,0.00653789,3707377.12686509,404387.59,coinmarketcap_data_api_listings_historical
2026-02-20,3702,BEAM,Beam,0.02458632,3706475.08963718,67627.72,coinmarketcap_data_api_listings_historical
2026-02-20,5829,SWAP,TrustSwap,0.03705447,3705268.02464254,335776.1,coinmarketcap_data_api_listings_historical
2026-02-20,1312,SBD,Steem Dollars,0.37785485,3703601.03382605,736631.65,coinmarketcap_data_api_listings_historical
2026-02-20,21420,axlUSDC,Axelar Wrapped USDC,1.00043717,3696070.27603204,800784.84,coinmarketcap_data_api_listings_historical
2026-02-20,35753,BROCCOLI,Broccoli (firstbroccoli.com),0.00368088,3680883.32205464,581485.64,coinmarketcap_data_api_listings_historical
2026-02-20,5600,ATT,Attila,0.00132265,3676971.03999497,0.0,coinmarketcap_data_api_listings_historical
2026-02-20,23802,KIBSHI,KiboShib,3.67e-06,3670750.44428,617465.05,coinmarketcap_data_api_listings_historical
2026-02-20,36489,RZR,Rezor,9.012e-05,3662603.37969484,117316.8,coinmarketcap_data_api_listings_historical
2026-02-20,37279,DJI6930,DOWGE,0.00365205,3651970.44395458,301174.77,coinmarketcap_data_api_listings_historical
2026-02-20,39466,安,安,0.00363506,3635057.10515693,2321836.15,coinmarketcap_data_api_listings_historical
2026-02-20,24261,OCTA,OctaSpace,0.09064406,3624343.82588096,142168.64,coinmarketcap_data_api_listings_historical
2026-02-20,1789,PPT,Populous,0.06778476,3609690.80848859,0.0,coinmarketcap_data_api_listings_historical
2026-02-20,2588,LOOM,Loom Network,0.00290195,3606890.00565415,0.0,coinmarketcap_data_api_listings_historical
2026-02-20,23380,NEXA,Nexa,6.1e-07,3601454.15672749,43144.19,coinmarketcap_data_api_listings_historical
2026-02-20,37739,TCOM,TCOM Global,0.03910336,3597509.20947567,11155631.47,coinmarketcap_data_api_listings_historical
2026-02-20,36708,CBDOGE,Coinbase Wrapped DOGE,0.1000785,3595182.44162674,380455.72,coinmarketcap_data_api_listings_historical
2026-02-20,34914,PHNIX,Phoenix,6.77e-06,3590028.61461779,69763.06,coinmarketcap_data_api_listings_historical
2026-02-20,31152,KENDU,Kendu,3.78e-06,3584275.04720511,26266.94,coinmarketcap_data_api_listings_historical
2026-02-20,38036,KOon,Coca-Cola Tokenized Stock (Ondo),80.64170439,3576695.24179398,1786975.78,coinmarketcap_data_api_listings_historical
2026-02-20,9656,CATE,CateCoin,6e-08,3566898.17592399,800132.64,coinmarketcap_data_api_listings_historical
2026-02-20,35430,BID,CreatorBid,0.00953662,3563203.69305894,408199.56,coinmarketcap_data_api_listings_historical
2026-02-20,36418,JAGER,Jager Hunter,0.0,3561827.98309754,290741.21,coinmarketcap_data_api_listings_historical
2026-02-20,8216,XEP,Electra Protocol,0.00019314,3546603.07956098,112065.04,coinmarketcap_data_api_listings_historical
2026-02-20,21964,TET,Tectum,0.35634702,3540140.28177578,218515.39,coinmarketcap_data_api_listings_historical
2026-02-20,39339,OWL,Owlto Finance,0.01069466,3529236.37262071,3097503.66,coinmarketcap_data_api_listings_historical
2026-02-20,35693,BORGY,BORGY,4.545e-05,3526234.151554,3183.58,coinmarketcap_data_api_listings_historical
2026-02-20,22771,INDY,Indigo Protocol,0.218808,3512485.24825493,0.0,coinmarketcap_data_api_listings_historical
2026-02-20,17742,CULT,Cult DAO,8.1e-07,3508411.47411384,142665.79,coinmarketcap_data_api_listings_historical
2026-02-20,34187,LOFI,LOFI,0.00348267,3482670.64122895,65617.04,coinmarketcap_data_api_listings_historical
2026-02-20,38037,AAPLon,Apple Tokenized Stock (Ondo),264.87305785,3479567.54823692,4664755.96,coinmarketcap_data_api_listings_historical
2026-02-20,38170,OVPP,OpenVPP,0.00432639,3475319.85197122,1206372.67,coinmarketcap_data_api_listings_historical
2026-02-20,29310,UNA,Unagi Token,0.00477594,3473749.25358724,10478.29,coinmarketcap_data_api_listings_historical
2026-02-20,33783,RWA,Allo,0.00192857,3471432.15726216,948591.78,coinmarketcap_data_api_listings_historical
2026-02-20,4702,IDRT,Rupiah Token,1.996e-05,3469550.52923123,0.0,coinmarketcap_data_api_listings_historical
2026-02-20,30907,WOKB,Wrapped OKB,79.58958098,3465409.94528463,108248.0,coinmarketcap_data_api_listings_historical
2026-02-20,13198,NTX,NuNet,0.006856,3456006.74914808,126163.92,coinmarketcap_data_api_listings_historical
2026-02-20,15185,KUJI,Kujira,0.02799908,3425681.78299749,0.0,coinmarketcap_data_api_listings_historical
2026-02-20,16602,SETH2,sETH2,1917.69328194,3423668.64637509,0.0,coinmarketcap_data_api_listings_historical
2026-02-20,38376,EVAA,EVAA Protocol,0.51365183,3399333.46119082,3695190.1,coinmarketcap_data_api_listings_historical
2026-02-20,23780,DEOD,Decentrawood,0.00730135,3390706.88307032,210998.74,coinmarketcap_data_api_listings_historical
2026-02-20,8642,FEI,Fei USD,0.98581135,3389639.0377361,4346.71,coinmarketcap_data_api_listings_historical
2026-02-20,39176,HACHIKO,Hachiko Inu,0.0036266,3388831.59994786,255439.95,coinmarketcap_data_api_listings_historical
2026-02-20,11783,GAFI,GameFi.org,0.22633663,3384857.52419888,11997.91,coinmarketcap_data_api_listings_historical
2026-02-20,31171,BOOE,Book of Ethereum,0.0351846,3384442.24125151,29439.21,coinmarketcap_data_api_listings_historical
2026-02-20,38092,MSTRon,MicroStrategy Tokenized Stock (Ondo),131.45594781,3384169.54294737,3103943.5,coinmarketcap_data_api_listings_historical
2026-02-20,39127,LISA,AgentLISA,0.01564863,3383624.60177121,616990.7,coinmarketcap_data_api_listings_historical
2026-02-20,28382,MYRO,Myro,0.00358106,3381252.0472951,584461.16,coinmarketcap_data_api_listings_historical
2026-02-20,38877,ARIAIP,Aria Protocol,0.0101487,3379516.20061969,1220823.91,coinmarketcap_data_api_listings_historical
2026-02-20,30116,REDO,Resistance Dog,0.03374741,3374740.26502006,84654.38,coinmarketcap_data_api_listings_historical
2026-02-20,32892,BELLS,Bellscoin,0.0548531,3372510.73480951,21911.31,coinmarketcap_data_api_listings_historical
2026-02-20,9089,10SET,Tenset,0.02410702,3369523.98205037,162818.83,coinmarketcap_data_api_listings_historical
2026-02-20,29358,SMOG,Smog,0.00432055,3365705.34194688,0.0,coinmarketcap_data_api_listings_historical
2026-02-20,27463,STUFF,STUFF.io,0.00100737,3360350.37437416,8669.84,coinmarketcap_data_api_listings_historical
2026-02-20,4189,UOS,Ultra,0.0069995,3357111.25394963,134008.1,coinmarketcap_data_api_listings_historical
2026-02-20,37245,TRWA,Tharwa,0.00047676,3338536.35055201,421148.02,coinmarketcap_data_api_listings_historical
2026-02-20,38000,PFEon,Pfizer Tokenized Stock (Ondo),27.64434618,3331229.68329979,841.22,coinmarketcap_data_api_listings_historical
2026-02-20,16305,IZI,Izumi Finance,0.00422771,3328897.98495025,116346.06,coinmarketcap_data_api_listings_historical
2026-02-20,21639,DJED,Djed,1.00957857,3324950.16464431,0.0,coinmarketcap_data_api_listings_historical
2026-02-20,18966,MAY,Mayflower AI,0.00991679,3313913.46621879,1761994.53,coinmarketcap_data_api_listings_historical
2026-02-20,11222,WNCG,Nine Chronicles,0.00559818,3308203.19396302,124241.74,coinmarketcap_data_api_listings_historical
2026-02-20,28443,USDV,Verified USD,0.19144743,3281756.48532172,3.6,coinmarketcap_data_api_listings_historical
2026-02-20,24228,VEUR,VNX Euro,1.1789211,3258635.48837631,28240.28,coinmarketcap_data_api_listings_historical
2026-02-20,19369,WADA,Wrapped Cardano,0.28559276,3242426.66484171,3010.76,coinmarketcap_data_api_listings_historical
2026-02-20,463,BTS,BitShares,0.00108244,3241959.81746851,83577.67,coinmarketcap_data_api_listings_historical
2026-02-20,28446,SPECTRE,SPECTRE AI,0.32389884,3236776.49697029,284707.12,coinmarketcap_data_api_listings_historical
2026-02-20,29780,CSWAP,ChainSwap,0.00350049,3235470.90623217,368.24,coinmarketcap_data_api_listings_historical
2026-02-20,30391,ZEUS,Zeus Network,0.00802158,3230924.15344733,1078231.2,coinmarketcap_data_api_listings_historical
2026-02-20,27805,SWCH,SwissCheese,0.07375719,3226788.25021698,1063531.62,coinmarketcap_data_api_listings_historical
2026-02-20,21060,GXA,GALAXIA,0.00127668,3212601.35582341,58742.09,coinmarketcap_data_api_listings_historical
2026-02-20,36278,OBOL,Obol,0.02142131,3208483.29110735,1828437.52,coinmarketcap_data_api_listings_historical
2026-02-20,32074,FEG,FEED EVERY GORILLA,3.758e-05,3203725.93446965,346081.25,coinmarketcap_data_api_listings_historical
2026-02-20,5616,MATH,MATH,0.02800485,3202527.36360946,170748.22,coinmarketcap_data_api_listings_historical
2026-02-20,11367,AURY,Aurory,0.04222007,3171963.36657351,88604.27,coinmarketcap_data_api_listings_historical
2026-02-20,2665,DERO,Dero,0.22055854,3156835.83851783,3952.23,coinmarketcap_data_api_listings_historical
2026-02-20,16430,TONIC,Tectonic,1e-08,3156754.20233138,21437.51,coinmarketcap_data_api_listings_historical
2026-02-20,23799,ROA,ROA CORE,0.00458816,3152063.58953394,63614.79,coinmarketcap_data_api_listings_historical
2026-02-20,3422,SHPING,SHPING,0.00137471,3143671.85827206,268221.37,coinmarketcap_data_api_listings_historical
2026-02-20,37728,PUBLIC,PublicAI,0.01506343,3141802.08839967,360156.63,coinmarketcap_data_api_listings_historical
2026-02-20,17072,MPC,Partisia Blockchain,0.00803309,3140403.54651961,2878.48,coinmarketcap_data_api_listings_historical
2026-02-20,7232,ALPHA,Stella,0.00326439,3137081.68671037,339796.04,coinmarketcap_data_api_listings_historical
2026-02-20,28299,TOKEN,TokenFi,0.00313336,3133417.45277001,1415721.38,coinmarketcap_data_api_listings_historical
2026-02-20,26202,XFI,CrossFi,0.04619042,3121421.96589162,359177.71,coinmarketcap_data_api_listings_historical
2026-02-20,19650,VOLT,Volt Inu,6e-08,3116922.19249403,171298.76,coinmarketcap_data_api_listings_historical
2026-02-20,1521,KMD,Komodo,0.02285105,3106688.43348276,146375.11,coinmarketcap_data_api_listings_historical
2026-02-20,36865,CBLTC,Coinbase Wrapped LTC,55.20727455,3097370.66218189,116373.91,coinmarketcap_data_api_listings_historical
2026-02-20,5552,HTR,Hathor,0.00602378,3091447.30256591,198884.54,coinmarketcap_data_api_listings_historical
2026-02-20,12256,CHEQ,cheqd,0.00480114,3084699.9265025,397537.29,coinmarketcap_data_api_listings_historical
2026-02-20,34469,ALTT,Altcoinist,0.01257232,3080217.64232734,61829.95,coinmarketcap_data_api_listings_historical
2026-02-20,8034,BIOT,BioPassport Token,0.00034945,3075200.89594621,44342.14,coinmarketcap_data_api_listings_historical
2026-02-20,12041,DMTR,Dimitra,0.00628119,3055820.2266189,124273.1,coinmarketcap_data_api_listings_historical
2026-02-20,34348,EMT,EarthMeta,0.00212453,3054089.96828409,26925.06,coinmarketcap_data_api_listings_historical
2026-02-20,31632,PEIPEI,PeiPei (ETH),1e-08,3037788.33070617,510323.19,coinmarketcap_data_api_listings_historical
2026-02-20,11240,HI,HI,4.871e-05,3023226.75670064,1049.68,coinmarketcap_data_api_listings_historical
2026-02-20,16755,HOSKY,HOSKY Token,1e-08,3022607.47934309,190049.69,coinmarketcap_data_api_listings_historical
2026-02-20,37363,BLOCK,Block (blockstreet.xyz),0.00656718,3020902.61590071,427514.87,coinmarketcap_data_api_listings_historical
2026-02-20,17450,FANC,fanC,0.0018158,3014310.96014243,5421.11,coinmarketcap_data_api_listings_historical
2026-02-20,39429,IMU,Immunefi,0.00355948,2993154.76571805,2612617.44,coinmarketcap_data_api_listings_historical
2026-02-20,28394,GROK,Grok (grokoneth.meme),0.00047347,2991795.5955621,298717.37,coinmarketcap_data_api_listings_historical
2026-02-20,38494,GOATED,GOAT Network,0.02867073,2991733.00303662,1151930.45,coinmarketcap_data_api_listings_historical
2026-02-20,38049,MCDon,McDonald's Tokenized Stock (Ondo),331.85852366,2972336.34427469,1814378.26,coinmarketcap_data_api_listings_historical
2026-02-20,38096,PGon,Procter & Gamble Tokenized Stock (Ondo),163.03579042,2956589.95580764,2579206.08,coinmarketcap_data_api_listings_historical
2026-02-20,5358,IBS,IBStoken,0.00073231,2947549.94711452,128321.44,coinmarketcap_data_api_listings_historical
2026-02-20,19786,TAVA,ALTAVA,0.0042335,2945999.96781695,152736.86,coinmarketcap_data_api_listings_historical
2026-02-20,32289,MIGGLES,Mr Miggles,0.00307258,2941597.41067459,163874.14,coinmarketcap_data_api_listings_historical
2026-02-20,6739,LWA,LumiWave,0.00381614,2938718.66668962,662294.15,coinmarketcap_data_api_listings_historical
2026-02-20,38042,CVXon,Chevron Tokenized Stock (Ondo),186.594325,2936309.0175383,3158630.15,coinmarketcap_data_api_listings_historical
2026-02-20,3663,XFC,Footballcoin (XFC),0.0074277,2935931.55440322,43065.6,coinmarketcap_data_api_listings_historical
2026-02-20,38084,IJHon,iShares Core S&P MidCap Tokenized ETF (Ondo),72.40823744,2932433.38048208,663986.9,coinmarketcap_data_api_listings_historical
2026-02-20,32137,ROAR,Roaring Kitty,0.00293082,2930821.04789394,208127.32,coinmarketcap_data_api_listings_historical
2026-02-20,30493,NUB,nubcat,0.0030814,2927332.24349885,324829.58,coinmarketcap_data_api_listings_historical
2026-02-20,29513,GPU,Node AI,0.02980407,2922865.38335256,69184.79,coinmarketcap_data_api_listings_historical
2026-02-20,36396,CUDIS,CUDIS,0.01177467,2914229.78812541,8714799.33,coinmarketcap_data_api_listings_historical
2026-02-20,38065,METAon,Meta Platforms Tokenized Stock (Ondo),655.40494866,2914159.99540673,2382551.13,coinmarketcap_data_api_listings_historical
2026-02-20,8997,COOK,Cook Finance,0.00332073,2901089.22795367,22300.69,coinmarketcap_data_api_listings_historical
2026-02-20,36234,FAIR3,Fair and Free,0.00308435,2886374.27578364,91701.88,coinmarketcap_data_api_listings_historical
2026-02-20,38918,67,The Official 67 Coin,0.00288631,2885386.24324749,1549724.48,coinmarketcap_data_api_listings_historical
2026-02-20,29447,NMT,NetMind Token,0.08625343,2885195.09250664,241998.58,coinmarketcap_data_api_listings_historical
2026-02-20,17050,MULTI,Multichain,0.1978916,2877560.27062786,17980.0,coinmarketcap_data_api_listings_historical
2026-02-20,34291,ROCK,Zenrock,0.01505222,2869139.62662809,12166.9,coinmarketcap_data_api_listings_historical
2026-02-20,29812,ZYPTO,Zypto,0.00320048,2869093.43402839,72924.44,coinmarketcap_data_api_listings_historical
2026-02-20,19778,FITFI,Step App,0.00064418,2866613.06391827,1481291.03,coinmarketcap_data_api_listings_historical
2026-02-20,21929,KWENTA,Kwenta,6.63498253,2865045.75445634,70.8,coinmarketcap_data_api_listings_historical
2026-02-20,27966,DORA,Dora Factory,0.00531683,2856609.45216002,67585.03,coinmarketcap_data_api_listings_historical
2026-02-20,39142,SCOR,SCOR,0.01272904,2852469.34956473,629982.5,coinmarketcap_data_api_listings_historical
2026-02-20,37693,ANTHROPIC,Anthropic tokenized stock (PreStocks),369.4006745,2849541.12298938,2299297.61,coinmarketcap_data_api_listings_historical
2026-02-20,28368,ELMT,Element,0.00164202,2848620.02470585,0.0,coinmarketcap_data_api_listings_historical
2026-02-20,5583,HAI,Hacken Token,0.00341442,2844960.54666964,131034.58,coinmarketcap_data_api_listings_historical
2026-02-20,21156,STAT,STAT,0.03316243,2816098.39060951,128920.29,coinmarketcap_data_api_listings_historical
2026-02-20,28385,PROPS,Propbase,0.00596008,2812424.73671992,1172832.79,coinmarketcap_data_api_listings_historical
2026-02-20,2856,CEEK,CEEK VR,0.00347414,2799176.03827758,64607.27,coinmarketcap_data_api_listings_historical
2026-02-20,8044,ADP,Adappter Token,0.00060389,2798933.32103858,37292.85,coinmarketcap_data_api_listings_historical
2026-02-20,23825,NXRA,Nexera,0.00267095,2793777.65305813,8895.15,coinmarketcap_data_api_listings_historical
2026-02-20,28366,CA,Coupon Assets,0.28837321,2788932.33730561,896945.45,coinmarketcap_data_api_listings_historical
2026-02-20,7396,MOON,r/CryptoCurrency Moons,0.02608844,2785627.36561487,8672.52,coinmarketcap_data_api_listings_historical
2026-02-20,22289,MYRIA,Myria,5.924e-05,2760287.48850504,224960.7,coinmarketcap_data_api_listings_historical
2026-02-20,1721,MYST,Mysterium,0.1375989,2756605.11981524,86732.3,coinmarketcap_data_api_listings_historical
2026-02-20,20315,LM,LeisureMeta,0.00081552,2746737.97539908,101375.09,coinmarketcap_data_api_listings_historical
2026-02-20,35795,DRX,DRX Token,0.00412789,2740926.99462189,12473.96,coinmarketcap_data_api_listings_historical
2026-02-20,3628,MXC,MXC,0.00086446,2732254.31723602,11558.07,coinmarketcap_data_api_listings_historical
2026-02-20,24984,GRP,Grape,0.61305063,2730492.97364827,0.0,coinmarketcap_data_api_listings_historical
2026-02-20,8276,ARIA20,Arianee,0.02527101,2717184.39765431,0.0,coinmarketcap_data_api_listings_historical
2026-02-20,20650,USDC(WormHole),USD Coin (Wormhole),1.00073775,2716784.89006692,88240.72,coinmarketcap_data_api_listings_historical
2026-02-20,27766,KYVE,KYVE Network,0.00234814,2715494.02015354,12120.69,coinmarketcap_data_api_listings_historical
2026-02-20,3722,TEMCO,TEMCO,0.00068037,2703275.13001649,22929.06,coinmarketcap_data_api_listings_historical
2026-02-20,36338,CORAL,Coral Protocol,0.00031278,2675398.97061225,186161.25,coinmarketcap_data_api_listings_historical
2026-02-20,27582,XTER,Xterio,0.01673668,2675228.50928365,2077751.64,coinmarketcap_data_api_listings_historical
2026-02-20,37177,MOBY,Moby,0.00266241,2662335.48035594,898377.17,coinmarketcap_data_api_listings_historical
2026-02-20,10630,GOG,Guild of Guardians,0.00319376,2661896.09627442,15356.88,coinmarketcap_data_api_listings_historical
2026-02-20,15084,SIS,Symbiosis,0.02698319,2661496.57143094,624750.68,coinmarketcap_data_api_listings_historical
2026-02-20,4566,XDB,XDB CHAIN,0.00015455,2657825.48769437,328952.59,coinmarketcap_data_api_listings_historical
2026-02-20,6837,NODL,Nodle,0.00041341,2636080.88973034,64974.17,coinmarketcap_data_api_listings_historical
2026-02-20,35396,PBTC,Purple Bitcoin,0.13649468,2636008.32916507,68090.25,coinmarketcap_data_api_listings_historical
2026-02-20,38992,401JK,401jK,0.00262609,2626091.12802948,192726.8,coinmarketcap_data_api_listings_historical
2026-02-20,39229,COPXon,Global X Copper Miners Tokenized ETF (Ondo),88.69584378,2625071.82381469,1527944.11,coinmarketcap_data_api_listings_historical
2026-02-20,38015,PEPon,PepsiCo Tokenized Stock (Ondo),166.82796985,2623539.62343666,1755683.75,coinmarketcap_data_api_listings_historical
2026-02-20,10778,HERO,Metahero,0.00051411,2619743.456469,32598.59,coinmarketcap_data_api_listings_historical
2026-02-20,39454,KIN,Kindred Labs,0.01772521,2608929.93706192,1750951.2,coinmarketcap_data_api_listings_historical
2026-02-20,23295,VNO,Veno Finance,0.00549344,2606714.8728015,19828.49,coinmarketcap_data_api_listings_historical
2026-02-20,4467,EGG,Nestree,0.00087035,2606600.32100914,23170.19,coinmarketcap_data_api_listings_historical
2026-02-20,18736,BFIC,Blockchain Foundation for Innovation & Collaboration,0.24624998,2604936.66348272,2853.65,coinmarketcap_data_api_listings_historical
2026-02-20,1680,ANT,Aragon,0.06026843,2603143.39624982,0.0,coinmarketcap_data_api_listings_historical
2026-02-20,24133,WIFI,WiFi Map,0.00375112,2602768.74193398,2804.96,coinmarketcap_data_api_listings_historical
2026-02-20,19819,REI,REI Network,0.00272748,2591109.45302983,263163.64,coinmarketcap_data_api_listings_historical
2026-02-20,29082,SAROS,Saros,0.00122811,2578842.24723715,572091.55,coinmarketcap_data_api_listings_historical
2026-02-20,30912,MANEKI,MANEKI,0.00029104,2578278.63397867,260122.87,coinmarketcap_data_api_listings_historical
2026-02-20,38002,NVOon,Novo Nordisk Tokenized Stock (Ondo),47.52760742,2576319.00959644,707176.67,coinmarketcap_data_api_listings_historical
2026-02-20,5882,FIS,StaFi,0.01843124,2576237.31040966,556894.34,coinmarketcap_data_api_listings_historical
2026-02-20,32915,BERRY,Strawberry AI,0.0257403,2574029.86922964,2237.0,coinmarketcap_data_api_listings_historical
2026-02-20,37473,GAIA,GAIA,0.01514041,2573869.48464041,408095.1,coinmarketcap_data_api_listings_historical
2026-02-20,7740,POLA,Polaris Share,0.00474057,2564624.89809439,6736.73,coinmarketcap_data_api_listings_historical
2026-02-20,15563,RISE,Infinity Rising,0.00338129,2559118.51784763,36541.34,coinmarketcap_data_api_listings_historical
2026-02-20,8669,SOV,Sovryn,0.04303877,2552356.85817891,74264.12,coinmarketcap_data_api_listings_historical
2026-02-20,28567,PALM,PaLM AI,0.03303702,2548136.00784758,20717.86,coinmarketcap_data_api_listings_historical
2026-02-20,38082,JPMon,JPMorgan Chase Tokenized Stock (Ondo),311.5305744,2540622.46697186,1970437.82,coinmarketcap_data_api_listings_historical
2026-02-20,38050,ASMLon,ASML Holding NV Tokenized Stock (Ondo),1472.97076585,2534524.71706217,926180.07,coinmarketcap_data_api_listings_historical
2026-02-20,8479,VAI,VAIOT,0.0063818,2531022.85410044,87375.5,coinmarketcap_data_api_listings_historical
2026-02-20,39465,一,一 (USD1_ONE),0.00251568,2515677.23761396,1198.6,coinmarketcap_data_api_listings_historical
2026-02-20,8936,TRIAS,Trias Token (New),0.5018473,2509236.50276194,73171.61,coinmarketcap_data_api_listings_historical
2026-02-20,38928,LUCKY,B-Lucky,0.00249983,2499831.11650378,0.0,coinmarketcap_data_api_listings_historical
2026-02-20,5647,KDA,Kadena,0.00745451,2499456.31000245,26009.62,coinmarketcap_data_api_listings_historical
2026-02-20,35052,OPUS,Opus Genesis,0.00249841,2498252.54132045,5930.14,coinmarketcap_data_api_listings_historical
2026-02-20,32656,XEL,XELIS,0.52650416,2496284.9280261,29133.68,coinmarketcap_data_api_listings_historical
2026-02-20,11560,DHB,DeHub,0.00061237,2495879.55446108,1737.59,coinmarketcap_data_api_listings_historical
2026-02-20,38826,TTN,toyow,0.11375883,2484905.59499553,552956.69,coinmarketcap_data_api_listings_historical
2026-02-20,29445,ZKML,zKML,0.0257339,2483354.29509758,0.0,coinmarketcap_data_api_listings_historical
2026-02-20,28249,ZTX,ZTX,0.00032834,2459749.81337473,158795.2,coinmarketcap_data_api_listings_historical
2026-02-20,38045,TMon,Toyota Tokenized Stock (Ondo),238.94188146,2454307.29285911,61260.06,coinmarketcap_data_api_listings_historical
2026-02-20,38060,WMTon,Walmart Tokenized Stock (Ondo),123.22146809,2445218.4177603,609019.12,coinmarketcap_data_api_listings_historical
2026-02-20,30916,XSWAP,XSwap,0.00813533,2426441.91464717,33450.88,coinmarketcap_data_api_listings_historical
2026-02-20,32428,CAMT,CAMELL,0.00252526,2423435.95398169,7764.62,coinmarketcap_data_api_listings_historical
2026-02-20,10165,PORNROCKET,PornRocket,1e-08,2419598.53950445,4.53,coinmarketcap_data_api_listings_historical
2026-02-20,38240,QST,QuStream,0.00321238,2414136.90360069,0.0,coinmarketcap_data_api_listings_historical
2026-02-20,38401,DL,Dill,0.00203462,2411019.82832873,134604.47,coinmarketcap_data_api_listings_historical
2026-02-20,35167,J,Jambo,0.01494184,2405754.37774539,1943486.23,coinmarketcap_data_api_listings_historical
2026-02-20,29593,ASTRA,AstraAI,0.24013075,2401307.50849632,168986.34,coinmarketcap_data_api_listings_historical
2026-02-20,32516,NRN,Neuron,0.00692278,2385911.31575558,200162.19,coinmarketcap_data_api_listings_historical
2026-02-20,38834,TYCOON,Dino Tycoon,0.01089752,2384652.46644759,169385.44,coinmarketcap_data_api_listings_historical
2026-02-20,33076,MOODENG,MOO DENG (moodeng.vip),5.82e-06,2379463.78062768,431769.69,coinmarketcap_data_api_listings_historical
2026-02-20,10469,LIME,iMe Lab,0.00313686,2366265.67835673,209555.33,coinmarketcap_data_api_listings_historical
2026-02-20,12859,DOBO,DogeBonk,0.0,2365921.37427184,0.0,coinmarketcap_data_api_listings_historical
2026-02-20,35609,PAIN,Pain (paintoken.com),0.47162686,2358076.27554329,13484.61,coinmarketcap_data_api_listings_historical
2026-02-20,10641,QUACK,RichQUACK.com,0.0,2354789.94519902,39457.86,coinmarketcap_data_api_listings_historical
2026-02-20,28286,SPURS,Tottenham Hotspur Fan Token,0.19794113,2353493.65901859,136993.51,coinmarketcap_data_api_listings_historical
2026-02-20,39028,BEST,Best Wallet,0.00140826,2353087.92001334,394802.59,coinmarketcap_data_api_listings_historical
2026-02-20,20497,WAGMIGAMES,WAGMI Games,1.07e-06,2350067.6009756,130267.05,coinmarketcap_data_api_listings_historical
2026-02-20,32035,MLC,My Lovely Planet,0.02376492,2348664.71047591,126807.78,coinmarketcap_data_api_listings_historical
2026-02-20,14345,BOTTO,Botto,0.04939828,2342504.94071229,59559.67,coinmarketcap_data_api_listings_historical
2026-02-20,9386,KISHU,Kishu Inu,0.0,2340498.57177805,143189.61,coinmarketcap_data_api_listings_historical
2026-02-20,1993,KIN,Kin,8.5e-07,2334993.66825928,66820.07,coinmarketcap_data_api_listings_historical
2026-02-20,30193,BENJI,Basenji,0.00232962,2329619.13922955,284662.47,coinmarketcap_data_api_listings_historical
2026-02-20,32110,USA,American Coin,2e-07,2329213.91713933,623101.4,coinmarketcap_data_api_listings_historical
2026-02-20,7228,DDX,DerivaDAO,0.08918967,2327374.5451565,13.29,coinmarketcap_data_api_listings_historical
2026-02-20,35621,SOGNI,Sogni AI,0.00191781,2324838.65049359,200551.27,coinmarketcap_data_api_listings_historical
2026-02-20,10897,ALT,Alitas,0.0082709,2315853.12121366,446.43,coinmarketcap_data_api_listings_historical
2026-02-20,28363,SHRAP,Shrapnel,0.00079988,2310934.44323117,7533.57,coinmarketcap_data_api_listings_historical
2026-02-20,38762,1,1 coin can change your life,0.00230904,2308713.73778155,414077.04,coinmarketcap_data_api_listings_historical
2026-02-20,10789,EURt,Tether EURt,0.06341967,2307673.11076781,0.0,coinmarketcap_data_api_listings_historical
2026-02-20,38237,FOREST,Forest Protocol,0.02054325,2303113.45739181,220711.53,coinmarketcap_data_api_listings_historical
2026-02-20,39203,ESIM,Depinsim,0.01708841,2298390.87979094,1693025.73,coinmarketcap_data_api_listings_historical
2026-02-20,38507,GG,Knockout Games,0.00227811,2278113.07931033,0.0,coinmarketcap_data_api_listings_historical
2026-02-20,24747,JESUS,Jesus Coin,2e-08,2277722.51445423,1818.43,coinmarketcap_data_api_listings_historical
2026-02-20,38076,BABAon,Alibaba Tokenized Stock (Ondo),154.4323302,2273466.15323465,3615718.91,coinmarketcap_data_api_listings_historical
2026-02-20,4809,WIKEN,Project WITH,0.0021565,2270850.29456033,819278.75,coinmarketcap_data_api_listings_historical
2026-02-20,30950,MON,MON,0.00380973,2262150.57587805,92337.84,coinmarketcap_data_api_listings_historical
2026-02-20,7824,VAI,Vai,0.99800581,2260580.22932204,32.73,coinmarketcap_data_api_listings_historical
2026-02-20,37529,RHEA,RHEA Finance,0.01121661,2243321.46728842,2252566.22,coinmarketcap_data_api_listings_historical
2026-02-20,31668,BILLY,Billy (Bitcoin),0.00223234,2232341.84474369,5225.02,coinmarketcap_data_api_listings_historical
2026-02-20,9764,MLT,MILC Platform,0.01794122,2232308.55009216,8939.59,coinmarketcap_data_api_listings_historical
2026-02-20,1392,PLU,Pluton,0.13095794,2226284.84356775,148056.08,coinmarketcap_data_api_listings_historical
2026-02-20,6679,WHALE,WHALE,0.22261726,2226172.56278442,0.0,coinmarketcap_data_api_listings_historical
2026-02-20,34158,VERTAI,Vertical AI,0.02223221,2223221.03105442,122251.54,coinmarketcap_data_api_listings_historical
2026-02-20,1556,TIME,Chrono.tech,3.13005357,2222691.72915305,86312.79,coinmarketcap_data_api_listings_historical
2026-02-20,35,PXC,Phoenixcoin,0.0238005,2217357.95537326,457.2,coinmarketcap_data_api_listings_historical
2026-02-20,31094,PNIC,Phoenic,0.00870382,2213964.02764087,109151.89,coinmarketcap_data_api_listings_historical
2026-02-20,33786,PATRIOT,Patriot,0.00022121,2212106.22912996,72875.42,coinmarketcap_data_api_listings_historical
2026-02-20,32459,JUM,Jumoney,0.00171353,2210147.79865541,5670.57,coinmarketcap_data_api_listings_historical
2026-02-20,31704,PIRATE,Pirate Nation,0.00412766,2209179.44929802,899313.67,coinmarketcap_data_api_listings_historical
2026-02-20,19743,MSQ,MSQUARE GLOBAL,0.36730764,2200210.59588533,47971.8,coinmarketcap_data_api_listings_historical
2026-02-20,35277,CAM,Camino Network,0.0067574,2198965.60119187,23185.09,coinmarketcap_data_api_listings_historical
2026-02-20,38066,IWMon,iShares Russell 2000 Tokenized ETF (Ondo),265.71298752,2190196.68542582,727.14,coinmarketcap_data_api_listings_historical
2026-02-20,10409,OPUL,Opulous,0.00474546,2183482.73934879,315300.03,coinmarketcap_data_api_listings_historical
2026-02-20,9263,ZCX,Unizen,0.00326847,2174749.63372982,77350.86,coinmarketcap_data_api_listings_historical
2026-02-20,15678,VOXEL,Voxies,0.00852996,2170759.3139706,1744030.63,coinmarketcap_data_api_listings_historical
2026-02-20,26836,OCICAT,OciCat,1e-08,2169444.39477637,18211.97,coinmarketcap_data_api_listings_historical
2026-02-20,2643,P2P,Sentinel,6.438e-05,2163295.82693527,51459.94,coinmarketcap_data_api_listings_historical
2026-02-20,11409,TAROT,Tarot,0.03190041,2159658.01948508,5220.57,coinmarketcap_data_api_listings_historical
2026-02-20,12240,MARS4,MARS4,0.00086615,2150716.39074689,853790.07,coinmarketcap_data_api_listings_historical
2026-02-20,24137,CHAT,OpenChat,0.07171093,2147602.97659828,90279.02,coinmarketcap_data_api_listings_historical
2026-02-20,38832,LITKEY,Lit Protocol,0.00976117,2147456.43624882,440291.32,coinmarketcap_data_api_listings_historical
2026-02-20,29920,SLERF,SLERF (OLD),0.00429464,2147311.95866304,196067.0,coinmarketcap_data_api_listings_historical
2026-02-20,12387,RBN,Ribbon Finance,0.02564632,2133415.18712311,0.0,coinmarketcap_data_api_listings_historical
2026-02-20,37610,X,TaleX,0.01419052,2128577.46953679,46417.8,coinmarketcap_data_api_listings_historical
2026-02-20,32778,DOGE,Department Of Government Efficiency (dogegov.com),0.00216471,2119508.23414557,1015748.04,coinmarketcap_data_api_listings_historical
2026-02-20,39089,BTX,BeatSwap,0.009411,2115171.22320078,1016444.8,coinmarketcap_data_api_listings_historical
2026-02-20,36849,USDUC,Unstable Coin (usduc.io),0.00210668,2106504.20844602,519544.24,coinmarketcap_data_api_listings_historical
2026-02-20,33154,Blum,Blum,0.01222661,2105604.17470366,2098134.81,coinmarketcap_data_api_listings_historical
2026-02-20,8992,CELL,Cellframe,0.07358235,2104393.98285563,195356.3,coinmarketcap_data_api_listings_historical
2026-02-20,14446,LQR,Laqira Protocol,0.02368673,2099211.53868388,304230.37,coinmarketcap_data_api_listings_historical
2026-02-20,10776,SIGNA,Signum,0.00098373,2095230.85650914,12766.23,coinmarketcap_data_api_listings_historical
2026-02-20,3768,PIB,PIBBLE,8.69e-05,2094512.69485692,15634.68,coinmarketcap_data_api_listings_historical
2026-02-20,31440,WLTH,WLTH,0.00229442,2087130.11602875,206273.06,coinmarketcap_data_api_listings_historical
2026-02-20,3974,BTC2,Bitcoin 2,0.11326545,2085916.33941485,10243.21,coinmarketcap_data_api_listings_historical
2026-02-20,32536,YAFA,Free Palestine,0.00215027,2085759.54649596,0.0,coinmarketcap_data_api_listings_historical
2026-02-20,36866,LOT,League of Traders,0.00766847,2080073.50211531,1302041.95,coinmarketcap_data_api_listings_historical
2026-02-20,35966,GMON,Magma,0.02162148,2077918.70442478,546.75,coinmarketcap_data_api_listings_historical
2026-02-20,2316,DBC,DeepBrain Chain,0.00038235,2075776.8565327,17596.24,coinmarketcap_data_api_listings_historical
2026-02-20,7960,vXVS,Venus XVS,0.06064105,2069077.59701832,0.0,coinmarketcap_data_api_listings_historical
2026-02-20,33488,KIMA,Kima Network,0.02009416,2064459.50227905,330403.34,coinmarketcap_data_api_listings_historical
2026-02-20,35669,CAR,Central African Republic Meme,0.00207199,2063617.90868924,116678.88,coinmarketcap_data_api_listings_historical
2026-02-20,33819,RUSSELL,Russell,0.00212072,2059181.93791889,587782.71,coinmarketcap_data_api_listings_historical
2026-02-20,30584,BASEDAI,BasedAI,0.05917448,2047402.52864424,27710.18,coinmarketcap_data_api_listings_historical
2026-02-20,34082,WELF,WELF,0.16136636,2042476.33851437,154967.94,coinmarketcap_data_api_listings_historical
2026-02-20,39525,ELON,Echelon (EchelonMarket),0.15101182,2038659.50434233,428318.78,coinmarketcap_data_api_listings_historical
2026-02-20,36977,NODE,NodeOps,0.01525675,2035110.44713098,2598282.33,coinmarketcap_data_api_listings_historical
2026-02-20,28817,AKI,Aki Network,0.00101634,2032679.65783743,150903.18,coinmarketcap_data_api_listings_historical
2026-02-20,1154,VAL,Validity,0.39675209,2023838.24098796,245816.93,coinmarketcap_data_api_listings_historical
2026-02-20,36169,DEURO,Decentralized Euro,1.18529077,2022714.22994878,783.49,coinmarketcap_data_api_listings_historical
2026-02-20,25419,HGPT,HyperGPT,0.002387,2020440.6891532,439785.42,coinmarketcap_data_api_listings_historical
2026-02-20,33320,PUPS,Pups (Bitcoin),0.00208514,2019347.92575635,11323.83,coinmarketcap_data_api_listings_historical
2026-02-20,23037,HIFI,Hifi Finance,0.01416834,2011657.17165598,180034.68,coinmarketcap_data_api_listings_historical
2026-02-20,34610,MONKY,Wise Monkey,2.4e-07,2011109.475647,171832.49,coinmarketcap_data_api_listings_historical
2026-02-20,30591,FOXY,Foxy,0.00034316,2010245.81426131,456004.52,coinmarketcap_data_api_listings_historical
2026-02-20,3816,VRA,Verasity,2.156e-05,2007117.20071521,638624.07,coinmarketcap_data_api_listings_historical
2026-02-20,38070,CSCOon,Cisco Systems Tokenized Stock (Ondo),79.74682112,1995294.20290788,1937984.98,coinmarketcap_data_api_listings_historical
2026-02-20,11750,BUY,Buying.com,0.00600769,1993289.29247225,26300.82,coinmarketcap_data_api_listings_historical
2026-02-20,38840,LUX,Luxxcoin,0.00086984,1991298.15143836,3692377.35,coinmarketcap_data_api_listings_historical
2026-02-20,9286,LEASH,Doge Killer,3.7e-07,1990534.11015864,6981.61,coinmarketcap_data_api_listings_historical
2026-02-20,24477,AIDOGE,ArbDoge AI,0.0,1987195.19654846,1825561.86,coinmarketcap_data_api_listings_historical
2026-02-20,15736,LUCA,LUCA,0.29642575,1980231.37911624,83506.4,coinmarketcap_data_api_listings_historical
2026-02-20,22985,IMPT,IMPT,0.0014009,1979738.55244002,187278.87,coinmarketcap_data_api_listings_historical
2026-02-20,38018,IBMon,IBM Tokenized Stock (Ondo),260.58691371,1977917.01182336,706157.7,coinmarketcap_data_api_listings_historical
2026-02-20,37627,MOMO,Momo (momocoin.info),0.00198647,1975791.30048323,915972.64,coinmarketcap_data_api_listings_historical
2026-02-20,35395,SPCM,SPACEM WORLD,0.00021312,1971134.59640856,183469.22,coinmarketcap_data_api_listings_historical
2026-02-20,1447,ZCL,ZClassic,0.21206211,1969426.01421806,0.0,coinmarketcap_data_api_listings_historical
2026-02-20,38055,SBUXon,Starbucks Tokenized Stock (Ondo),98.37086859,1960769.52688143,1654982.55,coinmarketcap_data_api_listings_historical
2026-02-20,36393,BOOP,Boop,0.00625288,1956274.59446493,123911.64,coinmarketcap_data_api_listings_historical
2026-02-20,32925,SPEC,Spectral,0.13829257,1950574.74771587,748116.6,coinmarketcap_data_api_listings_historical
2026-02-20,37656,SPACEX,SpaceX tokenized stock (PreStocks),624.99112608,1949841.45545558,1026834.53,coinmarketcap_data_api_listings_historical
2026-02-20,36356,HOUSE,Housecoin,0.00194726,1944533.19149446,2681115.4,coinmarketcap_data_api_listings_historical
2026-02-20,38854,VOOI,VOOI,0.00792944,1936456.54327068,1787580.9,coinmarketcap_data_api_listings_historical
2026-02-20,22866,RXD,Radiant,9.701e-05,1934140.60539902,111252.32,coinmarketcap_data_api_listings_historical
2026-02-20,35482,AGIALPHA,AGI ALPHA AGENT,0.00193348,1933473.779957,4550.44,coinmarketcap_data_api_listings_historical
2026-02-20,8438,HOGE,Hoge Finance,4.91e-06,1930036.45415161,0.0,coinmarketcap_data_api_listings_historical
2026-02-20,4710,CERE,Cere Network,0.00027682,1921087.74708331,116767.35,coinmarketcap_data_api_listings_historical
2026-02-20,8985,EFI,Efinity Token,0.02200986,1912989.71002704,0.0,coinmarketcap_data_api_listings_historical
2026-02-20,38030,BLKon,"Blackrock, Inc. Tokenized Stock (Ondo)",1093.20064325,1908644.66979927,70256.79,coinmarketcap_data_api_listings_historical
2026-02-20,36135,ARIO,AR.IO Network,0.00331073,1904205.13933143,9477.23,coinmarketcap_data_api_listings_historical
2026-02-20,7281,XPRT,Persistence One,0.0089112,1901374.05118602,255852.82,coinmarketcap_data_api_listings_historical
2026-02-20,4116,TKP,TOKPIE,0.06620065,1900889.69091755,0.0,coinmarketcap_data_api_listings_historical
2026-02-20,2090,LA,LATOKEN,0.00499817,1899832.55040469,75.13,coinmarketcap_data_api_listings_historical
2026-02-20,36101,QUQ,Quq,0.0018932,1893202.9331645,231745746.71,coinmarketcap_data_api_listings_historical
2026-02-20,18624,AZIT,Azit,0.00463939,1892259.79167504,269948.66,coinmarketcap_data_api_listings_historical
2026-02-20,15137,NAP,Napoli Fan Token,0.3490754,1892193.22387361,192001.88,coinmarketcap_data_api_listings_historical
2026-02-20,39005,ENX,Enigma,0.03028822,1887406.04230478,14144.83,coinmarketcap_data_api_listings_historical
2026-02-20,39368,WSOMI,Wrapped Somnia,0.21517739,1883904.15576688,444.21,coinmarketcap_data_api_listings_historical
2026-02-20,12148,SWASH,Swash,0.00188727,1877753.73514829,12345.91,coinmarketcap_data_api_listings_historical
2026-02-20,31006,MERY,Mistery On Cro,4.55e-06,1866359.35966475,7817.64,coinmarketcap_data_api_listings_historical
2026-02-20,32943,VISTA,Ethervista,1.98120585,1862828.52212252,242537.68,coinmarketcap_data_api_listings_historical
2026-02-20,28559,BCUT,bitsCrunch,0.00308159,1860600.86945151,295221.82,coinmarketcap_data_api_listings_historical
2026-02-20,38550,PIPE,Pipe Network,0.01857823,1857822.56186374,361939.02,coinmarketcap_data_api_listings_historical
2026-02-20,7664,UNCX,UNCX Network,39.60413416,1847231.8226111,10064.91,coinmarketcap_data_api_listings_historical
2026-02-20,8525,RAI,Rai Reflex Index,3.29803583,1845389.55289728,8621.41,coinmarketcap_data_api_listings_historical
2026-02-20,19856,CAT,CatCoin,0.0,1845031.6,1117899.34,coinmarketcap_data_api_listings_historical
2026-02-20,28664,BYTE,Byte,1.91e-06,1840946.39459126,281985.2,coinmarketcap_data_api_listings_historical
2026-02-20,35560,LC,LC SHIB,0.00194394,1836446.91966533,235729.87,coinmarketcap_data_api_listings_historical
2026-02-20,37999,PBRon,Petrobras Tokenized Stock (Ondo),15.74573733,1833356.92851994,972382.15,coinmarketcap_data_api_listings_historical
2026-02-20,38318,SWTCH,Switchboard Protocol,0.01063622,1825242.89454191,2718540.56,coinmarketcap_data_api_listings_historical
2026-02-20,31921,RETARDIO,RETARDIO,0.00186962,1824129.86077956,752911.15,coinmarketcap_data_api_listings_historical
2026-02-20,42,XPM,Primecoin,0.03196067,1822052.13225642,1275.59,coinmarketcap_data_api_listings_historical
2026-02-20,33011,NYA,Nya,5e-08,1820224.91121064,0.0,coinmarketcap_data_api_listings_historical
2026-02-20,7974,vBCH,Venus BCH,11.77775626,1818391.34493895,0.0,coinmarketcap_data_api_listings_historical
2026-02-20,24143,RENEC,RENEC,0.05019711,1801825.44171148,0.0,coinmarketcap_data_api_listings_historical
2026-02-20,33697,TRUF,TRUF.Network,0.00370611,1800981.67135203,225596.79,coinmarketcap_data_api_listings_historical
2026-02-20,36696,PEPU,Pepe Unchained (New),0.00017058,1800742.78556445,233509.93,coinmarketcap_data_api_listings_historical
2026-02-20,11198,GOAL,TOPGOAL,0.0033084,1798940.06552671,0.0,coinmarketcap_data_api_listings_historical
2026-02-20,35007,METAV,METAVERSE,0.00179861,1798609.91093264,310197.54,coinmarketcap_data_api_listings_historical
2026-02-20,9721,SAMO,Samoyedcoin,0.0004884,1786136.28085897,75108.75,coinmarketcap_data_api_listings_historical
2026-02-20,36535,MIA,MIA,0.01533718,1781072.43048846,311.9,coinmarketcap_data_api_listings_historical
2026-02-20,5068,XTN,Neutrino Index,0.03419125,1777286.10618901,2040.84,coinmarketcap_data_api_listings_historical
2026-02-20,6951,REEF,Reef,8.414e-05,1768224.83738058,643628.52,coinmarketcap_data_api_listings_historical
2026-02-20,10949,BXX,Baanx,0.00713934,1764953.28698062,7659.08,coinmarketcap_data_api_listings_historical
2026-02-20,7150,FLM,Flamingo,0.0030671,1737367.4399932,209676.44,coinmarketcap_data_api_listings_historical
2026-02-20,38357,AA,ARAI,0.01178673,1736746.82271031,412663.24,coinmarketcap_data_api_listings_historical
2026-02-20,26497,CLORE,Clore.ai,0.00271843,1728146.37070989,754842.82,coinmarketcap_data_api_listings_historical
2026-02-20,38107,AOL,AOL (America Online),0.00172931,1727799.8064408,685905.1,coinmarketcap_data_api_listings_historical
2026-02-20,32489,AST,Astroon,0.00278398,1710122.75463148,88887.55,coinmarketcap_data_api_listings_historical
2026-02-20,36053,KILO,KiloEx,0.00806567,1707501.752554,208784.72,coinmarketcap_data_api_listings_historical
2026-02-20,30751,OGPU,OpenGPU,0.0869243,1707115.49539425,173052.08,coinmarketcap_data_api_listings_historical
2026-02-20,7637,TRA,Trabzonspor Fan Token,0.21962549,1706050.80180456,104358.78,coinmarketcap_data_api_listings_historical
2026-02-20,37522,URANUS,Uranus,0.01705638,1705569.66089867,744749.69,coinmarketcap_data_api_listings_historical
2026-02-20,15463,SIDUS,SIDUS,0.00010193,1702930.7568682,183482.56,coinmarketcap_data_api_listings_historical
2026-02-20,31051,LOBO,LOBO•THE•WOLF•PUP (Bitcoin),9.723e-05,1701887.11659475,141266.94,coinmarketcap_data_api_listings_historical
2026-02-20,22,LKY,Luckycoin,0.08855311,1700640.51568914,75443.47,coinmarketcap_data_api_listings_historical
2026-02-20,38234,XL1,XL1,0.0002963,1700536.11567348,946327.47,coinmarketcap_data_api_listings_historical
2026-02-20,8620,TOWER,TOWER,0.00027919,1696928.82781654,561944.21,coinmarketcap_data_api_listings_historical
2026-02-20,38711,PIGGY,Piggycell,0.03367829,1693514.92635307,290515.95,coinmarketcap_data_api_listings_historical
2026-02-20,24532,BIDZ,BIDZ Coin,0.00199064,1692046.45950966,2555.62,coinmarketcap_data_api_listings_historical
2026-02-20,11976,AZERO,Aleph Zero,0.00634089,1691616.821779,127244.75,coinmarketcap_data_api_listings_historical
2026-02-20,5748,MTA,mStable Governance Token: Meta (MTA),0.03049431,1689894.83333211,6.58,coinmarketcap_data_api_listings_historical
2026-02-20,23751,ARTY,Artyfact,0.08648805,1684806.90805872,1173251.34,coinmarketcap_data_api_listings_historical
2026-02-20,4747,VLX,Velas,0.00060845,1681952.82052546,382.89,coinmarketcap_data_api_listings_historical
2026-02-20,39213,BC2,BitcoinII,0.63975993,1679913.60728007,11142.71,coinmarketcap_data_api_listings_historical
2026-02-20,8705,BNC,Bifrost,0.04340141,1679367.6442342,691570.96,coinmarketcap_data_api_listings_historical
2026-02-20,26198,BDXN,BONDEX,0.01047683,1676292.28042925,1098778.5,coinmarketcap_data_api_listings_historical
2026-02-20,32498,SIGMA,SIGMA,0.00186203,1675546.46950319,1263404.35,coinmarketcap_data_api_listings_historical
2026-02-20,1786,SNC,SunContract,0.0236472,1670364.39767525,285695.89,coinmarketcap_data_api_listings_historical
2026-02-20,38100,MIBNB,Mitosis EOL BNB,624.44108619,1663078.10247951,0.0,coinmarketcap_data_api_listings_historical
2026-02-20,37989,EDENA,EDENA,0.21944495,1656426.40522822,198476.45,coinmarketcap_data_api_listings_historical
2026-02-20,33695,KING,King Protocol,193.35244522,1643610.17763898,0.0,coinmarketcap_data_api_listings_historical
2026-02-20,28395,CAGA,Crypto Asset Governance Alliance,2.667e-05,1639978.51396915,8427.95,coinmarketcap_data_api_listings_historical
2026-02-20,39457,21,2131KOBUSHIDE,0.00163753,1637368.86955811,590517.58,coinmarketcap_data_api_listings_historical
2026-02-20,8144,OVR,OVR,0.03199406,1631526.66887635,148614.66,coinmarketcap_data_api_listings_historical
2026-02-20,38614,客服小何,客服小何,0.00163137,1631366.1145275,542341.85,coinmarketcap_data_api_listings_historical
2026-02-20,38085,GEon,General Electric Tokenized Stock (Ondo),344.12245516,1631026.50922658,181389.98,coinmarketcap_data_api_listings_historical
2026-02-20,2058,AST,AirSwap,0.00934388,1630316.48077662,15562.12,coinmarketcap_data_api_listings_historical
2026-02-20,26217,FNCT,Financie Token,0.00043254,1630119.33241867,69354.27,coinmarketcap_data_api_listings_historical
2026-02-20,12814,DESU,Dexsport,0.00833209,1630022.37706382,1650.27,coinmarketcap_data_api_listings_historical
2026-02-20,38005,LINon,Linde plc Tokenized Stock (Ondo),501.90962544,1629393.97481223,554778.45,coinmarketcap_data_api_listings_historical
2026-02-20,33967,STOP,LETSTOP,0.0232048,1629049.48996546,259876.64,coinmarketcap_data_api_listings_historical
2026-02-20,31688,DOPU,DOPU The Dog with A Purpose,0.00203572,1628937.94685778,237274.91,coinmarketcap_data_api_listings_historical
2026-02-20,13255,REAL,Defactor,0.0054507,1626412.94834031,29822.18,coinmarketcap_data_api_listings_historical
2026-02-20,30859,HOPPY,Hoppy,3.87e-06,1626188.80247739,495379.06,coinmarketcap_data_api_listings_historical
2026-02-20,27872,TRUMP,MAGA (magamemecoin.com),0.03695591,1625962.55879118,38267.03,coinmarketcap_data_api_listings_historical
2026-02-20,14534,PSP,ParaSwap,0.00216662,1614078.64502986,140.8,coinmarketcap_data_api_listings_historical
2026-02-20,11809,REF,Ref Finance,0.03539338,1610784.68374069,0.0,coinmarketcap_data_api_listings_historical
2026-02-20,10562,SQT,SubQuery Network,0.00044821,1610620.47950838,134432.41,coinmarketcap_data_api_listings_historical
2026-02-20,25224,KARATE,Karate Combat,2.405e-05,1603018.74384337,217.12,coinmarketcap_data_api_listings_historical
2026-02-20,39422,XSOL,OKX Wrapped SOL,85.00884618,1601885.76602308,280890.31,coinmarketcap_data_api_listings_historical
2026-02-20,2447,CRPT,Crypterium,0.01692131,1601740.30615477,0.0,coinmarketcap_data_api_listings_historical
2026-02-20,12121,EVDC,EVDC Network,2.527e-05,1597895.53392764,470638.06,coinmarketcap_data_api_listings_historical
2026-02-20,26556,EQB,Equilibria Finance,0.04701735,1590235.85257481,0.0,coinmarketcap_data_api_listings_historical
2026-02-20,16711,GTAI,GT Protocol,0.02396784,1588729.62122195,281750.82,coinmarketcap_data_api_listings_historical
2026-02-20,38400,MAIGA,Maiga,0.00567371,1588638.11486106,316291.79,coinmarketcap_data_api_listings_historical
2026-02-20,5957,YFII,DFI.Money,41.08275821,1585630.13587476,84795.83,coinmarketcap_data_api_listings_historical
2026-02-20,38062,AVGOon,Broadcom Tokenized Stock (Ondo),333.36849005,1585099.69244908,1618803.4,coinmarketcap_data_api_listings_historical
2026-02-20,16675,CTP,Ctomorrow Platform,0.00097098,1583286.34283052,160093.26,coinmarketcap_data_api_listings_historical
2026-02-20,4003,ZNN,Zenon,0.24956944,1579961.84499045,0.0,coinmarketcap_data_api_listings_historical
2026-02-20,18345,QORPO,QORPO WORLD,0.00253022,1578968.55171846,317196.44,coinmarketcap_data_api_listings_historical
2026-02-20,10465,TRADE,Polytrade,0.03814834,1575102.18463165,165621.91,coinmarketcap_data_api_listings_historical
2026-02-20,39577,XBTC,OKX Wrapped BTC,68267.15339057,1572242.53257335,197124.16,coinmarketcap_data_api_listings_historical
2026-02-20,34648,VADER,Vader,0.00157613,1570987.0575503,203560.11,coinmarketcap_data_api_listings_historical
2026-02-20,6865,CRP,Crypton,0.14935456,1568111.11222804,252724.92,coinmarketcap_data_api_listings_historical
2026-02-20,26863,3ULL,PLAYA3ULL GAMES,0.00010807,1565531.94514024,276115.65,coinmarketcap_data_api_listings_historical
2026-02-20,7105,ASK,Permission Coin,9.646e-05,1559422.30370163,9559.5,coinmarketcap_data_api_listings_historical
2026-02-20,31606,RYU,RyuJin,0.0,1557961.70200143,10400.93,coinmarketcap_data_api_listings_historical
2026-02-20,39371,WKROWN,Wrapped Krown,0.00163462,1555318.6478624,474925.89,coinmarketcap_data_api_listings_historical
2026-02-20,15142,KATA,Katana Inu,4.166e-05,1553912.55278719,1825.59,coinmarketcap_data_api_listings_historical
2026-02-20,38071,BIDUon,Baidu Tokenized Stock (Ondo),135.91034033,1553150.12833044,130239.9,coinmarketcap_data_api_listings_historical
2026-02-20,28610,INSP,Inspect,0.00194222,1550602.01332154,268899.71,coinmarketcap_data_api_listings_historical
2026-02-20,35672,USDN,SMARDEX USDN,0.99904648,1549759.94097874,3810.84,coinmarketcap_data_api_listings_historical
2026-02-20,1654,BTX,BitCore,0.07789539,1548471.37157176,0.0,coinmarketcap_data_api_listings_historical
2026-02-20,36123,GM,GOMBLE,0.00549021,1542927.22229219,39005.07,coinmarketcap_data_api_listings_historical
2026-02-20,9029,GLQ,Graphlinq Chain,0.00453775,1542833.24172294,118421.64,coinmarketcap_data_api_listings_historical
2026-02-20,8245,HYDRA,Hydra,0.05169834,1542382.57838229,107117.11,coinmarketcap_data_api_listings_historical
2026-02-20,7692,EXRD,e-Radix,0.00182381,1542362.90669777,1453.14,coinmarketcap_data_api_listings_historical
2026-02-20,19736,SHI,Shina Inu,1.3e-07,1537933.80561804,48602.15,coinmarketcap_data_api_listings_historical
2026-02-20,8255,PROS,Prosper,0.02991689,1537573.20729285,71243.02,coinmarketcap_data_api_listings_historical
2026-02-20,34687,STREAM,Streamflow,0.00959339,1534032.49401551,110316.17,coinmarketcap_data_api_listings_historical
2026-02-20,23262,AREA,Areum,0.01300524,1532809.32568676,1713.77,coinmarketcap_data_api_listings_historical
2026-02-20,27789,BASE,BASE,1.65e-06,1531572.17070144,16158.83,coinmarketcap_data_api_listings_historical
2026-02-20,12785,CLY,Colony,0.0135807,1531055.65107712,102357.22,coinmarketcap_data_api_listings_historical
2026-02-20,6187,SRM,Serum,0.00581012,1529483.26244047,70844.46,coinmarketcap_data_api_listings_historical
2026-02-20,39126,BEB1M,BeB,0.00152834,1527909.0302906,46563.11,coinmarketcap_data_api_listings_historical
2026-02-20,38145,LUMINT,Lumint,0.02775534,1527510.2774969,335814.05,coinmarketcap_data_api_listings_historical
2026-02-20,38006,ABTon,Abbott Tokenized Stock (Ondo),112.87520335,1526239.0920839,1981961.99,coinmarketcap_data_api_listings_historical
2026-02-20,22391,MGP,Magpie,0.00268674,1525996.39405104,2005.43,coinmarketcap_data_api_listings_historical
2026-02-20,34377,SERAPH,Seraph,0.00478358,1523767.34124979,783332.41,coinmarketcap_data_api_listings_historical
2026-02-20,3799,SAFE,SafeCoin,0.05489396,1522487.30241132,0.0,coinmarketcap_data_api_listings_historical
2026-02-20,38551,CYPR,Cypher,0.01595845,1513401.92878582,1011395.08,coinmarketcap_data_api_listings_historical
2026-02-20,29516,AIKEK,Alphakek AI,0.00634719,1506309.82032648,3177.75,coinmarketcap_data_api_listings_historical
2026-02-20,11552,TALK,Talken,0.00409772,1502919.12642769,0.0,coinmarketcap_data_api_listings_historical
2026-02-20,34109,HAROLD,Harold,0.00190676,1500627.61517294,20598.07,coinmarketcap_data_api_listings_historical
2026-02-20,9212,CUMMIES,CumRocket,0.00113518,1498923.76122564,10026.25,coinmarketcap_data_api_listings_historical
2026-02-20,38047,EQIXon,Equinix Tokenized Stock (Ondo),935.94745283,1495388.73079176,1.81,coinmarketcap_data_api_listings_historical
2026-02-20,5125,MCM,Mochimo,0.05318382,1489189.45772129,240.38,coinmarketcap_data_api_listings_historical
2026-02-20,10821,STARL,Starlink,1.5e-07,1487096.79454178,12686.12,coinmarketcap_data_api_listings_historical
2026-02-20,39194,JINDO,JINDOGE,0.00148485,1484854.16261113,41216.97,coinmarketcap_data_api_listings_historical
2026-02-20,25101,SCS,Solcasino Token,0.00120723,1481207.09818151,616.36,coinmarketcap_data_api_listings_historical
2026-02-20,31196,STORM,Storm Trade,0.00572736,1478970.61981793,152644.51,coinmarketcap_data_api_listings_historical
2026-02-20,31259,FOXSY,Foxsy AI,0.0016435,1473495.84724521,352367.82,coinmarketcap_data_api_listings_historical
2026-02-20,29633,GROW,ValleyDAO,0.13858648,1472522.97565344,0.0,coinmarketcap_data_api_listings_historical
2026-02-20,3142,BAAS,BaaSid,0.00014687,1468676.1728503,45504.33,coinmarketcap_data_api_listings_historical
2026-02-20,33924,TEA,Tea-Fi,0.02933935,1467260.78732966,235948.78,coinmarketcap_data_api_listings_historical
2026-02-20,37695,ANDURIL,Anduril tokenized stock (PreStocks),127.99934893,1465567.58773423,1534710.11,coinmarketcap_data_api_listings_historical
2026-02-20,2143,DATA,Streamr,0.00115952,1464599.87806613,1118565.81,coinmarketcap_data_api_listings_historical
2026-02-20,5326,ORC,Orbit Chain,0.00210609,1455223.53157709,0.0,coinmarketcap_data_api_listings_historical
2026-02-20,35734,CaptainBNB,CaptainBNB,0.00165161,1444749.56487386,155826.36,coinmarketcap_data_api_listings_historical
2026-02-20,3218,NRG,Energi,0.01388308,1435420.12820231,26681.04,coinmarketcap_data_api_listings_historical
2026-02-20,9103,GMEE,GAMEE,0.00080513,1420487.35079176,313021.4,coinmarketcap_data_api_listings_historical
2026-02-20,2827,SOUL,Phantasma,0.01142177,1417775.56842223,53406.93,coinmarketcap_data_api_listings_historical
2026-02-20,39445,memes,memes will continue,0.00140992,1409923.76380835,4103116.42,coinmarketcap_data_api_listings_historical
2026-02-20,4424,XDAG,XDAG,0.00109952,1408931.14134515,274733.3,coinmarketcap_data_api_listings_historical
2026-02-20,21122,KLEVA,KLEVA Protocol,0.02033487,1401470.11980209,167484.9,coinmarketcap_data_api_listings_historical
2026-02-20,31493,MOEW,donotfomoew,0.00022577,1399777.81809713,393843.85,coinmarketcap_data_api_listings_historical
2026-02-20,37671,OPENAI,OpenAI tokenized stock (PreStocks),1220.2727767,1399561.89585097,1052162.22,coinmarketcap_data_api_listings_historical
2026-02-20,17610,WAMPL,Wrapped Ampleforth,0.96420376,1399389.05556817,52453.52,coinmarketcap_data_api_listings_historical
2026-02-20,38776,PENGO,Petro Penguins,0.0013913,1391293.97592014,20442.11,coinmarketcap_data_api_listings_historical
2026-02-20,9176,RVF,RocketX exchange,0.01482558,1389027.97969021,195.99,coinmarketcap_data_api_listings_historical
2026-02-20,3826,TOP,TOP AI Network,9.593e-05,1381403.95421849,49259.7,coinmarketcap_data_api_listings_historical
2026-02-20,16817,WEGLD,Wrapped EGLD,4.60269877,1380809.62987786,243300.98,coinmarketcap_data_api_listings_historical
2026-02-20,12515,GRACY,Gracy,0.00724369,1376301.97973775,44152.0,coinmarketcap_data_api_listings_historical
2026-02-20,37038,LLYX,Eli Lilly tokenized stock (xStock),1034.53733102,1372831.02304866,80634.43,coinmarketcap_data_api_listings_historical
2026-02-20,8357,BITCI,Bitcicoin,0.0001779,1371402.74952503,0.0,coinmarketcap_data_api_listings_historical
2026-02-20,6950,PERP,Perpetual Protocol,0.02076817,1370743.97476642,447881.75,coinmarketcap_data_api_listings_historical
2026-02-20,38089,MRVLon,Marvell Technology Tokenized Stock (Ondo),79.27399361,1370614.21609596,739882.69,coinmarketcap_data_api_listings_historical
2026-02-20,38091,BAon,Boeing Tokenized Stock (Ondo),232.11955641,1370089.10058106,200665.29,coinmarketcap_data_api_listings_historical
2026-02-20,39012,GIGL,Giggle Panda,0.00136972,1369716.4181193,73833.17,coinmarketcap_data_api_listings_historical
2026-02-20,36738,MAIV,Multi Asset Investment Vehicle,0.00081661,1366985.18077401,175.79,coinmarketcap_data_api_listings_historical
2026-02-20,6283,BLY,Blocery,0.00136621,1366209.31782203,140491.21,coinmarketcap_data_api_listings_historical
2026-02-20,4758,DF,dForce,0.00136462,1364522.13764087,193855.86,coinmarketcap_data_api_listings_historical
2026-02-20,34512,CLEAR,Everclear,0.00191802,1361461.21018231,28303.64,coinmarketcap_data_api_listings_historical
2026-02-20,21473,DIONE,Dione Protocol,0.00011413,1359547.42551082,19903.39,coinmarketcap_data_api_listings_historical
2026-02-20,20701,WEVER,Wrapped Everscale,0.00333903,1358343.72901925,5660.26,coinmarketcap_data_api_listings_historical
2026-02-20,1866,BTM,BytomDAO,0.00087619,1358212.19716786,0.0,coinmarketcap_data_api_listings_historical
2026-02-20,35082,WCO,W Coin,0.00020817,1356416.3670042,237383.0,coinmarketcap_data_api_listings_historical
2026-02-20,3703,ADM,ADAMANT Messenger,0.01228496,1355900.71482542,121200.96,coinmarketcap_data_api_listings_historical
2026-02-20,38058,NKEon,Nike Tokenized Stock (Ondo),65.87277886,1355030.2394741,896395.08,coinmarketcap_data_api_listings_historical
2026-02-20,3089,AVINOC,AVINOC,0.00348017,1354635.9272275,0.0,coinmarketcap_data_api_listings_historical
2026-02-20,23365,XRPH,XRP Healthcare,0.0191307,1352706.89045961,42053.92,coinmarketcap_data_api_listings_historical
2026-02-20,13636,GMCOIN,GMCoin,0.03277747,1349890.29569595,4560.36,coinmarketcap_data_api_listings_historical
2026-02-20,27369,U2U,U2U Network,0.00088295,1347395.05235497,328234.97,coinmarketcap_data_api_listings_historical
2026-02-20,37021,AVGOX,Broadcom tokenized stock (xStock),332.47968824,1346542.73735972,1013864.94,coinmarketcap_data_api_listings_historical
2026-02-20,38081,WFCon,Wells Fargo Tokenized Stock (Ondo),89.55567561,1344486.48131634,41842.47,coinmarketcap_data_api_listings_historical
2026-02-20,10746,BSW,Biswap,0.00195449,1340435.1497803,87549.78,coinmarketcap_data_api_listings_historical
2026-02-20,38538,P,PoP Planet,0.00956887,1339641.25492906,113979.13,coinmarketcap_data_api_listings_historical
2026-02-20,34271,RIZZMAS,Rizzmas,2.69e-06,1338272.30764849,581760.18,coinmarketcap_data_api_listings_historical
2026-02-20,38523,STRIKE,StrikeBit AI,0.00636525,1336065.98576075,224548.48,coinmarketcap_data_api_listings_historical
2026-02-20,22320,HELLO,HELLO Labs,0.00181342,1326664.98626958,205110.96,coinmarketcap_data_api_listings_historical
2026-02-20,35804,WEPE,Wall Street Pepe,6.63e-06,1325824.3662906,290238.36,coinmarketcap_data_api_listings_historical
2026-02-20,36632,CRYPTO,Cryptocurrency Coin,0.00132056,1320528.59406149,37357.77,coinmarketcap_data_api_listings_historical
2026-02-20,37034,CMCSAX,Comcast tokenized stock (xStock),33.46780164,1318631.38456941,641305.92,coinmarketcap_data_api_listings_historical
2026-02-20,13914,OBT,OBT,0.00131513,1315131.41039997,60036.21,coinmarketcap_data_api_listings_historical
2026-02-20,29505,TROLL,Troll (troll.run),0.0,1314125.06613468,146202.0,coinmarketcap_data_api_listings_historical
2026-02-20,30097,FLT,Fluence,0.00508299,1312551.84893457,363371.8,coinmarketcap_data_api_listings_historical
2026-02-20,35433,SLC,Silencio,7.493e-05,1305932.4653248,152048.45,coinmarketcap_data_api_listings_historical
2026-02-20,36962,CYC,Cycle Network,0.00849375,1305488.7899402,188005.32,coinmarketcap_data_api_listings_historical
2026-02-20,8492,VSP,Vesper,0.13861679,1305029.82335165,0.0,coinmarketcap_data_api_listings_historical
2026-02-20,19709,GHUB,GemHUB,0.00972843,1303788.25754787,198960.9,coinmarketcap_data_api_listings_historical
2026-02-20,38771,42,Semantic Layer,0.0087357,1294339.62661569,1112043.59,coinmarketcap_data_api_listings_historical
2026-02-20,2530,FSN,Fusion,0.0163925,1282463.38685995,5527.73,coinmarketcap_data_api_listings_historical
2026-02-20,31510,MOTHER,Mother Iggy,0.00130039,1282367.22999435,181293.06,coinmarketcap_data_api_listings_historical
2026-02-20,37506,DELABS,Delabs Games,0.0017085,1281884.28255761,26502.99,coinmarketcap_data_api_listings_historical
2026-02-20,29212,MCN,MCN,0.10619493,1274339.19353609,105465.51,coinmarketcap_data_api_listings_historical
2026-02-20,23681,WINR,WINR Protocol,0.00178012,1268807.80037982,7389.49,coinmarketcap_data_api_listings_historical
2026-02-20,34089,RIF,Rifampicin,0.00126727,1266313.86382989,557974.37,coinmarketcap_data_api_listings_historical
2026-02-20,36710,KORI,Kori The Pom,0.00126387,1263872.0145216,996784.85,coinmarketcap_data_api_listings_historical
2026-02-20,17334,JMPT,JMPT Rewards,0.66595505,1261312.21289319,14397.92,coinmarketcap_data_api_listings_historical
2026-02-20,33595,SHOGGOTH,Shoggoth (shoggoth.monster),0.00126017,1260171.95512225,485929.1,coinmarketcap_data_api_listings_historical
2026-02-20,20789,TSUKA,Dejitaru Tsuka,0.00125618,1256175.99965789,62256.83,coinmarketcap_data_api_listings_historical
2026-02-20,21471,SSLX,StarSlax,0.00050181,1255360.30813205,196253.02,coinmarketcap_data_api_listings_historical
2026-02-20,16500,SHIBDOGE,ShibaDoge,0.0,1246024.70670556,129.22,coinmarketcap_data_api_listings_historical
2026-02-20,12319,JEWEL,DeFi Kingdoms,0.01097376,1245932.28277111,0.0,coinmarketcap_data_api_listings_historical
2026-02-20,33340,LABUBU,LABUBU SOL,0.00124356,1240752.94523113,6431830.73,coinmarketcap_data_api_listings_historical
2026-02-20,38019,COSTon,Costco Tokenized Stock (Ondo),987.36623474,1240167.12612793,1081774.38,coinmarketcap_data_api_listings_historical
2026-02-20,27993,WPOKT,Wrapped POKT,0.01448926,1238315.01594433,0.0,coinmarketcap_data_api_listings_historical
2026-02-20,6193,CREAM,Cream Finance,0.66381811,1231820.04572125,580.72,coinmarketcap_data_api_listings_historical
2026-02-20,35817,JYAI,Jerry The Turtle By Matt Furie,1.779e-05,1227566.35700732,2428511.09,coinmarketcap_data_api_listings_historical
2026-02-20,30734,ESX,EstateX,0.00128824,1222385.44101306,1691329.08,coinmarketcap_data_api_listings_historical
2026-02-20,29693,ALVA,Alvara Protocol,0.01381956,1217392.78673796,115085.57,coinmarketcap_data_api_listings_historical
2026-02-20,27276,PEPE2.0,Pepe 2.0 (pepe20.vip),0.0,1215879.214186,78342.3,coinmarketcap_data_api_listings_historical
2026-02-20,11808,WNEAR,Wrapped Near,1.05002276,1215016.14517711,6098191.32,coinmarketcap_data_api_listings_historical
2026-02-20,23917,VSC,Vyvo Coin,0.00128803,1212487.12795573,35491.67,coinmarketcap_data_api_listings_historical
2026-02-20,2998,VEX,Vexanium,0.00164734,1208556.56677585,50895.11,coinmarketcap_data_api_listings_historical
2026-02-20,9900,HODL,HODL,0.00013495,1208406.13973577,29208.92,coinmarketcap_data_api_listings_historical
2026-02-20,38064,ACNon,Accenture Tokenized Stock (Ondo),216.72311841,1207564.30912863,1746788.04,coinmarketcap_data_api_listings_historical
2026-02-20,39562,SUP,Superfluid,0.01177672,1203998.93092003,90508.05,coinmarketcap_data_api_listings_historical
2026-02-20,36846,BEE,DAOBase,0.00697494,1203256.20367415,5126.52,coinmarketcap_data_api_listings_historical
2026-02-20,15257,RISE,EverRise,1.876e-05,1198186.70156235,0.38,coinmarketcap_data_api_listings_historical
2026-02-20,36963,YURU,YURU COIN,0.15857098,1196657.70318511,195205.92,coinmarketcap_data_api_listings_historical
2026-02-20,37556,TPTU,Trading and Payment Token,0.07972512,1195876.87366731,123144.25,coinmarketcap_data_api_listings_historical
2026-02-20,18101,NBT,NanoByte Token,0.00126641,1195718.36698695,11642.66,coinmarketcap_data_api_listings_historical
2026-02-20,14339,CPH,Cypherium,0.00312186,1195519.4955799,57319.69,coinmarketcap_data_api_listings_historical
2026-02-20,9741,SLIM,Solanium,0.01191714,1191713.85977637,101564.31,coinmarketcap_data_api_listings_historical
2026-02-20,2245,PRE,Presearch,0.00300374,1191218.88037787,4808.21,coinmarketcap_data_api_listings_historical
2026-02-20,39193,AIAV,AI Avatar,0.02040374,1191209.69719548,890313.31,coinmarketcap_data_api_listings_historical
2026-02-20,31044,HEGE,Hege,0.00119066,1190486.55947465,113880.15,coinmarketcap_data_api_listings_historical
2026-02-20,32916,SHARP,Sharp,0.00044282,1189972.13519535,90401.52,coinmarketcap_data_api_listings_historical
2026-02-20,33611,RWAINC,RWA Inc.,0.00241871,1188953.34972185,204854.87,coinmarketcap_data_api_listings_historical
2026-02-20,36819,MASK,catwifmask,0.00118211,1181837.56793728,327438.76,coinmarketcap_data_api_listings_historical
2026-02-20,34872,$1,just buy $1 worth of this coin,0.00118013,1179751.89217243,434830.59,coinmarketcap_data_api_listings_historical
2026-02-20,36417,DONKEY,Donkey (DONKEY_BSC_MEME),0.00117909,1179092.41032719,1963165.67,coinmarketcap_data_api_listings_historical
2026-02-20,37058,NVOX,Novo Nordisk tokenized stock (xStock),47.31,1173288.0,13482.66,coinmarketcap_data_api_listings_historical
2026-02-20,2572,BAX,BABB,1.4e-05,1163905.71891106,3058.21,coinmarketcap_data_api_listings_historical
2026-02-20,37504,EURAU,AllUnity EUR,1.17899511,1162605.11317071,1468185.29,coinmarketcap_data_api_listings_historical
2026-02-20,30285,MUMU,Mumu the Bull (SOL),5.1e-07,1155642.67725373,322702.6,coinmarketcap_data_api_listings_historical
2026-02-20,19131,ATR,Artrade,0.00091701,1155523.65009608,382366.31,coinmarketcap_data_api_listings_historical
2026-02-20,38008,CMGon,Chipotle Tokenized Stock (Ondo),37.50671848,1148478.80436447,670264.92,coinmarketcap_data_api_listings_historical
2026-02-20,38039,UNHon,UnitedHealth Tokenized Stock (Ondo),291.82143364,1140514.23748794,1710123.28,coinmarketcap_data_api_listings_historical
2026-02-20,38038,GSon,Goldman Sachs Tokenized Stock (Ondo),923.89270275,1139053.34771741,862663.25,coinmarketcap_data_api_listings_historical
2026-02-20,16185,DINGO,Dingocoin,9.88e-06,1137623.84453261,180981.66,coinmarketcap_data_api_listings_historical
2026-02-20,9194,SAITO,Saito,0.00057068,1129544.04340485,44536.35,coinmarketcap_data_api_listings_historical
2026-02-20,38044,ABNBon,Airbnb Tokenized Stock (Ondo),127.75184703,1128566.04343623,952410.09,coinmarketcap_data_api_listings_historical
2026-02-20,31343,BRETT,Brett (ETH),0.0162382,1127255.7346947,78630.94,coinmarketcap_data_api_listings_historical
2026-02-20,38032,NFLXon,Netflix Tokenized Stock (Ondo),785.27412989,1122344.9216662,1158958.46,coinmarketcap_data_api_listings_historical
2026-02-20,2398,KEY,SelfKey,0.00018688,1121277.83686575,82585.3,coinmarketcap_data_api_listings_historical
2026-02-20,9760,STOS,Stratos,0.02888481,1120755.76026892,132492.92,coinmarketcap_data_api_listings_historical
2026-02-20,8715,TARA,Taraxa,0.00018257,1119731.68628701,105051.58,coinmarketcap_data_api_listings_historical
2026-02-20,31163,SLOTH,Slothana,0.0006548,1109970.43277618,141202.59,coinmarketcap_data_api_listings_historical
2026-02-20,36350,BTC.ℏ,Bitcoin.ℏ,0.40316639,1108966.00268247,3530.27,coinmarketcap_data_api_listings_historical
2026-02-20,22929,VERSE,Verse,2.431e-05,1107572.40984448,100.27,coinmarketcap_data_api_listings_historical
2026-02-20,18688,stMATIC,Lido Staked Matic,0.1212323,1103829.86164673,0.0,coinmarketcap_data_api_listings_historical
2026-02-20,37063,PFEX,Pfizer tokenized stock (xStock),26.21,1103439.33483205,208.48,coinmarketcap_data_api_listings_historical
2026-02-20,6756,ACA,Acala Token,0.000945,1102499.60936292,315343.27,coinmarketcap_data_api_listings_historical
2026-02-20,38222,MIDAS,Midas The Minotaur,0.0001237,1099578.73173655,28528.8,coinmarketcap_data_api_listings_historical
2026-02-20,38090,FUTUon,Futu Holdings Tokenized Stock (Ondo),155.44396606,1099402.08319952,948179.87,coinmarketcap_data_api_listings_historical
2026-02-20,34386,AGRI,AgriDex,0.00386959,1098962.89145389,10996.38,coinmarketcap_data_api_listings_historical
2026-02-20,7461,PDA,PlayDapp,0.00170889,1097492.80855556,71771.23,coinmarketcap_data_api_listings_historical
2026-02-20,34126,CHAMP,Super Champs,0.0011793,1096330.31704227,617061.96,coinmarketcap_data_api_listings_historical
2026-02-20,26732,IDRX,IDRX,5.907e-05,1094898.91315612,0.0,coinmarketcap_data_api_listings_historical
2026-02-20,35945,PWEASE,Pwease,0.00109315,1093061.20584949,460610.95,coinmarketcap_data_api_listings_historical
2026-02-20,2763,MNW,Morpheus.Network,0.02282008,1093018.26227424,11831.2,coinmarketcap_data_api_listings_historical
2026-02-20,10222,VDR,Vodra,0.00762305,1091194.85253096,52555.62,coinmarketcap_data_api_listings_historical
2026-02-20,38054,MAon,Mastercard Tokenized Stock (Ondo),527.39185399,1084149.71603184,2073948.81,coinmarketcap_data_api_listings_historical
2026-02-20,10744,ZERC,zkRace,0.00900607,1080728.03319844,11978.56,coinmarketcap_data_api_listings_historical
2026-02-20,36558,ROVR,ROVR Network,0.00501471,1079631.54872654,79305.83,coinmarketcap_data_api_listings_historical
2026-02-20,22892,NAVI,Atlas Navi,0.00665377,1075959.73267805,89437.47,coinmarketcap_data_api_listings_historical
2026-02-20,36275,SUP,Superp,0.00500467,1075651.9991086,314241.66,coinmarketcap_data_api_listings_historical
2026-02-20,1996,SALT,SALT,0.0089172,1070064.39998945,0.0,coinmarketcap_data_api_listings_historical
2026-02-20,37037,DFDVx,DFDV tokenized stock (xStock),3.77722905,1069705.43086768,648575.87,coinmarketcap_data_api_listings_historical
2026-02-20,37702,PVT,Punkvism,0.00051773,1069613.31553743,115578.22,coinmarketcap_data_api_listings_historical
2026-02-20,35732,SFI,Singularity Finance,0.00687832,1069582.84598246,130482.19,coinmarketcap_data_api_listings_historical
2026-02-20,38061,PANWon,Palo Alto Networks Tokenized Stock (Ondo),148.96588273,1069431.33166085,96544.87,coinmarketcap_data_api_listings_historical
2026-02-20,35407,EMYC,E Money,0.006538,1066263.88787581,268124.88,coinmarketcap_data_api_listings_historical
2026-02-20,31985,KINIC,Kinic,0.37096418,1064155.25889693,53661.05,coinmarketcap_data_api_listings_historical
2026-02-20,9111,PUSH,Push Protocol,0.0117905,1063933.44905297,400840.37,coinmarketcap_data_api_listings_historical
2026-02-20,14304,GMM,Gamium,2.165e-05,1059882.27526904,10554.5,coinmarketcap_data_api_listings_historical
2026-02-20,38009,ORCLon,Oracle Tokenized Stock (Ondo),148.30817036,1056826.65597398,930440.9,coinmarketcap_data_api_listings_historical
2026-02-20,30683,WUF,WUFFI,1e-08,1049692.37140135,284.0,coinmarketcap_data_api_listings_historical
2026-02-20,28910,CKETH,Chain-key Ethereum,1976.97841727,1047264.77697842,749.68,coinmarketcap_data_api_listings_historical
2026-02-20,36020,SLAY,SatLayer,0.00184459,1045879.77000176,259984.48,coinmarketcap_data_api_listings_historical
2026-02-20,31854,AEROBUD,Aerobud,0.0010748,1042556.12433363,12257.83,coinmarketcap_data_api_listings_historical
2026-02-20,23410,WCFX,Wrapped Conflux,0.05206998,1040811.7843054,21681.11,coinmarketcap_data_api_listings_historical
2026-02-20,33892,HAPPY,Happy Cat,0.00031179,1039239.39424455,315322.79,coinmarketcap_data_api_listings_historical
2026-02-20,37986,LIGHT,Light,0.0017798,1038040.3333829,0.0,coinmarketcap_data_api_listings_historical
2026-02-20,28948,CKP,Cakepie,0.58578555,1031993.8054046,6862.37,coinmarketcap_data_api_listings_historical
2026-02-20,5777,RENBTC,renBTC,3108.60007156,1025510.32270473,3.64,coinmarketcap_data_api_listings_historical
2026-02-20,7726,ICHI,ICHI,0.10926787,1024874.99994711,0.0,coinmarketcap_data_api_listings_historical
2026-02-20,35436,ALON,Alon,0.0010196,1017524.74510117,234548.44,coinmarketcap_data_api_listings_historical
2026-02-20,32386,HEHE,hehe,0.00120734,1014897.89345768,219787.37,coinmarketcap_data_api_listings_historical
2026-02-20,35900,BREW,Homebrew Robotics Club,0.00121158,1014267.48808791,0.0,coinmarketcap_data_api_listings_historical
2026-02-20,23769,RJV,Rejuve.AI,0.00131818,1013768.33317731,37915.9,coinmarketcap_data_api_listings_historical
2026-02-20,32223,LEDGER,Ledger AI,0.00052753,1012557.6038619,0.0,coinmarketcap_data_api_listings_historical
2026-02-20,5634,FUSE,Fuse,0.0045942,1010182.40176599,283935.77,coinmarketcap_data_api_listings_historical
2026-02-20,35589,AINTI,AIntivirus,0.0109268,1006845.81050744,228050.25,coinmarketcap_data_api_listings_historical
2026-02-20,3035,BST,Blocksquare Token,0.01629389,1001656.14655624,125371.73,coinmarketcap_data_api_listings_historical
2026-02-20,11451,SDN,Shiden Network,0.01468707,1001512.23380639,1479.06,coinmarketcap_data_api_listings_historical
2026-02-20,24591,SGT,Suzuverse,0.0993357,998614.50683717,210556.73,coinmarketcap_data_api_listings_historical
2026-02-20,35687,JAILSTOOL,Stool Prisondente,0.00098756,987246.96866467,235284.16,coinmarketcap_data_api_listings_historical
2026-02-20,30943,$MICHI,michi (SOL),0.00176678,981872.59625748,955999.29,coinmarketcap_data_api_listings_historical
2026-02-20,37030,JNJX,Johnson & Johnson tokenized stock (xStock),245.25,980999.45675163,313.63,coinmarketcap_data_api_listings_historical
2026-02-20,37682,XAI,xAI tokenized stock (PreStocks),89.56990753,980461.16816143,22343.42,coinmarketcap_data_api_listings_historical
2026-02-20,38988,恶俗企鹅,三维威廉泰尔企鹅 (Vulgar Penguin),0.0009801,980102.77140286,567656.93,coinmarketcap_data_api_listings_historical
2026-02-20,38775,COMMON,COMMON,0.00041844,977681.8150207,976352.23,coinmarketcap_data_api_listings_historical
2026-02-20,28478,MOCHI,Mochi (New),1.04e-06,977649.48359086,8508.89,coinmarketcap_data_api_listings_historical
2026-02-20,35767,LIBRA,LIBRA,0.00325712,977093.3611306,0.0,coinmarketcap_data_api_listings_historical
2026-02-20,37996,SMCIon,Super Micro Computer Tokenized Stock (Ondo),32.30720087,974287.94015636,836366.82,coinmarketcap_data_api_listings_historical
2026-02-20,29427,stTIA,Stride Staked TIA,0.37027841,972326.67635157,0.0,coinmarketcap_data_api_listings_historical
2026-02-20,12398,SNFT,Spain National Fan Token,0.04239311,970949.46896762,91016.65,coinmarketcap_data_api_listings_historical
2026-02-20,34739,RENTA,Renta Network,0.00219381,967955.81849246,148942.38,coinmarketcap_data_api_listings_historical
2026-02-20,3714,EQTY,EQTY,0.00332423,967499.26665373,163041.45,coinmarketcap_data_api_listings_historical
2026-02-20,5338,CUBE,Somnium Space Cubes,0.07708439,963554.92662589,15151.93,coinmarketcap_data_api_listings_historical
2026-02-20,38156,MEFAI,META FINANCIAL AI,0.00166281,961398.21093146,252239.83,coinmarketcap_data_api_listings_historical
2026-02-20,34203,SLAP,CatSlap,0.00021884,956556.08744998,0.0,coinmarketcap_data_api_listings_historical
2026-02-20,11420,JAM,Tune.FM,3.197e-05,949776.3026605,8480.79,coinmarketcap_data_api_listings_historical
2026-02-20,32832,BULL,Tron Bull,0.000999,949325.81524942,0.0,coinmarketcap_data_api_listings_historical
2026-02-20,38315,POP,Zypher Network,0.00053855,949194.74815647,468866.39,coinmarketcap_data_api_listings_historical
2026-02-20,8133,SKEY,Skey Network,0.00175152,945799.8775017,218046.3,coinmarketcap_data_api_listings_historical
2026-02-20,27009,UNIBOT,UniBot,0.9440682,944068.19857305,69678.83,coinmarketcap_data_api_listings_historical
2026-02-20,29999,CHKN,Chickencoin,1e-08,942742.26028809,76661.68,coinmarketcap_data_api_listings_historical
2026-02-20,15134,AVL,Aston Villa Fan Token,0.13848961,941689.87508396,71155.17,coinmarketcap_data_api_listings_historical
2026-02-20,10440,LZM,LoungeM,0.00622256,939848.62414877,146.51,coinmarketcap_data_api_listings_historical
2026-02-20,38052,JDon,JD.com Tokenized Stock (Ondo),27.39152634,938957.16445885,861935.44,coinmarketcap_data_api_listings_historical
2026-02-20,36969,END,END,0.0074658,938896.57850052,0.0,coinmarketcap_data_api_listings_historical
2026-02-20,38077,AXPon,American Express Tokenized Stock (Ondo),346.00736483,936575.67511638,53157.75,coinmarketcap_data_api_listings_historical
2026-02-20,36853,U,U,0.00094265,936386.25745416,132409.59,coinmarketcap_data_api_listings_historical
2026-02-20,38267,AI3,Autonomys Network,0.01062058,933068.32467666,43888.84,coinmarketcap_data_api_listings_historical
2026-02-20,10079,QDX,Quidax Token,0.01211285,932689.21587508,2327.05,coinmarketcap_data_api_listings_historical
2026-02-20,24484,SABAI,Sabai Protocol,0.00170628,932263.18907563,513801.91,coinmarketcap_data_api_listings_historical
2026-02-20,38025,NOWon,ServiceNow Tokenized Stock (Ondo),521.49136703,930513.42392521,1003503.69,coinmarketcap_data_api_listings_historical
2026-02-20,34110,GOUT,GOUT,8.36e-06,930358.85857038,5026.46,coinmarketcap_data_api_listings_historical
2026-02-20,38080,DISon,Disney Tokenized Stock (Ondo),105.91541356,929346.76377983,15.99,coinmarketcap_data_api_listings_historical
2026-02-20,38594,PALU,Palu,0.00092823,928227.92982465,587076.02,coinmarketcap_data_api_listings_historical
2026-02-20,2474,MAN,Matrix AI Network,0.00196036,927485.59369965,19512.07,coinmarketcap_data_api_listings_historical
2026-02-20,18795,KOMPETE,KOMPETE,0.00123327,926030.09533636,0.0,coinmarketcap_data_api_listings_historical
2026-02-20,37045,UNHX,UnitedHealth tokenized stock (xStock),293.81114318,925505.06107306,19549.17,coinmarketcap_data_api_listings_historical
2026-02-20,32926,MAK,MetaCene,0.0017734,924087.14284668,16937.23,coinmarketcap_data_api_listings_historical
2026-02-20,5079,APM,apM Coin,0.00050869,922007.00632023,0.0,coinmarketcap_data_api_listings_historical
2026-02-20,21781,STRD,Stride,0.02272552,919314.58188898,2229.58,coinmarketcap_data_api_listings_historical
2026-02-20,11308,FB,Fenerbahçe Token,0.42150209,918874.54625478,2903867.64,coinmarketcap_data_api_listings_historical
2026-02-20,11245,LAND,Landshare,0.17185193,918094.16702456,24038.13,coinmarketcap_data_api_listings_historical
2026-02-20,37054,MRKX,Merck tokenized stock (xStock),122.04,915300.0,259.84,coinmarketcap_data_api_listings_historical
2026-02-20,37025,GSX,Goldman Sachs tokenized stock (xStock),914.68,914680.0,487.92,coinmarketcap_data_api_listings_historical
2026-02-20,38088,HYGon,iBoxx $ High Yield Corporate Bond Tokenized ETF (Ondo),83.25046967,911305.25668735,50.01,coinmarketcap_data_api_listings_historical
2026-02-20,37031,JPMX,JPMorgan Chase tokenized stock (xStock),310.97,901813.0,100.65,coinmarketcap_data_api_listings_historical
2026-02-20,30841,UNCOMMONGOODS,UNCOMMON•GOODS,0.01298502,900498.6601515,1992.63,coinmarketcap_data_api_listings_historical
2026-02-20,35829,TRUU,Truth,7.386e-05,897325.78346417,288094.01,coinmarketcap_data_api_listings_historical
2026-02-20,21453,OMNOM,Doge Eat Doge,0.0,890473.69831,56109.09,coinmarketcap_data_api_listings_historical
2026-02-20,29291,PANDORA,Pandora,88.80104563,888010.45628602,0.67,coinmarketcap_data_api_listings_historical
2026-02-20,38010,PYPLon,PayPal Tokenized Stock (Ondo),41.75359427,884807.03751786,75415.82,coinmarketcap_data_api_listings_historical
2026-02-20,29456,DTEC,Dtec,0.00721588,884257.72320485,171390.57,coinmarketcap_data_api_listings_historical
2026-02-20,19018,CHO,Choise.ai,0.0018989,883360.95424757,140653.56,coinmarketcap_data_api_listings_historical
2026-02-20,36772,GPU,GPUnet,0.08674873,882164.04314206,214.2,coinmarketcap_data_api_listings_historical
2026-02-20,2700,CEL,Celsius,0.02335107,880805.12739727,145382.88,coinmarketcap_data_api_listings_historical
2026-02-20,17545,CPR,Cipher,0.0001357,877643.96179033,240765.5,coinmarketcap_data_api_listings_historical
2026-02-20,21704,CARR,Carnomaly,0.00050115,877004.21381882,14499.9,coinmarketcap_data_api_listings_historical
2026-02-20,31337,BEER,BEERCOIN,1.59e-06,876314.07102061,24713.41,coinmarketcap_data_api_listings_historical
2026-02-20,3507,MBC,MicroBitcoin,1.56e-05,875276.49309012,0.0,coinmarketcap_data_api_listings_historical
2026-02-20,32125,COIN,8-Bit Coin,2.914e-05,874271.02100106,0.0,coinmarketcap_data_api_listings_historical
2026-02-20,36233,COCORO,Cocoro (officialcocoro.com),0.0010958,873623.58024457,427602.96,coinmarketcap_data_api_listings_historical
2026-02-20,14422,HTD,HeroesTD,0.0019003,865179.8365905,0.0,coinmarketcap_data_api_listings_historical
2026-02-20,29203,LRDS,BLOCKLORDS,0.02096014,864921.66569928,113189.56,coinmarketcap_data_api_listings_historical
2026-02-20,10984,WITCH,Witch Token,0.03158842,862343.78655122,19072.85,coinmarketcap_data_api_listings_historical
2026-02-20,3874,IRIS,IRISnet,0.00052784,862070.68161986,109151.71,coinmarketcap_data_api_listings_historical
2026-02-20,38079,INTUon,Intuit Tokenized Stock (Ondo),382.75011137,861504.84967265,76510.82,coinmarketcap_data_api_listings_historical
2026-02-20,37044,TQQQX,TQQQ tokenized ETF (xStock),49.58425377,860284.65957585,51254.51,coinmarketcap_data_api_listings_historical
2026-02-20,29079,WELSH,Welshcorgicoin,8.597e-05,859685.61711856,55798.29,coinmarketcap_data_api_listings_historical
2026-02-20,13319,MENGO,Flamengo Fan Token,0.05474511,859340.29483163,95267.19,coinmarketcap_data_api_listings_historical
2026-02-20,4074,SCP,ScPrime,0.01786214,859099.4401485,3631.57,coinmarketcap_data_api_listings_historical
2026-02-20,8894,DPR,Deeper Network,0.0002597,858510.63520758,26715.58,coinmarketcap_data_api_listings_historical
2026-02-20,31979,SHRUB,Shrub,0.00090851,855979.10914147,357146.15,coinmarketcap_data_api_listings_historical
2026-02-20,34591,RAI,Reploy,0.08541772,854177.23710961,685185.37,coinmarketcap_data_api_listings_historical
2026-02-20,6622,HAKKA,Hakka.Finance,0.00217444,851376.29160942,0.83,coinmarketcap_data_api_listings_historical
2026-02-20,26413,NBLU,NuriTopia,0.00034733,851025.24157875,59336.3,coinmarketcap_data_api_listings_historical
2026-02-20,35867,LCAT,Lion Cat,0.00164434,850948.0941283,9969.23,coinmarketcap_data_api_listings_historical
2026-02-20,3667,AWC,Atomic Wallet Coin,0.08018908,850297.62539243,0.0,coinmarketcap_data_api_listings_historical
2026-02-20,27195,XNA,Neurai,5.098e-05,842184.04943581,88983.92,coinmarketcap_data_api_listings_historical
2026-02-20,38346,PANDU,Pandu Pandas,8.74e-06,842083.55920882,557224.61,coinmarketcap_data_api_listings_historical
2026-02-20,37386,TAKER,Taker,0.00495033,841555.33474409,647985.35,coinmarketcap_data_api_listings_historical
2026-02-20,38476,GAIN,Griffin AI,0.00188422,838477.45479697,557319.0,coinmarketcap_data_api_listings_historical
2026-02-20,31037,RC,Rebel Cars,0.00406154,838115.91966305,67544.03,coinmarketcap_data_api_listings_historical
2026-02-20,17464,STRM,StreamCoin,0.00056123,837705.74385839,109501.7,coinmarketcap_data_api_listings_historical
2026-02-20,38078,DASHon,DoorDash Tokenized Stock (Ondo),177.02233531,835939.83594218,3170.97,coinmarketcap_data_api_listings_historical
2026-02-20,10729,UFO,UFO Gaming,3e-08,830203.91083333,6.24,coinmarketcap_data_api_listings_historical
2026-02-20,30156,SNSY,Sensay,0.00015924,828991.63993423,562520.71,coinmarketcap_data_api_listings_historical
2026-02-20,36212,SOLVEX,SOLVEX NETWORK,0.02091472,826129.76209635,96614.55,coinmarketcap_data_api_listings_historical
2026-02-20,22353,SHM,Shardeum,9.482e-05,824890.254753,389103.21,coinmarketcap_data_api_listings_historical
2026-02-20,32888,LIQ,LIQUIDIUM•TOKEN,0.03773779,823712.59439658,68004.74,coinmarketcap_data_api_listings_historical
2026-02-20,38004,HOODon,Robinhood Markets Tokenized Stock (Ondo),76.08201525,821528.020301,3875396.51,coinmarketcap_data_api_listings_historical
2026-02-20,38048,QCOMon,Qualcomm Tokenized Stock (Ondo),144.06109402,817165.26589351,791578.6,coinmarketcap_data_api_listings_historical
2026-02-20,38402,JOJO,JoJoWorld,0.00728997,816476.86280133,229398.32,coinmarketcap_data_api_listings_historical
2026-02-20,33608,OSCAR,OSCAR,0.00091308,816112.6601404,132572.52,coinmarketcap_data_api_listings_historical
2026-02-20,3853,MTV,MultiVAC,0.0002273,815414.18459369,132299.83,coinmarketcap_data_api_listings_historical
2026-02-20,37623,XCX,Xeleb Protocol,0.00752619,815086.56149026,339059.64,coinmarketcap_data_api_listings_historical
2026-02-20,8977,CWIF,catwifhat,3e-08,813223.75823652,13222.24,coinmarketcap_data_api_listings_historical
2026-02-20,5471,GHOST,Ghost,0.02823446,811783.95181728,0.0,coinmarketcap_data_api_listings_historical
2026-02-20,38074,SPGIon,S&P Global Tokenized Stock (Ondo),413.65347728,811606.50569865,0.0,coinmarketcap_data_api_listings_historical
2026-02-20,25612,EMR,Emorya Finance,0.00096365,807165.47060317,290619.14,coinmarketcap_data_api_listings_historical
2026-02-20,39568,XPASS,X-PASS,0.00834242,805877.4067729,155431.37,coinmarketcap_data_api_listings_historical
2026-02-20,37018,AZNX,AstraZeneca tokenized stock (xStock),107.11152749,803336.35380508,642542.84,coinmarketcap_data_api_listings_historical
2026-02-20,37011,ABBVX,AbbVie tokenized stock (xStock),236.24795793,803243.05696802,25255.54,coinmarketcap_data_api_listings_historical
2026-02-20,24698,HYPC,HyperCycle,0.00516601,801365.11630328,0.0,coinmarketcap_data_api_listings_historical
2026-02-20,11023,WKCS,Wrapped KuCoin Token,8.37926385,800984.68234278,0.0,coinmarketcap_data_api_listings_historical
2026-02-20,38023,CRMon,Salesforce Tokenized Stock (Ondo),185.57563204,800848.4399014,825932.66,coinmarketcap_data_api_listings_historical
2026-02-20,29429,stOSMO,Stride Staked OSMO,0.05157756,799732.97504394,0.0,coinmarketcap_data_api_listings_historical
2026-02-20,2387,BCA,Bitcoin Atom,0.04317086,795161.17965351,0.0,coinmarketcap_data_api_listings_historical
2026-02-20,39409,哭哭马,错版马,0.00079401,794010.48291762,530189.58,coinmarketcap_data_api_listings_historical
2026-02-20,18919,QOM,Shiba Predator,0.0,793668.77337062,0.0,coinmarketcap_data_api_listings_historical
2026-02-20,17285,USDs,Sperax USD,1.06595166,793229.96426872,97839.01,coinmarketcap_data_api_listings_historical
2026-02-20,27736,EXA,Exactly Protocol,0.17543701,792751.90094432,1152.19,coinmarketcap_data_api_listings_historical
2026-02-20,37596,RICE,RICE AI,0.00374457,792080.95420994,242801.47,coinmarketcap_data_api_listings_historical
2026-02-20,39247,PDDon,PDD Holdings Tokenized Stock (Ondo),105.23684941,788580.26099406,874843.71,coinmarketcap_data_api_listings_historical
2026-02-20,21415,WWDOGE,Wrapped WDOGE,0.12233257,788561.96287653,27825.76,coinmarketcap_data_api_listings_historical
2026-02-20,37471,LN,Lnfi Network,0.00751271,787725.83637906,77852.07,coinmarketcap_data_api_listings_historical
2026-02-20,38024,ADBEon,Adobe Tokenized Stock (Ondo),258.29106235,786422.13357077,877308.45,coinmarketcap_data_api_listings_historical
2026-02-20,5919,MTRG,Meter Governance,0.02432236,785036.03131685,63215.53,coinmarketcap_data_api_listings_historical
2026-02-20,13272,CREDI,Credefi,0.00104392,781448.32203799,46509.15,coinmarketcap_data_api_listings_historical
2026-02-20,4197,SHR,ShareToken,0.00021613,781187.334742,133443.87,coinmarketcap_data_api_listings_historical
2026-02-20,38073,PLTRon,Palantir Technologies Tokenized Stock (Ondo),134.94588203,778844.41848276,5904236.02,coinmarketcap_data_api_listings_historical
2026-02-20,38069,UBERon,Uber Tokenized Stock (Ondo),73.87163033,776373.0214873,809536.45,coinmarketcap_data_api_listings_historical
2026-02-20,25179,TURBOS,Turbos Finance,0.00011676,772937.57308079,43477.7,coinmarketcap_data_api_listings_historical
2026-02-20,36236,PRAI,Privasea AI,0.00266594,772819.29450504,195525.12,coinmarketcap_data_api_listings_historical
2026-02-20,36225,DPINO,Darkpino,0.00077724,770895.62998053,0.0,coinmarketcap_data_api_listings_historical
2026-02-20,38707,RVV,Astra Nova,0.00023421,768341.68820806,1638628.48,coinmarketcap_data_api_listings_historical
2026-02-20,34854,YNE,yesnoerror,0.00076564,765634.4915828,314480.14,coinmarketcap_data_api_listings_historical
2026-02-20,29350,VSG,Vector Smart Gas,7.65e-05,764964.30456972,154243.26,coinmarketcap_data_api_listings_historical
2026-02-20,25715,MNTC,Minati Coin,0.12154089,762669.11605392,8332.18,coinmarketcap_data_api_listings_historical
2026-02-20,3704,VSYS,v.systems,0.00020989,760518.78314826,378351.77,coinmarketcap_data_api_listings_historical
2026-02-20,6591,SBET,Sportbet.one Token,0.00601869,759080.96189737,74455.65,coinmarketcap_data_api_listings_historical
2026-02-20,38097,MELIon,MercadoLibre Tokenized Stock (Ondo),2009.05082512,754382.08096394,68326.33,coinmarketcap_data_api_listings_historical
2026-02-20,33441,DOLAN,Dolan Duck,0.00764909,751410.33532956,96309.21,coinmarketcap_data_api_listings_historical
2026-02-20,26032,CAH,Moon Tropica,0.25083635,750627.76291776,1490.59,coinmarketcap_data_api_listings_historical
2026-02-20,29930,IVPAY,IVPAY,0.00081269,750280.52828984,144988.35,coinmarketcap_data_api_listings_historical
2026-02-20,5798,RING,RingDAO,0.00043747,747060.5816755,9188.43,coinmarketcap_data_api_listings_historical
2026-02-20,17000,CREO,Creo Engine,0.00108321,746208.12932242,992229.71,coinmarketcap_data_api_listings_historical
2026-02-20,5159,WEST,Waves Enterprise,0.00331573,746038.4136004,8355.59,coinmarketcap_data_api_listings_historical
2026-02-20,39169,NOTHING,You’ll own nothing & be happy,0.00074529,745226.2277474,206813.48,coinmarketcap_data_api_listings_historical
2026-02-20,20009,DCK,DexCheck AI,0.00109543,742937.91245537,245221.17,coinmarketcap_data_api_listings_historical
2026-02-20,9892,YOOSHI,YooShi,0.0,742886.01491478,0.0,coinmarketcap_data_api_listings_historical
2026-02-20,38059,ARMon,Arm Holdings plc Tokenized Stock (Ondo),125.3138163,742694.87366657,955012.12,coinmarketcap_data_api_listings_historical
2026-02-20,39397,CLIPPY,Clippy (kevanjatt),0.00074261,742586.16278598,330903.78,coinmarketcap_data_api_listings_historical
2026-02-20,7672,UNFI,Unifi Protocol DAO,0.0774331,739381.56667822,241409.16,coinmarketcap_data_api_listings_historical
2026-02-20,10563,DCB,Decubate,0.00194471,739046.68469744,36685.12,coinmarketcap_data_api_listings_historical
2026-02-20,5070,XTP,Tap,0.00059977,738863.38166976,1958.06,coinmarketcap_data_api_listings_historical
2026-02-20,27103,FACT,FACTOR,0.64712057,738303.27129854,7021.42,coinmarketcap_data_api_listings_historical
2026-02-20,10891,LIKE,LIKE,0.00222924,738234.02256375,219973.4,coinmarketcap_data_api_listings_historical
2026-02-20,38653,FLK,Fleek,0.03685766,737153.26049104,916606.15,coinmarketcap_data_api_listings_historical
2026-02-20,5804,DFI,DeFiChain,0.00088814,736212.72767973,415.11,coinmarketcap_data_api_listings_historical
2026-02-20,38095,APOon,Apollo Global Management Tokenized Stock (Ondo),119.36174687,735374.9270788,494.13,coinmarketcap_data_api_listings_historical
2026-02-20,37040,PGX,Procter & Gamble tokenized stock (xStock),161.60796867,735316.25745157,301889.9,coinmarketcap_data_api_listings_historical
2026-02-20,38637,BNBHOLDER,币安Holder,0.00073446,734457.52662381,401444.93,coinmarketcap_data_api_listings_historical
2026-02-20,2231,FLIXX,Flixxo,0.00870665,734176.77610355,0.01,coinmarketcap_data_api_listings_historical
2026-02-20,29547,MASA,Masa,0.000592,729190.01883228,59134.24,coinmarketcap_data_api_listings_historical
2026-02-20,31401,EAI,Eternal AI,0.00229271,728242.1225712,8162.41,coinmarketcap_data_api_listings_historical
2026-02-20,38597,XCL,Xcellar,0.00077977,727528.02616992,116166.56,coinmarketcap_data_api_listings_historical
2026-02-20,38261,WBAI,WhiteBridge Network,0.00336709,725461.31314331,351977.22,coinmarketcap_data_api_listings_historical
2026-02-20,1828,SMART,SmartCash,0.00051224,724237.20040225,0.11,coinmarketcap_data_api_listings_historical
2026-02-20,30177,LNQ,LinqAI,0.0024903,722934.56917973,175561.48,coinmarketcap_data_api_listings_historical
2026-02-20,24594,BOB,BOB (ETH),1.05e-06,722655.77370488,130322.03,coinmarketcap_data_api_listings_historical
2026-02-20,38681,修仙,修仙,0.00072244,722439.97283429,406885.3,coinmarketcap_data_api_listings_historical
2026-02-20,9665,DPET,My DeFi Pet,0.01669611,721311.21011396,27414.64,coinmarketcap_data_api_listings_historical
2026-02-20,28660,LVN,Levana Protocol,0.00089504,718733.59462378,0.0,coinmarketcap_data_api_listings_historical
2026-02-20,11877,GAL,GAL (migrated to Gravity - G),0.26975602,715564.35845569,0.0,coinmarketcap_data_api_listings_historical
2026-02-20,22944,ankrBNB,Ankr Staked BNB,688.04480165,711813.01256717,541.09,coinmarketcap_data_api_listings_historical
2026-02-20,27112,PNP,Penpie,0.47185787,710580.20290544,0.0,coinmarketcap_data_api_listings_historical
2026-02-20,32543,RIZO,HahaYes,1.68e-06,704752.22279956,17338.28,coinmarketcap_data_api_listings_historical
2026-02-20,8708,BDP,Big Data Protocol,0.01333096,704669.14978031,92306.38,coinmarketcap_data_api_listings_historical
2026-02-20,3617,ILC,ILCOIN,0.00068363,702530.48765145,0.0,coinmarketcap_data_api_listings_historical
2026-02-20,15131,EFC,Everton Fan Token,0.09982531,698695.54629692,66152.24,coinmarketcap_data_api_listings_historical
2026-02-20,13039,ZKL,zkLink,0.00149704,698257.88674765,347567.96,coinmarketcap_data_api_listings_historical
2026-02-20,34573,AUTOS,CryptoAutos,0.00091585,697410.62281693,2361.26,coinmarketcap_data_api_listings_historical
2026-02-20,34794,ISLAND,ISLAND Token,0.00469921,695602.57222592,206854.72,coinmarketcap_data_api_listings_historical
2026-02-20,12043,OCT,Omnity Convertible Token,0.00694345,694345.00310786,60264.8,coinmarketcap_data_api_listings_historical
2026-02-20,30544,BCCOIN,BlackCardCoin,0.06941492,694149.20431891,209664.6,coinmarketcap_data_api_listings_historical
2026-02-20,5541,CHI,Xaya,0.01192921,693706.0341653,3478.07,coinmarketcap_data_api_listings_historical
2026-02-20,39372,人生K线,人生K线,0.00069367,693669.41117709,1180697.09,coinmarketcap_data_api_listings_historical
2026-02-20,37052,MCDX,McDonald's tokenized stock (xStock),330.83620365,692417.57424907,3939697.39,coinmarketcap_data_api_listings_historical
2026-02-20,17704,MV,GensoKishi Metaverse,0.00184096,691502.84818402,219314.98,coinmarketcap_data_api_listings_historical
2026-02-20,28348,MPT,MiraclePlay,0.00054933,688385.40748049,94632.21,coinmarketcap_data_api_listings_historical
2026-02-20,36390,gork,New XAI gork,0.00068599,685985.32970657,235102.18,coinmarketcap_data_api_listings_historical
2026-02-20,36143,IMGN,IMGN Labs,0.00080599,685513.73391904,74039.47,coinmarketcap_data_api_listings_historical
2026-02-20,37017,APPX,AppLovin tokenized stock (xStock),442.13,685301.5,594.71,coinmarketcap_data_api_listings_historical
2026-02-20,36171,RFC,Retard Finder Coin,0.00071237,684982.60177151,838883.04,coinmarketcap_data_api_listings_historical
2026-02-20,3750,XPC,eXPerience Chain,7.48e-06,681098.2109568,0.0,coinmarketcap_data_api_listings_historical
2026-02-20,36397,MAT,Matchain,0.04950634,680993.50204258,1020845.39,coinmarketcap_data_api_listings_historical
2026-02-20,36605,ZEUS,Pepes Dog,0.0,679483.46473941,730982.39,coinmarketcap_data_api_listings_historical
2026-02-20,24851,POOH,POOH,0.0,679167.71333577,57119.18,coinmarketcap_data_api_listings_historical
2026-02-20,35064,SNAI,SwarmNode.ai,0.00067781,677808.33860467,81394.08,coinmarketcap_data_api_listings_historical
2026-02-20,11871,GZONE,GameZone,0.00080452,675895.21163797,9166.41,coinmarketcap_data_api_listings_historical
2026-02-20,38217,TEN,TEN Protocol,0.00753884,672641.82857378,275453.8,coinmarketcap_data_api_listings_historical
2026-02-20,37064,PEPX,PepsiCo tokenized stock (xStock),167.67145954,670685.83816841,20264.8,coinmarketcap_data_api_listings_historical
2026-02-20,39360,黑马,黑马,0.00067065,670648.77651448,561084.03,coinmarketcap_data_api_listings_historical
2026-02-20,37033,KOX,Coca-Cola tokenized stock (xStock),77.74179385,668579.15282898,91863.99,coinmarketcap_data_api_listings_historical
2026-02-20,39341,CAI,CharacterX,0.03957792,667300.15631615,32264.91,coinmarketcap_data_api_listings_historical
2026-02-20,506,CANN,CannabisCoin,0.00206512,663160.06051332,0.0,coinmarketcap_data_api_listings_historical
2026-02-20,37022,CVXX,Chevron tokenized stock (xStock),184.2,663120.0,757.55,coinmarketcap_data_api_listings_historical
2026-02-20,37283,QBIT,Qubit,0.00066713,662122.86490719,0.0,coinmarketcap_data_api_listings_historical
2026-02-20,11528,VCF,Valencia CF Fan Token,0.1001597,660978.90753052,33971.57,coinmarketcap_data_api_listings_historical
2026-02-20,34406,FRIC,Fric,0.00065955,659550.14063564,3974.5,coinmarketcap_data_api_listings_historical
2026-02-20,30692,INTELLIQUE,KARASOU,0.86775414,656536.84099631,0.0,coinmarketcap_data_api_listings_historical
2026-02-20,37032,CSCOX,Cisco tokenized stock (xStock),80.47914062,655904.99606159,22432.09,coinmarketcap_data_api_listings_historical
2026-02-20,36151,Ghibli,Ghiblification,0.00065532,655223.46924411,209869.66,coinmarketcap_data_api_listings_historical
2026-02-20,7535,KP3R,Keep3rV1,1.540248,654879.56483483,63467.06,coinmarketcap_data_api_listings_historical
2026-02-20,33694,LUCE,LUCE,0.00065262,652616.70744196,251298.52,coinmarketcap_data_api_listings_historical
2026-02-20,15721,MCRT,MagicCraft,0.00012893,649605.51286788,606208.11,coinmarketcap_data_api_listings_historical
2026-02-20,2847,ABYSS,Abyss,0.00283658,649586.55566972,0.0,coinmarketcap_data_api_listings_historical
2026-02-20,33227,VERT,Vertus,0.00123119,649085.11293879,343699.44,coinmarketcap_data_api_listings_historical
2026-02-20,32544,ROUTE,Router Protocol (New),0.00099957,648459.17057933,342783.07,coinmarketcap_data_api_listings_historical
2026-02-20,13571,AART,All.Art Protocol,0.00015538,645774.75597658,12988.32,coinmarketcap_data_api_listings_historical
2026-02-20,37043,TMOX,Thermo Fisher tokenized stock (xStock),511.01,643872.6,8.06,coinmarketcap_data_api_listings_historical
2026-02-20,3334,XCASH,X-CASH,1.021e-05,641703.20135641,4.3,coinmarketcap_data_api_listings_historical
2026-02-20,35650,STUPID,StupidCoin,0.00064496,641630.4567834,726478.57,coinmarketcap_data_api_listings_historical
2026-02-20,34777,XYZ,XYZVerse,0.00014344,641527.12108064,112729.05,coinmarketcap_data_api_listings_historical
2026-02-20,29015,SOLAMA,Solama,0.00097885,640035.93992974,12080.86,coinmarketcap_data_api_listings_historical
2026-02-20,23009,OVL,Overlay,0.0380908,637699.76185693,1162419.99,coinmarketcap_data_api_listings_historical
2026-02-20,36121,MUBARAKAH,Mubarakah,0.00063656,636555.8373326,190226.03,coinmarketcap_data_api_listings_historical
2026-02-20,11714,BFT,Brazil National Football Team Fan Token,0.02211148,636202.54155249,110125.19,coinmarketcap_data_api_listings_historical
2026-02-20,34587,FROG,Frodo the virtual samurai,0.00012715,635774.51727981,0.0,coinmarketcap_data_api_listings_historical
2026-02-20,17081,LOOKS,LooksRare,0.0006352,635166.2772358,763887.21,coinmarketcap_data_api_listings_historical
2026-02-20,38493,ASTHERUS,Astherus,0.0006458,632276.69485653,126841.18,coinmarketcap_data_api_listings_historical
2026-02-20,9865,ISP,Ispolink,7.819e-05,631153.38806249,73656.62,coinmarketcap_data_api_listings_historical
2026-02-20,9507,GOZ,Göztepe S.K. Fan Token,0.15071944,627595.76426492,41705.76,coinmarketcap_data_api_listings_historical
2026-02-20,22766,ASM,AS Monaco Fan Token,0.10458302,627523.22369549,89441.9,coinmarketcap_data_api_listings_historical
2026-02-20,28017,WASTR,Wrapped Astar,0.00767868,625744.13801397,0.0,coinmarketcap_data_api_listings_historical
2026-02-20,29157,ABOND,ApeBond,0.00109921,625551.42257016,77.96,coinmarketcap_data_api_listings_historical
2026-02-20,39342,老子,老子,0.0006244,624403.54758086,3791491.51,coinmarketcap_data_api_listings_historical
2026-02-20,39408,1,Ucan fix life in1day,0.00062323,623225.47773549,1205658.82,coinmarketcap_data_api_listings_historical
2026-02-20,14188,PLI,Plugin Decentralized Oracle,0.00411187,622395.98670883,49012.64,coinmarketcap_data_api_listings_historical
2026-02-20,37019,BACX,Bank of America tokenized stock (xStock),53.01,620747.1,96.27,coinmarketcap_data_api_listings_historical
2026-02-20,29037,GMRX,GAIMIN,1.212e-05,619493.04605206,17073.59,coinmarketcap_data_api_listings_historical
2026-02-20,12532,TC,TTcoin Network,0.00012586,619074.07993353,192920.37,coinmarketcap_data_api_listings_historical
2026-02-20,37291,RZR,Rezerve Money,0.72660289,618763.03022597,0.0,coinmarketcap_data_api_listings_historical
2026-02-20,37049,LINX,Linde tokenized stock (xStock),495.42,616797.9,12133.6,coinmarketcap_data_api_listings_historical
2026-02-20,29734,DEAI,Zero1 Labs,0.00675767,616443.11802315,1576302.59,coinmarketcap_data_api_listings_historical
2026-02-20,9348,CRWNY,Crowny,0.00132847,614008.35933128,0.0,coinmarketcap_data_api_listings_historical
2026-02-20,28053,SMURFCAT,Real Smurf Cat,6.54e-06,613845.71832675,71811.17,coinmarketcap_data_api_listings_historical
2026-02-20,32412,NPCS,Non-Playable Coin Solana,0.00063221,613061.52958931,1057.52,coinmarketcap_data_api_listings_historical
2026-02-20,32103,MAD,MAD,6.1e-07,610679.44436593,22775.08,coinmarketcap_data_api_listings_historical
2026-02-20,37451,ZKWASM,ZKWASM,0.00596221,609470.13456994,376147.66,coinmarketcap_data_api_listings_historical
2026-02-20,9291,CAPS,Ternoa,0.00047233,607898.6957286,14416.22,coinmarketcap_data_api_listings_historical
2026-02-20,31442,$WAFFLES,Waffles Davincij15's Cat,0.00067952,607811.29662304,277.54,coinmarketcap_data_api_listings_historical
2026-02-20,31504,ULTI,Ultiverse,7.961e-05,605916.09792198,909757.85,coinmarketcap_data_api_listings_historical
2026-02-20,33356,MSTR,MSTR2100,0.02929671,604854.48973239,351703.98,coinmarketcap_data_api_listings_historical
2026-02-20,15758,LMCSWAP,LimoCoin Swap,0.00051297,603751.4523955,0.0,coinmarketcap_data_api_listings_historical
2026-02-20,34783,CIRCLE,Ultraround Money,0.68981429,602534.84307336,0.0,coinmarketcap_data_api_listings_historical
2026-02-20,21418,MTD,Minted,0.00323668,599457.2908132,693.92,coinmarketcap_data_api_listings_historical
2026-02-20,38026,SHOPon,Shopify Tokenized Stock (Ondo),126.57265674,599128.00819093,943281.05,coinmarketcap_data_api_listings_historical
2026-02-20,37311,G,Giants Protocol,2.072e-05,599126.27804373,0.0,coinmarketcap_data_api_listings_historical
2026-02-20,31953,FTR,Fautor,0.00065943,598933.34822072,879.27,coinmarketcap_data_api_listings_historical
2026-02-20,34378,SHIRO,Shiro Neko,0.0,598564.71338555,410547.55,coinmarketcap_data_api_listings_historical
2026-02-20,37053,MDTX,Medtronic tokenized stock (xStock),97.53,597566.31,42.63,coinmarketcap_data_api_listings_historical
2026-02-20,36499,EDGEN,LayerEdge,0.0020576,596704.11938828,1781929.58,coinmarketcap_data_api_listings_historical
2026-02-20,36264,COCORO,COCORO,1.42e-06,595399.62180759,289981.76,coinmarketcap_data_api_listings_historical
2026-02-20,4704,BAN,Banano,0.00036543,592969.97815705,725.73,coinmarketcap_data_api_listings_historical
2026-02-20,32615,SCF,Smoking Chicken Fish,0.00058988,589831.98177765,135462.56,coinmarketcap_data_api_listings_historical
2026-02-20,36106,HAIO,HAiO,0.00177526,589357.31418077,3241.36,coinmarketcap_data_api_listings_historical
2026-02-20,4974,EXM,EXMO Coin,0.00547641,588032.02586249,2941888.83,coinmarketcap_data_api_listings_historical
2026-02-20,6194,GEEQ,Geeq,0.01525124,587511.56238519,204665.74,coinmarketcap_data_api_listings_historical
2026-02-20,25479,BAD,Bad Idea AI,0.0,585882.18598115,150495.64,coinmarketcap_data_api_listings_historical
2026-02-20,29454,ESE,Eesee,0.00094018,585462.32338011,357845.28,coinmarketcap_data_api_listings_historical
2026-02-20,24106,RMV,Reality Metaverse,0.00234228,585319.48444307,44374.02,coinmarketcap_data_api_listings_historical
2026-02-20,2070,DRT,DomRaider,0.0009846,582390.89149966,0.0,coinmarketcap_data_api_listings_historical
2026-02-20,8335,MDX,Mdex,0.00061211,581656.34224467,10141.53,coinmarketcap_data_api_listings_historical
2026-02-20,37042,CRMX,Salesforce tokenized stock (xStock),187.56,581436.0,39.08,coinmarketcap_data_api_listings_historical
2026-02-20,38063,SNOWon,Snowflake Tokenized Stock (Ondo),172.07035435,581215.2034775,751277.76,coinmarketcap_data_api_listings_historical
2026-02-20,33963,ALL,Sallar,0.00032208,579757.65353668,0.0,coinmarketcap_data_api_listings_historical
2026-02-20,37026,HDX,Home Depot tokenized stock (xStock),386.09168508,579137.52762339,8613.34,coinmarketcap_data_api_listings_historical
2026-02-20,23806,HMND,Humanode,0.00310393,578696.29979138,58436.07,coinmarketcap_data_api_listings_historical
2026-02-20,8271,POOLX,Poolz Finance,0.10503926,577715.94658032,62533.79,coinmarketcap_data_api_listings_historical
2026-02-20,37600,FIR,Fireverse,0.00422527,577637.18914475,779134.87,coinmarketcap_data_api_listings_historical
2026-02-20,38181,SCAM,Scamcoin,0.0005758,575774.59799756,136614.21,coinmarketcap_data_api_listings_historical
2026-02-20,27008,0XGAS,0xGasless,0.06037275,575269.86867868,0.0,coinmarketcap_data_api_listings_historical
2026-02-20,9638,SDAO,SingularityDAO,0.00688052,569247.19056672,1100.42,coinmarketcap_data_api_listings_historical
2026-02-20,34756,NATO,The Nation Token,5.7e-07,568225.043019,333586.02,coinmarketcap_data_api_listings_historical
2026-02-20,37036,DHRX,Danaher tokenized stock (xStock),209.87858329,566672.17488017,26446.69,coinmarketcap_data_api_listings_historical
2026-02-20,38011,QBTSon,D-Wave Quantum Tokenized Stock (Ondo),18.05816317,566619.74452404,352.25,coinmarketcap_data_api_listings_historical
2026-02-20,38257,BOT,Hyperbot,0.00154041,565189.33230003,294924.32,coinmarketcap_data_api_listings_historical
2026-02-20,18411,TOTO,Toto Finance,0.00187788,564624.38760855,14263.55,coinmarketcap_data_api_listings_historical
2026-02-20,4890,NWC,Numerico,0.00373941,562410.95292165,0.0,coinmarketcap_data_api_listings_historical
2026-02-20,14977,ML,Mintlayer,0.00874265,561266.16131352,141420.16,coinmarketcap_data_api_listings_historical
2026-02-20,23794,OPTI,Optimus AI,0.00587189,558034.25195611,67140.73,coinmarketcap_data_api_listings_historical
2026-02-20,28132,BOBA,Boba Cat,0.0009105,558023.76376205,4674.52,coinmarketcap_data_api_listings_historical
2026-02-20,28580,VC,VinuChain,0.00072706,556350.85116621,317004.83,coinmarketcap_data_api_listings_historical
2026-02-20,6588,DIP,Etherisc DIP Token,0.00231325,554582.24123751,57.46,coinmarketcap_data_api_listings_historical
2026-02-20,29200,DEFI,DeFi,0.00031706,553455.22243906,211555.26,coinmarketcap_data_api_listings_historical
2026-02-20,1578,ZER,Zero,0.03775842,553263.77506602,0.0,coinmarketcap_data_api_listings_historical
2026-02-20,37051,MAX,Mastercard tokenized stock (xStock),526.74765289,553079.46914428,8248.27,coinmarketcap_data_api_listings_historical
2026-02-20,37065,PMX,Philip Morris tokenized stock (xStock),184.21790191,552653.70572297,34001.33,coinmarketcap_data_api_listings_historical
2026-02-20,5667,BGL,Bitgesell,0.03410932,551136.07564016,844.11,coinmarketcap_data_api_listings_historical
2026-02-20,33190,DYNA,Dynachain,0.01341809,550899.86134928,64.74,coinmarketcap_data_api_listings_historical
2026-02-20,16962,XELS,XELS,0.02623295,550891.95133481,69547.68,coinmarketcap_data_api_listings_historical
2026-02-20,38659,ANOME,Anome,0.01833852,550155.74708277,1666520.59,coinmarketcap_data_api_listings_historical
2026-02-20,35127,XMONEY,XMoney Solana,0.00066834,549184.86805896,31591.64,coinmarketcap_data_api_listings_historical
2026-02-20,6930,KEX,KIRA,0.00267021,548905.51519302,0.0,coinmarketcap_data_api_listings_historical
2026-02-20,7229,GEL,Gelato,0.00194682,546935.90808124,107031.96,coinmarketcap_data_api_listings_historical
2026-02-20,30309,SC,Shark Cat,0.00055018,544624.61195783,295161.53,coinmarketcap_data_api_listings_historical
2026-02-20,23445,CHIRP,Chirp,0.00606088,544238.73341661,139260.62,coinmarketcap_data_api_listings_historical
2026-02-20,36131,BNB CARD,BNB Card,0.00054317,543171.42637626,115937.71,coinmarketcap_data_api_listings_historical
2026-02-20,4460,PIRATE,PirateCash,0.0199591,542155.71615277,104379.97,coinmarketcap_data_api_listings_historical
2026-02-20,24165,WKAVA,Wrapped Kava,0.05224467,540012.90557398,7373.85,coinmarketcap_data_api_listings_historical
2026-02-20,25033,OBI,Orbofi AI,0.00037587,538972.71998805,43078.62,coinmarketcap_data_api_listings_historical
2026-02-20,21345,4EVER,4EVERLAND,0.00017676,538377.27618833,24254.3,coinmarketcap_data_api_listings_historical
2026-02-20,35139,BHC,Butthole Coin,0.00053656,536552.85772988,335114.61,coinmarketcap_data_api_listings_historical
2026-02-20,38028,SPOTon,Spotify Tokenized Stock (Ondo),491.76326463,534601.48639351,895264.64,coinmarketcap_data_api_listings_historical
2026-02-20,8917,SHFT,Shyft Network,0.00022881,534290.62826674,8818.87,coinmarketcap_data_api_listings_historical
2026-02-20,33801,NIKO,NikolAI,0.00053379,533794.9457175,9137.81,coinmarketcap_data_api_listings_historical
2026-02-20,12969,GARI,Gari Network,0.00094554,530956.57838421,97373.22,coinmarketcap_data_api_listings_historical
2026-02-20,7064,BAKE,BakeryToken,0.0018317,530770.59017905,199887.73,coinmarketcap_data_api_listings_historical
2026-02-20,5841,NEST,NEST Protocol,0.00018194,529776.20102997,411819.19,coinmarketcap_data_api_listings_historical
2026-02-20,19184,WFUSE,Wrapped Fuse,0.00940723,529504.06376932,0.0,coinmarketcap_data_api_listings_historical
2026-02-20,35849,OIIAOIIA,spinning cat,0.00052787,527766.85729684,87069.65,coinmarketcap_data_api_listings_historical
2026-02-20,27458,TRT,TRUST AI,0.13854933,526487.46607442,5334.73,coinmarketcap_data_api_listings_historical
2026-02-20,31016,MODE,Mode,0.00020981,524534.16872244,71656.04,coinmarketcap_data_api_listings_historical
2026-02-20,7440,BOND,BarnBridge,0.06628956,524367.84512176,248351.6,coinmarketcap_data_api_listings_historical
2026-02-20,6933,NCDT,Nuco.cloud,0.01048511,524255.53389486,75620.81,coinmarketcap_data_api_listings_historical
2026-02-20,8378,AKITA,Akita Inu,1e-08,521657.1012561,59287.27,coinmarketcap_data_api_listings_historical
2026-02-20,14336,TRVL,TRVL (Dtravel),0.00124844,520161.3130569,99983.87,coinmarketcap_data_api_listings_historical
2026-02-20,36852,XAVIER,Xavier: Renegade Angel,0.00051894,518866.50906805,1770.73,coinmarketcap_data_api_listings_historical
2026-02-20,10793,SAUBER,Alfa Romeo Racing ORLEN Fan Token,0.1862254,518811.49961887,376398.12,coinmarketcap_data_api_listings_historical
2026-02-20,24771,WEFI,WeFi,0.01237583,518341.18075948,51653.19,coinmarketcap_data_api_listings_historical
2026-02-20,18913,MDAO,MarsDAO,0.00730166,515489.97239144,15364.28,coinmarketcap_data_api_listings_historical
2026-02-20,37046,VX,Visa tokenized stock (xStock),320.19,512302.3378777,68.59,coinmarketcap_data_api_listings_historical
2026-02-20,23377,UMT,UnityMeta,21.7237068,511701.9137469,0.0,coinmarketcap_data_api_listings_historical
2026-02-20,37029,IBMX,International Business Machines tokenized stock (xStock),255.5,511000.0,221.69,coinmarketcap_data_api_listings_historical
2026-02-20,31160,PLN,Plearn,0.00592792,510178.95780054,51579.63,coinmarketcap_data_api_listings_historical
2026-02-20,7976,vDOT,Venus DOT,0.03059486,509381.26295159,0.0,coinmarketcap_data_api_listings_historical
2026-02-20,4804,ROOBEE,ROOBEE,0.000124,508666.95244251,69426.68,coinmarketcap_data_api_listings_historical
2026-02-20,7219,RBC,Rubic,0.00305799,505435.80403718,94730.62,coinmarketcap_data_api_listings_historical
2026-02-20,27355,WKAS,Wrapped Kaspa,0.00419657,499692.48267495,0.0,coinmarketcap_data_api_listings_historical
2026-02-20,37537,SPON,Spheron Network,0.00233166,497818.63443244,163093.02,coinmarketcap_data_api_listings_historical
2026-02-20,37499,JOHN,John Tsubasa Rivals,0.00277898,497438.08929132,20724.38,coinmarketcap_data_api_listings_historical
2026-02-20,32940,PHIL,Philtoken,0.00049572,495718.8572236,220479.44,coinmarketcap_data_api_listings_historical
2026-02-20,35091,KM,Kekius Maximus (kekiusmaximus.army),0.00054764,494362.45131983,323431.18,coinmarketcap_data_api_listings_historical
2026-02-20,37144,PAL,Palio,0.00259373,492809.23131849,388157.27,coinmarketcap_data_api_listings_historical
2026-02-20,20672,COL,Clash of Lilliput,0.00600217,492624.80432486,0.0,coinmarketcap_data_api_listings_historical
2026-02-20,33350,ICBX,ICB Network,2.55e-05,492004.99173034,84101.79,coinmarketcap_data_api_listings_historical
2026-02-20,34600,REX,REVOX,0.00017921,489449.35071274,619741.95,coinmarketcap_data_api_listings_historical
2026-02-20,28786,HEMULE,Hemule,0.00049739,487438.46747511,0.0,coinmarketcap_data_api_listings_historical
2026-02-20,32130,RIS,Riser,0.0019488,487200.21587155,101070.58,coinmarketcap_data_api_listings_historical
2026-02-20,35188,BUZZ,Hive AI,0.00048687,486801.88513716,163680.54,coinmarketcap_data_api_listings_historical
2026-02-20,13051,ARC,ARC,0.00052703,486250.7759909,7682.1,coinmarketcap_data_api_listings_historical
2026-02-20,8495,ID,Everest,0.00414656,483903.46166656,0.0,coinmarketcap_data_api_listings_historical
2026-02-20,12198,BOSS,Boss Token,0.0,483435.72754792,0.0,coinmarketcap_data_api_listings_historical
2026-02-20,8282,KOIN,Koinos,0.00580586,483380.50847965,23.14,coinmarketcap_data_api_listings_historical
2026-02-20,28412,MUBI,Multibit,0.000508,482598.96360325,407075.57,coinmarketcap_data_api_listings_historical
2026-02-20,34994,DEGENAI,Degen Spartan AI,0.00048234,482314.66634904,458516.69,coinmarketcap_data_api_listings_historical
2026-02-20,9653,NABOX,Nabox,2.31e-06,481754.10168791,0.0,coinmarketcap_data_api_listings_historical
2026-02-20,21916,ISK,ISKRA Token,0.00096465,481641.70915163,14560.34,coinmarketcap_data_api_listings_historical
2026-02-20,20874,MILK,MilkyWay,0.00120039,479758.42647419,6849.91,coinmarketcap_data_api_listings_historical
2026-02-20,20873,LEVER,LeverFi,8.59e-06,479079.58259327,242480.27,coinmarketcap_data_api_listings_historical
2026-02-20,31305,MAGA,MAGA (maga-hat.vip),1.23e-06,478142.82384469,117398.25,coinmarketcap_data_api_listings_historical
2026-02-20,37371,KPOP,OFFICIAL K-POP,7.372e-05,478028.65218174,0.0,coinmarketcap_data_api_listings_historical
2026-02-20,37149,ENF,enfineo,0.01174759,477325.00245309,12312.95,coinmarketcap_data_api_listings_historical
2026-02-20,7866,MONA,Monavale,45.42115748,474929.41694468,0.66,coinmarketcap_data_api_listings_historical
2026-02-20,17947,COA,Alliance Games,0.00114363,474282.09367384,312158.74,coinmarketcap_data_api_listings_historical
2026-02-20,22074,ALEX,ALEX Lab,0.00077933,472657.68433445,289533.08,coinmarketcap_data_api_listings_historical
2026-02-20,29478,CHAT,Solchat,0.05863523,471630.16020908,5624.61,coinmarketcap_data_api_listings_historical
2026-02-20,31708,HTS,HOME3,0.00502779,469344.39014358,0.0,coinmarketcap_data_api_listings_historical
2026-02-20,10974,CHESS,Tranchess,0.00227647,468953.59658548,416997.47,coinmarketcap_data_api_listings_historical
2026-02-20,31061,DUREV,Povel Durev,0.00492722,468085.65033047,9910.35,coinmarketcap_data_api_listings_historical
2026-02-20,36347,LetsBONK,Let's BONK,0.00677511,467400.86922817,358863.49,coinmarketcap_data_api_listings_historical
2026-02-20,35942,NITRO,Nitro,1.11e-06,466987.55735604,163941.95,coinmarketcap_data_api_listings_historical
2026-02-20,32019,CRASH,Crash,0.00047565,465294.91640838,0.0,coinmarketcap_data_api_listings_historical
2026-02-20,36415,MOONPIG,moonpig,0.00046509,465055.641421,768584.73,coinmarketcap_data_api_listings_historical
2026-02-20,5640,PXP,PointPay,0.01546659,463997.70280366,84009.81,coinmarketcap_data_api_listings_historical
2026-02-20,29153,HONK,Honk,0.00050361,463232.98924842,2048.06,coinmarketcap_data_api_listings_historical
2026-02-20,21158,EARNM,EARNM,0.00014209,462219.14170161,8663.52,coinmarketcap_data_api_listings_historical
2026-02-20,31320,SKYA,Sekuya Multiverse,0.00114228,460582.56117966,78523.71,coinmarketcap_data_api_listings_historical
2026-02-20,9523,PKT,Packet,0.00010763,456931.99247646,0.0,coinmarketcap_data_api_listings_historical
2026-02-20,34152,DDBAM,Didi Bam Bam,0.02173898,456518.51184048,23120.15,coinmarketcap_data_api_listings_historical
2026-02-20,35241,HINT,Hive Intelligence,0.00099149,456455.9503224,195651.92,coinmarketcap_data_api_listings_historical
2026-02-20,31914,BILLY,Billy,0.00048744,456307.57253968,88241.69,coinmarketcap_data_api_listings_historical
2026-02-20,21414,DC,Dogechain,4.73e-06,455926.82898508,119078.15,coinmarketcap_data_api_listings_historical
2026-02-20,24268,THL,Thala,0.00929153,455427.7715856,139810.41,coinmarketcap_data_api_listings_historical
2026-02-20,38053,RDDTon,Reddit Tokenized Stock (Ondo),150.11659866,455205.02113953,1135091.09,coinmarketcap_data_api_listings_historical
2026-02-20,11279,ARCAS,Arcas,0.0065152,452370.59075779,0.0,coinmarketcap_data_api_listings_historical
2026-02-20,29370,TADA,Ta-da,0.00064598,451611.10863757,128385.88,coinmarketcap_data_api_listings_historical
2026-02-20,37012,ACNX,Accenture tokenized stock (xStock),213.66662217,448699.9065544,18766.48,coinmarketcap_data_api_listings_historical
2026-02-20,1817,VGX,VGX Token,0.00048875,448054.86712778,313318.16,coinmarketcap_data_api_listings_historical
2026-02-20,33183,AXOL,Axol,0.00044759,447590.25721079,0.0,coinmarketcap_data_api_listings_historical
2026-02-20,11206,BLOK,Bloktopia,1.795e-05,444918.09296515,56211.35,coinmarketcap_data_api_listings_historical
2026-02-20,38639,PUP,PUP (pupxbnb.com),0.0004449,444895.91389096,445712.83,coinmarketcap_data_api_listings_historical
2026-02-20,28018,EPIKO,Epiko,0.0025444,444062.30677365,83618.72,coinmarketcap_data_api_listings_historical
2026-02-20,19722,SOVRN,SOVRUN,0.00240099,442927.03759558,11119.27,coinmarketcap_data_api_listings_historical
2026-02-20,8376,MASQ,MASQ,0.01286571,442316.20400845,0.0,coinmarketcap_data_api_listings_historical
2026-02-20,37035,CRWDX,CrowdStrike tokenized stock (xStock),394.87865669,442264.09549339,46374.99,coinmarketcap_data_api_listings_historical
2026-02-20,37010,ABTX,Abbott tokenized stock (xStock),109.11595039,441919.53578874,18343.19,coinmarketcap_data_api_listings_historical
2026-02-20,36508,FDC,FooDriver,0.04465534,440389.75749984,171079.14,coinmarketcap_data_api_listings_historical
2026-02-20,32217,AARK,Aark,0.00082644,438198.71607834,12818.75,coinmarketcap_data_api_listings_historical
2026-02-20,38438,RAGE,Rage Guy,0.00044483,437725.26623154,1358.28,coinmarketcap_data_api_listings_historical
2026-02-20,35547,RIFT,Rift AI,0.00165182,437590.76862588,61.1,coinmarketcap_data_api_listings_historical
2026-02-20,37260,RCADE,RCADE,5.244e-05,435219.12136972,245427.77,coinmarketcap_data_api_listings_historical
2026-02-20,32933,ZFI,ZyFAI,0.0055486,434893.98880996,2967.57,coinmarketcap_data_api_listings_historical
2026-02-20,9180,SYL,myDID,5.608e-05,433407.14584393,21093.89,coinmarketcap_data_api_listings_historical
2026-02-20,7096,BRG,Bridge AI,5.415e-05,433289.4188013,5470.34,coinmarketcap_data_api_listings_historical
2026-02-20,9639,PUSSY,Pussy Financial,2.63e-06,433036.53842458,0.0,coinmarketcap_data_api_listings_historical
2026-02-20,9270,BTCBAM,Bitcoin Bam,0.04200463,431670.66993796,30279.31,coinmarketcap_data_api_listings_historical
2026-02-20,19907,BIOFI,Biometric Financial,0.00011006,430814.59282028,53148.67,coinmarketcap_data_api_listings_historical
2026-02-20,14020,SAM,Samsunspor Fan Token,0.20556695,430653.09692084,38476.34,coinmarketcap_data_api_listings_historical
2026-02-20,30525,BOOP,Boop,4.32e-06,430433.43299309,4137.04,coinmarketcap_data_api_listings_historical
2026-02-20,30767,TICO,Funtico,0.0002012,430428.38038127,15358.19,coinmarketcap_data_api_listings_historical
2026-02-20,31847,WOLF,LandWolf (SOL),4.299e-05,429767.41482782,0.0,coinmarketcap_data_api_listings_historical
2026-02-20,11129,ZOON,CryptoZoon,0.00061621,429746.23475424,38375.61,coinmarketcap_data_api_listings_historical
2026-02-20,22093,WVENOM,Wrapped Venom,0.02750216,427619.22776584,0.0,coinmarketcap_data_api_listings_historical
2026-02-20,38034,HIMSon,Hims & Hers Health Tokenized Stock (Ondo),15.73076669,427510.57446651,884589.57,coinmarketcap_data_api_listings_historical
2026-02-20,20848,WSI,WeSendit,0.00050963,427385.99517591,14937.12,coinmarketcap_data_api_listings_historical
2026-02-20,33999,FRED,First Convicted Raccon Fred,0.00042642,426345.95634228,256884.67,coinmarketcap_data_api_listings_historical
2026-02-20,18586,PACE,3space Art,0.00585675,422690.51268475,10162.15,coinmarketcap_data_api_listings_historical
2026-02-20,35689,TEVA,Tevaera,0.00086189,422251.90807125,81853.61,coinmarketcap_data_api_listings_historical
2026-02-20,22556,PZP,PlayZap,0.00491178,421655.23521082,140508.4,coinmarketcap_data_api_listings_historical
2026-02-20,33656,PINO,PINO,0.0004248,420453.28328513,4215.1,coinmarketcap_data_api_listings_historical
2026-02-20,15469,SIPHER,Sipher,0.0046792,419935.44112449,4000.59,coinmarketcap_data_api_listings_historical
2026-02-20,28106,ZF,zkSwap Finance,0.00067169,418140.14901546,74906.52,coinmarketcap_data_api_listings_historical
2026-02-20,38342,PINGPONG,PINGPONG,0.00144424,416724.5317383,151558.96,coinmarketcap_data_api_listings_historical
2026-02-20,1466,HUSH,Hush,0.034664,415688.87875118,3398.44,coinmarketcap_data_api_listings_historical
2026-02-20,39280,XOMon,Exxon Mobil Tokenized Stock (Ondo),148.36471954,413029.54855238,834954.17,coinmarketcap_data_api_listings_historical
2026-02-20,39224,BMNRon,BitMine Immersion Technologies Tokenized Stock (Ondo),20.11243261,411462.91955591,132799.91,coinmarketcap_data_api_listings_historical
2026-02-20,2092,NULS,NULS,0.0035989,411143.90988648,0.0,coinmarketcap_data_api_listings_historical
2026-02-20,36292,DARK,Dark Eclipse,0.0004111,411080.09227079,113381.6,coinmarketcap_data_api_listings_historical
2026-02-20,38655,BOT,MasterBOT,0.00040994,409941.88846038,4772.97,coinmarketcap_data_api_listings_historical
2026-02-20,4757,XRT,Robonomics.network,0.19007387,409448.31998572,6720.11,coinmarketcap_data_api_listings_historical
2026-02-20,36419,RDAC,Redacted,0.00186568,407119.35111983,1435242.29,coinmarketcap_data_api_listings_historical
2026-02-20,7048,WING,Wing Finance,0.07376935,405055.00861694,71069.28,coinmarketcap_data_api_listings_historical
2026-02-20,35967,BSAI,Bitcoin Silver AI,288.90105304,404750.37530768,0.0,coinmarketcap_data_api_listings_historical
2026-02-20,638,TROLL,Trollcoin,0.00068001,403119.34043216,0.0,coinmarketcap_data_api_listings_historical
2026-02-20,9493,FLX,Reflexer Ungovernance Token,2.07936907,402973.408921,0.0,coinmarketcap_data_api_listings_historical
2026-02-20,28453,BEFE,BEFE,4.32e-06,402885.26374299,79971.34,coinmarketcap_data_api_listings_historical
2026-02-20,34347,BIG,BIG,0.00040284,402844.10026871,50144.0,coinmarketcap_data_api_listings_historical
2026-02-20,10763,AM,Aston Martin Cognizant Fan Token,0.14491077,402023.92236634,71347.76,coinmarketcap_data_api_listings_historical
2026-02-20,35292,BDOGITO,BullDogito,0.00125658,399242.12881285,247.72,coinmarketcap_data_api_listings_historical
2026-02-20,2837,0xBTC,0xBitcoin,0.04112077,399149.04489758,0.69,coinmarketcap_data_api_listings_historical
2026-02-20,22050,MEE,Medieval Empires,0.00071201,398304.95017788,90106.12,coinmarketcap_data_api_listings_historical
2026-02-20,29766,MILLI,MILLI,1.5e-06,395725.88582934,74349.44,coinmarketcap_data_api_listings_historical
2026-02-20,9808,RBT,RIBBIT,9.6e-07,389992.49582287,4495.86,coinmarketcap_data_api_listings_historical
2026-02-20,29494,DUKO,DUKO,4.035e-05,389943.4197953,211001.17,coinmarketcap_data_api_listings_historical
2026-02-20,28916,AI,Any Inu,9.3e-07,389336.08642514,55711.75,coinmarketcap_data_api_listings_historical
2026-02-20,8660,BSCPAD,BSCPAD,0.00489644,387854.87966271,140.47,coinmarketcap_data_api_listings_historical
2026-02-20,31569,TROG,Trog,9.2e-07,387496.77545772,0.0,coinmarketcap_data_api_listings_historical
2026-02-20,36186,Ghibli,GhibliCZ,0.00045055,386956.85475719,3082.16,coinmarketcap_data_api_listings_historical
2026-02-20,31775,AZUR,Azuro Protocol,0.00191719,384862.94000056,138851.55,coinmarketcap_data_api_listings_historical
2026-02-20,11696,WONE,Wrapped Harmony,0.00260439,384570.57629894,270.1,coinmarketcap_data_api_listings_historical
2026-02-20,36391,Buckazoids,Buckazoids,0.00037888,378835.86139636,113164.09,coinmarketcap_data_api_listings_historical
2026-02-20,37463,TOWN,Alt.town,0.00052958,378648.43609364,301798.79,coinmarketcap_data_api_listings_historical
2026-02-20,31987,BBB,Beny Bad Boy,0.00015843,377530.63259248,1328.38,coinmarketcap_data_api_listings_historical
2026-02-20,7576,HARD,Kava Lend,0.00279995,377410.60345558,11324.97,coinmarketcap_data_api_listings_historical
2026-02-20,12813,SIN,Sinverse,0.00042315,377001.09697478,114733.12,coinmarketcap_data_api_listings_historical
2026-02-20,4703,BXC,BonusCloud,0.00011209,375730.88650535,10363.57,coinmarketcap_data_api_listings_historical
2026-02-20,24793,$MONG,MongCoin,0.0,374267.06501373,61291.1,coinmarketcap_data_api_listings_historical
2026-02-20,8508,POOL,PoolTogether,0.05516601,373391.6911013,0.0,coinmarketcap_data_api_listings_historical
2026-02-20,31598,$TOAD,Toad,0.0,371924.43463808,4011.63,coinmarketcap_data_api_listings_historical
2026-02-20,15752,BLOCK,Blockasset,0.00118791,370909.53780668,506.71,coinmarketcap_data_api_listings_historical
2026-02-20,36547,KOKOK,KoKoK The Roach,0.00184339,368671.09037707,135264.87,coinmarketcap_data_api_listings_historical
2026-02-20,35963,PEPEMUSK,PepeMusk,0.00036656,366560.87110655,208.46,coinmarketcap_data_api_listings_historical
2026-02-20,19118,LMR,Lumerin,0.00060241,365433.90880993,197.5,coinmarketcap_data_api_listings_historical
2026-02-20,19621,COT,Cosplay Token,0.00092355,364208.65315035,87216.63,coinmarketcap_data_api_listings_historical
2026-02-20,34555,ASTROS,ASTROS,0.0142318,362903.70453197,27.16,coinmarketcap_data_api_listings_historical
2026-02-20,32838,SUNCAT,SUNCAT,0.00036259,362590.49552675,250267.58,coinmarketcap_data_api_listings_historical
2026-02-20,293,XBC,Bitcoin Plus,1.27639072,362587.25389301,0.0,coinmarketcap_data_api_listings_historical
2026-02-20,36034,PELL,Pell Network,0.00042614,361113.54812671,10702.12,coinmarketcap_data_api_listings_historical
2026-02-20,24289,LIMO,Limoverse,0.00272894,361087.10049199,30629.73,coinmarketcap_data_api_listings_historical
2026-02-20,28479,ROOT,The Root Network,9.301e-05,360191.47289969,74877.95,coinmarketcap_data_api_listings_historical
2026-02-20,6993,REVV,REVV,0.0003022,359823.38744197,50173.43,coinmarketcap_data_api_listings_historical
2026-02-20,9200,REVO,Revomon,0.01173877,358773.72274766,0.0,coinmarketcap_data_api_listings_historical
2026-02-20,6682,POX,Pollux Coin,0.00837654,358590.13937011,20271.71,coinmarketcap_data_api_listings_historical
2026-02-20,36389,SHADOW,Shadow Exchange,0.98225341,356224.44407241,92372.35,coinmarketcap_data_api_listings_historical
2026-02-20,31779,COK,Cat Own Kimono,3.6e-07,355274.26266024,208073.01,coinmarketcap_data_api_listings_historical
2026-02-20,37122,RYS,RefundYourSOL,0.00036078,355235.52761095,6089.1,coinmarketcap_data_api_listings_historical
2026-02-20,38383,OUTLAW,OUTLAW Crypto Games,0.0003563,354664.9346229,5139.06,coinmarketcap_data_api_listings_historical
2026-02-20,29282,WHALES,Whales Market,0.01358883,353776.16685076,4194.31,coinmarketcap_data_api_listings_historical
2026-02-20,22244,BIZA,BizAuto,0.00013206,353534.1728568,24786.27,coinmarketcap_data_api_listings_historical
2026-02-20,31297,BUBBLE,Bubble,9.499e-05,352842.2262101,12676.92,coinmarketcap_data_api_listings_historical
2026-02-20,29787,PENG,Peng,0.00350404,350403.77312662,130719.09,coinmarketcap_data_api_listings_historical
2026-02-20,16016,POR,Portuma,9.257e-05,350339.55083576,60885.27,coinmarketcap_data_api_listings_historical
2026-02-20,9967,BLAST,SafeBlast,0.0,349219.93797085,0.0,coinmarketcap_data_api_listings_historical
2026-02-20,30608,XZK,Expand,0.00050721,349207.11792839,20.0,coinmarketcap_data_api_listings_historical
2026-02-20,12252,BCOIN,Bomb Crypto (BNB),0.00441952,349149.4544637,3817.39,coinmarketcap_data_api_listings_historical
2026-02-20,8707,ALPACA,Alpaca Finance,0.00229012,347339.95967545,218773.61,coinmarketcap_data_api_listings_historical
2026-02-20,11925,MONI,Monsta Infinite,0.00157438,347262.53585316,86098.84,coinmarketcap_data_api_listings_historical
2026-02-20,18353,RITE,ritestream,0.00040855,346018.72576782,9964.58,coinmarketcap_data_api_listings_historical
2026-02-20,28868,DUEL,GameGPT,4.11e-05,344868.8863538,66420.18,coinmarketcap_data_api_listings_historical
2026-02-20,30196,NEURA,neurahub,0.00417819,344046.68451527,0.0,coinmarketcap_data_api_listings_historical
2026-02-20,7931,BONDLY,Forj (Bondly),0.00034948,343757.09687189,29300.99,coinmarketcap_data_api_listings_historical
2026-02-20,33041,AGENT,AgentLayer,0.00039344,343668.44365951,9028.17,coinmarketcap_data_api_listings_historical
2026-02-20,34025,VVAIFU,Dasha,0.00034534,343007.72731981,224318.16,coinmarketcap_data_api_listings_historical
2026-02-20,31543,XETA,XANA,6.959e-05,342795.68382905,8563.58,coinmarketcap_data_api_listings_historical
2026-02-20,32964,TBULL,Tron Bull,0.00033986,339863.46570551,0.0,coinmarketcap_data_api_listings_historical
2026-02-20,38932,MATTLE,MattleFun,0.01941184,339694.83619091,3754.74,coinmarketcap_data_api_listings_historical
2026-02-20,8567,HAPI,HAPI Protocol,0.4620665,338347.46493083,2319.82,coinmarketcap_data_api_listings_historical
2026-02-20,28179,WSM,Wall Street Memes,0.00017875,336554.47539494,0.0,coinmarketcap_data_api_listings_historical
2026-02-20,29106,TYPE,TypeAI,0.03351786,335178.62023827,0.0,coinmarketcap_data_api_listings_historical
2026-02-20,39101,DOYR,DOYR,0.00033463,334629.98153956,955650.77,coinmarketcap_data_api_listings_historical
2026-02-20,18706,FWC,Football World Community,0.0,333430.39220967,80880.4,coinmarketcap_data_api_listings_historical
2026-02-20,38277,GATA,Gata,0.00313416,332978.5426166,329714.03,coinmarketcap_data_api_listings_historical
2026-02-20,7784,BLINK,BLink,0.00180553,332844.3661333,0.0,coinmarketcap_data_api_listings_historical
2026-02-20,33734,MRSOON,TON Station,5.05e-06,332389.36746013,231556.87,coinmarketcap_data_api_listings_historical
2026-02-20,14745,KROM,Kromatika,0.00413929,332304.66379688,0.0,coinmarketcap_data_api_listings_historical
2026-02-20,23300,AIPAD,AIPAD,0.00170941,332119.50475674,139703.44,coinmarketcap_data_api_listings_historical
2026-02-20,35877,YALA,Yala,0.00119481,331759.44461859,420096.84,coinmarketcap_data_api_listings_historical
2026-02-20,9686,MCHC,My Crypto Heroes,0.01212532,331696.66416917,0.0,coinmarketcap_data_api_listings_historical
2026-02-20,38808,EMPI,Emperor,0.01141728,331329.32587714,0.0,coinmarketcap_data_api_listings_historical
2026-02-20,29104,DCD,DecideAI,0.00067764,331148.59787026,48.92,coinmarketcap_data_api_listings_historical
2026-02-20,23359,MOVE,BlueMove,0.00151639,329814.14330226,0.0,coinmarketcap_data_api_listings_historical
2026-02-20,13916,OMAX,Omax Coin,3.795e-05,328972.11976716,118210.04,coinmarketcap_data_api_listings_historical
2026-02-20,15744,PRISM,Prism,0.00056935,328602.72368397,8783.33,coinmarketcap_data_api_listings_historical
2026-02-20,36438,GORILLA,Gorilla,0.00032799,327989.86226105,242456.94,coinmarketcap_data_api_listings_historical
2026-02-20,38168,MTP,Multiple Network,0.00037262,327902.2455974,232538.81,coinmarketcap_data_api_listings_historical
2026-02-20,2475,GRLC,Garlicoin,0.0047601,327799.18007118,0.09,coinmarketcap_data_api_listings_historical
2026-02-20,5536,AG8,AtromG8,0.00776184,325997.4623696,0.0,coinmarketcap_data_api_listings_historical
2026-02-20,12873,KLIMA,KlimaDAO,0.04071203,325588.95222323,23.44,coinmarketcap_data_api_listings_historical
2026-02-20,8579,POLK,Polkamarkets,0.00353077,324864.97866501,8615.48,coinmarketcap_data_api_listings_historical
2026-02-20,34328,Q*,QSTaR,3.384e-05,324711.20481367,0.0,coinmarketcap_data_api_listings_historical
2026-02-20,32157,XR,XRADERS,0.0054577,323173.60336628,568658.74,coinmarketcap_data_api_listings_historical
2026-02-20,72,DEM,Deutsche eMark,0.00204004,322796.81414762,880.88,coinmarketcap_data_api_listings_historical
2026-02-20,5007,TROY,TROY,3.224e-05,322377.12467946,9587.7,coinmarketcap_data_api_listings_historical
2026-02-20,8,FTC,Feathercoin,0.00136003,321783.06222695,41.07,coinmarketcap_data_api_listings_historical
2026-02-20,22710,VIDT,VIDT DAO,0.00036844,320468.08766667,227.52,coinmarketcap_data_api_listings_historical
2026-02-20,27894,JETTON,JetTon Games,0.03944576,320068.67804706,76088.4,coinmarketcap_data_api_listings_historical
2026-02-20,38012,RIOTon,Riot Platforms Tokenized Stock (Ondo),15.71048871,319645.07920241,768966.39,coinmarketcap_data_api_listings_historical
2026-02-20,7857,MIR,Mirror Protocol,0.00410683,319276.24698675,671.29,coinmarketcap_data_api_listings_historical
2026-02-20,35789,BNBXBT,BNBXBT,0.00031878,318781.56234302,22895.82,coinmarketcap_data_api_listings_historical
2026-02-20,8730,BELT,Belt Finance,0.03337977,318780.83355778,0.0,coinmarketcap_data_api_listings_historical
2026-02-20,8424,DERI,Deri Protocol,0.00255526,318630.26155766,29828.91,coinmarketcap_data_api_listings_historical
2026-02-20,36634,RDO,Reddio,0.00012179,318267.1226026,58351.76,coinmarketcap_data_api_listings_historical
2026-02-20,31752,BABYPEPE,Baby Pepe,7.6e-07,317976.8952335,0.0,coinmarketcap_data_api_listings_historical
2026-02-20,36090,BUBB,Bubb,0.0003164,316399.84408388,7829.53,coinmarketcap_data_api_listings_historical
2026-02-20,36537,SGC,SGC,0.00018618,315277.33708326,845700.88,coinmarketcap_data_api_listings_historical
2026-02-20,39204,GTETH,GTETH,1971.993311,315104.81116405,286093.15,coinmarketcap_data_api_listings_historical
2026-02-20,10269,CHEEMS,Cheems,0.00012345,314903.18302697,0.0,coinmarketcap_data_api_listings_historical
2026-02-20,9958,SMI,SafeMoon Inu,3.1e-07,314838.618255,391.76,coinmarketcap_data_api_listings_historical
2026-02-20,37617,K,Sidekick,0.00163767,314653.15812484,453470.67,coinmarketcap_data_api_listings_historical
2026-02-20,38905,TIMI,MetaArena,0.00078893,314191.15333266,16983.49,coinmarketcap_data_api_listings_historical
2026-02-20,9205,K21,K21,0.0169335,311328.22350494,8884.1,coinmarketcap_data_api_listings_historical
2026-02-20,10404,ITGR,Integral,0.00141846,310797.3318086,10511.04,coinmarketcap_data_api_listings_historical
2026-02-20,38461,DUST,Dust,0.00031016,310155.72775176,243640.35,coinmarketcap_data_api_listings_historical
2026-02-20,3388,FREE,FREEdom Coin,3e-08,309567.29389111,63850.59,coinmarketcap_data_api_listings_historical
2026-02-20,29727,STAR,StarHeroes,0.00127085,309167.4882982,43048.84,coinmarketcap_data_api_listings_historical
2026-02-20,5601,STAKE,STAKE,0.03646469,308492.90604584,0.0,coinmarketcap_data_api_listings_historical
2026-02-20,38368,OPENX,OpenxAI Network,0.03080404,308138.25473943,342245.83,coinmarketcap_data_api_listings_historical
2026-02-20,9071,XCHNG,Chainge,0.00064636,306406.17510524,94.79,coinmarketcap_data_api_listings_historical
2026-02-20,37297,TANSSI,Tanssi,0.00086254,305996.06070656,866286.13,coinmarketcap_data_api_listings_historical
2026-02-20,24645,FLIX,OmniFlix Network,0.0012135,304296.37254646,0.0,coinmarketcap_data_api_listings_historical
2026-02-20,35651,ANLOG,Analog,0.00016308,302856.17229088,257092.24,coinmarketcap_data_api_listings_historical
2026-02-20,31649,BICITY,BiCity AI Projects,7.237e-05,301961.91727367,100809.96,coinmarketcap_data_api_listings_historical
2026-02-20,4680,FYD,FYDcoin,0.00049132,301659.64230309,0.0,coinmarketcap_data_api_listings_historical
2026-02-20,10336,HAM,Hamster,0.0,301192.43962429,50778.34,coinmarketcap_data_api_listings_historical
2026-02-20,5410,PRQ,PARSIQ,0.0009697,300855.94941905,69994.89,coinmarketcap_data_api_listings_historical
2026-02-20,35230,TJRM,Tajir Tech Hub,0.00046504,299928.19461465,126907.28,coinmarketcap_data_api_listings_historical
2026-02-20,4411,TUP,TenUp,0.00283896,299146.51630103,39990.18,coinmarketcap_data_api_listings_historical
2026-02-20,38616,CORL,Coral Finance,0.00128644,298918.28322759,765010.38,coinmarketcap_data_api_listings_historical
2026-02-20,6747,CRU,Crust Network,0.0209068,295592.25657628,38635.97,coinmarketcap_data_api_listings_historical
2026-02-20,9468,SPORE,Spore,0.0,295385.5616595,55.63,coinmarketcap_data_api_listings_historical
2026-02-20,7616,LTX,Lattice Token,0.01024079,293438.45592492,69513.78,coinmarketcap_data_api_listings_historical
2026-02-20,2529,CAS,Cashaa,0.00029078,290778.82235595,0.0,coinmarketcap_data_api_listings_historical
2026-02-20,19755,BURN,Burn,1.53e-06,290124.31821367,0.0,coinmarketcap_data_api_listings_historical
2026-02-20,32611,NOMNOM,nomnom,0.00029785,288084.48791721,62967.03,coinmarketcap_data_api_listings_historical
2026-02-20,27445,GSWIFT,GameSwift,0.00079677,287448.91463011,46.9,coinmarketcap_data_api_listings_historical
2026-02-20,30357,EVERY,Everyworld,0.00011244,286638.63621582,12.37,coinmarketcap_data_api_listings_historical
2026-02-20,24502,WOJAK,Wojak (wojaketh),4.12e-06,286289.25517569,7198962.16,coinmarketcap_data_api_listings_historical
2026-02-20,14145,RIDE,holoride,0.00032494,285915.61875324,6612.46,coinmarketcap_data_api_listings_historical
2026-02-20,9125,GAINS,Gains,0.0073773,285459.55020009,8318.04,coinmarketcap_data_api_listings_historical
2026-02-20,16481,KASTA,Kasta,0.00037223,284920.34984305,58447.58,coinmarketcap_data_api_listings_historical
2026-02-20,15188,RADAR,DappRadar,0.00029642,284592.97779219,9048.75,coinmarketcap_data_api_listings_historical
2026-02-20,30934,SKR,Saakuru Protocol,0.00033786,284542.86658317,0.0,coinmarketcap_data_api_listings_historical
2026-02-20,12131,FRTS,Fruits,1.35e-05,284506.54975323,93919.0,coinmarketcap_data_api_listings_historical
2026-02-20,36518,GASS,Gasspas,0.0,283025.63994666,220122.93,coinmarketcap_data_api_listings_historical
2026-02-20,33452,USDS,TheStandard USD,1.00198167,281499.94625874,883.79,coinmarketcap_data_api_listings_historical
2026-02-20,30407,ROOST,Roost Coin,0.00029972,280879.50143832,8968.78,coinmarketcap_data_api_listings_historical
2026-02-20,37997,GMEon,GameStop Tokenized Stock (Ondo),23.92320536,280737.68279027,773777.39,coinmarketcap_data_api_listings_historical
2026-02-20,36747,SKATE,Skate,0.00173775,280268.64943474,945783.05,coinmarketcap_data_api_listings_historical
2026-02-20,22943,LL,LightLink,0.00343062,280179.15958468,106047.44,coinmarketcap_data_api_listings_historical
2026-02-20,12140,RMRK,RMRK,0.03081838,280168.34409609,281.11,coinmarketcap_data_api_listings_historical
2026-02-20,35147,TRUST,$TRUST ME BROs by Virtuals,0.00028105,280091.18331078,0.0,coinmarketcap_data_api_listings_historical
2026-02-20,19216,BRWL,Blockchain Brawlers,0.00027989,279892.70890286,217.47,coinmarketcap_data_api_listings_historical
2026-02-20,34165,ORA,ORA,0.00763099,279802.81945071,8.07,coinmarketcap_data_api_listings_historical
2026-02-20,30968,LONG,Long,3.6e-07,279787.64526367,0.0,coinmarketcap_data_api_listings_historical
2026-02-20,35150,ACOLYT,Acolyt,0.00028483,278808.115373,614.02,coinmarketcap_data_api_listings_historical
2026-02-20,32415,SKBDI,Skibidi Toilet,0.00397979,278739.03497058,685025.58,coinmarketcap_data_api_listings_historical
2026-02-20,37409,UPTOP,UPTOP,0.00132285,277799.18132424,0.0,coinmarketcap_data_api_listings_historical
2026-02-20,9052,INFRA,Bware,0.0671742,277489.68232193,9023.79,coinmarketcap_data_api_listings_historical
2026-02-20,32992,CBPAY,CBPAY Global,7.461e-05,274624.595145,0.0,coinmarketcap_data_api_listings_historical
2026-02-20,38098,FIGon,Figma Ord Shs Tokenized Stock (Ondo),26.10776577,274371.80444179,2029048.05,coinmarketcap_data_api_listings_historical
2026-02-20,36394,TOILET,Toilet Dust,2.743e-05,274262.57734723,50107.84,coinmarketcap_data_api_listings_historical
2026-02-20,5836,IDNA,Idena,0.00316488,273461.0773343,0.0,coinmarketcap_data_api_listings_historical
2026-02-20,2363,ZAP,Zap,0.00115524,272804.31154361,0.0,coinmarketcap_data_api_listings_historical
2026-02-20,39432,DONT,DisclaimerCoin,2.14e-06,272798.51079904,453174.82,coinmarketcap_data_api_listings_historical
2026-02-20,3908,DIO,Decimated,0.00050198,272707.54562414,20226.32,coinmarketcap_data_api_listings_historical
2026-02-20,36725,JANITOR,Janitor,0.00027203,272033.07130274,4421.34,coinmarketcap_data_api_listings_historical
2026-02-20,30648,PEEZY,Young Peezy AKA Pepe,0.000272,271995.73604452,343.44,coinmarketcap_data_api_listings_historical
2026-02-20,37238,FRAG,Fragmetric,0.00148195,271121.13706979,99522.46,coinmarketcap_data_api_listings_historical
2026-02-20,21217,MMIT,MangoMan Intelligent,0.0,270760.04159002,201.75,coinmarketcap_data_api_listings_historical
2026-02-20,24381,OTK,Octokn,0.00055264,270535.95186837,8762.69,coinmarketcap_data_api_listings_historical
2026-02-20,3831,SHA,Safe Haven,8.999e-05,270502.86669869,0.0,coinmarketcap_data_api_listings_historical
2026-02-20,32224,CYBRO,CYBRO,0.00203937,270010.48372794,50053.47,coinmarketcap_data_api_listings_historical
2026-02-20,21428,WALV,Wrapped Alvey Chain,0.00083924,268557.43933608,2917.77,coinmarketcap_data_api_listings_historical
2026-02-20,33351,TERMINUS,TERMINUS,0.00265919,265919.0875437,88850.25,coinmarketcap_data_api_listings_historical
2026-02-20,36841,ANGL,ANGL TOKEN,0.00110234,263642.2287131,0.0,coinmarketcap_data_api_listings_historical
2026-02-20,35282,WYAC,Woman Yelling At Cat,0.00026529,262628.04823527,0.0,coinmarketcap_data_api_listings_historical
2026-02-20,38452,ETAN,Etarn,0.00311465,262186.48189828,370073.27,coinmarketcap_data_api_listings_historical
2026-02-20,8617,PKF,Red Kite,0.00228289,261829.03271183,0.0,coinmarketcap_data_api_listings_historical
2026-02-20,8162,AME,AME Chain,0.00052331,261654.31427998,65847.5,coinmarketcap_data_api_listings_historical
2026-02-20,33903,BGSOL,Bitget SOL Staking,96.01078634,260435.29677737,581811.99,coinmarketcap_data_api_listings_historical
2026-02-20,31154,GALAXIS,GALAXIS Token,9.731e-05,260416.69425871,58697.51,coinmarketcap_data_api_listings_historical
2026-02-20,37527,UNITE,Unite,8.914e-05,259274.67459063,206182.51,coinmarketcap_data_api_listings_historical
2026-02-20,2638,CTXC,Cortex,0.00109462,258575.58626243,55174.9,coinmarketcap_data_api_listings_historical
2026-02-20,35590,RIZ,Rivalz Network,0.00022351,257253.29263461,202660.72,coinmarketcap_data_api_listings_historical
2026-02-20,8509,XMON,XMON,171.62940584,256571.84864339,0.0,coinmarketcap_data_api_listings_historical
2026-02-20,29443,QGOV,Q Protocol,0.00089967,256075.55660228,5757.99,coinmarketcap_data_api_listings_historical
2026-02-20,7245,STBU,Stobox Token,0.00170629,255942.81946918,54610.17,coinmarketcap_data_api_listings_historical
2026-02-20,17208,HUAHUA,Chihuahua,2.71e-06,253674.91349351,194.76,coinmarketcap_data_api_listings_historical
2026-02-20,9017,PDEX,Polkadex,0.03016619,252189.35620633,8375.73,coinmarketcap_data_api_listings_historical
2026-02-20,7110,NBS,New BitShares,9.664e-05,252012.7804692,9815.36,coinmarketcap_data_api_listings_historical
2026-02-20,2041,BTCZ,BitcoinZ,1.998e-05,251822.69287032,0.0,coinmarketcap_data_api_listings_historical
2026-02-20,27686,HTM,Hatom,0.01508464,251422.62632545,119484.11,coinmarketcap_data_api_listings_historical
2026-02-20,36011,OIK,Space Nation Oikos,0.00072481,251324.61759228,274806.52,coinmarketcap_data_api_listings_historical
2026-02-20,7102,LINA,Linear Finance,2.512e-05,251108.66332342,891.52,coinmarketcap_data_api_listings_historical
2026-02-20,36017,PAWS,PAWS,4.71e-06,249947.77194508,291632.14,coinmarketcap_data_api_listings_historical
2026-02-20,23633,HVH,HAVAH,0.00011027,249302.28395766,52486.12,coinmarketcap_data_api_listings_historical
2026-02-20,30089,KOKO,Koala AI,3e-08,248516.47416384,151.08,coinmarketcap_data_api_listings_historical
2026-02-20,34498,ITHACA,Ithaca Protocol,0.0031123,248318.37710111,70980.99,coinmarketcap_data_api_listings_historical
2026-02-20,10841,WSPP,Wolf Safe Poor People,0.0,248197.024576,0.0,coinmarketcap_data_api_listings_historical
2026-02-20,29621,RABI,Rabi,0.00052565,247573.78667213,110783.63,coinmarketcap_data_api_listings_historical
2026-02-20,23846,LAI,LayerAI,4.496e-05,247249.24044843,175210.58,coinmarketcap_data_api_listings_historical
2026-02-20,38251,PLANCK,Planck,0.00321555,246172.39643433,1510559.92,coinmarketcap_data_api_listings_historical
2026-02-20,38700,SVSA,SavannaSurvival,0.00128305,246096.91549746,334154.41,coinmarketcap_data_api_listings_historical
2026-02-20,20719,OLE,OpenLeverage,0.0013045,246068.37200399,9309.98,coinmarketcap_data_api_listings_historical
2026-02-20,28851,GUI,Gui Inu,4.4e-07,245937.71448389,161212.75,coinmarketcap_data_api_listings_historical
2026-02-20,28094,MKUSD,Prisma mkUSD,1.00038521,245322.03266831,0.0,coinmarketcap_data_api_listings_historical
2026-02-20,28417,NUT,Nutcoin,1e-08,245084.11817758,144957.91,coinmarketcap_data_api_listings_historical
2026-02-20,10622,XCV,XCarnival,0.00030896,244279.44409297,61380.49,coinmarketcap_data_api_listings_historical
2026-02-20,9562,CLS,Coldstack,0.01037395,243934.69807432,21184.67,coinmarketcap_data_api_listings_historical
2026-02-20,16389,UX,UX Chain,6.114e-05,243590.41875725,46.71,coinmarketcap_data_api_listings_historical
2026-02-20,9868,XCAD,XCAD Network,0.0012496,243445.4877673,130626.66,coinmarketcap_data_api_listings_historical
2026-02-20,18775,WLKN,Walken,0.00015542,243250.91790837,787.52,coinmarketcap_data_api_listings_historical
2026-02-20,28047,LSD,L7,0.00590105,241598.27553323,0.0,coinmarketcap_data_api_listings_historical
2026-02-20,33520,BABYNEIRO,Baby Neiro BNB,0.0,241131.66,260.27,coinmarketcap_data_api_listings_historical
2026-02-20,31770,HONK,Pepoclown,0.0,240625.96288579,0.0,coinmarketcap_data_api_listings_historical
2026-02-20,35526,1R0R,R0AR,0.0005787,239456.52064375,63705.27,coinmarketcap_data_api_listings_historical
2026-02-20,32448,BRAINLET,Brainlet,0.00025055,238746.44114462,6828.84,coinmarketcap_data_api_listings_historical
2026-02-20,14133,WAM,WAM,0.00051213,238028.68160555,20953.64,coinmarketcap_data_api_listings_historical
2026-02-20,35662,AGON,AGON Agent,0.00023703,237025.88588541,459.92,coinmarketcap_data_api_listings_historical
2026-02-20,17207,GIV,Giveth,0.0006145,235672.53005697,57.6,coinmarketcap_data_api_listings_historical
2026-02-20,29386,LNDX,LandX Finance,0.01650163,234303.68334513,10734.61,coinmarketcap_data_api_listings_historical
2026-02-20,9962,STARSHIP,STARSHIP,0.01237495,233988.81261235,0.0,coinmarketcap_data_api_listings_historical
2026-02-20,36411,BOOM,Boom,0.00089928,233895.45660649,627405.29,coinmarketcap_data_api_listings_historical
2026-02-20,38573,SP,Smart Pocket,0.00022438,233492.51667804,75263.56,coinmarketcap_data_api_listings_historical
2026-02-20,30102,WSDM,Wisdomise AI,0.00036488,233348.66770504,93892.43,coinmarketcap_data_api_listings_historical
2026-02-20,8519,RWA,Xend Finance,0.00216603,231837.9758646,11998.18,coinmarketcap_data_api_listings_historical
2026-02-20,35566,HOOD,Robinhood,5.19e-06,231200.22027419,138660.05,coinmarketcap_data_api_listings_historical
2026-02-20,31881,LKI,Laika AI,0.00053958,231069.02520769,267618.98,coinmarketcap_data_api_listings_historical
2026-02-20,38552,BTC,Bitcoin Base,0.01098288,229664.93808783,0.0,coinmarketcap_data_api_listings_historical
2026-02-20,28882,AIT,AIT Protocol,0.00077504,229617.84744584,865.47,coinmarketcap_data_api_listings_historical
2026-02-20,31497,WBB,Wrapped BounceBit,0.03130924,229141.17381589,6607.57,coinmarketcap_data_api_listings_historical
2026-02-20,35761,BROCCOLI,Broccoli (broccolibnb.org),0.00124307,229049.77046773,265886.25,coinmarketcap_data_api_listings_historical
2026-02-20,8132,BIFI,BiFi,0.00047722,228602.4093542,8211.64,coinmarketcap_data_api_listings_historical
2026-02-20,4452,BDP,BidiPass,0.00058705,226973.5761834,0.0,coinmarketcap_data_api_listings_historical
2026-02-20,20716,FER,Ferro,0.00024319,226782.01679536,7831.07,coinmarketcap_data_api_listings_historical
2026-02-20,14489,CDT,CheckDot,0.02922364,226355.62392411,0.0,coinmarketcap_data_api_listings_historical
2026-02-20,15830,GMR,GAMER,0.00069162,225909.47600221,1824.23,coinmarketcap_data_api_listings_historical
2026-02-20,34636,SCI,PoSciDonDAO,0.06318082,225345.35114127,76538.3,coinmarketcap_data_api_listings_historical
2026-02-20,31601,SELFIE,SelfieDogCoin,0.00022905,225323.44112947,6425.74,coinmarketcap_data_api_listings_historical
2026-02-20,25,GLC,Goldcoin,0.00515471,225164.91802242,69.25,coinmarketcap_data_api_listings_historical
2026-02-20,28857,ZKF,ZKFair,2.239e-05,223913.34605507,58797.66,coinmarketcap_data_api_listings_historical
2026-02-20,17569,MOONEY,MoonDAO,0.00016274,223783.44869512,9041.65,coinmarketcap_data_api_listings_historical
2026-02-20,34754,FOMO,FOMO (fomo.fund),2.23e-06,223395.61794289,29559.46,coinmarketcap_data_api_listings_historical
2026-02-20,16919,5IRE,5ire,0.00015156,221982.83308997,264068.84,coinmarketcap_data_api_listings_historical
2026-02-20,3854,FUND,Unification,0.00644053,221859.43318728,0.0,coinmarketcap_data_api_listings_historical
2026-02-20,11663,ELMON,Elemon,0.00034254,220907.15137738,0.0,coinmarketcap_data_api_listings_historical
2026-02-20,9828,NAFT,Nafter,0.00022091,220396.45183707,9316.07,coinmarketcap_data_api_listings_historical
2026-02-20,31494,PIXFI,Pixelverse,5.768e-05,220299.90815331,243538.46,coinmarketcap_data_api_listings_historical
2026-02-20,9443,STEP,Step Finance,0.00098988,219168.46100241,13501.26,coinmarketcap_data_api_listings_historical
2026-02-20,39209,POLLY,Polly Penguin,0.00021871,218710.25209546,14304.27,coinmarketcap_data_api_listings_historical
2026-02-20,35484,ALPHA,Alpha,0.00021784,217842.24489819,6758.65,coinmarketcap_data_api_listings_historical
2026-02-20,11919,FORWARD,Forward Protocol,4.346e-05,217293.28351234,0.0,coinmarketcap_data_api_listings_historical
2026-02-20,32288,torsy,TORSY,0.00031021,217143.51296658,0.0,coinmarketcap_data_api_listings_historical
2026-02-20,12781,XTAG,xHashtag AI,0.00327662,216810.62509024,46054.32,coinmarketcap_data_api_listings_historical
2026-02-20,36805,AVM,Agent Virtual Machine,0.00407519,216170.50874189,0.0,coinmarketcap_data_api_listings_historical
2026-02-20,27194,GMAC,Gemach,0.00043233,216167.35662099,0.0,coinmarketcap_data_api_listings_historical
2026-02-20,3052,GOC,GoCrypto Token,0.00088003,215851.99343492,0.0,coinmarketcap_data_api_listings_historical
2026-02-20,10294,DFL,DeFi Land,3.013e-05,215018.60030446,35.48,coinmarketcap_data_api_listings_historical
2026-02-20,38016,APPon,AppLovin Tokenized Stock (Ondo),416.94372381,215010.54544658,12963.63,coinmarketcap_data_api_listings_historical
2026-02-20,30007,HUND,HUND,0.00053735,214901.68533481,105546.91,coinmarketcap_data_api_listings_historical
2026-02-20,7422,PLOT,PlotX,0.00323793,214735.18608588,0.0,coinmarketcap_data_api_listings_historical
2026-02-20,16975,TTM,Tradetomato,0.00265731,214281.74834441,303.03,coinmarketcap_data_api_listings_historical
2026-02-20,38232,SHITCOIN,Just A Shitcoin,0.00021401,214009.02972451,0.0,coinmarketcap_data_api_listings_historical
2026-02-20,5522,SENSO,SENSO,0.00304181,213745.0604682,60568.85,coinmarketcap_data_api_listings_historical
2026-02-20,28930,OMD,OneMillionDollars,0.00016636,211907.72208285,61841.57,coinmarketcap_data_api_listings_historical
2026-02-20,34910,@G,Graphite Network,0.02057513,211672.03413961,249396.79,coinmarketcap_data_api_listings_historical
2026-02-20,22355,VRTX,Vertex Protocol,0.0003998,211239.04534222,0.0,coinmarketcap_data_api_listings_historical
2026-02-20,2578,TONE,TE-FOOD,0.00021101,211005.12416304,0.0,coinmarketcap_data_api_listings_historical
2026-02-20,11446,SCCP,S.C. Corinthians Fan Token,0.03238902,210499.42815453,66974.21,coinmarketcap_data_api_listings_historical
2026-02-20,38013,MARAon,MARA Holdings Tokenized Stock (Ondo),8.01280048,210355.74974057,741920.49,coinmarketcap_data_api_listings_historical
2026-02-20,7812,SYNC,SYNC Network,0.00099757,210036.37852017,0.0,coinmarketcap_data_api_listings_historical
2026-02-20,4118,FOR,ForTube,0.000264,209883.22310792,13308.86,coinmarketcap_data_api_listings_historical
2026-02-20,28836,KIMBO,Kimbo,3.01e-06,209281.73857936,52142.71,coinmarketcap_data_api_listings_historical
2026-02-20,37464,MARIE,Marie Rose,0.00049736,209233.0914179,3.19,coinmarketcap_data_api_listings_historical
2026-02-20,8075,RLY,Rally,3.359e-05,208934.41439464,0.0,coinmarketcap_data_api_listings_historical
2026-02-20,6537,RFUEL,RioDeFi,0.00060477,208373.21154324,9090.03,coinmarketcap_data_api_listings_historical
2026-02-20,36619,ASRR,Assisterr AI,0.01424139,208209.13136771,25215.58,coinmarketcap_data_api_listings_historical
2026-02-20,12278,PYM,Playermon,0.0004872,208070.74340268,19233.43,coinmarketcap_data_api_listings_historical
2026-02-20,35090,GRIFT,ORBIT,0.00020797,207897.4810046,220.3,coinmarketcap_data_api_listings_historical
2026-02-20,28950,FINC,Finceptor,0.00329878,206424.97025446,47029.6,coinmarketcap_data_api_listings_historical
2026-02-20,4927,GRG,RigoBlock,0.07640524,206375.36274614,0.0,coinmarketcap_data_api_listings_historical
2026-02-20,10275,CATGIRL,catgirl,0.0,206119.70227655,114.27,coinmarketcap_data_api_listings_historical
2026-02-20,36720,FLY,Fly.trade,0.01467387,205796.72890375,62847.11,coinmarketcap_data_api_listings_historical
2026-02-20,24050,PMG,Pomerium,0.00117732,205410.44775423,64946.33,coinmarketcap_data_api_listings_historical
2026-02-20,8365,CWS,Seascape Crowns,0.02681771,205044.21283563,43456.08,coinmarketcap_data_api_listings_historical
2026-02-20,10042,KAR,Karura,0.00175693,204975.68367829,54176.8,coinmarketcap_data_api_listings_historical
2026-02-20,29396,CTF,CryptoTradingFund,0.0433471,204693.22234834,264.12,coinmarketcap_data_api_listings_historical
2026-02-20,34078,ELIZA,Eliza (elizawakesup),0.00020363,203618.02339299,76704.4,coinmarketcap_data_api_listings_historical
2026-02-20,39476,CATCOIN,Catcoin (catcoin.io),0.00020346,203463.56037971,41206.06,coinmarketcap_data_api_listings_historical
2026-02-20,12799,IOEN,Internet of Energy Network,0.00064029,203004.74226731,0.0,coinmarketcap_data_api_listings_historical
2026-02-20,28613,PIKACHU,PIKACHU INU,0.0,202613.04774557,0.0,coinmarketcap_data_api_listings_historical
2026-02-20,36771,BOMB,Bombie,2.249e-05,202437.01831437,64030.65,coinmarketcap_data_api_listings_historical
2026-02-20,9840,NSFW,Pleasure Coin,8.24e-06,201867.30205903,0.0,coinmarketcap_data_api_listings_historical
2026-02-20,10046,MOOV,Dotmoovs,0.00027469,200851.13401415,24375.07,coinmarketcap_data_api_listings_historical
2026-02-20,10232,MAKI,MakiSwap,0.00290195,200152.50922291,0.0,coinmarketcap_data_api_listings_historical
2026-02-20,34284,WSHIDO,Wrapped Shido,0.00023119,199531.9805714,23650.21,coinmarketcap_data_api_listings_historical
2026-02-20,17969,HON,Heroes of NFT,0.00216387,198724.48544063,401.72,coinmarketcap_data_api_listings_historical
2026-02-20,6942,JGN,Juggernaut,0.00132367,198551.07098811,0.0,coinmarketcap_data_api_listings_historical
2026-02-20,5328,WOM,WOM Protocol,0.00102801,198405.71088885,1.18,coinmarketcap_data_api_listings_historical
2026-02-20,36953,XO,XOCIETY,0.00026385,197886.81305388,65501.54,coinmarketcap_data_api_listings_historical
2026-02-20,22827,WNRG,Wrapped-Energi,0.01436822,197654.58294967,0.0,coinmarketcap_data_api_listings_historical
2026-02-20,37566,DARKSTAR,DarkStar,0.00065312,197386.77944206,5651.59,coinmarketcap_data_api_listings_historical
2026-02-20,27809,XRP,HarryPotterObamaPacMan8Inu,0.00241123,196750.66453235,0.0,coinmarketcap_data_api_listings_historical
2026-02-20,38087,SBETon,"SharpLink Gaming, Inc Tokenized Stock (Ondo)",6.7102032,196013.30474436,1608022.23,coinmarketcap_data_api_listings_historical
2026-02-20,1814,MRX,Metrix Coin,1.158e-05,195862.20748444,15.35,coinmarketcap_data_api_listings_historical
2026-02-20,8801,LIGHT,Light,0.00303356,194966.27634499,0.0,coinmarketcap_data_api_listings_historical
2026-02-20,35189,GEKKO,Gekko AI,0.00019443,194430.4455575,0.0,coinmarketcap_data_api_listings_historical
2026-02-20,35085,ANDY,Andy BSC,0.0,194363.5199,1498.6,coinmarketcap_data_api_listings_historical
2026-02-20,30448,ORBT,Orbitt Token,0.01300103,194235.43739088,0.0,coinmarketcap_data_api_listings_historical
2026-02-20,38250,MCGA,Make CRO Great Again,0.00019377,193772.74295315,0.0,coinmarketcap_data_api_listings_historical
2026-02-20,34007,BARSIK,Hasbulla's Cat,0.00019302,193001.05993864,140687.98,coinmarketcap_data_api_listings_historical
2026-02-20,24968,ELMO,Elmo,0.00072919,192949.50093663,617.58,coinmarketcap_data_api_listings_historical
2026-02-20,8236,GLCH,Glitch,0.00243137,192766.42906242,0.0,coinmarketcap_data_api_listings_historical
2026-02-20,3935,SRK,SparkPoint,1.481e-05,192627.74454258,0.0,coinmarketcap_data_api_listings_historical
2026-02-20,39327,$LSD,LSD,0.00019223,192232.96168143,11282.43,coinmarketcap_data_api_listings_historical
2026-02-20,35629,EXPERT,EXPERT_MONEY,0.00026292,191926.71319075,59414.5,coinmarketcap_data_api_listings_historical
2026-02-20,35236,KUDAI,Kudai,1.91e-06,191470.7516357,0.0,coinmarketcap_data_api_listings_historical
2026-02-20,37060,NFLXX,Netflix tokenized stock (xStock),76.4032141,191008.01002977,11624.19,coinmarketcap_data_api_listings_historical
2026-02-20,11983,HUDI,Hudi,0.00947296,190984.55654037,0.0,coinmarketcap_data_api_listings_historical
2026-02-20,10704,BMON,Binamon,0.00165268,190808.88097739,8537.95,coinmarketcap_data_api_listings_historical
2026-02-20,36379,ELDE,Elderglade,0.00095282,190802.60760388,84549.77,coinmarketcap_data_api_listings_historical
2026-02-20,4134,KAON,Kaon,4.299e-05,190710.15113055,14936.12,coinmarketcap_data_api_listings_historical
2026-02-20,35448,BUNKER,BunkerCoin,0.00019067,190670.25929566,0.0,coinmarketcap_data_api_listings_historical
2026-02-20,9954,NETVR,Netvrk,0.00191124,190235.24438393,0.0,coinmarketcap_data_api_listings_historical
2026-02-20,34855,LUIGI,Luigi Mangione,0.00018959,189580.52224428,5.04,coinmarketcap_data_api_listings_historical
2026-02-20,38137,HYPR,Hypr,0.00027009,189061.30934544,0.0,coinmarketcap_data_api_listings_historical
2026-02-20,29605,G3,GAM3S.GG,0.00028486,188847.2528813,154076.16,coinmarketcap_data_api_listings_historical
2026-02-20,33489,SPEEDY,Speedy,0.00018863,188625.10285583,0.0,coinmarketcap_data_api_listings_historical
2026-02-20,19162,BEND,BendDAO,4.634e-05,188290.14538374,0.0,coinmarketcap_data_api_listings_historical
2026-02-20,34499,MOZ,Lumoz,0.00017028,187304.75003319,0.0,coinmarketcap_data_api_listings_historical
2026-02-20,32464,NEIRO,Neiro (neiro.lol),0.00018725,187252.3576862,235672.43,coinmarketcap_data_api_listings_historical
2026-02-20,29665,KNINE,K9 Finance,4.6e-07,186851.50867291,10938.89,coinmarketcap_data_api_listings_historical
2026-02-20,38412,STRSZN,Stream SZN,0.00018664,186643.41375263,0.0,coinmarketcap_data_api_listings_historical
2026-02-20,8621,WATCH,yieldwatch,0.00947091,186345.22070186,0.0,coinmarketcap_data_api_listings_historical
2026-02-20,12487,DARK,Dark Frontiers,0.0010749,186074.942559,9309.2,coinmarketcap_data_api_listings_historical
2026-02-20,20154,ACQ,Acquire.Fi,0.00115638,185677.29712499,28718.81,coinmarketcap_data_api_listings_historical
2026-02-20,38871,LONG,Belong,0.00259079,183859.45352327,74337.22,coinmarketcap_data_api_listings_historical
2026-02-20,1669,HMQ,Humaniq,0.00088686,183707.75824939,0.0,coinmarketcap_data_api_listings_historical
2026-02-20,8637,SLICE,Tranche Finance,0.00918129,183625.78133837,8813.8,coinmarketcap_data_api_listings_historical
2026-02-20,16252,ORT,Okratech Token,0.0002236,182620.08494202,115375.07,coinmarketcap_data_api_listings_historical
2026-02-20,11130,PVU,Plant Vs Undead,0.00061436,182433.51161444,10060.05,coinmarketcap_data_api_listings_historical
2026-02-20,30278,YAI,Ÿ,0.00200214,182194.72035646,0.0,coinmarketcap_data_api_listings_historical
2026-02-20,34552,AIXCB,aixCB by Virtuals,0.00018309,181899.19747526,0.0,coinmarketcap_data_api_listings_historical
2026-02-20,30619,CHUCK,Chuck,0.00020704,181660.12115635,53947.44,coinmarketcap_data_api_listings_historical
2026-02-20,23196,GRV,Grove Coin,0.00191015,181623.85880155,20264.29,coinmarketcap_data_api_listings_historical
2026-02-20,2444,C20,CRYPTO20,0.00448263,180930.1344384,0.0,coinmarketcap_data_api_listings_historical
2026-02-20,35774,BUTTCOIN,The Next Bitcoin,0.00018094,180790.59516345,126389.56,coinmarketcap_data_api_listings_historical
2026-02-20,7590,DVI,Dvision Network,0.00018059,180588.89571788,17.02,coinmarketcap_data_api_listings_historical
2026-02-20,35073,NEUR,neur.sh,0.00019406,180356.82038261,1743.66,coinmarketcap_data_api_listings_historical
2026-02-20,29328,DEFROGS,DeFrogs,18.00588244,180058.82444763,0.0,coinmarketcap_data_api_listings_historical
2026-02-20,23546,CSIX,Carbon browser,0.00045259,179490.21935537,55018.5,coinmarketcap_data_api_listings_historical
2026-02-20,20236,GST,Green Satoshi Token (BSC),0.00084375,179222.8690685,0.0,coinmarketcap_data_api_listings_historical
2026-02-20,7588,GSWAP,Gameswap,0.01614089,178079.83631627,0.0,coinmarketcap_data_api_listings_historical
2026-02-20,31036,CARLO,Carlo,0.00019151,177512.8770926,0.0,coinmarketcap_data_api_listings_historical
2026-02-20,10421,XTM,Torum,0.00091309,177228.07929403,33466.98,coinmarketcap_data_api_listings_historical
2026-02-20,39187,OOOO,oooo,0.00111453,176764.74318093,965036.19,coinmarketcap_data_api_listings_historical
2026-02-20,38207,CELB,CeluvPlay,0.00073989,176647.73738042,15430.61,coinmarketcap_data_api_listings_historical
2026-02-20,31284,HAMMY,SAD HAMSTER,0.00018681,175953.58303039,319.52,coinmarketcap_data_api_listings_historical
2026-02-20,30550,HAMI,HAMI,0.0001827,175795.16317777,53355.35,coinmarketcap_data_api_listings_historical
2026-02-20,4850,LINKA,LINKA,0.00025161,174652.47502182,364.06,coinmarketcap_data_api_listings_historical
2026-02-20,39171,SHISA,SHISA,0.00019343,174605.50974685,0.0,coinmarketcap_data_api_listings_historical
2026-02-20,7412,UFT,UniLend,0.00190357,174498.18066275,60670.07,coinmarketcap_data_api_listings_historical
2026-02-20,19779,DMAIL,DMAIL Network,0.001417,174157.07223318,127394.11,coinmarketcap_data_api_listings_historical
2026-02-20,8387,AUTO,Auto,2.27137636,174136.9099928,10.21,coinmarketcap_data_api_listings_historical
2026-02-20,34583,MYSTERY,Mystery,0.0,174107.44197297,125050.71,coinmarketcap_data_api_listings_historical
2026-02-20,20048,WNDR,Wonderman Nation,0.01220258,173465.73576465,9123.31,coinmarketcap_data_api_listings_historical
2026-02-20,38336,ART,LiveArt,0.00043862,173294.59843021,966813.16,coinmarketcap_data_api_listings_historical
2026-02-20,34209,SUGAR,Sugar Boy,0.00017704,172862.83974922,4407.66,coinmarketcap_data_api_listings_historical
2026-02-20,2608,MITH,Mithril,0.00017261,172613.69143539,9896.25,coinmarketcap_data_api_listings_historical
2026-02-20,34376,CNDY,SUGARVERSE,0.00036986,172577.10524545,15488.42,coinmarketcap_data_api_listings_historical
2026-02-20,12653,ROCO,ROCO FINANCE,0.00995383,172189.43966043,0.0,coinmarketcap_data_api_listings_historical
2026-02-20,34793,STARS,STARS,4.06e-06,170958.82384207,0.0,coinmarketcap_data_api_listings_historical
2026-02-20,34571,BULLY,Dolos The Bully,0.00017795,170932.84845758,75370.98,coinmarketcap_data_api_listings_historical
2026-02-20,34915,BEATS,Beats on Base,0.00026367,170012.99290713,2514.1,coinmarketcap_data_api_listings_historical
2026-02-20,38516,PRICELESS,Priceless,0.00016915,169146.44454585,179850.25,coinmarketcap_data_api_listings_historical
2026-02-20,7805,MUSE,Muse,0.33247228,169080.10924083,9508.06,coinmarketcap_data_api_listings_historical
2026-02-20,788,COVAL,Circuits of Value,9.414e-05,168029.3412428,0.0,coinmarketcap_data_api_listings_historical
2026-02-20,16652,WNK,The Winkyverse,2.994e-05,167951.61230636,0.0,coinmarketcap_data_api_listings_historical
2026-02-20,12280,BHO,BHO Network,4.154e-05,167871.61436504,0.0,coinmarketcap_data_api_listings_historical
2026-02-20,33468,SEED,SEED,0.00047007,167260.75014668,21.21,coinmarketcap_data_api_listings_historical
2026-02-20,30979,eloncoin,eloncoin,2.4e-07,166634.63926885,0.0,coinmarketcap_data_api_listings_historical
2026-02-20,35545,EDWIN,Edwin,0.0001666,166595.57372826,1177.78,coinmarketcap_data_api_listings_historical
2026-02-20,11529,GALO,Clube Atlético Mineiro Fan Token,0.03534642,166430.67748492,10682.28,coinmarketcap_data_api_listings_historical
2026-02-20,27076,WTFUEL,Wrapped TFUEL,0.01448052,166397.19761627,0.0,coinmarketcap_data_api_listings_historical
2026-02-20,2553,RFR,Refereum,3.327e-05,166308.82714103,11488.98,coinmarketcap_data_api_listings_historical
2026-02-20,9693,DOGGY,DOGGY,7.375e-05,165974.06672823,0.0,coinmarketcap_data_api_listings_historical
2026-02-20,34971,NC,Nodepay,0.00093179,165367.0884272,393181.63,coinmarketcap_data_api_listings_historical
2026-02-20,10586,TABOO,TABOO TOKEN,1.69e-05,165320.30973836,0.0,coinmarketcap_data_api_listings_historical
2026-02-20,11945,MAT,My Master War,0.00170583,165077.83719093,0.0,coinmarketcap_data_api_listings_historical
2026-02-20,1834,PLR,Pillar,0.00063589,164916.76901824,15.5,coinmarketcap_data_api_listings_historical
2026-02-20,33858,888,888,0.00185281,164630.02646038,0.0,coinmarketcap_data_api_listings_historical
2026-02-20,16996,PIP,Pip,0.00030173,164419.6032788,0.0,coinmarketcap_data_api_listings_historical
2026-02-20,5354,PEAK,PEAKDEFI,9.918e-05,164412.43062178,0.0,coinmarketcap_data_api_listings_historical
2026-02-20,37754,LOOBY,Looby By Stephen Bliss,0.00017116,163109.55985356,0.0,coinmarketcap_data_api_listings_historical
2026-02-20,32797,IVfun,Invest Zone,0.00017311,162764.0325133,0.0,coinmarketcap_data_api_listings_historical
2026-02-20,38816,NB,Nubila Network,0.00088402,162659.26331733,282929.54,coinmarketcap_data_api_listings_historical
2026-02-20,39345,SIGHT,Empire of Sight,0.0006176,161910.18062939,281631.38,coinmarketcap_data_api_listings_historical
2026-02-20,34073,OCTO,OctonetAI,0.00163952,161492.77329259,80689.25,coinmarketcap_data_api_listings_historical
2026-02-20,38532,PKM,Pockemy,0.0001612,161191.29028788,0.0,coinmarketcap_data_api_listings_historical
2026-02-20,2297,STMX,StormX,1.305e-05,161141.90448912,10.46,coinmarketcap_data_api_listings_historical
2026-02-20,18208,KUNCI,Kunci Coin,0.00013045,160794.2490981,0.0,coinmarketcap_data_api_listings_historical
2026-02-20,33571,SWORLD,Seedworld,2.664e-05,160555.72070349,130.71,coinmarketcap_data_api_listings_historical
2026-02-20,15996,PSTAKE,pSTAKE Finance,0.00036448,160243.03697675,309027.79,coinmarketcap_data_api_listings_historical
2026-02-20,5612,SSG,SOMESING,4.899e-05,160004.23282858,0.0,coinmarketcap_data_api_listings_historical
2026-02-20,35469,ONDOAI,Ondo DeFAI,0.00015992,159917.12032603,0.0,coinmarketcap_data_api_listings_historical
2026-02-20,34090,URO,Urolithin A,0.00016004,159902.28568824,5096.31,coinmarketcap_data_api_listings_historical
2026-02-20,36638,NURA,Nura Labs,1.584e-05,158381.242478,676433.17,coinmarketcap_data_api_listings_historical
2026-02-20,15564,DXGM,DEXGame,0.00024986,158153.83076637,13512.05,coinmarketcap_data_api_listings_historical
2026-02-20,19476,TIFI,TiFi Token,0.0,158097.92177087,0.0,coinmarketcap_data_api_listings_historical
2026-02-20,9461,XWG,X World Games,4.622e-05,157997.53297994,0.0,coinmarketcap_data_api_listings_historical
2026-02-20,7750,EDEN,Eden,0.01180543,156216.83499703,933.01,coinmarketcap_data_api_listings_historical
2026-02-20,36448,TGT,TOKYO GAMES TOKEN,0.00097082,156129.514054,174304.5,coinmarketcap_data_api_listings_historical
2026-02-20,19670,KZEN,Kaizen Finance,0.00036339,155804.38109386,30470.62,coinmarketcap_data_api_listings_historical
2026-02-20,5062,LX,LayerX,1.556e-05,155640.93382582,0.0,coinmarketcap_data_api_listings_historical
2026-02-20,11209,TRAVA,TRAVA.FINANCE,3.442e-05,155218.74947284,64285.34,coinmarketcap_data_api_listings_historical
2026-02-20,20013,RET,Renewable Energy Token,0.0,154858.81055157,150801.87,coinmarketcap_data_api_listings_historical
2026-02-20,4777,AZ,Azbit,2.22e-06,154683.96204012,0.0,coinmarketcap_data_api_listings_historical
2026-02-20,31716,SKAI,Skillful AI,0.00040974,154414.79565856,9883.48,coinmarketcap_data_api_listings_historical
2026-02-20,13632,GENE,Genopets,0.00172247,154345.55350776,182.21,coinmarketcap_data_api_listings_historical
2026-02-20,38851,UTOPIA,Utopia,0.00017145,154329.33302541,1148508.47,coinmarketcap_data_api_listings_historical
2026-02-20,33785,UNIT0,UNIT0,0.03025527,154279.07299603,23043.62,coinmarketcap_data_api_listings_historical
2026-02-20,12722,CWAR,Cryowar,0.00059247,154042.82532764,8798.44,coinmarketcap_data_api_listings_historical
2026-02-20,14661,SPFC,Sao Paulo FC Fan Token,0.03209767,153357.78776091,11037.37,coinmarketcap_data_api_listings_historical
2026-02-20,18184,BBS,BBS Network,0.0021902,153206.08018962,312.73,coinmarketcap_data_api_listings_historical
2026-02-20,5906,NVT,NerveNetwork,0.00055216,152938.49794451,0.0,coinmarketcap_data_api_listings_historical
2026-02-20,37221,AP,America Party,0.00015251,152511.03576998,0.0,coinmarketcap_data_api_listings_historical
2026-02-20,15889,MEFA,Metaverse Face,1.602e-05,152442.70654624,0.0,coinmarketcap_data_api_listings_historical
2026-02-20,18978,ITHEUM,Itheum,0.00031318,152345.25549677,68.27,coinmarketcap_data_api_listings_historical
2026-02-20,28704,DFC,DeFinder Capital,0.00573283,152282.82172577,0.0,coinmarketcap_data_api_listings_historical
2026-02-20,32790,EBULL,ETHEREUM IS GOOD,1.52e-05,152035.91823231,0.0,coinmarketcap_data_api_listings_historical
2026-02-20,39316,VRTon,Vertiv Tokenized Stock (Ondo),243.66089485,151623.18782587,89439.91,coinmarketcap_data_api_listings_historical
2026-02-20,18182,WGLMR,Wrapped Moonbeam,0.01315698,151613.42613972,0.0,coinmarketcap_data_api_listings_historical
2026-02-20,33901,AIPO,Aipocalypto,0.0010866,151581.06753511,78193.75,coinmarketcap_data_api_listings_historical
2026-02-20,37278,FCK925,FCK925,0.0001515,151501.33189836,0.0,coinmarketcap_data_api_listings_historical
2026-02-20,32836,SAI,Sharpe AI,0.00135085,151054.12756071,78122.75,coinmarketcap_data_api_listings_historical
2026-02-20,9345,BSCS,BSCS,0.00055934,150997.47744003,8489.85,coinmarketcap_data_api_listings_historical
2026-02-20,38512,KLINK,Klink Finance,0.00065158,150949.81159032,1493651.56,coinmarketcap_data_api_listings_historical
2026-02-20,26585,PLANET,PLANET,1.8e-07,150618.40944028,9275.94,coinmarketcap_data_api_listings_historical
2026-02-20,35117,AIPUMP,aiPump,0.00039495,150343.67570396,7443.36,coinmarketcap_data_api_listings_historical
2026-02-20,33614,MemesAI,Memes AI,0.00014922,149215.46733356,95116.73,coinmarketcap_data_api_listings_historical
2026-02-20,35101,LMY,Locked Money,0.00024712,148876.05328481,337.46,coinmarketcap_data_api_listings_historical
2026-02-20,19268,PLY,Aurigami,3.599e-05,148506.0014019,0.0,coinmarketcap_data_api_listings_historical
2026-02-20,38949,DGRAM,Datagram Network,7.077e-05,147949.77701112,362812.17,coinmarketcap_data_api_listings_historical
2026-02-20,18802,DUST,Dust Protocol,0.00772505,147887.99739997,0.0,coinmarketcap_data_api_listings_historical
2026-02-20,12253,WOOF,WOOF,8.25e-06,147686.17779199,170.27,coinmarketcap_data_api_listings_historical
2026-02-20,90,DIME,Dimecoin,3.1e-07,146522.47083519,0.01,coinmarketcap_data_api_listings_historical
2026-02-20,2921,OLT,OneLedger,0.00028889,146448.05927415,138272.45,coinmarketcap_data_api_listings_historical
2026-02-20,11541,ARV,Ariva,2.01e-06,146111.19654974,45.29,coinmarketcap_data_api_listings_historical
2026-02-20,17073,FYN,Affyn,0.00057249,145432.70179623,10466.56,coinmarketcap_data_api_listings_historical
2026-02-20,12294,ERTHA,Ertha,7.248e-05,144952.44386148,0.9,coinmarketcap_data_api_listings_historical
2026-02-20,36729,$GREMLY,Gremly,0.0,143774.71560397,5459.19,coinmarketcap_data_api_listings_historical
2026-02-20,37521,MINDFAK,Mindfak By Matt Furie,0.00020806,143559.3179688,943044.72,coinmarketcap_data_api_listings_historical
2026-02-20,16882,SQR,Magic Square,0.00032621,143026.25314326,55720.33,coinmarketcap_data_api_listings_historical
2026-02-20,30645,POWSCHE,Powsche,0.00149705,142294.38794428,0.0,coinmarketcap_data_api_listings_historical
2026-02-20,7262,XDNA,extraDNA,0.00011952,142235.28326818,0.0,coinmarketcap_data_api_listings_historical
2026-02-20,12621,SCPT,Script Network,0.00020833,141835.52749978,72100.98,coinmarketcap_data_api_listings_historical
2026-02-20,29968,KLS,Karlsen,5.276e-05,141413.1041231,131799.91,coinmarketcap_data_api_listings_historical
2026-02-20,34105,SEKOIA,sekoia by Virtuals,0.00014296,140987.15467876,73344.42,coinmarketcap_data_api_listings_historical
2026-02-20,23213,stJUNO,Stride Staked JUNO,0.04970469,140480.71865632,0.0,coinmarketcap_data_api_listings_historical
2026-02-20,2642,CVT,CyberVein,0.00013237,140361.83244529,0.0,coinmarketcap_data_api_listings_historical
2026-02-20,33087,FU,FU Coin,7.2e-07,140150.0392045,0.0,coinmarketcap_data_api_listings_historical
2026-02-20,25219,DONS,The Dons,1.719e-05,140078.65790094,0.0,coinmarketcap_data_api_listings_historical
2026-02-20,21959,MIBR,MIBR Fan Token,0.02360312,139855.27156423,0.0,coinmarketcap_data_api_listings_historical
2026-02-20,11349,ADAPAD,ADAPad,0.00118754,139705.47218284,9802.44,coinmarketcap_data_api_listings_historical
2026-02-20,36312,WIZARD,Wizard Gang,0.00013833,138301.1678907,143078.05,coinmarketcap_data_api_listings_historical
2026-02-20,26,JKC,Junkcoin,0.0077216,137778.53903542,53677.41,coinmarketcap_data_api_listings_historical
2026-02-20,24996,KEKE,KEK,0.0,137519.88420776,0.46,coinmarketcap_data_api_listings_historical
2026-02-20,36604,PFVS,Puffverse,0.00116157,135438.89296501,38475.28,coinmarketcap_data_api_listings_historical
2026-02-20,21513,EGO,EGO,0.00067414,135259.24112707,73229.96,coinmarketcap_data_api_listings_historical
2026-02-20,29262,CAU,Canxium,0.10908744,134393.54023212,7677.42,coinmarketcap_data_api_listings_historical
2026-02-20,34516,RAT,RAT Escape,0.00013421,134205.49042955,20962.73,coinmarketcap_data_api_listings_historical
2026-02-20,11324,KNIGHT,Forest Knight,0.00280669,133647.36799227,0.0,coinmarketcap_data_api_listings_historical
2026-02-20,6156,DONUT,Donut,0.00110969,133558.16868024,0.0,coinmarketcap_data_api_listings_historical
2026-02-20,29059,CCC,Coconut Chicken,1.43e-05,133515.8289174,0.0,coinmarketcap_data_api_listings_historical
2026-02-20,31464,GROYPER,Groyper (groypereth.vip),0.00143213,133187.72092686,2.46,coinmarketcap_data_api_listings_historical
2026-02-20,39190,BLACKWHALE,The Black Whale (blackwhale.fun),0.00013461,132578.18222834,63117.18,coinmarketcap_data_api_listings_historical
2026-02-20,34276,BIAO,BIAO,0.00013221,132212.35123547,208622.27,coinmarketcap_data_api_listings_historical
2026-02-20,36854,TALE,PrompTale AI,0.00130258,132073.23285182,143191.38,coinmarketcap_data_api_listings_historical
2026-02-20,31646,ARTFI,ARTFI,0.00101098,131799.36929557,63566.0,coinmarketcap_data_api_listings_historical
2026-02-20,21701,SKEB,Skeb Coin,0.00011418,131701.73101788,560.62,coinmarketcap_data_api_listings_historical
2026-02-20,10700,KICK,KickToken,0.0010835,131474.75827126,0.0,coinmarketcap_data_api_listings_historical
2026-02-20,39208,FKH,Flying Ketamine Horse,0.00013297,131173.76308149,123795.91,coinmarketcap_data_api_listings_historical
2026-02-20,26914,STT,Statter Network,0.002604,131097.29406754,74881.61,coinmarketcap_data_api_listings_historical
2026-02-20,9237,HZN,Xpanse,0.00108385,130828.59684594,0.0,coinmarketcap_data_api_listings_historical
2026-02-20,9854,TKING,Tiger King Coin,2e-07,130028.80861491,0.0,coinmarketcap_data_api_listings_historical
2026-02-20,8549,POLC,Polkacity,0.00068381,129942.03807319,64691.13,coinmarketcap_data_api_listings_historical
2026-02-20,32000,KAI,KAI KEN,0.0,129911.77535394,0.0,coinmarketcap_data_api_listings_historical
2026-02-20,9245,SATA,Signata,0.00181528,129357.35772788,2.12,coinmarketcap_data_api_listings_historical
2026-02-20,9299,NFTART,NFT Art Finance,0.0,128909.63707835,0.0,coinmarketcap_data_api_listings_historical
2026-02-20,34848,TAOCAT,TAOCat by Virtuals & Masa,0.00012806,128059.59351429,2314.99,coinmarketcap_data_api_listings_historical
2026-02-20,36973,WLFI,Wen Lambo Financial,127.8906109,127890.61090332,168.67,coinmarketcap_data_api_listings_historical
2026-02-20,6891,SHROOM,Niftyx Protocol,0.00247523,127192.37484984,0.0,coinmarketcap_data_api_listings_historical
2026-02-20,21583,WCANTO,Wrapped CANTO,0.00133672,126565.88879549,0.0,coinmarketcap_data_api_listings_historical
2026-02-20,38163,FST,FreeStyle Classic,0.00055931,126508.09645738,20183.54,coinmarketcap_data_api_listings_historical
2026-02-20,38292,MIRROR,Black Mirror Experience,0.00131706,126407.4851583,320597.97,coinmarketcap_data_api_listings_historical
2026-02-20,22680,DINO,DinoLFG,0.00040309,126146.83284337,0.0,coinmarketcap_data_api_listings_historical
2026-02-20,35130,LLM,Large Language Model,0.000125,124996.54377151,80711.71,coinmarketcap_data_api_listings_historical
2026-02-20,10334,BABY,BabySwap,0.00020076,124650.57964031,171984.61,coinmarketcap_data_api_listings_historical
2026-02-20,33570,GNON,Numogram,0.00012444,124435.56521104,40.57,coinmarketcap_data_api_listings_historical
2026-02-20,32154,GONDOLA,Gondola,3e-07,124398.48863394,85.01,coinmarketcap_data_api_listings_historical
2026-02-20,37694,AIBOT,Cherry AI,0.0005614,124350.99952385,201268.78,coinmarketcap_data_api_listings_historical
2026-02-20,36813,LBAI,Lemmy The Bat,1.8e-06,124280.10053053,189095.57,coinmarketcap_data_api_listings_historical
2026-02-20,34513,MUSKIT,Musk It,0.00012426,124263.11722546,82556.18,coinmarketcap_data_api_listings_historical
2026-02-20,22103,LNR,Lunar,0.00168012,124044.84979821,0.0,coinmarketcap_data_api_listings_historical
2026-02-20,11234,POSI,Position Exchange,0.00134891,123670.3277532,0.0,coinmarketcap_data_api_listings_historical
2026-02-20,11664,YAY,YAY Network,0.00017956,123488.86806994,0.0,coinmarketcap_data_api_listings_historical
2026-02-20,6827,JOY,Joystream,0.00011021,123342.72115814,35758.96,coinmarketcap_data_api_listings_historical
2026-02-20,22724,VASCO,Vasco da Gama Fan Token,0.03085203,122784.79995954,1240.7,coinmarketcap_data_api_listings_historical
2026-02-20,30011,SKID,Success Kid,0.00141378,122634.79379026,1571.88,coinmarketcap_data_api_listings_historical
2026-02-20,32183,MATT,Matt Furie,2.9e-07,122567.02024648,0.0,coinmarketcap_data_api_listings_historical
2026-02-20,34645,VNTR,VentureMind AI,0.00028302,122548.72476326,0.0,coinmarketcap_data_api_listings_historical
2026-02-20,30360,WOLF,Landwolf (landwolfcoin),0.00031359,122466.46517756,0.0,coinmarketcap_data_api_listings_historical
2026-02-20,31530,LFGO,Lets Fuckin Go,0.00012228,122261.1087715,0.0,coinmarketcap_data_api_listings_historical
2026-02-20,36944,MORE,Moonveil,0.00067894,122133.63398256,293274.33,coinmarketcap_data_api_listings_historical
2026-02-20,22965,TIGRES,Tigres Fan Token,0.0302,121617.4838,1369.64,coinmarketcap_data_api_listings_historical
2026-02-20,36355,HOSICO,Hosico,0.00012137,121367.81836031,157257.79,coinmarketcap_data_api_listings_historical
2026-02-20,10893,BRKL,Brokoli Network,0.00226916,121337.71898638,9142.77,coinmarketcap_data_api_listings_historical
2026-02-20,34977,FLORK,flork cto,0.00012896,121062.41839766,80334.97,coinmarketcap_data_api_listings_historical
2026-02-20,15240,SENATE,SENATE,0.00082139,120724.23304821,0.0,coinmarketcap_data_api_listings_historical
2026-02-20,6218,ARCONA,Arcona,0.0053576,119389.55926737,4.49,coinmarketcap_data_api_listings_historical
2026-02-20,32576,JHH,Jen-Hsun Huang,1e-08,118992.1816943,0.0,coinmarketcap_data_api_listings_historical
2026-02-20,8164,JULD,JulSwap,0.00019992,118387.54589467,21480.73,coinmarketcap_data_api_listings_historical
2026-02-20,9511,DFYN,Dfyn Network,0.00068782,118222.18737724,57214.46,coinmarketcap_data_api_listings_historical
2026-02-20,2861,GO,GoChain,8.752e-05,117540.18056838,437.59,coinmarketcap_data_api_listings_historical
2026-02-20,34771,SKICAT,Ski Mask Cat,0.00011866,117496.29446234,77265.69,coinmarketcap_data_api_listings_historical
2026-02-20,31534,ELIX,Elixir Games,0.00047759,117451.83161643,14480.03,coinmarketcap_data_api_listings_historical
2026-02-20,27811,KAT,Karat,0.00045862,117196.08763647,9250.9,coinmarketcap_data_api_listings_historical
2026-02-20,35163,BOTIFY,BOTIFY,0.00011707,117044.88662054,10627.81,coinmarketcap_data_api_listings_historical
2026-02-20,29853,ELGATO,el gato,1.169e-05,116876.21419083,226.71,coinmarketcap_data_api_listings_historical
2026-02-20,2757,CLO,Callisto Network,3.546e-05,116569.43227351,0.0,coinmarketcap_data_api_listings_historical
2026-02-20,33162,MARS,Mars,2.8e-07,116496.01880243,98548.42,coinmarketcap_data_api_listings_historical
2026-02-20,4299,TOKO,Tokoin,6.2e-05,115990.25536337,8748.56,coinmarketcap_data_api_listings_historical
2026-02-20,38972,DIGI,MineD,4.62e-06,115654.10510586,48922.59,coinmarketcap_data_api_listings_historical
2026-02-20,39216,PIKZ,PIKZ,0.01149242,114924.23048866,884.43,coinmarketcap_data_api_listings_historical
2026-02-20,36593,E,EAGLEBUILDER,0.00011464,114635.35514209,2202.06,coinmarketcap_data_api_listings_historical
2026-02-20,8351,ROOM,OptionRoom,0.00917348,114607.65814309,941.26,coinmarketcap_data_api_listings_historical
2026-02-20,37572,MM,MOMOFUN,1.468e-05,114541.29204443,27723.68,coinmarketcap_data_api_listings_historical
2026-02-20,33177,MBP,MBP Coin,0.00715165,114389.99536158,109469.3,coinmarketcap_data_api_listings_historical
2026-02-20,5423,DSLA,DSLA Protocol,2.078e-05,114100.85095933,0.0,coinmarketcap_data_api_listings_historical
2026-02-20,35510,CONCHO,Sapo Concho,0.00011397,113908.25908433,109091.41,coinmarketcap_data_api_listings_historical
2026-02-20,38212,XLAB,Dexlab,3.2e-07,113565.9374256,300104.0,coinmarketcap_data_api_listings_historical
2026-02-20,17010,STEP,Step®,0.00011549,113357.67779449,0.0,coinmarketcap_data_api_listings_historical
2026-02-20,29576,GPT,QnA3.AI,0.00013621,113269.48643253,13088.54,coinmarketcap_data_api_listings_historical
2026-02-20,9889,BIST,Bistroo,0.00203825,113085.77917323,99907.3,coinmarketcap_data_api_listings_historical
2026-02-20,7033,ESD,Empty Set Dollar,0.00025354,113081.33674818,1.35,coinmarketcap_data_api_listings_historical
2026-02-20,35824,PERRY,Perry,0.0001118,111801.615942,0.0,coinmarketcap_data_api_listings_historical
2026-02-20,9608,BOO,SpookySwap,0.01531657,111186.16902248,0.0,coinmarketcap_data_api_listings_historical
2026-02-20,11815,ECLD,Ethernity CLOUD,0.00024173,111069.30818824,0.0,coinmarketcap_data_api_listings_historical
2026-02-20,29575,VES,Vestate,0.00077072,110752.1984555,116489.41,coinmarketcap_data_api_listings_historical
2026-02-20,29750,HOTKEY,HotKeySwap,0.00116073,109923.18256613,0.0,coinmarketcap_data_api_listings_historical
2026-02-20,33500,TALENT,Talent Protocol,0.00055716,109847.7049005,17699.52,coinmarketcap_data_api_listings_historical
2026-02-20,35607,MEMHASH,Memhash,0.00013018,109789.38539764,0.0,coinmarketcap_data_api_listings_historical
2026-02-20,34079,ELIZA,Eliza (ai16zeliza),0.00011421,109759.50447885,24097.04,coinmarketcap_data_api_listings_historical
2026-02-20,13727,SHIRYO,Shiryo,0.0,109734.50155,0.0,coinmarketcap_data_api_listings_historical
2026-02-20,6669,CVP,PowerPool,0.0024196,109419.08634056,286.74,coinmarketcap_data_api_listings_historical
2026-02-20,32368,FEFE,Fefe,0.00025992,109346.21885637,51512.23,coinmarketcap_data_api_listings_historical
2026-02-20,29170,BEFI,BeFi Labs,0.00140633,109193.63128446,18015.96,coinmarketcap_data_api_listings_historical
2026-02-20,36168,MOSS,MOSS AI,0.00011997,109019.17497141,74701.32,coinmarketcap_data_api_listings_historical
2026-02-20,5893,FRONT,Frontier,0.01401645,108772.59879945,0.0,coinmarketcap_data_api_listings_historical
2026-02-20,13856,LAVA,Vulcan Forged (LAVA),0.00043964,108106.34960866,0.0,coinmarketcap_data_api_listings_historical
2026-02-20,9673,LOWB,Loser Coin,1.78e-06,107109.00767096,0.0,coinmarketcap_data_api_listings_historical
2026-02-20,37666,BOSS,Ibiza Final Boss,0.00011438,106409.86421211,1144.43,coinmarketcap_data_api_listings_historical
2026-02-20,29145,BNBLION,BNB LION,0.0,105664.41448217,9271.09,coinmarketcap_data_api_listings_historical
2026-02-20,28870,GEC,Gecko Inu,0.0,105383.82509435,15918.27,coinmarketcap_data_api_listings_historical
2026-02-20,12751,BCMC,Blockchain Monster Hunt,0.00043265,105334.4734594,0.0,coinmarketcap_data_api_listings_historical
2026-02-20,29978,APRS,Apeiron,0.0010376,105328.97372854,8865.75,coinmarketcap_data_api_listings_historical
2026-02-20,33211,BABYBNB,Baby BNB,0.00018954,105164.49222204,124654.8,coinmarketcap_data_api_listings_historical
2026-02-20,13953,SCOTTY,Scotty Beam,0.00022793,104997.44837535,18962.86,coinmarketcap_data_api_listings_historical
2026-02-20,19686,MNTL,AssetMantle,4.529e-05,104558.03241345,0.0,coinmarketcap_data_api_listings_historical
2026-02-20,8874,DAFI,DAFI Protocol,9.176e-05,104516.16886956,276.89,coinmarketcap_data_api_listings_historical
2026-02-20,29890,NFE,Edu3Labs,0.00100092,104470.59938664,8624.92,coinmarketcap_data_api_listings_historical
2026-02-20,29281,EMC,Edge Matrix Chain,0.00051071,104434.00582785,8958.36,coinmarketcap_data_api_listings_historical
2026-02-20,26016,CGV,Cogito Finance,0.00107849,104384.48168851,0.0,coinmarketcap_data_api_listings_historical
2026-02-20,13383,CBX,CropBytes,0.00055962,104253.18769076,0.0,coinmarketcap_data_api_listings_historical
2026-02-20,29855,PAJAMAS,The First Youtube Cat,0.00010617,104034.53855141,85.06,coinmarketcap_data_api_listings_historical
2026-02-20,29558,STRUMP,Super Trump Coin,5.66e-05,104003.4464771,0.0,coinmarketcap_data_api_listings_historical
2026-02-20,36658,COINS,Coin (reservebankapp.com),0.000104,103995.80182345,0.0,coinmarketcap_data_api_listings_historical
2026-02-20,4441,VAIX,Vectorspace AI,0.00207878,103680.8057854,569.39,coinmarketcap_data_api_listings_historical
2026-02-20,10040,WSG,Wall Street Games (old),0.0,103038.09140911,93.12,coinmarketcap_data_api_listings_historical
2026-02-20,38522,SZN,BNB MEME SZN,0.00010297,102971.8263549,129125.16,coinmarketcap_data_api_listings_historical
2026-02-20,8279,NGM,e-Money,0.00520632,102878.34732938,0.0,coinmarketcap_data_api_listings_historical
2026-02-20,32618,WDOG,Wrapped Dog,0.00010282,102820.90225403,0.0,coinmarketcap_data_api_listings_historical
2026-02-20,34520,GOR,Gold Reserve,0.00025929,102364.69997566,0.0,coinmarketcap_data_api_listings_historical
2026-02-20,34916,SEN,Sentio AI,0.00104261,102175.63628239,55446.54,coinmarketcap_data_api_listings_historical
2026-02-20,30133,COINYE,Coinye West,0.00012737,102054.40402731,0.0,coinmarketcap_data_api_listings_historical
2026-02-20,8458,NUX,Peanut,0.00203703,101851.66826977,25594.52,coinmarketcap_data_api_listings_historical
2026-02-20,24275,OGGY,Oggy Inu (BSC),0.0,101696.08089753,0.0,coinmarketcap_data_api_listings_historical
2026-02-20,34984,LOU,Lou,0.0001016,101595.15688429,0.0,coinmarketcap_data_api_listings_historical
2026-02-20,28970,TELEBTC,teleBTC,67976.12562188,101592.04973429,1096152.37,coinmarketcap_data_api_listings_historical
2026-02-20,35181,ETF500,Elon Trump Fart,0.00010141,101409.61037094,0.0,coinmarketcap_data_api_listings_historical
2026-02-20,39147,TTD,TradeTide,0.00073648,101265.54367935,683530.95,coinmarketcap_data_api_listings_historical
2026-02-20,37412,BIGGIE,Biggie,0.0,101137.9,0.0,coinmarketcap_data_api_listings_historical
2026-02-20,36568,NFX,Nova Fox,0.01091644,100970.28271501,1076.44,coinmarketcap_data_api_listings_historical
2026-02-20,35487,LAUNCHCOIN,Launch Coin on Believe,0.00010098,100968.43486789,30312.25,coinmarketcap_data_api_listings_historical
2026-02-20,36079,WTFO,WTF Opossum,0.00011894,100937.17611303,0.0,coinmarketcap_data_api_listings_historical
2026-02-20,7813,BAC,Basis Cash,0.00184429,100652.47784128,10846.8,coinmarketcap_data_api_listings_historical
2026-02-20,2289,GFT,Gifto,4.495e-05,100613.66995609,0.0,coinmarketcap_data_api_listings_historical
2026-02-20,35075,HAT,Top Hat,0.00010134,100327.88221107,10171.05,coinmarketcap_data_api_listings_historical
2026-02-20,23707,HXD,Honeyland,0.00024693,98887.43068806,10818.93,coinmarketcap_data_api_listings_historical
2026-02-20,35595,GMRT,The Game Company,0.00030438,98813.10290784,10381.96,coinmarketcap_data_api_listings_historical
2026-02-20,35815,HVLO,Hivello,9.1e-05,98668.15096162,103491.32,coinmarketcap_data_api_listings_historical
2026-02-20,31210,LEGION,LEGION,0.00036002,98578.83708758,9464.19,coinmarketcap_data_api_listings_historical
2026-02-20,25851,DUCKIES,"Duckies, the canary network for Yellow",0.00189054,98475.20540851,0.0,coinmarketcap_data_api_listings_historical
2026-02-20,20188,MBD,MBD Financials,3.77e-06,97744.11540518,29651.45,coinmarketcap_data_api_listings_historical
2026-02-20,33287,MANYU,littlemanyu,9.772e-05,97649.37541701,0.0,coinmarketcap_data_api_listings_historical
2026-02-20,37066,WBCOIN,Wrapped Coinbase Global tokenized stock (Backed),128.35360133,96938.80410829,0.0,coinmarketcap_data_api_listings_historical
2026-02-20,36807,LAMBO,LAMBO,9.69e-06,96898.17273246,0.0,coinmarketcap_data_api_listings_historical
2026-02-20,32727,FOFAR,Fofar (fofar.meme),0.00010185,96753.77609264,0.0,coinmarketcap_data_api_listings_historical
2026-02-20,15447,LYRA,Lyra,0.00016638,96652.40054475,2.67,coinmarketcap_data_api_listings_historical
2026-02-20,7420,DRC,Digital Reserve Currency,9.614e-05,96142.23599959,43.66,coinmarketcap_data_api_listings_historical
2026-02-20,33195,PESTO,Pesto the Baby King Penguin,9.573e-05,95725.84225806,0.0,coinmarketcap_data_api_listings_historical
2026-02-20,6511,STRONG,Strong,0.68860783,95213.11618316,0.0,coinmarketcap_data_api_listings_historical
2026-02-20,27704,X,X,1e-07,94861.17967366,0.0,coinmarketcap_data_api_listings_historical
2026-02-20,28543,DYP,Dypius [New],0.00041187,94697.83018662,1567.52,coinmarketcap_data_api_listings_historical
2026-02-20,8891,BTCST,Bitcoin Standard Hashrate Token,0.00774816,94538.36924182,55.88,coinmarketcap_data_api_listings_historical
2026-02-20,38040,Von,Visa Tokenized Stock (Ondo),322.21274097,93939.61971076,324800.94,coinmarketcap_data_api_listings_historical
2026-02-20,8265,HELMET,Helmet.insure,0.00216827,93770.37448871,0.0,coinmarketcap_data_api_listings_historical
2026-02-20,38975,SSS,Sparkle,0.00076608,93462.29694314,1004.06,coinmarketcap_data_api_listings_historical
2026-02-20,7882,WOZX,Efforce,0.00017633,92949.65004387,0.0,coinmarketcap_data_api_listings_historical
2026-02-20,8603,TUNE,Bitune,0.00296086,92679.28971769,8762.56,coinmarketcap_data_api_listings_historical
2026-02-20,35989,LF,LF,3.104e-05,92617.33660509,591697.48,coinmarketcap_data_api_listings_historical
2026-02-20,36826,BRIC,Redbrick,0.00039114,91961.46147589,69259.98,coinmarketcap_data_api_listings_historical
2026-02-20,37488,PHY,DePHY Network,0.0012661,91529.60237288,864900.42,coinmarketcap_data_api_listings_historical
2026-02-20,34254,SDM,Shieldeum,0.00024445,91422.0206907,9180.28,coinmarketcap_data_api_listings_historical
2026-02-20,31908,WAT,Wat,2.2e-07,91375.15418232,0.0,coinmarketcap_data_api_listings_historical
2026-02-20,36314,INF,Infinaeon,0.0003507,91351.82718575,0.0,coinmarketcap_data_api_listings_historical
2026-02-20,36881,VIBE,Vibe Cat (Jupiter Studio),0.00114065,91222.57287534,152319.88,coinmarketcap_data_api_listings_historical
2026-02-20,38520,QPAY,Qpay,9.078e-05,90775.56046737,0.0,coinmarketcap_data_api_listings_historical
2026-02-20,37458,BABYGROK,Baby Grok (babygrok.ai),0.0,90746.11395582,447.04,coinmarketcap_data_api_listings_historical
2026-02-20,33098,LOGX,LogX Network,9.066e-05,90661.48900119,11363.23,coinmarketcap_data_api_listings_historical
2026-02-20,29672,UPDOG,What's Updog,9.004e-05,90036.59634633,395.65,coinmarketcap_data_api_listings_historical
2026-02-20,11423,VEMP,VEMP,0.00022124,89610.03772469,33761.46,coinmarketcap_data_api_listings_historical
2026-02-20,27077,WTHETA,Wrapped THETA,0.20018513,89428.06320102,0.0,coinmarketcap_data_api_listings_historical
2026-02-20,28789,SILLY,Silly Dragon,8.895e-05,88948.8443432,216525.95,coinmarketcap_data_api_listings_historical
2026-02-20,5614,ZLW,Zelwin,0.00122798,88822.34422586,15653.17,coinmarketcap_data_api_listings_historical
2026-02-20,38533,HOLY,Holy coin,8.876e-05,88756.42416333,0.0,coinmarketcap_data_api_listings_historical
2026-02-20,32524,GINNAN,Ginnan The Cat,1e-08,88430.95246178,11675.35,coinmarketcap_data_api_listings_historical
2026-02-20,32310,SAITAMA,SAITAMA INU,0.00010062,88315.48821694,0.0,coinmarketcap_data_api_listings_historical
2026-02-20,33117,WAT,WATCoin,6.84e-06,88122.91924004,39883.71,coinmarketcap_data_api_listings_historical
2026-02-20,29297,ORNJ,Orange,0.00125807,87938.82434747,15745.72,coinmarketcap_data_api_listings_historical
2026-02-20,29574,BENDOG,Ben the Dog,8.788e-05,87863.49081371,0.0,coinmarketcap_data_api_listings_historical
2026-02-20,31165,MCG,MetalCore,0.00019704,87799.5521644,0.0,coinmarketcap_data_api_listings_historical
2026-02-20,9691,VRT,Venus Reward Token,3.98e-06,87494.42355888,0.05,coinmarketcap_data_api_listings_historical
2026-02-20,8882,ALL,Alliance Fan Token,0.02879947,87433.87112075,0.0,coinmarketcap_data_api_listings_historical
2026-02-20,28734,AGX,AGIX,0.00094079,87076.37573628,0.0,coinmarketcap_data_api_listings_historical
2026-02-20,33841,EYWA,EYWA,0.00087123,87048.40452998,287506.67,coinmarketcap_data_api_listings_historical
2026-02-20,13216,NINO,Ninneko,0.00133977,86957.04993447,0.0,coinmarketcap_data_api_listings_historical
2026-02-20,36730,CCDOG,Courage The Dog,8.683e-05,86833.29760524,311816.71,coinmarketcap_data_api_listings_historical
2026-02-20,38144,LOOP,Workloop AI,0.00239585,86621.33776141,0.0,coinmarketcap_data_api_listings_historical
2026-02-20,32754,RBTC,RabBitcoin,1e-08,86378.25087063,0.0,coinmarketcap_data_api_listings_historical
2026-02-20,7636,TH,Team Heretics Fan Token,0.03979451,86073.6093581,0.0,coinmarketcap_data_api_listings_historical
2026-02-20,38314,LOLCOIN,Worlds First Memecoin,8.525e-05,85213.45527434,432.17,coinmarketcap_data_api_listings_historical
2026-02-20,9198,HORD,Hord,0.00095883,84967.22884847,0.0,coinmarketcap_data_api_listings_historical
2026-02-20,28805,ANALOS,analoS,1.03e-06,84794.16334072,0.0,coinmarketcap_data_api_listings_historical
2026-02-20,36856,SUGAR,Sugar Daddy Season,8.469e-05,84685.83185861,0.0,coinmarketcap_data_api_listings_historical
2026-02-20,3986,SCC,StakeCubeCoin,0.00512451,84451.95379939,442.94,coinmarketcap_data_api_listings_historical
2026-02-20,18587,SERSH,Serenity,0.00203146,84353.15512672,1362.85,coinmarketcap_data_api_listings_historical
2026-02-20,10055,CSM,Crust Shadow,0.00084127,84126.94580946,401.82,coinmarketcap_data_api_listings_historical
2026-02-20,28467,$PEEP,Peepo (SOL),1.57e-06,83920.82254369,0.0,coinmarketcap_data_api_listings_historical
2026-02-20,22897,REGENT,REGENT COIN,0.02913283,83833.03565682,1131462.59,coinmarketcap_data_api_listings_historical
2026-02-20,3724,SOLVE,SOLVE,0.00011805,82650.64806606,38.62,coinmarketcap_data_api_listings_historical
2026-02-20,16463,SOS,OpenDAO,0.0,82068.0946,0.0,coinmarketcap_data_api_listings_historical
2026-02-20,29305,RODAI,ROD.AI,0.0,81775.34760251,320.06,coinmarketcap_data_api_listings_historical
2026-02-20,16432,DOME,HumainWeb3,4.29e-06,81533.01109493,95151.24,coinmarketcap_data_api_listings_historical
2026-02-20,33657,IGT,Infinitar,0.00017985,81176.8488775,3398.25,coinmarketcap_data_api_listings_historical
2026-02-20,8679,UDO,Unido EP,0.00079976,80821.54010833,6770.32,coinmarketcap_data_api_listings_historical
2026-02-20,5931,KTON,Darwinia Commitment Token,1.56239981,80172.98400567,9102.83,coinmarketcap_data_api_listings_historical
2026-02-20,26386,CONE,BitCone,1.4e-07,79830.5738118,8.2,coinmarketcap_data_api_listings_historical
2026-02-20,35131,QUAIN,QUAIN,7.971e-05,79704.63326188,0.0,coinmarketcap_data_api_listings_historical
2026-02-20,24533,APED,APED,0.08124718,79174.80775804,0.0,coinmarketcap_data_api_listings_historical
2026-02-20,28794,P3D,3DPass,0.00013555,79013.96336091,640.72,coinmarketcap_data_api_listings_historical
2026-02-20,24085,ONE,OneFinity,0.01805584,78933.55438738,2.65,coinmarketcap_data_api_listings_historical
2026-02-20,22290,stAPT,Ditto Staked Aptos,1.0270462,78686.22006464,260.41,coinmarketcap_data_api_listings_historical
2026-02-20,22621,STB,stabble,0.00106314,78554.99574337,9024.94,coinmarketcap_data_api_listings_historical
2026-02-20,6949,HGET,Hedget,0.04470519,78298.81413374,63116.59,coinmarketcap_data_api_listings_historical
2026-02-20,28570,CZGOAT,CZ THE GOAT,7.764e-05,77638.56006037,0.0,coinmarketcap_data_api_listings_historical
2026-02-20,8704,PCNT,Playcent,0.00211438,77624.98099032,0.0,coinmarketcap_data_api_listings_historical
2026-02-20,30826,$MICRO,Micro GPT,0.00010326,77393.62023047,90.35,coinmarketcap_data_api_listings_historical
2026-02-20,35559,HENLO,henlo,0.0,77323.214283,0.0,coinmarketcap_data_api_listings_historical
2026-02-20,10973,UFI,PureFi Protocol,0.00132332,77312.2130058,0.0,coinmarketcap_data_api_listings_historical
2026-02-20,23411,RSO,Real Sociedad Fan Token,0.05878573,76548.2454477,0.0,coinmarketcap_data_api_listings_historical
2026-02-20,39257,TMUSon,T-Mobile US Tokenized Stock (Ondo),219.62581098,76509.27558398,56084.92,coinmarketcap_data_api_listings_historical
2026-02-20,10861,GAME,Gamestarter,0.00107696,76451.27361955,0.0,coinmarketcap_data_api_listings_historical
2026-02-20,13133,ICE,Decentral Games ICE,0.00033546,76036.72164603,0.0,coinmarketcap_data_api_listings_historical
2026-02-20,15924,NVIR,NvirWorld,7.144e-05,75194.14166489,8886.11,coinmarketcap_data_api_listings_historical
2026-02-20,8648,CGG,ChainGuardians,0.00122228,75143.77474598,0.0,coinmarketcap_data_api_listings_historical
2026-02-20,38564,ADOG,Aster Dog,8.018e-05,74957.67186355,0.0,coinmarketcap_data_api_listings_historical
2026-02-20,21997,WAIT,Hourglass,0.00076098,74386.88816434,0.0,coinmarketcap_data_api_listings_historical
2026-02-20,29658,BLENDR,Blendr Network,0.00185135,74161.38111162,26.43,coinmarketcap_data_api_listings_historical
2026-02-20,36641,BROAK,Broak on Base,0.00011918,73717.77361745,56908.74,coinmarketcap_data_api_listings_historical
2026-02-20,35569,DEEPSEEK,Global DePIN Chain,9.331e-05,73711.37978006,287574.39,coinmarketcap_data_api_listings_historical
2026-02-20,4217,BOA,BOSagora,7.497e-05,73400.86490049,22443.26,coinmarketcap_data_api_listings_historical
2026-02-20,32638,CATDOG,CatDog,7.3e-07,73156.2283969,195.71,coinmarketcap_data_api_listings_historical
2026-02-20,6470,HIBS,Hiblocks,7.22e-06,72796.16725262,9206.22,coinmarketcap_data_api_listings_historical
2026-02-20,32205,ROCKY,rocky,7.278e-05,72777.00204532,0.0,coinmarketcap_data_api_listings_historical
2026-02-20,10414,GINUX,Green Shiba Inu [New],2e-08,72643.28670809,0.0,coinmarketcap_data_api_listings_historical
2026-02-20,12649,ALA,Alanyaspor Fan Token,0.03817534,72527.37233377,9289.73,coinmarketcap_data_api_listings_historical
2026-02-20,33110,SOS,Solana Swap,7.225e-05,72246.35060353,0.0,coinmarketcap_data_api_listings_historical
2026-02-20,32854,SLF,Self Chain,0.0004309,71960.40517596,55680.12,coinmarketcap_data_api_listings_historical
2026-02-20,24363,SOULS,Unfettered Ecosystem,6.264e-05,71702.45721846,9228.6,coinmarketcap_data_api_listings_historical
2026-02-20,17231,SNS,Synesis One,0.00015693,71597.66513531,189817.96,coinmarketcap_data_api_listings_historical
2026-02-20,31189,HABIBI,Habibi,8.772e-05,71432.30302209,0.0,coinmarketcap_data_api_listings_historical
2026-02-20,35891,XOXO,XO Protocol,0.00022759,71363.7106084,128036.17,coinmarketcap_data_api_listings_historical
2026-02-20,37074,VULPEFI,Vulpe Finance,0.00105386,71271.99860708,72138.96,coinmarketcap_data_api_listings_historical
2026-02-20,32893,UFO,UFOPepe,7.124e-05,71234.22890755,15729.42,coinmarketcap_data_api_listings_historical
2026-02-20,37520,AI4,AI⁴ | Recursive Superintelligence,7.057e-05,70574.67152347,404388.38,coinmarketcap_data_api_listings_historical
2026-02-20,34563,SCIHUB,sci-hub,7.047e-05,70471.66456361,9999.8,coinmarketcap_data_api_listings_historical
2026-02-20,36348,AMBIOS,Ambios Network,0.00107591,70357.72154358,1915.46,coinmarketcap_data_api_listings_historical
2026-02-20,21722,CHRP,Chirpley,0.00017024,70313.74705361,56707.69,coinmarketcap_data_api_listings_historical
2026-02-20,37102,TEARS,Liberals Tears,7.031e-05,70306.76768174,4907.03,coinmarketcap_data_api_listings_historical
2026-02-20,13011,MBS,Striker League,0.00011224,70197.88668892,0.0,coinmarketcap_data_api_listings_historical
2026-02-20,22487,CATHEON,Artisse,7.247e-05,70193.06610697,4225.15,coinmarketcap_data_api_listings_historical
2026-02-20,8408,GOVI,Govi,0.00217815,69700.85850849,9696.25,coinmarketcap_data_api_listings_historical
2026-02-20,38857,MRLIGHTSPEED,Mr. Lightspeed Creator Coin,0.00014553,69440.48128998,74086.47,coinmarketcap_data_api_listings_historical
2026-02-20,32583,NCN,NeurochainAI,7.394e-05,69420.55940292,40005.21,coinmarketcap_data_api_listings_historical
2026-02-20,2022,INXT,Internxt,0.06188772,69270.55474375,0.0,coinmarketcap_data_api_listings_historical
2026-02-20,37286,ALT,Altcoin,7.678e-05,69087.23656612,0.0,coinmarketcap_data_api_listings_historical
2026-02-20,33584,BOPPY,BOPPY,0.0,69068.44710309,0.0,coinmarketcap_data_api_listings_historical
2026-02-20,32227,COOK,LET HIM COOK,6.866e-05,68585.76550634,0.0,coinmarketcap_data_api_listings_historical
2026-02-20,38104,BLOB,B.O.B the Blob,7.05e-05,68145.70835515,0.0,coinmarketcap_data_api_listings_historical
2026-02-20,31391,APPLE,dog with apple in mouth,6.798e-05,67978.72988889,80553.85,coinmarketcap_data_api_listings_historical
2026-02-20,8364,BMI,Bridge Mutual,0.00105043,67959.45038141,6.81,coinmarketcap_data_api_listings_historical
2026-02-20,28109,WBONE,Shibarium Wrapped BONE,0.06235252,67529.73803326,0.0,coinmarketcap_data_api_listings_historical
2026-02-20,10777,DINO,DinoSwap,0.0004335,67397.48940787,0.0,coinmarketcap_data_api_listings_historical
2026-02-20,1894,TCC,The ChampCoin,0.00134459,67229.5437493,12.42,coinmarketcap_data_api_listings_historical
2026-02-20,28725,MMA,Meme Alliance,0.00076841,67203.19617477,181.35,coinmarketcap_data_api_listings_historical
2026-02-20,39338,死了么,死了么,6.702e-05,67018.89604866,2475.56,coinmarketcap_data_api_listings_historical
2026-02-20,29487,BAG,Bag,1.514e-05,66794.25561679,0.0,coinmarketcap_data_api_listings_historical
2026-02-20,37577,MSIA,Messiah,0.00910486,65885.86123588,0.0,coinmarketcap_data_api_listings_historical
2026-02-20,39188,CT,Cryptic,0.00131523,65811.85764007,0.0,coinmarketcap_data_api_listings_historical
2026-02-20,38475,ASTERINU,Aster Inu,6.635e-05,65686.25315496,15459.28,coinmarketcap_data_api_listings_historical
2026-02-20,28173,GOLD,Gold,0.00399204,65607.52988998,0.0,coinmarketcap_data_api_listings_historical
2026-02-20,10021,DINU,Dogey-Inu,0.0,65598.54308521,0.0,coinmarketcap_data_api_listings_historical
2026-02-20,32350,SOY,Soyjak,7.067e-05,65476.43643352,0.0,coinmarketcap_data_api_listings_historical
2026-02-20,29530,OX,OX Coin,1.981e-05,65046.09305388,0.0,coinmarketcap_data_api_listings_historical
2026-02-20,35379,DATA,Databot,7.091e-05,64942.56160418,0.0,coinmarketcap_data_api_listings_historical
2026-02-20,33145,CHEEMS,Cheems,0.0,64826.78801253,0.0,coinmarketcap_data_api_listings_historical
2026-02-20,33512,autism,$AUTISM,6.799e-05,64524.81097213,0.0,coinmarketcap_data_api_listings_historical
2026-02-20,9588,O3,O3 Swap,0.00113337,64406.63534407,0.0,coinmarketcap_data_api_listings_historical
2026-02-20,29696,SCALE,Scalia Infrastructure,0.00065622,64318.6631205,0.0,coinmarketcap_data_api_listings_historical
2026-02-20,32732,SUNPEPE,sunpepe,6.368e-05,63682.93851264,0.0,coinmarketcap_data_api_listings_historical
2026-02-20,7230,OPIUM,Opium,0.01529054,63627.04737023,61.21,coinmarketcap_data_api_listings_historical
2026-02-20,29559,SHEB,Sheboshis,3.17997163,63599.43264052,245.75,coinmarketcap_data_api_listings_historical
2026-02-20,10324,GFI,Gravity Finance,0.00017972,63308.1263336,0.0,coinmarketcap_data_api_listings_historical
2026-02-20,34173,KACY,markkacy,6.298e-05,62980.70317242,96612.54,coinmarketcap_data_api_listings_historical
2026-02-20,10103,LSS,Lossless,0.0011317,62891.42433431,0.0,coinmarketcap_data_api_listings_historical
2026-02-20,36570,KOBAN,KOBAN,0.00012497,61986.70789186,4436.68,coinmarketcap_data_api_listings_historical
2026-02-20,28245,OFN,Openfabric AI,0.00035387,61872.73009324,70.22,coinmarketcap_data_api_listings_historical
2026-02-20,17852,JAM,Geojam Token,8.06e-06,61810.18331178,0.0,coinmarketcap_data_api_listings_historical
2026-02-20,29231,ANUS,Uranus (SOL),7.57e-06,61715.95796858,27.77,coinmarketcap_data_api_listings_historical
2026-02-20,30071,LADYF,Milady Wif Hat,2.5e-07,61687.46662396,0.0,coinmarketcap_data_api_listings_historical
2026-02-20,8884,IBFK,İstanbul Başakşehir Fan Token,0.04391313,61360.95971746,9136.19,coinmarketcap_data_api_listings_historical
2026-02-20,31982,DRAGGY,Draggy,0.0,61159.67090473,0.0,coinmarketcap_data_api_listings_historical
2026-02-20,35228,CLUSTR,Clustr Labs,0.00012231,61117.49085984,0.0,coinmarketcap_data_api_listings_historical
2026-02-20,37369,TOTAKEKE,Dark Cheems,6.099e-05,60985.12586573,1766.22,coinmarketcap_data_api_listings_historical
2026-02-20,38895,FOG,FogSwap,6.094e-05,60941.67008754,172367.93,coinmarketcap_data_api_listings_historical
2026-02-20,33689,PEEZY,Peezy 0x69,2e-07,60866.00514677,592.21,coinmarketcap_data_api_listings_historical
2026-02-20,12203,FINA,Defina Finance,0.00062202,60779.30201996,0.0,coinmarketcap_data_api_listings_historical
2026-02-20,30647,GOAT,Sonic The Goat,7e-08,60504.16211028,0.0,coinmarketcap_data_api_listings_historical
2026-02-20,20997,WOMBAT,Wombat Web 3 Gaming Platform,1.186e-05,60392.05649785,0.0,coinmarketcap_data_api_listings_historical
2026-02-20,8867,DHV,DeHive,0.01501523,60351.84805694,8953.24,coinmarketcap_data_api_listings_historical
2026-02-20,21517,STC,Satoshi Island,0.0044353,60223.47382582,0.0,coinmarketcap_data_api_listings_historical
2026-02-20,9110,KTN,Kattana,0.00640806,60148.45561272,11511.39,coinmarketcap_data_api_listings_historical
2026-02-20,36386,SATO,Sato The Dog,1.4e-07,59942.11431777,27.64,coinmarketcap_data_api_listings_historical
2026-02-20,576,GAME,GameCredits,0.00030907,59905.16981861,0.0,coinmarketcap_data_api_listings_historical
2026-02-20,13140,NYAN,Nyan Heroes,0.00059257,59876.42659344,9528.3,coinmarketcap_data_api_listings_historical
2026-02-20,33613,MIHARU,smiling dolphin,5.934e-05,59334.09469497,0.0,coinmarketcap_data_api_listings_historical
2026-02-20,30038,PLX,Pullix,0.0007125,59316.95719588,0.0,coinmarketcap_data_api_listings_historical
2026-02-20,34601,VFX,Vabble v2,0.00040612,59141.7173253,0.0,coinmarketcap_data_api_listings_historical
2026-02-20,11412,BIN,Binemon,0.00014078,58674.77363136,0.0,coinmarketcap_data_api_listings_historical
2026-02-20,38106,DGC,DecentralGPT,3.7e-07,58653.90018994,5615.24,coinmarketcap_data_api_listings_historical
2026-02-20,9989,SLRS,Solrise Finance,0.00037186,58423.17771369,9987.69,coinmarketcap_data_api_listings_historical
2026-02-20,6938,YF-DAI,YFDAI.FINANCE,14.63554677,58337.2894375,1331.84,coinmarketcap_data_api_listings_historical
2026-02-20,35614,MA,Mind AI,0.00014931,58289.00485691,36009.07,coinmarketcap_data_api_listings_historical
2026-02-20,12137,NFTD,NFTrade,0.00177988,58275.35250697,0.0,coinmarketcap_data_api_listings_historical
2026-02-20,34166,EVAN,Evan,5.798e-05,57974.27836826,70188.64,coinmarketcap_data_api_listings_historical
2026-02-20,22034,ROND,ROND,0.00012999,57600.8361143,787.51,coinmarketcap_data_api_listings_historical
2026-02-20,33559,JANET,Janet,5.737e-05,57371.15903259,9486.4,coinmarketcap_data_api_listings_historical
2026-02-20,10260,XRUNE,Thorstarter,0.00071045,57325.97906403,259.93,coinmarketcap_data_api_listings_historical
2026-02-20,2689,RBLX,Rublix,0.00275914,57240.84244831,0.0,coinmarketcap_data_api_listings_historical
2026-02-20,10977,MINT,Mint Club V1,1.4e-07,57222.206318,6.73,coinmarketcap_data_api_listings_historical
2026-02-20,20488,CLEG,Chain of Legends,0.00032093,57158.28665786,23385.49,coinmarketcap_data_api_listings_historical
2026-02-20,35410,MAX,MAX,5.666e-05,56646.37464824,480.37,coinmarketcap_data_api_listings_historical
2026-02-20,34590,AIMONICA,Aimonica Brands,5.643e-05,56432.12685573,0.0,coinmarketcap_data_api_listings_historical
2026-02-20,36064,DOODI,Doodipals,6.081e-05,56315.92998042,5130.73,coinmarketcap_data_api_listings_historical
2026-02-20,8590,CYC,Cyclone Protocol,2.13514213,56115.83174059,0.0,coinmarketcap_data_api_listings_historical
2026-02-20,38746,ARENA,Alpha Arena,5.632e-05,55747.83873528,3843.21,coinmarketcap_data_api_listings_historical
2026-02-20,36116,DLC,DeepLink Protocol,4.24e-06,55733.24099349,11012.68,coinmarketcap_data_api_listings_historical
2026-02-20,11512,KLO,Kalao,0.00029151,55378.84375547,10111.9,coinmarketcap_data_api_listings_historical
2026-02-20,8166,MAPS,MAPS,0.00120877,54994.98320463,0.0,coinmarketcap_data_api_listings_historical
2026-02-20,39178,ATLAS,Atlas (AtlasOfUSA),0.0,54667.16862686,12311.51,coinmarketcap_data_api_listings_historical
2026-02-20,3843,BOLT,BOLT,5.663e-05,54220.96089364,0.0,coinmarketcap_data_api_listings_historical
2026-02-20,14767,GMD,The Coop Network,0.00025382,54037.90542792,0.0,coinmarketcap_data_api_listings_historical
2026-02-20,19623,WOM,Wombat Exchange,0.00091926,53803.72066236,0.0,coinmarketcap_data_api_listings_historical
2026-02-20,27527,NOGS,Noggles,1.85e-06,53713.14893124,0.0,coinmarketcap_data_api_listings_historical
2026-02-20,34888,KIKI,KIKICat,5.357e-05,53569.38417286,0.74,coinmarketcap_data_api_listings_historical
2026-02-20,38740,TORA,Tensora,5.35e-05,53502.46551731,52.55,coinmarketcap_data_api_listings_historical
2026-02-20,30119,WIF,DOGWIFHOOD,5.317e-05,53114.51581232,0.0,coinmarketcap_data_api_listings_historical
2026-02-20,38133,BTC,Bitcoin AI,0.00253056,53096.16839835,0.0,coinmarketcap_data_api_listings_historical
2026-02-20,33128,TCAT,TON Cat,8.678e-05,53061.26897527,0.0,coinmarketcap_data_api_listings_historical
2026-02-20,23684,AIMX,Aimedis (new),0.00015872,52853.28309756,0.0,coinmarketcap_data_api_listings_historical
2026-02-20,35933,YTC,YachtsCoin,5.255e-05,52541.77514744,0.0,coinmarketcap_data_api_listings_historical
2026-02-20,34805,USACOIN,USAcoin,0.00260222,52044.46102325,0.0,coinmarketcap_data_api_listings_historical
2026-02-20,7190,PTF,PowerTrade Fuel,0.00222914,51964.7265515,55466.32,coinmarketcap_data_api_listings_historical
2026-02-20,7158,BURGER,BurgerCities,0.00120017,51650.24062988,78.09,coinmarketcap_data_api_listings_historical
2026-02-20,27573,EQPAY,EquityPay,0.00904725,51646.51797013,0.0,coinmarketcap_data_api_listings_historical
2026-02-20,7699,CFi,CyberFi Token,0.02127343,51056.24387326,0.0,coinmarketcap_data_api_listings_historical
2026-02-20,23497,BAHIA,Esporte Clube Bahia Fan Token,0.03943505,50843.37606264,0.0,coinmarketcap_data_api_listings_historical
2026-02-20,4293,PERL,PERL.eco,0.00010356,50841.06293206,0.0,coinmarketcap_data_api_listings_historical
2026-02-20,34252,DOGEFATHER,DOGEFATHER,5.071e-05,50706.20104207,0.0,coinmarketcap_data_api_listings_historical
2026-02-20,10047,EPIK,EPIK Prime,3.934e-05,50429.3164192,0.0,coinmarketcap_data_api_listings_historical
2026-02-20,9218,MIST,Mist,0.00089098,50212.93300664,8837.46,coinmarketcap_data_api_listings_historical
2026-02-20,37343,BOMO,BOMO,0.00013119,49983.6761853,0.0,coinmarketcap_data_api_listings_historical
2026-02-20,39219,ABBVon,AbbVie Tokenized Stock (Ondo),225.59237803,49754.14288332,908058.46,coinmarketcap_data_api_listings_historical
2026-02-20,33399,KLAUS,Klaus,4.957e-05,49574.94939945,0.0,coinmarketcap_data_api_listings_historical
2026-02-20,33294,IZZY,Izzy,1.2e-07,49459.23230022,0.0,coinmarketcap_data_api_listings_historical
2026-02-20,33712,MDB,MOODENG (moodengbnb.com),1.5e-07,48993.6657299,0.0,coinmarketcap_data_api_listings_historical
2026-02-20,39446,2016,2016 coin,4.887e-05,48857.98495344,6730.37,coinmarketcap_data_api_listings_historical
2026-02-20,33930,BABYBTC,Baby BitCoin,4.883e-05,48826.34033869,86.74,coinmarketcap_data_api_listings_historical
2026-02-20,13323,TEER,Integritee Network,0.01225989,48770.42939754,92.14,coinmarketcap_data_api_listings_historical
2026-02-20,17242,UBXS,UBXS Token,0.00085296,48750.9131196,129.93,coinmarketcap_data_api_listings_historical
2026-02-20,38140,BOATKID,Pacu Jalur,4.844e-05,48437.76298084,609.33,coinmarketcap_data_api_listings_historical
2026-02-20,8409,RAZOR,Razor Network,0.00014716,48303.59018667,0.0,coinmarketcap_data_api_listings_historical
2026-02-20,10223,VEGA,Vega Protocol,0.0007775,48241.46211436,0.0,coinmarketcap_data_api_listings_historical
2026-02-20,24653,NARUTO,Naruto,4.4e-07,48174.48676117,0.0,coinmarketcap_data_api_listings_historical
2026-02-20,29010,PHASMA,PHASMA,1.94e-06,47899.63357877,64.39,coinmarketcap_data_api_listings_historical
2026-02-20,5662,SYLO,Sylo,4.79e-06,47891.04548669,9165.73,coinmarketcap_data_api_listings_historical
2026-02-20,9530,FARA,FaraLand,0.00208025,47697.48731033,0.0,coinmarketcap_data_api_listings_historical
2026-02-20,4228,FRM,Ferrum Network,0.00016494,47339.9567054,54127.65,coinmarketcap_data_api_listings_historical
2026-02-20,9654,SKILL,CryptoBlades,0.06086967,47190.40589348,0.0,coinmarketcap_data_api_listings_historical
2026-02-20,3140,UBEX,Ubex,1.42e-05,46948.1821976,0.0,coinmarketcap_data_api_listings_historical
2026-02-20,36372,STABUL,Stabull Finance,0.03177711,46910.0338945,0.0,coinmarketcap_data_api_listings_historical
2026-02-20,36588,MAMBO,Mambo,5e-08,46867.33340291,0.0,coinmarketcap_data_api_listings_historical
2026-02-20,17588,METAL,DRUNK ROBOTS,6.502e-05,46765.69069642,0.0,coinmarketcap_data_api_listings_historical
2026-02-20,7349,CNTR,Centaur,9.43e-06,46468.74979053,0.0,coinmarketcap_data_api_listings_historical
2026-02-20,28962,VMINT,VoluMint,8.394e-05,46346.02813894,82.3,coinmarketcap_data_api_listings_historical
2026-02-20,5794,PNT,pNetwork,0.00051845,46271.84075709,0.0,coinmarketcap_data_api_listings_historical
2026-02-20,37237,DBC,Don’t Burn Capital,4.991e-05,46092.21723781,0.0,coinmarketcap_data_api_listings_historical
2026-02-20,12071,XLD,XcelPay,0.00079134,45817.70655563,0.0,coinmarketcap_data_api_listings_historical
2026-02-20,12830,SNIFT,StarryNift,8.752e-05,45411.98643518,30185.77,coinmarketcap_data_api_listings_historical
2026-02-20,30838,MSTAR,Star AI,7.52e-05,45369.77083642,36792.33,coinmarketcap_data_api_listings_historical
2026-02-20,38208,BABYU,BabyUnicorn,4.537e-05,45364.60877401,0.0,coinmarketcap_data_api_listings_historical
2026-02-20,16948,MSTR,Monsterra (MSTR),0.00045905,45307.876932,0.0,coinmarketcap_data_api_listings_historical
2026-02-20,29026,MEMEAI,Meme Ai,6.214e-05,45239.53218175,42697.43,coinmarketcap_data_api_listings_historical
2026-02-20,29811,ANDY,Andy on SOL,4.778e-05,45206.14247136,0.0,coinmarketcap_data_api_listings_historical
2026-02-20,29191,MXM,MAXX AI,0.00013473,45186.22397699,0.0,coinmarketcap_data_api_listings_historical
2026-02-20,34041,MAJOR,Major Frog,5.339e-05,45115.58336505,0.0,coinmarketcap_data_api_listings_historical
2026-02-20,37561,BACHI,Bachi on Base,7.687e-05,45084.56983922,9795.65,coinmarketcap_data_api_listings_historical
2026-02-20,12115,ORION,Orion Money,0.00047042,44690.14904031,8666.18,coinmarketcap_data_api_listings_historical
2026-02-20,8419,APYS,APYSwap,0.00244886,44547.2656448,22561.89,coinmarketcap_data_api_listings_historical
2026-02-20,23577,SAKAI,Sakai Vault,0.02135492,44440.16162287,0.0,coinmarketcap_data_api_listings_historical
2026-02-20,16679,AOG,AgeOfGods,0.00042894,44383.85143095,8796.67,coinmarketcap_data_api_listings_historical
2026-02-20,33433,UNI,UNI,4.438e-05,44382.21060262,0.0,coinmarketcap_data_api_listings_historical
2026-02-20,39365,TIG,TRUMP IN GREENLAND,4.434e-05,44343.18887033,0.0,coinmarketcap_data_api_listings_historical
2026-02-20,33646,CATS,GoldenCat,7e-08,44313.26496143,0.0,coinmarketcap_data_api_listings_historical
2026-02-20,31923,HAWKTUAH,Hawk Tuah (hawktuah.vip),5.135e-05,44095.90571411,0.0,coinmarketcap_data_api_listings_historical
2026-02-20,32259,MOBY,Moby,4.39e-06,43905.30853857,0.0,coinmarketcap_data_api_listings_historical
2026-02-20,8043,MAHA,MAHA.xyz,0.00999071,43874.1674645,0.0,coinmarketcap_data_api_listings_historical
2026-02-20,32211,$WELL,WELL3,1.066e-05,43860.65991777,8801.59,coinmarketcap_data_api_listings_historical
2026-02-20,33160,XYRO,XYRO,9.123e-05,43853.9949592,148981.77,coinmarketcap_data_api_listings_historical
2026-02-20,35350,AWARE,ChainAware.ai,0.00118737,43724.96733407,0.0,coinmarketcap_data_api_listings_historical
2026-02-20,14904,FCON,SpaceFalcon,2.49e-06,43435.5807633,0.0,coinmarketcap_data_api_listings_historical
2026-02-20,25822,AIT,AiMalls,0.21505125,43415.62260751,7304.11,coinmarketcap_data_api_listings_historical
2026-02-20,17607,FURY,Engines of Fury,0.0009006,43231.29455864,9792.53,coinmarketcap_data_api_listings_historical
2026-02-20,15266,MEGALAND,Metagalaxy Land,4.321e-05,43214.19677679,13932.76,coinmarketcap_data_api_listings_historical
2026-02-20,39081,BYTE,ByteNova,0.00022103,42928.91115482,317614.0,coinmarketcap_data_api_listings_historical
2026-02-20,32691,SATO,Atsuko Sato,4.431e-05,42882.08203997,0.0,coinmarketcap_data_api_listings_historical
2026-02-20,36564,BOOCHIE,Boochie by Matt Furie,0.0,42711.0192159,0.0,coinmarketcap_data_api_listings_historical
2026-02-20,33596,SLOP,Slop,4.246e-05,42459.02343683,0.0,coinmarketcap_data_api_listings_historical
2026-02-20,31878,SPIKE,Spike,1.2e-07,42416.29262195,0.0,coinmarketcap_data_api_listings_historical
2026-02-20,11110,SPO,Spores Network,3.987e-05,42191.30346106,17136.74,coinmarketcap_data_api_listings_historical
2026-02-20,7022,PICKLE,Pickle Finance,0.02200507,41986.33594787,0.0,coinmarketcap_data_api_listings_historical
2026-02-20,36783,LABUBU,LABUBU ETH,4.19e-05,41902.36837823,0.0,coinmarketcap_data_api_listings_historical
2026-02-20,29932,BSHIB,Based Shiba Inu,4.63e-06,41893.97671587,0.0,coinmarketcap_data_api_listings_historical
2026-02-20,31269,SXCH,SolarX,0.00032157,41461.07954927,0.0,coinmarketcap_data_api_listings_historical
2026-02-20,21400,LTRBT,Little Rabbit v2,0.0,41406.30580347,907.36,coinmarketcap_data_api_listings_historical
2026-02-20,18531,WZRD,Wizardia,0.00029499,41339.27068387,14467.12,coinmarketcap_data_api_listings_historical
2026-02-20,9002,BUSY,Busy DAO,0.00033044,41305.3827729,10163.76,coinmarketcap_data_api_listings_historical
2026-02-20,17456,FRIN,Fringe Finance,6.298e-05,41222.80415752,55058.83,coinmarketcap_data_api_listings_historical
2026-02-20,1107,PAC,PAC Protocol,2.36e-06,41177.73967541,0.01,coinmarketcap_data_api_listings_historical
2026-02-20,2291,GNX,Genaro Network,6.251e-05,40629.72299441,0.0,coinmarketcap_data_api_listings_historical
2026-02-20,8063,DUCK,Duck DAO (DLP Duck Token),0.00129011,40405.1462115,0.0,coinmarketcap_data_api_listings_historical
2026-02-20,36577,CA,Caila,4.16e-05,40057.72465269,0.0,coinmarketcap_data_api_listings_historical
2026-02-20,1200,NEVA,NevaCoin,0.0073022,39662.85460082,0.0,coinmarketcap_data_api_listings_historical
2026-02-20,10748,PWAR,PolkaWar,0.00047586,39411.36008739,2531.04,coinmarketcap_data_api_listings_historical
2026-02-20,34976,TRUMPIUS,Trumpius Maximus,0.00085036,39243.18889078,0.0,coinmarketcap_data_api_listings_historical
2026-02-20,35920,STAR10,Ronaldinho Coin,0.00013372,39214.18524193,0.0,coinmarketcap_data_api_listings_historical
2026-02-20,38404,USDWON,Won Chang,4.036e-05,39196.43516755,0.0,coinmarketcap_data_api_listings_historical
2026-02-20,38291,SHARDS,WorldShards,4.775e-05,39022.47656312,9765.74,coinmarketcap_data_api_listings_historical
2026-02-20,35575,VICE,VICE Token,3.908e-05,38987.83180051,87700.14,coinmarketcap_data_api_listings_historical
2026-02-20,6789,BCUG,Blockchain Cuties Universe Governance,0.0280417,38638.43642327,0.0,coinmarketcap_data_api_listings_historical
2026-02-20,10462,SHILL,SHILL Token,0.00010774,38470.30393331,9476.47,coinmarketcap_data_api_listings_historical
2026-02-20,3779,COT,CoTrader,1.92e-06,38405.0280348,3.69,coinmarketcap_data_api_listings_historical
2026-02-20,39303,HDon,Home Depot Tokenized Stock (Ondo),381.73367027,38323.96890006,55119.44,coinmarketcap_data_api_listings_historical
2026-02-20,8329,PAID,PAID,7.027e-05,38142.72333462,68.07,coinmarketcap_data_api_listings_historical
2026-02-20,11366,PBX,Paribus,5.07e-06,38108.24522427,5192.66,coinmarketcap_data_api_listings_historical
2026-02-20,6638,LAYER,UniLayer,0.00095179,38071.46466396,0.0,coinmarketcap_data_api_listings_historical
2026-02-20,28801,BABYBONK,Baby Bonk,0.0,37914.59542314,35423.88,coinmarketcap_data_api_listings_historical
2026-02-20,22031,AGLA,Angola,1.899e-05,37897.96547672,624859.17,coinmarketcap_data_api_listings_historical
2026-02-20,37382,DARWIN,Darwin,9.299e-05,37197.43627473,0.0,coinmarketcap_data_api_listings_historical
2026-02-20,38914,RCHV,Archivas,3.708e-05,37077.14009703,0.0,coinmarketcap_data_api_listings_historical
2026-02-20,37222,BEST,Bestcoin,5.5e-07,37023.22415111,1544.7,coinmarketcap_data_api_listings_historical
2026-02-20,31076,ZERO,ZeroLend,6.7e-07,36964.93657218,0.0,coinmarketcap_data_api_listings_historical
2026-02-20,10427,PKR,POLKER,0.00019048,36883.6890706,57402.84,coinmarketcap_data_api_listings_historical
2026-02-20,35041,SOAR,Soarchain,0.00036587,36830.04241513,54.89,coinmarketcap_data_api_listings_historical
2026-02-20,38692,BTC,Bitcoin Second Chance,0.00175264,36800.61003029,664.14,coinmarketcap_data_api_listings_historical
2026-02-20,8963,MARSH,UnMarshal,0.0005381,36398.5521519,383.55,coinmarketcap_data_api_listings_historical
2026-02-20,7256,MTLX,Mettalex,0.03232134,36296.95704831,0.0,coinmarketcap_data_api_listings_historical
2026-02-20,12599,ASPO,ASPO World,0.00045272,36188.89483505,0.0,coinmarketcap_data_api_listings_historical
2026-02-20,38684,SUBHUB,SubHub,0.00038387,36084.16105999,1429.32,coinmarketcap_data_api_listings_historical
2026-02-20,36428,HYPER,Hyperpigmentation,3.612e-05,35997.35888697,0.0,coinmarketcap_data_api_listings_historical
2026-02-20,8911,STRK,Strike,0.00633768,35985.84068365,55253.82,coinmarketcap_data_api_listings_historical
2026-02-20,11649,WNT,Wicrypt,0.00137683,35969.36244022,90841.13,coinmarketcap_data_api_listings_historical
2026-02-20,19294,XRPAYNET,XRPayNet,6.4e-06,35912.82174442,60.47,coinmarketcap_data_api_listings_historical
2026-02-20,37312,STARTUP,Startup,3.602e-05,35665.34929796,0.0,coinmarketcap_data_api_listings_historical
2026-02-20,34457,$AKUMA,Akuma Inu,5e-08,35519.9236613,0.0,coinmarketcap_data_api_listings_historical
2026-02-20,35778,MARS,Mars,3.54e-05,35397.83080975,0.0,coinmarketcap_data_api_listings_historical
2026-02-20,32108,SYNT,Synternet,5.388e-05,35312.52357623,0.0,coinmarketcap_data_api_listings_historical
2026-02-20,9545,NFTB,PixelRealm,5.094e-05,35180.84485513,0.0,coinmarketcap_data_api_listings_historical
2026-02-20,11258,CRE8,Creaticles,0.00045053,35164.81378124,8506.5,coinmarketcap_data_api_listings_historical
2026-02-20,38570,HODL,HODL (hodl_bnbcto),3.462e-05,34616.62054381,0.0,coinmarketcap_data_api_listings_historical
2026-02-20,34420,PEN,Pentagon Games,7.206e-05,34536.02300533,0.0,coinmarketcap_data_api_listings_historical
2026-02-20,5114,CNB,Coinsbit Token,2.585e-05,34408.40602924,0.0,coinmarketcap_data_api_listings_historical
2026-02-20,34585,BSX,BSX,0.0001809,34276.32552519,0.0,coinmarketcap_data_api_listings_historical
2026-02-20,29668,BABY,Baby,3e-08,34151.9388015,0.0,coinmarketcap_data_api_listings_historical
2026-02-20,23994,NEWM,NEWM,1.415e-05,34130.73233283,950.12,coinmarketcap_data_api_listings_historical
2026-02-20,31456,DOP,Data Ownership Protocol,3.9e-06,34074.3440229,0.0,coinmarketcap_data_api_listings_historical
2026-02-20,16302,UPO,UpOnly,0.00029789,33897.78686237,95277.1,coinmarketcap_data_api_listings_historical
2026-02-20,37468,KILT,KILT Protocol [New],0.00017654,33855.29661448,0.0,coinmarketcap_data_api_listings_historical
2026-02-20,36531,BOOST,Boost,9.237e-05,33848.39295655,111791.68,coinmarketcap_data_api_listings_historical
2026-02-20,34562,MNRY,Moonray,0.00015158,33664.11096481,59131.06,coinmarketcap_data_api_listings_historical
2026-02-20,31561,SOLCAT,CatSolHat,0.00050661,33516.66871418,0.0,coinmarketcap_data_api_listings_historical
2026-02-20,4366,MIX,MixMarvel,3.43e-06,33321.6296861,6958.08,coinmarketcap_data_api_listings_historical
2026-02-20,9931,SNM,SONM (BEP-20),9.955e-05,33082.87038769,0.0,coinmarketcap_data_api_listings_historical
2026-02-20,37436,SARAH,SARAH,5.375e-05,32119.33148141,0.0,coinmarketcap_data_api_listings_historical
2026-02-20,34980,CRTAI,CRT AI Network,9.077e-05,32031.69169853,7224.14,coinmarketcap_data_api_listings_historical
2026-02-20,18103,YOURAI,YOUR AI,6.225e-05,31890.6501517,354.93,coinmarketcap_data_api_listings_historical
2026-02-20,7552,HYVE,Hyve,0.0004278,31839.61406501,0.0,coinmarketcap_data_api_listings_historical
2026-02-20,11700,LIFE,Life Crypto,1.209e-05,31822.95917954,8725.83,coinmarketcap_data_api_listings_historical
2026-02-20,6709,VIDYA,Vidya,0.00094792,31639.68182679,0.0,coinmarketcap_data_api_listings_historical
2026-02-20,29525,LYNX,Lynex,0.00108072,31519.94542796,13508.94,coinmarketcap_data_api_listings_historical
2026-02-20,36587,RETARD,retardcoin,3.146e-05,31458.77495534,1158.07,coinmarketcap_data_api_listings_historical
2026-02-20,33870,TDS,Trump Derangement Syndrome (tearsforTDS),3.122e-05,31216.33268698,268.94,coinmarketcap_data_api_listings_historical
2026-02-20,36868,VISION,OpenVision,3.119e-05,31185.93989315,0.0,coinmarketcap_data_api_listings_historical
2026-02-20,36512,DOGEBASE,Doge Base,3.131e-05,31156.16742175,0.0,coinmarketcap_data_api_listings_historical
2026-02-20,10412,HOD,HoDooi.com,6.299e-05,30984.1348126,9677.69,coinmarketcap_data_api_listings_historical
2026-02-20,15974,MTVT,Metaverser,0.00018384,30722.90120848,0.0,coinmarketcap_data_api_listings_historical
2026-02-20,39218,AMATon,Applied Materials Tokenized Stock (Ondo),375.10445294,30564.3260022,1151348.58,coinmarketcap_data_api_listings_historical
2026-02-20,7791,BUNNY,Pancake Bunny,0.05956695,30392.96494582,0.0,coinmarketcap_data_api_listings_historical
2026-02-20,29541,BABYTRUMP,Baby Trump (BSC),6.846e-05,30341.90221177,0.0,coinmarketcap_data_api_listings_historical
2026-02-20,29686,ZAI,ZAIBOT,0.00575976,30210.45225761,0.0,coinmarketcap_data_api_listings_historical
2026-02-20,36035,SLING,Slingshot,0.00016187,30184.0799243,51473.65,coinmarketcap_data_api_listings_historical
2026-02-20,33659,RATS,GoldenRat,5e-08,30029.94353253,0.0,coinmarketcap_data_api_listings_historical
2026-02-20,36563,ZORO,ZoRobotics,0.00241907,30015.25834867,8424.58,coinmarketcap_data_api_listings_historical
2026-02-20,19092,METAQ,MetaQ,0.01156648,29815.8770923,27479.59,coinmarketcap_data_api_listings_historical
2026-02-20,34411,BABYXRP,Baby Ripple (babyxrp.xyz),2.979e-05,29788.35425701,148109.21,coinmarketcap_data_api_listings_historical
2026-02-20,8875,UNO,Lunos,0.00026671,29755.79077087,9955.11,coinmarketcap_data_api_listings_historical
2026-02-20,19924,EPX,Ellipsis,3.6e-07,29660.5549329,0.0,coinmarketcap_data_api_listings_historical
2026-02-20,33307,POCHITA,Pochita (pochita.biz),2.946e-05,29460.53999811,38868.18,coinmarketcap_data_api_listings_historical
2026-02-20,16552,SOFI,RAI Finance,4.898e-05,29307.95346982,0.0,coinmarketcap_data_api_listings_historical
2026-02-20,8561,KEYFI,KeyFi,0.01089903,29301.27176558,0.0,coinmarketcap_data_api_listings_historical
2026-02-20,27856,PENGY,Pengycoin,2.933e-05,29203.57773698,0.0,coinmarketcap_data_api_listings_historical
2026-02-20,38610,WBULL,Wall St. Bull,2.918e-05,29177.49735327,101.75,coinmarketcap_data_api_listings_historical
2026-02-20,36574,LANLAN,LanLan Cat,3.28e-06,29176.93392777,0.0,coinmarketcap_data_api_listings_historical
2026-02-20,28991,BOZO,BOZO,0.0,29023.32237661,69.99,coinmarketcap_data_api_listings_historical
2026-02-20,30601,MOUTAI,Moutai,4.165e-05,29016.3538695,261.85,coinmarketcap_data_api_listings_historical
2026-02-20,8717,ODDZ,Oddz,0.00029189,28896.81349628,52809.56,coinmarketcap_data_api_listings_historical
2026-02-20,35543,AAA,Aiagent.app,2.889e-05,28888.99676649,0.0,coinmarketcap_data_api_listings_historical
2026-02-20,31261,GOME,Game of Memes,4.405e-05,28685.29379282,0.0,coinmarketcap_data_api_listings_historical
2026-02-20,35221,DIGIMON,Digimon,2.866e-05,28650.51964739,54.8,coinmarketcap_data_api_listings_historical
2026-02-20,37405,VALENTINE,Valentine,2.859e-05,28586.65679389,0.0,coinmarketcap_data_api_listings_historical
2026-02-20,38474,REGRET,Regret,2.859e-05,28581.1189365,0.0,coinmarketcap_data_api_listings_historical
2026-02-20,7622,UBX,UBIX.Network,6.2e-07,28424.84362884,40661.74,coinmarketcap_data_api_listings_historical
2026-02-20,24580,LITT,LitLab Games,9.726e-05,28381.82117714,0.0,coinmarketcap_data_api_listings_historical
2026-02-20,16057,GQ,Galactic Quadrant,4.77e-06,28313.87414096,0.0,coinmarketcap_data_api_listings_historical
2026-02-20,9615,POLX,Polylastic,4.2e-07,28254.14754994,0.0,coinmarketcap_data_api_listings_historical
2026-02-20,18330,VISION,VisionGame,4.66e-05,28195.67189254,0.0,coinmarketcap_data_api_listings_historical
2026-02-20,36755,KBBB,KILL BIG BEAUTIFUL BILL,2.816e-05,28157.90450176,0.0,coinmarketcap_data_api_listings_historical
2026-02-20,33360,ZAP,ZAP,0.00034848,28071.10299299,13045.28,coinmarketcap_data_api_listings_historical
2026-02-20,23146,HAN,HanChain,0.00033465,28050.58310886,704871.62,coinmarketcap_data_api_listings_historical
2026-02-20,12416,PLSPAD,PulsePad,0.00016824,27880.51624379,8966.09,coinmarketcap_data_api_listings_historical
2026-02-20,36802,CRYBB,CryBaby,3.997e-05,27828.93405271,165.58,coinmarketcap_data_api_listings_historical
2026-02-20,31224,$MBAG,MoonBag,9.4e-07,27651.41581821,0.0,coinmarketcap_data_api_listings_historical
2026-02-20,31900,RGOAT,RealGOAT,0.0,27427.461789,0.0,coinmarketcap_data_api_listings_historical
2026-02-20,38326,STREAMER,StreamerCoin,2.742e-05,27423.57896469,143.48,coinmarketcap_data_api_listings_historical
2026-02-20,34557,E4C,E4C,0.00021192,27175.60239941,9154.59,coinmarketcap_data_api_listings_historical
2026-02-20,33384,WAP,Wet Ass Pussy,2.707e-05,27068.51345646,0.0,coinmarketcap_data_api_listings_historical
2026-02-20,33338,AIRDROP,AIRDROP2049,2.31e-05,27028.31722616,13772.62,coinmarketcap_data_api_listings_historical
2026-02-20,8790,KINE,KINE,0.00133661,27015.49362477,0.0,coinmarketcap_data_api_listings_historical
2026-02-20,34548,REALIS,Realis Worlds,2.698e-05,26979.15836662,91460.19,coinmarketcap_data_api_listings_historical
2026-02-20,20825,PTS,Petals,1.9e-06,26841.31406236,8806.79,coinmarketcap_data_api_listings_historical
2026-02-20,35601,DOGEAI,DOGEai,3.561e-05,26708.58434319,177.95,coinmarketcap_data_api_listings_historical
2026-02-20,33887,RAPTOR,Philosoraptor,2.736e-05,26632.49631664,10714.64,coinmarketcap_data_api_listings_historical
2026-02-20,34746,LMT,Limitus,3.199e-05,26556.37405898,73335.38,coinmarketcap_data_api_listings_historical
2026-02-20,5963,CNS,Centric Swap,2.7e-07,26466.0575005,146095.13,coinmarketcap_data_api_listings_historical
2026-02-20,15884,RAIIN,Raiinmaker,0.00239049,26463.94910369,994.46,coinmarketcap_data_api_listings_historical
2026-02-20,37334,MOONDOGE,MOONDOGE,2.658e-05,26203.78201925,0.0,coinmarketcap_data_api_listings_historical
2026-02-20,33856,TOAD,Acid Toad,0.0,26085.21713289,0.0,coinmarketcap_data_api_listings_historical
2026-02-20,5025,JADE,Jade Currency,0.0004839,25962.42471569,0.0,coinmarketcap_data_api_listings_historical
2026-02-20,17316,SPELLFIRE,Spellfire,4.045e-05,25890.8541761,8231.32,coinmarketcap_data_api_listings_historical
2026-02-20,5626,KDAG,King DAG,0.00047441,25832.58869956,0.0,coinmarketcap_data_api_listings_historical
2026-02-20,33946,NGTG$$,Nugget Trap Gold Token,0.00010496,25793.74550708,0.0,coinmarketcap_data_api_listings_historical
2026-02-20,29273,FIRE,Matr1x Fire,0.00038166,25468.8127776,0.0,coinmarketcap_data_api_listings_historical
2026-02-20,30563,PBUX,Playbux,6.427e-05,25347.48807578,0.0,coinmarketcap_data_api_listings_historical
2026-02-20,30711,RWA,Rug World Assets,0.00266683,25329.77974896,21.53,coinmarketcap_data_api_listings_historical
2026-02-20,13068,COGI,COGI,0.00040889,25182.16788229,7870.71,coinmarketcap_data_api_listings_historical
2026-02-20,33599,FLAVIA,Flavia Is Online,2.509e-05,25091.40600266,0.0,coinmarketcap_data_api_listings_historical
2026-02-20,15478,DG,Decentral Games,0.00012986,24967.25653923,0.0,coinmarketcap_data_api_listings_historical
2026-02-20,9492,ELAND,Etherland,0.0006394,24730.20417722,0.0,coinmarketcap_data_api_listings_historical
2026-02-20,38458,PRIVIX,Privix new,0.00117534,24682.13681728,0.0,coinmarketcap_data_api_listings_historical
2026-02-20,2666,EFX,Effect AI (old),9.731e-05,24538.17757204,1.99,coinmarketcap_data_api_listings_historical
2026-02-20,4026,DAPP,LiquidApps,3.443e-05,24440.81716064,46.67,coinmarketcap_data_api_listings_historical
2026-02-20,38783,XNAP,SnapX,8.479e-05,24323.14575623,11.77,coinmarketcap_data_api_listings_historical
2026-02-20,5187,JRT,Jarvis Network,0.00083849,24321.17541044,5.73,coinmarketcap_data_api_listings_historical
2026-02-20,10367,APRIL,April,0.00028604,24103.0768258,0.0,coinmarketcap_data_api_listings_historical
2026-02-20,37483,MOO,Moo,0.0,23679.59061329,818.34,coinmarketcap_data_api_listings_historical
2026-02-20,35624,ETF,"Eat, Trade, Fart",2.367e-05,23665.43908846,0.0,coinmarketcap_data_api_listings_historical
2026-02-20,12929,1ART,OneArt,0.00016501,23665.26068539,0.15,coinmarketcap_data_api_listings_historical
2026-02-20,11752,XPNET,XP NETWORK,0.00017925,23638.49519371,0.0,coinmarketcap_data_api_listings_historical
2026-02-20,31267,UTYAB,UTYABSWAP,2.36e-05,23597.1844709,0.0,coinmarketcap_data_api_listings_historical
2026-02-20,23299,SHARKS,The Sharks Fan Token,0.03623527,23532.6677424,0.0,coinmarketcap_data_api_listings_historical
2026-02-20,33518,PDOGE,Poor Doge,2.1e-07,23488.52655682,0.0,coinmarketcap_data_api_listings_historical
2026-02-20,38310,USDUT,Unstable Tether,2.349e-05,23487.69163652,0.0,coinmarketcap_data_api_listings_historical
2026-02-20,11923,EBA,Elpis Battle,0.00105783,23455.01429535,0.0,coinmarketcap_data_api_listings_historical
2026-02-20,30640,2MOON,The Moon Metaverse,3.7e-07,23328.11342621,1700.57,coinmarketcap_data_api_listings_historical
2026-02-20,37355,NDQ,NDQ666,2.297e-05,22968.74467254,164.59,coinmarketcap_data_api_listings_historical
2026-02-20,5024,ALTS,Crypto-Altcoins.com,1.726e-05,22964.17145841,0.0,coinmarketcap_data_api_listings_historical
2026-02-20,8483,BRY,Berry Data,0.01144617,22892.34679242,0.0,coinmarketcap_data_api_listings_historical
2026-02-20,8862,RAGE,Rage Fan,0.00040207,22805.13283229,9372.72,coinmarketcap_data_api_listings_historical
2026-02-20,32314,MILKBAG,MILKBAG,2.514e-05,22600.35097085,0.0,coinmarketcap_data_api_listings_historical
2026-02-20,39135,DINO,Dinosol,2.585e-05,22441.05621206,0.0,coinmarketcap_data_api_listings_historical
2026-02-20,7024,TXL,Autobahn Network,0.00033124,22216.43973223,0.0,coinmarketcap_data_api_listings_historical
2026-02-20,9583,MEL,MELX,0.00108697,22065.92102462,0.0,coinmarketcap_data_api_listings_historical
2026-02-20,9259,FOC,TheForce Trade,0.00027272,21871.77094836,0.0,coinmarketcap_data_api_listings_historical
2026-02-20,4298,RPZX,Rapidz,1.176e-05,21735.30811003,0.0,coinmarketcap_data_api_listings_historical
2026-02-20,27862,VEXT,Veloce,9.99e-05,21626.93838877,0.0,coinmarketcap_data_api_listings_historical
2026-02-20,31121,LABZ,Insane Labz,0.00043283,21419.73386525,725.83,coinmarketcap_data_api_listings_historical
2026-02-20,28436,NEI,Neurashi,7.78e-05,21374.03698992,4918.12,coinmarketcap_data_api_listings_historical
2026-02-20,36280,TOAD,TOAD,0.0,21065.45729478,0.0,coinmarketcap_data_api_listings_historical
2026-02-20,23296,NEU,Neutra Finance,0.02698444,21062.09672255,0.0,coinmarketcap_data_api_listings_historical
2026-02-20,33842,SINK,Let that sink in,2.759e-05,20993.20245996,49260.53,coinmarketcap_data_api_listings_historical
2026-02-20,11021,CO,Corite,0.00017157,20965.54059286,0.0,coinmarketcap_data_api_listings_historical
2026-02-20,35237,HTERM,Hiero Terminal,2.575e-05,20924.87491154,0.0,coinmarketcap_data_api_listings_historical
2026-02-20,21286,CRT,Cantina Royale,8.529e-05,20742.19604963,0.13,coinmarketcap_data_api_listings_historical
2026-02-20,30001,COBE,Castle of Blackwater,0.00259079,20231.34872585,0.0,coinmarketcap_data_api_listings_historical
2026-02-20,28800,EGG,Eggdog,2.118e-05,20021.68011214,0.0,coinmarketcap_data_api_listings_historical
2026-02-20,35680,LUX,Lux,1.996e-05,19957.15723518,0.0,coinmarketcap_data_api_listings_historical
2026-02-20,36754,YETI,YETI,2.491e-05,19929.16909963,250.72,coinmarketcap_data_api_listings_historical
2026-02-20,8385,UMB,Umbrella Network,6.761e-05,19807.60888998,0.0,coinmarketcap_data_api_listings_historical
2026-02-20,11862,ARIX,Arix,0.00031258,19593.69814302,49127.48,coinmarketcap_data_api_listings_historical
2026-02-20,11498,CBG,Chainbing,0.00059302,19569.5876739,0.0,coinmarketcap_data_api_listings_historical
2026-02-20,8320,PBR,PolkaBridge,0.00025933,19425.68726372,0.0,coinmarketcap_data_api_listings_historical
2026-02-20,28866,SOLZILLA,Solzilla,0.0,19216.26350079,23.81,coinmarketcap_data_api_listings_historical
2026-02-20,9643,DON,Don-key,0.00020081,19187.31040453,5464.3,coinmarketcap_data_api_listings_historical
2026-02-20,32902,BRUH,Bruh,1.899e-05,18992.6498886,34349.91,coinmarketcap_data_api_listings_historical
2026-02-20,13932,GENESIS,Genesis Worlds,0.00010423,18894.8283615,0.0,coinmarketcap_data_api_listings_historical
2026-02-20,34765,MVRS,Magaverse,1.889e-05,18894.25019752,40115.12,coinmarketcap_data_api_listings_historical
2026-02-20,10373,TULIP,Tulip Protocol,0.02315606,18876.95486901,23.5,coinmarketcap_data_api_listings_historical
2026-02-20,39227,BILIon,Bilibili Tokenized Stock (Ondo),30.24530107,18864.60749807,107608.46,coinmarketcap_data_api_listings_historical
2026-02-20,35572,SAN,San Chan,1.98e-05,18646.82555736,1.24,coinmarketcap_data_api_listings_historical
2026-02-20,38289,TCG,ToCa.Gg,1.859e-05,18585.35194797,0.0,coinmarketcap_data_api_listings_historical
2026-02-20,11926,THG,Thetan World,0.00016325,18542.40682902,6.59,coinmarketcap_data_api_listings_historical
2026-02-20,30828,CATA,CATAMOTO,9.6e-07,18541.31417121,0.0,coinmarketcap_data_api_listings_historical
2026-02-20,10527,LITH,Lithium,3.51e-06,18398.92393273,0.0,coinmarketcap_data_api_listings_historical
2026-02-20,8755,NRV,Nerve Finance,0.00039385,18210.55409296,610.65,coinmarketcap_data_api_listings_historical
2026-02-20,32877,LMF,Lamas Finance,0.0025049,17986.12883667,0.0,coinmarketcap_data_api_listings_historical
2026-02-20,21013,PEEL,Meta Apes,0.00011579,17762.76024173,0.0,coinmarketcap_data_api_listings_historical
2026-02-20,18094,PRX,Parex,0.00129952,17751.83194073,142.86,coinmarketcap_data_api_listings_historical
2026-02-20,32503,NOTAI,NOTAI,3e-07,17733.61644844,0.0,coinmarketcap_data_api_listings_historical
2026-02-20,8386,GUM,Gourmet Galaxy,0.00535027,17720.8534109,0.0,coinmarketcap_data_api_listings_historical
2026-02-20,34570,TREEINCAT,Tree Stuck in Cat,2.011e-05,17648.37593544,27392.91,coinmarketcap_data_api_listings_historical
2026-02-20,38595,BABYBNB,Baby BNB,1.76e-05,17596.15728375,2450.17,coinmarketcap_data_api_listings_historical
2026-02-20,22088,ING,Infinity Games,3.49e-06,17448.29733614,109.82,coinmarketcap_data_api_listings_historical
2026-02-20,38377,MRLN,Project Merlin,0.00015747,17440.9731849,448097.36,coinmarketcap_data_api_listings_historical
2026-02-20,29482,SLN,Smart Layer Network,0.00039831,17428.96659168,0.0,coinmarketcap_data_api_listings_historical
2026-02-20,35208,CATG,C.A.T (Crypto Agent Trading),1.732e-05,17312.14321278,0.0,coinmarketcap_data_api_listings_historical
2026-02-20,27606,BROCK,Bitrock,0.0001819,17271.65198711,0.0,coinmarketcap_data_api_listings_historical
2026-02-20,30270,FOMO,FOMO BULL CLUB,5.2e-07,17267.15313096,0.0,coinmarketcap_data_api_listings_historical
2026-02-20,12678,FLAME,FireStarter,0.0002499,17128.44426724,53124.42,coinmarketcap_data_api_listings_historical
2026-02-20,20546,REV3L,REV3AL,4.585e-05,16779.07069495,0.0,coinmarketcap_data_api_listings_historical
2026-02-20,36479,KOBUSHI,Kobushi,4e-08,16779.03755141,49257.37,coinmarketcap_data_api_listings_historical
2026-02-20,32506,MAX,Matr1x,0.00012751,16642.49456144,8282.36,coinmarketcap_data_api_listings_historical
2026-02-20,38391,BUTTPLUG,fartcoin killer,1.665e-05,16641.24007166,0.0,coinmarketcap_data_api_listings_historical
2026-02-20,10647,BNBTC,BNbitcoin,0.00154142,16513.31656449,12.33,coinmarketcap_data_api_listings_historical
2026-02-20,31463,LRT,LandRocker,4.05e-06,16493.80217808,0.0,coinmarketcap_data_api_listings_historical
2026-02-20,9866,FEAR,FEAR,0.00091657,16237.44134235,0.0,coinmarketcap_data_api_listings_historical
2026-02-20,32984,UNIO,Unio Coin,2.692e-05,16062.28785208,0.0,coinmarketcap_data_api_listings_historical
2026-02-20,33666,CROS,Cros,1.605e-05,16054.12908247,10.22,coinmarketcap_data_api_listings_historical
2026-02-20,32042,SPIKE,Spike,1.667e-05,15966.49759716,28380.15,coinmarketcap_data_api_listings_historical
2026-02-20,31670,DOUG,Doug The Duck,1.593e-05,15928.5894813,0.0,coinmarketcap_data_api_listings_historical
2026-02-20,9756,VPP,Virtue Poker,0.00014777,15809.99294547,0.0,coinmarketcap_data_api_listings_historical
2026-02-20,36100,BIAO,Biao,1.598e-05,15731.37633456,0.0,coinmarketcap_data_api_listings_historical
2026-02-20,10251,CORGIB,The Corgi of PolkaBridge,0.0,15571.72837606,0.0,coinmarketcap_data_api_listings_historical
2026-02-20,35257,DEFAI,DeFAI,1.625e-05,15488.95487558,0.0,coinmarketcap_data_api_listings_historical
2026-02-20,36820,DEGEN,Degen Arena,0.0,15460.17912744,0.0,coinmarketcap_data_api_listings_historical
2026-02-20,9253,TWIN,Twinci,0.07684674,15369.34772432,0.0,coinmarketcap_data_api_listings_historical
2026-02-20,8605,WOW,WOWswap,0.01534872,15340.83621429,0.0,coinmarketcap_data_api_listings_historical
2026-02-20,15575,PLASTIK,Plastiks,0.00010017,15270.77820378,0.0,coinmarketcap_data_api_listings_historical
2026-02-20,38177,HOKK,Hokkaidu Inu,1.521e-05,15211.72714734,0.0,coinmarketcap_data_api_listings_historical
2026-02-20,39284,TQQQon,ProShares UltraPro QQQ Tokenized Stock (Ondo),50.0754344,15145.34321394,1067366.07,coinmarketcap_data_api_listings_historical
2026-02-20,35465,$AKA,Akasha by Bloomverse,1.513e-05,15133.83660938,0.0,coinmarketcap_data_api_listings_historical
2026-02-20,8554,PRCY,PRivaCY Coin,0.00103888,15030.57734843,283.67,coinmarketcap_data_api_listings_historical
2026-02-20,32229,RECORD,Record,2.442e-05,14800.64062864,0.0,coinmarketcap_data_api_listings_historical
2026-02-20,36668,OMALLEY,OMalley,1.64e-06,14715.45261116,0.0,coinmarketcap_data_api_listings_historical
2026-02-20,15926,RAIN,Rainmaker Games,2.186e-05,14467.60956263,0.0,coinmarketcap_data_api_listings_historical
2026-02-20,7438,ZEE,ZeroSwap,0.00022791,14456.32720228,297187.12,coinmarketcap_data_api_listings_historical
2026-02-20,33051,JIN,JinPeng,1.681e-05,14363.24171962,0.0,coinmarketcap_data_api_listings_historical
2026-02-20,9225,RGP,Rigel Protocol,0.00569635,14212.45524485,0.0,coinmarketcap_data_api_listings_historical
2026-02-20,19677,HAWK,HawkFi,1.377e-05,14208.42295802,0.0,coinmarketcap_data_api_listings_historical
2026-02-20,7034,GOF,Golff,0.0014149,14148.10013557,0.0,coinmarketcap_data_api_listings_historical
2026-02-20,30179,BLAZE,StoryFire,2.25e-06,14135.15994694,0.0,coinmarketcap_data_api_listings_historical
2026-02-20,3687,BTB,BitBall,2.199e-05,14072.03091987,15147.35,coinmarketcap_data_api_listings_historical
2026-02-20,10905,AIRT,AirNFTs,0.00012543,14053.09819281,0.0,coinmarketcap_data_api_listings_historical
2026-02-20,36981,GGX,GG3,0.00026506,13839.65961349,0.0,coinmarketcap_data_api_listings_historical
2026-02-20,37990,HODL,HODL Coin,1.368e-05,13677.63955561,0.0,coinmarketcap_data_api_listings_historical
2026-02-20,11251,DXLC,Dexlab Classic,0.00025926,13618.2806692,0.0,coinmarketcap_data_api_listings_historical
2026-02-20,35618,AVAXAI,AIvalanche DeFAI Agents,7.097e-05,13505.61035175,67135.75,coinmarketcap_data_api_listings_historical
2026-02-20,7182,BHC,Billion Happiness,0.26712854,13356.42687292,0.0,coinmarketcap_data_api_listings_historical
2026-02-20,30603,SECOND,MetaDOS,3.89e-06,13153.26793566,0.0,coinmarketcap_data_api_listings_historical
2026-02-20,15315,SON,SOUNI,1.35e-06,13021.38344526,0.0,coinmarketcap_data_api_listings_historical
2026-02-20,8259,COMBO,Furucombo,0.00031944,12959.7816985,0.0,coinmarketcap_data_api_listings_historical
2026-02-20,29302,NEVER,neversol,1.8e-07,12897.66888711,0.0,coinmarketcap_data_api_listings_historical
2026-02-20,35726,BRAT,Brat,1.281e-05,12810.4871898,0.0,coinmarketcap_data_api_listings_historical
2026-02-20,36251,PHIL,Binance Mascot,1.279e-05,12790.72753445,0.0,coinmarketcap_data_api_listings_historical
2026-02-20,33170,PUNCH,ONE PUNCH CAT,1.448e-05,12776.89601892,0.0,coinmarketcap_data_api_listings_historical
2026-02-20,35413,LOON,The Loonies,1.27e-05,12695.0870308,55082.07,coinmarketcap_data_api_listings_historical
2026-02-20,3754,EVY,EveryCoin ,1.35e-06,12658.25740933,0.0,coinmarketcap_data_api_listings_historical
2026-02-20,9544,PRARE,POLKARARE,0.00110727,12604.38711351,8688.16,coinmarketcap_data_api_listings_historical
2026-02-20,35515,LEGIT,LEGIT,1.562e-05,12564.6813942,103.02,coinmarketcap_data_api_listings_historical
2026-02-20,1185,FREED,FreedomCoin,0.00186967,12348.03425692,0.66,coinmarketcap_data_api_listings_historical
2026-02-20,8029,OXY,Oxygen,0.00030026,12217.54754374,300043.54,coinmarketcap_data_api_listings_historical
2026-02-20,6992,SPARTA,Spartan Protocol,0.00016185,12103.31156245,0.0,coinmarketcap_data_api_listings_historical
2026-02-20,36643,OLIVIA,AIGOV,1.556e-05,11957.41313808,186.74,coinmarketcap_data_api_listings_historical
2026-02-20,37759,SIMON,Simon the Gator,1.73e-05,11936.7758733,533.66,coinmarketcap_data_api_listings_historical
2026-02-20,39034,BBT,Burger Blast Token,8.066e-05,11925.07306481,199868.78,coinmarketcap_data_api_listings_historical
2026-02-20,31106,DOKY,Donkey King,1.37e-06,11912.06404504,0.0,coinmarketcap_data_api_listings_historical
2026-02-20,5086,UPI,Pawtocol,4.613e-05,11897.91896386,0.0,coinmarketcap_data_api_listings_historical
2026-02-20,39362,哭哭马,CRY CRY HORSE,1.171e-05,11711.41496511,272.35,coinmarketcap_data_api_listings_historical
2026-02-20,34527,AAAHHM,Plankton in Pain,1.165e-05,11652.94808127,0.0,coinmarketcap_data_api_listings_historical
2026-02-20,39154,UWU,Unlimited Wealth Utility,1.145e-05,11450.20798371,0.0,coinmarketcap_data_api_listings_historical
2026-02-20,11563,AIRI,aiRight,4.455e-05,11415.51484343,62.63,coinmarketcap_data_api_listings_historical
2026-02-20,38306,DOGENARII,Dogenarii,1.133e-05,11332.67883676,0.0,coinmarketcap_data_api_listings_historical
2026-02-20,36836,SOLBOX,SolBox,1.121e-05,11205.04193109,0.0,coinmarketcap_data_api_listings_historical
2026-02-20,39225,BBAIon,BigBear.ai Holdings Tokenized Stock (Ondo),3.88353154,11191.95061414,255.84,coinmarketcap_data_api_listings_historical
2026-02-20,10824,HTZ,Hertz Network,2.12e-06,11085.51686127,0.0,coinmarketcap_data_api_listings_historical
2026-02-20,31317,MEOW,MeowCat,0.00011059,11059.17631419,0.0,coinmarketcap_data_api_listings_historical
2026-02-20,35048,BABYSHARK,Baby Shark Meme,1.297e-05,11014.23311917,902.69,coinmarketcap_data_api_listings_historical
2026-02-20,2345,HPB,Hyperblox,0.00014421,10537.42394058,0.0,coinmarketcap_data_api_listings_historical
2026-02-20,2717,BOUTS,BoutsPro,0.00013568,10395.00920566,0.0,coinmarketcap_data_api_listings_historical
2026-02-20,33358,SOFAC,SofaCat,0.00010955,10364.85785204,73.88,coinmarketcap_data_api_listings_historical
2026-02-20,39226,FTGCon,First Trust Global Commodity Tokenized Fund (Ondo),25.08738136,10243.24567637,20.05,coinmarketcap_data_api_listings_historical
2026-02-20,29580,DECHAT,Dechat,0.00208639,10212.99110672,0.0,coinmarketcap_data_api_listings_historical
2026-02-20,37583,PJN,PJN,1.009e-05,10086.85586002,0.0,coinmarketcap_data_api_listings_historical
2026-02-20,21772,SHOP,Shopping.io,0.00010047,10034.09298227,0.0,coinmarketcap_data_api_listings_historical
2026-02-20,7795,BIRD,Bird.Money,0.10521349,9989.17918076,0.0,coinmarketcap_data_api_listings_historical
2026-02-20,2359,POLIS,Polis,0.00101271,9956.87027001,0.0,coinmarketcap_data_api_listings_historical
2026-02-20,20535,MOVEZ,MOVEZ,2.67e-06,9915.45228847,0.0,coinmarketcap_data_api_listings_historical
2026-02-20,11978,RPG,Revolve Games,0.00012817,9913.78636871,0.0,coinmarketcap_data_api_listings_historical
2026-02-20,14389,SAO,Sator,0.00018043,9908.04308778,8730.51,coinmarketcap_data_api_listings_historical
2026-02-20,9269,FINE,Refinable,0.00023635,9704.53318362,0.0,coinmarketcap_data_api_listings_historical
2026-02-20,33103,BABYCATE,BabyCate,1e-08,9625.95129712,0.0,coinmarketcap_data_api_listings_historical
2026-02-20,32425,DOAI,DOJO Protocol,1.147e-05,9581.83777285,0.0,coinmarketcap_data_api_listings_historical
2026-02-20,36235,CHADETTE,CHADETTE,9.84e-06,9520.1901976,348.97,coinmarketcap_data_api_listings_historical
2026-02-20,29850,DBZ,Dragonball Z Tribute,1e-08,9467.34090317,0.0,coinmarketcap_data_api_listings_historical
2026-02-20,12066,SHI,Shirtum,5.414e-05,9410.79822693,11639.7,coinmarketcap_data_api_listings_historical
2026-02-20,32423,TADDY,DADDY TRUMP,1.302e-05,9394.0079548,0.0,coinmarketcap_data_api_listings_historical
2026-02-20,39228,ACHRon,Archer Aviation Tokenized Stock (Ondo),6.95888425,9372.39740497,704.17,coinmarketcap_data_api_listings_historical
2026-02-20,5407,KDG,KingdomStarter,1.762e-05,9357.44139961,0.0,coinmarketcap_data_api_listings_historical
2026-02-20,29099,MINU,Minu,0.0,9299.4158251,0.0,coinmarketcap_data_api_listings_historical
2026-02-20,35289,PPCOIN,Project Plutus,9.23e-06,9232.58409884,0.0,coinmarketcap_data_api_listings_historical
2026-02-20,30817,DLORD,DORK LORD,9.8e-06,9203.8542539,0.0,coinmarketcap_data_api_listings_historical
2026-02-20,39007,SORA,Sora Oracle,9.764e-05,9177.99894052,689.96,coinmarketcap_data_api_listings_historical
2026-02-20,38238,SMOON,SAFEMOON,9.82e-06,9166.9401025,0.0,coinmarketcap_data_api_listings_historical
2026-02-20,26289,NDC,NDC,0.00122655,9023.74028872,1630.73,coinmarketcap_data_api_listings_historical
2026-02-20,39221,ISRGon,Intuitive Surgical Tokenized Stock (Ondo),505.17279859,8998.67814545,72169.51,coinmarketcap_data_api_listings_historical
2026-02-20,16516,DOM,Ancient Kingdom,5.63e-06,8904.57590162,0.0,coinmarketcap_data_api_listings_historical
2026-02-20,34967,ZEUS,ZEUS (zeusthedog.vip),8.59e-06,8591.57386133,0.0,coinmarketcap_data_api_listings_historical
2026-02-20,10099,KALM,KALM,0.00100253,8571.59958489,0.0,coinmarketcap_data_api_listings_historical
2026-02-20,2158,PHR,Phore,0.00028018,8555.52832802,0.0,coinmarketcap_data_api_listings_historical
2026-02-20,36032,DRIP,Metadrip,8.56e-06,8555.45110677,0.0,coinmarketcap_data_api_listings_historical
2026-02-20,35681,CHORUZ,Choruz AI,9.02e-06,8478.06936688,0.0,coinmarketcap_data_api_listings_historical
2026-02-20,7202,OCTO,OctoFi,0.01060174,8459.69554975,0.0,coinmarketcap_data_api_listings_historical
2026-02-20,32200,BUB,Lil Bub,8.44e-06,8441.59733147,0.0,coinmarketcap_data_api_listings_historical
2026-02-20,17605,AEG,Aether Games,1.894e-05,8426.57960438,0.0,coinmarketcap_data_api_listings_historical
2026-02-20,1956,VIVO,Vivo,0.00156169,8420.30045928,0.0,coinmarketcap_data_api_listings_historical
2026-02-20,25284,WDOGE,Wrapped Dogecoin,0.11469503,8263.80128741,200171.06,coinmarketcap_data_api_listings_historical
2026-02-20,11291,KMON,Kryptomon,4.32e-05,8201.24852728,0.0,coinmarketcap_data_api_listings_historical
2026-02-20,21621,LOE,Legends of Elysium,0.00058977,8117.3037141,37930.66,coinmarketcap_data_api_listings_historical
2026-02-20,9134,BYN,NBX,0.00090569,8027.29903404,57787.74,coinmarketcap_data_api_listings_historical
2026-02-20,20502,TRAXX,Traxx,0.00017899,8026.97147604,2853.89,coinmarketcap_data_api_listings_historical
2026-02-20,16033,MTS,Metastrike,3.081e-05,7997.74232854,0.0,coinmarketcap_data_api_listings_historical
2026-02-20,39310,VSTon,Vistra Tokenized Stock (Ondo),171.67241584,7821.68701101,2624.46,coinmarketcap_data_api_listings_historical
2026-02-20,17047,WWY,WeWay,5.42e-06,7801.46600258,9904.17,coinmarketcap_data_api_listings_historical
2026-02-20,15858,GCOIN,Galaxy Fight Club,0.00054071,7777.83061398,8884.92,coinmarketcap_data_api_listings_historical
2026-02-20,35504,NIBBLES,Nibbles,5e-08,7725.35920111,0.0,coinmarketcap_data_api_listings_historical
2026-02-20,29987,PANDA,Panda Swap,8.64e-06,7676.88472865,0.0,coinmarketcap_data_api_listings_historical
2026-02-20,33776,SUMI,SUMI,7.6e-06,7535.41533946,0.0,coinmarketcap_data_api_listings_historical
2026-02-20,7553,eRSDL,Residual Token,7.49e-06,7449.24431482,4.16,coinmarketcap_data_api_listings_historical
2026-02-20,4060,TRV,TrustVerse,7.26e-06,7262.38779048,0.0,coinmarketcap_data_api_listings_historical
2026-02-20,30433,BLOCK,BlockProtocol,8.675e-05,7236.43264796,0.0,coinmarketcap_data_api_listings_historical
2026-02-20,39244,NIOon,NIO Tokenized Stock (Ondo),5.07255564,7093.46718568,5597.04,coinmarketcap_data_api_listings_historical
2026-02-20,39287,Fon,Ford Motor Tokenized Stock (Ondo),14.09359,7071.6475308,220026.89,coinmarketcap_data_api_listings_historical
2026-02-20,37306,MOOMOO,MOOMOO THE BULL,9.09e-06,7070.72720913,0.0,coinmarketcap_data_api_listings_historical
2026-02-20,32598,GODCAT,Godcat Exploding Kittens,8.74e-06,6966.10382919,0.0,coinmarketcap_data_api_listings_historical
2026-02-20,39414,KNT,KayakNet,7e-08,6927.82669478,0.0,coinmarketcap_data_api_listings_historical
2026-02-20,34889,CORGI,Corgi Inu (corgibnb.com),8.55e-06,6927.80187477,0.0,coinmarketcap_data_api_listings_historical
2026-02-20,36575,UBC,Universe Boss Coin,6.91e-06,6913.57528485,171276.16,coinmarketcap_data_api_listings_historical
2026-02-20,6665,LGCY,LGCY Network,5.3e-07,6798.03148543,0.0,coinmarketcap_data_api_listings_historical
2026-02-20,8937,WOOP,Woonkly,2.96e-05,6767.08733884,0.0,coinmarketcap_data_api_listings_historical
2026-02-20,601,ACOIN,Acoin,0.00554221,6761.96651325,0.0,coinmarketcap_data_api_listings_historical
2026-02-20,12172,MOWA,Moniwar,0.00061762,6677.01651721,0.0,coinmarketcap_data_api_listings_historical
2026-02-20,34365,REWARD,Rewardable,2.674e-05,6626.59007693,0.0,coinmarketcap_data_api_listings_historical
2026-02-20,37402,ETH,Shrek2HulkSimbaAnusHannahMontanInu,8.16e-06,6527.08431137,0.0,coinmarketcap_data_api_listings_historical
2026-02-20,18483,ERA,Era Token (Era7),0.00014028,6455.69456994,0.0,coinmarketcap_data_api_listings_historical
2026-02-20,7742,MPH,88mph,0.01377547,6409.43874752,27.49,coinmarketcap_data_api_listings_historical
2026-02-20,4286,ZNZ,ZENZO,0.0002147,6369.40451888,0.0,coinmarketcap_data_api_listings_historical
2026-02-20,38218,QSTAY,QSTAY,6.22e-06,6222.23266791,0.0,coinmarketcap_data_api_listings_historical
2026-02-20,8449,EGG,Goose Finance,0.00351286,6165.5314212,8974.75,coinmarketcap_data_api_listings_historical
2026-02-20,4951,ZYN,Zynecoin,0.00014695,6157.49349734,52074.45,coinmarketcap_data_api_listings_historical
2026-02-20,10805,THN,Throne,1.57e-05,6136.2651329,0.0,coinmarketcap_data_api_listings_historical
2026-02-20,34335,HOTDOGE,Hot Doge,6.03e-06,6028.12397022,1.0,coinmarketcap_data_api_listings_historical
2026-02-20,30143,JUICE,Juice Finance,3.42e-05,5874.84422914,8809.92,coinmarketcap_data_api_listings_historical
2026-02-20,12042,SYP,Sypool,8.877e-05,5802.20382781,45018.85,coinmarketcap_data_api_listings_historical
2026-02-20,7594,SMTY,Smoothy,0.00112656,5733.95486477,292166.23,coinmarketcap_data_api_listings_historical
2026-02-20,20896,AZY,Amazy,0.00013744,5624.75962359,0.0,coinmarketcap_data_api_listings_historical
2026-02-20,7952,vSXP,Venus SXP,0.0004072,5550.77464965,0.0,coinmarketcap_data_api_listings_historical
2026-02-20,7231,NSURE,Nsure.Network,0.00096962,5496.76784361,59334.18,coinmarketcap_data_api_listings_historical
2026-02-20,11417,GAJ,Gaj Finance,0.00280141,5438.7033472,0.0,coinmarketcap_data_api_listings_historical
2026-02-20,36780,CRAPPY,CrappyBird,4.5e-06,5385.64536306,0.0,coinmarketcap_data_api_listings_historical
2026-02-20,27922,SHIA,Shiba Saga,9.919e-05,5350.19404197,0.0,coinmarketcap_data_api_listings_historical
2026-02-20,30303,GB,Gary Banking,5.1e-07,5347.25875339,0.0,coinmarketcap_data_api_listings_historical
2026-02-20,38976,ZEC,Zcash AI,0.00025354,5314.89030922,0.0,coinmarketcap_data_api_listings_historical
2026-02-20,39296,VTVon,Vanguard Value Tokenized ETF (Ondo),207.81548518,5304.06395687,292.12,coinmarketcap_data_api_listings_historical
2026-02-20,7678,ROOK,Rook,0.00851559,5259.53794944,191.88,coinmarketcap_data_api_listings_historical
2026-02-20,38213,BANANAGUY,BananaGuy,1e-08,5223.26619414,0.0,coinmarketcap_data_api_listings_historical
2026-02-20,7647,AZUKI,Azuki,0.00045996,5190.61502727,0.0,coinmarketcap_data_api_listings_historical
2026-02-20,31629,BLS,BloodLoop,9.454e-05,4955.81342115,0.0,coinmarketcap_data_api_listings_historical
2026-02-20,13626,ACA,ACA Token,9.886e-05,4877.27007579,0.0,coinmarketcap_data_api_listings_historical
2026-02-20,7225,FIN,DeFiner,2.899e-05,4870.1152767,51739.61,coinmarketcap_data_api_listings_historical
2026-02-20,15178,GSTS,Gunstar Metaverse,0.00015529,4859.07959797,0.0,coinmarketcap_data_api_listings_historical
2026-02-20,12690,WPKT,Wrapped PKT,7.759e-05,4847.55075148,0.0,coinmarketcap_data_api_listings_historical
2026-02-20,36938,JEETS,I'm a Jeet,4.7e-06,4700.31919303,0.0,coinmarketcap_data_api_listings_historical
2026-02-20,20349,IGU,IguVerse,8.206e-05,4692.7030551,0.0,coinmarketcap_data_api_listings_historical
2026-02-20,24839,MOZ,Mozaic,3.034e-05,4567.6020571,0.0,coinmarketcap_data_api_listings_historical
2026-02-20,4078,SERO,Super Zero Protocol,1.003e-05,4495.7317031,813.98,coinmarketcap_data_api_listings_historical
2026-02-20,28748,ZELIX,ZELIX,6e-07,4468.78294496,0.0,coinmarketcap_data_api_listings_historical
2026-02-20,9867,HOTCROSS,Hot Cross,3.92e-05,4458.69611915,0.0,coinmarketcap_data_api_listings_historical
2026-02-20,8105,ROCKI,ROCKI,0.00054788,4414.37304111,0.0,coinmarketcap_data_api_listings_historical
2026-02-20,39313,ONon,ON Semiconductor Tokenized Stock (Ondo),69.12916741,4366.99354257,601.41,coinmarketcap_data_api_listings_historical
2026-02-20,11329,KAMPAY,KamPay,1.011e-05,4134.25303284,0.0,coinmarketcap_data_api_listings_historical
2026-02-20,38937,PPX,Prophex,5.859e-05,4104.36615669,0.0,coinmarketcap_data_api_listings_historical
2026-02-20,7698,CORX,CorionX,3.12e-05,4053.48635016,0.0,coinmarketcap_data_api_listings_historical
2026-02-20,10889,$DRF,DRIFE,4.36e-06,4025.37964499,0.0,coinmarketcap_data_api_listings_historical
2026-02-20,7841,IDLE,Idle,0.00044987,4010.22135293,2.11,coinmarketcap_data_api_listings_historical
2026-02-20,35198,ZOO,Zoo World,4e-06,4004.20190646,0.0,coinmarketcap_data_api_listings_historical
2026-02-20,30467,APX,ApexToken,0.00010197,3951.07532566,5778.66,coinmarketcap_data_api_listings_historical
2026-02-20,23665,CATCH,SpaceCatch,0.00035171,3874.26671163,0.0,coinmarketcap_data_api_listings_historical
2026-02-20,2452,TBX,Tokenbox,0.00034236,3846.58799814,1.05,coinmarketcap_data_api_listings_historical
2026-02-20,39286,CRWDon,CrowdStrike Tokenized Stock (Ondo),388.11850881,3761.75730866,813998.61,coinmarketcap_data_api_listings_historical
2026-02-20,12307,RENA,Warena,0.00054394,3732.65452533,10410.04,coinmarketcap_data_api_listings_historical
2026-02-20,39294,OKLOon,Oklo Tokenized Stock (Ondo),63.55994462,3643.08736291,897119.87,coinmarketcap_data_api_listings_historical
2026-02-20,3898,AXE,Axe,0.00067905,3572.46151444,0.0,coinmarketcap_data_api_listings_historical
2026-02-20,8695,BLANK,BlockWallet,0.00017703,3433.54181593,0.0,coinmarketcap_data_api_listings_historical
2026-02-20,34778,DNA,Muhdo Hub,2.03e-06,3412.65707964,0.0,coinmarketcap_data_api_listings_historical
2026-02-20,39277,MRNAon,Moderna Tokenized Stock (Ondo),49.92924842,3175.19524832,2956.44,coinmarketcap_data_api_listings_historical
2026-02-20,35875,FAFO,Fafo,3.12e-06,3124.31578471,0.0,coinmarketcap_data_api_listings_historical
2026-02-20,21168,AMA,Mrweb Finance (new),4.32e-05,3114.01986945,0.0,coinmarketcap_data_api_listings_historical
2026-02-20,16231,PTP,Platypus Finance,7.347e-05,3044.28601686,0.0,coinmarketcap_data_api_listings_historical
2026-02-20,10522,PACOCA,Pacoca,8.62e-06,2853.54589651,0.0,coinmarketcap_data_api_listings_historical
2026-02-20,35798,SHIRO,Shiro Neko,2.85e-06,2849.03905519,0.0,coinmarketcap_data_api_listings_historical
2026-02-20,28399,FANX,FrontFanz,2.9e-05,2833.34070841,0.0,coinmarketcap_data_api_listings_historical
2026-02-20,38952,ASTER,Aster AI,0.00013352,2799.84090959,0.0,coinmarketcap_data_api_listings_historical
2026-02-20,34594,KIMBA,The White Lion,2e-08,2639.15231782,0.0,coinmarketcap_data_api_listings_historical
2026-02-20,12315,DOSE,DOSE,3.06e-06,2616.37349898,0.0,coinmarketcap_data_api_listings_historical
2026-02-20,11779,DREAMS,Dreams Quest,1.65e-06,2575.74794799,0.0,coinmarketcap_data_api_listings_historical
2026-02-20,34526,GRFT,Grafeté,6.68e-06,2453.69847623,0.0,coinmarketcap_data_api_listings_historical
2026-02-20,39220,AALon,American Airlines Group Tokenized Stock (Ondo),13.52914741,2371.06747345,810356.55,coinmarketcap_data_api_listings_historical
2026-02-20,4466,ECO,Ormeus Ecosystem,1.06e-06,2367.94519192,0.0,coinmarketcap_data_api_listings_historical
2026-02-20,35077,PUMPAI,PUMPAI,6.87e-06,2358.19817122,0.0,coinmarketcap_data_api_listings_historical
2026-02-20,33148,ABDS,ABDS Token,0.00075086,2289.75952465,0.0,coinmarketcap_data_api_listings_historical
2026-02-20,11516,EKTA,Ekta,6.422e-05,2232.7473103,0.0,coinmarketcap_data_api_listings_historical
2026-02-20,39304,LRCXon,Lam Research Tokenized Stock (Ondo),244.34088518,2193.48652197,947184.67,coinmarketcap_data_api_listings_historical
2026-02-20,11354,WAG,WagyuSwap,3.909e-05,2117.55420754,0.0,coinmarketcap_data_api_listings_historical
2026-02-20,23419,ZYB,Zyberswap,0.00037109,2086.44706049,0.0,coinmarketcap_data_api_listings_historical
2026-02-20,9905,RUNE,Rune,0.41497451,2063.38912944,320794.21,coinmarketcap_data_api_listings_historical
2026-02-20,5434,pBTC,pTokens BTC,142.5834469,2028.26236462,0.0,coinmarketcap_data_api_listings_historical
2026-02-20,39265,COPon,ConocoPhillips Tokenized Stock (Ondo),112.23108413,1893.00691474,36.88,coinmarketcap_data_api_listings_historical
2026-02-20,8188,MSWAP,MoneySwap,1.24e-06,1865.74809573,0.0,coinmarketcap_data_api_listings_historical
2026-02-20,39250,USOon,United States Oil Tokenized Fund (Ondo),80.95141342,1793.72841363,859490.81,coinmarketcap_data_api_listings_historical
2026-02-20,13298,VIX,VIXCO,2e-06,1774.47618723,0.0,coinmarketcap_data_api_listings_historical
2026-02-20,13237,FS,FutureStarter,1.714e-05,1773.62690439,0.0,coinmarketcap_data_api_listings_historical
2026-02-20,38900,DASH,Dash AI,8.458e-05,1773.48039468,0.0,coinmarketcap_data_api_listings_historical
2026-02-20,39300,SQQQon,ProShares UltraPro Short QQQ Tokenized Stock (Ondo),70.31519156,1725.38124718,95643.09,coinmarketcap_data_api_listings_historical
2026-02-20,39305,PALLon,abrdn Physical Palladium Shares Tokenized ETF (Ondo),159.56294614,1703.13196462,935517.95,coinmarketcap_data_api_listings_historical
2026-02-20,31496,PAPU,Papu Token,0.0,1701.183702,0.0,coinmarketcap_data_api_listings_historical
2026-02-20,7876,VAL,SORA Validator Token,0.00414656,1691.81079702,557.77,coinmarketcap_data_api_listings_historical
2026-02-20,9780,SNOB,Snowball,0.00030651,1683.50500922,0.0,coinmarketcap_data_api_listings_historical
2026-02-20,30365,SHOOT,Mars Battle,1.782e-05,1634.36930399,0.0,coinmarketcap_data_api_listings_historical
2026-02-20,39232,AMCon,AMC Entertainment Tokenized Stock (Ondo),1.20855622,1618.00087,0.0,coinmarketcap_data_api_listings_historical
2026-02-20,20390,SPORT,SPORT,5.497e-05,1611.52940047,0.0,coinmarketcap_data_api_listings_historical
2026-02-20,38294,STOSHI,Sultanoshi,0.00018877,1529.04513684,0.0,coinmarketcap_data_api_listings_historical
2026-02-20,3449,MMO,MMOCoin,2.151e-05,1474.40014836,0.01,coinmarketcap_data_api_listings_historical
2026-02-20,11344,MATE,Mate,0.00054505,1471.48245669,0.0,coinmarketcap_data_api_listings_historical
2026-02-20,39230,ADIon,Analog Devices Tokenized Stock (Ondo),355.2946518,1464.54139571,332.84,coinmarketcap_data_api_listings_historical
2026-02-20,31747,STAGE,STAGE,9.4e-07,1454.11186126,0.0,coinmarketcap_data_api_listings_historical
2026-02-20,33094,MCOIN,MCOIN,1.44e-06,1440.87095339,1.89,coinmarketcap_data_api_listings_historical
2026-02-20,39231,JNJon,Johnson & Johnson Tokenized Stock (Ondo),242.24007626,1420.00544059,835698.02,coinmarketcap_data_api_listings_historical
2026-02-20,8260,NDX,Indexed Finance,0.00161353,1379.24890914,6.19,coinmarketcap_data_api_listings_historical
2026-02-20,39270,Con,Citigroup Tokenized Stock (Ondo),115.71614445,1338.14960261,267612.08,coinmarketcap_data_api_listings_historical
2026-02-20,9752,AFEN,AFEN Blockchain Network,8.97e-06,1316.80644612,0.0,coinmarketcap_data_api_listings_historical
2026-02-20,5473,CRDT,CRDT,0.00014233,1249.60080974,0.0,coinmarketcap_data_api_listings_historical
2026-02-20,11086,LFG,Gamerse,7.21e-06,1226.34887984,0.0,coinmarketcap_data_api_listings_historical
2026-02-20,39308,RGTIon,Rigetti Computing Tokenized Stock (Ondo),15.91101049,1172.02680259,650.04,coinmarketcap_data_api_listings_historical
2026-02-20,39281,FIGRon,Figure Technology Solutions Tokenized Stock (Ondo),29.12365261,1062.52450961,2387.5,coinmarketcap_data_api_listings_historical
2026-02-20,39279,SOon,Southern Tokenized Stock (Ondo),94.6723021,866.97664995,0.0,coinmarketcap_data_api_listings_historical
2026-02-20,39295,RTXon,RTX Tokenized Stock (Ondo),205.17534053,856.43690507,19.83,coinmarketcap_data_api_listings_historical
2026-02-20,9546,ODIN,Odin Protocol,4.809e-05,840.01190709,0.0,coinmarketcap_data_api_listings_historical
2026-02-20,9856,KFT,Knit Finance,0.00016044,786.14800573,9278.44,coinmarketcap_data_api_listings_historical
2026-02-20,39252,BACon,Bank of America Tokenized Stock (Ondo),53.01561333,721.96906588,814479.82,coinmarketcap_data_api_listings_historical
2026-02-20,7270,SFD,SAFE DEAL,1.87e-05,718.12641411,0.11,coinmarketcap_data_api_listings_historical
2026-02-20,30772,EXVG,Exverse,2.048e-05,658.53746161,0.0,coinmarketcap_data_api_listings_historical
2026-02-20,19464,MHUNT,MetaShooter,1.997e-05,644.13223229,0.0,coinmarketcap_data_api_listings_historical
2026-02-20,29043,MTC,Moonft,0.00189766,626.22490791,0.0,coinmarketcap_data_api_listings_historical
2026-02-20,39255,NIKLon,Sprott Nickel Miners Tokenized ETF (Ondo),19.13571195,617.7969631,9937.92,coinmarketcap_data_api_listings_historical
2026-02-20,8962,ETNA,ETNA Network,4.759e-05,574.84228551,0.0,coinmarketcap_data_api_listings_historical
2026-02-20,10036,BSL,BSClaunch,0.00026635,520.22131269,0.0,coinmarketcap_data_api_listings_historical
2026-02-20,9666,TRR,Terran Coin,2.151e-05,508.82482353,20846.42,coinmarketcap_data_api_listings_historical
2026-02-20,39236,BLSHon,Bullish Tokenized Stock (Ondo),31.79512355,450.83295431,0.0,coinmarketcap_data_api_listings_historical
2026-02-20,39239,DNNon,Denison Mines Tokenized Stock (Ondo),4.06685478,449.62526082,21383.03,coinmarketcap_data_api_listings_historical
2026-02-20,39301,ANETon,Arista Networks Tokenized Stock (Ondo),133.10132549,420.24420505,78574.89,coinmarketcap_data_api_listings_historical
2026-02-20,39292,DBCon,Invesco DB Commodity Index Tokenized Fund (Ondo),24.16062348,418.45273191,0.0,coinmarketcap_data_api_listings_historical
2026-02-20,32465,PAXE,Paxe,0.00013754,412.63202424,0.0,coinmarketcap_data_api_listings_historical
2026-02-20,39306,SGOVon,iShares 0-3 Month Treasury Bond Tokenized ETF (Ondo),100.78926736,401.39142389,730876.48,coinmarketcap_data_api_listings_historical
2026-02-20,27435,SHRED,ShredN,0.00166045,348.69447128,0.0,coinmarketcap_data_api_listings_historical
2026-02-20,39243,DGRWon,WisdomTree US Quality Dividend Growth Tokenized Fund (Ondo),93.32438869,345.38314006,5031.62,coinmarketcap_data_api_listings_historical
2026-02-20,39297,BTGon,B2Gold Tokenized Stock (Ondo),5.38398696,304.08543268,19492.27,coinmarketcap_data_api_listings_historical
2026-02-20,39233,COFon,Capital One Tokenized Stock (Ondo),206.33995474,285.30326556,0.0,coinmarketcap_data_api_listings_historical
2026-02-20,3931,ELET,Elementeum,5.294e-05,276.48581303,1.89,coinmarketcap_data_api_listings_historical
2026-02-20,39262,VTIon,Vanguard Total Stock Market Tokenized ETF (Ondo),340.13040275,272.93131526,0.0,coinmarketcap_data_api_listings_historical
2026-02-20,39263,CLOAon,iShares AAA CLO Tokenized ETF (Ondo),52.05634622,251.53492863,0.0,coinmarketcap_data_api_listings_historical
2026-02-20,7654,RFOX,RFOX,1.9e-07,249.20431783,6318596.51,coinmarketcap_data_api_listings_historical
2026-02-20,39237,CPNGon,Coupang Tokenized Stock (Ondo),18.406981,237.5478841,0.0,coinmarketcap_data_api_listings_historical
2026-02-20,39261,REMXon,VanEck Rare Earth and Strategic Metals Tokenized ETF (Ondo),88.820663,218.68319869,249.99,coinmarketcap_data_api_listings_historical
2026-02-20,39276,GLDon,SPDR Gold Shares Tokenized Stock (Ondo),467.99776904,214.7711447,182944.25,coinmarketcap_data_api_listings_historical
2026-02-20,39283,SOFIon,SoFi Technologies Tokenized Stock (Ondo),18.97761079,203.24209883,834477.16,coinmarketcap_data_api_listings_historical
2026-02-20,39293,GRABon,Grab Holdings Tokenized Stock (Ondo),4.38541199,190.69821553,98.42,coinmarketcap_data_api_listings_historical
2026-02-20,16197,LUS,Luna Rush,4.004e-05,182.1785607,0.0,coinmarketcap_data_api_listings_historical
2026-02-20,24796,ADF,Art de Finance,1e-06,180.3604459,0.0,coinmarketcap_data_api_listings_historical
2026-02-20,39251,WULFon,Terawulf Tokenized Stock (Ondo),16.15624467,145.07539891,0.0,coinmarketcap_data_api_listings_historical
2026-02-20,39309,TCOMon,Trip.com Group Tokenized Stock (Ondo),54.46918008,143.90405943,1438.12,coinmarketcap_data_api_listings_historical
2026-02-20,39273,PLUGon,Plug Power Tokenized Stock (Ondo),1.87431979,136.11196015,486.58,coinmarketcap_data_api_listings_historical
2026-02-20,39241,LIon,Li Auto Tokenized Stock (Ondo),18.27213195,130.21784503,328.85,coinmarketcap_data_api_listings_historical
2026-02-20,39271,NEEon,NextEra Energy Tokenized Stock (Ondo),92.14989799,117.08721495,46711.87,coinmarketcap_data_api_listings_historical
2026-02-20,39302,DEon,Deere Tokenized Stock (Ondo),664.85863138,109.22765657,418.0,coinmarketcap_data_api_listings_historical
2026-02-20,39246,PDBCon,Invesco Optimum Yld Dvsfd Cmd Str No K-1 Tokenized ETF (Ondo),14.62558884,105.16747989,1281.27,coinmarketcap_data_api_listings_historical
2026-02-20,39289,TLNon,Talen Energy Tokenized Stock (Ondo),361.47655095,102.18894381,0.0,coinmarketcap_data_api_listings_historical
2026-02-20,38119,VCT,VCHAT Token,5.97e-06,79.06457215,1187.74,coinmarketcap_data_api_listings_historical
2026-02-20,16607,ISA,Islander,1.4e-07,78.08321684,0.0,coinmarketcap_data_api_listings_historical
2026-02-20,39274,XYZon,Block Tokenized Stock (Ondo),53.93763403,75.37439694,0.0,coinmarketcap_data_api_listings_historical
2026-02-20,39291,TMOon,Thermo Fisher Scientific Tokenized Stock (Ondo),583.00063155,72.13448158,0.0,coinmarketcap_data_api_listings_historical
2026-02-20,39299,PCGon,PG&E Tokenized Stock (Ondo),18.38579864,58.40977787,58.26,coinmarketcap_data_api_listings_historical
2026-02-20,39256,RIVNon,Rivian Automotive Tokenized Stock (Ondo),15.26441788,53.49296579,85239.4,coinmarketcap_data_api_listings_historical
2026-02-20,29391,RVM,Realvirm,0.00059302,53.37160275,0.0,coinmarketcap_data_api_listings_historical
2026-02-20,39240,KLACon,KLA Tokenized Stock (Ondo),1503.57100963,45.52080778,136354.87,coinmarketcap_data_api_listings_historical
2026-02-20,39285,AMGNon,Amgen Tokenized Stock (Ondo),375.56603451,45.13761793,52247.4,coinmarketcap_data_api_listings_historical
2026-02-20,39298,CIFRon,Cipher Mining Tokenized Stock (Ondo),14.65385042,44.93070373,88.27,coinmarketcap_data_api_listings_historical
2026-02-20,39307,MRKon,Merck Tokenized Stock (Ondo),122.02115121,44.92693594,801191.69,coinmarketcap_data_api_listings_historical
2026-02-20,32272,PUMPBTC,pumpBTC (Rehypothecated BTC),0.01706481,42.46251251,69362.89,coinmarketcap_data_api_listings_historical
2026-02-20,39315,USFRon,WisdomTree Floating Rate Treasury Tokenized  Fund (Ondo),50.64512895,36.11095996,722543.92,coinmarketcap_data_api_listings_historical
2026-02-20,39275,GEMIon,Gemini Space Station Tokenized Stock (Ondo),5.84006409,33.8996902,138.92,coinmarketcap_data_api_listings_historical
2026-02-20,39235,CATon,Caterpillar Tokenized Stock (Ondo),759.43159188,31.92943553,280656.93,coinmarketcap_data_api_listings_historical
2026-02-20,39260,PSQon,ProShares Short QQQ Tokenized Stock (Ondo),30.6681467,30.77750624,626152.74,coinmarketcap_data_api_listings_historical
2026-02-20,39269,BINCon,iShares Flexible Income Tokenized ETF (Ondo),53.33323946,25.24515397,0.0,coinmarketcap_data_api_listings_historical
2026-02-20,39258,TXNon,Texas Instruments Tokenized Stock (Ondo),220.55981678,24.48410044,20.08,coinmarketcap_data_api_listings_historical
2026-02-20,39234,BZon,Kanzhun Tokenized Stock (Ondo),17.20097936,22.80944968,0.0,coinmarketcap_data_api_listings_historical
2026-02-20,39311,LOWon,Lowe's Tokenized Stock (Ondo),278.50087823,21.71175858,0.0,coinmarketcap_data_api_listings_historical
2026-02-20,39245,OPRAon,Opera Tokenized Stock (Ondo),12.61547031,18.60294283,0.0,coinmarketcap_data_api_listings_historical
2026-02-20,39312,ONDSon,Ondas Holdings Tokenized Stock (Ondo),10.04818175,18.53873867,74712.41,coinmarketcap_data_api_listings_historical
2026-02-20,39314,SNAPon,Snap Tokenized Stock (Ondo),5.13277474,18.19041462,70.47,coinmarketcap_data_api_listings_historical
2026-02-20,39248,SOUNon,SoundHound AI Tokenized Stock (Ondo),7.82117475,15.6423495,871703.49,coinmarketcap_data_api_listings_historical
2026-02-20,39238,CVNAon,Carvana Tokenized Stock (Ondo),336.43668417,15.40000904,1717356.1,coinmarketcap_data_api_listings_historical
2026-02-20,8497,BANANA,ApeSwap,2e-08,5.61121669,33.69,coinmarketcap_data_api_listings_historical
2026-02-20,39254,IRENon,IREN Tokenized Stock (Ondo),40.26342166,2.27447385,1074379.7,coinmarketcap_data_api_listings_historical
2026-02-20,23246,TOMI,TOMI,0.0,1.76586553,152807.03,coinmarketcap_data_api_listings_historical
2026-02-20,36876,TASSHUB,TASSHUB,0.0008211,0.82109906,123.14,coinmarketcap_data_api_listings_historical
2026-02-20,39249,Ton,AT&T Tokenized Stock (Ondo),28.27508774,0.71372429,159.9,coinmarketcap_data_api_listings_historical
2026-02-20,39272,NTESon,NetEase Tokenized Stock (Ondo),118.41446753,0.50290743,100.14,coinmarketcap_data_api_listings_historical
2026-02-20,39242,OXYon,Occidental Petroleum Tokenized Stock (Ondo),51.64922253,0.1337188,86750.03,coinmarketcap_data_api_listings_historical
2026-02-20,39259,MTZon,MasTec Tokenized Stock (Ondo),262.39903877,0.10386804,0.0,coinmarketcap_data_api_listings_historical
2026-02-20,39288,JAAAon,Janus Henderson AAA CLO Tokenized ETF (Ondo),50.90409112,0.0969672,0.0,coinmarketcap_data_api_listings_historical
2026-02-20,39264,CLOIon,VanEck CLO Tokenized ETF (Ondo),53.09240856,0.09611956,0.0,coinmarketcap_data_api_listings_historical
2026-02-20,39290,MPon,MP Materials Tokenized Stock (Ondo),55.50611614,0.08907011,96306.58,coinmarketcap_data_api_listings_historical
2026-02-20,39267,PINSon,Pinterest Tokenized Stock (Ondo),17.72116225,0.06626527,2038.3,coinmarketcap_data_api_listings_historical
2026-02-20,39268,VZon,Verizon Tokenized Stock (Ondo),49.73520599,0.05554875,814043.14,coinmarketcap_data_api_listings_historical
2026-02-20,39278,SCHWon,Charles Schwab Tokenized Stock (Ondo),93.71005041,0.04466408,0.0,coinmarketcap_data_api_listings_historical
2026-02-20,39282,OSCRon,Oscar Health Tokenized Stock (Ondo),13.84130519,0.04441177,0.0,coinmarketcap_data_api_listings_historical
2026-02-20,9447,SNY,Synthetify,0.0,0.00166619,0.0,coinmarketcap_data_api_listings_historical
2026-02-20,39253,CEGon,Constellation Energy Tokenized Stock (Ondo),293.86910528,0.00099328,764399.59,coinmarketcap_data_api_listings_historical
2026-02-20,39266,OPENon,Opendoor Technologies Tokenized Stock (Ondo),4.98512196,5e-08,5404.94,coinmarketcap_data_api_listings_historical
2026-02-20,6975,YFFII,YFFII Finance,0.0,0.0,0.0,coinmarketcap_data_api_listings_historical
2026-02-20,21353,WBT,WhiteBIT Coin,50.71729645,0.0,70732188.45,coinmarketcap_data_api_listings_historical
2026-02-20,38524,LGNS,Origin,6.47271744,0.0,42837158.46,coinmarketcap_data_api_listings_historical
2026-02-20,3759,JNB,Jinbi Token,117592.42959623,0.0,36568752.57,coinmarketcap_data_api_listings_historical
2026-02-20,28546,WBS,Websea,0.87494461,0.0,36001280.65,coinmarketcap_data_api_listings_historical
2026-02-20,37545,BNKR,BankrCoin,0.00063746,0.0,33355894.38,coinmarketcap_data_api_listings_historical
2026-02-20,4077,MPRA,Maya Preferred PRA,777521037.003004,0.0,30359733.74,coinmarketcap_data_api_listings_historical
2026-02-20,29160,HTX,HTX,1.7e-06,0.0,30124215.02,coinmarketcap_data_api_listings_historical
2026-02-20,29216,UZX,UZX,1.65083769,0.0,28105867.81,coinmarketcap_data_api_listings_historical
2026-02-20,36093,WKEYDAO,WebKey DAO,4.58416567,0.0,23164095.61,coinmarketcap_data_api_listings_historical
2026-02-20,25967,UGOLD,UGOLD Inc.,5621.76302909,0.0,22883861.16,coinmarketcap_data_api_listings_historical
2026-02-20,38517,USDT0,USDT0,1.00056149,0.0,20183473.56,coinmarketcap_data_api_listings_historical
2026-02-20,38760,CASH,Cash,0.99968912,0.0,17734901.31,coinmarketcap_data_api_listings_historical
2026-02-20,10720,BPX,Black Phoenix,0.14527983,0.0,16203293.21,coinmarketcap_data_api_listings_historical
2026-02-20,39361,FIGR_HELOC,Figure HELOC,1.04609366,0.0,15785016.99,coinmarketcap_data_api_listings_historical
2026-02-20,24549,PEPE,Arbi Pepe,4.26e-06,0.0,13676517.69,coinmarketcap_data_api_listings_historical
2026-02-20,39200,CODEX,CodexField,40.13976587,0.0,13367828.61,coinmarketcap_data_api_listings_historical
2026-02-20,5999,XT,XT.COM,3.62241145,0.0,11821667.33,coinmarketcap_data_api_listings_historical
2026-02-20,38627,USAD,Lydia Coins (USAD),1.00096087,0.0,10811620.55,coinmarketcap_data_api_listings_historical
2026-02-20,38439,CRYPGPT,CRYPGPT,12.09739353,0.0,10166291.56,coinmarketcap_data_api_listings_historical
2026-02-20,31501,SHIB,SHIB ON SOLANA,6.43e-06,0.0,10063512.97,coinmarketcap_data_api_listings_historical
2026-02-20,8886,USDP,USDP Stablecoin,0.9994668,0.0,9824352.7,coinmarketcap_data_api_listings_historical
2026-02-20,39323,9BIT,The9bit,0.01636795,0.0,7888033.31,coinmarketcap_data_api_listings_historical
2026-02-20,39547,CLAWNCH,CLAWNCH,9.46e-05,0.0,7837162.64,coinmarketcap_data_api_listings_historical
2026-02-20,20017,MMXN,Moneta Digital,0.05808132,0.0,6810029.66,coinmarketcap_data_api_listings_historical
2026-02-20,11024,KRW,KingDeFi,0.00069185,0.0,6782391.64,coinmarketcap_data_api_listings_historical
2026-02-20,28452,rats,rats (Ordinals),4.76e-05,0.0,6475552.4,coinmarketcap_data_api_listings_historical
2026-02-20,35888,WMON,Wrapped Monad,0.02103677,0.0,6134234.18,coinmarketcap_data_api_listings_historical
2026-02-20,2027,CNX,Cryptonex,34.84795192,0.0,5613171.84,coinmarketcap_data_api_listings_historical
2026-02-20,10807,CWT,CoinW Token,0.12899055,0.0,4996377.11,coinmarketcap_data_api_listings_historical
2026-02-20,13887,P2PS,P2P Solutions foundation,177.38334709,0.0,4397149.5,coinmarketcap_data_api_listings_historical
2026-02-20,27663,WSTUSDT,wstUSDT,1.1035651,0.0,4184315.6,coinmarketcap_data_api_listings_historical
2026-02-20,37275,JU,Ju Token,0.6710958,0.0,3983411.54,coinmarketcap_data_api_listings_historical
2026-02-20,38996,REPPO,Reppo,0.02189026,0.0,3663754.02,coinmarketcap_data_api_listings_historical
2026-02-20,39415,VEREM,Verified Emeralds,16.04149767,0.0,3526410.0,coinmarketcap_data_api_listings_historical
2026-02-20,21074,XTUSD,XT Stablecoin XTUSD,0.99992543,0.0,3521887.68,coinmarketcap_data_api_listings_historical
2026-02-20,36733,BTX,Bitradex Token,0.19561691,0.0,3403162.67,coinmarketcap_data_api_listings_historical
2026-02-20,38246,ARK,ARK DeFAI,12.76232604,0.0,3291960.56,coinmarketcap_data_api_listings_historical
2026-02-20,39448,BUTTCOIN,Buttcoin,0.01433249,0.0,3277085.9,coinmarketcap_data_api_listings_historical
2026-02-20,39390,PF,Purple Frog,0.00017989,0.0,3267867.7,coinmarketcap_data_api_listings_historical
2026-02-20,32207,WXT,WEEX Token,0.01991681,0.0,3108989.42,coinmarketcap_data_api_listings_historical
2026-02-20,39526,3KDS,Three Kingdoms,0.00445738,0.0,3064219.99,coinmarketcap_data_api_listings_historical
2026-02-20,11500,BIT,Biconomy Exchange Token,3.01e-06,0.0,3036682.28,coinmarketcap_data_api_listings_historical
2026-02-20,36540,DUPE,Dupe,0.00784854,0.0,2783312.28,coinmarketcap_data_api_listings_historical
2026-02-20,30618,OIL,CRUDE OIL BRENT (Zedcex),66.39979622,0.0,2724172.9,coinmarketcap_data_api_listings_historical
2026-02-20,32531,RYO,RYO Coin,5.2231165,0.0,2659259.68,coinmarketcap_data_api_listings_historical
2026-02-20,39583,BIGTROUT,The Big Trout,0.00187415,0.0,2649837.35,coinmarketcap_data_api_listings_historical
2026-02-20,23619,VTCN,Versatize Coin,0.00834587,0.0,2569381.76,coinmarketcap_data_api_listings_historical
2026-02-20,36883,GOR,Gorbagana,0.00167584,0.0,2532693.97,coinmarketcap_data_api_listings_historical
2026-02-20,34647,GAME,GAME by Virtuals,0.01129239,0.0,2484532.94,coinmarketcap_data_api_listings_historical
2026-02-20,12087,ZKP,Panther Protocol,0.01058636,0.0,2456041.13,coinmarketcap_data_api_listings_historical
2026-02-20,34229,STOOS,STO Operating System,1.59700831,0.0,2364742.8,coinmarketcap_data_api_listings_historical
2026-02-20,37415,BIGOD,BinGold,65313.88631157,0.0,2266810.49,coinmarketcap_data_api_listings_historical
2026-02-20,38718,CGN,Cygnus,0.00300389,0.0,2222332.76,coinmarketcap_data_api_listings_historical
2026-02-20,39094,ANB,Ant.FUN,0.01930763,0.0,2206595.36,coinmarketcap_data_api_listings_historical
2026-02-20,34102,TIG,The Innovation Game,0.37900629,0.0,2129787.41,coinmarketcap_data_api_listings_historical
2026-02-20,38787,PING,Ping,0.00151969,0.0,2126158.71,coinmarketcap_data_api_listings_historical
2026-02-20,36873,SN64,Chutes,19.55405215,0.0,2110194.27,coinmarketcap_data_api_listings_historical
2026-02-20,39546,CLAWD,clawd.atg.eth,4.293e-05,0.0,2094029.46,coinmarketcap_data_api_listings_historical
2026-02-20,38457,XMD,Metal Dollar,0.9907146,0.0,1759624.36,coinmarketcap_data_api_listings_historical
2026-02-20,36667,BDG,Beyond Gaming,2.8e-07,0.0,1703057.82,coinmarketcap_data_api_listings_historical
2026-02-20,39522,MOLT,Moltbook,2.625e-05,0.0,1700355.83,coinmarketcap_data_api_listings_historical
2026-02-20,38362,NIZA,Niza Global,0.04102903,0.0,1647711.49,coinmarketcap_data_api_listings_historical
2026-02-20,20734,WELL,Moonwell,0.00438081,0.0,1573739.42,coinmarketcap_data_api_listings_historical
2026-02-20,39561,FWX,Future Warriors X,0.00132247,0.0,1569313.04,coinmarketcap_data_api_listings_historical
2026-02-20,22454,PEPE,PepePAD,4.27e-06,0.0,1540113.38,coinmarketcap_data_api_listings_historical
2026-02-20,36309,BITCH,OurBitch,0.02940873,0.0,1539900.98,coinmarketcap_data_api_listings_historical
2026-02-20,39527,ZIOW,ZIOWCHAIN,0.58740357,0.0,1517102.79,coinmarketcap_data_api_listings_historical
2026-02-20,36265,LVVA,Levva Protocol,0.00055794,0.0,1514957.51,coinmarketcap_data_api_listings_historical
2026-02-20,16193,PI,Pi [IOU],0.17739884,0.0,1460862.79,coinmarketcap_data_api_listings_historical
2026-02-20,33342,EVA,EverValue Coin,29.41991913,0.0,1458734.17,coinmarketcap_data_api_listings_historical
2026-02-20,20317,xUSD,xUSD,1.00017632,0.0,1413163.13,coinmarketcap_data_api_listings_historical
2026-02-20,36274,BDTC,BDTCOIN,37.33323263,0.0,1410236.92,coinmarketcap_data_api_listings_historical
2026-02-20,38403,POP,POP Chain,0.05315962,0.0,1369534.1,coinmarketcap_data_api_listings_historical
2026-02-20,38545,COINDEPO,COINDEPO,0.07397794,0.0,1360432.06,coinmarketcap_data_api_listings_historical
2026-02-20,39088,ALMANAK,Almanak,0.00186409,0.0,1353867.93,coinmarketcap_data_api_listings_historical
2026-02-20,36903,SN62,Ridges AI,5.53036012,0.0,1353770.19,coinmarketcap_data_api_listings_historical
2026-02-20,39559,JGGL,JGGL,2.13671861,0.0,1339712.44,coinmarketcap_data_api_listings_historical
2026-02-20,35784,POWER,Powerloom,0.37845462,0.0,1303862.54,coinmarketcap_data_api_listings_historical
2026-02-20,32761,ATLA,Atleta Network,22.7377849,0.0,1295941.23,coinmarketcap_data_api_listings_historical
2026-02-20,33335,MARS,MetaMars,0.04015661,0.0,1289465.0,coinmarketcap_data_api_listings_historical
2026-02-20,32587,UMM,UMM,3.86382434,0.0,1275695.47,coinmarketcap_data_api_listings_historical
2026-02-20,38793,DREAMS,Daydreams,0.00878511,0.0,1241083.22,coinmarketcap_data_api_listings_historical
2026-02-20,38526,GOT,Golden Pact,4.23345285,0.0,1229049.67,coinmarketcap_data_api_listings_historical
2026-02-20,32588,PINS,PINs Network Token,0.02452904,0.0,1212730.73,coinmarketcap_data_api_listings_historical
2026-02-20,39051,BIBI,Binance bibi,0.00165723,0.0,1190708.52,coinmarketcap_data_api_listings_historical
2026-02-20,30541,DINO,Coding Dino,0.00050159,0.0,1188103.37,coinmarketcap_data_api_listings_historical
2026-02-20,37721,USDA,USDA,0.99604826,0.0,1161665.9,coinmarketcap_data_api_listings_historical
2026-02-20,32589,ECHO,EchoLink Network,0.23343897,0.0,1149796.38,coinmarketcap_data_api_listings_historical
2026-02-20,34574,CULT,Milady Cult Coin,0.00018321,0.0,1148196.04,coinmarketcap_data_api_listings_historical
2026-02-20,38361,TBC,TuringBitChain,5.95715103,0.0,1131214.06,coinmarketcap_data_api_listings_historical
2026-02-20,26597,XBTC,XenBitcoin,5672.65982298,0.0,1128445.52,coinmarketcap_data_api_listings_historical
2026-02-20,33740,USD+,Overnight.fi USD+ (Base),0.9995579,0.0,1092250.06,coinmarketcap_data_api_listings_historical
2026-02-20,28690,AIG,A.I Genesis,0.70246426,0.0,1091419.4,coinmarketcap_data_api_listings_historical
2026-02-20,5005,ARX,ARCS,0.01688961,0.0,1066937.8,coinmarketcap_data_api_listings_historical
2026-02-20,38455,XMN,xMoney,0.01133003,0.0,1056878.69,coinmarketcap_data_api_listings_historical
2026-02-20,29839,MGC,Meta Games Coin,8.48671228,0.0,1054399.98,coinmarketcap_data_api_listings_historical
2026-02-20,9021,wxDai,Wrapped XDAI,1.00008787,0.0,1050436.62,coinmarketcap_data_api_listings_historical
2026-02-20,33951,PAI,Panther Ai,0.00557786,0.0,1017952.08,coinmarketcap_data_api_listings_historical
2026-02-20,38672,FACY,ArAIstotle,0.00281094,0.0,980990.4,coinmarketcap_data_api_listings_historical
2026-02-20,15617,KRRX,Kyrrex,0.06697427,0.0,976140.02,coinmarketcap_data_api_listings_historical
2026-02-20,35716,RZUSD,RZUSD,0.99970461,0.0,964315.65,coinmarketcap_data_api_listings_historical
2026-02-20,38948,USX,Solstice USX,0.99969133,0.0,949190.83,coinmarketcap_data_api_listings_historical
2026-02-20,38712,$WEN,Weber Energy Network,0.60456825,0.0,942583.25,coinmarketcap_data_api_listings_historical
2026-02-20,37735,APD,APD,0.02048801,0.0,928658.1,coinmarketcap_data_api_listings_historical
2026-02-20,38186,DIEM,Diem,630.33346935,0.0,926554.32,coinmarketcap_data_api_listings_historical
2026-02-20,39131,COCO,coco,0.11990121,0.0,918644.37,coinmarketcap_data_api_listings_historical
2026-02-20,39013,TCU29,Tempestas Copper,5.90186705,0.0,904381.51,coinmarketcap_data_api_listings_historical
2026-02-20,36901,SN44,Score,6.74077772,0.0,895137.05,coinmarketcap_data_api_listings_historical
2026-02-20,36557,CAPX,Capx AI,0.17137186,0.0,893126.87,coinmarketcap_data_api_listings_historical
2026-02-20,1343,STRAX,Stratis [Old],0.01591233,0.0,888530.06,coinmarketcap_data_api_listings_historical
2026-02-20,10506,HIT,HitBTC Token,0.19912813,0.0,874633.58,coinmarketcap_data_api_listings_historical
2026-02-20,35936,COLLAT,Collaterize,0.00345696,0.0,839476.31,coinmarketcap_data_api_listings_historical
2026-02-20,38146,META,MetaDAO (new),3.74882746,0.0,813522.41,coinmarketcap_data_api_listings_historical
2026-02-20,2223,VEE,BLOCKv,0.00737393,0.0,805501.04,coinmarketcap_data_api_listings_historical
2026-02-20,33850,SBR,STRATEGIC BITCOIN RESERVE,0.02060081,0.0,805037.09,coinmarketcap_data_api_listings_historical
2026-02-20,36328,FARTCOIN,FARTCOIN (fartcoin.one),0.0015741,0.0,801712.55,coinmarketcap_data_api_listings_historical
2026-02-20,13803,MNDE,Marinade,0.02458298,0.0,797392.45,coinmarketcap_data_api_listings_historical
2026-02-20,38891,TOTT,TOMATOK,0.13636298,0.0,792021.25,coinmarketcap_data_api_listings_historical
2026-02-20,38131,ALKIMI,Alkimi,0.01041654,0.0,776635.47,coinmarketcap_data_api_listings_historical
2026-02-20,38938,ITE,Idle Tribe Era,0.00122151,0.0,750337.28,coinmarketcap_data_api_listings_historical
2026-02-20,19618,CAW,CAW(A Hunters Dream),3e-08,0.0,748748.68,coinmarketcap_data_api_listings_historical
2026-02-20,33691,BX,Blynex,4.93e-06,0.0,739894.69,coinmarketcap_data_api_listings_historical
2026-02-20,38983,BULLISH,Bullish Degen,0.00784581,0.0,729083.02,coinmarketcap_data_api_listings_historical
2026-02-20,36193,VCITY,Vcitychain,0.24889959,0.0,720143.96,coinmarketcap_data_api_listings_historical
2026-02-20,36646,FDS,Foodie Squirrel,0.00074343,0.0,712319.7,coinmarketcap_data_api_listings_historical
2026-02-20,31225,BUCK,Bucket Protocol BUCK Stablecoin,0.99858026,0.0,708962.9,coinmarketcap_data_api_listings_historical
2026-02-20,21829,TBC,Ten Best Coins,8303.08582566,0.0,704679.53,coinmarketcap_data_api_listings_historical
2026-02-20,36330,BRL1,BRL1,0.19313616,0.0,702010.06,coinmarketcap_data_api_listings_historical
2026-02-20,37469,ANI,Ani Grok Companion (anicompanion.net),0.00060053,0.0,697137.18,coinmarketcap_data_api_listings_historical
2026-02-20,19511,PDX,PDX Coin,209.06354647,0.0,693811.66,coinmarketcap_data_api_listings_historical
2026-02-20,23486,ARC,Arcadeum,0.07326321,0.0,681568.38,coinmarketcap_data_api_listings_historical
2026-02-20,39164,FRT,ForTon,200.78723193,0.0,676125.56,coinmarketcap_data_api_listings_historical
2026-02-20,20611,LIF3,LIF3,0.00254716,0.0,662138.0,coinmarketcap_data_api_listings_historical
2026-02-20,35934,REACT,Reactive Network,0.02563083,0.0,650513.38,coinmarketcap_data_api_listings_historical
2026-02-20,39582,JUPUSD,Jupiter USD,0.99983154,0.0,643977.83,coinmarketcap_data_api_listings_historical
2026-02-20,39198,DUCKY,DUCKY (Duckythebrain),0.1715827,0.0,640686.31,coinmarketcap_data_api_listings_historical
2026-02-20,38578,MF,Moonwalk Fitness,0.01343333,0.0,630862.02,coinmarketcap_data_api_listings_historical
2026-02-20,33199,LYK,LayerK,0.11563218,0.0,628315.71,coinmarketcap_data_api_listings_historical
2026-02-20,24439,KAG,Kinesis Silver,85.21923767,0.0,624066.41,coinmarketcap_data_api_listings_historical
2026-02-20,39348,PCT,PETCASHTOKEN,9.80541421,0.0,621801.13,coinmarketcap_data_api_listings_historical
2026-02-20,39112,MOOR,Moor,0.04697687,0.0,615809.48,coinmarketcap_data_api_listings_historical
2026-02-20,38147,MC,MixMax,1.88421668,0.0,605080.03,coinmarketcap_data_api_listings_historical
2026-02-20,38548,GROYPER,GROYPER (groyperarmy.com),0.0004052,0.0,597325.02,coinmarketcap_data_api_listings_historical
2026-02-20,39437,KABUTO,Kabuto King,0.0009998,0.0,595250.1,coinmarketcap_data_api_listings_historical
2026-02-20,38220,HBTC,Hold BTC,3.3e-07,0.0,586541.87,coinmarketcap_data_api_listings_historical
2026-02-20,36777,XBO,$XBO Token,0.10594724,0.0,584382.98,coinmarketcap_data_api_listings_historical
2026-02-20,30297,SISC,Shirushi Coin,1.7873571,0.0,584331.44,coinmarketcap_data_api_listings_historical
2026-02-20,36413,BEER,Beers,0.00243919,0.0,583122.21,coinmarketcap_data_api_listings_historical
2026-02-20,36884,SN11,Dippy,1.87911484,0.0,577115.02,coinmarketcap_data_api_listings_historical
2026-02-20,33509,B3TR,VeBetterDAO,0.0108199,0.0,572794.75,coinmarketcap_data_api_listings_historical
2026-02-20,37723,ANT,AllinX TOKEN,3.17119165,0.0,569891.1,coinmarketcap_data_api_listings_historical
2026-02-20,29634,PUPPIES,I love puppies,2.4e-07,0.0,567159.66,coinmarketcap_data_api_listings_historical
2026-02-20,38990,CLONE,Confidential Layer,0.00896664,0.0,565964.88,coinmarketcap_data_api_listings_historical
2026-02-20,28377,OSHI,Oshi Token,0.0313681,0.0,563156.15,coinmarketcap_data_api_listings_historical
2026-02-20,35718,STONKS,STONKS,0.00043958,0.0,563003.85,coinmarketcap_data_api_listings_historical
2026-02-20,36107,TEM,TEMMARKET,0.02209302,0.0,557766.23,coinmarketcap_data_api_listings_historical
2026-02-20,35536,$REI,REI NETWORK,0.03541831,0.0,557678.04,coinmarketcap_data_api_listings_historical
2026-02-20,39078,ELEVATE,Elevate,0.00922975,0.0,557111.47,coinmarketcap_data_api_listings_historical
2026-02-20,37584,STAU,STAU,0.00648786,0.0,550090.93,coinmarketcap_data_api_listings_historical
2026-02-20,24437,ROCK,Rock Dao,0.00078517,0.0,545447.07,coinmarketcap_data_api_listings_historical
2026-02-20,36867,SOLX,Solaxy,7.708e-05,0.0,543746.28,coinmarketcap_data_api_listings_historical
2026-02-20,28928,HEX,HEX (PulseChain),0.00162098,0.0,539515.49,coinmarketcap_data_api_listings_historical
2026-02-20,39217,RADR,Radr,0.00059118,0.0,533465.83,coinmarketcap_data_api_listings_historical
2026-02-20,36318,MGG,MimboGameGroup,0.00300159,0.0,527483.12,coinmarketcap_data_api_listings_historical
2026-02-20,35591,32,Project 32,5.967e-05,0.0,527374.44,coinmarketcap_data_api_listings_historical
2026-02-20,21769,METAL,Metal Blockchain,0.12051088,0.0,523168.09,coinmarketcap_data_api_listings_historical
2026-02-20,39156,F5,F5-promoT5,0.00676941,0.0,510052.67,coinmarketcap_data_api_listings_historical
2026-02-20,39058,SEEK,Talisman,0.04186208,0.0,507720.02,coinmarketcap_data_api_listings_historical
2026-02-20,36979,FROGGIE,Froggie,0.00304167,0.0,507118.52,coinmarketcap_data_api_listings_historical
2026-02-20,33392,WPAY,WPAY,0.17698398,0.0,506321.09,coinmarketcap_data_api_listings_historical
2026-02-20,34332,PURR,Purr,0.07035238,0.0,505878.21,coinmarketcap_data_api_listings_historical
2026-02-20,37667,PUNCHI,Punchimals,0.002358,0.0,504644.54,coinmarketcap_data_api_listings_historical
2026-02-20,38271,XDOG,XDOG,0.0055933,0.0,498273.71,coinmarketcap_data_api_listings_historical
2026-02-20,18218,AVDO,AvocadoCoin,1580.27210212,0.0,497717.13,coinmarketcap_data_api_listings_historical
2026-02-20,38602,SYND,Syndicate,0.02008294,0.0,490655.42,coinmarketcap_data_api_listings_historical
2026-02-20,33585,ZND,ZND Token,0.00706177,0.0,482131.17,coinmarketcap_data_api_listings_historical
2026-02-20,28693,ZETRIX,Zetrix,10.86246665,0.0,480297.62,coinmarketcap_data_api_listings_historical
2026-02-20,32510,MIND,MindCoin,2.61e-06,0.0,474601.43,coinmarketcap_data_api_listings_historical
2026-02-20,36216,GIZA,Giza,0.01748,0.0,463424.84,coinmarketcap_data_api_listings_historical
2026-02-20,24554,BZR,Bazaars,51.17393531,0.0,458541.93,coinmarketcap_data_api_listings_historical
2026-02-20,38947,EUSX,Solstice eUSX,1.02416496,0.0,452563.64,coinmarketcap_data_api_listings_historical
2026-02-20,35245,XNL,Novastro,0.00038144,0.0,450409.37,coinmarketcap_data_api_listings_historical
2026-02-20,32873,USR,Resolv USR,0.99884772,0.0,448256.98,coinmarketcap_data_api_listings_historical
2026-02-20,38960,BCT,Buy Coin Token,11.35054632,0.0,445744.51,coinmarketcap_data_api_listings_historical
2026-02-20,37580,AU79,AU79,0.00460725,0.0,443595.99,coinmarketcap_data_api_listings_historical
2026-02-20,32299,CLOUD,Cloud,0.03758921,0.0,439875.12,coinmarketcap_data_api_listings_historical
2026-02-20,28589,FROGE,Froge (ETH),0.0,0.0,435665.46,coinmarketcap_data_api_listings_historical
2026-02-20,34795,MEDXT,Medxt,0.00032082,0.0,433260.24,coinmarketcap_data_api_listings_historical
2026-02-20,34026,AI16Z,ai16z,0.00067644,0.0,433032.28,coinmarketcap_data_api_listings_historical
2026-02-20,32574,SKX,SKPANAX,0.27584365,0.0,432034.47,coinmarketcap_data_api_listings_historical
2026-02-20,19638,RUN,RUN TOGETHER,0.0022633,0.0,424867.86,coinmarketcap_data_api_listings_historical
2026-02-20,31108,SVL,Slash Vision Labs,0.01620904,0.0,423291.95,coinmarketcap_data_api_listings_historical
2026-02-20,24849,CCASH,C-cash,0.00225831,0.0,416207.55,coinmarketcap_data_api_listings_historical
2026-02-20,37394,PUMP,[Fake] PUMP FUN,0.0002663,0.0,415787.72,coinmarketcap_data_api_listings_historical
2026-02-20,38801,VPAY,VPay,0.00147443,0.0,410301.24,coinmarketcap_data_api_listings_historical
2026-02-20,37668,XPL,Pulse,0.17774592,0.0,406410.29,coinmarketcap_data_api_listings_historical
2026-02-20,36940,KNCH,KAANCH NETWORK,0.03867176,0.0,405820.72,coinmarketcap_data_api_listings_historical
2026-02-20,34641,COCA,COCA,1.02846582,0.0,405592.59,coinmarketcap_data_api_listings_historical
2026-02-20,10160,PERRY,Swaperry,0.00011131,0.0,399173.07,coinmarketcap_data_api_listings_historical
2026-02-20,37765,IMAGINE,Grok Imagine,0.00038645,0.0,396450.29,coinmarketcap_data_api_listings_historical
2026-02-20,23225,FRXETH,Frax Finance - Frax Ether,1953.95797127,0.0,396063.96,coinmarketcap_data_api_listings_historical
2026-02-20,38451,PORTALS,Portals,0.0099481,0.0,395728.83,coinmarketcap_data_api_listings_historical
2026-02-20,29652,GVC,Global Virtual Coin,0.01912343,0.0,389735.67,coinmarketcap_data_api_listings_historical
2026-02-20,28884,CAPINFRA,CAP INFRA,0.10602995,0.0,388689.89,coinmarketcap_data_api_listings_historical
2026-02-20,28492,ZEPH,Zephyr Protocol,0.59205623,0.0,380908.34,coinmarketcap_data_api_listings_historical
2026-02-20,9091,CPC,CPCoin,0.15204207,0.0,377644.45,coinmarketcap_data_api_listings_historical
2026-02-20,36159,GROK,TRUMP GROK (trumpgrok.org),2.02e-06,0.0,375799.08,coinmarketcap_data_api_listings_historical
2026-02-20,32850,SWGT,SmartWorld Global,0.01674173,0.0,374459.4,coinmarketcap_data_api_listings_historical
2026-02-20,38687,USCR,United States Crypto Reserve,0.00767518,0.0,367682.33,coinmarketcap_data_api_listings_historical
2026-02-20,36357,TRENCHER,Trencher,0.00037457,0.0,363778.13,coinmarketcap_data_api_listings_historical
2026-02-20,26908,IRC,IRIS Chain,0.00294952,0.0,362076.81,coinmarketcap_data_api_listings_historical
2026-02-20,26954,PLB,Paladeum,1.00873218,0.0,361374.42,coinmarketcap_data_api_listings_historical
2026-02-20,38927,PLAY,Play Solana,0.00210381,0.0,360323.25,coinmarketcap_data_api_listings_historical
2026-02-20,37466,MEMECOIN,just memecoin,0.00033291,0.0,360129.37,coinmarketcap_data_api_listings_historical
2026-02-20,25417,PLSX,PulseX,7.38e-06,0.0,353382.09,coinmarketcap_data_api_listings_historical
2026-02-20,26959,HOME,OtterHome,0.02843135,0.0,353231.37,coinmarketcap_data_api_listings_historical
2026-02-20,37309,HUSTLE,Agent Hustle,0.00303876,0.0,350341.96,coinmarketcap_data_api_listings_historical
2026-02-20,38320,FTMX,FUCK THE MATRIX,0.02835643,0.0,347228.12,coinmarketcap_data_api_listings_historical
2026-02-20,39195,PVP,PVPFUN,1.05269222,0.0,346879.08,coinmarketcap_data_api_listings_historical
2026-02-20,37631,AS,AKAS,1.15874591,0.0,344985.79,coinmarketcap_data_api_listings_historical
2026-02-20,32374,BTCLE,Bitcoin Limited Edition,214.73551281,0.0,343767.29,coinmarketcap_data_api_listings_historical
2026-02-20,30842,RTF,Ready to Fight,0.01268366,0.0,342099.67,coinmarketcap_data_api_listings_historical
2026-02-20,35682,FDGC,Fintech Digital Gold Coin,5112.54721047,0.0,340673.3,coinmarketcap_data_api_listings_historical
2026-02-20,36211,LIBRA,FUCK LIBRA,0.00583556,0.0,340639.67,coinmarketcap_data_api_listings_historical
2026-02-20,31227,MINI,mini,0.001237,0.0,338508.94,coinmarketcap_data_api_listings_historical
2026-02-20,38322,RUNWAGO,RUNWAGO,0.01650514,0.0,337784.05,coinmarketcap_data_api_listings_historical
2026-02-20,34711,LCAI,Lightchain AI,0.00272183,0.0,334774.86,coinmarketcap_data_api_listings_historical
2026-02-20,39108,WEALTH,Wealth Crypto,307.46737056,0.0,333991.95,coinmarketcap_data_api_listings_historical
2026-02-20,35722,SIXP,Sixpack Miner,0.03414591,0.0,330938.64,coinmarketcap_data_api_listings_historical
2026-02-20,35632,OFT,ONFA,0.5605998,0.0,330248.54,coinmarketcap_data_api_listings_historical
2026-02-20,24961,PEPEAI,PepeAI,0.00013316,0.0,327963.21,coinmarketcap_data_api_listings_historical
2026-02-20,38736,JET,JETMAX,1.92258446,0.0,327749.59,coinmarketcap_data_api_listings_historical
2026-02-20,28582,PT,Phemex Token,0.45546141,0.0,327719.98,coinmarketcap_data_api_listings_historical
2026-02-20,29717,TREMP,Doland Tremp,0.00613073,0.0,324785.56,coinmarketcap_data_api_listings_historical
2026-02-20,36109,TITCOIN,titcoin,0.00083248,0.0,323036.13,coinmarketcap_data_api_listings_historical
2026-02-20,38521,CHARLIE,Charlie Kirk,0.00042388,0.0,321092.03,coinmarketcap_data_api_listings_historical
2026-02-20,36756,COIN,[Fake]COINBASE,54.88939066,0.0,320979.25,coinmarketcap_data_api_listings_historical
2026-02-20,32150,BEER,Beers,368705.82186362,0.0,316869.52,coinmarketcap_data_api_listings_historical
2026-02-20,36964,50501,50501movement,0.00014946,0.0,313818.93,coinmarketcap_data_api_listings_historical
2026-02-20,31374,NIGHT,Midnight (midnight.vip),0.06057926,0.0,313460.73,coinmarketcap_data_api_listings_historical
2026-02-20,39356,JOBCOIN,buy instead of getting a job,0.0114422,0.0,310718.02,coinmarketcap_data_api_listings_historical
2026-02-20,38166,UTT,uTrade,0.24735957,0.0,309594.96,coinmarketcap_data_api_listings_historical
2026-02-20,38743,ALPRO,Assets Alphabet,0.4015446,0.0,309442.25,coinmarketcap_data_api_listings_historical
2026-02-20,37302,CHILLHOUSE,Chill House,0.0026915,0.0,309364.97,coinmarketcap_data_api_listings_historical
2026-02-20,38677,INC,WorldAssets,0.50920661,0.0,306770.98,coinmarketcap_data_api_listings_historical
2026-02-20,35670,HONEY,Honey,1.00282187,0.0,299783.17,coinmarketcap_data_api_listings_historical
2026-02-20,38810,SPLD,Splendor,1.00233345,0.0,297942.22,coinmarketcap_data_api_listings_historical
2026-02-20,36219,NVB,NovaBank,5.15553,0.0,295053.48,coinmarketcap_data_api_listings_historical
2026-02-20,4813,XBT,XBIT,0.00059847,0.0,293925.61,coinmarketcap_data_api_listings_historical
2026-02-20,39349,NRGE,New Resources Generation Energy,172.91371709,0.0,293265.71,coinmarketcap_data_api_listings_historical
2026-02-20,30555,CANDLE,Candle Cat,2.353e-05,0.0,292186.44,coinmarketcap_data_api_listings_historical
2026-02-20,3681,CENT,Center Coin,0.02559801,0.0,287302.56,coinmarketcap_data_api_listings_historical
2026-02-20,38845,VANKEDISI,vankedisi,0.0141105,0.0,287174.09,coinmarketcap_data_api_listings_historical
2026-02-20,36200,IP,TRUMP IP,9.12e-06,0.0,285692.88,coinmarketcap_data_api_listings_historical
2026-02-20,32978,KPK,ParkCoin,1.07347163,0.0,284886.05,coinmarketcap_data_api_listings_historical
2026-02-20,35287,TREAT,Shiba Inu TREAT,0.00033043,0.0,282935.6,coinmarketcap_data_api_listings_historical
2026-02-20,39330,MPX,metapass,0.27851525,0.0,281494.02,coinmarketcap_data_api_listings_historical
2026-02-20,36370,PI,PI TRUMP (pitrumphub.com),3.37e-06,0.0,280875.68,coinmarketcap_data_api_listings_historical
2026-02-20,9797,XAVA,Avalaunch,0.1410315,0.0,280017.79,coinmarketcap_data_api_listings_historical
2026-02-20,38640,OLY,OLY,3.26210429,0.0,279435.84,coinmarketcap_data_api_listings_historical
2026-02-20,36465,CES,Whalebit,0.72176417,0.0,278659.48,coinmarketcap_data_api_listings_historical
2026-02-20,36069,GINI,KALP Network,0.04073938,0.0,278488.27,coinmarketcap_data_api_listings_historical
2026-02-20,36221,RWA,RWA Ecosystem,5.6215799,0.0,277608.24,coinmarketcap_data_api_listings_historical
2026-02-20,19534,FIST,Fistbump,0.40364705,0.0,277518.24,coinmarketcap_data_api_listings_historical
2026-02-20,37333,FNA,FinTechAI,71.15384064,0.0,276537.63,coinmarketcap_data_api_listings_historical
2026-02-20,23305,SEDA,SEDA Protocol,0.02343665,0.0,274519.48,coinmarketcap_data_api_listings_historical
2026-02-20,36287,PEPE,PEPE AI (pepeai.one),0.00036181,0.0,271147.59,coinmarketcap_data_api_listings_historical
2026-02-20,36757,LABUBU,Labubu,2.7e-06,0.0,269468.53,coinmarketcap_data_api_listings_historical
2026-02-20,39580,IVT,ivault,0.01872842,0.0,268531.91,coinmarketcap_data_api_listings_historical
2026-02-20,33934,KDX,Kodexa,0.01119464,0.0,267673.64,coinmarketcap_data_api_listings_historical
2026-02-20,37308,DRDR,DRDR,0.06735512,0.0,267275.85,coinmarketcap_data_api_listings_historical
2026-02-20,37444,HOOD,Robinhood (robinhood.codes),2.72131205,0.0,265551.03,coinmarketcap_data_api_listings_historical
2026-02-20,36249,PTC,Patic,0.00040168,0.0,264707.37,coinmarketcap_data_api_listings_historical
2026-02-20,38519,MCQ,Mecha Conquest,0.00122826,0.0,264199.97,coinmarketcap_data_api_listings_historical
2026-02-20,39376,XERA,Luxera,30.65342581,0.0,264119.1,coinmarketcap_data_api_listings_historical
2026-02-20,38541,PUPPIES,I love puppies,0.0,0.0,261723.37,coinmarketcap_data_api_listings_historical
2026-02-20,37758,SLERF,SLERF,0.00431267,0.0,261134.34,coinmarketcap_data_api_listings_historical
2026-02-20,2878,DFT,DigiFinexToken,0.01009431,0.0,259821.31,coinmarketcap_data_api_listings_historical
2026-02-20,35016,AVB,Autonomous Virtual Beings,0.00066242,0.0,259227.18,coinmarketcap_data_api_listings_historical
2026-02-20,19259,lolcat,lolcat,7.121e-05,0.0,258493.35,coinmarketcap_data_api_listings_historical
2026-02-20,36912,SN4,Targon,7.91821604,0.0,256368.97,coinmarketcap_data_api_listings_historical
2026-02-20,23089,T99,Tethereum,0.29778685,0.0,255495.98,coinmarketcap_data_api_listings_historical
2026-02-20,32488,GME,GameStop Coin,1187.05197014,0.0,254696.93,coinmarketcap_data_api_listings_historical
2026-02-20,39425,MVP,Crypstocks AI,0.00076944,0.0,254266.49,coinmarketcap_data_api_listings_historical
2026-02-20,36814,LOCKIN,LOCK IN,0.00135087,0.0,252349.45,coinmarketcap_data_api_listings_historical
2026-02-20,15610,USTC,Terra Classic USD (Wormhole),0.00509988,0.0,251999.28,coinmarketcap_data_api_listings_historical
2026-02-20,35418,BARRON,OFFICIAL BARRON (SOL),0.00015485,0.0,248634.35,coinmarketcap_data_api_listings_historical
2026-02-20,11569,OVATO,Ovato,0.92121664,0.0,248237.1,coinmarketcap_data_api_listings_historical
2026-02-20,37487,ELP,Elympics,0.00236548,0.0,245742.32,coinmarketcap_data_api_listings_historical
2026-02-20,38985,DSG,Despend,4.76068822,0.0,245410.3,coinmarketcap_data_api_listings_historical
2026-02-20,31970,RCH,SOFA Org,0.12257365,0.0,245398.37,coinmarketcap_data_api_listings_historical
2026-02-20,31055,TICS,Qubetics,0.01822997,0.0,243183.51,coinmarketcap_data_api_listings_historical
2026-02-20,39166,KDK,Kodiak Finance,0.27265082,0.0,241206.12,coinmarketcap_data_api_listings_historical
2026-02-20,36660,D,D,1.804e-05,0.0,239273.47,coinmarketcap_data_api_listings_historical
2026-02-20,36127,MUBARAK,Mubarak(mubarakcoin.link),0.00088827,0.0,239216.17,coinmarketcap_data_api_listings_historical
2026-02-20,39378,GAS,Gas Town,6.225e-05,0.0,238710.22,coinmarketcap_data_api_listings_historical
2026-02-20,39040,RST,Runesoul,0.64906964,0.0,238702.57,coinmarketcap_data_api_listings_historical
2026-02-20,6773,FXC,FUTUREXCRYPTO,2.32820412,0.0,237057.8,coinmarketcap_data_api_listings_historical
2026-02-20,37174,STOCK,Coin Stock,7.88652504,0.0,236979.13,coinmarketcap_data_api_listings_historical
2026-02-20,37349,GRAYSCALE,Grayscale,1.44e-06,0.0,236188.78,coinmarketcap_data_api_listings_historical
2026-02-20,32865,TRUMP,TRUMP AI,274454.89165559,0.0,235576.23,coinmarketcap_data_api_listings_historical
2026-02-20,32486,CAT,NOT,3058527.16808386,0.0,235571.33,coinmarketcap_data_api_listings_historical
2026-02-20,37548,ANI,Ani Grok Companion (anicompanion.org),9.282e-05,0.0,234494.29,coinmarketcap_data_api_listings_historical
2026-02-20,37293,MLG,360noscope420blazeit,0.00072872,0.0,231994.2,coinmarketcap_data_api_listings_historical
2026-02-20,36949,CRCL,[Fake]Circle (crcl.top),0.0022958,0.0,229232.55,coinmarketcap_data_api_listings_historical
2026-02-20,13268,FLIP,Chainflip,0.30056744,0.0,228176.46,coinmarketcap_data_api_listings_historical
2026-02-20,37624,UPT,UpRock,0.00538773,0.0,227308.99,coinmarketcap_data_api_listings_historical
2026-02-20,14968,VINU,Viral Inu,0.0,0.0,226786.69,coinmarketcap_data_api_listings_historical
2026-02-20,34215,PLPA,Palapa,0.00715864,0.0,226517.54,coinmarketcap_data_api_listings_historical
2026-02-20,36371,TRUMP,TRUMP MOG (trumpmog.me),6.017e-05,0.0,226079.88,coinmarketcap_data_api_listings_historical
2026-02-20,39036,UMBRA,Umbra,0.66398479,0.0,224182.88,coinmarketcap_data_api_listings_historical
2026-02-20,39043,OEX,OracleX,0.10210005,0.0,223528.26,coinmarketcap_data_api_listings_historical
2026-02-20,3344,ECOREAL,Ecoreal Estate,0.32888111,0.0,222968.69,coinmarketcap_data_api_listings_historical
2026-02-20,38263,BASE,Base AI,0.00030781,0.0,222741.86,coinmarketcap_data_api_listings_historical
2026-02-20,39399,CNKT+,Coinneckt +,0.00259651,0.0,221445.89,coinmarketcap_data_api_listings_historical
2026-02-20,38943,OOB,OOBIT,0.01358554,0.0,220759.11,coinmarketcap_data_api_listings_historical
2026-02-20,34568,BBA,BBAChain,0.00248575,0.0,218417.75,coinmarketcap_data_api_listings_historical
2026-02-20,36286,TRUMP,PEPE TRUMP (pepetrump.cc),2.3e-07,0.0,218324.96,coinmarketcap_data_api_listings_historical
2026-02-20,31410,FDM,Freedom,0.00997775,0.0,218119.96,coinmarketcap_data_api_listings_historical
2026-02-20,15261,ONUS,ONUS,0.3585248,0.0,217732.01,coinmarketcap_data_api_listings_historical
2026-02-20,28076,OZO,Ozone Chain,0.13075948,0.0,216662.76,coinmarketcap_data_api_listings_historical
2026-02-20,37443,TSLA,Tesla (buytesla.net),2.31228645,0.0,212424.98,coinmarketcap_data_api_listings_historical
2026-02-20,37396,BLACK,Blackhole,0.01636104,0.0,211020.77,coinmarketcap_data_api_listings_historical
2026-02-20,36897,SN33,ReadyAI,1.83002409,0.0,210068.7,coinmarketcap_data_api_listings_historical
2026-02-20,33620,FNXAI,Finanx AI,0.15334056,0.0,208623.37,coinmarketcap_data_api_listings_historical
2026-02-20,36158,TRUMP,MAGA TRUMP (magatrumpcoin.com),0.00228643,0.0,207582.34,coinmarketcap_data_api_listings_historical
2026-02-20,6498,MTC,Metacoin,0.01097652,0.0,206807.36,coinmarketcap_data_api_listings_historical
2026-02-20,27417,NESS,Ness LAB,0.00615939,0.0,204694.75,coinmarketcap_data_api_listings_historical
2026-02-20,37163,MUSD,MUSD,0.99159299,0.0,203546.69,coinmarketcap_data_api_listings_historical
2026-02-20,27467,LEE,Love Earn Enjoy,1.01962864,0.0,200436.0,coinmarketcap_data_api_listings_historical
2026-02-20,8635,xDAI,xDAI,0.97322336,0.0,200374.73,coinmarketcap_data_api_listings_historical
2026-02-20,21947,EGGT,Egg N Partners,0.39158846,0.0,198904.76,coinmarketcap_data_api_listings_historical
2026-02-20,36890,SN63,Alpha Trader Exchange (ATX),1.48708415,0.0,197623.73,coinmarketcap_data_api_listings_historical
2026-02-20,32713,DOGS,HARRIS DOGS,0.04155535,0.0,194348.43,coinmarketcap_data_api_listings_historical
2026-02-20,34529,TRUST,Trust The Process,0.00014976,0.0,194121.82,coinmarketcap_data_api_listings_historical
2026-02-20,36326,FUR,Furfication,0.00067584,0.0,194009.43,coinmarketcap_data_api_listings_historical
2026-02-20,36893,SN3,τemplar,6.17052701,0.0,192597.38,coinmarketcap_data_api_listings_historical
2026-02-20,28292,JOE,Joe Coin,0.00868447,0.0,190873.42,coinmarketcap_data_api_listings_historical
2026-02-20,5066,MON,MoneyByte,0.02104151,0.0,189146.89,coinmarketcap_data_api_listings_historical
2026-02-20,31874,TRUMP,PEPE,0.00183952,0.0,189030.28,coinmarketcap_data_api_listings_historical
2026-02-20,6224,BTY,Bityuan,0.02505564,0.0,187914.16,coinmarketcap_data_api_listings_historical
2026-02-20,24916,AUC,Advanced Project,0.00014835,0.0,187813.67,coinmarketcap_data_api_listings_historical
2026-02-20,39567,GRANDMA,Minecraft Grandma Fund,0.00070176,0.0,187624.0,coinmarketcap_data_api_listings_historical
2026-02-20,39168,AUDX,Aussie Dollar Token,0.70834713,0.0,186115.9,coinmarketcap_data_api_listings_historical
2026-02-20,39395,TU,小兔 (Xiaotu),1.7e-07,0.0,185083.03,coinmarketcap_data_api_listings_historical
2026-02-20,33471,GROK,SORA GROK,0.03851667,0.0,183795.59,coinmarketcap_data_api_listings_historical
2026-02-20,32744,TXC,TEXITcoin,0.28277055,0.0,183191.69,coinmarketcap_data_api_listings_historical
2026-02-20,33028,NKYC,Nonkyc.io Exchange,8.19069699,0.0,183003.63,coinmarketcap_data_api_listings_historical
2026-02-20,39337,ZSWAP,ZygoSwap,0.00104678,0.0,182947.97,coinmarketcap_data_api_listings_historical
2026-02-20,22700,UUSD,Utopia USD,0.94965272,0.0,182223.68,coinmarketcap_data_api_listings_historical
2026-02-20,34245,MSTR,MSTR,2.45062219,0.0,182207.03,coinmarketcap_data_api_listings_historical
2026-02-20,39351,$NYC,NYC Token,0.09067218,0.0,179702.45,coinmarketcap_data_api_listings_historical
2026-02-20,2997,DRC,Doric Network,0.28929421,0.0,179242.86,coinmarketcap_data_api_listings_historical
2026-02-20,35720,HEU,Heurist AI,0.00702694,0.0,178671.99,coinmarketcap_data_api_listings_historical
2026-02-20,38874,WM,White Monkey,0.00017695,0.0,178611.39,coinmarketcap_data_api_listings_historical
2026-02-20,38735,DTV,DraperTV,0.00027552,0.0,177941.25,coinmarketcap_data_api_listings_historical
2026-02-20,33711,SUMMIT,Summit,1.684e-05,0.0,176735.19,coinmarketcap_data_api_listings_historical
2026-02-20,38749,ARES,Ares,4.95e-05,0.0,176674.82,coinmarketcap_data_api_listings_historical
2026-02-20,38260,GOAT,Goatcoin,0.00050688,0.0,176636.66,coinmarketcap_data_api_listings_historical
2026-02-20,22989,IUSD,Indigo Protocol - iUSD,1.05580544,0.0,176103.14,coinmarketcap_data_api_listings_historical
2026-02-20,31254,SPEED,real fast,0.00011737,0.0,175919.02,coinmarketcap_data_api_listings_historical
2026-02-20,37478,MAP,MAP Network,0.00222916,0.0,174031.64,coinmarketcap_data_api_listings_historical
2026-02-20,32751,MAGA,TRUMP MAGA (trumpmaga.me),0.05513997,0.0,173426.49,coinmarketcap_data_api_listings_historical
2026-02-20,34350,LESTER,Lester,0.00019867,0.0,172679.82,coinmarketcap_data_api_listings_historical
2026-02-20,39329,$ALPHA,AlphaPride,0.00463446,0.0,170774.52,coinmarketcap_data_api_listings_historical
2026-02-20,36422,GGEZ1,GGEZ1,0.08731593,0.0,169484.99,coinmarketcap_data_api_listings_historical
2026-02-20,29972,BCOQ,BLACK COQINU,0.0,0.0,169467.42,coinmarketcap_data_api_listings_historical
2026-02-20,37359,CHAMPAGNE,Formula 1,0.00089523,0.0,168854.33,coinmarketcap_data_api_listings_historical
2026-02-20,25487,SATOX,Satoxcoin,9.17e-06,0.0,168081.86,coinmarketcap_data_api_listings_historical
2026-02-20,37516,XSPA,XSPA,0.00079651,0.0,167991.65,coinmarketcap_data_api_listings_historical
2026-02-20,15518,KNG,Kanga Exchange Token,1.16842189,0.0,164786.16,coinmarketcap_data_api_listings_historical
2026-02-20,20529,KLC,KalyChain,0.00218001,0.0,164676.38,coinmarketcap_data_api_listings_historical
2026-02-20,38472,MAGA,TRUMP MAGA,0.00033448,0.0,163450.44,coinmarketcap_data_api_listings_historical
2026-02-20,32246,TRHUB,Tradehub,0.02722139,0.0,162909.82,coinmarketcap_data_api_listings_historical
2026-02-20,33686,TITS,We Love Tits,0.00012396,0.0,161704.44,coinmarketcap_data_api_listings_historical
2026-02-20,37105,LYP,Lympid,0.00480959,0.0,160978.26,coinmarketcap_data_api_listings_historical
2026-02-20,38790,SANTA,SANTA by Virtuals,0.00112149,0.0,158077.82,coinmarketcap_data_api_listings_historical
2026-02-20,38971,FROGE,FROGE,0.00473872,0.0,157980.68,coinmarketcap_data_api_listings_historical
2026-02-20,36629,VLR,Velora,0.00071452,0.0,157931.15,coinmarketcap_data_api_listings_historical
2026-02-20,38311,MSVP,MSV Protocol,0.05035433,0.0,156794.37,coinmarketcap_data_api_listings_historical
2026-02-20,16807,NST,Ninja Squad Token,1.22560119,0.0,156370.48,coinmarketcap_data_api_listings_historical
2026-02-20,33994,CTB,Content Bitcoin,535.60413215,0.0,155079.6,coinmarketcap_data_api_listings_historical
2026-02-20,37614,PM,PumpMeme,1.08656346,0.0,154296.96,coinmarketcap_data_api_listings_historical
2026-02-20,17972,RBT,Rubix,128.13192881,0.0,153989.25,coinmarketcap_data_api_listings_historical
2026-02-20,38332,USDHL,Hyper USD,0.99979663,0.0,153902.41,coinmarketcap_data_api_listings_historical
2026-02-20,10532,DIVER,Divergence,0.00372668,0.0,152773.41,coinmarketcap_data_api_listings_historical
2026-02-20,38505,RZTO,RZTO,0.0003689,0.0,152692.01,coinmarketcap_data_api_listings_historical
2026-02-20,23862,MAS,Massa,0.00391871,0.0,152042.01,coinmarketcap_data_api_listings_historical
2026-02-20,36896,SN8,Proprietary Trading Network,7.96807076,0.0,151560.06,coinmarketcap_data_api_listings_historical
2026-02-20,29186,PEAS,Peapods Finance,0.4869124,0.0,151364.04,coinmarketcap_data_api_listings_historical
2026-02-20,34881,TEMA,Tema,5.265e-05,0.0,150559.45,coinmarketcap_data_api_listings_historical
2026-02-20,29892,$NAP,SNAP,1.73e-06,0.0,150339.05,coinmarketcap_data_api_listings_historical
2026-02-20,18356,VOLT,Voltage Finance,4.217e-05,0.0,149738.03,coinmarketcap_data_api_listings_historical
2026-02-20,36809,GRAY,Gradient,0.14450992,0.0,149591.24,coinmarketcap_data_api_listings_historical
2026-02-20,37570,MARSMI,Mars Meme Inc,0.02307368,0.0,149484.86,coinmarketcap_data_api_listings_historical
2026-02-20,38795,ZARA,ZARA AI,0.00041042,0.0,148747.02,coinmarketcap_data_api_listings_historical
2026-02-20,30890,PEPE,PEPE 0x69 ON BASE,0.0,0.0,147374.55,coinmarketcap_data_api_listings_historical
2026-02-20,33369,BOME,Book of Meme 3.0,0.0,0.0,147001.96,coinmarketcap_data_api_listings_historical
2026-02-20,37589,PECH,PEPECASH (pepecash.live),0.0,0.0,146816.54,coinmarketcap_data_api_listings_historical
2026-02-20,36498,GNC,Greenchie,1.1e-07,0.0,146079.24,coinmarketcap_data_api_listings_historical
2026-02-20,9452,BDT,Bandot Protocol,7.036e-05,0.0,145506.01,coinmarketcap_data_api_listings_historical
2026-02-20,5031,MWC,MimbleWimbleCoin,13.84907873,0.0,145454.02,coinmarketcap_data_api_listings_historical
2026-02-20,37365,BITTY,The Bitcoin Mascot,0.00107261,0.0,145363.5,coinmarketcap_data_api_listings_historical
2026-02-20,38630,DOP2,Data Ownership Protocol 2,0.00334851,0.0,145225.73,coinmarketcap_data_api_listings_historical
2026-02-20,36905,SN25,Mainframe,0.88808101,0.0,144993.05,coinmarketcap_data_api_listings_historical
2026-02-20,38139,OMFG,Omnipair,0.37665449,0.0,144029.98,coinmarketcap_data_api_listings_historical
2026-02-20,36906,SN88,Sταking,0.80770619,0.0,143751.01,coinmarketcap_data_api_listings_historical
2026-02-20,38986,TRAIN,TrainCoin,0.13598277,0.0,143748.63,coinmarketcap_data_api_listings_historical
2026-02-20,38806,KLIP,KLIPAI,0.01496172,0.0,143591.52,coinmarketcap_data_api_listings_historical
2026-02-20,36740,YBDBD,Yabba Dabba Doo!,8.1e-07,0.0,143358.16,coinmarketcap_data_api_listings_historical
2026-02-20,18106,X2Y2,X2Y2,0.00090965,0.0,143092.68,coinmarketcap_data_api_listings_historical
2026-02-20,28608,BSSB,BitStable,0.00929644,0.0,142510.92,coinmarketcap_data_api_listings_historical
2026-02-20,4139,BRZ,Brazilian Digital Token,0.19246279,0.0,142164.29,coinmarketcap_data_api_listings_historical
2026-02-20,34755,IFAI,InfluxAI Token,0.0013238,0.0,141709.37,coinmarketcap_data_api_listings_historical
2026-02-20,35909,TRC,Terrace,0.00846922,0.0,139113.81,coinmarketcap_data_api_listings_historical
2026-02-20,6118,BITO,BitoPro Exchange Token,0.15247801,0.0,138927.99,coinmarketcap_data_api_listings_historical
2026-02-20,32998,SVTS,Syncvault,0.19298959,0.0,138477.49,coinmarketcap_data_api_listings_historical
2026-02-20,31687,SL,SASEUL,0.00358762,0.0,137999.42,coinmarketcap_data_api_listings_historical
2026-02-20,12186,SGB,Songbird,0.00168836,0.0,137401.86,coinmarketcap_data_api_listings_historical
2026-02-20,38135,PENGU,PENGU AI,1.241e-05,0.0,137183.02,coinmarketcap_data_api_listings_historical
2026-02-20,33757,LEMX,LEMON,43.32855788,0.0,137033.68,coinmarketcap_data_api_listings_historical
2026-02-20,27712,PNDC,Pond Coin,6e-08,0.0,136747.67,coinmarketcap_data_api_listings_historical
2026-02-20,39199,BOXABL,BOXABL,0.00054132,0.0,136547.44,coinmarketcap_data_api_listings_historical
2026-02-20,33626,GAMA,GAMA Coin,0.31969903,0.0,135660.49,coinmarketcap_data_api_listings_historical
2026-02-20,35554,MEMDEX,Memdex100,0.00397416,0.0,135492.75,coinmarketcap_data_api_listings_historical
2026-02-20,18079,IRON,Iron Fish,0.07040659,0.0,135053.51,coinmarketcap_data_api_listings_historical
2026-02-20,22118,XEN,XEN Crypto,1e-08,0.0,134199.88,coinmarketcap_data_api_listings_historical
2026-02-20,38765,VALOR,VALOR,0.00027167,0.0,134192.17,coinmarketcap_data_api_listings_historical
2026-02-20,36398,AWR,All Will Retire,0.0008648,0.0,133860.98,coinmarketcap_data_api_listings_historical
2026-02-20,34061,DNA,DNA,0.0,0.0,133614.72,coinmarketcap_data_api_listings_historical
2026-02-20,36902,SN51,lium,7.79930288,0.0,133113.86,coinmarketcap_data_api_listings_historical
2026-02-20,21288,SAFE,SAFE(AnWang),1.15930117,0.0,132542.19,coinmarketcap_data_api_listings_historical
2026-02-20,35466,ELON,Official Elon Coin (official-elon.xyz),0.0003113,0.0,131906.63,coinmarketcap_data_api_listings_historical
2026-02-20,36874,SN5,OpenKaito,2.90373057,0.0,131818.29,coinmarketcap_data_api_listings_historical
2026-02-20,31291,CATX,CATX,7.71e-06,0.0,131294.72,coinmarketcap_data_api_listings_historical
2026-02-20,39114,TONO,Tonomy,8.1e-07,0.0,130605.24,coinmarketcap_data_api_listings_historical
2026-02-20,36910,SN93,Bitcast,2.23660592,0.0,129101.09,coinmarketcap_data_api_listings_historical
2026-02-20,38898,GBCK,GoldBrick,0.00221619,0.0,128918.51,coinmarketcap_data_api_listings_historical
2026-02-20,28485,NLS,Nolus,0.00430648,0.0,128674.96,coinmarketcap_data_api_listings_historical
2026-02-20,2430,HOT,Hydro Protocol,0.00039233,0.0,128482.97,coinmarketcap_data_api_listings_historical
2026-02-20,37124,STOC,STO CHAIN,0.19009698,0.0,128310.32,coinmarketcap_data_api_listings_historical
2026-02-20,38603,DEW,DEW,0.00042284,0.0,128200.26,coinmarketcap_data_api_listings_historical
2026-02-20,24116,RENQ,Renq Finance,0.0005317,0.0,127859.85,coinmarketcap_data_api_listings_historical
2026-02-20,20826,NLC,Nelore Coin,0.00133775,0.0,127677.55,coinmarketcap_data_api_listings_historical
2026-02-20,16363,BTCMT,Minto,0.66842525,0.0,127614.21,coinmarketcap_data_api_listings_historical
2026-02-20,32079,PEOPLE,MAGA,3.25158057,0.0,127392.54,coinmarketcap_data_api_listings_historical
2026-02-20,38622,GIFT,GIFT,0.16471572,0.0,126396.18,coinmarketcap_data_api_listings_historical
2026-02-20,31523,PEW,pepe in a memes world,2.4e-07,0.0,126335.56,coinmarketcap_data_api_listings_historical
2026-02-20,38625,財務自由,財務自由,8.058e-05,0.0,126036.07,coinmarketcap_data_api_listings_historical
2026-02-20,36460,BERRY,Strawberry In Bloom,0.00042999,0.0,126012.69,coinmarketcap_data_api_listings_historical
2026-02-20,38759,SHIH,Shih Tzu,0.00022895,0.0,125735.31,coinmarketcap_data_api_listings_historical
2026-02-20,15530,EGX,Enegra (EGX),191.32151239,0.0,123345.2,coinmarketcap_data_api_listings_historical
2026-02-20,36799,SBET,SharpLink Gaming,7.63e-06,0.0,123260.74,coinmarketcap_data_api_listings_historical
2026-02-20,37615,GLIDR,Glidr,1.09516388,0.0,122374.83,coinmarketcap_data_api_listings_historical
2026-02-20,5205,XMALL,cryptomall,0.16015465,0.0,122312.49,coinmarketcap_data_api_listings_historical
2026-02-20,33820,DAGS,Dagcoin,0.00022123,0.0,122013.96,coinmarketcap_data_api_listings_historical
2026-02-20,33486,RXS,Rexas Finance,0.00112368,0.0,121735.57,coinmarketcap_data_api_listings_historical
2026-02-20,33037,GGB,GGEBI,0.0114965,0.0,120256.65,coinmarketcap_data_api_listings_historical
2026-02-20,29570,DOGO,DOGO,1.93e-06,0.0,120158.42,coinmarketcap_data_api_listings_historical
2026-02-20,22089,ADO,ADO Protocol,0.02808787,0.0,118358.64,coinmarketcap_data_api_listings_historical
2026-02-20,33189,MTLS,eMetals,0.04862444,0.0,117801.7,coinmarketcap_data_api_listings_historical
2026-02-20,39410,USOR,U.S Oil,0.00377485,0.0,117194.97,coinmarketcap_data_api_listings_historical
2026-02-20,36886,SN13,Data Universe,1.60727763,0.0,116416.23,coinmarketcap_data_api_listings_historical
2026-02-20,39008,GGBR,Goldfish Gold,5.03435071,0.0,115891.16,coinmarketcap_data_api_listings_historical
2026-02-20,14610,EDAT,EnviDa,0.02914872,0.0,115421.09,coinmarketcap_data_api_listings_historical
2026-02-20,39055,ORTA,Orta Chain,0.18434647,0.0,114902.94,coinmarketcap_data_api_listings_historical
2026-02-20,35175,METANIA,MetaniaGames v2,0.01749637,0.0,114447.31,coinmarketcap_data_api_listings_historical
2026-02-20,2892,WWB,Wowbit,2.4727776,0.0,114168.96,coinmarketcap_data_api_listings_historical
2026-02-20,37292,BBT,BabyBoomToken,0.17773986,0.0,114147.36,coinmarketcap_data_api_listings_historical
2026-02-20,15024,EURA,Angle Protocol,1.17795339,0.0,113765.33,coinmarketcap_data_api_listings_historical
2026-02-20,34840,OXA,Onyx Arches,0.01676857,0.0,113318.49,coinmarketcap_data_api_listings_historical
2026-02-20,24382,KAU,Kinesis Gold,166.1202113,0.0,113275.59,coinmarketcap_data_api_listings_historical
2026-02-20,9586,PRI,PRIVATEUM GLOBAL,7.23370105,0.0,112459.39,coinmarketcap_data_api_listings_historical
2026-02-20,35773,JOC,Japan Open Chain,0.04261752,0.0,111316.54,coinmarketcap_data_api_listings_historical
2026-02-20,37558,SPORT,Staicy Sport,0.01212706,0.0,110863.03,coinmarketcap_data_api_listings_historical
2026-02-20,38800,MRDN,Meridian,0.00801491,0.0,110838.62,coinmarketcap_data_api_listings_historical
2026-02-20,30264,MAGATRUMP,MAGA Trump,0.03720898,0.0,110016.89,coinmarketcap_data_api_listings_historical
2026-02-20,22408,DST,DAYSTARTER,0.83108768,0.0,108492.59,coinmarketcap_data_api_listings_historical
2026-02-20,27358,ARCH,Archway,0.00206804,0.0,108427.48,coinmarketcap_data_api_listings_historical
2026-02-20,37350,IBIT,BlackRock,0.00336454,0.0,105962.37,coinmarketcap_data_api_listings_historical
2026-02-20,30965,CRYO,CryoDAO,0.1967619,0.0,105943.25,coinmarketcap_data_api_listings_historical
2026-02-20,10403,KOM,Kommunitas,0.00011875,0.0,104357.4,coinmarketcap_data_api_listings_historical
2026-02-20,35902,IMG,Infinite Money Glitch,0.00066874,0.0,104002.97,coinmarketcap_data_api_listings_historical
2026-02-20,30739,MCTP,Metacraft,0.05699103,0.0,103718.13,coinmarketcap_data_api_listings_historical
2026-02-20,35582,STRIKE,STRIKE,8.235e-05,0.0,103676.18,coinmarketcap_data_api_listings_historical
2026-02-20,36194,YU,Yellow Umbrella,5.8e-06,0.0,103304.63,coinmarketcap_data_api_listings_historical
2026-02-20,30287,MBC,MonbaseCoin,0.06565002,0.0,103079.07,coinmarketcap_data_api_listings_historical
2026-02-20,35715,SLT,Salute,1.495e-05,0.0,102613.23,coinmarketcap_data_api_listings_historical
2026-02-20,37563,LABUBU,LABUBU (labubu.farm),0.00076972,0.0,102551.64,coinmarketcap_data_api_listings_historical
2026-02-20,36126,AMI,Amnis Finance,0.0081493,0.0,102486.92,coinmarketcap_data_api_listings_historical
2026-02-20,35901,PALCOIN,Palcoin Ventures,0.78709828,0.0,102240.23,coinmarketcap_data_api_listings_historical
2026-02-20,36892,SN56,Gradients,4.53289881,0.0,102062.08,coinmarketcap_data_api_listings_historical
2026-02-20,32477,BAR,Gold Standard,0.48891203,0.0,101599.3,coinmarketcap_data_api_listings_historical
2026-02-20,35427,L1X,Layer One X,8.50127481,0.0,101508.72,coinmarketcap_data_api_listings_historical
2026-02-20,30905,SMX,Snapmuse.io,0.00139259,0.0,101275.87,coinmarketcap_data_api_listings_historical
2026-02-20,13901,B2M,Bit2Me,0.01001615,0.0,100593.25,coinmarketcap_data_api_listings_historical
2026-02-20,33414,PAI,ParallelAI,0.00737956,0.0,100283.79,coinmarketcap_data_api_listings_historical
2026-02-20,35955,AP3X,Apex Fusion,0.01949287,0.0,100095.17,coinmarketcap_data_api_listings_historical
2026-02-20,38981,AUDM,Macropod,0.70035014,0.0,99750.5,coinmarketcap_data_api_listings_historical
2026-02-20,34067,KOLZ,KOLZ,3.01e-06,0.0,99744.84,coinmarketcap_data_api_listings_historical
2026-02-20,9456,ASS,Australian Safe Shepherd,0.0,0.0,99737.87,coinmarketcap_data_api_listings_historical
2026-02-20,17505,DLB,DiemLibre,8.564e-05,0.0,99690.1,coinmarketcap_data_api_listings_historical
2026-02-20,39426,分红狗头,分红狗头,0.00328103,0.0,99018.37,coinmarketcap_data_api_listings_historical
2026-02-20,5015,HEX,HEX,0.00066907,0.0,98860.97,coinmarketcap_data_api_listings_historical
2026-02-20,29613,UBU,UBU,0.00561399,0.0,98846.14,coinmarketcap_data_api_listings_historical
2026-02-20,2658,MFG,Smart MFG,0.00112742,0.0,98761.54,coinmarketcap_data_api_listings_historical
2026-02-20,31378,RADX,Radx AI,1.39e-06,0.0,98641.58,coinmarketcap_data_api_listings_historical
2026-02-20,39320,PCOCK,Peacock,0.01560529,0.0,98062.96,coinmarketcap_data_api_listings_historical
2026-02-20,38514,WXPL,Wrapped Plasma,0.07256651,0.0,97968.97,coinmarketcap_data_api_listings_historical
2026-02-20,2502,HT,Huobi Token,0.1064138,0.0,97624.29,coinmarketcap_data_api_listings_historical
2026-02-20,18995,XX,xx network,0.00677682,0.0,97454.95,coinmarketcap_data_api_listings_historical
2026-02-20,23487,OZONE,Ozonechain,2.33775485,0.0,97236.33,coinmarketcap_data_api_listings_historical
2026-02-20,31397,HIGHER,Higher,0.00035211,0.0,96955.99,coinmarketcap_data_api_listings_historical
2026-02-20,1712,QRL,Quantum Resistant Ledger,1.63818834,0.0,95497.02,coinmarketcap_data_api_listings_historical
2026-02-20,38488,EDOM,Edom,0.03298103,0.0,95279.72,coinmarketcap_data_api_listings_historical
2026-02-20,37294,BTCBULL,Bitcoin Bull,0.00019354,0.0,94291.31,coinmarketcap_data_api_listings_historical
2026-02-20,39586,USDDD,USDDD,0.99697497,0.0,93941.63,coinmarketcap_data_api_listings_historical
2026-02-20,38856,HYBUX,HYBUX,0.00113163,0.0,93372.77,coinmarketcap_data_api_listings_historical
2026-02-20,37640,FELIS,Felis,3e-08,0.0,93183.75,coinmarketcap_data_api_listings_historical
2026-02-20,31183,GIKO,Giko Cat,0.03300293,0.0,93130.12,coinmarketcap_data_api_listings_historical
2026-02-20,29309,TYBG,Base God,8.81e-06,0.0,92979.8,coinmarketcap_data_api_listings_historical
2026-02-20,34997,SIMMI,Simmi,5.61e-06,0.0,92462.13,coinmarketcap_data_api_listings_historical
2026-02-20,31495,NXQ,NexQloud,36.84579725,0.0,92374.55,coinmarketcap_data_api_listings_historical
2026-02-20,38179,RISE,Sunrise,0.00241912,0.0,91854.22,coinmarketcap_data_api_listings_historical
2026-02-20,38363,ORGO,Orgo,0.00392712,0.0,91705.3,coinmarketcap_data_api_listings_historical
2026-02-20,30571,EPIK,TEH EPIK DUCK,0.00072574,0.0,91287.15,coinmarketcap_data_api_listings_historical
2026-02-20,2654,BUBO,Budbo Token,0.02337289,0.0,91141.85,coinmarketcap_data_api_listings_historical
2026-02-20,37307,TAIX,TAIX,7.922e-05,0.0,90976.93,coinmarketcap_data_api_listings_historical
2026-02-20,39593,LNS,LIFE Coin,0.14805495,0.0,90609.02,coinmarketcap_data_api_listings_historical
2026-02-20,12761,ANGLE,Angle,0.01858643,0.0,90414.21,coinmarketcap_data_api_listings_historical
2026-02-20,36904,SN9,iota,4.5904921,0.0,89904.87,coinmarketcap_data_api_listings_historical
2026-02-20,33724,TURBO,Turbo Trump,0.01055663,0.0,89611.22,coinmarketcap_data_api_listings_historical
2026-02-20,37078,QGOLD,Quorium,5085.01163204,0.0,89555.65,coinmarketcap_data_api_listings_historical
2026-02-20,28117,OMT,Oracle Meta Technologies,0.02451104,0.0,89299.17,coinmarketcap_data_api_listings_historical
2026-02-20,35837,WOULD,would,0.04419673,0.0,88672.63,coinmarketcap_data_api_listings_historical
2026-02-20,39453,CRAT,CratD2C,0.00858886,0.0,88329.32,coinmarketcap_data_api_listings_historical
2026-02-20,38380,JobIess,JobIess (jobless4meme.fun),0.00012096,0.0,88320.78,coinmarketcap_data_api_listings_historical
2026-02-20,29434,SORA,Sora,2.289e-05,0.0,87602.81,coinmarketcap_data_api_listings_historical
2026-02-20,33720,COOK,mETH Protocol,0.00330519,0.0,87217.75,coinmarketcap_data_api_listings_historical
2026-02-20,35503,REGENT,Regent of the North Winds,4.718e-05,0.0,87122.66,coinmarketcap_data_api_listings_historical
2026-02-20,33916,PEANUT,#1 Tiktok Squirrel,0.00010097,0.0,87003.23,coinmarketcap_data_api_listings_historical
2026-02-20,25985,HBT,Hebeto,5.9e-07,0.0,86293.4,coinmarketcap_data_api_listings_historical
2026-02-20,31737,UDAO,UDAO,0.08616498,0.0,86025.45,coinmarketcap_data_api_listings_historical
2026-02-20,37724,ASC,AllinX SMART CHAIN,0.16144404,0.0,85392.14,coinmarketcap_data_api_listings_historical
2026-02-20,39401,AIPF,AI Powered Finance,1.9324963,0.0,85072.65,coinmarketcap_data_api_listings_historical
2026-02-20,33709,SCARCITY,SCARCITY,0.0072869,0.0,84423.8,coinmarketcap_data_api_listings_historical
2026-02-20,34151,PROJECT89,Project89,7.484e-05,0.0,84363.78,coinmarketcap_data_api_listings_historical
2026-02-20,26854,ELX,Elixir,0.00204878,0.0,84212.51,coinmarketcap_data_api_listings_historical
2026-02-20,33749,CATANA,Catana,0.00014466,0.0,84175.64,coinmarketcap_data_api_listings_historical
2026-02-20,36806,CAUSE,Causecoin,0.17110743,0.0,83711.55,coinmarketcap_data_api_listings_historical
2026-02-20,12457,ZEDXION,Zedxion,0.37298031,0.0,83081.65,coinmarketcap_data_api_listings_historical
2026-02-20,35251,AION,AION 5100,0.01829665,0.0,82749.75,coinmarketcap_data_api_listings_historical
2026-02-20,39370,CJL,Cjournal,0.01526463,0.0,82626.8,coinmarketcap_data_api_listings_historical
2026-02-20,36781,SAL,SALVIUM,0.03894377,0.0,82292.14,coinmarketcap_data_api_listings_historical
2026-02-20,38772,DOGEX,DOGEX,2e-08,0.0,81917.43,coinmarketcap_data_api_listings_historical
2026-02-20,7336,INDEX,Index Cooperative,0.34826164,0.0,81776.88,coinmarketcap_data_api_listings_historical
2026-02-20,34649,CONVO,Prefrontal Cortex Convo Agent by Virtuals,0.00084673,0.0,81606.43,coinmarketcap_data_api_listings_historical
2026-02-20,35148,POLY,Polytrader by Virtuals,0.00010647,0.0,81602.79,coinmarketcap_data_api_listings_historical
2026-02-20,30296,TPRO,TPRO Network,0.00073923,0.0,81266.15,coinmarketcap_data_api_listings_historical
2026-02-20,35242,Q,Quantum,0.00280367,0.0,81046.89,coinmarketcap_data_api_listings_historical
2026-02-20,12388,DUCX,DucatusX,0.00550029,0.0,80842.04,coinmarketcap_data_api_listings_historical
2026-02-20,32273,ARCA,Legend of Arcadia,0.00486976,0.0,80613.4,coinmarketcap_data_api_listings_historical
2026-02-20,34988,SPORE,Spore.fun,0.00011996,0.0,80538.89,coinmarketcap_data_api_listings_historical
2026-02-20,35215,DUCKAI,Duck AI,1.45e-05,0.0,80121.7,coinmarketcap_data_api_listings_historical
2026-02-20,21113,BUILD,BUILD,2.459e-05,0.0,79946.68,coinmarketcap_data_api_listings_historical
2026-02-20,38880,AxCNH,AxCNH,0.14505659,0.0,79506.35,coinmarketcap_data_api_listings_historical
2026-02-20,30157,BOBAOPPA,Bobaoppa,7.618e-05,0.0,79313.87,coinmarketcap_data_api_listings_historical
2026-02-20,32712,BEBE,BEBE,1.58e-06,0.0,79089.45,coinmarketcap_data_api_listings_historical
2026-02-20,32849,LVLY,Lyvely,0.00785359,0.0,78935.19,coinmarketcap_data_api_listings_historical
2026-02-20,1765,EOS,EOS,0.08190057,0.0,78270.97,coinmarketcap_data_api_listings_historical
2026-02-20,33556,KITEAI,KiteAI,8e-08,0.0,77671.06,coinmarketcap_data_api_listings_historical
2026-02-20,35002,TCAPY,TonCapy,2.659e-05,0.0,77468.75,coinmarketcap_data_api_listings_historical
2026-02-20,33537,RALLY,Rally,0.00345331,0.0,76863.56,coinmarketcap_data_api_listings_historical
2026-02-20,33893,SHEGEN,Fi - Ai With Daddy Issues,7.328e-05,0.0,76218.94,coinmarketcap_data_api_listings_historical
2026-02-20,36885,SN12,Compute Horde,1.1743273,0.0,75871.25,coinmarketcap_data_api_listings_historical
2026-02-20,31194,MONK,monkeyhaircut,0.00014438,0.0,75861.6,coinmarketcap_data_api_listings_historical
2026-02-20,34953,TRISIG,TRI SIGMA,3.599e-05,0.0,75145.88,coinmarketcap_data_api_listings_historical
2026-02-20,34484,VAL,Store of Value,0.00133876,0.0,74999.76,coinmarketcap_data_api_listings_historical
2026-02-20,14281,SWING,Swing.xyz,9.97e-05,0.0,74886.47,coinmarketcap_data_api_listings_historical
2026-02-20,25645,BNBLION,Bob LION Inu,0.0,0.0,74546.09,coinmarketcap_data_api_listings_historical
2026-02-20,29995,LMEOW,lmeow,0.00134986,0.0,73763.35,coinmarketcap_data_api_listings_historical
2026-02-20,33976,HAGGIS,New Born Haggis Pygmy Hippo,1.53e-05,0.0,73619.6,coinmarketcap_data_api_listings_historical
2026-02-20,12044,VERA,Vera,6.398e-05,0.0,73516.59,coinmarketcap_data_api_listings_historical
2026-02-20,39392,JACKSON,Jackson,0.02809063,0.0,73511.67,coinmarketcap_data_api_listings_historical
2026-02-20,34317,SAINT,Satoshi AI agent by Virtuals,0.00010926,0.0,73455.78,coinmarketcap_data_api_listings_historical
2026-02-20,28652,SEAM,Seamless,0.10564343,0.0,73312.65,coinmarketcap_data_api_listings_historical
2026-02-20,21952,BFT,The Big Five Token,9.64e-06,0.0,73200.08,coinmarketcap_data_api_listings_historical
2026-02-20,20146,PLENA,Plena Finance,0.00025486,0.0,73080.71,coinmarketcap_data_api_listings_historical
2026-02-20,26543,OX,Open Exchange Token,2.089e-05,0.0,72761.77,coinmarketcap_data_api_listings_historical
2026-02-20,8167,WISE,Wise Token,0.10993508,0.0,71585.65,coinmarketcap_data_api_listings_historical
2026-02-20,39400,MIL,Mil,0.00794713,0.0,71521.78,coinmarketcap_data_api_listings_historical
2026-02-20,12078,DOG,DogeSwap,0.00095122,0.0,71424.05,coinmarketcap_data_api_listings_historical
2026-02-20,31909,aUSDT,aUSDT,0.99917324,0.0,70808.17,coinmarketcap_data_api_listings_historical
2026-02-20,8691,DEXTF,Memento,0.04540396,0.0,70702.49,coinmarketcap_data_api_listings_historical
2026-02-20,33569,NACHO,Nacho the Kat,1.039e-05,0.0,70187.55,coinmarketcap_data_api_listings_historical
2026-02-20,25685,CLNX,Coloniume Network,0.05267244,0.0,70163.48,coinmarketcap_data_api_listings_historical
2026-02-20,5450,WBX,Wibx,0.00071556,0.0,69655.24,coinmarketcap_data_api_listings_historical
2026-02-20,27486,SOPH,SophiaVerse,0.00100251,0.0,69558.33,coinmarketcap_data_api_listings_historical
2026-02-20,3741,ECTE,EurocoinToken,0.05390857,0.0,69013.16,coinmarketcap_data_api_listings_historical
2026-02-20,32479,NUTS,Thetanuts Finance,0.00126353,0.0,68364.7,coinmarketcap_data_api_listings_historical
2026-02-20,34698,SOLARIS,Solaris AI,8e-06,0.0,68099.02,coinmarketcap_data_api_listings_historical
2026-02-20,3873,BOTX,botXcoin,0.62837021,0.0,67587.0,coinmarketcap_data_api_listings_historical
2026-02-20,31109,MATAR,MATAR AI,0.04088756,0.0,67298.63,coinmarketcap_data_api_listings_historical
2026-02-20,24765,TRN,t3rn,0.00538653,0.0,67162.61,coinmarketcap_data_api_listings_historical
2026-02-20,36285,IMT,Immortal Token,0.00207389,0.0,66922.38,coinmarketcap_data_api_listings_historical
2026-02-20,25653,DMT,Sanko GameCorp,2.46656689,0.0,66823.19,coinmarketcap_data_api_listings_historical
2026-02-20,10145,DEFX,DeFinity,0.01179491,0.0,66774.68,coinmarketcap_data_api_listings_historical
2026-02-20,38822,ZENIX,Zenix,7.09e-06,0.0,66580.92,coinmarketcap_data_api_listings_historical
2026-02-20,11190,KCAKE,KittyCake,1.61e-06,0.0,66397.72,coinmarketcap_data_api_listings_historical
2026-02-20,38182,SILENTIS,Silentis,7.77e-06,0.0,66341.18,coinmarketcap_data_api_listings_historical
2026-02-20,39388,OZNI,Ni28,0.1623115,0.0,65912.7,coinmarketcap_data_api_listings_historical
2026-02-20,34813,FURM,Furmula,8.497e-05,0.0,65653.63,coinmarketcap_data_api_listings_historical
2026-02-20,1518,MKR,Maker,1535.01092615,0.0,65489.93,coinmarketcap_data_api_listings_historical
2026-02-20,19903,UNDEAD,Undead Blocks,0.00167047,0.0,65484.27,coinmarketcap_data_api_listings_historical
2026-02-20,33822,XGP,XGP,7.68e-06,0.0,64892.71,coinmarketcap_data_api_listings_historical
2026-02-20,36657,ECOR,Ecorpay Token,0.02600072,0.0,64830.36,coinmarketcap_data_api_listings_historical
2026-02-20,377,NAV,Navio,0.03642686,0.0,64486.04,coinmarketcap_data_api_listings_historical
2026-02-20,29095,SAVM,SatoshiVM,0.02255544,0.0,64481.19,coinmarketcap_data_api_listings_historical
2026-02-20,9025,TRIBE,Tribe,0.46238817,0.0,64474.06,coinmarketcap_data_api_listings_historical
2026-02-20,24755,WSB,Wall Street Baby,0.0,0.0,64410.32,coinmarketcap_data_api_listings_historical
2026-02-20,39165,PUSD,Palm USD,0.99959585,0.0,64334.35,coinmarketcap_data_api_listings_historical
2026-02-20,17926,EBYT,EarthByt,0.0,0.0,64303.28,coinmarketcap_data_api_listings_historical
2026-02-20,38349,DOGE-1,DOGE-1 Satellite,0.00060512,0.0,64273.74,coinmarketcap_data_api_listings_historical
2026-02-20,22949,GRAIL,Camelot Token,78.16635117,0.0,64209.68,coinmarketcap_data_api_listings_historical
2026-02-20,33847,ROSS,Ross Ulbricht,2.799e-05,0.0,64168.58,coinmarketcap_data_api_listings_historical
2026-02-20,28540,MKT,MikeToken,0.0,0.0,64049.51,coinmarketcap_data_api_listings_historical
2026-02-20,14112,AQUA,Aquarius,0.00035318,0.0,63647.55,coinmarketcap_data_api_listings_historical
2026-02-20,33716,KASPER,Kasper the Ghost of Kaspa,8.93e-06,0.0,63064.22,coinmarketcap_data_api_listings_historical
2026-02-20,39057,CFI,ConsumerFi,0.00093308,0.0,62867.49,coinmarketcap_data_api_listings_historical
2026-02-20,38348,IXFI,IXFI,0.00275899,0.0,62413.22,coinmarketcap_data_api_listings_historical
2026-02-20,31288,TRIO,TRIO (OrdinalsBot),0.02813812,0.0,62188.54,coinmarketcap_data_api_listings_historical
2026-02-20,35886,SSE,Solana Social Explorer,6.998e-05,0.0,62167.96,coinmarketcap_data_api_listings_historical
2026-02-20,39091,FRANKLIN,Franklin,0.0,0.0,61749.47,coinmarketcap_data_api_listings_historical
2026-02-20,20941,ATOZ,Race Kingdom,0.03774549,0.0,61333.01,coinmarketcap_data_api_listings_historical
2026-02-20,31625,UAHG,UAHg,0.02274481,0.0,61270.23,coinmarketcap_data_api_listings_historical
2026-02-20,38429,5PT,Five Pillars Token,0.00236398,0.0,60600.46,coinmarketcap_data_api_listings_historical
2026-02-20,34564,ASI,Sender,0.00089578,0.0,60599.3,coinmarketcap_data_api_listings_historical
2026-02-20,36899,SN41,Sportstensor,1.25971432,0.0,60459.95,coinmarketcap_data_api_listings_historical
2026-02-20,31019,POPDOG,PopDog,0.00018597,0.0,60169.59,coinmarketcap_data_api_listings_historical
2026-02-20,24862,AJNA,Ajna Protocol,0.0003672,0.0,59785.42,coinmarketcap_data_api_listings_historical
2026-02-20,31739,PGPT,PrivateAI,0.00215721,0.0,59593.16,coinmarketcap_data_api_listings_historical
2026-02-20,30534,BETS,All Street Bets,5.7e-06,0.0,59380.92,coinmarketcap_data_api_listings_historical
2026-02-20,34163,MGT,Moongate,0.00010316,0.0,59192.81,coinmarketcap_data_api_listings_historical
2026-02-20,35696,GOKU,Goku Super Saiyan,0.00039683,0.0,59168.36,coinmarketcap_data_api_listings_historical
2026-02-20,22099,TTC,Tongtongcoin,0.03355387,0.0,59080.0,coinmarketcap_data_api_listings_historical
2026-02-20,37648,KONAN,KONAN of Kaspa,4.4e-07,0.0,58890.04,coinmarketcap_data_api_listings_historical
2026-02-20,24100,IC,Icy,8.21e-06,0.0,58883.92,coinmarketcap_data_api_listings_historical
2026-02-20,31763,LTT,Luxury Travel Token,0.00269499,0.0,58881.89,coinmarketcap_data_api_listings_historical
2026-02-20,36065,FISHW,Fishwar,1.068e-05,0.0,58641.16,coinmarketcap_data_api_listings_historical
2026-02-20,36449,TCY,THORChain Yield,0.08666281,0.0,58234.67,coinmarketcap_data_api_listings_historical
2026-02-20,39128,HLS,Helios Blockchain,0.00224314,0.0,58031.9,coinmarketcap_data_api_listings_historical
2026-02-20,33290,BLUB,BLUB,0.0,0.0,57939.94,coinmarketcap_data_api_listings_historical
2026-02-20,10502,SMARS,SafeMars,0.0,0.0,57888.72,coinmarketcap_data_api_listings_historical
2026-02-20,34141,BARA,Capybara Nation,1.8e-07,0.0,57733.31,coinmarketcap_data_api_listings_historical
2026-02-20,35353,ICECREAM,IceCream AI,0.00360932,0.0,57680.78,coinmarketcap_data_api_listings_historical
2026-02-20,4915,UCX,UCX,0.00736189,0.0,57633.57,coinmarketcap_data_api_listings_historical
2026-02-20,27109,PIN,Pin Token,0.08637134,0.0,57630.83,coinmarketcap_data_api_listings_historical
2026-02-20,30028,SOPHON,Sophon (Atomicals),0.00073741,0.0,57574.04,coinmarketcap_data_api_listings_historical
2026-02-20,21007,BMAX,BMAX,0.01918265,0.0,57531.23,coinmarketcap_data_api_listings_historical
2026-02-20,5332,CNX,Cofinex,0.17993103,0.0,57516.18,coinmarketcap_data_api_listings_historical
2026-02-20,33603,PEPPER,PEPPER,0.0,0.0,57295.11,coinmarketcap_data_api_listings_historical
2026-02-20,28049,TIP,Tipcoin,8.17e-06,0.0,57170.59,coinmarketcap_data_api_listings_historical
2026-02-20,35260,REM,Real Estate Metaverse,0.00147746,0.0,56977.41,coinmarketcap_data_api_listings_historical
2026-02-20,24581,MUMU,Mumu,0.0,0.0,56941.16,coinmarketcap_data_api_listings_historical
2026-02-20,27378,BOB,Hello Puppy,1.05e-06,0.0,56896.42,coinmarketcap_data_api_listings_historical
2026-02-20,9763,COP,Copiosa Coin,0.00024848,0.0,56790.91,coinmarketcap_data_api_listings_historical
2026-02-20,12959,TOON,Pontoon,1.719e-05,0.0,56750.1,coinmarketcap_data_api_listings_historical
2026-02-20,34023,LUM,Luminous,0.32175979,0.0,56551.75,coinmarketcap_data_api_listings_historical
2026-02-20,29681,NOCHILL,AVAX HAS NO CHILL,0.00031981,0.0,56515.62,coinmarketcap_data_api_listings_historical
2026-02-20,24125,MLXC,Marvellex Classic,8.7e-07,0.0,56362.16,coinmarketcap_data_api_listings_historical
2026-02-20,28746,WOLF,LANDWOLF (AVAX),3.1e-07,0.0,56206.15,coinmarketcap_data_api_listings_historical
2026-02-20,34310,KANGO,KANGO,1.38e-06,0.0,56104.54,coinmarketcap_data_api_listings_historical
2026-02-20,33086,TORA,TORA NEKO,0.00011196,0.0,55847.39,coinmarketcap_data_api_listings_historical
2026-02-20,27592,BTC2.0,Bitcoin 2.0,0.01573427,0.0,55520.24,coinmarketcap_data_api_listings_historical
2026-02-20,35872,LLD,Liberland Dollar,0.60074238,0.0,55445.68,coinmarketcap_data_api_listings_historical
2026-02-20,34114,CUUT,CUTTLEFISHY,6.4e-06,0.0,55438.67,coinmarketcap_data_api_listings_historical
2026-02-20,32529,PACK,HashPack,0.00785943,0.0,55376.03,coinmarketcap_data_api_listings_historical
2026-02-20,36945,NEX,Nexora,0.09648302,0.0,55369.63,coinmarketcap_data_api_listings_historical
2026-02-20,31366,PINU100X,Pi INU 100x,8.55e-06,0.0,55109.22,coinmarketcap_data_api_listings_historical
2026-02-20,7296,TRU,Truebit,0.00779015,0.0,55094.4,coinmarketcap_data_api_listings_historical
2026-02-20,34763,BBSNEK,BabySNEK,6.91e-06,0.0,55083.65,coinmarketcap_data_api_listings_historical
2026-02-20,17447,NOVA,Nova finance,0.00331872,0.0,55078.49,coinmarketcap_data_api_listings_historical
2026-02-20,3126,XPX,Sirius Chain,0.00033308,0.0,55068.51,coinmarketcap_data_api_listings_historical
2026-02-20,31420,STASH,STASH INU,7.6e-06,0.0,55017.63,coinmarketcap_data_api_listings_historical
2026-02-20,34943,BABYFWOG,Baby Fwog,0.00012325,0.0,54944.33,coinmarketcap_data_api_listings_historical
2026-02-20,33931,TAP,Tap Protocol,0.07762106,0.0,54918.74,coinmarketcap_data_api_listings_historical
2026-02-20,35613,D223,DEX223,0.00010616,0.0,54690.47,coinmarketcap_data_api_listings_historical
2026-02-20,28463,PTH,PlasticHero,0.01564428,0.0,54632.56,coinmarketcap_data_api_listings_historical
2026-02-20,8829,PIG,Pig Finance,1e-08,0.0,54547.82,coinmarketcap_data_api_listings_historical
2026-02-20,36872,SN73,Merit,0.78368662,0.0,54527.59,coinmarketcap_data_api_listings_historical
2026-02-20,33479,HACHI,Hachiko,2.93e-05,0.0,54475.0,coinmarketcap_data_api_listings_historical
2026-02-20,34496,NIKEPIG,NikePig,0.00046582,0.0,54441.12,coinmarketcap_data_api_listings_historical
2026-02-20,34043,SENDOR,Sendor,2.469e-05,0.0,54439.96,coinmarketcap_data_api_listings_historical
2026-02-20,29134,WYNN,Anita Max Wynn,0.00011092,0.0,54416.36,coinmarketcap_data_api_listings_historical
2026-02-20,35360,TRUMPJR,OFFICIAL TRUMP JR,7.26e-06,0.0,54175.17,coinmarketcap_data_api_listings_historical
2026-02-20,5698,GM,GM Holding,5.24e-06,0.0,54030.06,coinmarketcap_data_api_listings_historical
2026-02-20,31886,LB,LoveBit,3.1e-07,0.0,53956.16,coinmarketcap_data_api_listings_historical
2026-02-20,39389,IDNG,IDNGold,2.20032141,0.0,53953.58,coinmarketcap_data_api_listings_historical
2026-02-20,34222,TROPPY,TROPPY,3e-08,0.0,53941.22,coinmarketcap_data_api_listings_historical
2026-02-20,23442,GXE,XENO Governance,0.00031279,0.0,53895.27,coinmarketcap_data_api_listings_historical
2026-02-20,36598,PACK,Wolfies,0.00019509,0.0,53772.83,coinmarketcap_data_api_listings_historical
2026-02-20,38223,BOMET,BOMET,4.126e-05,0.0,53731.69,coinmarketcap_data_api_listings_historical
2026-02-20,38138,JBC,JimmyBossCollective,0.13662163,0.0,53719.07,coinmarketcap_data_api_listings_historical
2026-02-20,21926,LEOX,LEOX,0.00922724,0.0,53666.48,coinmarketcap_data_api_listings_historical
2026-02-20,34357,BLU,Based Blu Alien,1.19e-05,0.0,53517.3,coinmarketcap_data_api_listings_historical
2026-02-20,36552,LUSD,LUSD,0.99955787,0.0,53501.29,coinmarketcap_data_api_listings_historical
2026-02-20,32463,NEIRO,Neiro Solana (neirobropump.com),0.00016697,0.0,53369.31,coinmarketcap_data_api_listings_historical
2026-02-20,38164,OXL,OXYLON,1.16896632,0.0,53262.29,coinmarketcap_data_api_listings_historical
2026-02-20,35439,MXNA,Dark Machine,0.00432742,0.0,52977.79,coinmarketcap_data_api_listings_historical
2026-02-20,32270,FIGHT,FIGHT TO MAGA,0.00015194,0.0,52930.41,coinmarketcap_data_api_listings_historical
2026-02-20,38642,NUMMUS,Nummus Aeternitas,0.00810061,0.0,52902.3,coinmarketcap_data_api_listings_historical
2026-02-20,19802,BKS,Backstage,0.00052273,0.0,52658.58,coinmarketcap_data_api_listings_historical
2026-02-20,32817,ROCK,ROCK,4.358e-05,0.0,52641.44,coinmarketcap_data_api_listings_historical
2026-02-20,31537,WALTER,walter,0.00013745,0.0,52543.25,coinmarketcap_data_api_listings_historical
2026-02-20,20138,PIGE,Pige,0.0,0.0,52468.81,coinmarketcap_data_api_listings_historical
2026-02-20,38872,BCE,bitcastle Token,0.10156386,0.0,52465.36,coinmarketcap_data_api_listings_historical
2026-02-20,13936,Ari10,Ari10,0.00048056,0.0,52464.05,coinmarketcap_data_api_listings_historical
2026-02-20,25724,JCO,JennyCo,0.00237608,0.0,52431.55,coinmarketcap_data_api_listings_historical
2026-02-20,32278,X,RUNES·X·BITCOIN,3.7e-07,0.0,52251.03,coinmarketcap_data_api_listings_historical
2026-02-20,34769,KIP,KIP Protocol,8.882e-05,0.0,52200.32,coinmarketcap_data_api_listings_historical
2026-02-20,39174,BEAR,Bearly Legal,0.00232399,0.0,52114.72,coinmarketcap_data_api_listings_historical
2026-02-20,38453,ORBD,OrbitEdge,0.05318096,0.0,51639.66,coinmarketcap_data_api_listings_historical
2026-02-20,17995,JUSTICE,AssangeDAO,1.511e-05,0.0,51222.17,coinmarketcap_data_api_listings_historical
2026-02-20,35796,TST,[Fake] Test (testtoken.me),1.036e-05,0.0,50666.45,coinmarketcap_data_api_listings_historical
2026-02-20,28835,ADASOL,ADA,0.00012465,0.0,50592.51,coinmarketcap_data_api_listings_historical
2026-02-20,35743,FAFO,FAFO,0.00047589,0.0,50570.58,coinmarketcap_data_api_listings_historical
2026-02-20,27311,STON,STON,0.36200228,0.0,50377.66,coinmarketcap_data_api_listings_historical
2026-02-20,36837,ESTEE,ShibEstee,0.0,0.0,50280.23,coinmarketcap_data_api_listings_historical
2026-02-20,2976,RYO,Ryo Currency,0.00342967,0.0,50247.86,coinmarketcap_data_api_listings_historical
2026-02-20,11371,VICS,RoboFi,0.02465353,0.0,50217.23,coinmarketcap_data_api_listings_historical
2026-02-20,33550,BTMT,BITmarkets,0.04716278,0.0,50198.62,coinmarketcap_data_api_listings_historical
2026-02-20,23185,HBARX,HBARX,0.13804142,0.0,50092.35,coinmarketcap_data_api_listings_historical
2026-02-20,24193,SPACE,MicroVisionChain,0.05186881,0.0,49820.83,coinmarketcap_data_api_listings_historical
2026-02-20,22767,TRI,Trillant,0.03104745,0.0,49697.08,coinmarketcap_data_api_listings_historical
2026-02-20,31792,TRUMP,Donald Trump,1.899e-05,0.0,48760.26,coinmarketcap_data_api_listings_historical
2026-02-20,33996,STICK,Stick,3.4e-06,0.0,48543.97,coinmarketcap_data_api_listings_historical
2026-02-20,24246,LUMI,LumiShare,0.00117257,0.0,48525.72,coinmarketcap_data_api_listings_historical
2026-02-20,39019,ROMA,Roma Protocol,0.12246292,0.0,48495.7,coinmarketcap_data_api_listings_historical
2026-02-20,27881,BNBDOG,BNB DOG INU,0.0,0.0,48402.16,coinmarketcap_data_api_listings_historical
2026-02-20,39434,XAUH,Herculis Gold Coin,162.68050044,0.0,48381.95,coinmarketcap_data_api_listings_historical
2026-02-20,23772,DOPE,DOPE Coin,1.03e-05,0.0,48262.97,coinmarketcap_data_api_listings_historical
2026-02-20,9067,OHM,Olympus v2,17.4553583,0.0,48155.75,coinmarketcap_data_api_listings_historical
2026-02-20,34893,GLUTEU,Gluteus Maximus by Virtuals,0.00017045,0.0,48136.5,coinmarketcap_data_api_listings_historical
2026-02-20,36914,SN34,BitMind,2.64104682,0.0,48109.0,coinmarketcap_data_api_listings_historical
2026-02-20,35474,FLOCK,FLOCK,3.15e-05,0.0,47296.29,coinmarketcap_data_api_listings_historical
2026-02-20,22772,QUILL,Ink Finance,0.00263299,0.0,47260.05,coinmarketcap_data_api_listings_historical
2026-02-20,31575,GAT,Gather,0.65005029,0.0,46730.15,coinmarketcap_data_api_listings_historical
2026-02-20,36650,MIND,Mind of Pepe,2.026e-05,0.0,46512.7,coinmarketcap_data_api_listings_historical
2026-02-20,31973,RWT,RWT TOKEN,1.11e-06,0.0,46499.44,coinmarketcap_data_api_listings_historical
2026-02-20,39420,PIKACHU,Pikachu (pikachuethog.fun),1e-08,0.0,46409.4,coinmarketcap_data_api_listings_historical
2026-02-20,37295,HOOD,Robinhood,0.00438532,0.0,46373.68,coinmarketcap_data_api_listings_historical
2026-02-20,10262,KLEE,KleeKai,0.0,0.0,45955.76,coinmarketcap_data_api_listings_historical
2026-02-20,28649,DAWG,Dawg Coin,4.243e-05,0.0,45850.32,coinmarketcap_data_api_listings_historical
2026-02-20,12173,REVU,Revuto,0.00189974,0.0,45748.38,coinmarketcap_data_api_listings_historical
2026-02-20,31906,LILPUMP,lilpump,4.429e-05,0.0,45662.33,coinmarketcap_data_api_listings_historical
2026-02-20,29611,MZK,MuziKoin,0.00262934,0.0,45661.06,coinmarketcap_data_api_listings_historical
2026-02-20,29526,NWS,Nodewaves,0.00044629,0.0,45553.1,coinmarketcap_data_api_listings_historical
2026-02-20,30947,BOBE,BOOK OF BILLIONAIRES,0.00084916,0.0,45488.55,coinmarketcap_data_api_listings_historical
2026-02-20,9261,KEL,KelVPN,0.00050894,0.0,45336.45,coinmarketcap_data_api_listings_historical
2026-02-20,9281,IMO,IMO,0.60499802,0.0,45288.49,coinmarketcap_data_api_listings_historical
2026-02-20,39132,OASIS,OASIS,0.85672113,0.0,44862.46,coinmarketcap_data_api_listings_historical
2026-02-20,36083,WLF,WLF PROJECT,0.00020192,0.0,44380.03,coinmarketcap_data_api_listings_historical
2026-02-20,10241,KBC,Kibho Coin,0.01886718,0.0,44024.63,coinmarketcap_data_api_listings_historical
2026-02-20,30574,WMN,WebMind Network,8.829e-05,0.0,43928.49,coinmarketcap_data_api_listings_historical
2026-02-20,1297,CHESS,ChessCoin,0.00227813,0.0,43861.82,coinmarketcap_data_api_listings_historical
2026-02-20,39186,COINBANK,CoinBank,0.21785284,0.0,43065.21,coinmarketcap_data_api_listings_historical
2026-02-20,37496,R1,Ratio1,0.43159092,0.0,42966.38,coinmarketcap_data_api_listings_historical
2026-02-20,12200,DSFR,Digital Swiss Franc,0.01139534,0.0,42880.56,coinmarketcap_data_api_listings_historical
2026-02-20,28287,GEKKO,Gekko HQ,7.4e-07,0.0,42746.07,coinmarketcap_data_api_listings_historical
2026-02-20,39537,QONE,qONE,0.01211082,0.0,42645.45,coinmarketcap_data_api_listings_historical
2026-02-20,37980,RECON,RECON,0.00369851,0.0,42470.94,coinmarketcap_data_api_listings_historical
2026-02-20,33685,PDJT,President Donald J. Trump,0.07184868,0.0,42379.75,coinmarketcap_data_api_listings_historical
2026-02-20,20782,KFI,Klever Finance,0.40445342,0.0,42262.11,coinmarketcap_data_api_listings_historical
2026-02-20,38977,DANKDOGE,Dank Doge,0.0,0.0,41696.92,coinmarketcap_data_api_listings_historical
2026-02-20,37564,TUTC,TUTUT COIN,0.00025978,0.0,41370.41,coinmarketcap_data_api_listings_historical
2026-02-20,13606,GBD,Great Bounty Dealer,0.00022492,0.0,41347.37,coinmarketcap_data_api_listings_historical
2026-02-20,35394,ONTACT,OnTact,0.04346046,0.0,41318.17,coinmarketcap_data_api_listings_historical
2026-02-20,34239,SEP,Smart Energy Pay,0.01908866,0.0,41093.31,coinmarketcap_data_api_listings_historical
2026-02-20,23513,FERMA,FERMA SOSEDI,0.02727902,0.0,41018.67,coinmarketcap_data_api_listings_historical
2026-02-20,33541,NEIROINU,Neiro Inu,0.0,0.0,40898.53,coinmarketcap_data_api_listings_historical
2026-02-20,36294,PUGG,Pugg,1.05e-05,0.0,40573.15,coinmarketcap_data_api_listings_historical
2026-02-20,23909,0x0,0x0.com,0.00188428,0.0,39945.49,coinmarketcap_data_api_listings_historical
2026-02-20,29635,EVO,Devomon,4.015e-05,0.0,39765.68,coinmarketcap_data_api_listings_historical
2026-02-20,39417,SINGULARRY,Singularry,0.03719314,0.0,39634.37,coinmarketcap_data_api_listings_historical
2026-02-20,29777,CHMPZ,Chimpzee,2.52e-05,0.0,39431.83,coinmarketcap_data_api_listings_historical
2026-02-20,38807,KRWQ,KRWQ,0.00068671,0.0,39377.48,coinmarketcap_data_api_listings_historical
2026-02-20,1191,MEME,Memetic / PepeCoin,0.0006887,0.0,39334.39,coinmarketcap_data_api_listings_historical
2026-02-20,162,MIM,Magic Internet Money,0.99435053,0.0,39105.34,coinmarketcap_data_api_listings_historical
2026-02-20,29286,EDUM,EDUM,0.14420411,0.0,39008.58,coinmarketcap_data_api_listings_historical
2026-02-20,5175,BTCV,Bitcoin Vault,0.4219457,0.0,38691.1,coinmarketcap_data_api_listings_historical
2026-02-20,19266,VT,Virtual Tourist,0.00162451,0.0,38690.15,coinmarketcap_data_api_listings_historical
2026-02-20,38203,WOLF,WOLF,0.0086784,0.0,38585.97,coinmarketcap_data_api_listings_historical
2026-02-20,38979,DRG,DragonSwap,0.01659112,0.0,38318.32,coinmarketcap_data_api_listings_historical
2026-02-20,24230,ZNX,ZENEX,0.40863211,0.0,38168.57,coinmarketcap_data_api_listings_historical
2026-02-20,28934,BXBT,BoxBet,0.00458684,0.0,38066.28,coinmarketcap_data_api_listings_historical
2026-02-20,17806,TDROP,ThetaDrop,0.00058309,0.0,37797.44,coinmarketcap_data_api_listings_historical
2026-02-20,38124,UGO,UGO Token,0.18963943,0.0,37452.12,coinmarketcap_data_api_listings_historical
2026-02-20,30924,FLDT,FluidTokens,0.06515743,0.0,37207.34,coinmarketcap_data_api_listings_historical
2026-02-20,25446,EMP,Empyreal,8.07982196,0.0,37205.12,coinmarketcap_data_api_listings_historical
2026-02-20,36084,HYPERSKIDS,$HYPERSKIDS,0.00075501,0.0,36700.4,coinmarketcap_data_api_listings_historical
2026-02-20,27191,LUCKYSLP,LuckysLeprecoin,5.2e-07,0.0,36517.3,coinmarketcap_data_api_listings_historical
2026-02-20,12582,POKERFI,PokerFi,0.00028689,0.0,36329.64,coinmarketcap_data_api_listings_historical
2026-02-20,32214,MATT,MATT,3.612e-05,0.0,36253.32,coinmarketcap_data_api_listings_historical
2026-02-20,37544,NERO,NERO Chain,0.00351852,0.0,36216.31,coinmarketcap_data_api_listings_historical
2026-02-20,32122,MAXETH,Max on ETH,1.3e-07,0.0,35981.61,coinmarketcap_data_api_listings_historical
2026-02-20,8831,AUR,Aurix,0.27609903,0.0,35832.77,coinmarketcap_data_api_listings_historical
2026-02-20,30470,HEWE,Health & Wealth,0.00045446,0.0,35812.49,coinmarketcap_data_api_listings_historical
2026-02-20,33989,MLP,Matrix Layer Protocol,0.00034107,0.0,35067.86,coinmarketcap_data_api_listings_historical
2026-02-20,38689,XRB,OroBit,1.48935535,0.0,35036.5,coinmarketcap_data_api_listings_historical
2026-02-20,2424,AGIX,SingularityNET,0.07330087,0.0,34935.01,coinmarketcap_data_api_listings_historical
2026-02-20,38813,IZKY,IZAKA-YA,0.00019423,0.0,34843.97,coinmarketcap_data_api_listings_historical
2026-02-20,4388,EXCC,ExchangeCoin,0.08608381,0.0,34473.78,coinmarketcap_data_api_listings_historical
2026-02-20,2329,HPY,Hyper Pay,0.00031257,0.0,34175.42,coinmarketcap_data_api_listings_historical
2026-02-20,22142,00,00 Token,0.00432946,0.0,33990.39,coinmarketcap_data_api_listings_historical
2026-02-20,37250,SARA,Pulsara,0.00200923,0.0,33735.92,coinmarketcap_data_api_listings_historical
2026-02-20,16201,DBD,Day By Day,0.00206322,0.0,33584.69,coinmarketcap_data_api_listings_historical
2026-02-20,35759,BAC,CDARI,0.00258201,0.0,33413.63,coinmarketcap_data_api_listings_historical
2026-02-20,31828,SVN,StakeVault.Network,0.00015826,0.0,33286.2,coinmarketcap_data_api_listings_historical
2026-02-20,27508,LFT,Lifeform Token,0.00619787,0.0,32995.24,coinmarketcap_data_api_listings_historical
2026-02-20,14914,UBIT,UBIT,9.996e-05,0.0,32938.17,coinmarketcap_data_api_listings_historical
2026-02-20,2062,AION,Aion,0.00029991,0.0,32907.99,coinmarketcap_data_api_listings_historical
2026-02-20,38265,BNBTIGER,Bnb Tiger Inu,0.0,0.0,32817.72,coinmarketcap_data_api_listings_historical
2026-02-20,36152,DIGI,Digicoin,2e-08,0.0,32785.01,coinmarketcap_data_api_listings_historical
2026-02-20,36877,SN14,TAOHash,1.72161236,0.0,32639.53,coinmarketcap_data_api_listings_historical
2026-02-20,38794,AURA,Aurra by Virtuals,0.00030841,0.0,32225.84,coinmarketcap_data_api_listings_historical
2026-02-20,15691,WX,WX Token,0.00100063,0.0,32142.48,coinmarketcap_data_api_listings_historical
2026-02-20,20182,MBP,Mobipad,0.00713739,0.0,31935.38,coinmarketcap_data_api_listings_historical
2026-02-20,38683,ANVL,Anvil,0.00069059,0.0,31690.93,coinmarketcap_data_api_listings_historical
2026-02-20,31229,BET,Betfin,0.00031593,0.0,31634.43,coinmarketcap_data_api_listings_historical
2026-02-20,16385,CREAL,Celo Brazilian Real,0.19243836,0.0,31426.1,coinmarketcap_data_api_listings_historical
2026-02-20,18126,PBX,Probinex,0.00600629,0.0,31417.06,coinmarketcap_data_api_listings_historical
2026-02-20,38221,USDT.Z,Tether USD Bridged ZEB20,0.99963445,0.0,31197.81,coinmarketcap_data_api_listings_historical
2026-02-20,27023,FOOM,FOOM,9e-08,0.0,30819.58,coinmarketcap_data_api_listings_historical
2026-02-20,32944,TOM,TOMCoin,4.998e-05,0.0,30787.33,coinmarketcap_data_api_listings_historical
2026-02-20,32022,SKOP,Skulls of Pepe Token,0.00295087,0.0,30661.3,coinmarketcap_data_api_listings_historical
2026-02-20,36608,ABX,AlphBanX,0.01548634,0.0,30503.89,coinmarketcap_data_api_listings_historical
2026-02-20,22396,LEVE,Leve Invest,0.00025618,0.0,30387.37,coinmarketcap_data_api_listings_historical
2026-02-20,26277,GNC,GenieCoin,0.18982858,0.0,30364.92,coinmarketcap_data_api_listings_historical
2026-02-20,36351,TRACTOR,Tractor,30.71550638,0.0,30170.44,coinmarketcap_data_api_listings_historical
2026-02-20,12040,DOGECOIN,Buff Doge Coin,0.0,0.0,30153.35,coinmarketcap_data_api_listings_historical
2026-02-20,39386,LFUSD,Luminex Defi Finance,1.05502693,0.0,30109.4,coinmarketcap_data_api_listings_historical
2026-02-20,4258,XTM,MinoTari (Tari L1),0.00140661,0.0,30099.44,coinmarketcap_data_api_listings_historical
2026-02-20,29092,FPS,Web3War,0.00338988,0.0,29701.58,coinmarketcap_data_api_listings_historical
2026-02-20,39462,JETUSD,JETUSD,1.00001281,0.0,29678.28,coinmarketcap_data_api_listings_historical
2026-02-20,26835,CCV2,CelebrityCoinV2,0.02665189,0.0,29619.52,coinmarketcap_data_api_listings_historical
2026-02-20,30677,DOVU,DOVU,0.00400549,0.0,29283.4,coinmarketcap_data_api_listings_historical
2026-02-20,38994,CDG,CDG PROJECT,0.01735574,0.0,29264.79,coinmarketcap_data_api_listings_historical
2026-02-20,18005,KT,KingdomX,0.00083338,0.0,29262.84,coinmarketcap_data_api_listings_historical
2026-02-20,36337,DON,Salamanca,0.00019838,0.0,29059.54,coinmarketcap_data_api_listings_historical
2026-02-20,27370,FXD,Fathom Dollar,0.89486843,0.0,29056.42,coinmarketcap_data_api_listings_historical
2026-02-20,36909,SN47,For Sale,0.78246283,0.0,28978.47,coinmarketcap_data_api_listings_historical
2026-02-20,12156,ASIA,Asia Coin,0.04476295,0.0,28951.7,coinmarketcap_data_api_listings_historical
2026-02-20,20427,QTO,QToken,0.11175234,0.0,28530.42,coinmarketcap_data_api_listings_historical
2026-02-20,23006,DBR,DOLA Borrowing Right,0.04566186,0.0,28376.86,coinmarketcap_data_api_listings_historical
2026-02-20,39367,ENTROPY,Entropy (ennntropy.com),0.00013252,0.0,27917.39,coinmarketcap_data_api_listings_historical
2026-02-20,33027,DIN,DIN,0.01320904,0.0,27877.77,coinmarketcap_data_api_listings_historical
2026-02-20,35779,CONAN,Conan,0.00289183,0.0,27824.93,coinmarketcap_data_api_listings_historical
2026-02-20,31891,DJT,TrumpCoin,9.232e-05,0.0,27798.36,coinmarketcap_data_api_listings_historical
2026-02-20,12942,THOR,THORSwap,0.0596189,0.0,27796.56,coinmarketcap_data_api_listings_historical
2026-02-20,11607,SWT,Smart Wallet Token,3.5e-07,0.0,27672.58,coinmarketcap_data_api_listings_historical
2026-02-20,38577,MOB,Mobile Blockchain,1.01677111,0.0,27602.75,coinmarketcap_data_api_listings_historical
2026-02-20,30755,GIOVE,GIOVE,0.61833147,0.0,27519.4,coinmarketcap_data_api_listings_historical
2026-02-20,24527,XRPC,Xrp Classic (new),0.00059948,0.0,26878.57,coinmarketcap_data_api_listings_historical
2026-02-20,36833,USD.T,Tedra USD 2.0,0.98677511,0.0,26747.28,coinmarketcap_data_api_listings_historical
2026-02-20,25061,MONIE,Infiblue World,0.01489455,0.0,26671.65,coinmarketcap_data_api_listings_historical
2026-02-20,20326,AURA,Aura Network,0.00135248,0.0,26586.04,coinmarketcap_data_api_listings_historical
2026-02-20,18415,RBD,Rubidium,0.03707644,0.0,26535.45,coinmarketcap_data_api_listings_historical
2026-02-20,30329,TRUNK,Elephant Money (TRUNK),0.03520165,0.0,26500.08,coinmarketcap_data_api_listings_historical
2026-02-20,19191,DOLA,DOLA,0.99523392,0.0,25971.87,coinmarketcap_data_api_listings_historical
2026-02-20,33045,CCO2,Carbon Capture,8.00054316,0.0,25828.89,coinmarketcap_data_api_listings_historical
2026-02-20,4100,QBX,QBX,0.00111834,0.0,25801.85,coinmarketcap_data_api_listings_historical
2026-02-20,11109,ELCASH,Electric Cash,0.04739558,0.0,25671.83,coinmarketcap_data_api_listings_historical
2026-02-20,34071,TOBI,tobi,9.259e-05,0.0,25545.23,coinmarketcap_data_api_listings_historical
2026-02-20,36554,TURBO,TURBO BOME,3.15e-06,0.0,25534.1,coinmarketcap_data_api_listings_historical
2026-02-20,17313,QTC,Qitcoin,0.02009228,0.0,25425.94,coinmarketcap_data_api_listings_historical
2026-02-20,34265,QF,QF Network,0.47252877,0.0,25172.74,coinmarketcap_data_api_listings_historical
2026-02-20,32066,ALF,ALF,1.9e-07,0.0,24957.35,coinmarketcap_data_api_listings_historical
2026-02-20,34733,TURBO,Based Turbo,2.06e-06,0.0,24788.01,coinmarketcap_data_api_listings_historical
2026-02-20,16345,BMEX,BitMEX Token,0.08406719,0.0,24750.37,coinmarketcap_data_api_listings_historical
2026-02-20,23029,VXT,Voxto Amplify,0.03047829,0.0,24656.54,coinmarketcap_data_api_listings_historical
2026-02-20,10555,CNR,Canary,0.00030067,0.0,24636.1,coinmarketcap_data_api_listings_historical
2026-02-20,35040,AVC,Alterverse,0.00019808,0.0,24633.16,coinmarketcap_data_api_listings_historical
2026-02-20,38709,AYNI,Ayni Gold,0.2933454,0.0,24256.93,coinmarketcap_data_api_listings_historical
2026-02-20,19960,HASH,Provenance Blockchain,0.01600978,0.0,24219.68,coinmarketcap_data_api_listings_historical
2026-02-20,29945,PUFF,Puff The Dragon,0.07826695,0.0,24171.04,coinmarketcap_data_api_listings_historical
2026-02-20,38657,EPWX,ePowerX On Base,0.0,0.0,24124.71,coinmarketcap_data_api_listings_historical
2026-02-20,37472,MTT,METTI TOKEN,21.33219892,0.0,23791.96,coinmarketcap_data_api_listings_historical
2026-02-20,23621,VEE,Zeeverse,5.653e-05,0.0,23562.41,coinmarketcap_data_api_listings_historical
2026-02-20,31656,MOR,Morpheus,0.60507646,0.0,23529.39,coinmarketcap_data_api_listings_historical
2026-02-20,38643,YBNB,Yellow BNB,9.191e-05,0.0,23524.59,coinmarketcap_data_api_listings_historical
2026-02-20,16356,LIVE,SecondLive,0.00012434,0.0,23476.03,coinmarketcap_data_api_listings_historical
2026-02-20,23273,SKETCH,Sketch Coin,0.00011408,0.0,23292.91,coinmarketcap_data_api_listings_historical
2026-02-20,38921,ZUNO,OFFICIAL ZUNO,7.571e-05,0.0,22832.63,coinmarketcap_data_api_listings_historical
2026-02-20,36327,8BALL,Billards Hub,0.02769157,0.0,22825.49,coinmarketcap_data_api_listings_historical
2026-02-20,30722,WW3,WW3,0.00024425,0.0,22595.48,coinmarketcap_data_api_listings_historical
2026-02-20,24935,GUAC,Guacamole,1e-08,0.0,22586.12,coinmarketcap_data_api_listings_historical
2026-02-20,21315,QLINDO,Qlindo,0.00018103,0.0,22556.46,coinmarketcap_data_api_listings_historical
2026-02-20,37375,BBFT,Baby BFT,0.00034402,0.0,22509.4,coinmarketcap_data_api_listings_historical
2026-02-20,35713,MIU,Miu,0.0,0.0,22185.01,coinmarketcap_data_api_listings_historical
2026-02-20,14820,IRT,Infinity Rocket Token,0.00247797,0.0,22144.67,coinmarketcap_data_api_listings_historical
2026-02-20,32070,RUNI,Runesterminal,0.04307559,0.0,21788.55,coinmarketcap_data_api_listings_historical
2026-02-20,38558,OPAL,Opal,0.04782814,0.0,21736.76,coinmarketcap_data_api_listings_historical
2026-02-20,38450,TSTON,Tonstakers,1.45432744,0.0,21673.09,coinmarketcap_data_api_listings_historical
2026-02-20,34624,HFUN,Hypurr Fun,14.38799751,0.0,21582.9,coinmarketcap_data_api_listings_historical
2026-02-20,19117,CRYN,CRYN,0.39763659,0.0,21397.61,coinmarketcap_data_api_listings_historical
2026-02-20,23657,KAKI,Doge KaKi,1e-08,0.0,21386.19,coinmarketcap_data_api_listings_historical
2026-02-20,36967,BTH,HarvestAI,0.0,0.0,21361.03,coinmarketcap_data_api_listings_historical
2026-02-20,36748,EUROP,EURØP,1.1802476,0.0,21340.49,coinmarketcap_data_api_listings_historical
2026-02-20,32134,CAD,Caduceus Protocol (new),0.00044183,0.0,21239.75,coinmarketcap_data_api_listings_historical
2026-02-20,31314,KANG,Kangamoon,0.00011428,0.0,21063.21,coinmarketcap_data_api_listings_historical
2026-02-20,3911,OCEAN,Ocean Protocol,0.10691778,0.0,21063.15,coinmarketcap_data_api_listings_historical
2026-02-20,19232,LFT,LifeTime,0.00619773,0.0,20998.91,coinmarketcap_data_api_listings_historical
2026-02-20,37657,STM,Steam22,0.06077181,0.0,20263.57,coinmarketcap_data_api_listings_historical
2026-02-20,34246,L1,Lamina1,0.0023861,0.0,20262.07,coinmarketcap_data_api_listings_historical
2026-02-20,28043,FOG,FOGNET,0.01419968,0.0,19993.51,coinmarketcap_data_api_listings_historical
2026-02-20,31540,PPT,PAPA Trump,6e-08,0.0,19824.31,coinmarketcap_data_api_listings_historical
2026-02-20,36134,$MVRK,Mavryk Network,0.02064689,0.0,19816.47,coinmarketcap_data_api_listings_historical
2026-02-20,20261,XPM,XPMarket,0.00801707,0.0,19776.34,coinmarketcap_data_api_listings_historical
2026-02-20,29232,ASM,AsMatch,0.02772535,0.0,19773.61,coinmarketcap_data_api_listings_historical
2026-02-20,17774,INTL,Intelly,0.10116922,0.0,19658.67,coinmarketcap_data_api_listings_historical
2026-02-20,33304,WXM,WeatherXM,0.02268526,0.0,19356.28,coinmarketcap_data_api_listings_historical
2026-02-20,36551,PETUNIA,Petunia,2.08e-05,0.0,19228.15,coinmarketcap_data_api_listings_historical
2026-02-20,33361,MCAKE,EasyCake,0.01142634,0.0,19085.52,coinmarketcap_data_api_listings_historical
2026-02-20,29019,TITANX,TitanX,6e-08,0.0,19045.88,coinmarketcap_data_api_listings_historical
2026-02-20,38132,DRESS,DRESSdio,0.00949635,0.0,18947.18,coinmarketcap_data_api_listings_historical
2026-02-20,10695,MOONED,MoonEdge,0.00143832,0.0,18797.22,coinmarketcap_data_api_listings_historical
2026-02-20,36420,BOOPA,Boopa,1.987e-05,0.0,18646.96,coinmarketcap_data_api_listings_historical
2026-02-20,38660,NPT,Neptune Cash,0.25890484,0.0,18636.0,coinmarketcap_data_api_listings_historical
2026-02-20,36446,BRICS,BRICS Chain,14.95520547,0.0,18395.16,coinmarketcap_data_api_listings_historical
2026-02-20,35036,XMONEY,X Money,0.05069801,0.0,18283.72,coinmarketcap_data_api_listings_historical
2026-02-20,31028,GMFI,Golden Magfi,0.00080975,0.0,18176.15,coinmarketcap_data_api_listings_historical
2026-02-20,39396,ZEXX,ZEXX AI,0.289212,0.0,18099.85,coinmarketcap_data_api_listings_historical
2026-02-20,29094,DMCC,Decentralized Music Chain,0.00246026,0.0,18083.68,coinmarketcap_data_api_listings_historical
2026-02-20,38388,TRCR,Tracer,0.00167639,0.0,17335.61,coinmarketcap_data_api_listings_historical
2026-02-20,32337,PIZZA,Pizza (Ordinals),0.0618406,0.0,17149.38,coinmarketcap_data_api_listings_historical
2026-02-20,19915,SNACK,Crypto Snack,0.0013256,0.0,17019.21,coinmarketcap_data_api_listings_historical
2026-02-20,38925,WOORI,Woori,0.41649514,0.0,16933.67,coinmarketcap_data_api_listings_historical
2026-02-20,14899,MEX,xExchange,4.2e-07,0.0,16850.04,coinmarketcap_data_api_listings_historical
2026-02-20,31884,ZIK,Zik coin,0.00010597,0.0,16844.73,coinmarketcap_data_api_listings_historical
2026-02-20,36161,AICE,Aicean,0.0116635,0.0,16843.94,coinmarketcap_data_api_listings_historical
2026-02-20,38418,TUNA,DefiTuna,0.0178758,0.0,16746.75,coinmarketcap_data_api_listings_historical
2026-02-20,36911,SN17,404—GEN,2.02586893,0.0,16733.71,coinmarketcap_data_api_listings_historical
2026-02-20,36250,KULA,KULA,0.21400224,0.0,16675.17,coinmarketcap_data_api_listings_historical
2026-02-20,36998,OMDB,OMDBlockchain,0.03848525,0.0,16658.02,coinmarketcap_data_api_listings_historical
2026-02-20,11013,LIQ,LIQ Protocol,0.00080256,0.0,16588.85,coinmarketcap_data_api_listings_historical
2026-02-20,4568,JFIN,JFIN Coin,0.0653365,0.0,16585.04,coinmarketcap_data_api_listings_historical
2026-02-20,29020,APP,RWAX,0.00012646,0.0,16478.94,coinmarketcap_data_api_listings_historical
2026-02-20,12271,KING,CryptoBlades Kingdoms,5.021e-05,0.0,16419.01,coinmarketcap_data_api_listings_historical
2026-02-20,16794,AMETA,Alpha City,0.00037743,0.0,16417.66,coinmarketcap_data_api_listings_historical
2026-02-20,30315,OMNI,Omni Network,0.91641634,0.0,16414.96,coinmarketcap_data_api_listings_historical
2026-02-20,33308,BOB,BOB,0.09465983,0.0,16385.19,coinmarketcap_data_api_listings_historical
2026-02-20,11181,SBR,Saber,0.00031325,0.0,16300.14,coinmarketcap_data_api_listings_historical
2026-02-20,33552,KASPY,Kaspy,1.71e-06,0.0,16272.7,coinmarketcap_data_api_listings_historical
2026-02-20,22423,PRIMAL,PRIMAL,2.746e-05,0.0,16238.16,coinmarketcap_data_api_listings_historical
2026-02-20,34181,AICELL,AICell,0.0013989,0.0,16195.6,coinmarketcap_data_api_listings_historical
2026-02-20,28965,RETIK,Retik Finance,0.00019726,0.0,16152.46,coinmarketcap_data_api_listings_historical
2026-02-20,24938,CROWN,Crown Token,0.1124468,0.0,16059.32,coinmarketcap_data_api_listings_historical
2026-02-20,38490,TENGE,TENGE TENGE,9.992e-05,0.0,16056.32,coinmarketcap_data_api_listings_historical
2026-02-20,39364,ERBB,Exchange Request for Bitbon,1.13343504,0.0,16049.08,coinmarketcap_data_api_listings_historical
2026-02-20,22959,ABEL,Abel finance,0.00444338,0.0,16039.6,coinmarketcap_data_api_listings_historical
2026-02-20,22656,GAU,Gamer Arena,0.0002709,0.0,16017.72,coinmarketcap_data_api_listings_historical
2026-02-20,37389,GAI,GraphAI,0.0128772,0.0,15975.26,coinmarketcap_data_api_listings_historical
2026-02-20,32394,NCOIN,NatronZ,0.04829315,0.0,15974.26,coinmarketcap_data_api_listings_historical
2026-02-20,34549,A1X,AI Nexus,0.00038507,0.0,15947.01,coinmarketcap_data_api_listings_historical
2026-02-20,10347,HMT,Human,0.00523814,0.0,15846.84,coinmarketcap_data_api_listings_historical
2026-02-20,37987,1PIECE,OnePiece,0.0002188,0.0,15826.8,coinmarketcap_data_api_listings_historical
2026-02-20,4780,UCBI,UCBI Banking,1.34025295,0.0,15825.88,coinmarketcap_data_api_listings_historical
2026-02-20,34538,UNKOWN,""" """,0.00108439,0.0,15806.66,coinmarketcap_data_api_listings_historical
2026-02-20,36536,MIRAI,Project MIRAI,0.0005032,0.0,15723.02,coinmarketcap_data_api_listings_historical
2026-02-20,36298,NATION,LinkedNation,0.00055363,0.0,15690.46,coinmarketcap_data_api_listings_historical
2026-02-20,36104,TAT,Tell A Tale,0.00031085,0.0,15567.57,coinmarketcap_data_api_listings_historical
2026-02-20,16697,BLD,Agoric,0.00509526,0.0,15427.81,coinmarketcap_data_api_listings_historical
2026-02-20,28791,1CAT,Bitcoin Cats,7.64e-05,0.0,15417.84,coinmarketcap_data_api_listings_historical
2026-02-20,17601,ONI,ONINO,0.01050609,0.0,15356.69,coinmarketcap_data_api_listings_historical
2026-02-20,19823,FAKT,Medifakt,0.00029479,0.0,15239.0,coinmarketcap_data_api_listings_historical
2026-02-20,37148,TRIX,TikTrix,0.04656167,0.0,15217.58,coinmarketcap_data_api_listings_historical
2026-02-20,39052,MOT,Masters of Trivia,5.29866846,0.0,15209.98,coinmarketcap_data_api_listings_historical
2026-02-20,31513,VT,VTRADING,0.00147682,0.0,15064.38,coinmarketcap_data_api_listings_historical
2026-02-20,4257,BTRS,Bitball Treasure,0.01599099,0.0,15054.63,coinmarketcap_data_api_listings_historical
2026-02-20,32416,EKUBO,Ekubo Protocol,1.5964287,0.0,15044.11,coinmarketcap_data_api_listings_historical
2026-02-20,33553,INSURANCE,insurance,319.32119015,0.0,14947.02,coinmarketcap_data_api_listings_historical
2026-02-20,39584,1FNXAI,Finanx AI (1FNXAI),3.55217336,0.0,14818.7,coinmarketcap_data_api_listings_historical
2026-02-20,27951,W3S,Web3Shot,0.00058005,0.0,14812.68,coinmarketcap_data_api_listings_historical
2026-02-20,10291,CVXCRV,Convex CRV,0.11991075,0.0,14796.8,coinmarketcap_data_api_listings_historical
2026-02-20,12965,GGG,Good Games Guild,0.00113327,0.0,14684.11,coinmarketcap_data_api_listings_historical
2026-02-20,35586,SHY,Shytoshi Kusama,0.00266904,0.0,14480.06,coinmarketcap_data_api_listings_historical
2026-02-20,26719,PVC,PVC Meta,0.00452157,0.0,14332.74,coinmarketcap_data_api_listings_historical
2026-02-20,37535,BNBUSD,Sigma Money,0.99904602,0.0,14304.75,coinmarketcap_data_api_listings_historical
2026-02-20,9938,OOE,OpenOcean,0.00120688,0.0,14304.27,coinmarketcap_data_api_listings_historical
2026-02-20,31405,LOVE,Love Monster,1.451e-05,0.0,14246.91,coinmarketcap_data_api_listings_historical
2026-02-20,18443,RIZE,Rizespor Token,0.00660243,0.0,14233.11,coinmarketcap_data_api_listings_historical
2026-02-20,38313,MOONCAT,Mooncat,4.437e-05,0.0,14037.85,coinmarketcap_data_api_listings_historical
2026-02-20,16615,NETT,Netswap,0.01406374,0.0,13874.81,coinmarketcap_data_api_listings_historical
2026-02-20,33050,PEPE,Based Pepe,0.0,0.0,13839.79,coinmarketcap_data_api_listings_historical
2026-02-20,16230,EFT,ETH Fan Token Ecosystem,4e-08,0.0,13812.99,coinmarketcap_data_api_listings_historical
2026-02-20,17623,LOOT,Lootex,0.0007805,0.0,13807.6,coinmarketcap_data_api_listings_historical
2026-02-20,33514,HDRO,Hydro Protocol,0.00178647,0.0,13801.9,coinmarketcap_data_api_listings_historical
2026-02-20,38803,PAXI,Paxi Network,0.01408463,0.0,13794.24,coinmarketcap_data_api_listings_historical
2026-02-20,10272,ALD,AladdinDAO,0.01659379,0.0,13782.0,coinmarketcap_data_api_listings_historical
2026-02-20,30345,HOBBES,Ansem's Cat,6.221e-05,0.0,13687.64,coinmarketcap_data_api_listings_historical
2026-02-20,15516,PINU,Pi INU,8e-08,0.0,13517.39,coinmarketcap_data_api_listings_historical
2026-02-20,16559,CHER,Cherry Network,0.00045393,0.0,13475.12,coinmarketcap_data_api_listings_historical
2026-02-20,36891,SN53,EfficientFrontier,1.06983089,0.0,13335.16,coinmarketcap_data_api_listings_historical
2026-02-20,37629,QTC,Qubitcoin (superquantum.io/qubitcoin),0.68075448,0.0,13328.57,coinmarketcap_data_api_listings_historical
2026-02-20,35802,USC,Orby Network (USC),1.14562075,0.0,13326.53,coinmarketcap_data_api_listings_historical
2026-02-20,39331,BTL,Bitelions,0.59980852,0.0,13242.35,coinmarketcap_data_api_listings_historical
2026-02-20,122,POT,PotCoin,0.00092697,0.0,13189.71,coinmarketcap_data_api_listings_historical
2026-02-20,35232,KOII,Koii,0.00016946,0.0,13183.45,coinmarketcap_data_api_listings_historical
2026-02-20,36147,JLP,JLaunchpad,0.00030388,0.0,13103.49,coinmarketcap_data_api_listings_historical
2026-02-20,36808,AXR,Axelrod by Virtuals,0.00115538,0.0,13033.21,coinmarketcap_data_api_listings_historical
2026-02-20,36917,SN10,Sturdy,1.14091816,0.0,13004.99,coinmarketcap_data_api_listings_historical
2026-02-20,31971,DORKY,Dork Lord,0.00624407,0.0,12984.5,coinmarketcap_data_api_listings_historical
2026-02-20,31683,AIR,AIRian,0.01063905,0.0,12928.63,coinmarketcap_data_api_listings_historical
2026-02-20,36916,SN84,Docs-Insights (Taτsu),0.69074602,0.0,12877.01,coinmarketcap_data_api_listings_historical
2026-02-20,10202,STC,Starcoin,0.00067315,0.0,12842.95,coinmarketcap_data_api_listings_historical
2026-02-20,28496,F3,Friend3,0.00048684,0.0,12786.21,coinmarketcap_data_api_listings_historical
2026-02-20,39456,(LMX),Litmex,0.03400239,0.0,12772.61,coinmarketcap_data_api_listings_historical
2026-02-20,7618,ALPA,Alpaca City,0.00523299,0.0,12765.22,coinmarketcap_data_api_listings_historical
2026-02-20,20757,HNB,HNB Protocol,9.636e-05,0.0,12651.36,coinmarketcap_data_api_listings_historical
2026-02-20,32282,WATER,Waterfall,0.00032004,0.0,12573.14,coinmarketcap_data_api_listings_historical
2026-02-20,2873,MET,Metronome,0.49924848,0.0,12442.57,coinmarketcap_data_api_listings_historical
2026-02-20,36862,SNPT,SNPIT TOKEN,0.00402561,0.0,12419.51,coinmarketcap_data_api_listings_historical
2026-02-20,39416,SEAS,Seasons,0.28105988,0.0,12396.42,coinmarketcap_data_api_listings_historical
2026-02-20,33428,STIX,STIX,1.069e-05,0.0,12378.59,coinmarketcap_data_api_listings_historical
2026-02-20,15688,DOMI,Domi Online,0.00083503,0.0,12356.0,coinmarketcap_data_api_listings_historical
2026-02-20,39358,NOTIFAI,NotifAi News,0.00017478,0.0,12314.93,coinmarketcap_data_api_listings_historical
2026-02-20,5566,KEEP,Keep Network,0.07037752,0.0,12296.64,coinmarketcap_data_api_listings_historical
2026-02-20,38196,BABYWLFI,Baby World Liberty Financial,5.7e-07,0.0,12272.92,coinmarketcap_data_api_listings_historical
2026-02-20,28720,GREEN,Green,0.00027487,0.0,12185.65,coinmarketcap_data_api_listings_historical
2026-02-20,18984,PHL,Philcoin,0.0191043,0.0,12183.09,coinmarketcap_data_api_listings_historical
2026-02-20,8711,PANDO,Pando,0.00018651,0.0,12145.58,coinmarketcap_data_api_listings_historical
2026-02-20,6833,LIT,Litentry,0.08064309,0.0,12119.63,coinmarketcap_data_api_listings_historical
2026-02-20,38197,FOMO,FOMO,0.00234165,0.0,12046.81,coinmarketcap_data_api_listings_historical
2026-02-20,23476,PEN,Pendulum,0.01843326,0.0,12020.05,coinmarketcap_data_api_listings_historical
2026-02-20,33139,OWN,Otherworld,0.02999848,0.0,12003.79,coinmarketcap_data_api_listings_historical
2026-02-20,37618,ANT,ANTTIME,0.00028545,0.0,11910.14,coinmarketcap_data_api_listings_historical
2026-02-20,23210,D2T,Dash 2 Trade,0.00019006,0.0,11843.72,coinmarketcap_data_api_listings_historical
2026-02-20,25512,RFD,RefundCoin,1.51e-06,0.0,11683.2,coinmarketcap_data_api_listings_historical
2026-02-20,37597,WXTM,Wrapped MinoTari,0.00142233,0.0,11674.21,coinmarketcap_data_api_listings_historical
2026-02-20,23311,BTAF,BTAF token,0.02719315,0.0,11654.08,coinmarketcap_data_api_listings_historical
2026-02-20,39182,GNX,GainX,10.14526703,0.0,11627.12,coinmarketcap_data_api_listings_historical
2026-02-20,27863,SCM,ScamFari token,3.11e-06,0.0,11446.02,coinmarketcap_data_api_listings_historical
2026-02-20,23685,SCT,SuperCells Token,0.00245956,0.0,11273.84,coinmarketcap_data_api_listings_historical
2026-02-20,36739,BURT,BURT,8.623e-05,0.0,11022.77,coinmarketcap_data_api_listings_historical
2026-02-20,20894,WRT,WingRiders Governance Token,0.00706629,0.0,11003.8,coinmarketcap_data_api_listings_historical
2026-02-20,32265,FEARNOT,FEAR NOT,3.5e-07,0.0,10979.41,coinmarketcap_data_api_listings_historical
2026-02-20,154,MARS,Marscoin,0.04802742,0.0,10904.17,coinmarketcap_data_api_listings_historical
2026-02-20,36440,LEARN,Brainedge,0.00767619,0.0,10902.08,coinmarketcap_data_api_listings_historical
2026-02-20,10613,EMPIRE,Empire Token,0.00019799,0.0,10855.75,coinmarketcap_data_api_listings_historical
2026-02-20,28196,TEE,Guarantee,34.21658876,0.0,10835.71,coinmarketcap_data_api_listings_historical
2026-02-20,29253,HOLD,Everybody Holds,0.00011674,0.0,10823.11,coinmarketcap_data_api_listings_historical
2026-02-20,30049,SMOLE,smolecoin,1.784e-05,0.0,10811.23,coinmarketcap_data_api_listings_historical
2026-02-20,15893,RBC,Ruby Coin,0.00121797,0.0,10802.19,coinmarketcap_data_api_listings_historical
2026-02-20,11557,DOG,Own The Doge,0.0004917,0.0,10708.24,coinmarketcap_data_api_listings_historical
2026-02-20,38155,MISSION,MISSION PAWSIBLE,2.4e-07,0.0,10687.03,coinmarketcap_data_api_listings_historical
2026-02-20,29407,OVER,OverProtocol,0.00420513,0.0,10661.49,coinmarketcap_data_api_listings_historical
2026-02-20,25161,DRAC,Drac (Ordinals),0.00470519,0.0,10630.61,coinmarketcap_data_api_listings_historical
2026-02-20,1722,MORE,More Coin,0.05978181,0.0,10617.26,coinmarketcap_data_api_listings_historical
2026-02-20,38141,STAX,STAX Token,0.00101161,0.0,10591.54,coinmarketcap_data_api_listings_historical
2026-02-20,24808,HAHA,Hasaki,1.59e-06,0.0,10545.02,coinmarketcap_data_api_listings_historical
2026-02-20,36559,MIH,MINE COIN,0.1852472,0.0,10524.09,coinmarketcap_data_api_listings_historical
2026-02-20,30769,HLN,Helion,0.06457519,0.0,10492.29,coinmarketcap_data_api_listings_historical
2026-02-20,28993,AINN,AINN,0.00601869,0.0,10443.6,coinmarketcap_data_api_listings_historical
2026-02-20,15658,MEER,Qitmeer Network,0.00316384,0.0,10432.88,coinmarketcap_data_api_listings_historical
2026-02-20,27363,DLLR,Sovryn Dollar,0.98432945,0.0,10418.77,coinmarketcap_data_api_listings_historical
2026-02-20,21077,CHANGE,Changex,0.00144247,0.0,10399.13,coinmarketcap_data_api_listings_historical
2026-02-20,2947,SOP,SoPay,3.167e-05,0.0,10388.57,coinmarketcap_data_api_listings_historical
2026-02-20,38344,MDDC,Medodo Coin,1.559e-05,0.0,10364.31,coinmarketcap_data_api_listings_historical
2026-02-20,32258,HIT,Hiver,0.00628809,0.0,10315.66,coinmarketcap_data_api_listings_historical
2026-02-20,8230,AIN,AI Network,0.01306557,0.0,10242.83,coinmarketcap_data_api_listings_historical
2026-02-20,37475,NEKO,NeonNeko,4.119e-05,0.0,10226.41,coinmarketcap_data_api_listings_historical
2026-02-20,16394,SUPE,SUPE,0.00243547,0.0,10225.93,coinmarketcap_data_api_listings_historical
2026-02-20,28826,TURT,TurtSat,0.00010936,0.0,10215.36,coinmarketcap_data_api_listings_historical
2026-02-20,10593,FLURRY,Flurry Finance,7.797e-05,0.0,10201.49,coinmarketcap_data_api_listings_historical
2026-02-20,12208,TXT,Taxa Token,0.00053749,0.0,10141.74,coinmarketcap_data_api_listings_historical
2026-02-20,34845,TMAI,Token Metrics AI,2.941e-05,0.0,10086.24,coinmarketcap_data_api_listings_historical
2026-02-20,4047,NBOT,Naka Bodhi Token,0.007801,0.0,10063.18,coinmarketcap_data_api_listings_historical
2026-02-20,19422,EGS,EdgeSwap,0.00076581,0.0,10062.1,coinmarketcap_data_api_listings_historical
2026-02-20,17479,MART,Artmeta,0.00201142,0.0,10043.73,coinmarketcap_data_api_listings_historical
2026-02-20,36613,BEER2,Beercoin 2,2e-07,0.0,10026.63,coinmarketcap_data_api_listings_historical
2026-02-20,25162,NOOT,NOOT (Ordinals),0.00015497,0.0,9991.11,coinmarketcap_data_api_listings_historical
2026-02-20,37489,THINK,Think Protocol,0.00043458,0.0,9987.51,coinmarketcap_data_api_listings_historical
2026-02-20,15140,EGAME,EVERY GAME,5.69e-06,0.0,9976.77,coinmarketcap_data_api_listings_historical
2026-02-20,2349,XIN,Mixin,49.35124279,0.0,9945.79,coinmarketcap_data_api_listings_historical
2026-02-20,32774,USDZ,Anzen Finance (USDZ),0.99591365,0.0,9922.88,coinmarketcap_data_api_listings_historical
2026-02-20,39136,CAST,cast oracles,9.4e-06,0.0,9838.77,coinmarketcap_data_api_listings_historical
2026-02-20,24094,MGKL,MAGIKAL.ai,5e-08,0.0,9837.69,coinmarketcap_data_api_listings_historical
2026-02-20,11421,TAUR,Marnotaur,0.00227942,0.0,9835.72,coinmarketcap_data_api_listings_historical
2026-02-20,30230,ORBIO,Orbio,7.9e-07,0.0,9829.18,coinmarketcap_data_api_listings_historical
2026-02-20,29684,WX,Weave6,8.9e-05,0.0,9826.61,coinmarketcap_data_api_listings_historical
2026-02-20,36509,GET,Global Entertainment Token,0.00191966,0.0,9824.46,coinmarketcap_data_api_listings_historical
2026-02-20,3934,CNNS,CNNS,6.269e-05,0.0,9823.86,coinmarketcap_data_api_listings_historical
2026-02-20,32571,INVITE,INVITE Token,0.00046092,0.0,9819.76,coinmarketcap_data_api_listings_historical
2026-02-20,14950,ORO,Operon Origins,0.00049943,0.0,9812.39,coinmarketcap_data_api_listings_historical
2026-02-20,32976,USDG,DGTEK TOKEN,4.98630789,0.0,9810.51,coinmarketcap_data_api_listings_historical
2026-02-20,38698,CONCILIUM,Concilium Blockchain Ecosystem,0.73218593,0.0,9805.56,coinmarketcap_data_api_listings_historical
2026-02-20,28803,ZERO,Analysoor,0.04698633,0.0,9788.31,coinmarketcap_data_api_listings_historical
2026-02-20,34056,NAWS,NAWS.AI,0.00034787,0.0,9787.63,coinmarketcap_data_api_listings_historical
2026-02-20,7217,MPH,Morpher,0.00828782,0.0,9744.72,coinmarketcap_data_api_listings_historical
2026-02-20,12979,SNTR,Sentre Protocol,0.00043883,0.0,9741.61,coinmarketcap_data_api_listings_historical
2026-02-20,25194,JSM,Joseon Mun,0.000181,0.0,9723.01,coinmarketcap_data_api_listings_historical
2026-02-20,35511,TREE,Tree,0.20878564,0.0,9696.78,coinmarketcap_data_api_listings_historical
2026-02-20,30429,VSX,Versus-X,0.00399426,0.0,9681.66,coinmarketcap_data_api_listings_historical
2026-02-20,2994,BIFI,Bitcoin File,0.0001375,0.0,9657.99,coinmarketcap_data_api_listings_historical
2026-02-20,17822,REIGN,Reign of Terror,0.00034613,0.0,9653.56,coinmarketcap_data_api_listings_historical
2026-02-20,38211,ANOA,ANOA,49.85237466,0.0,9641.09,coinmarketcap_data_api_listings_historical
2026-02-20,36951,KITTY,Hello Kitty,9.285e-05,0.0,9635.22,coinmarketcap_data_api_listings_historical
2026-02-20,29081,LIGO,LIGO,1.7e-07,0.0,9630.27,coinmarketcap_data_api_listings_historical
2026-02-20,22368,KCAL,KCAL,0.00071982,0.0,9588.84,coinmarketcap_data_api_listings_historical
2026-02-20,32890,SAY,SAY Coin,7.538e-05,0.0,9543.39,coinmarketcap_data_api_listings_historical
2026-02-20,31978,EMT,EMAIL Token,0.00057024,0.0,9541.38,coinmarketcap_data_api_listings_historical
2026-02-20,23143,MATCH,Matching Game,3.06e-06,0.0,9517.67,coinmarketcap_data_api_listings_historical
2026-02-20,16914,METO,Metafluence,5.648e-05,0.0,9493.94,coinmarketcap_data_api_listings_historical
2026-02-20,36450,LAIR,Lair Finance,0.00167336,0.0,9490.08,coinmarketcap_data_api_listings_historical
2026-02-20,30881,SGR,Schrodinger,0.28718968,0.0,9478.36,coinmarketcap_data_api_listings_historical
2026-02-20,35126,EFFECT,Effect AI [New],0.00385157,0.0,9474.4,coinmarketcap_data_api_listings_historical
2026-02-20,11220,PORT,Port Finance,0.00333572,0.0,9448.58,coinmarketcap_data_api_listings_historical
2026-02-20,31961,NEURON,Cerebrum DAO,4.687e-05,0.0,9435.83,coinmarketcap_data_api_listings_historical
2026-02-20,23873,MDUS,MEDIEUS,0.0002659,0.0,9422.68,coinmarketcap_data_api_listings_historical
2026-02-20,8129,FIRE,Fire Protocol,0.00049481,0.0,9392.88,coinmarketcap_data_api_listings_historical
2026-02-20,39571,AMARA,AMARA,0.00050851,0.0,9365.44,coinmarketcap_data_api_listings_historical
2026-02-20,28809,SOBER,Solabrador,1.079e-05,0.0,9347.8,coinmarketcap_data_api_listings_historical
2026-02-20,31788,EAI,Eagle AI,0.01144878,0.0,9330.29,coinmarketcap_data_api_listings_historical
2026-02-20,5602,STH,SmartHoldem,0.00145944,0.0,9328.28,coinmarketcap_data_api_listings_historical
2026-02-20,32061,BPT,Best Patent,0.00129731,0.0,9317.18,coinmarketcap_data_api_listings_historical
2026-02-20,2429,MOBI,Mobius,0.00165536,0.0,9295.76,coinmarketcap_data_api_listings_historical
2026-02-20,33293,LOULOU,LOULOU,0.00111058,0.0,9293.39,coinmarketcap_data_api_listings_historical
2026-02-20,30349,BITCAT,Bitcat,0.00015361,0.0,9286.53,coinmarketcap_data_api_listings_historical
2026-02-20,26221,NOMOX,Nomoex,0.00352271,0.0,9286.47,coinmarketcap_data_api_listings_historical
2026-02-20,22458,DOLZ,DOLZ,0.01005549,0.0,9285.15,coinmarketcap_data_api_listings_historical
2026-02-20,28756,VPR,VaporFund,0.00020069,0.0,9277.81,coinmarketcap_data_api_listings_historical
2026-02-20,33680,GOATS,GOATS,3.998e-05,0.0,9277.45,coinmarketcap_data_api_listings_historical
2026-02-20,19867,STIMA,STIMA,1.01780984,0.0,9276.27,coinmarketcap_data_api_listings_historical
2026-02-20,12364,YCT,Youclout,2.639e-05,0.0,9247.24,coinmarketcap_data_api_listings_historical
2026-02-20,2047,ZSC,Zeusshield,0.00010991,0.0,9228.05,coinmarketcap_data_api_listings_historical
2026-02-20,35412,XSEED,MXS Games,5.18e-06,0.0,9224.53,coinmarketcap_data_api_listings_historical
2026-02-20,35067,BC,BCGame Coin,0.0066479,0.0,9216.26,coinmarketcap_data_api_listings_historical
2026-02-20,29858,TAPROOT,Taproot Exchange,0.00027519,0.0,9214.43,coinmarketcap_data_api_listings_historical
2026-02-20,23412,PSI,TridentDAO,0.00449817,0.0,9207.65,coinmarketcap_data_api_listings_historical
2026-02-20,27507,SHIB2.0,Shib2.0,0.0,0.0,9202.11,coinmarketcap_data_api_listings_historical
2026-02-20,34762,DRX,DoctorX,4.9e-07,0.0,9196.84,coinmarketcap_data_api_listings_historical
2026-02-20,32038,FAST,Edge Video AI,0.00448868,0.0,9193.92,coinmarketcap_data_api_listings_historical
2026-02-20,7404,VALUE,Value Liquidity,0.01189943,0.0,9187.58,coinmarketcap_data_api_listings_historical
2026-02-20,6898,JFI,JackPool.finance,2.54302311,0.0,9183.0,coinmarketcap_data_api_listings_historical
2026-02-20,32165,OPN,OPEN Ticketing Ecosystem,4.117e-05,0.0,9182.4,coinmarketcap_data_api_listings_historical
2026-02-20,19599,AMAZINGTEAM,AmazingTeamDAO,0.7268208,0.0,9171.78,coinmarketcap_data_api_listings_historical
2026-02-20,29488,VIA,Octavia AI,0.00093034,0.0,9171.49,coinmarketcap_data_api_listings_historical
2026-02-20,3194,RATING,DPRating,0.00011403,0.0,9141.3,coinmarketcap_data_api_listings_historical
2026-02-20,34681,NEURO,NeuroWeb,0.00499008,0.0,9131.98,coinmarketcap_data_api_listings_historical
2026-02-20,38878,ATONE,AtomOne,0.32690105,0.0,9131.8,coinmarketcap_data_api_listings_historical
2026-02-20,17469,SINGLE,Single Finance,3.578e-05,0.0,9105.61,coinmarketcap_data_api_listings_historical
2026-02-20,32753,XNET,XNET Mobile,0.01494687,0.0,9105.05,coinmarketcap_data_api_listings_historical
2026-02-20,39463,DM,Dumb Money,3.455e-05,0.0,9092.99,coinmarketcap_data_api_listings_historical
2026-02-20,10714,BABI,Babylons,0.00022038,0.0,9078.26,coinmarketcap_data_api_listings_historical
2026-02-20,26599,MAJO,Majo,0.00213269,0.0,9074.19,coinmarketcap_data_api_listings_historical
2026-02-20,18280,B3X,Bnext Token,9.746e-05,0.0,9071.1,coinmarketcap_data_api_listings_historical
2026-02-20,35835,SWAN,Swan Chain,0.00042354,0.0,9070.04,coinmarketcap_data_api_listings_historical
2026-02-20,35518,DYOR,Do Your Own Research,6.597e-05,0.0,9060.14,coinmarketcap_data_api_listings_historical
2026-02-20,30990,CATGPT,CatGPT,6.008e-05,0.0,9058.07,coinmarketcap_data_api_listings_historical
2026-02-20,36252,AQA,AQA,0.00048854,0.0,9055.94,coinmarketcap_data_api_listings_historical
2026-02-20,11818,WAG,Waggle Network,0.00038252,0.0,9054.38,coinmarketcap_data_api_listings_historical
2026-02-20,22698,PINE,Pine,0.00180234,0.0,9038.82,coinmarketcap_data_api_listings_historical
2026-02-20,12312,NSDX,NASDEX,0.00399447,0.0,9032.21,coinmarketcap_data_api_listings_historical
2026-02-20,9504,NAOS,NAOS Finance,0.00134826,0.0,9017.16,coinmarketcap_data_api_listings_historical
2026-02-20,11794,FOREX,handleFOREX,0.00036376,0.0,8997.25,coinmarketcap_data_api_listings_historical
2026-02-20,32158,TRALA,TRALA,0.00012815,0.0,8984.0,coinmarketcap_data_api_listings_historical
2026-02-20,36480,AIX9,AthenaX9,0.00035336,0.0,8960.97,coinmarketcap_data_api_listings_historical
2026-02-20,23970,OVO,OVO,0.00047612,0.0,8945.46,coinmarketcap_data_api_listings_historical
2026-02-20,16100,CRF,Crafting Finance,0.00023281,0.0,8941.83,coinmarketcap_data_api_listings_historical
2026-02-20,10102,BSL,BankSocial,0.00070146,0.0,8934.13,coinmarketcap_data_api_listings_historical
2026-02-20,30226,$mfer,mfercoin,0.00076699,0.0,8927.52,coinmarketcap_data_api_listings_historical
2026-02-20,12957,GAN,Galactic Arena: The NFTverse,4.339e-05,0.0,8922.92,coinmarketcap_data_api_listings_historical
2026-02-20,18519,ASTRA,ASTRA,0.00040708,0.0,8915.67,coinmarketcap_data_api_listings_historical
2026-02-20,36406,CLND,Colend,0.01177548,0.0,8914.05,coinmarketcap_data_api_listings_historical
2026-02-20,15870,LOA,League of Ancients,0.00110184,0.0,8905.43,coinmarketcap_data_api_listings_historical
2026-02-20,19787,XRUN,XRUN,0.04808374,0.0,8902.97,coinmarketcap_data_api_listings_historical
2026-02-20,8310,DIS,TosDis,0.65764737,0.0,8898.18,coinmarketcap_data_api_listings_historical
2026-02-20,15312,MOOO,Hashtagger.com,0.01891273,0.0,8877.33,coinmarketcap_data_api_listings_historical
2026-02-20,11211,DXCT,DNAxCAT Token,0.01576395,0.0,8867.43,coinmarketcap_data_api_listings_historical
2026-02-20,33803,RECT,ReflectionAI,0.00033907,0.0,8862.7,coinmarketcap_data_api_listings_historical
2026-02-20,34355,HOMS,HOMSTOKEN,2.969e-05,0.0,8862.37,coinmarketcap_data_api_listings_historical
2026-02-20,9518,MEPAD,MemePad,0.00069015,0.0,8857.42,coinmarketcap_data_api_listings_historical
2026-02-20,6744,CHAIN,Chain Games,0.00496361,0.0,8833.95,coinmarketcap_data_api_listings_historical
2026-02-20,20303,ORT,XREATORS,0.00057518,0.0,8830.1,coinmarketcap_data_api_listings_historical
2026-02-20,34491,GO4,GameOnForge,0.1270312,0.0,8818.96,coinmarketcap_data_api_listings_historical
2026-02-20,22107,ZIX,Coinzix,1.291e-05,0.0,8817.3,coinmarketcap_data_api_listings_historical
2026-02-20,14515,MMPRO,MMPRO Token,0.00310249,0.0,8807.98,coinmarketcap_data_api_listings_historical
2026-02-20,30952,RFRM,Reform DAO,0.00392533,0.0,8805.34,coinmarketcap_data_api_listings_historical
2026-02-20,39581,ROU,Routine Coin,0.00095006,0.0,8792.56,coinmarketcap_data_api_listings_historical
2026-02-20,21416,LBLOCK,Lucky Block v2,8.69e-06,0.0,8783.9,coinmarketcap_data_api_listings_historical
2026-02-20,8056,UNN,UNION Protocol Governance Token,9.891e-05,0.0,8781.97,coinmarketcap_data_api_listings_historical
2026-02-20,36514,MAI,MuxyAI,4.663e-05,0.0,8731.98,coinmarketcap_data_api_listings_historical
2026-02-20,39579,BTC,Bitcoin Gold AI,0.000799,0.0,8729.79,coinmarketcap_data_api_listings_historical
2026-02-20,31576,NLK,NuLink,0.00015284,0.0,8725.77,coinmarketcap_data_api_listings_historical
2026-02-20,33463,HOLD,HoldCoin,5.91e-06,0.0,8712.72,coinmarketcap_data_api_listings_historical
2026-02-20,38688,USD1,UNITED STATES DRIP #1,0.97910078,0.0,8703.76,coinmarketcap_data_api_listings_historical
2026-02-20,36132,AFT,AIFlow,0.00034864,0.0,8700.24,coinmarketcap_data_api_listings_historical
2026-02-20,17480,PORTX,ChainPort,0.00035976,0.0,8684.94,coinmarketcap_data_api_listings_historical
2026-02-20,18323,MILO,Milo Inu,0.0,0.0,8682.17,coinmarketcap_data_api_listings_historical
2026-02-20,11670,FIWA,DeFi Warrior (FIWA),2.854e-05,0.0,8661.75,coinmarketcap_data_api_listings_historical
2026-02-20,6627,MTR,Meter Stable,0.35106514,0.0,8624.79,coinmarketcap_data_api_listings_historical
2026-02-20,10238,MIMATIC,MAI,0.99976528,0.0,8595.75,coinmarketcap_data_api_listings_historical
2026-02-20,24480,CARAT,Alaska Gold Rush,0.0002541,0.0,8594.3,coinmarketcap_data_api_listings_historical
2026-02-20,31077,Y8U,Y8U,0.0002696,0.0,8589.03,coinmarketcap_data_api_listings_historical
2026-02-20,15135,TFS,TFS Token,0.00245006,0.0,8563.73,coinmarketcap_data_api_listings_historical
2026-02-20,38184,MHRD,MacroHard,0.00010745,0.0,8542.22,coinmarketcap_data_api_listings_historical
2026-02-20,12609,SWAY,Sway Protocol,0.00052637,0.0,8539.33,coinmarketcap_data_api_listings_historical
2026-02-20,35486,GAMES,OrdzGames,0.02027221,0.0,8529.44,coinmarketcap_data_api_listings_historical
2026-02-20,35625,HQ,Metaverse HQ,4.137e-05,0.0,8523.81,coinmarketcap_data_api_listings_historical
2026-02-20,17955,ZEUM,Colizeum,0.00056078,0.0,8517.4,coinmarketcap_data_api_listings_historical
2026-02-20,2364,TCT,TokenClub,0.00060247,0.0,8485.81,coinmarketcap_data_api_listings_historical
2026-02-20,23253,TRG,The Rug Game,6e-08,0.0,8438.98,coinmarketcap_data_api_listings_historical
2026-02-20,29688,stAVAX,Hypha Staked AVAX,10.6149137,0.0,8405.23,coinmarketcap_data_api_listings_historical
2026-02-20,7257,APE,APEcoin.dev,0.11075754,0.0,8346.3,coinmarketcap_data_api_listings_historical
2026-02-20,9184,QTCC,Quick Transfer coin,0.00010697,0.0,8330.98,coinmarketcap_data_api_listings_historical
2026-02-20,31967,$WATER,WATER,2.517e-05,0.0,8328.15,coinmarketcap_data_api_listings_historical
2026-02-20,6245,SG,SocialGood,9.762e-05,0.0,8296.51,coinmarketcap_data_api_listings_historical
2026-02-20,36392,AID,AID,4.36147817,0.0,8286.96,coinmarketcap_data_api_listings_historical
2026-02-20,24876,SSE,Soroosh Smart Ecosystem,0.00020292,0.0,8230.04,coinmarketcap_data_api_listings_historical
2026-02-20,10264,IONX,Charged Particles,0.00081145,0.0,8171.62,coinmarketcap_data_api_listings_historical
2026-02-20,12329,DBX,DBX,1.37e-06,0.0,8168.11,coinmarketcap_data_api_listings_historical
2026-02-20,29551,EVR,Evernode,0.128031,0.0,8138.28,coinmarketcap_data_api_listings_historical
2026-02-20,25015,FRTC,FART COIN,1.5e-07,0.0,8129.66,coinmarketcap_data_api_listings_historical
2026-02-20,18732,ALOT,Dexalot,0.04555421,0.0,8042.62,coinmarketcap_data_api_listings_historical
2026-02-20,23888,USDGLO,Glo Dollar,0.99722304,0.0,8024.61,coinmarketcap_data_api_listings_historical
2026-02-20,39530,RAILS,Rails,0.25434425,0.0,8014.1,coinmarketcap_data_api_listings_historical
2026-02-20,35318,WIRE,717ai by Virtuals,0.00165717,0.0,7997.32,coinmarketcap_data_api_listings_historical
2026-02-20,38567,CAPY,capybara,8e-08,0.0,7980.75,coinmarketcap_data_api_listings_historical
2026-02-20,36495,GOONC,gooncoin,3.094e-05,0.0,7916.97,coinmarketcap_data_api_listings_historical
2026-02-20,37727,KURT,Kurt,5.368e-05,0.0,7860.92,coinmarketcap_data_api_listings_historical
2026-02-20,31946,$CHIDO,Chinese Doge Wow,0.0003311,0.0,7765.38,coinmarketcap_data_api_listings_historical
2026-02-20,34281,XSAT,exSat Network,0.53627225,0.0,7725.28,coinmarketcap_data_api_listings_historical
2026-02-20,19116,SEBA,Seba,0.00072278,0.0,7658.5,coinmarketcap_data_api_listings_historical
2026-02-20,30282,O4DX,OrangeDX,0.00039989,0.0,7594.6,coinmarketcap_data_api_listings_historical
2026-02-20,37407,YNUSDX,ynUSD Max,1.04675101,0.0,7563.11,coinmarketcap_data_api_listings_historical
2026-02-20,35513,SNAKT,Sna-King Trump,5.75e-05,0.0,7536.2,coinmarketcap_data_api_listings_historical
2026-02-20,16279,CNG,Changer,0.00406699,0.0,7509.15,coinmarketcap_data_api_listings_historical
2026-02-20,31329,PEPI,PEPi,9.44961026,0.0,7471.9,coinmarketcap_data_api_listings_historical
2026-02-20,8798,RAM,Ramifi Protocol,0.02540026,0.0,7454.91,coinmarketcap_data_api_listings_historical
2026-02-20,33905,SP,Spintria,0.00340642,0.0,7446.02,coinmarketcap_data_api_listings_historical
2026-02-20,23036,LCRO,Liquid CRO,0.09837783,0.0,7442.15,coinmarketcap_data_api_listings_historical
2026-02-20,34961,OMG,Oil Meta Games,26.07254898,0.0,7437.67,coinmarketcap_data_api_listings_historical
2026-02-20,38995,HPP,House Party Protocol,0.03003625,0.0,7405.84,coinmarketcap_data_api_listings_historical
2026-02-20,30543,ALB,Alien Base,0.00717197,0.0,7294.4,coinmarketcap_data_api_listings_historical
2026-02-20,32995,BOBER,BOBER,6.715e-05,0.0,7256.43,coinmarketcap_data_api_listings_historical
2026-02-20,21672,HGG,Hedera Guild Game,0.00014411,0.0,7254.94,coinmarketcap_data_api_listings_historical
2026-02-20,29088,HARAMBE,Harambe on Solana,0.00087321,0.0,7236.68,coinmarketcap_data_api_listings_historical
2026-02-20,28152,GEMSTON,GEMSTON,0.05568828,0.0,7223.7,coinmarketcap_data_api_listings_historical
2026-02-20,32660,OC,Oxchange Finance,0.17574226,0.0,7178.81,coinmarketcap_data_api_listings_historical
2026-02-20,18210,KBD,Kyberdyne,5.973e-05,0.0,7010.74,coinmarketcap_data_api_listings_historical
2026-02-20,35984,SRN,SILVERNOVA,0.04724416,0.0,7008.16,coinmarketcap_data_api_listings_historical
2026-02-20,36070,GRAB,GRABWAY,0.00652701,0.0,6998.81,coinmarketcap_data_api_listings_historical
2026-02-20,32709,UWU,Unicorn,4.94e-05,0.0,6903.5,coinmarketcap_data_api_listings_historical
2026-02-20,10999,TKG,Takamaka,1.30969795,0.0,6886.51,coinmarketcap_data_api_listings_historical
2026-02-20,11260,sICX,Staked ICX,0.05466625,0.0,6780.48,coinmarketcap_data_api_listings_historical
2026-02-20,26135,AMC,AI Meta Club,0.04807153,0.0,6666.72,coinmarketcap_data_api_listings_historical
2026-02-20,36751,WSOPH,Wrapped SOPH,0.0094125,0.0,6660.15,coinmarketcap_data_api_listings_historical
2026-02-20,24450,UCON,YouCoin,2.47686918,0.0,6578.31,coinmarketcap_data_api_listings_historical
2026-02-20,33447,SQUID,Squid Game (CTO),0.00204236,0.0,6555.27,coinmarketcap_data_api_listings_historical
2026-02-20,29323,KEKEC,THE BALKAN DWARF,3.572e-05,0.0,6443.29,coinmarketcap_data_api_listings_historical
2026-02-20,38645,NYAN,Nyan Cat (nyancoin.io),0.00015555,0.0,6398.14,coinmarketcap_data_api_listings_historical
2026-02-20,13827,SPE,SavePlanetEarth,0.00254888,0.0,6386.76,coinmarketcap_data_api_listings_historical
2026-02-20,39554,ALOKA,ALOKA,0.00064569,0.0,6370.41,coinmarketcap_data_api_listings_historical
2026-02-20,23315,HILO,HILO,0.01032528,0.0,6280.08,coinmarketcap_data_api_listings_historical
2026-02-20,16162,SFM,SafeMoon V2,3.26e-06,0.0,6242.37,coinmarketcap_data_api_listings_historical
2026-02-20,38656,WAGMI,WAGMI,0.00051639,0.0,6187.97,coinmarketcap_data_api_listings_historical
2026-02-20,26873,CORGIAI,CorgiAI,4.048e-05,0.0,6123.78,coinmarketcap_data_api_listings_historical
2026-02-20,24817,GTAN,GIANT,0.0,0.0,6085.82,coinmarketcap_data_api_listings_historical
2026-02-20,34699,AIP,Pett.AI,0.00014855,0.0,6056.32,coinmarketcap_data_api_listings_historical
2026-02-20,31647,BTCB,Bitcoin on Base,0.10823048,0.0,5880.19,coinmarketcap_data_api_listings_historical
2026-02-20,36272,OVER,Overtime,0.13523043,0.0,5878.69,coinmarketcap_data_api_listings_historical
2026-02-20,37981,BABYETH,Baby Ethereum,2.389e-05,0.0,5813.4,coinmarketcap_data_api_listings_historical
2026-02-20,38989,GTC,GLOBAL TOUR CLUB,0.19214625,0.0,5798.22,coinmarketcap_data_api_listings_historical
2026-02-20,31782,LFIT,LFIT,0.48256159,0.0,5661.48,coinmarketcap_data_api_listings_historical
2026-02-20,17301,DIGau,Dignity Gold,0.68699097,0.0,5656.01,coinmarketcap_data_api_listings_historical
2026-02-20,29517,LUSH,Lush AI,0.00033316,0.0,5627.11,coinmarketcap_data_api_listings_historical
2026-02-20,36818,MOOLAH,Moolah,0.00239902,0.0,5558.17,coinmarketcap_data_api_listings_historical
2026-02-20,31509,CHOMP,ChompCoin,0.00493404,0.0,5548.56,coinmarketcap_data_api_listings_historical
2026-02-20,34844,ARMY,XRP ARMY,0.0048308,0.0,5512.4,coinmarketcap_data_api_listings_historical
2026-02-20,38866,SDX,StakeFundex,4.97345135,0.0,5463.71,coinmarketcap_data_api_listings_historical
2026-02-20,34814,FARTCOIN,Based Fartcoin,1.076e-05,0.0,5430.66,coinmarketcap_data_api_listings_historical
2026-02-20,30657,TOBY,toby,1e-08,0.0,5255.03,coinmarketcap_data_api_listings_historical
2026-02-20,36633,NIANNIAN,NianNian,0.00076304,0.0,5232.9,coinmarketcap_data_api_listings_historical
2026-02-20,29770,SMH,Spacemesh,0.00110166,0.0,5227.24,coinmarketcap_data_api_listings_historical
2026-02-20,39109,XNT,Neptune,0.63976604,0.0,5208.14,coinmarketcap_data_api_listings_historical
2026-02-20,39578,MONSTRO,Monstro DeFi,0.02308125,0.0,5152.3,coinmarketcap_data_api_listings_historical
2026-02-20,32309,BRETTA,Bretta (Brett’s Wife),0.00013843,0.0,5134.72,coinmarketcap_data_api_listings_historical
2026-02-20,28364,ETF,ETF,0.0,0.0,5128.89,coinmarketcap_data_api_listings_historical
2026-02-20,7558,DOC,Dollar on Chain,1.00210161,0.0,5115.11,coinmarketcap_data_api_listings_historical
2026-02-20,29630,TATSU,Taτsu,0.82969658,0.0,5115.09,coinmarketcap_data_api_listings_historical
2026-02-20,38870,8LNDS,8lends,0.01309407,0.0,5102.24,coinmarketcap_data_api_listings_historical
2026-02-20,39139,BAP3X,Based Apex Token,0.01956007,0.0,5090.87,coinmarketcap_data_api_listings_historical
2026-02-20,34949,COW,COW,0.0056756,0.0,5082.29,coinmarketcap_data_api_listings_historical
2026-02-20,33296,MOO,Moo Token,0.00042837,0.0,5049.85,coinmarketcap_data_api_listings_historical
2026-02-20,18897,THT,Thought,0.01284609,0.0,4999.67,coinmarketcap_data_api_listings_historical
2026-02-20,37502,FTC,Futurex,0.01089582,0.0,4970.52,coinmarketcap_data_api_listings_historical
2026-02-20,31741,ICS,ICPSwap Token,0.00263268,0.0,4965.9,coinmarketcap_data_api_listings_historical
2026-02-20,39326,PEPENODE,PEPENODE,0.00011559,0.0,4935.31,coinmarketcap_data_api_listings_historical
2026-02-20,36526,RESCUE,Project Rescue,0.04998084,0.0,4928.12,coinmarketcap_data_api_listings_historical
2026-02-20,16842,STARS,Stargaze,0.00023877,0.0,4916.77,coinmarketcap_data_api_listings_historical
2026-02-20,29704,GRAM,Gram,0.0022463,0.0,4888.16,coinmarketcap_data_api_listings_historical
2026-02-20,34896,LOKY,Loky AI,0.00030087,0.0,4826.42,coinmarketcap_data_api_listings_historical
2026-02-20,39197,SENT,Sentinel (sentinelxo),0.00018382,0.0,4760.8,coinmarketcap_data_api_listings_historical
2026-02-20,39039,TCT,Tectum Cash Token,0.00309497,0.0,4750.67,coinmarketcap_data_api_listings_historical
2026-02-20,38944,RAI,RAI Token,86.94843852,0.0,4738.28,coinmarketcap_data_api_listings_historical
2026-02-20,39004,EDGEAI,EdgeAI,2.36196653,0.0,4734.23,coinmarketcap_data_api_listings_historical
2026-02-20,30787,BIRDDOG,Bird Dog,7.3e-07,0.0,4731.66,coinmarketcap_data_api_listings_historical
2026-02-20,16219,FBX,FireBot,0.23201632,0.0,4720.8,coinmarketcap_data_api_listings_historical
2026-02-20,29229,PROS,Prospective,0.02394404,0.0,4715.71,coinmarketcap_data_api_listings_historical
2026-02-20,31988,RNT,Reental,0.16632299,0.0,4702.4,coinmarketcap_data_api_listings_historical
2026-02-20,32044,MICHI,Michi,0.00159097,0.0,4699.29,coinmarketcap_data_api_listings_historical
2026-02-20,36141,POLLEN,Beraborrow,0.00116809,0.0,4694.33,coinmarketcap_data_api_listings_historical
2026-02-20,13672,BSX,Basilisk,1.545e-05,0.0,4688.1,coinmarketcap_data_api_listings_historical
2026-02-20,24370,ERN,Ethos Reserve Note,0.04248305,0.0,4684.77,coinmarketcap_data_api_listings_historical
2026-02-20,2496,POLY,Polymath,0.04513976,0.0,4620.52,coinmarketcap_data_api_listings_historical
2026-02-20,38924,CPT,Empulser,0.12586974,0.0,4585.38,coinmarketcap_data_api_listings_historical
2026-02-20,20536,STR,Sourceless,0.00615769,0.0,4577.97,coinmarketcap_data_api_listings_historical
2026-02-20,32681,FNS,FAUNUS,0.00080369,0.0,4569.22,coinmarketcap_data_api_listings_historical
2026-02-20,29627,BLACKDRAGON,Black Dragon,0.0,0.0,4486.75,coinmarketcap_data_api_listings_historical
2026-02-20,33974,AAX,Academic Labs,0.00012986,0.0,4454.04,coinmarketcap_data_api_listings_historical
2026-02-20,29354,SPONGE,SPONGE,3.62e-06,0.0,4420.71,coinmarketcap_data_api_listings_historical
2026-02-20,31145,SOURCE,Source,0.00034889,0.0,4375.91,coinmarketcap_data_api_listings_historical
2026-02-20,37370,SMT,SmartMall,0.18718948,0.0,4371.99,coinmarketcap_data_api_listings_historical
2026-02-20,27220,NIX,NIX,0.00688991,0.0,4361.64,coinmarketcap_data_api_listings_historical
2026-02-20,31424,EVR,Evrmore,4.879e-05,0.0,4355.76,coinmarketcap_data_api_listings_historical
2026-02-20,29660,AAST,AASToken,0.00163179,0.0,4345.38,coinmarketcap_data_api_listings_historical
2026-02-20,4105,XCM,Coinmetro Token,0.05045301,0.0,4313.99,coinmarketcap_data_api_listings_historical
2026-02-20,33736,DOGE,Department of Gov Efficiency (deptofgovtefficiency.com),0.01357245,0.0,4308.53,coinmarketcap_data_api_listings_historical
2026-02-20,4256,KLAY,Klaytn,0.05678075,0.0,4305.35,coinmarketcap_data_api_listings_historical
2026-02-20,38615,BELG,Belgian Malinois,0.24064681,0.0,4291.12,coinmarketcap_data_api_listings_historical
2026-02-20,7719,XKR,Kryptokrona,0.00041102,0.0,4276.24,coinmarketcap_data_api_listings_historical
2026-02-20,39524,UERC,UERC (formerly BINOVA),1.16955766,0.0,4275.76,coinmarketcap_data_api_listings_historical
2026-02-20,24840,TKC,The Kingdom Coin,0.01174896,0.0,4275.53,coinmarketcap_data_api_listings_historical
2026-02-20,39328,GNK,Gonka,0.96964541,0.0,4262.03,coinmarketcap_data_api_listings_historical
2026-02-20,21045,NEOX,Neoxa,4.258e-05,0.0,4208.17,coinmarketcap_data_api_listings_historical
2026-02-20,9070,CFXQ,CFX Quantum,0.00110499,0.0,4104.5,coinmarketcap_data_api_listings_historical
2026-02-20,27771,X,CruxDecussata,0.04104218,0.0,4093.36,coinmarketcap_data_api_listings_historical
2026-02-20,12306,RTM,Raptoreum,0.00010359,0.0,4017.4,coinmarketcap_data_api_listings_historical
2026-02-20,22276,HALO,HALO COIN,1.128e-05,0.0,3986.33,coinmarketcap_data_api_listings_historical
2026-02-20,28545,XAH,Xahau,0.01661191,0.0,3950.66,coinmarketcap_data_api_listings_historical
2026-02-20,23502,FCTR,Factor,0.02470527,0.0,3945.17,coinmarketcap_data_api_listings_historical
2026-02-20,14271,GM,GM Wagmi,0.00079975,0.0,3939.67,coinmarketcap_data_api_listings_historical
2026-02-20,39029,BIT,Bitdealer,0.0006124,0.0,3893.63,coinmarketcap_data_api_listings_historical
2026-02-20,2535,EDGE,Edge,0.05586376,0.0,3887.35,coinmarketcap_data_api_listings_historical
2026-02-20,29324,CHONKY,CHONKY,8e-08,0.0,3863.92,coinmarketcap_data_api_listings_historical
2026-02-20,38906,SBTC,sBTC,68004.42186126,0.0,3848.99,coinmarketcap_data_api_listings_historical
2026-02-20,38528,AEA,AlphaExchangeAI,1.963e-05,0.0,3806.61,coinmarketcap_data_api_listings_historical
2026-02-20,15354,OPENX,OpenSwap Optimism Token,0.01217114,0.0,3784.38,coinmarketcap_data_api_listings_historical
2026-02-20,8267,OKT,OKT Chain,4.95979086,0.0,3700.01,coinmarketcap_data_api_listings_historical
2026-02-20,34346,HEEHEE,HeeeHeee,0.00037068,0.0,3672.66,coinmarketcap_data_api_listings_historical
2026-02-20,22730,MIA,MiaSwap,0.00182423,0.0,3672.54,coinmarketcap_data_api_listings_historical
2026-02-20,10929,ZPAY,ZoidPay,0.00445923,0.0,3672.45,coinmarketcap_data_api_listings_historical
2026-02-20,36847,COPPER,$COPPER,0.0,0.0,3650.25,coinmarketcap_data_api_listings_historical
2026-02-20,29584,MYTH,Mystic Land Coin,0.05008476,0.0,3582.51,coinmarketcap_data_api_listings_historical
2026-02-20,24896,KVAI,Kvants AI,0.0084302,0.0,3575.81,coinmarketcap_data_api_listings_historical
2026-02-20,20014,KRD,Krypton DAO,0.00059302,0.0,3547.67,coinmarketcap_data_api_listings_historical
2026-02-20,31616,PEPE,Pepe,0.00027211,0.0,3469.28,coinmarketcap_data_api_listings_historical
2026-02-20,39060,TT,TT Chain,307.80797911,0.0,3468.67,coinmarketcap_data_api_listings_historical
2026-02-20,30969,RUNECOIN,RSIC•GENESIS•RUNE,5.283e-05,0.0,3438.53,coinmarketcap_data_api_listings_historical
2026-02-20,39106,BC400,Bitcoin Cultivator 400,8.024e-05,0.0,3426.81,coinmarketcap_data_api_listings_historical
2026-02-20,118,RDD,ReddCoin,5.159e-05,0.0,3420.74,coinmarketcap_data_api_listings_historical
2026-02-20,28449,AIA,AIA Chain,0.00162351,0.0,3398.72,coinmarketcap_data_api_listings_historical
2026-02-20,29741,SOLNIC,Solnic,0.00169265,0.0,3391.14,coinmarketcap_data_api_listings_historical
2026-02-20,37241,QKITTY,Queen Kitty,7.494e-05,0.0,3378.07,coinmarketcap_data_api_listings_historical
2026-02-20,33240,SEIYAN,Seiyan Token,0.00037724,0.0,3377.07,coinmarketcap_data_api_listings_historical
2026-02-20,34268,GLDT,GLDT,1.29454564,0.0,3316.71,coinmarketcap_data_api_listings_historical
2026-02-20,21917,PIX,Pixie,4.69e-06,0.0,3316.0,coinmarketcap_data_api_listings_historical
2026-02-20,24790,HSUITE,HubSuite,0.00013598,0.0,3308.28,coinmarketcap_data_api_listings_historical
2026-02-20,36015,WIN,WinX.io,1.249e-05,0.0,3290.77,coinmarketcap_data_api_listings_historical
2026-02-20,33006,FAH,Falcons,1.35773603,0.0,3275.47,coinmarketcap_data_api_listings_historical
2026-02-20,10585,TFI,TrustFi Network,0.00326055,0.0,3224.41,coinmarketcap_data_api_listings_historical
2026-02-20,35348,UTHR,Utherverse Xaeon,0.03597867,0.0,3206.12,coinmarketcap_data_api_listings_historical
2026-02-20,35770,PIAI,Pi Network AI,0.0,0.0,3204.2,coinmarketcap_data_api_listings_historical
2026-02-20,34565,KENSEI,Kensei,2.066e-05,0.0,3190.87,coinmarketcap_data_api_listings_historical
2026-02-20,34385,YBR,YieldBricks,0.00032408,0.0,3125.86,coinmarketcap_data_api_listings_historical
2026-02-20,36728,HAC,Hacash,0.27939267,0.0,3107.04,coinmarketcap_data_api_listings_historical
2026-02-20,38886,KITKAT,Remember KitKat,4.817e-05,0.0,3085.65,coinmarketcap_data_api_listings_historical
2026-02-20,25261,JKL,Jackal Protocol,0.00560442,0.0,3082.86,coinmarketcap_data_api_listings_historical
2026-02-20,32004,TAL,Talentum,244.02574913,0.0,3067.11,coinmarketcap_data_api_listings_historical
2026-02-20,5781,CBP,CashBackPro,0.00912156,0.0,3055.15,coinmarketcap_data_api_listings_historical
2026-02-20,17914,NEXM,Nexum,0.00709937,0.0,2999.14,coinmarketcap_data_api_listings_historical
2026-02-20,27235,OUT,Outter Finance,1.491e-05,0.0,2986.88,coinmarketcap_data_api_listings_historical
2026-02-20,35711,WIP,Wrapped Story,1.12304359,0.0,2948.2,coinmarketcap_data_api_listings_historical
2026-02-20,33323,CATS,Cats (catshouse.live),1.5e-07,0.0,2942.18,coinmarketcap_data_api_listings_historical
2026-02-20,3022,ZMN,ZMINE,0.00691784,0.0,2935.2,coinmarketcap_data_api_listings_historical
2026-02-20,27585,ASEED,Acala,0.05963253,0.0,2924.08,coinmarketcap_data_api_listings_historical
2026-02-20,24882,4CHAN,4-CHAN,0.0,0.0,2912.49,coinmarketcap_data_api_listings_historical
2026-02-20,35303,$SYMP,Sympson AI,0.00016708,0.0,2911.96,coinmarketcap_data_api_listings_historical
2026-02-20,36381,ALF,ALF Token,1e-08,0.0,2891.1,coinmarketcap_data_api_listings_historical
2026-02-20,16010,SILO,Silo Finance,0.00329669,0.0,2874.89,coinmarketcap_data_api_listings_historical
2026-02-20,36597,SAVVA,SAVVA,0.00357386,0.0,2851.1,coinmarketcap_data_api_listings_historical
2026-02-20,36339,VGBP,VNX British Pound,1.33789905,0.0,2805.17,coinmarketcap_data_api_listings_historical
2026-02-20,38199,BAG,Bag on Bonk,0.00050518,0.0,2803.41,coinmarketcap_data_api_listings_historical
2026-02-20,22983,CROID,Cronos ID,0.00859723,0.0,2791.34,coinmarketcap_data_api_listings_historical
2026-02-20,14299,JUNO,JUNO,0.02890279,0.0,2784.61,coinmarketcap_data_api_listings_historical
2026-02-20,38599,TRASH,TRASH COIN,0.00021231,0.0,2735.62,coinmarketcap_data_api_listings_historical
2026-02-20,34979,DICKBUTT,Dickbutt,5.75e-06,0.0,2721.37,coinmarketcap_data_api_listings_historical
2026-02-20,19550,USDH,USDH,0.99715362,0.0,2704.69,coinmarketcap_data_api_listings_historical
2026-02-20,16983,mCUSD,Moola Celo USD,1.02362016,0.0,2674.38,coinmarketcap_data_api_listings_historical
2026-02-20,29430,SHIB,Shibwifhat,0.00042765,0.0,2672.69,coinmarketcap_data_api_listings_historical
2026-02-20,27603,EXTRA,Extra Finance,0.00756353,0.0,2662.42,coinmarketcap_data_api_listings_historical
2026-02-20,2490,CXO,CargoX,0.15452301,0.0,2648.14,coinmarketcap_data_api_listings_historical
2026-02-20,23371,WOOF,WoofWork.io,9.3e-06,0.0,2631.64,coinmarketcap_data_api_listings_historical
2026-02-20,24642,ATHX,Athena DexFi,0.00963648,0.0,2618.71,coinmarketcap_data_api_listings_historical
2026-02-20,1382,NLC,NoLimitCoin,0.00091349,0.0,2574.43,coinmarketcap_data_api_listings_historical
2026-02-20,19034,SPACEPI,SpacePi,0.0,0.0,2565.44,coinmarketcap_data_api_listings_historical
2026-02-20,35758,TIT,TITAN,0.00838445,0.0,2545.31,coinmarketcap_data_api_listings_historical
2026-02-20,31056,FRIEND,Friend.tech,0.04021817,0.0,2492.92,coinmarketcap_data_api_listings_historical
2026-02-20,37347,USDC.A,USDC.a Bridged ART20,1.01058949,0.0,2436.3,coinmarketcap_data_api_listings_historical
2026-02-20,38737,POFU,Pofu,9.294e-05,0.0,2408.44,coinmarketcap_data_api_listings_historical
2026-02-20,38396,ABSTER,Abster,0.00270669,0.0,2399.64,coinmarketcap_data_api_listings_historical
2026-02-20,22321,ASH,AshSwap,0.00053382,0.0,2360.04,coinmarketcap_data_api_listings_historical
2026-02-20,31251,DECENTRALIZED,DECENTRALIZED (Runes),1.165e-05,0.0,2348.48,coinmarketcap_data_api_listings_historical
2026-02-20,19483,ESG,ESG,0.00555087,0.0,2335.47,coinmarketcap_data_api_listings_historical
2026-02-20,34963,WMC,Wrapped MistCoin,1.32397795,0.0,2319.76,coinmarketcap_data_api_listings_historical
2026-02-20,36615,BTC2,Bitcoin 2.0,0.00128247,0.0,2280.95,coinmarketcap_data_api_listings_historical
2026-02-20,16357,TRYC,TRYC,0.02283367,0.0,2277.76,coinmarketcap_data_api_listings_historical
2026-02-20,34625,PIP,PiP (Hyperliquid),1.66527493,0.0,2203.75,coinmarketcap_data_api_listings_historical
2026-02-20,23374,ASTRO,Astroport,0.00120055,0.0,2203.55,coinmarketcap_data_api_listings_historical
2026-02-20,39430,EICOIN,EICOIN,0.00525021,0.0,2181.84,coinmarketcap_data_api_listings_historical
2026-02-20,21071,KSN,KISSAN,0.02053279,0.0,2167.76,coinmarketcap_data_api_listings_historical
2026-02-20,38113,V,VaultRAM,2.008e-05,0.0,2156.37,coinmarketcap_data_api_listings_historical
2026-02-20,13141,AKTIO,Vancelian,0.10959835,0.0,2153.7,coinmarketcap_data_api_listings_historical
2026-02-20,29091,TONNEL,TONNEL Network,0.61821549,0.0,2146.99,coinmarketcap_data_api_listings_historical
2026-02-20,33898,KONG,KongSwap,0.00191818,0.0,2142.56,coinmarketcap_data_api_listings_historical
2026-02-20,38375,COPE,Cope,0.00010429,0.0,2142.45,coinmarketcap_data_api_listings_historical
2026-02-20,5802,XOR,SORA,0.0,0.0,2138.08,coinmarketcap_data_api_listings_historical
2026-02-20,35912,FINVESTA,Finvesta,2.3167173,0.0,2127.6,coinmarketcap_data_api_listings_historical
2026-02-20,34727,BRO,Neurobro,0.00087224,0.0,2109.33,coinmarketcap_data_api_listings_historical
2026-02-20,3156,ABL,Airbloc,8.142e-05,0.0,2105.84,coinmarketcap_data_api_listings_historical
2026-02-20,36414,CANDLE,Candle TV,2.35e-05,0.0,2091.21,coinmarketcap_data_api_listings_historical
2026-02-20,37660,DAN,Dannycoin,0.00111315,0.0,2082.62,coinmarketcap_data_api_listings_historical
2026-02-20,31813,NFM,NFMart,2.1e-07,0.0,2069.98,coinmarketcap_data_api_listings_historical
2026-02-20,38792,BIGW,BigWater,0.00041258,0.0,2065.45,coinmarketcap_data_api_listings_historical
2026-02-20,23076,LKT,Lux King Tech,77.28166141,0.0,2032.6,coinmarketcap_data_api_listings_historical
2026-02-20,30117,FISH,TON FISH MEMECOIN,0.0,0.0,2015.21,coinmarketcap_data_api_listings_historical
2026-02-20,36399,TOKERO,TOKERO,0.00257326,0.0,1968.41,coinmarketcap_data_api_listings_historical
2026-02-20,1505,ALIAS,ALIAS,0.04827777,0.0,1964.89,coinmarketcap_data_api_listings_historical
2026-02-20,29051,FUD,FUD,1e-08,0.0,1894.79,coinmarketcap_data_api_listings_historical
2026-02-20,32505,XROCK,xRocket,0.01196632,0.0,1879.96,coinmarketcap_data_api_listings_historical
2026-02-20,28428,SOH,Stohn Coin,0.00936254,0.0,1874.5,coinmarketcap_data_api_listings_historical
2026-02-20,12209,AIR,Altair,0.00098969,0.0,1860.06,coinmarketcap_data_api_listings_historical
2026-02-20,36311,ARI,ARI,0.00035516,0.0,1848.22,coinmarketcap_data_api_listings_historical
2026-02-20,39374,PREDIC,PredicTools,3.309e-05,0.0,1842.08,coinmarketcap_data_api_listings_historical
2026-02-20,33990,DEGOD,DEGOD,0.00021265,0.0,1831.04,coinmarketcap_data_api_listings_historical
2026-02-20,16168,NITRO,Nitro League,9.149e-05,0.0,1800.74,coinmarketcap_data_api_listings_historical
2026-02-20,38824,TXT,Tx24,0.00207692,0.0,1784.86,coinmarketcap_data_api_listings_historical
2026-02-20,34452,GET,Get AI,0.06221819,0.0,1777.43,coinmarketcap_data_api_listings_historical
2026-02-20,16209,OHM,Olympus v1,99.78894041,0.0,1739.42,coinmarketcap_data_api_listings_historical
2026-02-20,8537,CAN,Channels,0.00028869,0.0,1723.22,coinmarketcap_data_api_listings_historical
2026-02-20,38933,CHARLIE,Charlie,5.33e-06,0.0,1717.84,coinmarketcap_data_api_listings_historical
2026-02-20,38379,0XY,0xy,0.01814094,0.0,1714.87,coinmarketcap_data_api_listings_historical
2026-02-20,19413,FGD,Freedom God Dao,0.08908767,0.0,1714.03,coinmarketcap_data_api_listings_historical
2026-02-20,20293,LAND,Outlanders,0.00016067,0.0,1689.4,coinmarketcap_data_api_listings_historical
2026-02-20,34936,SHIFU,Shifu,3.7e-06,0.0,1677.24,coinmarketcap_data_api_listings_historical
2026-02-20,30406,AABL,Abble,4.391e-05,0.0,1644.59,coinmarketcap_data_api_listings_historical
2026-02-20,6961,G$,GoodDollar,0.00011134,0.0,1643.14,coinmarketcap_data_api_listings_historical
2026-02-20,30453,ANDY,Andy (Base),0.00064756,0.0,1640.43,coinmarketcap_data_api_listings_historical
2026-02-20,30760,NAI,Nuklai,0.00017028,0.0,1630.83,coinmarketcap_data_api_listings_historical
2026-02-20,39557,CMR,U.S Critical Mineral Reserve,6.84e-06,0.0,1620.55,coinmarketcap_data_api_listings_historical
2026-02-20,37319,DEGE,DegeCoin,6.303e-05,0.0,1611.59,coinmarketcap_data_api_listings_historical
2026-02-20,35391,PEPO,PEPO,0.00026458,0.0,1594.0,coinmarketcap_data_api_listings_historical
2026-02-20,39427,XOGE,Xoge,0.0,0.0,1573.33,coinmarketcap_data_api_listings_historical
2026-02-20,36503,FITCOIN,Fitted,2.342e-05,0.0,1569.79,coinmarketcap_data_api_listings_historical
2026-02-20,38658,TWC,TIWICAT,0.0,0.0,1568.36,coinmarketcap_data_api_listings_historical
2026-02-20,34178,TYPUS,Typus,0.00045889,0.0,1561.64,coinmarketcap_data_api_listings_historical
2026-02-20,36081,CTH,Changcoin,6.44561546,0.0,1533.58,coinmarketcap_data_api_listings_historical
2026-02-20,33664,$DICE,Mega Dice Casino,0.00085535,0.0,1532.13,coinmarketcap_data_api_listings_historical
2026-02-20,36321,$GOLD,$GOLD,0.0,0.0,1530.66,coinmarketcap_data_api_listings_historical
2026-02-20,7760,SC,Swiss Capital,1.08991017,0.0,1494.63,coinmarketcap_data_api_listings_historical
2026-02-20,16727,X,X,1.407e-05,0.0,1478.62,coinmarketcap_data_api_listings_historical
2026-02-20,23931,DOGECUBE,DOGECUBE,2.2e-06,0.0,1470.03,coinmarketcap_data_api_listings_historical
2026-02-20,26152,ETPOS,EtherPOS,0.08910085,0.0,1458.65,coinmarketcap_data_api_listings_historical
2026-02-20,8905,BTSG,BitSong,0.00124299,0.0,1448.53,coinmarketcap_data_api_listings_historical
2026-02-20,38802,DPN,DPIN,3.63837825,0.0,1444.95,coinmarketcap_data_api_listings_historical
2026-02-20,30749,LBM,Libertum,0.00213463,0.0,1428.68,coinmarketcap_data_api_listings_historical
2026-02-20,35832,OI,O Intelligence Coin,9341091.82102722,0.0,1424.92,coinmarketcap_data_api_listings_historical
2026-02-20,39478,HOOD,Robinhood Markets (Derivatives),76.42584957,0.0,1408.77,coinmarketcap_data_api_listings_historical
2026-02-20,37703,FM,Moonlander,0.0048867,0.0,1391.39,coinmarketcap_data_api_listings_historical
2026-02-20,36637,FLIGHT,Flight Coin,5e-07,0.0,1381.3,coinmarketcap_data_api_listings_historical
2026-02-20,38764,WERC,WERC,1.16944698,0.0,1379.82,coinmarketcap_data_api_listings_historical
2026-02-20,18761,LOOP,Loop Network,0.00664781,0.0,1374.31,coinmarketcap_data_api_listings_historical
2026-02-20,12229,DOGEGF,DogeGF,0.0,0.0,1354.55,coinmarketcap_data_api_listings_historical
2026-02-20,35132,POM,POM,0.00094435,0.0,1354.12,coinmarketcap_data_api_listings_historical
2026-02-20,38592,SGI,SmartGolfToken,1.08928245,0.0,1346.27,coinmarketcap_data_api_listings_historical
2026-02-20,24526,WBESC,Wrapped BESC,1.23159528,0.0,1336.38,coinmarketcap_data_api_listings_historical
2026-02-20,5049,VRSC,Verus,0.77971486,0.0,1325.67,coinmarketcap_data_api_listings_historical
2026-02-20,25736,PAYU,Platform of meme coins,0.0,0.0,1312.21,coinmarketcap_data_api_listings_historical
2026-02-20,29876,KUNAI,KunaiKash,0.00929728,0.0,1292.22,coinmarketcap_data_api_listings_historical
2026-02-20,36447,CIK,Christ is King,1.9e-07,0.0,1290.59,coinmarketcap_data_api_listings_historical
2026-02-20,36176,EVA,EVA AI,0.00417303,0.0,1289.97,coinmarketcap_data_api_listings_historical
2026-02-20,39536,DANKDOGEAI,DankDoge AI Agent,0.0,0.0,1275.14,coinmarketcap_data_api_listings_historical
2026-02-20,29687,BODEN,Jeo Boden,0.00078789,0.0,1274.93,coinmarketcap_data_api_listings_historical
2026-02-20,35960,SHDX,Shido DEX,3.737e-05,0.0,1264.16,coinmarketcap_data_api_listings_historical
2026-02-20,34602,JAV,Javsphere,0.00033296,0.0,1258.64,coinmarketcap_data_api_listings_historical
2026-02-20,35542,TOKEN,Token.com,0.00056145,0.0,1249.61,coinmarketcap_data_api_listings_historical
2026-02-20,34937,ZD,Zarraz Dollar,0.01937248,0.0,1248.57,coinmarketcap_data_api_listings_historical
2026-02-20,38598,TSAT,Satoshi a BTC Stablecoin,0.00068057,0.0,1232.73,coinmarketcap_data_api_listings_historical
2026-02-20,35168,1000X,1000x by Virtuals,0.00172651,0.0,1229.68,coinmarketcap_data_api_listings_historical
2026-02-20,38804,LYC,LYC,0.00046191,0.0,1226.59,coinmarketcap_data_api_listings_historical
2026-02-20,28814,SANTA,SANTA CHRISTMAS INU,0.0,0.0,1225.22,coinmarketcap_data_api_listings_historical
2026-02-20,37330,MARU,Marutaro,6.004e-05,0.0,1219.2,coinmarketcap_data_api_listings_historical
2026-02-20,39471,AMZN,Amazon.com Inc (Derivatives),209.04685325,0.0,1203.17,coinmarketcap_data_api_listings_historical
2026-02-20,32063,CPL,CATERPILLAR,1e-08,0.0,1186.54,coinmarketcap_data_api_listings_historical
2026-02-20,9590,OBOT,Obortech,0.0032758,0.0,1180.32,coinmarketcap_data_api_listings_historical
2026-02-20,35069,HB,HBC,0.00059882,0.0,1172.64,coinmarketcap_data_api_listings_historical
2026-02-20,39011,USDG,USDGOLD,0.99974099,0.0,1169.53,coinmarketcap_data_api_listings_historical
2026-02-20,39428,DADA,Dadacoin,0.0,0.0,1147.64,coinmarketcap_data_api_listings_historical
2026-02-20,38791,SMOON,SAFEMOON,0.00015169,0.0,1138.59,coinmarketcap_data_api_listings_historical
2026-02-20,30959,TOOKER,tooker kurlson,9.86e-05,0.0,1121.67,coinmarketcap_data_api_listings_historical
2026-02-20,35593,LYNK,LYNK,0.00170338,0.0,1099.82,coinmarketcap_data_api_listings_historical
2026-02-20,36596,LUNIOX,LunioX,0.04339082,0.0,1094.21,coinmarketcap_data_api_listings_historical
2026-02-20,11221,BIT,BitDAO,0.63135639,0.0,1083.4,coinmarketcap_data_api_listings_historical
2026-02-20,215,RBY,Rubycoin,0.00121963,0.0,1082.98,coinmarketcap_data_api_listings_historical
2026-02-20,30941,DOGE20,Dogecoin20,5.01e-06,0.0,1070.96,coinmarketcap_data_api_listings_historical
2026-02-20,14891,DOPE,Dopamine App,9.007e-05,0.0,1065.35,coinmarketcap_data_api_listings_historical
2026-02-20,35563,ELON4AFD,Elon for AfD,0.00095593,0.0,1044.8,coinmarketcap_data_api_listings_historical
2026-02-20,21430,THB,Thunder Brawl,0.019371,0.0,1034.44,coinmarketcap_data_api_listings_historical
2026-02-20,35194,WOOF,WOOF,1.897e-05,0.0,1027.6,coinmarketcap_data_api_listings_historical
2026-02-20,32730,ELF,THE LAND ELF Crossing,0.00296765,0.0,1023.76,coinmarketcap_data_api_listings_historical
2026-02-20,5375,HBD,Hive Dollar,0.98796589,0.0,1021.13,coinmarketcap_data_api_listings_historical
2026-02-20,32248,CLOKI,CATLOKI,4.936e-05,0.0,1008.57,coinmarketcap_data_api_listings_historical
2026-02-20,26160,TOSHE,Toshe,0.0,0.0,1007.65,coinmarketcap_data_api_listings_historical
2026-02-20,36606,DIS,Distribute.ai,0.00036886,0.0,1003.26,coinmarketcap_data_api_listings_historical
2026-02-20,11085,BTBS,BitBase Token,0.08362411,0.0,991.93,coinmarketcap_data_api_listings_historical
2026-02-20,34657,VIRGO,Virgo,5.763e-05,0.0,974.28,coinmarketcap_data_api_listings_historical
2026-02-20,8826,MCO2,Moss Carbon Credit,0.10236897,0.0,962.89,coinmarketcap_data_api_listings_historical
2026-02-20,12607,SLB,Solberg,0.00802796,0.0,936.79,coinmarketcap_data_api_listings_historical
2026-02-20,36689,BURN,Burncoin,0.00774443,0.0,933.93,coinmarketcap_data_api_listings_historical
2026-02-20,22633,C4E,C4E,0.00208151,0.0,930.65,coinmarketcap_data_api_listings_historical
2026-02-20,27318,LYUM,Layerium,0.00035586,0.0,928.53,coinmarketcap_data_api_listings_historical
2026-02-20,38682,WJU,Wrapped Ju,0.67476624,0.0,909.17,coinmarketcap_data_api_listings_historical
2026-02-20,35649,BEENZ,BEENZ,4.457e-05,0.0,900.12,coinmarketcap_data_api_listings_historical
2026-02-20,35598,KET,yellow ket,0.00281593,0.0,895.24,coinmarketcap_data_api_listings_historical
2026-02-20,36349,CHIRP,Chirper AI,0.00019936,0.0,893.41,coinmarketcap_data_api_listings_historical
2026-02-20,35029,DEEPSEEKAI,DeepSeek AI Agent,0.0,0.0,891.08,coinmarketcap_data_api_listings_historical
2026-02-20,37547,LUNARBITS,Lunarbits,0.00549899,0.0,882.8,coinmarketcap_data_api_listings_historical
2026-02-20,33705,BRIL,Brilliantcrypto,0.00878142,0.0,877.25,coinmarketcap_data_api_listings_historical
2026-02-20,21733,SUDO,sudoswap,0.01094648,0.0,873.34,coinmarketcap_data_api_listings_historical
2026-02-20,33988,CHEYENNE,Cheyenne,8.51e-05,0.0,871.75,coinmarketcap_data_api_listings_historical
2026-02-20,12049,GRBE,Green Beli,5.946e-05,0.0,862.42,coinmarketcap_data_api_listings_historical
2026-02-20,36504,NAIIVE,Naiive,5.541e-05,0.0,852.92,coinmarketcap_data_api_listings_historical
2026-02-20,30502,$DAUMEN,Daumenfrosch,0.00611805,0.0,844.3,coinmarketcap_data_api_listings_historical
2026-02-20,22389,MMSC,MMSC PLATFORM,0.07297464,0.0,843.95,coinmarketcap_data_api_listings_historical
2026-02-20,33668,SPX2.0,SPX6900 2.0,7.746e-05,0.0,841.07,coinmarketcap_data_api_listings_historical
2026-02-20,37284,MAYA,Maya,0.00023574,0.0,835.45,coinmarketcap_data_api_listings_historical
2026-02-20,34162,HISS,Snake of Solana,2.9e-07,0.0,828.53,coinmarketcap_data_api_listings_historical
2026-02-20,38329,XVM,VOLT,0.00030816,0.0,828.37,coinmarketcap_data_api_listings_historical
2026-02-20,38766,FIST,FIST,0.0003207,0.0,818.02,coinmarketcap_data_api_listings_historical
2026-02-20,38818,SWC,Stand With Crypto Fund,0.03357795,0.0,815.42,coinmarketcap_data_api_listings_historical
2026-02-20,30738,FUNGI,Fungi,0.00097663,0.0,810.57,coinmarketcap_data_api_listings_historical
2026-02-20,35828,OPT,Optio,0.00108417,0.0,793.24,coinmarketcap_data_api_listings_historical
2026-02-20,27642,AVI,Aviator,0.0001684,0.0,792.6,coinmarketcap_data_api_listings_historical
2026-02-20,28390,ATEM,Atem Network,1.934e-05,0.0,786.53,coinmarketcap_data_api_listings_historical
2026-02-20,28509,JEFF,Jeff World,0.00151516,0.0,785.85,coinmarketcap_data_api_listings_historical
2026-02-20,32527,PEPE,Pepe of Solana,4.16e-06,0.0,781.16,coinmarketcap_data_api_listings_historical
2026-02-20,32975,MEN,DAC Platform,0.00099618,0.0,781.12,coinmarketcap_data_api_listings_historical
2026-02-20,23977,LUFFY,Luffy,1.02e-05,0.0,779.0,coinmarketcap_data_api_listings_historical
2026-02-20,31657,LCG,LocaGo,0.00017174,0.0,767.03,coinmarketcap_data_api_listings_historical
2026-02-20,36466,OCOS,OCOS UK,6.821e-05,0.0,753.43,coinmarketcap_data_api_listings_historical
2026-02-20,38390,PEP,PEPECOIN,5.444e-05,0.0,731.16,coinmarketcap_data_api_listings_historical
2026-02-20,4119,VD,VinDax Coin,0.01060642,0.0,730.64,coinmarketcap_data_api_listings_historical
2026-02-20,28120,PTS,Piteas,0.00936187,0.0,729.13,coinmarketcap_data_api_listings_historical
2026-02-20,12810,DVK,Devikins,0.00010988,0.0,724.16,coinmarketcap_data_api_listings_historical
2026-02-20,37248,SESH,Session Token,0.06467937,0.0,723.64,coinmarketcap_data_api_listings_historical
2026-02-20,148,AUR,Auroracoin,0.03060064,0.0,723.04,coinmarketcap_data_api_listings_historical
2026-02-20,19544,PPI,Swappi,0.00094873,0.0,719.36,coinmarketcap_data_api_listings_historical
2026-02-20,18754,STNEAR,Staked NEAR,1.541969,0.0,716.18,coinmarketcap_data_api_listings_historical
2026-02-20,38103,mpDAO,Meta Pool,0.01548607,0.0,716.18,coinmarketcap_data_api_listings_historical
2026-02-20,30985,GVL,Greever,0.0010976,0.0,714.66,coinmarketcap_data_api_listings_historical
2026-02-20,26540,BBTF,Block Buster Tech Inc,0.00025949,0.0,713.39,coinmarketcap_data_api_listings_historical
2026-02-20,45,CSC,CasinoCoin,6.899e-05,0.0,696.22,coinmarketcap_data_api_listings_historical
2026-02-20,38741,COM,CoreonMCP,0.00554678,0.0,692.15,coinmarketcap_data_api_listings_historical
2026-02-20,38334,ROBOT,RoboStack,0.00021625,0.0,680.43,coinmarketcap_data_api_listings_historical
2026-02-20,39550,REAT,REAT CAPITAL,0.69980715,0.0,676.08,coinmarketcap_data_api_listings_historical
2026-02-20,23452,gCOTI,COTI Governance Token,0.00289272,0.0,675.84,coinmarketcap_data_api_listings_historical
2026-02-20,37701,SKITTEN,SKITTEN,0.00044994,0.0,671.11,coinmarketcap_data_api_listings_historical
2026-02-20,36676,ANTS,ANTSCOIN,1.612e-05,0.0,670.0,coinmarketcap_data_api_listings_historical
2026-02-20,27489,LTX,Tanox,3.37e-06,0.0,666.74,coinmarketcap_data_api_listings_historical
2026-02-20,29837,RING,Ring AI,0.00101953,0.0,664.85,coinmarketcap_data_api_listings_historical
2026-02-20,30267,BTCF,BITCOIN FUTURE,0.11392306,0.0,657.78,coinmarketcap_data_api_listings_historical
2026-02-20,29705,RAFF,Ton Raffles,0.02671095,0.0,657.56,coinmarketcap_data_api_listings_historical
2026-02-20,21726,CAI,Colony Avalanche Index,22.68569609,0.0,657.28,coinmarketcap_data_api_listings_historical
2026-02-20,34279,ASS,WE LOVE ASS,0.00019198,0.0,655.2,coinmarketcap_data_api_listings_historical
2026-02-20,32745,ALPHA,Alpha Fi,0.7933221,0.0,648.52,coinmarketcap_data_api_listings_historical
2026-02-20,31371,ARG,ArgentinaCoin,9.682e-05,0.0,640.11,coinmarketcap_data_api_listings_historical
2026-02-20,31482,CADAI,CADAI,0.00670326,0.0,635.15,coinmarketcap_data_api_listings_historical
2026-02-20,38254,CST,Crypto Sustainable Token,362.92167515,0.0,611.74,coinmarketcap_data_api_listings_historical
2026-02-20,33797,EARL,earl,2.105e-05,0.0,609.51,coinmarketcap_data_api_listings_historical
2026-02-20,25990,HUNDRED,HUNDRED,0.00017557,0.0,609.01,coinmarketcap_data_api_listings_historical
2026-02-20,39470,GOOGL,Alphabet Inc (Derivatives),314.02527303,0.0,584.99,coinmarketcap_data_api_listings_historical
2026-02-20,20828,OSK,OSK,0.96393807,0.0,580.74,coinmarketcap_data_api_listings_historical
2026-02-20,39110,NPRO,NPRO,0.20027427,0.0,579.54,coinmarketcap_data_api_listings_historical
2026-02-20,35562,TWIGGY,Twiggy the water skiing squirrel,0.0001071,0.0,560.16,coinmarketcap_data_api_listings_historical
2026-02-20,28297,BYTES,Neo Tokyo,0.27965381,0.0,559.83,coinmarketcap_data_api_listings_historical
2026-02-20,36284,BASE,Base is for everyone,0.00036913,0.0,556.67,coinmarketcap_data_api_listings_historical
2026-02-20,28671,FWD,Rewind Protocol,0.45494609,0.0,554.97,coinmarketcap_data_api_listings_historical
2026-02-20,13229,BRUSH,Paintswap (BRUSH),0.00062216,0.0,549.33,coinmarketcap_data_api_listings_historical
2026-02-20,32573,META,Metaverse Convergence,2.799e-05,0.0,545.89,coinmarketcap_data_api_listings_historical
2026-02-20,32986,MAO,Mao,7.62e-06,0.0,544.89,coinmarketcap_data_api_listings_historical
2026-02-20,12709,HZM,HZM Coin,0.00024031,0.0,534.08,coinmarketcap_data_api_listings_historical
2026-02-20,36749,TACC,The Abundance Community Coin,0.04481,0.0,524.25,coinmarketcap_data_api_listings_historical
2026-02-20,37604,FARTLESS,FARTLESS COIN,3.077e-05,0.0,518.92,coinmarketcap_data_api_listings_historical
2026-02-20,30747,SOFTCO,SOFT COQ INU,1.002e-05,0.0,518.25,coinmarketcap_data_api_listings_historical
2026-02-20,28952,USEDCAR,A Gently Used 2001 Honda Civic,0.00043427,0.0,515.63,coinmarketcap_data_api_listings_historical
2026-02-20,23694,CLOUD,CRYPTO CLOUD,0.00109506,0.0,513.94,coinmarketcap_data_api_listings_historical
2026-02-20,38935,TGBP,Tokenised GBP,1.34350967,0.0,509.4,coinmarketcap_data_api_listings_historical
2026-02-20,35964,MT,Mint Token,0.00306361,0.0,508.64,coinmarketcap_data_api_listings_historical
2026-02-20,28386,CHAPZ,Chappyz,2.11e-06,0.0,496.73,coinmarketcap_data_api_listings_historical
2026-02-20,34213,GM,GM Everyday,1.892e-05,0.0,495.11,coinmarketcap_data_api_listings_historical
2026-02-20,30191,MOON,MOON INU,0.0,0.0,486.31,coinmarketcap_data_api_listings_historical
2026-02-20,34227,COBY,Coby,5.079e-05,0.0,474.37,coinmarketcap_data_api_listings_historical
2026-02-20,28719,SOLS,sols,0.00326914,0.0,471.52,coinmarketcap_data_api_listings_historical
2026-02-20,32233,PEIPEI,PeiPei,4.3e-07,0.0,468.37,coinmarketcap_data_api_listings_historical
2026-02-20,29659,SHIBAAI,SHIBAAI,0.0,0.0,467.23,coinmarketcap_data_api_listings_historical
2026-02-20,34186,DROP,DROP,2.11260781,0.0,466.91,coinmarketcap_data_api_listings_historical
2026-02-20,15841,KNIGHT,KnightSwap,0.00027315,0.0,458.0,coinmarketcap_data_api_listings_historical
2026-02-20,25359,PEPE,Pepe Coin,0.0,0.0,457.09,coinmarketcap_data_api_listings_historical
2026-02-20,38890,ROI,Retarded Online Investment,1.753e-05,0.0,455.33,coinmarketcap_data_api_listings_historical
2026-02-20,12489,GUARD,Guardian,0.02457076,0.0,452.9,coinmarketcap_data_api_listings_historical
2026-02-20,34342,TRD,Triad,0.01034115,0.0,451.75,coinmarketcap_data_api_listings_historical
2026-02-20,33950,CDOGE,Cyberdoge,0.00028302,0.0,451.51,coinmarketcap_data_api_listings_historical
2026-02-20,23192,EDX,edeXa,0.00439956,0.0,447.93,coinmarketcap_data_api_listings_historical
2026-02-20,38296,ABTC,American Bitcoin,8.3e-07,0.0,447.33,coinmarketcap_data_api_listings_historical
2026-02-20,27026,MSN,Meson Network,0.00148052,0.0,447.1,coinmarketcap_data_api_listings_historical
2026-02-20,34319,AGENTFUN,AgentFun.AI,0.73172476,0.0,440.58,coinmarketcap_data_api_listings_historical
2026-02-20,31195,DIP,Buy the DIP,0.00037748,0.0,440.18,coinmarketcap_data_api_listings_historical
2026-02-20,30098,BIRDDOG,Bird Dog,8.695e-05,0.0,432.21,coinmarketcap_data_api_listings_historical
2026-02-20,18154,METAN,Metan Evolutions,0.00400609,0.0,430.47,coinmarketcap_data_api_listings_historical
2026-02-20,23188,RCM,READ2N,0.17787813,0.0,426.28,coinmarketcap_data_api_listings_historical
2026-02-20,33515,ACCES,Metacces,0.01575521,0.0,410.61,coinmarketcap_data_api_listings_historical
2026-02-20,35435,TERRA,Terraport,0.0019243,0.0,409.96,coinmarketcap_data_api_listings_historical
2026-02-20,5800,TRCL,Treecle,0.00070871,0.0,408.82,coinmarketcap_data_api_listings_historical
2026-02-20,34697,APU,Based Apu,0.0,0.0,400.13,coinmarketcap_data_api_listings_historical
2026-02-20,23227,XI,Xi Token,0.0011873,0.0,398.8,coinmarketcap_data_api_listings_historical
2026-02-20,28686,GTA6,GTA VI,0.0,0.0,394.14,coinmarketcap_data_api_listings_historical
2026-02-20,34623,MOANI,Paradise Tycoon,7.98e-05,0.0,392.72,coinmarketcap_data_api_listings_historical
2026-02-20,9531,BCAT,BilliCat,0.00597993,0.0,380.45,coinmarketcap_data_api_listings_historical
2026-02-20,32773,wzkCRO,Wrapped zkCRO,0.0785077,0.0,380.42,coinmarketcap_data_api_listings_historical
2026-02-20,9749,WSB,WallStreetBets DApp,0.00017087,0.0,376.63,coinmarketcap_data_api_listings_historical
2026-02-20,8966,SAFEMARS,Safemars,1e-08,0.0,375.99,coinmarketcap_data_api_listings_historical
2026-02-20,36966,BJC,BJustCoin,3.98647187,0.0,374.71,coinmarketcap_data_api_listings_historical
2026-02-20,10095,ELK,Elk Finance,0.01390604,0.0,372.02,coinmarketcap_data_api_listings_historical
2026-02-20,34921,MUSIC,Music by Virtuals,0.00022115,0.0,369.28,coinmarketcap_data_api_listings_historical
2026-02-20,23281,COM,Communis,0.0,0.0,367.53,coinmarketcap_data_api_listings_historical
2026-02-20,29462,SNEED,Sneed,46.0243688,0.0,366.74,coinmarketcap_data_api_listings_historical
2026-02-20,33207,HUAHUA,HUA HUA,7.015e-05,0.0,357.93,coinmarketcap_data_api_listings_historical
2026-02-20,30766,OBICOIN,OBI Real Estate,0.00259792,0.0,357.19,coinmarketcap_data_api_listings_historical
2026-02-20,30688,$BLUE,blue on base,1e-08,0.0,353.31,coinmarketcap_data_api_listings_historical
2026-02-20,33389,CDOGE,CDOGE,0.00014355,0.0,349.78,coinmarketcap_data_api_listings_historical
2026-02-20,28440,NLINK,Neuralink,0.0,0.0,345.24,coinmarketcap_data_api_listings_historical
2026-02-20,31388,KILLA,The Bitcoin Killa,0.81777214,0.0,344.67,coinmarketcap_data_api_listings_historical
2026-02-20,20724,LKSM,Liquid KSM,0.93306088,0.0,343.6,coinmarketcap_data_api_listings_historical
2026-02-20,38649,LSCAT,Light Speed Cat V2,0.000259,0.0,342.34,coinmarketcap_data_api_listings_historical
2026-02-20,12972,DEUS,DEUS Finance,2.75312982,0.0,340.19,coinmarketcap_data_api_listings_historical
2026-02-20,39491,AAPL,Apple Inc (Derivatives),263.37603544,0.0,338.23,coinmarketcap_data_api_listings_historical
2026-02-20,17430,LENFI,Lenfi,0.00019744,0.0,336.86,coinmarketcap_data_api_listings_historical
2026-02-20,39215,TROLL,TROLL,0.0,0.0,331.51,coinmarketcap_data_api_listings_historical
2026-02-20,8622,VBNT,Bancor Governance Token,0.30842013,0.0,329.03,coinmarketcap_data_api_listings_historical
2026-02-20,39044,CAOCAO,CaoCao (New),0.00041081,0.0,328.81,coinmarketcap_data_api_listings_historical
2026-02-20,37992,RLP,Resolv Liquidity Pool,1.28085548,0.0,326.82,coinmarketcap_data_api_listings_historical
2026-02-20,39480,GOGE,GOLD DOGE,0.0,0.0,326.19,coinmarketcap_data_api_listings_historical
2026-02-20,21831,O,Childhoods End,1.82e-06,0.0,325.76,coinmarketcap_data_api_listings_historical
2026-02-20,38676,NUNU,Nunu,2.995e-05,0.0,325.12,coinmarketcap_data_api_listings_historical
2026-02-20,38484,QTO,Quanto,6.551e-05,0.0,323.66,coinmarketcap_data_api_listings_historical
2026-02-20,36179,MEMEX,Meme Index,2.024e-05,0.0,323.47,coinmarketcap_data_api_listings_historical
2026-02-20,28808,SSHIB,Solana Shib,0.0,0.0,319.34,coinmarketcap_data_api_listings_historical
2026-02-20,30531,PONCHO,Poncho,0.00850854,0.0,315.12,coinmarketcap_data_api_listings_historical
2026-02-20,12652,HANU,Hanu Yokia,7e-08,0.0,310.74,coinmarketcap_data_api_listings_historical
2026-02-20,29557,AXGT,AxonDAO Governance Token,0.01349158,0.0,309.32,coinmarketcap_data_api_listings_historical
2026-02-20,31995,ANDY,ANDY (BSC),4.8e-07,0.0,307.66,coinmarketcap_data_api_listings_historical
2026-02-20,23230,DOGGO,DOGGO,0.0,0.0,306.54,coinmarketcap_data_api_listings_historical
2026-02-20,25490,SEED,SEED NFT Marketplace,0.16821799,0.0,306.03,coinmarketcap_data_api_listings_historical
2026-02-20,38583,NOVA,Nova,246.25560299,0.0,295.24,coinmarketcap_data_api_listings_historical
2026-02-20,39418,ARC,Redemption Arc,1.163e-05,0.0,290.81,coinmarketcap_data_api_listings_historical
2026-02-20,38710,HYDX,Hydrex,0.06724124,0.0,290.07,coinmarketcap_data_api_listings_historical
2026-02-20,37767,SYMM,SymVerse (symverse.org),0.05083052,0.0,286.82,coinmarketcap_data_api_listings_historical
2026-02-20,2096,RCN,RCN Finance,0.00062783,0.0,285.33,coinmarketcap_data_api_listings_historical
2026-02-20,29998,BFLOKI,bitFloki,7e-08,0.0,281.76,coinmarketcap_data_api_listings_historical
2026-02-20,22899,DRB,Digimon Rabbit,0.0,0.0,280.54,coinmarketcap_data_api_listings_historical
2026-02-20,25097,BIBI,BIBI,0.0,0.0,275.51,coinmarketcap_data_api_listings_historical
2026-02-20,29852,FAM,Family,1.32e-05,0.0,275.29,coinmarketcap_data_api_listings_historical
2026-02-20,31253,DOOMER,Doomer,0.00030618,0.0,272.2,coinmarketcap_data_api_listings_historical
2026-02-20,17160,VYFI,VyFinance,0.01218992,0.0,271.12,coinmarketcap_data_api_listings_historical
2026-02-20,32338,BABYPEIPEI,Baby PeiPei,0.0,0.0,269.95,coinmarketcap_data_api_listings_historical
2026-02-20,28852,MOE,Merchant Moe,0.01950766,0.0,267.73,coinmarketcap_data_api_listings_historical
2026-02-20,33530,BSK,BTCSKR,0.00721723,0.0,267.57,coinmarketcap_data_api_listings_historical
2026-02-20,9524,MEDIA,Media Network,0.18929934,0.0,265.11,coinmarketcap_data_api_listings_historical
2026-02-20,33896,WMM,Weird Medieval Memes,4.942e-05,0.0,264.77,coinmarketcap_data_api_listings_historical
2026-02-20,7881,SKLAY,sKLAY,0.07402044,0.0,263.07,coinmarketcap_data_api_listings_historical
2026-02-20,37744,SHACK,Shack Token,0.00390672,0.0,260.87,coinmarketcap_data_api_listings_historical
2026-02-20,11145,PLS,Pulsechain,9.54e-06,0.0,252.68,coinmarketcap_data_api_listings_historical
2026-02-20,33682,SHIKOKU,Mikawa Inu,0.0,0.0,252.36,coinmarketcap_data_api_listings_historical
2026-02-20,33721,CHIB,Chiba,2.7e-07,0.0,247.06,coinmarketcap_data_api_listings_historical
2026-02-20,9085,BOMB,fBomb,0.01231672,0.0,246.06,coinmarketcap_data_api_listings_historical
2026-02-20,33214,ZHOA,Chengpang Zhoa,3.695e-05,0.0,239.56,coinmarketcap_data_api_listings_historical
2026-02-20,27964,MAGA,TRUMP,0.0,0.0,237.95,coinmarketcap_data_api_listings_historical
2026-02-20,32487,BAKED,Baked,9.101e-05,0.0,227.44,coinmarketcap_data_api_listings_historical
2026-02-20,34618,LAIKA,Laïka,0.02925121,0.0,227.14,coinmarketcap_data_api_listings_historical
2026-02-20,28379,HMNG,Hummingbird Finance (New),0.0,0.0,225.87,coinmarketcap_data_api_listings_historical
2026-02-20,12767,FODL,FODL Finance,0.00030305,0.0,225.7,coinmarketcap_data_api_listings_historical
2026-02-20,12414,MRHB,MRHB DeFi Network,0.00042845,0.0,224.87,coinmarketcap_data_api_listings_historical
2026-02-20,30045,GRIMACE,Grimace,0.06397842,0.0,223.35,coinmarketcap_data_api_listings_historical
2026-02-20,26590,FAKEAI,DeepFakeAI,0.00029274,0.0,216.65,coinmarketcap_data_api_listings_historical
2026-02-20,32348,ARS,ALBETROS,2.852e-05,0.0,208.98,coinmarketcap_data_api_listings_historical
2026-02-20,33176,PUGWIF,PUGWIFHAT,3.923e-05,0.0,206.77,coinmarketcap_data_api_listings_historical
2026-02-20,37645,LARRY,Evil Larry,0.00130088,0.0,206.7,coinmarketcap_data_api_listings_historical
2026-02-20,6500,TFT,ThreeFold,0.00373431,0.0,202.72,coinmarketcap_data_api_listings_historical
2026-02-20,31956,ANDWU,Chinese Andy,0.0,0.0,202.53,coinmarketcap_data_api_listings_historical
2026-02-20,26773,TONI,Daytona Finance,9.457e-05,0.0,202.08,coinmarketcap_data_api_listings_historical
2026-02-20,21951,OKI,HDOKI,0.00010016,0.0,201.93,coinmarketcap_data_api_listings_historical
2026-02-20,25100,SUIP,SuiPad,0.00090444,0.0,201.12,coinmarketcap_data_api_listings_historical
2026-02-20,34096,SIRIUS,Sirius,5.223e-05,0.0,200.99,coinmarketcap_data_api_listings_historical
2026-02-20,38663,ANIMUS,Animus,1.092e-05,0.0,197.43,coinmarketcap_data_api_listings_historical
2026-02-20,39000,XGZ,GoldZip,162.95738795,0.0,190.04,coinmarketcap_data_api_listings_historical
2026-02-20,36437,PTEK,PropTech,0.05518321,0.0,187.71,coinmarketcap_data_api_listings_historical
2026-02-20,38454,GRIPPY,GRIPPY,3.295e-05,0.0,185.53,coinmarketcap_data_api_listings_historical
2026-02-20,34566,CATZILLA,CATZILLA,5.506e-05,0.0,184.88,coinmarketcap_data_api_listings_historical
2026-02-20,16148,FREE,FreeRossDAO,3.279e-05,0.0,183.93,coinmarketcap_data_api_listings_historical
2026-02-20,644,BSTY,GlobalBoost,0.07314129,0.0,183.8,coinmarketcap_data_api_listings_historical
2026-02-20,9008,AMI,AMMYI Coin,0.00220442,0.0,182.76,coinmarketcap_data_api_listings_historical
2026-02-20,19976,$FORGE,Blocksmith Labs Forge,0.02520216,0.0,182.16,coinmarketcap_data_api_listings_historical
2026-02-20,25563,AMBER,Amber Soul Stone,3.08e-06,0.0,180.56,coinmarketcap_data_api_listings_historical
2026-02-20,28990,MEMES,Solana Deployer,0.00018582,0.0,180.13,coinmarketcap_data_api_listings_historical
2026-02-20,34149,AIFUN,AI Agent Layer,8.785e-05,0.0,179.47,coinmarketcap_data_api_listings_historical
2026-02-20,27506,Shiba 2.0,Shiba 2.0,0.0,0.0,179.46,coinmarketcap_data_api_listings_historical
2026-02-20,22234,MARCO,MELEGA,0.00088368,0.0,178.09,coinmarketcap_data_api_listings_historical
2026-02-20,35206,BRP,BananaRepublic,0.0013271,0.0,168.0,coinmarketcap_data_api_listings_historical
2026-02-20,37763,AINFT,EternaFi Agents,0.00087084,0.0,161.11,coinmarketcap_data_api_listings_historical
2026-02-20,32048,BOGGY,Boggy Coin,0.00036666,0.0,158.96,coinmarketcap_data_api_listings_historical
2026-02-20,38384,GOLD,Digital Gold,5.52e-06,0.0,154.81,coinmarketcap_data_api_listings_historical
2026-02-20,37390,SIGMA,Sigma,5.14e-06,0.0,154.8,coinmarketcap_data_api_listings_historical
2026-02-20,9670,GOL,GogolCoin,0.0010996,0.0,146.97,coinmarketcap_data_api_listings_historical
2026-02-20,31746,BOLT,BOLT,7.234e-05,0.0,143.12,coinmarketcap_data_api_listings_historical
2026-02-20,34948,SEND,Sendcoin,2.784e-05,0.0,141.4,coinmarketcap_data_api_listings_historical
2026-02-20,38814,PUFF,little puff,1e-08,0.0,140.47,coinmarketcap_data_api_listings_historical
2026-02-20,34168,MANIFEST,Manifest,0.00010226,0.0,140.21,coinmarketcap_data_api_listings_historical
2026-02-20,30803,GUMMY,GUMMY,0.00029634,0.0,140.06,coinmarketcap_data_api_listings_historical
2026-02-20,32819,AXGT,AxonDAO Governance Token,0.00666861,0.0,136.52,coinmarketcap_data_api_listings_historical
2026-02-20,20648,JPYC,JPYC Prepaid,0.00703302,0.0,134.9,coinmarketcap_data_api_listings_historical
2026-02-20,34790,SOLID,Solana ID,0.00110805,0.0,132.66,coinmarketcap_data_api_listings_historical
2026-02-20,2724,ZIPT,Zippie,7.329e-05,0.0,132.21,coinmarketcap_data_api_listings_historical
2026-02-20,31721,PDRIP,Pulse Drip,0.00242868,0.0,130.49,coinmarketcap_data_api_listings_historical
2026-02-20,3748,HXRO,HXRO,0.0026706,0.0,129.74,coinmarketcap_data_api_listings_historical
2026-02-20,37533,MAO,MAO,1.445e-05,0.0,129.39,coinmarketcap_data_api_listings_historical
2026-02-20,31917,XOXNO,XOXNO,0.00807309,0.0,127.36,coinmarketcap_data_api_listings_historical
2026-02-20,37528,BLC,BLANC DAO,0.22792216,0.0,121.33,coinmarketcap_data_api_listings_historical
2026-02-20,21272,HERMES,Hermes Protocol,0.00094356,0.0,120.68,coinmarketcap_data_api_listings_historical
2026-02-20,34184,AAA,aaa cat,1.003e-05,0.0,118.54,coinmarketcap_data_api_listings_historical
2026-02-20,32319,CIRX,Circular Protocol,0.00277416,0.0,117.96,coinmarketcap_data_api_listings_historical
2026-02-20,26067,MILO,MILO Project,0.00311334,0.0,117.53,coinmarketcap_data_api_listings_historical
2026-02-20,32253,ANDY,Andy,2.52e-06,0.0,117.06,coinmarketcap_data_api_listings_historical
2026-02-20,36583,MCP,MCP AI,0.0,0.0,112.98,coinmarketcap_data_api_listings_historical
2026-02-20,24497,ABC,ABC PoS Pool,0.30986002,0.0,112.23,coinmarketcap_data_api_listings_historical
2026-02-20,14452,THC,Transhuman Coin,4.754e-05,0.0,109.65,coinmarketcap_data_api_listings_historical
2026-02-20,20854,ZED,ZED Token,0.00028596,0.0,108.09,coinmarketcap_data_api_listings_historical
2026-02-20,30234,CATWIF,CatWifHat,5.655e-05,0.0,106.52,coinmarketcap_data_api_listings_historical
2026-02-20,23812,WEB4,WEB4 AI,0.0,0.0,106.33,coinmarketcap_data_api_listings_historical
2026-02-20,33902,GODL,RoOLZ,2.804e-05,0.0,106.0,coinmarketcap_data_api_listings_historical
2026-02-20,31422,BTCDRAGON,BTC Dragon,9e-08,0.0,105.46,coinmarketcap_data_api_listings_historical
2026-02-20,38114,BRIDGE,Hyperbridge,0.01480459,0.0,104.53,coinmarketcap_data_api_listings_historical
2026-02-20,30824,WOLF,Landwolf (Base),0.0,0.0,103.84,coinmarketcap_data_api_listings_historical
2026-02-20,3712,CLBK,Cloudbric,0.00034582,0.0,103.62,coinmarketcap_data_api_listings_historical
2026-02-20,31856,BBRETT,Baby Brett,6.131e-05,0.0,102.41,coinmarketcap_data_api_listings_historical
2026-02-20,22794,CANDY,Bored Candy City,0.00034734,0.0,101.25,coinmarketcap_data_api_listings_historical
2026-02-20,32323,MXNB,MXNB,0.05827139,0.0,100.33,coinmarketcap_data_api_listings_historical
2026-02-20,39010,BHC,Block Hub Coin,0.9822645,0.0,99.91,coinmarketcap_data_api_listings_historical
2026-02-20,13783,AFRO,Afrostar,0.0,0.0,99.46,coinmarketcap_data_api_listings_historical
2026-02-20,38321,TDN,Todin,0.00059197,0.0,98.31,coinmarketcap_data_api_listings_historical
2026-02-20,34959,FRY,Fry,3.809e-05,0.0,96.14,coinmarketcap_data_api_listings_historical
2026-02-20,20603,MLNK,Malinka,0.02650031,0.0,95.19,coinmarketcap_data_api_listings_historical
2026-02-20,21938,$HMT,Humanize,8.497e-05,0.0,94.5,coinmarketcap_data_api_listings_historical
2026-02-20,16982,mCEUR,Moola Celo EUR,1.14276678,0.0,93.56,coinmarketcap_data_api_listings_historical
2026-02-20,35135,SAGE,Sage Universe,7.039e-05,0.0,91.18,coinmarketcap_data_api_listings_historical
2026-02-20,17535,UXD,UXD Stablecoin,1.04302577,0.0,90.46,coinmarketcap_data_api_listings_historical
2026-02-20,30873,BENTO,Bento,0.0,0.0,90.39,coinmarketcap_data_api_listings_historical
2026-02-20,29060,RIB,Ribus,0.00455095,0.0,90.24,coinmarketcap_data_api_listings_historical
2026-02-20,38945,ΒΤС,Bitсοіn Core,67941.77348901,0.0,90.21,coinmarketcap_data_api_listings_historical
2026-02-20,36832,LAY,Loomlay,0.00042094,0.0,90.05,coinmarketcap_data_api_listings_historical
2026-02-20,12212,ABR,Allbridge,0.07769493,0.0,88.62,coinmarketcap_data_api_listings_historical
2026-02-20,32379,$TIME,TIME,1.7e-07,0.0,87.53,coinmarketcap_data_api_listings_historical
2026-02-20,29923,MONKEY,Monkey,0.0,0.0,87.47,coinmarketcap_data_api_listings_historical
2026-02-20,38347,MOBU,MoonBull,8.3e-07,0.0,86.97,coinmarketcap_data_api_listings_historical
2026-02-20,29211,EGG,EGG SOL,1.9e-06,0.0,86.91,coinmarketcap_data_api_listings_historical
2026-02-20,29047,CHINU,Chinu,1.559e-05,0.0,86.86,coinmarketcap_data_api_listings_historical
2026-02-20,39016,KUMA,Captain KUMA,0.00153787,0.0,84.18,coinmarketcap_data_api_listings_historical
2026-02-20,13675,KINT,Kintsugi,0.00472306,0.0,82.36,coinmarketcap_data_api_listings_historical
2026-02-20,35223,AGENT S,Agent S,4.876e-05,0.0,81.88,coinmarketcap_data_api_listings_historical
2026-02-20,7619,BCA,Bitcoiva,13.28153163,0.0,81.53,coinmarketcap_data_api_listings_historical
2026-02-20,2540,LCC,Litecoin Cash,0.00204004,0.0,80.67,coinmarketcap_data_api_listings_historical
2026-02-20,37354,XING,Xing Xing,8.851e-05,0.0,80.38,coinmarketcap_data_api_listings_historical
2026-02-20,22770,GFLY,BattleFly,0.00297928,0.0,79.91,coinmarketcap_data_api_listings_historical
2026-02-20,23179,FRONK,Fronk,0.0,0.0,78.76,coinmarketcap_data_api_listings_historical
2026-02-20,36717,ZENAI,Zen AI,1.896e-05,0.0,78.25,coinmarketcap_data_api_listings_historical
2026-02-20,38579,赵长娥,赵长娥,1.783e-05,0.0,74.54,coinmarketcap_data_api_listings_historical
2026-02-20,15069,CRX,CRODEX,0.14191049,0.0,74.41,coinmarketcap_data_api_listings_historical
2026-02-20,3933,SWIFT,SwiftCash,0.00054334,0.0,73.58,coinmarketcap_data_api_listings_historical
2026-02-20,38235,PEG,PEPEGOLD,164.74987078,0.0,73.12,coinmarketcap_data_api_listings_historical
2026-02-20,35207,IDX,ideax,0.00108935,0.0,72.99,coinmarketcap_data_api_listings_historical
2026-02-20,9891,BNX,BinaryX [Old],55.93281102,0.0,70.86,coinmarketcap_data_api_listings_historical
2026-02-20,32293,DGTA,Digitra.com Token,0.00245928,0.0,70.7,coinmarketcap_data_api_listings_historical
2026-02-20,28229,OVN,Overnight,1.21977204,0.0,70.61,coinmarketcap_data_api_listings_historical
2026-02-20,17859,Teddy V2,Teddy Doge,0.0,0.0,70.17,coinmarketcap_data_api_listings_historical
2026-02-20,38607,BABYASTER,Baby Aster,0.0,0.0,70.13,coinmarketcap_data_api_listings_historical
2026-02-20,26059,AEVUM,Aevum,0.00199975,0.0,69.53,coinmarketcap_data_api_listings_historical
2026-02-20,32659,MOVEUSD,MoveUSD,0.99926669,0.0,68.6,coinmarketcap_data_api_listings_historical
2026-02-20,18861,DUSD,Decentralized USD (DefiChain),0.00424544,0.0,68.53,coinmarketcap_data_api_listings_historical
2026-02-20,39366,PFF,PumpFunFloki,0.00014534,0.0,66.36,coinmarketcap_data_api_listings_historical
2026-02-20,38923,CBNB,Community of BNB,1.36e-05,0.0,66.12,coinmarketcap_data_api_listings_historical
2026-02-20,38565,1,1,7.657e-05,0.0,65.73,coinmarketcap_data_api_listings_historical
2026-02-20,20801,FOXY,Famous Fox Federation,0.00162581,0.0,65.17,coinmarketcap_data_api_listings_historical
2026-02-20,35431,YODA,YODA,6.78e-06,0.0,65.1,coinmarketcap_data_api_listings_historical
2026-02-20,33309,BURN,MSQ Cycle Burn,0.00602912,0.0,64.87,coinmarketcap_data_api_listings_historical
2026-02-20,30105,SHIB,ShibaInu On Solana,1.835e-05,0.0,63.01,coinmarketcap_data_api_listings_historical
2026-02-20,10,FRC,Freicoin,0.00680014,0.0,62.25,coinmarketcap_data_api_listings_historical
2026-02-20,23807,MZR,Mizar,0.00039828,0.0,61.67,coinmarketcap_data_api_listings_historical
2026-02-20,31667,GHOST,IC GHOST,1.313e-05,0.0,61.41,coinmarketcap_data_api_listings_historical
2026-02-20,32370,GUZUTA,CLYDE,0.0,0.0,60.29,coinmarketcap_data_api_listings_historical
2026-02-20,35911,FROC,Based Froc,1.22e-06,0.0,59.74,coinmarketcap_data_api_listings_historical
2026-02-20,31381,HSAI,HealthSci.AI,0.00088055,0.0,59.15,coinmarketcap_data_api_listings_historical
2026-02-20,4229,YO,Yobit Token,421.54517076,0.0,58.14,coinmarketcap_data_api_listings_historical
2026-02-20,28943,DRAGON,BNB DRAGON,0.0,0.0,57.14,coinmarketcap_data_api_listings_historical
2026-02-20,32109,BCHB,Bitcoin Cash on Base,0.00496831,0.0,55.94,coinmarketcap_data_api_listings_historical
2026-02-20,37523,ASSDAQ,ASSDAQ,0.00021239,0.0,55.86,coinmarketcap_data_api_listings_historical
2026-02-20,33421,TUA,Atua AI,5.83e-06,0.0,55.81,coinmarketcap_data_api_listings_historical
2026-02-20,9870,XWIN,xWIN Finance,0.02116844,0.0,54.25,coinmarketcap_data_api_listings_historical
2026-02-20,38499,XRP,XRP AI,6.336e-05,0.0,54.09,coinmarketcap_data_api_listings_historical
2026-02-20,32047,BOYS,Boysclub on Base,0.00025334,0.0,53.61,coinmarketcap_data_api_listings_historical
2026-02-20,34243,SATORI,Satori Network,0.28989399,0.0,53.4,coinmarketcap_data_api_listings_historical
2026-02-20,35279,$LIMBO,Limbo,0.00024594,0.0,52.33,coinmarketcap_data_api_listings_historical
2026-02-20,34515,CFB,CFB,1.06e-06,0.0,52.13,coinmarketcap_data_api_listings_historical
2026-02-20,33702,47,President Trump,5.297e-05,0.0,51.04,coinmarketcap_data_api_listings_historical
2026-02-20,38501,IRWA,IncomRWA,0.01882616,0.0,50.58,coinmarketcap_data_api_listings_historical
2026-02-20,11262,BALN,Balanced,0.03626555,0.0,50.58,coinmarketcap_data_api_listings_historical
2026-02-20,28112,EDLC,Edelcoin,0.57892385,0.0,50.0,coinmarketcap_data_api_listings_historical
2026-02-20,26714,BLU,Blue Norva,7.377e-05,0.0,49.69,coinmarketcap_data_api_listings_historical
2026-02-20,35159,BL,BoLe,0.00454231,0.0,49.45,coinmarketcap_data_api_listings_historical
2026-02-20,17861,DOGEKING,DogeKing,0.0,0.0,47.9,coinmarketcap_data_api_listings_historical
2026-02-20,27928,PEPE,Pepe Community,0.00023778,0.0,47.78,coinmarketcap_data_api_listings_historical
2026-02-20,17349,QWT,QoWatt,0.00027956,0.0,47.71,coinmarketcap_data_api_listings_historical
2026-02-20,9487,SHEESHA,Sheesha Finance [ERC20],2.08963077,0.0,47.33,coinmarketcap_data_api_listings_historical
2026-02-20,34093,CHEESE,Cheese,0.00023756,0.0,46.78,coinmarketcap_data_api_listings_historical
2026-02-20,31466,MUSCAT,MusCat,7e-08,0.0,46.49,coinmarketcap_data_api_listings_historical
2026-02-20,36975,BINANCIENS,Binanciens,1.154e-05,0.0,46.15,coinmarketcap_data_api_listings_historical
2026-02-20,34841,STLS,STELSI,0.00303889,0.0,46.08,coinmarketcap_data_api_listings_historical
2026-02-20,23174,SPC,Storepay,0.00031068,0.0,44.9,coinmarketcap_data_api_listings_historical
2026-02-20,33016,MICRODOGE,MicroDoge,0.0,0.0,44.88,coinmarketcap_data_api_listings_historical
2026-02-20,31092,NIAO,NIAO,0.0,0.0,44.5,coinmarketcap_data_api_listings_historical
2026-02-20,31858,KENDU,Kendu Inu,5e-08,0.0,44.04,coinmarketcap_data_api_listings_historical
2026-02-20,39152,MTHT,MetaHint,0.78110136,0.0,43.23,coinmarketcap_data_api_listings_historical
2026-02-20,33101,EGP,Eigenpie,0.04287929,0.0,42.77,coinmarketcap_data_api_listings_historical
2026-02-20,31303,PPFT,Papparico Finance,9.9e-07,0.0,42.33,coinmarketcap_data_api_listings_historical
2026-02-20,36476,SWPX,SwapX,0.00279784,0.0,40.36,coinmarketcap_data_api_listings_historical
2026-02-20,23204,GENI,Genius,5.1e-07,0.0,40.08,coinmarketcap_data_api_listings_historical
2026-02-20,29815,FLOKITA,FLOKITA,3.4e-07,0.0,39.16,coinmarketcap_data_api_listings_historical
2026-02-20,34960,BIGJIM,Big Jim,0.0,0.0,38.85,coinmarketcap_data_api_listings_historical
2026-02-20,37461,WLFI,World Liberty Financial (worldlibertyfinancial.education),0.0001525,0.0,38.75,coinmarketcap_data_api_listings_historical
2026-02-20,34195,BBC,BLUE BUTT CHEESE,1.982e-05,0.0,38.59,coinmarketcap_data_api_listings_historical
2026-02-20,21913,PRTG,Pre-retogeum,1.20745844,0.0,37.99,coinmarketcap_data_api_listings_historical
2026-02-20,30092,ENTS,Ents,0.00011952,0.0,37.65,coinmarketcap_data_api_listings_historical
2026-02-20,33833,ME,Literally Me,1.631e-05,0.0,37.28,coinmarketcap_data_api_listings_historical
2026-02-20,39588,BCAK,BCAK,449.86181842,0.0,36.33,coinmarketcap_data_api_listings_historical
2026-02-20,29038,XPHX,PhoenixCo Token,0.00086085,0.0,35.87,coinmarketcap_data_api_listings_historical
2026-02-20,30748,CGO,Knights of Cathena,2.15e-06,0.0,35.49,coinmarketcap_data_api_listings_historical
2026-02-20,38999,VEIL,DarkVeil,1.291e-05,0.0,35.26,coinmarketcap_data_api_listings_historical
2026-02-20,29224,BURNS,Burnsdefi,0.00109766,0.0,34.96,coinmarketcap_data_api_listings_historical
2026-02-20,12698,NINJA,Ninja Protocol,0.00047182,0.0,34.88,coinmarketcap_data_api_listings_historical
2026-02-20,30447,SPDR,Spiderswap,0.00276991,0.0,34.86,coinmarketcap_data_api_listings_historical
2026-02-20,2512,UCASH,UNIVERSAL CASH,0.00068002,0.0,33.94,coinmarketcap_data_api_listings_historical
2026-02-20,8411,MFI,Marginswap,0.00909645,0.0,32.79,coinmarketcap_data_api_listings_historical
2026-02-20,2883,ZINC,ZINC,0.00099929,0.0,32.67,coinmarketcap_data_api_listings_historical
2026-02-20,10866,MM,Million,1.00964315,0.0,32.53,coinmarketcap_data_api_listings_historical
2026-02-20,11713,BALA,Shambala,0.0,0.0,30.88,coinmarketcap_data_api_listings_historical
2026-02-20,29197,ETHI,Ethical Finance,0.00318869,0.0,30.05,coinmarketcap_data_api_listings_historical
2026-02-20,36936,COIN,[Fake] Wrapped COINBASE,0.00021993,0.0,30.0,coinmarketcap_data_api_listings_historical
2026-02-20,31551,NYXC,Nyxia AI,0.00457921,0.0,29.23,coinmarketcap_data_api_listings_historical
2026-02-20,32141,ICL,ICLighthouse DAO,0.010172,0.0,29.21,coinmarketcap_data_api_listings_historical
2026-02-20,38930,DEXO,Dexfee,7.133e-05,0.0,29.1,coinmarketcap_data_api_listings_historical
2026-02-20,22439,PROTEO,Proteo DeFi,0.00441935,0.0,28.26,coinmarketcap_data_api_listings_historical
2026-02-20,1135,CLUB,ClubCoin,0.01084703,0.0,27.78,coinmarketcap_data_api_listings_historical
2026-02-20,34672,MUSTAAAAAARD,Mustard,5.362e-05,0.0,27.42,coinmarketcap_data_api_listings_historical
2026-02-20,7988,SZCB,Zugacoin,0.02115231,0.0,27.27,coinmarketcap_data_api_listings_historical
2026-02-20,13943,GINZA,GINZA NETWORK,0.00046372,0.0,27.23,coinmarketcap_data_api_listings_historical
2026-02-20,38964,N3ON,N3on,0.00132382,0.0,26.35,coinmarketcap_data_api_listings_historical
2026-02-20,10081,SAFEMOONCASH,SafeMoonCash,0.0,0.0,26.33,coinmarketcap_data_api_listings_historical
2026-02-20,234,EFL,e-Gulden,0.06596138,0.0,26.0,coinmarketcap_data_api_listings_historical
2026-02-20,32818,FRED,FRED,0.00015951,0.0,25.46,coinmarketcap_data_api_listings_historical
2026-02-20,16517,VPND,VaporNodes,0.0003169,0.0,25.32,coinmarketcap_data_api_listings_historical
2026-02-20,22534,GENZ,GENZ Token,0.00012064,0.0,24.74,coinmarketcap_data_api_listings_historical
2026-02-20,31393,PEANIE,Peanie,5.632e-05,0.0,24.59,coinmarketcap_data_api_listings_historical
2026-02-20,29846,BABYSOL,Baby Solana,0.00030764,0.0,24.57,coinmarketcap_data_api_listings_historical
2026-02-20,3662,HEDG,HedgeTrade,6.01e-05,0.0,24.54,coinmarketcap_data_api_listings_historical
2026-02-20,34383,FCO,Fanatico,0.05498327,0.0,24.47,coinmarketcap_data_api_listings_historical
2026-02-20,67,UNO,Unobtanium,1.77891725,0.0,23.88,coinmarketcap_data_api_listings_historical
2026-02-20,38503,MERC,Liquid Mercury,0.00514073,0.0,23.43,coinmarketcap_data_api_listings_historical
2026-02-20,14253,BABY,Baby Samo Coin,2e-06,0.0,21.73,coinmarketcap_data_api_listings_historical
2026-02-20,34447,M3M3,M3M3,0.00010553,0.0,21.53,coinmarketcap_data_api_listings_historical
2026-02-20,11973,THALES,Thales,0.13645966,0.0,21.27,coinmarketcap_data_api_listings_historical
2026-02-20,13702,STEMX,STEMX,0.0001124,0.0,20.8,coinmarketcap_data_api_listings_historical
2026-02-20,16819,RRT,Recovery Right Token,0.54015,0.0,20.7,coinmarketcap_data_api_listings_historical
2026-02-20,6447,FSCC,Fisco Coin,0.07741686,0.0,20.59,coinmarketcap_data_api_listings_historical
2026-02-20,23761,USHARK,uShark,2.082e-05,0.0,20.42,coinmarketcap_data_api_listings_historical
2026-02-20,23856,NEKO,Maneki,7.475e-05,0.0,20.25,coinmarketcap_data_api_listings_historical
2026-02-20,27134,DOGE,Doge on Pulsechain,0.0,0.0,20.05,coinmarketcap_data_api_listings_historical
2026-02-20,23860,BZE,BeeZee,0.00115696,0.0,19.92,coinmarketcap_data_api_listings_historical
2026-02-20,2882,ZCN,Zus,0.00186049,0.0,19.8,coinmarketcap_data_api_listings_historical
2026-02-20,11986,SUNDAE,SundaeSwap,0.00119959,0.0,19.43,coinmarketcap_data_api_listings_historical
2026-02-20,27356,GENIE,GenieSwap,0.00056974,0.0,19.16,coinmarketcap_data_api_listings_historical
2026-02-20,35612,ADIX,Adix,2.33e-06,0.0,18.97,coinmarketcap_data_api_listings_historical
2026-02-20,5052,ANK,Apple Network,3.86e-06,0.0,18.04,coinmarketcap_data_api_listings_historical
2026-02-20,30665,BRETT,Brett On ETH,0.00180955,0.0,16.86,coinmarketcap_data_api_listings_historical
2026-02-20,39061,CPM,Crypto Pump Meme,0.0012996,0.0,16.8,coinmarketcap_data_api_listings_historical
2026-02-20,39056,$GOLD,$GOLD,0.0,0.0,16.06,coinmarketcap_data_api_listings_historical
2026-02-20,15286,DCT,Degree Crypto Token,1.89765699,0.0,15.82,coinmarketcap_data_api_listings_historical
2026-02-20,18863,VICA,ViCA Token,1.432e-05,0.0,15.43,coinmarketcap_data_api_listings_historical
2026-02-20,25337,GRAI,Gravita Protocol,0.9500353,0.0,14.86,coinmarketcap_data_api_listings_historical
2026-02-20,30996,WAI,AI Waifu,0.1166502,0.0,14.75,coinmarketcap_data_api_listings_historical
2026-02-20,3769,HBX,HashBX,0.00014673,0.0,14.64,coinmarketcap_data_api_listings_historical
2026-02-20,15840,STT,Stamen Tellus Token,4.391e-05,0.0,14.51,coinmarketcap_data_api_listings_historical
2026-02-20,83,OMNI,Omni,1.1896,0.0,14.28,coinmarketcap_data_api_listings_historical
2026-02-20,26713,HOW,Howinu,0.0,0.0,13.94,coinmarketcap_data_api_listings_historical
2026-02-20,12058,LIGHT,Light DeFi,3.156e-05,0.0,13.59,coinmarketcap_data_api_listings_historical
2026-02-20,12338,SHICO,ShibaCorgi,0.0,0.0,13.25,coinmarketcap_data_api_listings_historical
2026-02-20,23348,TALNT,Decentralized Pictures,0.04637522,0.0,12.62,coinmarketcap_data_api_listings_historical
2026-02-20,35043,BNKRS,Bonkers Meme Token,5.788e-05,0.0,12.53,coinmarketcap_data_api_listings_historical
2026-02-20,29004,BURRRD,BURRRD,0.0,0.0,12.24,coinmarketcap_data_api_listings_historical
2026-02-20,25380,SUIA,SUIA,0.0005715,0.0,12.08,coinmarketcap_data_api_listings_historical
2026-02-20,10393,LEOPARD,LEOPARD,0.0,0.0,11.89,coinmarketcap_data_api_listings_historical
2026-02-20,27992,DORKL,DORK LORD,3.554e-05,0.0,11.29,coinmarketcap_data_api_listings_historical
2026-02-20,32664,BTW,Banana Tape Wall,3.391e-05,0.0,11.17,coinmarketcap_data_api_listings_historical
2026-02-20,28300,PPT,Pop Social,0.00099962,0.0,10.98,coinmarketcap_data_api_listings_historical
2026-02-20,3079,X8X,X8X Token,0.00059158,0.0,10.82,coinmarketcap_data_api_listings_historical
2026-02-20,33991,PUMP,PUMP,0.00011316,0.0,10.79,coinmarketcap_data_api_listings_historical
2026-02-20,32962,WUKONG,WUKONG,0.0,0.0,10.31,coinmarketcap_data_api_listings_historical
2026-02-20,17181,MAIA,Maia,0.40675756,0.0,10.17,coinmarketcap_data_api_listings_historical
2026-02-20,13685,QTZ,Quartz,1.073e-05,0.0,10.1,coinmarketcap_data_api_listings_historical
2026-02-20,29101,KINGBONK,King Bonk,0.0,0.0,10.07,coinmarketcap_data_api_listings_historical
2026-02-20,10364,APW,Spectra,0.03221319,0.0,9.96,coinmarketcap_data_api_listings_historical
2026-02-20,29795,SI,Sealwifhat,1.206e-05,0.0,9.78,coinmarketcap_data_api_listings_historical
2026-02-20,36009,VAI,Vyvo AI,1.66796062,0.0,9.68,coinmarketcap_data_api_listings_historical
2026-02-20,9062,LPL,LinkPool,0.18824305,0.0,9.64,coinmarketcap_data_api_listings_historical
2026-02-20,13,IXC,Ixcoin,0.05780121,0.0,9.19,coinmarketcap_data_api_listings_historical
2026-02-20,38781,TONXX,TON xStock,2.06,0.0,9.07,coinmarketcap_data_api_listings_historical
2026-02-20,25002,KING,KING,8.05e-06,0.0,8.87,coinmarketcap_data_api_listings_historical
2026-02-20,23955,AI,Chat AI,5.081e-05,0.0,8.86,coinmarketcap_data_api_listings_historical
2026-02-20,23057,OREO,OreoSwap,0.00331804,0.0,8.83,coinmarketcap_data_api_listings_historical
2026-02-20,31167,CRODIE,Crodie,6.336e-05,0.0,8.3,coinmarketcap_data_api_listings_historical
2026-02-20,11770,EVERETH,EverETH Reflect,0.0,0.0,8.27,coinmarketcap_data_api_listings_historical
2026-02-20,34249,SENSUS,Sensus,4.625e-05,0.0,8.23,coinmarketcap_data_api_listings_historical
2026-02-20,13966,SNAKES,Snakes Game,6.8e-07,0.0,8.01,coinmarketcap_data_api_listings_historical
2026-02-20,30085,VPS,VPS AI,0.00205386,0.0,7.92,coinmarketcap_data_api_listings_historical
2026-02-20,28883,BORK,Bork,6.53e-06,0.0,7.67,coinmarketcap_data_api_listings_historical
2026-02-20,35059,OPERATOR,OpenAI Agent,0.0,0.0,7.55,coinmarketcap_data_api_listings_historical
2026-02-20,34131,BLOB,Blobana Pet,2.012e-05,0.0,7.42,coinmarketcap_data_api_listings_historical
2026-02-20,31689,9MM,Shigure UI,3.026e-05,0.0,7.39,coinmarketcap_data_api_listings_historical
2026-02-20,28122,HOA,Hex Orange Address,0.00105951,0.0,7.11,coinmarketcap_data_api_listings_historical
2026-02-20,20631,ICHI,Legacy ICHI,0.14176264,0.0,6.84,coinmarketcap_data_api_listings_historical
2026-02-20,24687,PMD,Pandemic Multiverse,0.00014394,0.0,6.84,coinmarketcap_data_api_listings_historical
2026-02-20,36345,DOLR,DOLR AI,0.00031935,0.0,6.32,coinmarketcap_data_api_listings_historical
2026-02-20,21090,ZILLIONXO,ZILLION AAKAR XO,0.00272246,0.0,6.26,coinmarketcap_data_api_listings_historical
2026-02-20,2667,FTX,FintruX Network,0.00036546,0.0,6.16,coinmarketcap_data_api_listings_historical
2026-02-20,32404,AIM,AI Metaverse,3e-08,0.0,6.05,coinmarketcap_data_api_listings_historical
2026-02-20,22112,KRS,Kingdom Raids,7.4e-07,0.0,5.98,coinmarketcap_data_api_listings_historical
2026-02-20,37642,VMC,VMS Classic,0.00087506,0.0,5.9,coinmarketcap_data_api_listings_historical
2026-02-20,2653,AUC,Auctus,0.00048997,0.0,5.87,coinmarketcap_data_api_listings_historical
2026-02-20,9423,PHTR,Phuture,0.00137824,0.0,5.68,coinmarketcap_data_api_listings_historical
2026-02-20,15428,EShib,Euro Shiba Inu,0.0,0.0,5.58,coinmarketcap_data_api_listings_historical
2026-02-20,29029,MYRA,Myra,3.36e-05,0.0,5.01,coinmarketcap_data_api_listings_historical
2026-02-20,35676,BTMETA,BTCASH,0.00019439,0.0,4.75,coinmarketcap_data_api_listings_historical
2026-02-20,35113,WAI,WAI Combinator by Virtuals,6.873e-05,0.0,4.72,coinmarketcap_data_api_listings_historical
2026-02-20,28030,PASG,Passage,0.00014145,0.0,4.71,coinmarketcap_data_api_listings_historical
2026-02-20,31390,ACHI,achi,3.844e-05,0.0,4.7,coinmarketcap_data_api_listings_historical
2026-02-20,2828,SPD,SPINDLE,8.5e-06,0.0,4.64,coinmarketcap_data_api_listings_historical
2026-02-20,36261,HYP,HyperX,0.00438866,0.0,4.63,coinmarketcap_data_api_listings_historical
2026-02-20,34894,FORKY,Forky,1.097e-05,0.0,4.56,coinmarketcap_data_api_listings_historical
2026-02-20,30146,SHROOM,Shroomates,0.00013385,0.0,4.54,coinmarketcap_data_api_listings_historical
2026-02-20,29608,GROW,Grow Token,0.00252145,0.0,4.26,coinmarketcap_data_api_listings_historical
2026-02-20,36675,ATTN,Attention,0.0010903,0.0,4.06,coinmarketcap_data_api_listings_historical
2026-02-20,27346,MOOVE,Moove Protocol,0.00082615,0.0,3.98,coinmarketcap_data_api_listings_historical
2026-02-20,20381,GRAV,Graviton,0.00040333,0.0,3.85,coinmarketcap_data_api_listings_historical
2026-02-20,4508,VOLTZ,Voltz,0.00148856,0.0,3.79,coinmarketcap_data_api_listings_historical
2026-02-20,31502,MAGA,TRUMP’S HAT,2.657e-05,0.0,3.79,coinmarketcap_data_api_listings_historical
2026-02-20,36301,DEFIANT,Defiant,1.935e-05,0.0,3.66,coinmarketcap_data_api_listings_historical
2026-02-20,32508,FROSTY,Frosty the Polar Bear,5.13e-06,0.0,3.62,coinmarketcap_data_api_listings_historical
2026-02-20,6753,HDX,Hydration,0.00273416,0.0,3.59,coinmarketcap_data_api_listings_historical
2026-02-20,19537,JEX,JEXchange,0.00074463,0.0,3.53,coinmarketcap_data_api_listings_historical
2026-02-20,32875,FIG,FILLiquid,0.00126129,0.0,3.35,coinmarketcap_data_api_listings_historical
2026-02-20,35996,RCX,RecycleX,0.01146651,0.0,3.34,coinmarketcap_data_api_listings_historical
2026-02-20,19148,ECOIN,Ecoin Finance,0.00057976,0.0,3.09,coinmarketcap_data_api_listings_historical
2026-02-20,1991,RVT,Rivetz,0.00043052,0.0,2.99,coinmarketcap_data_api_listings_historical
2026-02-20,32067,DOOGLE,Doogle,1.096e-05,0.0,2.88,coinmarketcap_data_api_listings_historical
2026-02-20,20232,BHAT,BH Network,0.00018628,0.0,2.87,coinmarketcap_data_api_listings_historical
2026-02-20,8772,ZUSD,ZUSD,1.00001419,0.0,2.87,coinmarketcap_data_api_listings_historical
2026-02-20,11218,BORING,BoringDAO,5.845e-05,0.0,2.87,coinmarketcap_data_api_listings_historical
2026-02-20,7596,SMARTCREDIT,SmartCredit Token,0.16475703,0.0,2.86,coinmarketcap_data_api_listings_historical
2026-02-20,23212,COPE,Cope,0.0,0.0,2.82,coinmarketcap_data_api_listings_historical
2026-02-20,2313,SRN,SIRIN LABS Token,0.00014063,0.0,2.72,coinmarketcap_data_api_listings_historical
2026-02-20,33718,LILY,Lily's Coin,0.0003442,0.0,2.71,coinmarketcap_data_api_listings_historical
2026-02-20,4513,CNHt,Tether CNHt,0.0136,0.0,2.58,coinmarketcap_data_api_listings_historical
2026-02-20,28673,MUSIC,Gala Music,0.00099962,0.0,2.53,coinmarketcap_data_api_listings_historical
2026-02-20,18,DGC,Digitalcoin,0.00204004,0.0,2.5,coinmarketcap_data_api_listings_historical
2026-02-20,29685,BONK2.0,Bonk 2.0,0.0,0.0,2.25,coinmarketcap_data_api_listings_historical
2026-02-20,7116,ACPT,Crypto Accept,1.724e-05,0.0,2.09,coinmarketcap_data_api_listings_historical
2026-02-20,24744,NANA,NANA Token,1.276e-05,0.0,2.05,coinmarketcap_data_api_listings_historical
2026-02-20,34211,SUL,Sulaana,0.05970779,0.0,2.04,coinmarketcap_data_api_listings_historical
2026-02-20,29053,WTG,Watergate,0.03883064,0.0,2.04,coinmarketcap_data_api_listings_historical
2026-02-20,5219,USDB,USD Bancor,0.08038175,0.0,1.88,coinmarketcap_data_api_listings_historical
2026-02-20,3179,ABX,Arbidex,0.00036758,0.0,1.67,coinmarketcap_data_api_listings_historical
2026-02-20,12991,MTG,MagnetGold,0.02017154,0.0,1.65,coinmarketcap_data_api_listings_historical
2026-02-20,9700,MCT,Microtuber,8.454e-05,0.0,1.58,coinmarketcap_data_api_listings_historical
2026-02-20,20322,MXNt,Tether MXNt,0.04599,0.0,1.57,coinmarketcap_data_api_listings_historical
2026-02-20,14876,YON,YESorNO,1.536e-05,0.0,1.53,coinmarketcap_data_api_listings_historical
2026-02-20,819,BITB,Bean Cash,5.68e-06,0.0,1.52,coinmarketcap_data_api_listings_historical
2026-02-20,22713,HOLY,HolyGrails.io,0.00015838,0.0,1.46,coinmarketcap_data_api_listings_historical
2026-02-20,33181,DOE,Dogs of Elon,6.825e-05,0.0,1.45,coinmarketcap_data_api_listings_historical
2026-02-20,20642,CSR,CSR,0.00172337,0.0,1.4,coinmarketcap_data_api_listings_historical
2026-02-20,36662,SWOL,Snowy Owl,6e-08,0.0,1.35,coinmarketcap_data_api_listings_historical
2026-02-20,12705,POLL,Pollchain,0.0002838,0.0,1.35,coinmarketcap_data_api_listings_historical
2026-02-20,27927,GBL,Global Token,0.03319806,0.0,1.27,coinmarketcap_data_api_listings_historical
2026-02-20,6,NVC,Novacoin,0.02040043,0.0,1.13,coinmarketcap_data_api_listings_historical
2026-02-20,25006,PERRY,Perry The BNB,0.0,0.0,1.12,coinmarketcap_data_api_listings_historical
2026-02-20,30327,JEET,Jeet,4.02e-06,0.0,1.1,coinmarketcap_data_api_listings_historical
2026-02-20,25081,SIMPSON,Homer,0.0,0.0,1.08,coinmarketcap_data_api_listings_historical
2026-02-20,12581,CZF,CZodiac Farming Token,0.0,0.0,1.06,coinmarketcap_data_api_listings_historical
2026-02-20,8501,LPNT,Luxurious Pro Network Token,0.00250422,0.0,1.02,coinmarketcap_data_api_listings_historical
2026-02-20,32845,GC,gold coin,1.999e-05,0.0,1.0,coinmarketcap_data_api_listings_historical
2026-02-20,30445,MOGGO,MOGGO,0.0002999,0.0,1.0,coinmarketcap_data_api_listings_historical
2026-02-20,8904,RENZEC,renZEC,14.8983558,0.0,0.98,coinmarketcap_data_api_listings_historical
2026-02-20,1902,MYB,MyBit,8.129e-05,0.0,0.89,coinmarketcap_data_api_listings_historical
2026-02-20,29190,NVX,NovaDEX,4.831e-05,0.0,0.86,coinmarketcap_data_api_listings_historical
2026-02-20,2705,AMN,Amon,1.134e-05,0.0,0.76,coinmarketcap_data_api_listings_historical
2026-02-20,35577,ANZ,Anzen Finance (ANZ),0.00017662,0.0,0.75,coinmarketcap_data_api_listings_historical
2026-02-20,2161,RDN,Raiden Network Token,0.00122807,0.0,0.72,coinmarketcap_data_api_listings_historical
2026-02-20,10088,POLYDOGE,PolyDoge,0.0,0.0,0.64,coinmarketcap_data_api_listings_historical
2026-02-20,12060,XTT-B20,XTblock,8.456e-05,0.0,0.64,coinmarketcap_data_api_listings_historical
2026-02-20,5589,DXD,DXdao,0.75373318,0.0,0.62,coinmarketcap_data_api_listings_historical
2026-02-20,2367,AIX,Aigang,0.00083421,0.0,0.57,coinmarketcap_data_api_listings_historical
2026-02-20,28538,DEXNET,DexNet,0.00582465,0.0,0.56,coinmarketcap_data_api_listings_historical
2026-02-20,22113,KAP,KAP Games,0.00021564,0.0,0.52,coinmarketcap_data_api_listings_historical
2026-02-20,15762,BTL,Bitlocus,8.378e-05,0.0,0.48,coinmarketcap_data_api_listings_historical
2026-02-20,18064,PLATA,Plata Network,2.368e-05,0.0,0.41,coinmarketcap_data_api_listings_historical
2026-02-20,38243,KEK,KEK,0.0,0.0,0.37,coinmarketcap_data_api_listings_historical
2026-02-20,13244,BEETS,Beets,0.00314163,0.0,0.37,coinmarketcap_data_api_listings_historical
2026-02-20,29451,MPIX,Megapix,8.9e-06,0.0,0.34,coinmarketcap_data_api_listings_historical
2026-02-20,2603,NPXS,Pundi X (Old),1.343e-05,0.0,0.33,coinmarketcap_data_api_listings_historical
2026-02-20,21080,OSK-DAO,OSK DAO,0.0339166,0.0,0.32,coinmarketcap_data_api_listings_historical
2026-02-20,16749,FOX,FOX TOKEN,0.0,0.0,0.29,coinmarketcap_data_api_listings_historical
2026-02-20,2614,XBP,BlitzPick,3.781e-05,0.0,0.27,coinmarketcap_data_api_listings_historical
2026-02-20,19331,SUPER,PeerMe,0.00147054,0.0,0.23,coinmarketcap_data_api_listings_historical
2026-02-20,34892,CALLS,OnlyCalls by Virtuals,4.039e-05,0.0,0.17,coinmarketcap_data_api_listings_historical
2026-02-20,36683,JOS,JuliaOS,7.692e-05,0.0,0.16,coinmarketcap_data_api_listings_historical
2026-02-20,29806,POU,Pou,0.00014066,0.0,0.15,coinmarketcap_data_api_listings_historical
2026-02-20,29661,BFICGOLD,BFICGOLD,0.01227551,0.0,0.14,coinmarketcap_data_api_listings_historical
2026-02-20,35679,SFX,SpaceFrog X,6e-08,0.0,0.09,coinmarketcap_data_api_listings_historical
2026-02-20,14404,ECC,Etherconnect,2.91e-05,0.0,0.09,coinmarketcap_data_api_listings_historical
2026-02-20,36092,RX,RealtyX,0.00150954,0.0,0.08,coinmarketcap_data_api_listings_historical
2026-02-20,36113,FAT,Fat Fella,0.00015142,0.0,0.03,coinmarketcap_data_api_listings_historical
2026-02-20,17706,AERO,Aerovek Aviation,3.708e-05,0.0,0.02,coinmarketcap_data_api_listings_historical
2026-02-20,35378,JAE,JaeCoin,6e-06,0.0,0.02,coinmarketcap_data_api_listings_historical
2026-02-20,22981,SFIT,Sense4FIT,3.365e-05,0.0,0.02,coinmarketcap_data_api_listings_historical
2026-02-20,31738,CELL,Cellana Finance,9.664e-05,0.0,0.02,coinmarketcap_data_api_listings_historical
2026-02-20,32237,BBTC,Baby Bitcoin,0.00015713,0.0,0.02,coinmarketcap_data_api_listings_historical
2026-02-20,4,TRC,Terracoin,0.01088023,0.0,0.01,coinmarketcap_data_api_listings_historical
2026-02-20,32907,FTS,FINANCIAL TRANSACTION SYSTEM,0.00071973,0.0,0.01,coinmarketcap_data_api_listings_historical
2026-02-20,707,BLOCK,Blocknet,0.00691522,0.0,0.01,coinmarketcap_data_api_listings_historical
2026-02-20,3432,RPD,Rapids,8.606e-05,0.0,0.01,coinmarketcap_data_api_listings_historical
2026-02-20,3672,DOGEC,DogeCash,0.00010823,0.0,0.01,coinmarketcap_data_api_listings_historical
2026-02-20,4909,MERGE,Merge,6.467e-05,0.0,0.01,coinmarketcap_data_api_listings_historical
2026-02-20,23483,AVN,Avian,2.82e-06,0.0,0.01,coinmarketcap_data_api_listings_historical
2026-02-20,26776,FUNCH,FUNCH,1.58e-05,0.0,0.01,coinmarketcap_data_api_listings_historical
2026-02-20,28902,AI,AI PIN,1.461e-05,0.0,0.01,coinmarketcap_data_api_listings_historical
2026-02-20,29177,CDX,CodeXchain,3.42e-06,0.0,0.01,coinmarketcap_data_api_listings_historical
2026-02-20,30466,MEMAGX,Meta Masters Guild Games,0.00059978,0.0,0.01,coinmarketcap_data_api_listings_historical
2026-02-20,16366,PHX,Phoenix Blockchain,0.00774728,0.0,0.01,coinmarketcap_data_api_listings_historical
2026-02-20,16386,MEB,Meblox Protocol,0.00068751,0.0,0.0,coinmarketcap_data_api_listings_historical
2026-02-20,16388,GOHM,Governance OHM,4673.63487252,0.0,0.0,coinmarketcap_data_api_listings_historical
2026-02-20,32780,MIRAI,MIRAI,5.8e-05,0.0,0.0,coinmarketcap_data_api_listings_historical
2026-02-20,32781,USSD,Autonomous Secure Dollar,0.9993584,0.0,0.0,coinmarketcap_data_api_listings_historical
2026-02-20,32795,BINANCEDOG,Binancedog,6.474e-05,0.0,0.0,coinmarketcap_data_api_listings_historical
2026-02-20,32799,FUELX,Fuel,7.561e-05,0.0,0.0,coinmarketcap_data_api_listings_historical
2026-02-20,56,ZET,Zetacoin,0.00098754,0.0,0.0,coinmarketcap_data_api_listings_historical
2026-02-20,32825,FLUFFI,Fluffington,3.149e-05,0.0,0.0,coinmarketcap_data_api_listings_historical
2026-02-20,61,TAG,TagCoin,0.00443576,0.0,0.0,coinmarketcap_data_api_listings_historical
2026-02-20,32835,TRUMP,CRAZY TRUMP,3.2e-06,0.0,0.0,coinmarketcap_data_api_listings_historical
2026-02-20,32843,BBC,BBC,0.0010988,0.0,0.0,coinmarketcap_data_api_listings_historical
2026-02-20,78,HBN,HoboNickels,0.00088339,0.0,0.0,coinmarketcap_data_api_listings_historical
2026-02-20,93,42,42-coin,29577.52575923,0.0,0.0,coinmarketcap_data_api_listings_historical
2026-02-20,32867,CTO,BaseCTO,1.417e-05,0.0,0.0,coinmarketcap_data_api_listings_historical
2026-02-20,32870,R/SNOOFI,r/snoofi,6.623e-05,0.0,0.0,coinmarketcap_data_api_listings_historical
2026-02-20,32872,CSW,Crosswalk,7.83e-06,0.0,0.0,coinmarketcap_data_api_listings_historical
2026-02-20,128,MAX,Maxcoin,0.00123148,0.0,0.0,coinmarketcap_data_api_listings_historical
2026-02-20,16519,MMF,MM Finance (Cronos),0.0001001,0.0,0.0,coinmarketcap_data_api_listings_historical
2026-02-20,16526,NMBTC,NanoMeter Bitcoin,3e-08,0.0,0.0,coinmarketcap_data_api_listings_historical
2026-02-20,32911,SHIT,Shitcoin (SOL),2.877e-05,0.0,0.0,coinmarketcap_data_api_listings_historical
2026-02-20,32922,SAFUU,Safuu 2.0,0.0027955,0.0,0.0,coinmarketcap_data_api_listings_historical
2026-02-20,16547,TRI,Trisolaris,4.369e-05,0.0,0.0,coinmarketcap_data_api_listings_historical
2026-02-20,32932,TRUMP,TRUMP MAGA SUPER,1.252e-05,0.0,0.0,coinmarketcap_data_api_listings_historical
2026-02-20,32934,KAGE,Kage Network,0.00032826,0.0,0.0,coinmarketcap_data_api_listings_historical
2026-02-20,170,BLK,BlackCoin,0.03818912,0.0,0.0,coinmarketcap_data_api_listings_historical
2026-02-20,16569,ELU,Elumia Crowns,4.057e-05,0.0,0.0,coinmarketcap_data_api_listings_historical
2026-02-20,32960,PIKA,Pika,0.00019955,0.0,0.0,coinmarketcap_data_api_listings_historical
2026-02-20,32973,TBX,TurboX,0.01921386,0.0,0.0,coinmarketcap_data_api_listings_historical
2026-02-20,32982,PEPE,SEXY PEPE,0.00018078,0.0,0.0,coinmarketcap_data_api_listings_historical
2026-02-20,32985,NEIRO,Neiro on Tron,2.497e-05,0.0,0.0,coinmarketcap_data_api_listings_historical
2026-02-20,32993,FTW,Black Agnus,0.0,0.0,0.0,coinmarketcap_data_api_listings_historical
2026-02-20,32997,MKL,Merkle Trade,0.06070224,0.0,0.0,coinmarketcap_data_api_listings_historical
2026-02-20,33012,LUCI,LUCI,0.00018256,0.0,0.0,coinmarketcap_data_api_listings_historical
2026-02-20,33013,SUNWUKONG,SunWukong,0.0002048,0.0,0.0,coinmarketcap_data_api_listings_historical
2026-02-20,33020,DEEBO,Deebo the Bear,1.368e-05,0.0,0.0,coinmarketcap_data_api_listings_historical
2026-02-20,33023,WLFI,World Liberty Financial (wlfi.club),0.0,0.0,0.0,coinmarketcap_data_api_listings_historical
2026-02-20,16643,HBB,Hubble Protocol,0.0036754,0.0,0.0,coinmarketcap_data_api_listings_historical
2026-02-20,260,XPD,PetroDollar,0.00611722,0.0,0.0,coinmarketcap_data_api_listings_historical
2026-02-20,33030,WLF,World Liberty Financial (worldlibertycto.vip),0.0,0.0,0.0,coinmarketcap_data_api_listings_historical
2026-02-20,263,PLNC,PLNcoin,0.00098272,0.0,0.0,coinmarketcap_data_api_listings_historical
2026-02-20,33033,MOG,MOG CAT,8e-06,0.0,0.0,coinmarketcap_data_api_listings_historical
2026-02-20,33034,CATALORIAN,Catalorian (CatalorianOGETH),8.573e-05,0.0,0.0,coinmarketcap_data_api_listings_historical
2026-02-20,276,BITS,Bitstar,0.00230066,0.0,0.0,coinmarketcap_data_api_listings_historical
2026-02-20,278,QBC,Quebecoin,0.00089711,0.0,0.0,coinmarketcap_data_api_listings_historical
2026-02-20,33052,WLFI,World Liberty Financial (wlfi.one),1.116e-05,0.0,0.0,coinmarketcap_data_api_listings_historical
2026-02-20,16671,MVS,Multiverse,2.224e-05,0.0,0.0,coinmarketcap_data_api_listings_historical
2026-02-20,290,BLU,BlueCoin,0.00098272,0.0,0.0,coinmarketcap_data_api_listings_historical
2026-02-20,33062,SDOGE,S.D.O.G.E,1.14e-05,0.0,0.0,coinmarketcap_data_api_listings_historical
2026-02-20,33072,UNCN,Unseen,0.30904783,0.0,0.0,coinmarketcap_data_api_listings_historical
2026-02-20,316,DRM,Dreamcoin,0.00696776,0.0,0.0,coinmarketcap_data_api_listings_historical
2026-02-20,33099,$LIQ,Liquor,2.2e-07,0.0,0.0,coinmarketcap_data_api_listings_historical
2026-02-20,16721,PAVIA,Pavia,0.00049552,0.0,0.0,coinmarketcap_data_api_listings_historical
2026-02-20,16740,SEOR,SEOR Network,6.17e-06,0.0,0.0,coinmarketcap_data_api_listings_historical
2026-02-20,33124,THUG,THUG,1e-08,0.0,0.0,coinmarketcap_data_api_listings_historical
2026-02-20,33125,WIGL,Wigl,0.0387551,0.0,0.0,coinmarketcap_data_api_listings_historical
2026-02-20,360,MOTO,Motocoin,0.00178625,0.0,0.0,coinmarketcap_data_api_listings_historical
2026-02-20,367,C2,Coin2.1,0.00098272,0.0,0.0,coinmarketcap_data_api_listings_historical
2026-02-20,16769,SFF,Sunflower Farm,0.00019434,0.0,0.0,coinmarketcap_data_api_listings_historical
2026-02-20,389,START,Startcoin,0.00098272,0.0,0.0,coinmarketcap_data_api_listings_historical
2026-02-20,33157,SOURCE,I MADE IT UP,2.348e-05,0.0,0.0,coinmarketcap_data_api_listings_historical
2026-02-20,33169,ANDYMAN,ANDYMAN,8.629e-05,0.0,0.0,coinmarketcap_data_api_listings_historical
2026-02-20,405,XDN,DigitalNote,1.132e-05,0.0,0.0,coinmarketcap_data_api_listings_historical
2026-02-20,33178,FLAY,Flayer,0.00617178,0.0,0.0,coinmarketcap_data_api_listings_historical
2026-02-20,16797,MMO,MM Optimizer (Cronos),0.00893223,0.0,0.0,coinmarketcap_data_api_listings_historical
2026-02-20,33182,MOONBIX,MOONBIX MEME,0.0,0.0,0.0,coinmarketcap_data_api_listings_historical
2026-02-20,16800,JEFE,JEFE TOKEN,0.00062199,0.0,0.0,coinmarketcap_data_api_listings_historical
2026-02-20,33184,NEIRO,Neiro Pump,7.864e-05,0.0,0.0,coinmarketcap_data_api_listings_historical
2026-02-20,33194,TOKE,McToken,0.00036405,0.0,0.0,coinmarketcap_data_api_listings_historical
2026-02-20,33201,MISHA,MISHA,8e-08,0.0,0.0,coinmarketcap_data_api_listings_historical
2026-02-20,33203,MARVIN,Marvin Inu (ETH),3.9e-07,0.0,0.0,coinmarketcap_data_api_listings_historical
2026-02-20,16821,MEAN,Mean DAO,2.49e-05,0.0,0.0,coinmarketcap_data_api_listings_historical
2026-02-20,33218,BOF,Balls of Fate,1.297e-05,0.0,0.0,coinmarketcap_data_api_listings_historical
2026-02-20,460,CLAM,Clams,0.09128929,0.0,0.0,coinmarketcap_data_api_listings_historical
2026-02-20,33233,MELO,melo,7e-08,0.0,0.0,coinmarketcap_data_api_listings_historical
2026-02-20,33235,POX,Monkey Pox,0.00204975,0.0,0.0,coinmarketcap_data_api_listings_historical
2026-02-20,470,VIA,Viacoin,0.23013134,0.0,0.0,coinmarketcap_data_api_listings_historical
2026-02-20,33257,MARVIN,MARVIN,5.6e-07,0.0,0.0,coinmarketcap_data_api_listings_historical
2026-02-20,16875,TAUM,Orbitau Taureum,1.767e-05,0.0,0.0,coinmarketcap_data_api_listings_historical
2026-02-20,33262,CAPY,Capy coin,1.327e-05,0.0,0.0,coinmarketcap_data_api_listings_historical
2026-02-20,501,XCN,Cryptonite,0.00103944,0.0,0.0,coinmarketcap_data_api_listings_historical
2026-02-20,33269,SPS,Sparklife,2.47e-06,0.0,0.0,coinmarketcap_data_api_listings_historical
2026-02-20,502,CARBON,Carboncoin,0.00119477,0.0,0.0,coinmarketcap_data_api_listings_historical
2026-02-20,33271,TIMES,DARKTIMES,0.00044588,0.0,0.0,coinmarketcap_data_api_listings_historical
2026-02-20,33272,FLS,FLOOS,5.836e-05,0.0,0.0,coinmarketcap_data_api_listings_historical
2026-02-20,16893,CMFI,Compendium,6.647e-05,0.0,0.0,coinmarketcap_data_api_listings_historical
2026-02-20,33277,YIELD,YieldStone,0.00032806,0.0,0.0,coinmarketcap_data_api_listings_historical
2026-02-20,33281,SUIB,Suiba Inu,1.668e-05,0.0,0.0,coinmarketcap_data_api_listings_historical
2026-02-20,33286,VOLT,VOLT.WIN,0.00029389,0.0,0.0,coinmarketcap_data_api_listings_historical
2026-02-20,33289,DOGEN,DOGEN,2.64e-05,0.0,0.0,coinmarketcap_data_api_listings_historical
2026-02-20,33297,DOGGO,Doggo (doggocto.com),7.5e-07,0.0,0.0,coinmarketcap_data_api_listings_historical
2026-02-20,33321,SUIMAN,Suiman,1.704e-05,0.0,0.0,coinmarketcap_data_api_listings_historical
2026-02-20,558,EMC,Emercoin,0.09467277,0.0,0.0,coinmarketcap_data_api_listings_historical
2026-02-20,33327,ESTEE,ESTEE,2.1e-07,0.0,0.0,coinmarketcap_data_api_listings_historical
2026-02-20,33329,BKOK,BKOK FinTech,0.05909495,0.0,0.0,coinmarketcap_data_api_listings_historical
2026-02-20,16946,MCT,Metacraft,0.08824105,0.0,0.0,coinmarketcap_data_api_listings_historical
2026-02-20,33330,CB,Cheeseball,3.384e-05,0.0,0.0,coinmarketcap_data_api_listings_historical
2026-02-20,33333,CSI,CSI888,4.425e-05,0.0,0.0,coinmarketcap_data_api_listings_historical
2026-02-20,33339,NAMI,Suinami,1.18e-06,0.0,0.0,coinmarketcap_data_api_listings_historical
2026-02-20,572,RBBT,RabbitCoin,0.00119299,0.0,0.0,coinmarketcap_data_api_listings_historical
2026-02-20,33341,LEPER,Leper,9.77e-06,0.0,0.0,coinmarketcap_data_api_listings_historical
2026-02-20,33355,DXY,US Degen Index 6900,0.00011548,0.0,0.0,coinmarketcap_data_api_listings_historical
2026-02-20,16972,MSHEESHA,Sheesha Finance Polygon,2.827e-05,0.0,0.0,coinmarketcap_data_api_listings_historical
2026-02-20,33364,BRIAN,Brian,0.00040785,0.0,0.0,coinmarketcap_data_api_listings_historical
2026-02-20,597,OPAL,Opal,0.00372016,0.0,0.0,coinmarketcap_data_api_listings_historical
2026-02-20,33377,SUIJAK,Suijak,3.21e-06,0.0,0.0,coinmarketcap_data_api_listings_historical
2026-02-20,33383,HAWK,Hawk,3.317e-05,0.0,0.0,coinmarketcap_data_api_listings_historical
2026-02-20,33396,ROBOTAXI,ROBOTAXI,0.0,0.0,0.0,coinmarketcap_data_api_listings_historical
2026-02-20,17017,VCG,VCGamers,0.00684486,0.0,0.0,coinmarketcap_data_api_listings_historical
2026-02-20,33404,ETFS,ETFSwap,7.164e-05,0.0,0.0,coinmarketcap_data_api_listings_historical
2026-02-20,33406,COCO,COCOCOIN,4.4e-06,0.0,0.0,coinmarketcap_data_api_listings_historical
2026-02-20,33408,NSDQ,NSDQ420,0.00042979,0.0,0.0,coinmarketcap_data_api_listings_historical
2026-02-20,33423,NEIROH,NeiroWifHat,5.93e-06,0.0,0.0,coinmarketcap_data_api_listings_historical
2026-02-20,656,PXI,Prime-XI,0.00098272,0.0,0.0,coinmarketcap_data_api_listings_historical
2026-02-20,33444,WLFI,World Liberty Financial (worldlibertyfinance.ai),0.0,0.0,0.0,coinmarketcap_data_api_listings_historical
2026-02-20,33448,ROT,BRAINROT,2.821e-05,0.0,0.0,coinmarketcap_data_api_listings_historical
2026-02-20,17067,VP,Torah Network,0.00499898,0.0,0.0,coinmarketcap_data_api_listings_historical
2026-02-20,33453,PAC,America Pac,9.107e-05,0.0,0.0,coinmarketcap_data_api_listings_historical
2026-02-20,33456,MINGO,Mingo,0.0020267,0.0,0.0,coinmarketcap_data_api_listings_historical
2026-02-20,17076,WMEMO,Wonderful Memories,33.53281034,0.0,0.0,coinmarketcap_data_api_listings_historical
2026-02-20,702,SPR,SpreadCoin,0.00098272,0.0,0.0,coinmarketcap_data_api_listings_historical
2026-02-20,703,RBT,Rimbit,0.00109634,0.0,0.0,coinmarketcap_data_api_listings_historical
2026-02-20,17088,FEED,chikn feed,1.841e-05,0.0,0.0,coinmarketcap_data_api_listings_historical
2026-02-20,33478,UTHX,Utherverse,0.00051045,0.0,0.0,coinmarketcap_data_api_listings_historical
2026-02-20,17097,SHIBIC,SHIBIC,3e-08,0.0,0.0,coinmarketcap_data_api_listings_historical
2026-02-20,33483,MEDUSA,MEDUSA (medusaonsol.xyz),2.637e-05,0.0,0.0,coinmarketcap_data_api_listings_historical
2026-02-20,720,CRW,Crown,0.00235903,0.0,0.0,coinmarketcap_data_api_listings_historical
2026-02-20,33499,KABOSU,KabosuCoin (ERC),1.4e-07,0.0,0.0,coinmarketcap_data_api_listings_historical
2026-02-20,733,XQN,Quotient,0.00098272,0.0,0.0,coinmarketcap_data_api_listings_historical
2026-02-20,33504,SHARKI,Sharki,1.167e-05,0.0,0.0,coinmarketcap_data_api_listings_historical
2026-02-20,17121,RAT,RatCoin,3.298e-05,0.0,0.0,coinmarketcap_data_api_listings_historical
2026-02-20,33507,HEDGE,HedgeFi,0.00016727,0.0,0.0,coinmarketcap_data_api_listings_historical
2026-02-20,33508,CJ,Carl Johnson,5.9e-07,0.0,0.0,coinmarketcap_data_api_listings_historical
2026-02-20,33513,kBTC,Kraken Wrapped Bitcoin,65172.35756175,0.0,0.0,coinmarketcap_data_api_listings_historical
2026-02-20,33522,DRAGONX,DragonX,4.4e-07,0.0,0.0,coinmarketcap_data_api_listings_historical
2026-02-20,17142,SHIBAY,Shiba Inu Pay,0.0,0.0,0.0,coinmarketcap_data_api_listings_historical
2026-02-20,17145,LOKA,League of Kingdoms Arena,0.02008931,0.0,0.0,coinmarketcap_data_api_listings_historical
2026-02-20,764,XPY,PayCoin,0.00098272,0.0,0.0,coinmarketcap_data_api_listings_historical
2026-02-20,33532,FWOG,FWOG,0.0,0.0,0.0,coinmarketcap_data_api_listings_historical
2026-02-20,33538,PLAY,PLAY,0.00031103,0.0,0.0,coinmarketcap_data_api_listings_historical
2026-02-20,33545,COR,Cortensor,0.00232285,0.0,0.0,coinmarketcap_data_api_listings_historical
2026-02-20,33547,URS,Uranus,1.482e-05,0.0,0.0,coinmarketcap_data_api_listings_historical
2026-02-20,17172,REV,Revolution,0.23225125,0.0,0.0,coinmarketcap_data_api_listings_historical
2026-02-20,33564,BEAST,MrBeast,0.01626532,0.0,0.0,coinmarketcap_data_api_listings_historical
2026-02-20,17183,LUM,Lum Network,1.18e-05,0.0,0.0,coinmarketcap_data_api_listings_historical
2026-02-20,33576,KHEOWZOO,khaokheowzoo,1.497e-05,0.0,0.0,coinmarketcap_data_api_listings_historical
2026-02-20,33578,INF,INFERNO,2e-08,0.0,0.0,coinmarketcap_data_api_listings_historical
2026-02-20,815,KOBO,Kobocoin,0.00333726,0.0,0.0,coinmarketcap_data_api_listings_historical
2026-02-20,33589,BABYHIPPO,BABY HIPPO,0.0,0.0,0.0,coinmarketcap_data_api_listings_historical
2026-02-20,33590,WAAC,Wrapped  AyeAyeCoin,0.2798823,0.0,0.0,coinmarketcap_data_api_listings_historical
2026-02-20,33593,DOGAI,DOGAI,0.00010569,0.0,0.0,coinmarketcap_data_api_listings_historical
2026-02-20,831,WBB,Wild Beast Block,0.00310585,0.0,0.0,coinmarketcap_data_api_listings_historical
2026-02-20,17215,FLAG,Flag Network,4.5e-06,0.0,0.0,coinmarketcap_data_api_listings_historical
2026-02-20,33605,BDX,Baby DragonX,7.6e-07,0.0,0.0,coinmarketcap_data_api_listings_historical
2026-02-20,33610,BIGFOOT,BigFoot Town,4.242e-05,0.0,0.0,coinmarketcap_data_api_listings_historical
2026-02-20,33618,GOATSE,GOATSE,0.0,0.0,0.0,coinmarketcap_data_api_listings_historical
2026-02-20,33621,SDOGE,DOGE on Solana,2.078e-05,0.0,0.0,coinmarketcap_data_api_listings_historical
2026-02-20,33622,BRO,Bro the cat,2.104e-05,0.0,0.0,coinmarketcap_data_api_listings_historical
2026-02-20,857,SONG,SongCoin,0.00098272,0.0,0.0,coinmarketcap_data_api_listings_historical
2026-02-20,33636,TWIN,Twin Protocol,0.00036734,0.0,0.0,coinmarketcap_data_api_listings_historical
2026-02-20,33638,KINGNEIRO,King Neiro,0.0,0.0,0.0,coinmarketcap_data_api_listings_historical
2026-02-20,33647,MOODENG,Moo Deng (moodeng.sbs),6.66e-06,0.0,0.0,coinmarketcap_data_api_listings_historical
2026-02-20,33648,TATE,Tate Terminal,7.157e-05,0.0,0.0,coinmarketcap_data_api_listings_historical
2026-02-20,33663,BOG,Bog,0.0,0.0,0.0,coinmarketcap_data_api_listings_historical
2026-02-20,898,CF,Californium,0.00230399,0.0,0.0,coinmarketcap_data_api_listings_historical
2026-02-20,17284,DGLN,Dogelana (dogelana.com),4.13e-06,0.0,0.0,coinmarketcap_data_api_listings_historical
2026-02-20,33673,SWITCH,SWITCH,0.00013369,0.0,0.0,coinmarketcap_data_api_listings_historical
2026-02-20,918,BUB,Bubble,0.00106593,0.0,0.0,coinmarketcap_data_api_listings_historical
2026-02-20,17302,CHINAZILLA,ChinaZilla,0.0,0.0,0.0,coinmarketcap_data_api_listings_historical
2026-02-20,921,UNIT,Universal Currency,0.00349867,0.0,0.0,coinmarketcap_data_api_listings_historical
2026-02-20,17306,LSR,LaserEyes,0.00069363,0.0,0.0,coinmarketcap_data_api_listings_historical
2026-02-20,33693,HOOT,HOOT,9.29e-06,0.0,0.0,coinmarketcap_data_api_listings_historical
2026-02-20,33700,GRIMACE,Grimace,1e-07,0.0,0.0,coinmarketcap_data_api_listings_historical
2026-02-20,17317,INUS,MultiPlanetary Inus,0.0,0.0,0.0,coinmarketcap_data_api_listings_historical
2026-02-20,934,PKB,ParkByte,0.00115479,0.0,0.0,coinmarketcap_data_api_listings_historical
2026-02-20,17318,CATS,CATCOIN,0.0,0.0,0.0,coinmarketcap_data_api_listings_historical
2026-02-20,938,ARB,ARbit,0.00089923,0.0,0.0,coinmarketcap_data_api_listings_historical
2026-02-20,945,BTA,Bata,0.07768916,0.0,0.0,coinmarketcap_data_api_listings_historical
2026-02-20,948,ADC,AudioCoin,0.00098272,0.0,0.0,coinmarketcap_data_api_listings_historical
2026-02-20,951,SNRG,Synergy,0.01345573,0.0,0.0,coinmarketcap_data_api_listings_historical
2026-02-20,17358,STELLA,StellaSwap,0.00250751,0.0,0.0,coinmarketcap_data_api_listings_historical
2026-02-20,33743,SUIMON,Sui Monster,7.1e-07,0.0,0.0,coinmarketcap_data_api_listings_historical
2026-02-20,978,XRA,Ratecoin,0.00096935,0.0,0.0,coinmarketcap_data_api_listings_historical
2026-02-20,33750,THECAT,THECAT,0.00028189,0.0,0.0,coinmarketcap_data_api_listings_historical
2026-02-20,33752,$MIHARU,Miharu The Smiling Dolphin,8.27e-06,0.0,0.0,coinmarketcap_data_api_listings_historical
2026-02-20,986,CREVA,CrevaCoin,0.00098272,0.0,0.0,coinmarketcap_data_api_listings_historical
2026-02-20,33754,YLAY,Yelay,0.00407887,0.0,0.0,coinmarketcap_data_api_listings_historical
2026-02-20,993,BSC,BowsCoin,8.321e-05,0.0,0.0,coinmarketcap_data_api_listings_historical
2026-02-20,33768,CAI,Chasm,0.0041551,0.0,0.0,coinmarketcap_data_api_listings_historical
2026-02-20,33769,OCADA,OCADA.AI,0.00020174,0.0,0.0,coinmarketcap_data_api_listings_historical
2026-02-20,1019,MANNA,Manna,0.00101927,0.0,0.0,coinmarketcap_data_api_listings_historical
2026-02-20,33787,GLAZE,Glaze,5.43e-06,0.0,0.0,coinmarketcap_data_api_listings_historical
2026-02-20,1020,AXIOM,Axiom,0.00093004,0.0,0.0,coinmarketcap_data_api_listings_historical
2026-02-20,33796,SUWI,suwi,3.689e-05,0.0,0.0,coinmarketcap_data_api_listings_historical
2026-02-20,1032,TX,TransferCoin,0.13119646,0.0,0.0,coinmarketcap_data_api_listings_historical
2026-02-20,1033,GCC,GuccioneCoin,0.00115313,0.0,0.0,coinmarketcap_data_api_listings_historical
2026-02-20,1035,AMS,AmsterdamCoin,0.00025986,0.0,0.0,coinmarketcap_data_api_listings_historical
2026-02-20,1038,EUC,Eurocoin,0.00111672,0.0,0.0,coinmarketcap_data_api_listings_historical
2026-02-20,33806,BWEN,Baby Wen,0.00023126,0.0,0.0,coinmarketcap_data_api_listings_historical
2026-02-20,17429,PUFF,Puff,0.00042797,0.0,0.0,coinmarketcap_data_api_listings_historical
2026-02-20,1052,VEC2,VectorAI,0.00098272,0.0,0.0,coinmarketcap_data_api_listings_historical
2026-02-20,33832,WICKED,Wicked,3.89e-05,0.0,0.0,coinmarketcap_data_api_listings_historical
2026-02-20,1066,PAK,Pakcoin,0.00470226,0.0,0.0,coinmarketcap_data_api_listings_historical
2026-02-20,33835,ynETHx,ynETH MAX,2086.7767369,0.0,0.0,coinmarketcap_data_api_listings_historical
2026-02-20,33844,SPN,SpinnerCoin,0.00461776,0.0,0.0,coinmarketcap_data_api_listings_historical
2026-02-20,1082,SIB,SIBCoin,0.06384498,0.0,0.0,coinmarketcap_data_api_listings_historical
2026-02-20,17468,DBC,Dhabi Coin,3.7e-07,0.0,0.0,coinmarketcap_data_api_listings_historical
2026-02-20,1085,SWING,Swing,0.00789461,0.0,0.0,coinmarketcap_data_api_listings_historical
2026-02-20,1090,SANDG,Save and Gain,0.00029978,0.0,0.0,coinmarketcap_data_api_listings_historical
2026-02-20,33859,BTFD,BTFD COIN,4.7e-07,0.0,0.0,coinmarketcap_data_api_listings_historical
2026-02-20,33864,GOLD,GOLDEN AGE,0.0,0.0,0.0,coinmarketcap_data_api_listings_historical
2026-02-20,33865,ABI,Abi,5.05e-06,0.0,0.0,coinmarketcap_data_api_listings_historical
2026-02-20,33866,SOK,shoki,5.36e-06,0.0,0.0,coinmarketcap_data_api_listings_historical
2026-02-20,33877,X,Legacy Media Killer,0.00069774,0.0,0.0,coinmarketcap_data_api_listings_historical
2026-02-20,33878,BTCAT,Bitcat,1.318e-05,0.0,0.0,coinmarketcap_data_api_listings_historical
2026-02-20,1120,DFT,DraftCoin,0.00043144,0.0,0.0,coinmarketcap_data_api_listings_historical
2026-02-20,17504,LIB,Librium Tech,0.00036056,0.0,0.0,coinmarketcap_data_api_listings_historical
2026-02-20,33889,MELON,Melon Dog,0.00011644,0.0,0.0,coinmarketcap_data_api_listings_historical
2026-02-20,33891,TRUMPX,TRUMP X,0.0,0.0,0.0,coinmarketcap_data_api_listings_historical
2026-02-20,1136,ADZ,Adzcoin,0.00124694,0.0,0.0,coinmarketcap_data_api_listings_historical
2026-02-20,1146,AV,AvatarCoin,0.02673022,0.0,0.0,coinmarketcap_data_api_listings_historical
2026-02-20,33917,FTD,42DAO,0.02195071,0.0,0.0,coinmarketcap_data_api_listings_historical
2026-02-20,33920,SAD,SadCat,0.0001036,0.0,0.0,coinmarketcap_data_api_listings_historical
2026-02-20,33921,HOPPY,Based Hoppy,3.259e-05,0.0,0.0,coinmarketcap_data_api_listings_historical
2026-02-20,1155,LTCR,Litecred,0.00098272,0.0,0.0,coinmarketcap_data_api_listings_historical
2026-02-20,1159,SLS,SaluS,9.10891101,0.0,0.0,coinmarketcap_data_api_listings_historical
2026-02-20,33927,DANNY,Degen Danny,7.01e-06,0.0,0.0,coinmarketcap_data_api_listings_historical
2026-02-20,1164,FRN,Francs,0.00230537,0.0,0.0,coinmarketcap_data_api_listings_historical
2026-02-20,1165,EVIL,Evil Coin,0.00205357,0.0,0.0,coinmarketcap_data_api_listings_historical
2026-02-20,17551,DAOSOL,MonkeDAO,102.25187555,0.0,0.0,coinmarketcap_data_api_listings_historical
2026-02-20,33940,PNUT,Peanut the Squirrel on Ethereum,0.0046729,0.0,0.0,coinmarketcap_data_api_listings_historical
2026-02-20,33942,$INA,pepeinatux,0.00024046,0.0,0.0,coinmarketcap_data_api_listings_historical
2026-02-20,1175,RBIES,Rubies,0.00561023,0.0,0.0,coinmarketcap_data_api_listings_historical
2026-02-20,33944,GROGGO,Groggo By Matt Furie,0.00011124,0.0,0.0,coinmarketcap_data_api_listings_historical
2026-02-20,33947,COIN,Coin6900,1.519e-05,0.0,0.0,coinmarketcap_data_api_listings_historical
2026-02-20,33948,LAPUPU,Lapupu,0.00019826,0.0,0.0,coinmarketcap_data_api_listings_historical
2026-02-20,33949,WEL,Welshare Health,0.00044876,0.0,0.0,coinmarketcap_data_api_listings_historical
2026-02-20,17571,BPAD,BLOKPAD,1.843e-05,0.0,0.0,coinmarketcap_data_api_listings_historical
2026-02-20,17573,RPC,Ripio Coin,0.01329919,0.0,0.0,coinmarketcap_data_api_listings_historical
2026-02-20,1194,IMS,Independent Money System,0.00115328,0.0,0.0,coinmarketcap_data_api_listings_historical
2026-02-20,33969,YES,Yes Chad,1.67e-05,0.0,0.0,coinmarketcap_data_api_listings_historical
2026-02-20,33970,GATSBY,Elon Musks dog,3e-08,0.0,0.0,coinmarketcap_data_api_listings_historical
2026-02-20,33971,TODD,todd,1.211e-05,0.0,0.0,coinmarketcap_data_api_listings_historical
2026-02-20,17589,ANML,Animal Concerts,5.46e-06,0.0,0.0,coinmarketcap_data_api_listings_historical
2026-02-20,1209,PEX,PosEx,0.00358899,0.0,0.0,coinmarketcap_data_api_listings_historical
2026-02-20,1210,CAB,Cabbage,0.00108508,0.0,0.0,coinmarketcap_data_api_listings_historical
2026-02-20,1212,MOJO,MojoCoin,0.00486,0.0,0.0,coinmarketcap_data_api_listings_historical
2026-02-20,33980,BABYPNUT,Baby Pnut,1.289e-05,0.0,0.0,coinmarketcap_data_api_listings_historical
2026-02-20,1216,EDRC,EDRCoin,0.00706356,0.0,0.0,coinmarketcap_data_api_listings_historical
2026-02-20,1218,POST,PostCoin,0.00115313,0.0,0.0,coinmarketcap_data_api_listings_historical
2026-02-20,33986,OBOT,OBOT,0.00018829,0.0,0.0,coinmarketcap_data_api_listings_historical
2026-02-20,1223,BERN,BERNcash,0.00098272,0.0,0.0,coinmarketcap_data_api_listings_historical
2026-02-20,33993,DARAM,Daram,1.3e-07,0.0,0.0,coinmarketcap_data_api_listings_historical
2026-02-20,1244,XHI,HiCoin,0.00098272,0.0,0.0,coinmarketcap_data_api_listings_historical
2026-02-20,34014,UNFK,UNFK,0.0,0.0,0.0,coinmarketcap_data_api_listings_historical
2026-02-20,1248,XBTC21,Bitcoin 21,0.00502065,0.0,0.0,coinmarketcap_data_api_listings_historical
2026-02-20,1252,2GIVE,2GIVE,0.00098272,0.0,0.0,coinmarketcap_data_api_listings_historical
2026-02-20,34020,DOGECAST,Dogecast,3.042e-05,0.0,0.0,coinmarketcap_data_api_listings_historical
2026-02-20,1254,XPTX,PlatinumBAR,0.00440185,0.0,0.0,coinmarketcap_data_api_listings_historical
2026-02-20,1257,LANA,LanaCoin,0.00068002,0.0,0.0,coinmarketcap_data_api_listings_historical
2026-02-20,1259,PONZI,PonziCoin,0.00109673,0.0,0.0,coinmarketcap_data_api_listings_historical
2026-02-20,34027,SOLITO,SOLITO,1.118e-05,0.0,0.0,coinmarketcap_data_api_listings_historical
2026-02-20,34031,SHARE,Based Sharon,3.18e-06,0.0,0.0,coinmarketcap_data_api_listings_historical
2026-02-20,34032,BUENO,Bueno,9.96e-06,0.0,0.0,coinmarketcap_data_api_listings_historical
2026-02-20,34033,BNTY,Bounty,5.76e-06,0.0,0.0,coinmarketcap_data_api_listings_historical
2026-02-20,34035,ANR,AiNero,0.06121939,0.0,0.0,coinmarketcap_data_api_listings_historical
2026-02-20,34036,AURORA,Aurora,9.9e-06,0.0,0.0,coinmarketcap_data_api_listings_historical
2026-02-20,34039,RATS,rats (Ethereum),0.04775547,0.0,0.0,coinmarketcap_data_api_listings_historical
2026-02-20,34044,BALTO,BALTO,6e-08,0.0,0.0,coinmarketcap_data_api_listings_historical
2026-02-20,34046,BULL,Wall Street Bull,4.11e-06,0.0,0.0,coinmarketcap_data_api_listings_historical
2026-02-20,1281,ION,ION,33.46826517,0.0,0.0,coinmarketcap_data_api_listings_historical
2026-02-20,1282,HVCO,High Voltage,0.00095124,0.0,0.0,coinmarketcap_data_api_listings_historical
2026-02-20,34050,PARADOX,Paradox (the-base-paradox.com),0.04930891,0.0,0.0,coinmarketcap_data_api_listings_historical
2026-02-20,1285,GB,GoldBlocks,0.00108607,0.0,0.0,coinmarketcap_data_api_listings_historical
2026-02-20,34055,CHATTY,ChatGPT's Mascot,7.833e-05,0.0,0.0,coinmarketcap_data_api_listings_historical
2026-02-20,1291,CMT,Comet,0.00476117,0.0,0.0,coinmarketcap_data_api_listings_historical
2026-02-20,34060,USDX,Stables Labs (USDX),0.01251063,0.0,0.0,coinmarketcap_data_api_listings_historical
2026-02-20,34062,BBT,Baby Tiger,4.75e-06,0.0,0.0,coinmarketcap_data_api_listings_historical
2026-02-20,34068,CHINAU,Chinau,1e-08,0.0,0.0,coinmarketcap_data_api_listings_historical
2026-02-20,34069,BINK,Big Dog Fink,8.055e-05,0.0,0.0,coinmarketcap_data_api_listings_historical
2026-02-20,1306,CJ,Cryptojacks,0.00098272,0.0,0.0,coinmarketcap_data_api_listings_historical
2026-02-20,17690,DIFX,Digital Financial Exchange,0.0846692,0.0,0.0,coinmarketcap_data_api_listings_historical
2026-02-20,34080,VIDEO,Videocoin by Drakula,0.15063482,0.0,0.0,coinmarketcap_data_api_listings_historical
2026-02-20,17698,LBLOCK,Lucky Block v1,9e-08,0.0,0.0,coinmarketcap_data_api_listings_historical
2026-02-20,34084,D.O.G.E,Department Of Government Efficiency(Base),1.581e-05,0.0,0.0,coinmarketcap_data_api_listings_historical
2026-02-20,34085,RNA,RNA,0.0,0.0,0.0,coinmarketcap_data_api_listings_historical
2026-02-20,34107,AGENT,Agents AI,6.869e-05,0.0,0.0,coinmarketcap_data_api_listings_historical
2026-02-20,17724,TRACE,Trace Network Labs,0.00077505,0.0,0.0,coinmarketcap_data_api_listings_historical
2026-02-20,34108,$FLY,$FLY,0.00238323,0.0,0.0,coinmarketcap_data_api_listings_historical
2026-02-20,1351,ACES,Aces,0.00098272,0.0,0.0,coinmarketcap_data_api_listings_historical
2026-02-20,1353,TAJ,TajCoin,0.0011518,0.0,0.0,coinmarketcap_data_api_listings_historical
2026-02-20,34121,NUGGET,Gegagedigedagedago,1.731e-05,0.0,0.0,coinmarketcap_data_api_listings_historical
2026-02-20,17743,JONES,Jones DAO,0.13189539,0.0,0.0,coinmarketcap_data_api_listings_historical
2026-02-20,34134,MAYA,Maya,1.409e-05,0.0,0.0,coinmarketcap_data_api_listings_historical
2026-02-20,1368,VLT,Veltor,0.00345985,0.0,0.0,coinmarketcap_data_api_listings_historical
2026-02-20,34136,DREAM,Dreamcoins,1.897e-05,0.0,0.0,coinmarketcap_data_api_listings_historical
2026-02-20,34137,CROAK,Croak,9.942e-05,0.0,0.0,coinmarketcap_data_api_listings_historical
2026-02-20,34139,RAVANA,Ravana,0.0,0.0,0.0,coinmarketcap_data_api_listings_historical
2026-02-20,34146,FROX,Frox,8e-06,0.0,0.0,coinmarketcap_data_api_listings_historical
2026-02-20,34150,KAT,NearKat,4.059e-05,0.0,0.0,coinmarketcap_data_api_listings_historical
2026-02-20,17770,NXTT,NextEarth,1.05e-06,0.0,0.0,coinmarketcap_data_api_listings_historical
2026-02-20,17772,SOCA,Socaverse,6e-08,0.0,0.0,coinmarketcap_data_api_listings_historical
2026-02-20,1389,ZYD,Zayedcoin,0.0010642,0.0,0.0,coinmarketcap_data_api_listings_historical
2026-02-20,1395,DLC,Dollarcoin,0.00087478,0.0,0.0,coinmarketcap_data_api_listings_historical
2026-02-20,1396,MST,MustangCoin,0.00897049,0.0,0.0,coinmarketcap_data_api_listings_historical
2026-02-20,17786,RING,OneRing,0.00043683,0.0,0.0,coinmarketcap_data_api_listings_historical
2026-02-20,34174,BABYSOL,Baby Solana,6.223e-05,0.0,0.0,coinmarketcap_data_api_listings_historical
2026-02-20,34185,PIM,PIM,1.022e-05,0.0,0.0,coinmarketcap_data_api_listings_historical
2026-02-20,34188,DESCI,DeSci Meme,0.0,0.0,0.0,coinmarketcap_data_api_listings_historical
2026-02-20,34189,BTCACT,BITCOIN Act,0.00225627,0.0,0.0,coinmarketcap_data_api_listings_historical
2026-02-20,34190,WAWA,Wawa Cat,2.663e-05,0.0,0.0,coinmarketcap_data_api_listings_historical
2026-02-20,34194,HELA,Science Cult Mascot,2.27e-05,0.0,0.0,coinmarketcap_data_api_listings_historical
2026-02-20,34198,SOLCAT,SOLCAT,3.55e-06,0.0,0.0,coinmarketcap_data_api_listings_historical
2026-02-20,17818,RADR,CoinRadr,0.00011692,0.0,0.0,coinmarketcap_data_api_listings_historical
2026-02-20,1439,ASAFE,AllSafe,0.0016542,0.0,0.0,coinmarketcap_data_api_listings_historical
2026-02-20,34208,JUSTICE,Justice for Pnut and Fred,1.231e-05,0.0,0.0,coinmarketcap_data_api_listings_historical
2026-02-20,34214,ASPIRIN,Aspirin,0.0,0.0,0.0,coinmarketcap_data_api_listings_historical
2026-02-20,34221,BONKEY,Bonkey,1.833e-05,0.0,0.0,coinmarketcap_data_api_listings_historical
2026-02-20,17839,LENDA,Lenda,0.00010117,0.0,0.0,coinmarketcap_data_api_listings_historical
2026-02-20,34223,NAVAL,PATCHWORK NAVAL,1.608e-05,0.0,0.0,coinmarketcap_data_api_listings_historical
2026-02-20,34230,NFNT,NFINITY AI,0.00018258,0.0,0.0,coinmarketcap_data_api_listings_historical
2026-02-20,1468,KURT,Kurrent,0.00088882,0.0,0.0,coinmarketcap_data_api_listings_historical
2026-02-20,34241,CRISPR,CRISPR,0.0,0.0,0.0,coinmarketcap_data_api_listings_historical
2026-02-20,1474,ENT,Eternity,0.00178659,0.0,0.0,coinmarketcap_data_api_listings_historical
2026-02-20,34244,DJI,Doge Jones Industrial Average,2.618e-05,0.0,0.0,coinmarketcap_data_api_listings_historical
2026-02-20,34251,FLOWER,FlowerAI,2.349e-05,0.0,0.0,coinmarketcap_data_api_listings_historical
2026-02-20,1495,POSW,PoSW Coin,0.00092836,0.0,0.0,coinmarketcap_data_api_listings_historical
2026-02-20,34266,KEYCAT,Keyboard Cat(keycatsol.com),4.037e-05,0.0,0.0,coinmarketcap_data_api_listings_historical
2026-02-20,34267,BLOB,Blob(belikeblob.com),1.299e-05,0.0,0.0,coinmarketcap_data_api_listings_historical
2026-02-20,1500,WINGS,Wings,0.00287239,0.0,0.0,coinmarketcap_data_api_listings_historical
2026-02-20,1503,JUP,Jupiter,0.00021402,0.0,0.0,coinmarketcap_data_api_listings_historical
2026-02-20,17888,ABCD,Crypto Inu,0.0,0.0,0.0,coinmarketcap_data_api_listings_historical
2026-02-20,1511,VIDZ,PureVidz,0.00098272,0.0,0.0,coinmarketcap_data_api_listings_historical
2026-02-20,17895,MARTIA,Colonize Mars,2.65e-06,0.0,0.0,coinmarketcap_data_api_listings_historical
2026-02-20,1514,ICOB,ICOBID,0.00098272,0.0,0.0,coinmarketcap_data_api_listings_historical
2026-02-20,1515,IBANK,iBank,0.00098272,0.0,0.0,coinmarketcap_data_api_listings_historical
2026-02-20,34283,JORGIE,Monkey Taken By Police,2.006e-05,0.0,0.0,coinmarketcap_data_api_listings_historical
2026-02-20,1522,FRST,FirstCoin,0.00018229,0.0,0.0,coinmarketcap_data_api_listings_historical
2026-02-20,1528,ICON,Iconic,0.00267114,0.0,0.0,coinmarketcap_data_api_listings_historical
2026-02-20,34296,ELF,Buddy The Elf,5.71e-06,0.0,0.0,coinmarketcap_data_api_listings_historical
2026-02-20,34299,MONET,Claude Monet Memeory Coin,0.00042304,0.0,0.0,coinmarketcap_data_api_listings_historical
2026-02-20,34300,SIZE,Size,6.159e-05,0.0,0.0,coinmarketcap_data_api_listings_historical
2026-02-20,34301,LESLIE,Leslie,1.58e-05,0.0,0.0,coinmarketcap_data_api_listings_historical
2026-02-20,34303,KAPPY,Kappy,1.628e-05,0.0,0.0,coinmarketcap_data_api_listings_historical
2026-02-20,34313,OLAF,OLAF,8.82e-06,0.0,0.0,coinmarketcap_data_api_listings_historical
2026-02-20,1546,CNT,Centurion,0.00098272,0.0,0.0,coinmarketcap_data_api_listings_historical
2026-02-20,1558,ARGUS,Argus,0.00098272,0.0,0.0,coinmarketcap_data_api_listings_historical
2026-02-20,34326,AVA,AVA Chiang Mai Night Safari,1.628e-05,0.0,0.0,coinmarketcap_data_api_listings_historical
2026-02-20,34329,BIO,bioDAOs,0.0,0.0,0.0,coinmarketcap_data_api_listings_historical
2026-02-20,1562,SWT,Swarm City,0.00895013,0.0,0.0,coinmarketcap_data_api_listings_historical
2026-02-20,34334,DYOR,DYOR,0.0001901,0.0,0.0,coinmarketcap_data_api_listings_historical
2026-02-20,34338,MORTY,Morty,1.074e-05,0.0,0.0,coinmarketcap_data_api_listings_historical
2026-02-20,1582,NETKO,Netko,0.00568496,0.0,0.0,coinmarketcap_data_api_listings_historical
2026-02-20,34356,CATGUY,Roscoe,7.23e-06,0.0,0.0,coinmarketcap_data_api_listings_historical
2026-02-20,34362,CHILLGUY,CHILLGUY (ETHEREUM),6.798e-05,0.0,0.0,coinmarketcap_data_api_listings_historical
2026-02-20,34366,DMT-NAT,NAT,5e-08,0.0,0.0,coinmarketcap_data_api_listings_historical
2026-02-20,34369,MEOW,Meow,5.43e-06,0.0,0.0,coinmarketcap_data_api_listings_historical
2026-02-20,34370,HGT,Project Hive,1.134e-05,0.0,0.0,coinmarketcap_data_api_listings_historical
2026-02-20,34371,XRPETF,XRP ETF,0.0,0.0,0.0,coinmarketcap_data_api_listings_historical
2026-02-20,34381,XRP2,XRP2.0,0.0,0.0,0.0,coinmarketcap_data_api_listings_historical
2026-02-20,34382,SLIMER,SLIMER,6.9e-07,0.0,0.0,coinmarketcap_data_api_listings_historical
2026-02-20,34384,DAY,Dayhub,0.00532208,0.0,0.0,coinmarketcap_data_api_listings_historical
2026-02-20,1619,SKY,Skycoin,0.02181156,0.0,0.0,coinmarketcap_data_api_listings_historical
2026-02-20,34389,PEACE,PeacePal AI,2.255e-05,0.0,0.0,coinmarketcap_data_api_listings_historical
2026-02-20,1623,BLAZR,BlazerCoin,0.00098272,0.0,0.0,coinmarketcap_data_api_listings_historical
2026-02-20,34393,RURI,Ruri - Truth Terminal's Crush,2.157e-05,0.0,0.0,coinmarketcap_data_api_listings_historical
2026-02-20,1629,ZENI,Zennies,0.00023,0.0,0.0,coinmarketcap_data_api_listings_historical
2026-02-20,1630,CXT,Coinonat,0.00098272,0.0,0.0,coinmarketcap_data_api_listings_historical
2026-02-20,1632,CONX,Concoin,0.00196545,0.0,0.0,coinmarketcap_data_api_listings_historical
2026-02-20,34403,BASEPRINTER,BasePrinter,1.131e-05,0.0,0.0,coinmarketcap_data_api_listings_historical
2026-02-20,1638,TRST,WeTrust,0.00048458,0.0,0.0,coinmarketcap_data_api_listings_historical
2026-02-20,18022,BSK-BAA025,Beskar,9e-08,0.0,0.0,coinmarketcap_data_api_listings_historical
2026-02-20,34413,$XRPWIF,xrpwifhat,0.0,0.0,0.0,coinmarketcap_data_api_listings_historical
2026-02-20,34414,SAFU,SAFU,2.496e-05,0.0,0.0,coinmarketcap_data_api_listings_historical
2026-02-20,34415,BOSSUS,Boss US,0.0,0.0,0.0,coinmarketcap_data_api_listings_historical
2026-02-20,1651,SCS,SpeedCash,0.00788125,0.0,0.0,coinmarketcap_data_api_listings_historical
2026-02-20,18035,DOGE-1,Doge-1 Mission to the moon,1e-08,0.0,0.0,coinmarketcap_data_api_listings_historical
2026-02-20,34419,CHANT,Bloodline chanting my name,1.477e-05,0.0,0.0,coinmarketcap_data_api_listings_historical
2026-02-20,34421,GMIX,One,0.00779753,0.0,0.0,coinmarketcap_data_api_listings_historical
2026-02-20,1657,VOLT,Bitvolt,0.00098272,0.0,0.0,coinmarketcap_data_api_listings_historical
2026-02-20,34425,LLM,LLM,8.25e-06,0.0,0.0,coinmarketcap_data_api_listings_historical
2026-02-20,1658,LUN,Lunyr,0.00526757,0.0,0.0,coinmarketcap_data_api_listings_historical
2026-02-20,34427,JAK,Jak,3.627e-05,0.0,0.0,coinmarketcap_data_api_listings_historical
2026-02-20,1660,TKN,Monolith,0.07707359,0.0,0.0,coinmarketcap_data_api_listings_historical
2026-02-20,34428,HAWK,Hawk Tuah (overhere.gg),9.564e-05,0.0,0.0,coinmarketcap_data_api_listings_historical
2026-02-20,34429,MISATO,MISATO,4.521e-05,0.0,0.0,coinmarketcap_data_api_listings_historical
2026-02-20,18059,QMALL,QMALL TOKEN,0.02312182,0.0,0.0,coinmarketcap_data_api_listings_historical
2026-02-20,34450,LMI,Lockheed Martin Inu,0.00027941,0.0,0.0,coinmarketcap_data_api_listings_historical
2026-02-20,1693,MAY,Theresa May Coin,0.00098272,0.0,0.0,coinmarketcap_data_api_listings_historical
2026-02-20,34461,SANTA,Santa,0.00186424,0.0,0.0,coinmarketcap_data_api_listings_historical
2026-02-20,34462,DOPAMINE,DOPAMINE,0.0,0.0,0.0,coinmarketcap_data_api_listings_historical
2026-02-20,34475,X314,X314,7.1e-06,0.0,0.0,coinmarketcap_data_api_listings_historical
2026-02-20,1708,PTOY,Patientory,0.0007635,0.0,0.0,coinmarketcap_data_api_listings_historical
2026-02-20,1710,VERI,Veritaseum,13.92039745,0.0,0.0,coinmarketcap_data_api_listings_historical
2026-02-20,34478,GATO,Gato CTO,1.008e-05,0.0,0.0,coinmarketcap_data_api_listings_historical
2026-02-20,34485,BOBLS,Boblles,1.979e-05,0.0,0.0,coinmarketcap_data_api_listings_historical
2026-02-20,34488,GOBI,GOBI,1.271e-05,0.0,0.0,coinmarketcap_data_api_listings_historical
2026-02-20,18109,RUBY,Ruby Play Network,0.0001256,0.0,0.0,coinmarketcap_data_api_listings_historical
2026-02-20,18115,SHL,Shelling,1e-07,0.0,0.0,coinmarketcap_data_api_listings_historical
2026-02-20,1736,UNIFY,Unify,0.00156915,0.0,0.0,coinmarketcap_data_api_listings_historical
2026-02-20,34506,LIMITLESS,Limitless,0.00019701,0.0,0.0,coinmarketcap_data_api_listings_historical
2026-02-20,1747,ONX,Onix,0.00098272,0.0,0.0,coinmarketcap_data_api_listings_historical
2026-02-20,1750,GXC,GXChain,0.37929419,0.0,0.0,coinmarketcap_data_api_listings_historical
2026-02-20,34519,PEPE,Pepe on Sui,0.0,0.0,0.0,coinmarketcap_data_api_listings_historical
2026-02-20,34523,LUFFY,Luffy Mugiwara,2.77e-06,0.0,0.0,coinmarketcap_data_api_listings_historical
2026-02-20,34524,$S$,SPERO,5e-08,0.0,0.0,coinmarketcap_data_api_listings_historical
2026-02-20,34530,$OTTO,Otto,9.26e-06,0.0,0.0,coinmarketcap_data_api_listings_historical
2026-02-20,1774,SOCC,SocialCoin,0.00057851,0.0,0.0,coinmarketcap_data_api_listings_historical
2026-02-20,34542,HODI,Cat in Hoodie,1.789e-05,0.0,0.0,coinmarketcap_data_api_listings_historical
2026-02-20,1779,WGR,Wagerr,0.00150032,0.0,0.0,coinmarketcap_data_api_listings_historical
2026-02-20,1784,PLBT,Polybius,0.31948274,0.0,0.0,coinmarketcap_data_api_listings_historical
2026-02-20,34554,DNAPEPE,DNA PEPE,0.0,0.0,0.0,coinmarketcap_data_api_listings_historical
2026-02-20,18172,BULT,Bullit,0.00061886,0.0,0.0,coinmarketcap_data_api_listings_historical
2026-02-20,34559,AFITR,A Fork in the Road,1.645e-05,0.0,0.0,coinmarketcap_data_api_listings_historical
2026-02-20,34560,MEAI,MeAI,7.46e-06,0.0,0.0,coinmarketcap_data_api_listings_historical
2026-02-20,34561,RAGS,RAGSCOIN2.0,0.00127587,0.0,0.0,coinmarketcap_data_api_listings_historical
2026-02-20,1807,SAN,Santiment Network Token,0.06464288,0.0,0.0,coinmarketcap_data_api_listings_historical
2026-02-20,34576,PEPEDNA,PEPE DNA,0.0,0.0,0.0,coinmarketcap_data_api_listings_historical
2026-02-20,34595,RZ,RZcoin,197.70942593,0.0,0.0,coinmarketcap_data_api_listings_historical
2026-02-20,34599,SSSSS,Snake wif Hat,1.71e-05,0.0,0.0,coinmarketcap_data_api_listings_historical
2026-02-20,34603,TUPE,Turtle Pepe,1.733e-05,0.0,0.0,coinmarketcap_data_api_listings_historical
2026-02-20,34604,DUSTY,DUSTY,0.0,0.0,0.0,coinmarketcap_data_api_listings_historical
2026-02-20,34607,WORKIE,Workie,1.583e-05,0.0,0.0,coinmarketcap_data_api_listings_historical
2026-02-20,1846,GSR,GeyserCoin,0.00230657,0.0,0.0,coinmarketcap_data_api_listings_historical
2026-02-20,34616,BONE,Fleabone,3e-08,0.0,0.0,coinmarketcap_data_api_listings_historical
2026-02-20,18236,TITI,Titi Financial,0.0,0.0,0.0,coinmarketcap_data_api_listings_historical
2026-02-20,34622,BUCK,BUCK INU,1e-07,0.0,0.0,coinmarketcap_data_api_listings_historical
2026-02-20,18239,SSU,Sunny Side up,0.00070786,0.0,0.0,coinmarketcap_data_api_listings_historical
2026-02-20,18248,SOMM,Sommelier,0.00044247,0.0,0.0,coinmarketcap_data_api_listings_historical
2026-02-20,34632,KNOT,Knot Diffie-Hellman,9.148e-05,0.0,0.0,coinmarketcap_data_api_listings_historical
2026-02-20,1878,SHDW,Shadow Token,0.00348388,0.0,0.0,coinmarketcap_data_api_listings_historical
2026-02-20,1881,ONION,DeepOnion,0.0346733,0.0,0.0,coinmarketcap_data_api_listings_historical
2026-02-20,34650,SERAPH,Seraph by Virtuals,2.986e-05,0.0,0.0,coinmarketcap_data_api_listings_historical
2026-02-20,34651,AIYP,Agent YP by Virtuals,0.0001249,0.0,0.0,coinmarketcap_data_api_listings_historical
2026-02-20,34655,GEMINI,Gemini,0.00013206,0.0,0.0,coinmarketcap_data_api_listings_historical
2026-02-20,1888,IFT,InvestFeed,0.00099328,0.0,0.0,coinmarketcap_data_api_listings_historical
2026-02-20,34658,PISCES,Pisces,8.046e-05,0.0,0.0,coinmarketcap_data_api_listings_historical
2026-02-20,18275,MSC,MetaSwap,3.59676557,0.0,0.0,coinmarketcap_data_api_listings_historical
2026-02-20,34660,LEO,Leo,7.057e-05,0.0,0.0,coinmarketcap_data_api_listings_historical
2026-02-20,34661,TAURUS,Taurus,6.445e-05,0.0,0.0,coinmarketcap_data_api_listings_historical
2026-02-20,34662,AQUARIUS,Aquarius,6.491e-05,0.0,0.0,coinmarketcap_data_api_listings_historical
2026-02-20,34663,CAPRICORN,Capricorn,6.261e-05,0.0,0.0,coinmarketcap_data_api_listings_historical
2026-02-20,34664,ARIES,Aries,6.538e-05,0.0,0.0,coinmarketcap_data_api_listings_historical
2026-02-20,34665,SCORPIO,Scorpio,6.241e-05,0.0,0.0,coinmarketcap_data_api_listings_historical
2026-02-20,34666,CANCER,Cancer,6.202e-05,0.0,0.0,coinmarketcap_data_api_listings_historical
2026-02-20,34667,SAGIT,Sagittarius,6.11e-05,0.0,0.0,coinmarketcap_data_api_listings_historical
2026-02-20,34668,LIBRA,Libra,7.608e-05,0.0,0.0,coinmarketcap_data_api_listings_historical
2026-02-20,34669,NFTXBT,nftxbt by Virtuals,4.423e-05,0.0,0.0,coinmarketcap_data_api_listings_historical
2026-02-20,34670,GUAN,Guanciale by Virtuals,4.255e-05,0.0,0.0,coinmarketcap_data_api_listings_historical
2026-02-20,1908,NAS,Nebulas,1.999e-05,0.0,0.0,coinmarketcap_data_api_listings_historical
2026-02-20,18293,WEB3,Web3 Doge,0.0,0.0,0.0,coinmarketcap_data_api_listings_historical
2026-02-20,34678,AI9000,ai9000,2.719e-05,0.0,0.0,coinmarketcap_data_api_listings_historical
2026-02-20,34680,AIAGENT,Casper AI,5.01e-06,0.0,0.0,coinmarketcap_data_api_listings_historical
2026-02-20,1918,ACT,Achain,0.00033066,0.0,0.0,coinmarketcap_data_api_listings_historical
2026-02-20,34686,M-BTC,Merlin Chain (M-BTC),66954.04941544,0.0,0.0,coinmarketcap_data_api_listings_historical
2026-02-20,34694,BOMI,Book of Miggles,0.25211984,0.0,0.0,coinmarketcap_data_api_listings_historical
2026-02-20,34709,CGX,Chill Guy Xmas,5.38e-06,0.0,0.0,coinmarketcap_data_api_listings_historical
2026-02-20,1949,DLT,Agrello,0.00077119,0.0,0.0,coinmarketcap_data_api_listings_historical
2026-02-20,34724,RSP,Reality Spiral,3e-08,0.0,0.0,coinmarketcap_data_api_listings_historical
2026-02-20,34725,NIKITA,Nikita,2.603e-05,0.0,0.0,coinmarketcap_data_api_listings_historical
2026-02-20,1962,BUZZ,BUZZCoin,3.24e-05,0.0,0.0,coinmarketcap_data_api_listings_historical
2026-02-20,18348,VIS,Envision,0.00125551,0.0,0.0,coinmarketcap_data_api_listings_historical
2026-02-20,18349,FPAD,FantomPAD,0.00098692,0.0,0.0,coinmarketcap_data_api_listings_historical
2026-02-20,34734,SFG,SolForge Fusion,0.03100207,0.0,0.0,coinmarketcap_data_api_listings_historical
2026-02-20,1967,IND,Indorse Token,0.00109325,0.0,0.0,coinmarketcap_data_api_listings_historical
2026-02-20,34737,INKY,Inkryptus,1.57486035,0.0,0.0,coinmarketcap_data_api_listings_historical
2026-02-20,1970,ATB,ATBCoin,0.0009846,0.0,0.0,coinmarketcap_data_api_listings_historical
2026-02-20,34745,DEGEX,Degen Express,6.54e-06,0.0,0.0,coinmarketcap_data_api_listings_historical
2026-02-20,34751,FARM,FARM,0.03516345,0.0,0.0,coinmarketcap_data_api_listings_historical
2026-02-20,1984,SUB,Substratum,0.00010915,0.0,0.0,coinmarketcap_data_api_listings_historical
2026-02-20,18381,BABYCATS,Baby Cat Coin,0.0,0.0,0.0,coinmarketcap_data_api_listings_historical
2026-02-20,18397,HARE PLUS,Hare Plus,0.0,0.0,0.0,coinmarketcap_data_api_listings_historical
2026-02-20,34784,X,Free Speech,0.0002318,0.0,0.0,coinmarketcap_data_api_listings_historical
2026-02-20,34788,OPAI,Optopia,8.1e-07,0.0,0.0,coinmarketcap_data_api_listings_historical
2026-02-20,34802,SUICY,Suicy the Seal,9.08e-06,0.0,0.0,coinmarketcap_data_api_listings_historical
2026-02-20,34811,TRENCHAI,Trenches AI,0.00011555,0.0,0.0,coinmarketcap_data_api_listings_historical
2026-02-20,34817,MOLECULE,Molecule,0.0,0.0,0.0,coinmarketcap_data_api_listings_historical
2026-02-20,34819,PYRATE,PYRATE,4.32e-06,0.0,0.0,coinmarketcap_data_api_listings_historical
2026-02-20,34823,HERIA,Astheria,8.09e-06,0.0,0.0,coinmarketcap_data_api_listings_historical
2026-02-20,34824,SKINUT,Skimask Pnut,1.625e-05,0.0,0.0,coinmarketcap_data_api_listings_historical
2026-02-20,34825,SOWL,Sowlana,2.78e-06,0.0,0.0,coinmarketcap_data_api_listings_historical
2026-02-20,34826,MSI,Monkey Sol Inu,5.95e-06,0.0,0.0,coinmarketcap_data_api_listings_historical
2026-02-20,34829,PEPEC,Pepe Clanker,0.04842106,0.0,0.0,coinmarketcap_data_api_listings_historical
2026-02-20,34831,GMG,Goblin Mine Game,0.0003029,0.0,0.0,coinmarketcap_data_api_listings_historical
2026-02-20,34832,SYNDOG,Synthesizer Dog,1.78e-05,0.0,0.0,coinmarketcap_data_api_listings_historical
2026-02-20,18453,BETS,BetSwirl,3.057e-05,0.0,0.0,coinmarketcap_data_api_listings_historical
2026-02-20,34842,DEPINS,DePINs,7.7e-07,0.0,0.0,coinmarketcap_data_api_listings_historical
2026-02-20,2076,BLUE,Blue Protocol,0.00079343,0.0,0.0,coinmarketcap_data_api_listings_historical
2026-02-20,2081,AMB,Ascendia (ex AirDAO),5.3e-06,0.0,0.0,coinmarketcap_data_api_listings_historical
2026-02-20,34852,AKITA,AKITA-BSC,5.25e-06,0.0,0.0,coinmarketcap_data_api_listings_historical
2026-02-20,18471,LETSGO,Lets Go Brandon,0.0,0.0,0.0,coinmarketcap_data_api_listings_historical
2026-02-20,34858,BRETT2.0,Brett 2.0,2.739e-05,0.0,0.0,coinmarketcap_data_api_listings_historical
2026-02-20,34863,BEPE,BEPE,6.306e-05,0.0,0.0,coinmarketcap_data_api_listings_historical
2026-02-20,34866,KEKE,KEKE Terminal,7.806e-05,0.0,0.0,coinmarketcap_data_api_listings_historical
2026-02-20,34870,VTRV,VITRAVERSE,0.00565284,0.0,0.0,coinmarketcap_data_api_listings_historical
2026-02-20,2104,IETH,iEthereum,0.01315911,0.0,0.0,coinmarketcap_data_api_listings_historical
2026-02-20,34877,QAAGAI,QAAGAI,0.0001463,0.0,0.0,coinmarketcap_data_api_listings_historical
2026-02-20,34891,DORA,DORA AI by Virtuals,0.00016816,0.0,0.0,coinmarketcap_data_api_listings_historical
2026-02-20,34895,VAIN,Vainguard,3.557e-05,0.0,0.0,coinmarketcap_data_api_listings_historical
2026-02-20,34897,VU,Velvet Unicorn by Virtuals,0.00019025,0.0,0.0,coinmarketcap_data_api_listings_historical
2026-02-20,34898,OLYN,Olyn by Virtuals,0.00026622,0.0,0.0,coinmarketcap_data_api_listings_historical
2026-02-20,18515,SAFUU,Safuu,0.11967152,0.0,0.0,coinmarketcap_data_api_listings_historical
2026-02-20,34899,CERTAI,CertaiK by Virtuals,0.00010165,0.0,0.0,coinmarketcap_data_api_listings_historical
2026-02-20,34900,DEGENC,Degen Capital by Virtuals,0.00012556,0.0,0.0,coinmarketcap_data_api_listings_historical
2026-02-20,34901,VIRTU,Virtu by Virtuals,6.676e-05,0.0,0.0,coinmarketcap_data_api_listings_historical
2026-02-20,34903,BOB,Breakout Bro by Virtuals,1.907e-05,0.0,0.0,coinmarketcap_data_api_listings_historical
2026-02-20,2136,ATL,ATLANT,0.00218754,0.0,0.0,coinmarketcap_data_api_listings_historical
2026-02-20,18520,OATH,Oath,0.0001377,0.0,0.0,coinmarketcap_data_api_listings_historical
2026-02-20,34905,OXI,Oxbull,0.0376813,0.0,0.0,coinmarketcap_data_api_listings_historical
2026-02-20,34906,MDTI,MEDITOC,0.00019981,0.0,0.0,coinmarketcap_data_api_listings_historical
2026-02-20,34908,BEAR,BeerBear,0.00013179,0.0,0.0,coinmarketcap_data_api_listings_historical
2026-02-20,34924,SONIC,Sonic,5e-08,0.0,0.0,coinmarketcap_data_api_listings_historical
2026-02-20,34939,BETH,Beth,7.82e-06,0.0,0.0,coinmarketcap_data_api_listings_historical
2026-02-20,34941,KOVU,Red Siberian Husky,8.35e-06,0.0,0.0,coinmarketcap_data_api_listings_historical
2026-02-20,2178,UFR,Upfiring,0.00230396,0.0,0.0,coinmarketcap_data_api_listings_historical
2026-02-20,34950,SUCHIR,JUSTICE FOR SUCHIR,3.057e-05,0.0,0.0,coinmarketcap_data_api_listings_historical
2026-02-20,2184,PRIX,Privatix,0.00923456,0.0,0.0,coinmarketcap_data_api_listings_historical
2026-02-20,34962,SAAD,Saad Boi,7.013e-05,0.0,0.0,coinmarketcap_data_api_listings_historical
2026-02-20,34966,MINIDOGE,Minidoge (mini-doge.com),1.882e-05,0.0,0.0,coinmarketcap_data_api_listings_historical
2026-02-20,34970,$KEKIUS,Kekius Maximus (kekius.club),0.0,0.0,0.0,coinmarketcap_data_api_listings_historical
2026-02-20,34972,KEKIUS,Kekius Maximus (kekiusmaximus.wtf),1.053e-05,0.0,0.0,coinmarketcap_data_api_listings_historical
2026-02-20,18590,SKO,Sugar Kingdom Odyssey,0.00026682,0.0,0.0,coinmarketcap_data_api_listings_historical
2026-02-20,2208,DNA,EncrypGen,0.00608428,0.0,0.0,coinmarketcap_data_api_listings_historical
2026-02-20,34982,HADES,HadesAI by Virtuals,2.319e-05,0.0,0.0,coinmarketcap_data_api_listings_historical
2026-02-20,34985,SYRAX,Syrax AI,0.00648897,0.0,0.0,coinmarketcap_data_api_listings_historical
2026-02-20,34996,SETAI,SETAI Agents,0.00030918,0.0,0.0,coinmarketcap_data_api_listings_historical
2026-02-20,34998,SPECTRA,Spectra,0.00606,0.0,0.0,coinmarketcap_data_api_listings_historical
2026-02-20,35000,AIVA,AI Voice Agents,5.75e-06,0.0,0.0,coinmarketcap_data_api_listings_historical
2026-02-20,35003,BRYAN,DrPepe.ai,0.0,0.0,0.0,coinmarketcap_data_api_listings_historical
2026-02-20,35004,AVRK,Avarik Saga,0.00084879,0.0,0.0,coinmarketcap_data_api_listings_historical
2026-02-20,35006,TARDI,Tardi,0.00017976,0.0,0.0,coinmarketcap_data_api_listings_historical
2026-02-20,18627,CNC,Cornatto,6.81e-06,0.0,0.0,coinmarketcap_data_api_listings_historical
2026-02-20,35012,ORCL,Oracle,0.00120106,0.0,0.0,coinmarketcap_data_api_listings_historical
2026-02-20,35013,DESCIAI,DeSci AI Agent,0.0,0.0,0.0,coinmarketcap_data_api_listings_historical
2026-02-20,35018,ASSAI,ASSAI,7.16e-06,0.0,0.0,coinmarketcap_data_api_listings_historical
2026-02-20,35021,IONA,Iona by Virtuals,0.00030004,0.0,0.0,coinmarketcap_data_api_listings_historical
2026-02-20,35022,SAGE,0xsim by Virtuals,6.09e-06,0.0,0.0,coinmarketcap_data_api_listings_historical
2026-02-20,35023,ROCKET,AI ROCKET by Virtuals,8.223e-05,0.0,0.0,coinmarketcap_data_api_listings_historical
2026-02-20,35024,SENKU,Senku Ishigami by Virtuals,2.115e-05,0.0,0.0,coinmarketcap_data_api_listings_historical
2026-02-20,35025,PEAGUY,The Pea Guy by Virtuals,1.158e-05,0.0,0.0,coinmarketcap_data_api_listings_historical
2026-02-20,18646,TINC,Tiny Coin,0.00154978,0.0,0.0,coinmarketcap_data_api_listings_historical
2026-02-20,35033,PNDN,Pandana,3.931e-05,0.0,0.0,coinmarketcap_data_api_listings_historical
2026-02-20,35039,TRAI,Trackgood AI,6.558e-05,0.0,0.0,coinmarketcap_data_api_listings_historical
2026-02-20,35042,COAI,COTI AI Agents,3.591e-05,0.0,0.0,coinmarketcap_data_api_listings_historical
2026-02-20,2282,SBTC,Super Bitcoin,0.11498711,0.0,0.0,coinmarketcap_data_api_listings_historical
2026-02-20,2288,WRC,Worldcore,3.092e-05,0.0,0.0,coinmarketcap_data_api_listings_historical
2026-02-20,35060,PAWSY,Bark Ruffalo by Virtuals,2.106e-05,0.0,0.0,coinmarketcap_data_api_listings_historical
2026-02-20,2293,UBTC,United Bitcoin,1.6465755,0.0,0.0,coinmarketcap_data_api_listings_historical
2026-02-20,35062,PADRE,Padre,0.00055521,0.0,0.0,coinmarketcap_data_api_listings_historical
2026-02-20,2295,STAR,Starbase,4e-06,0.0,0.0,coinmarketcap_data_api_listings_historical
2026-02-20,35071,COQAI,COQ AI,7.162e-05,0.0,0.0,coinmarketcap_data_api_listings_historical
2026-02-20,35074,STORAGENT,STORAGENT,6.4e-06,0.0,0.0,coinmarketcap_data_api_listings_historical
2026-02-20,2307,BIX,Bibox Token,0.00340004,0.0,0.0,coinmarketcap_data_api_listings_historical
2026-02-20,35081,WEBSIM,The Css God by Virtuals,7.811e-05,0.0,0.0,coinmarketcap_data_api_listings_historical
2026-02-20,18699,SHD,Shade Protocol,0.11926633,0.0,0.0,coinmarketcap_data_api_listings_historical
2026-02-20,35084,H4CK,H4CK Terminal by Virtuals,6.565e-05,0.0,0.0,coinmarketcap_data_api_listings_historical
2026-02-20,2318,NEU,Neumark,0.00381088,0.0,0.0,coinmarketcap_data_api_listings_historical
2026-02-20,35088,SIM,Assimilate,0.00025039,0.0,0.0,coinmarketcap_data_api_listings_historical
2026-02-20,35089,PEPEAI,Pepe AI Agent,0.0,0.0,0.0,coinmarketcap_data_api_listings_historical
2026-02-20,18707,POLYCUB,PolyCub,0.00193776,0.0,0.0,coinmarketcap_data_api_listings_historical
2026-02-20,35100,KEKIUS,Kekius Maximus (kekiusbsc.world),8.8e-07,0.0,0.0,coinmarketcap_data_api_listings_historical
2026-02-20,35116,FOCAI,Focai.fun,1.615e-05,0.0,0.0,coinmarketcap_data_api_listings_historical
2026-02-20,35123,ATA,ATA by Virtuals,2.472e-05,0.0,0.0,coinmarketcap_data_api_listings_historical
2026-02-20,35128,POPPY,Poppy,1.831e-05,0.0,0.0,coinmarketcap_data_api_listings_historical
2026-02-20,35129,WTON,Wrapped TON,1.3477,0.0,0.0,coinmarketcap_data_api_listings_historical
2026-02-20,35133,FRGB,Pepe's Frogbar,5e-08,0.0,0.0,coinmarketcap_data_api_listings_historical
2026-02-20,2370,GOD,Bitcoin God,0.52674371,0.0,0.0,coinmarketcap_data_api_listings_historical
2026-02-20,35138,NORA,NORA,1.031e-05,0.0,0.0,coinmarketcap_data_api_listings_historical
2026-02-20,35140,N2,Niggachain AI Layer 2,3.877e-05,0.0,0.0,coinmarketcap_data_api_listings_historical
2026-02-20,18758,MONEY,Moremoney USD,0.67391735,0.0,0.0,coinmarketcap_data_api_listings_historical
2026-02-20,35142,SLAYER,ThreatSlayerAI by Virtuals,1.261e-05,0.0,0.0,coinmarketcap_data_api_listings_historical
2026-02-20,35143,DXAI,DXAI.app by Virtuals,1.947e-05,0.0,0.0,coinmarketcap_data_api_listings_historical
2026-02-20,35149,NOMAI,nomAI,0.00013918,0.0,0.0,coinmarketcap_data_api_listings_historical
2026-02-20,35151,OMNI,Omnis Genesis by Virtuals,2.525e-05,0.0,0.0,coinmarketcap_data_api_listings_historical
2026-02-20,35152,DRPXBT,Hunter by Virtuals,2.871e-05,0.0,0.0,coinmarketcap_data_api_listings_historical
2026-02-20,35153,POD,Podflow AI by Virtuals,3.701e-05,0.0,0.0,coinmarketcap_data_api_listings_historical
2026-02-20,18770,GLINK,Gemlink,0.00254923,0.0,0.0,coinmarketcap_data_api_listings_historical
2026-02-20,35154,SUGR,Sugar,1e-05,0.0,0.0,coinmarketcap_data_api_listings_historical
2026-02-20,35155,STSHIP,Starship On Solana,2.9e-07,0.0,0.0,coinmarketcap_data_api_listings_historical
2026-02-20,35161,MONSTA,Based Monsta,2.333e-05,0.0,0.0,coinmarketcap_data_api_listings_historical
2026-02-20,35164,GREENLAND,Greenland,5.17e-06,0.0,0.0,coinmarketcap_data_api_listings_historical
2026-02-20,35166,DEFAI,DeFi Agents AI,1.342e-05,0.0,0.0,coinmarketcap_data_api_listings_historical
2026-02-20,35169,SENTAI,SentAI,3.439e-05,0.0,0.0,coinmarketcap_data_api_listings_historical
2026-02-20,18787,FULA,Functionland,0.00048014,0.0,0.0,coinmarketcap_data_api_listings_historical
2026-02-20,35182,BTCQ8,Bitcoin Kuwait,5.44e-06,0.0,0.0,coinmarketcap_data_api_listings_historical
2026-02-20,2415,ARCT,ArbitrageCT,0.00109364,0.0,0.0,coinmarketcap_data_api_listings_historical
2026-02-20,35186,FEENIX,Feenix,6.74e-06,0.0,0.0,coinmarketcap_data_api_listings_historical
2026-02-20,35187,SUIDEPIN,Sui DePIN,7.235e-05,0.0,0.0,coinmarketcap_data_api_listings_historical
2026-02-20,35195,SPHERE,Sphere AI,1.043e-05,0.0,0.0,coinmarketcap_data_api_listings_historical
2026-02-20,18813,WEAR,MetaWear,2.302e-05,0.0,0.0,coinmarketcap_data_api_listings_historical
2026-02-20,18818,LSWAP,LoopSwap,6.008e-05,0.0,0.0,coinmarketcap_data_api_listings_historical
2026-02-20,35204,GUDTEK,ai16zterminalfartARCzereLLMswarm,1.254e-05,0.0,0.0,coinmarketcap_data_api_listings_historical
2026-02-20,35209,JEWELRY,Jewelry Token,90.01826423,0.0,0.0,coinmarketcap_data_api_listings_historical
2026-02-20,18827,FACEDAO,FaceDAO,0.0,0.0,0.0,coinmarketcap_data_api_listings_historical
2026-02-20,35226,ASV,Asvoria,0.00845548,0.0,0.0,coinmarketcap_data_api_listings_historical
2026-02-20,2462,AID,AidCoin,0.00381714,0.0,0.0,coinmarketcap_data_api_listings_historical
2026-02-20,35234,IDRISS,IDRISS,0.00249083,0.0,0.0,coinmarketcap_data_api_listings_historical
2026-02-20,2468,LET,LinkEye,0.00011019,0.0,0.0,coinmarketcap_data_api_listings_historical
2026-02-20,35247,DEFAI,DeFAIRewards,1.591e-05,0.0,0.0,coinmarketcap_data_api_listings_historical
2026-02-20,2482,CPC,CPChain,0.0003428,0.0,0.0,coinmarketcap_data_api_listings_historical
2026-02-20,35264,CHATOSHI,chAtoshI,0.0009906,0.0,0.0,coinmarketcap_data_api_listings_historical
2026-02-20,35266,VIBE,VibrantX,5.694e-05,0.0,0.0,coinmarketcap_data_api_listings_historical
2026-02-20,2503,DMT,DMarket,0.00098272,0.0,0.0,coinmarketcap_data_api_listings_historical
2026-02-20,35271,LEGEND,Legend,6.724e-05,0.0,0.0,coinmarketcap_data_api_listings_historical
2026-02-20,18890,UNITS,UnitedCoin,0.02378488,0.0,0.0,coinmarketcap_data_api_listings_historical
2026-02-20,2513,MNTP,GoldMint,0.01484635,0.0,0.0,coinmarketcap_data_api_listings_historical
2026-02-20,18900,CRBRUS,Cerberus,5.1e-07,0.0,0.0,coinmarketcap_data_api_listings_historical
2026-02-20,35286,CPXTB,Coin Prediction Tool On Base,0.0,0.0,0.0,coinmarketcap_data_api_listings_historical
2026-02-20,35299,JAIHOZ,Jaihoz by Virtuals,0.00013807,0.0,0.0,coinmarketcap_data_api_listings_historical
2026-02-20,35300,BRAIN,Gigabrain by virtuals,0.00039272,0.0,0.0,coinmarketcap_data_api_listings_historical
2026-02-20,35301,NODE,noderzz by Virtuals,1.31e-05,0.0,0.0,coinmarketcap_data_api_listings_historical
2026-02-20,35302,VOLTX,VolatilityX,9.585e-05,0.0,0.0,coinmarketcap_data_api_listings_historical
2026-02-20,2536,NTK,Neurotoken,0.00011848,0.0,0.0,coinmarketcap_data_api_listings_historical
2026-02-20,35304,CROW,cr0w by Virtuals,2.804e-05,0.0,0.0,coinmarketcap_data_api_listings_historical
2026-02-20,35305,H1DR4,H1DR4 by Virtuals,0.00010045,0.0,0.0,coinmarketcap_data_api_listings_historical
2026-02-20,35306,AAAI,AAAI_agent by Virtuals,1.04e-05,0.0,0.0,coinmarketcap_data_api_listings_historical
2026-02-20,18923,KRO,Krogan,0.00017752,0.0,0.0,coinmarketcap_data_api_listings_historical
2026-02-20,35307,RAIN,Rain by Virtuals,2.29e-05,0.0,0.0,coinmarketcap_data_api_listings_historical
2026-02-20,35309,WAGMI,WAGMI,3.566e-05,0.0,0.0,coinmarketcap_data_api_listings_historical
2026-02-20,2542,TDX,Tidex Token,0.00143345,0.0,0.0,coinmarketcap_data_api_listings_historical
2026-02-20,35310,BOOF,Boofus by Virtuals,9.91e-06,0.0,0.0,coinmarketcap_data_api_listings_historical
2026-02-20,35311,GENZAI,GENZAI,2.357e-05,0.0,0.0,coinmarketcap_data_api_listings_historical
2026-02-20,35312,KOGIN,Kogin by Virtuals,2.415e-05,0.0,0.0,coinmarketcap_data_api_listings_historical
2026-02-20,35313,MXNBC,Rekt Burgundy by Virtuals,1.94e-05,0.0,0.0,coinmarketcap_data_api_listings_historical
2026-02-20,2546,REM,Remme,7.6e-06,0.0,0.0,coinmarketcap_data_api_listings_historical
2026-02-20,35314,ECHO,EchoLeaks by Virtuals,4.999e-05,0.0,0.0,coinmarketcap_data_api_listings_historical
2026-02-20,35315,$HOUND,BaseHoundBot by Virtuals,3.349e-05,0.0,0.0,coinmarketcap_data_api_listings_historical
2026-02-20,2548,POA,POA Network,0.02295946,0.0,0.0,coinmarketcap_data_api_listings_historical
2026-02-20,35316,LEO,Leoono,7.896e-05,0.0,0.0,coinmarketcap_data_api_listings_historical
2026-02-20,18933,CLASS,Class Coin,2.55e-06,0.0,0.0,coinmarketcap_data_api_listings_historical
2026-02-20,35317,LESTER,LESTER by Virtuals,0.00010178,0.0,0.0,coinmarketcap_data_api_listings_historical
2026-02-20,35320,GOGLZ,GOGGLES,0.00643102,0.0,0.0,coinmarketcap_data_api_listings_historical
2026-02-20,18938,MEME,Memeverse,0.00068879,0.0,0.0,coinmarketcap_data_api_listings_historical
2026-02-20,35327,MATES,MATES,2.126e-05,0.0,0.0,coinmarketcap_data_api_listings_historical
2026-02-20,35328,TBR,Tuebor,0.00126283,0.0,0.0,coinmarketcap_data_api_listings_historical
2026-02-20,35331,AGIXBT,AGIXBT by Virtuals,4.776e-05,0.0,0.0,coinmarketcap_data_api_listings_historical
2026-02-20,2565,STAC,StarterCoin,4.22e-05,0.0,0.0,coinmarketcap_data_api_listings_historical
2026-02-20,2569,CHP,CoinPoker,0.04706008,0.0,0.0,coinmarketcap_data_api_listings_historical
2026-02-20,35337,YEET,Yeet,0.0005685,0.0,0.0,coinmarketcap_data_api_listings_historical
2026-02-20,35339,APEMAN,APEMAN,1.3e-07,0.0,0.0,coinmarketcap_data_api_listings_historical
2026-02-20,2576,TEN,Tokenomy,0.00640459,0.0,0.0,coinmarketcap_data_api_listings_historical
2026-02-20,35345,BUILD,BUILD,0.0301725,0.0,0.0,coinmarketcap_data_api_listings_historical
2026-02-20,35354,SKAI,SKAINET,1.115e-05,0.0,0.0,coinmarketcap_data_api_listings_historical
2026-02-20,35359,BSOP,Bsop,1.034e-05,0.0,0.0,coinmarketcap_data_api_listings_historical
2026-02-20,18979,TARO,Taroverse,4.608e-05,0.0,0.0,coinmarketcap_data_api_listings_historical
2026-02-20,35368,USDa,USDa (Avalon Labs),0.98827617,0.0,0.0,coinmarketcap_data_api_listings_historical
2026-02-20,35374,SUAI,SuiAI,0.00035872,0.0,0.0,coinmarketcap_data_api_listings_historical
2026-02-20,18996,BB,BB Gaming,1.17e-06,0.0,0.0,coinmarketcap_data_api_listings_historical
2026-02-20,19004,IRENA,Irena Coin Apps,1.9e-07,0.0,0.0,coinmarketcap_data_api_listings_historical
2026-02-20,19006,RADIO,RadioShack,0.00024331,0.0,0.0,coinmarketcap_data_api_listings_historical
2026-02-20,35397,ZAI,ZAYA AI,0.00161327,0.0,0.0,coinmarketcap_data_api_listings_historical
2026-02-20,35401,NUTS,Squirrel Wallet,0.00066926,0.0,0.0,coinmarketcap_data_api_listings_historical
2026-02-20,35405,LTP,Listapie,0.09539506,0.0,0.0,coinmarketcap_data_api_listings_historical
2026-02-20,19026,SHIBKILLER,ShibKiller,0.0,0.0,0.0,coinmarketcap_data_api_listings_historical
2026-02-20,2644,EOSDAC,eosDAC,0.00011034,0.0,0.0,coinmarketcap_data_api_listings_historical
2026-02-20,35414,DOGEAI,Doge AI Agent,0.0,0.0,0.0,coinmarketcap_data_api_listings_historical
2026-02-20,35424,DOGETF,DOGE ETF,0.0,0.0,0.0,coinmarketcap_data_api_listings_historical
2026-02-20,19046,QWLA,Qawalla,0.07724336,0.0,0.0,coinmarketcap_data_api_listings_historical
2026-02-20,35432,CRADLE,Cradle,0.41833028,0.0,0.0,coinmarketcap_data_api_listings_historical
2026-02-20,35443,MIA,Made in America,1.031e-05,0.0,0.0,coinmarketcap_data_api_listings_historical
2026-02-20,35445,CAR,Car,79.12869394,0.0,0.0,coinmarketcap_data_api_listings_historical
2026-02-20,19066,GNFT,GNFT,0.06258838,0.0,0.0,coinmarketcap_data_api_listings_historical
2026-02-20,35454,SWRX,SwissRx Coin,9.044e-05,0.0,0.0,coinmarketcap_data_api_listings_historical
2026-02-20,35456,TREB,Treble,3.856e-05,0.0,0.0,coinmarketcap_data_api_listings_historical
2026-02-20,35468,DOGEMARS,DOGE TO MARS,0.0,0.0,0.0,coinmarketcap_data_api_listings_historical
2026-02-20,2704,TNS,Transcodium,5.307e-05,0.0,0.0,coinmarketcap_data_api_listings_historical
2026-02-20,19091,H2O,H2O DAO,0.00059302,0.0,0.0,coinmarketcap_data_api_listings_historical
2026-02-20,35475,WAR,Warrior Coin,1.21e-06,0.0,0.0,coinmarketcap_data_api_listings_historical
2026-02-20,2712,MT,MyToken,0.00027002,0.0,0.0,coinmarketcap_data_api_listings_historical
2026-02-20,35483,DOGEMOON,DOGE TO MOON,0.0,0.0,0.0,coinmarketcap_data_api_listings_historical
2026-02-20,35489,GOD,Godcoin,0.00093374,0.0,0.0,coinmarketcap_data_api_listings_historical
2026-02-20,35490,BTRUMP,Official Baby Trump,1.64e-05,0.0,0.0,coinmarketcap_data_api_listings_historical
2026-02-20,19107,RATS,Ratscoin,0.0,0.0,0.0,coinmarketcap_data_api_listings_historical
2026-02-20,2725,SKM,Skrumble Network,2.83e-06,0.0,0.0,coinmarketcap_data_api_listings_historical
2026-02-20,19111,BOOT,Bostrom,0.0,0.0,0.0,coinmarketcap_data_api_listings_historical
2026-02-20,35498,USTREAM,Ustream Coin,8.055e-05,0.0,0.0,coinmarketcap_data_api_listings_historical
2026-02-20,35499,DEEPSEEK,DeepSeek AI,0.0,0.0,0.0,coinmarketcap_data_api_listings_historical
2026-02-20,35501,MARIO,MarioNawfal on X,0.00012472,0.0,0.0,coinmarketcap_data_api_listings_historical
2026-02-20,35507,BLC,Balance Coin,0.9977291,0.0,0.0,coinmarketcap_data_api_listings_historical
2026-02-20,19130,STI,Seek Tiger,9.93e-06,0.0,0.0,coinmarketcap_data_api_listings_historical
2026-02-20,35514,EAFIN,EAFIN,0.00379859,0.0,0.0,coinmarketcap_data_api_listings_historical
2026-02-20,2752,DTRC,Datarius Credit,4.983e-05,0.0,0.0,coinmarketcap_data_api_listings_historical
2026-02-20,35520,KARUM,Karum Coin,2.38310559,0.0,0.0,coinmarketcap_data_api_listings_historical
2026-02-20,35530,OSOL,OSOL AI Index,0.00027267,0.0,0.0,coinmarketcap_data_api_listings_historical
2026-02-20,35532,HOG,HOG,4.37e-06,0.0,0.0,coinmarketcap_data_api_listings_historical
2026-02-20,19151,MSG,MsgSender,0.00251629,0.0,0.0,coinmarketcap_data_api_listings_historical
2026-02-20,19154,GYMNET,Gym Network,0.00759127,0.0,0.0,coinmarketcap_data_api_listings_historical
2026-02-20,35539,EVAL,EVAL Engine,0.00044294,0.0,0.0,coinmarketcap_data_api_listings_historical
2026-02-20,19164,ASTO,Altered State Token,0.00292747,0.0,0.0,coinmarketcap_data_api_listings_historical
2026-02-20,35551,QWENAI,Qwen AI Agent,0.0,0.0,0.0,coinmarketcap_data_api_listings_historical
2026-02-20,35555,TRIP,Trip,54.60342345,0.0,0.0,coinmarketcap_data_api_listings_historical
2026-02-20,35561,AIXT,AIXTerminal,0.00083321,0.0,0.0,coinmarketcap_data_api_listings_historical
2026-02-20,35578,BOOK,Book of Binance,0.00080436,0.0,0.0,coinmarketcap_data_api_listings_historical
2026-02-20,35584,JAI,Japanese Akita Inu,8.18e-06,0.0,0.0,coinmarketcap_data_api_listings_historical
2026-02-20,19201,PRB,Paribu Net,0.30612966,0.0,0.0,coinmarketcap_data_api_listings_historical
2026-02-20,19211,NUC,NuCoin,0.01475789,0.0,0.0,coinmarketcap_data_api_listings_historical
2026-02-20,19225,HERA,Hera Finance,0.92524931,0.0,0.0,coinmarketcap_data_api_listings_historical
2026-02-20,35617,OMEGA‎X,Ome‎gaX He‎alth,2.696e-05,0.0,0.0,coinmarketcap_data_api_listings_historical
2026-02-20,19236,GULF,Gulf Coin,0.00423911,0.0,0.0,coinmarketcap_data_api_listings_historical
2026-02-20,35622,DAGESTAN,Dagestan And Forget,2.51e-06,0.0,0.0,coinmarketcap_data_api_listings_historical
2026-02-20,35631,ASF,Asymmetry Finance,0.05856624,0.0,0.0,coinmarketcap_data_api_listings_historical
2026-02-20,35633,DOGPU,DogeGPU,1.2e-07,0.0,0.0,coinmarketcap_data_api_listings_historical
2026-02-20,35636,SAFEMOONSOL,Safemoon CTO on Solana,5.227e-05,0.0,0.0,coinmarketcap_data_api_listings_historical
2026-02-20,35639,PWOG,Purple Fwog,1.9e-07,0.0,0.0,coinmarketcap_data_api_listings_historical
2026-02-20,35643,PHAR,Pharaoh,72.40830543,0.0,0.0,coinmarketcap_data_api_listings_historical
2026-02-20,35648,GROKAI,Grok AI Agent,0.0,0.0,0.0,coinmarketcap_data_api_listings_historical
2026-02-20,35653,CATTON,Catton AI,0.0,0.0,0.0,coinmarketcap_data_api_listings_historical
2026-02-20,19279,VALAS,Valas Finance,8.419e-05,0.0,0.0,coinmarketcap_data_api_listings_historical
2026-02-20,2896,MFT,Mainframe,0.00053362,0.0,0.0,coinmarketcap_data_api_listings_historical
2026-02-20,2906,ESS,Essentia,7.82e-06,0.0,0.0,coinmarketcap_data_api_listings_historical
2026-02-20,2907,KBC,Karatgold Coin,0.00078935,0.0,0.0,coinmarketcap_data_api_listings_historical
2026-02-20,2909,LIKE,LikeCoin,0.00122212,0.0,0.0,coinmarketcap_data_api_listings_historical
2026-02-20,35695,POLLY,Polynetica,1.81e-06,0.0,0.0,coinmarketcap_data_api_listings_historical
2026-02-20,35698,NEZHA,NEZHA,2.498e-05,0.0,0.0,coinmarketcap_data_api_listings_historical
2026-02-20,35703,COKE,Coke on Sol,5.44e-06,0.0,0.0,coinmarketcap_data_api_listings_historical
2026-02-20,35706,ANITA,Anita AI,0.0002803,0.0,0.0,coinmarketcap_data_api_listings_historical
2026-02-20,19333,RLM,MarbleVerse,0.00010499,0.0,0.0,coinmarketcap_data_api_listings_historical
2026-02-20,35733,PUMPY,WOW MOON LAMBO PUMPPPPPPY,3.78e-06,0.0,0.0,coinmarketcap_data_api_listings_historical
2026-02-20,35738,DEEP,Deep AI,2.045e-05,0.0,0.0,coinmarketcap_data_api_listings_historical
2026-02-20,35748,BROCCOLI,Broccoli (broccolibsc.com),3.763e-05,0.0,0.0,coinmarketcap_data_api_listings_historical
2026-02-20,19366,CZUSD,CZUSD,0.92477595,0.0,0.0,coinmarketcap_data_api_listings_historical
2026-02-20,35754,Broccoli,Broccoli (Bounce Finance),0.00031233,0.0,0.0,coinmarketcap_data_api_listings_historical
2026-02-20,35755,TAPS,TapSwap,0.0003631,0.0,0.0,coinmarketcap_data_api_listings_historical
2026-02-20,2989,EURS,STASIS EURO,1.26676303,0.0,0.0,coinmarketcap_data_api_listings_historical
2026-02-20,35760,BROCCOLI,Official CZ Dog,5.266e-05,0.0,0.0,coinmarketcap_data_api_listings_historical
2026-02-20,35765,WINK,Wink,3.649e-05,0.0,0.0,coinmarketcap_data_api_listings_historical
2026-02-20,35771,PIDOGE,Pi Network Doge,0.0,0.0,0.0,coinmarketcap_data_api_listings_historical
2026-02-20,35772,GROK3AI,Grok 3 AI,0.0,0.0,0.0,coinmarketcap_data_api_listings_historical
2026-02-20,19393,CROGE,Crogecoin,0.00025834,0.0,0.0,coinmarketcap_data_api_listings_historical
2026-02-20,3013,PRIV,PRiVCY,0.00098262,0.0,0.0,coinmarketcap_data_api_listings_historical
2026-02-20,35781,PIAI,Pi Network AI Agent,0.0,0.0,0.0,coinmarketcap_data_api_listings_historical
2026-02-20,19400,PANDA,Panda DAO,0.0001723,0.0,0.0,coinmarketcap_data_api_listings_historical
2026-02-20,35787,BROCCOLI,Broccoli(broccolicoin.me),0.00024531,0.0,0.0,coinmarketcap_data_api_listings_historical
2026-02-20,35788,BROCCOLI,BROCCOLI (FirstBroccoli on BNB),3.87e-06,0.0,0.0,coinmarketcap_data_api_listings_historical
2026-02-20,35797,BNBAI,BNB Agents,4.85e-06,0.0,0.0,coinmarketcap_data_api_listings_historical
2026-02-20,35805,MANYU,MANYU (manyudog.xyz),1.619e-05,0.0,0.0,coinmarketcap_data_api_listings_historical
2026-02-20,19423,STRNGR,Stronger,0.15269116,0.0,0.0,coinmarketcap_data_api_listings_historical
2026-02-20,19424,FPIS,Frax Price Index Share,0.10358725,0.0,0.0,coinmarketcap_data_api_listings_historical
2026-02-20,19425,FPI,Frax Price Index,1.14342133,0.0,0.0,coinmarketcap_data_api_listings_historical
2026-02-20,19426,GIDDY,Giddy,5.03e-06,0.0,0.0,coinmarketcap_data_api_listings_historical
2026-02-20,19427,WOOP,WOOP,9.597e-05,0.0,0.0,coinmarketcap_data_api_listings_historical
2026-02-20,19445,PDD,PDDOLLAR,0.0,0.0,0.0,coinmarketcap_data_api_listings_historical
2026-02-20,35838,REXBT,rexbt by VIRTUALS,2.269e-05,0.0,0.0,coinmarketcap_data_api_listings_historical
2026-02-20,35839,CARROT,Carrot by Puffer,0.01556259,0.0,0.0,coinmarketcap_data_api_listings_historical
2026-02-20,35840,PAPPLE,Pineapple,0.00068369,0.0,0.0,coinmarketcap_data_api_listings_historical
2026-02-20,35848,UNITREEAI,Unitree G1 AI,0.0,0.0,0.0,coinmarketcap_data_api_listings_historical
2026-02-20,35850,DNOW,DuelNow,0.00031495,0.0,0.0,coinmarketcap_data_api_listings_historical
2026-02-20,19470,CKC,ChikinCoin,0.00011602,0.0,0.0,coinmarketcap_data_api_listings_historical
2026-02-20,35859,FPIBANK,FPIBANK,0.00054283,0.0,0.0,coinmarketcap_data_api_listings_historical
2026-02-20,35861,AQUARI,Aquari,0.00546948,0.0,0.0,coinmarketcap_data_api_listings_historical
2026-02-20,3094,SCR,Scorum Coins,0.00044486,0.0,0.0,coinmarketcap_data_api_listings_historical
2026-02-20,3106,PKG,PKG Token,2.06e-06,0.0,0.0,coinmarketcap_data_api_listings_historical
2026-02-20,35882,TCAT,Troller Cat,3.9e-07,0.0,0.0,coinmarketcap_data_api_listings_historical
2026-02-20,35883,INDUSTRIAL,Industrial,66.67415471,0.0,0.0,coinmarketcap_data_api_listings_historical
2026-02-20,35887,NVG8,Navigate,0.00017551,0.0,0.0,coinmarketcap_data_api_listings_historical
2026-02-20,35889,FU,Farting Unicorn,2.139e-05,0.0,0.0,coinmarketcap_data_api_listings_historical
2026-02-20,35894,BONDX,BONDX,0.00377407,0.0,0.0,coinmarketcap_data_api_listings_historical
2026-02-20,19513,ANA,Nirvana ANA,4.08793782,0.0,0.0,coinmarketcap_data_api_listings_historical
2026-02-20,19518,TOTEM,DragonMaster,0.00011596,0.0,0.0,coinmarketcap_data_api_listings_historical
2026-02-20,35907,ALIBABAAI,Alibaba AI Agent,0.0,0.0,0.0,coinmarketcap_data_api_listings_historical
2026-02-20,19526,PINETWORKDEFI,Pi Network DeFi,3.32e-06,0.0,0.0,coinmarketcap_data_api_listings_historical
2026-02-20,35910,BGCI,Bloomberg Galaxy Crypto Index,1.77435823,0.0,0.0,coinmarketcap_data_api_listings_historical
2026-02-20,3144,THR,ThoreCoin,22.23153229,0.0,0.0,coinmarketcap_data_api_listings_historical
2026-02-20,19533,MINE,SpaceMine,5.45e-06,0.0,0.0,coinmarketcap_data_api_listings_historical
2026-02-20,35918,ROP,Redemption Of Pets,0.01419457,0.0,0.0,coinmarketcap_data_api_listings_historical
2026-02-20,35921,FREN,Frencoin,0.00335741,0.0,0.0,coinmarketcap_data_api_listings_historical
2026-02-20,19538,NXUSD,NXUSD,0.98644863,0.0,0.0,coinmarketcap_data_api_listings_historical
2026-02-20,3164,PMA,PumaPay,4.23e-06,0.0,0.0,coinmarketcap_data_api_listings_historical
2026-02-20,35932,UTYA,Utya,0.00828567,0.0,0.0,coinmarketcap_data_api_listings_historical
2026-02-20,35937,XPI,XPi,4.491e-05,0.0,0.0,coinmarketcap_data_api_listings_historical
2026-02-20,3181,HAND,ShowHand,3.434e-05,0.0,0.0,coinmarketcap_data_api_listings_historical
2026-02-20,35949,REALESTATE,RealEstate,52.51027964,0.0,0.0,coinmarketcap_data_api_listings_historical
2026-02-20,35953,SNL,Snow Leopard,0.0,0.0,0.0,coinmarketcap_data_api_listings_historical
2026-02-20,35957,RAMEN,Ramen,0.00239166,0.0,0.0,coinmarketcap_data_api_listings_historical
2026-02-20,35965,USDA,USDA,0.9862317,0.0,0.0,coinmarketcap_data_api_listings_historical
2026-02-20,19582,ZENC,Zenc Coin,0.00182731,0.0,0.0,coinmarketcap_data_api_listings_historical
2026-02-20,19583,NIRV,Nirvana NIRV,0.98301236,0.0,0.0,coinmarketcap_data_api_listings_historical
2026-02-20,35975,BROCCOLI,Broccoli (broccoliaab.com),0.00043966,0.0,0.0,coinmarketcap_data_api_listings_historical
2026-02-20,35977,ELON,Official Elon Coin (elonofficial.xyz),1.982e-05,0.0,0.0,coinmarketcap_data_api_listings_historical
2026-02-20,35978,FINE,This Is Fine,8.3e-06,0.0,0.0,coinmarketcap_data_api_listings_historical
2026-02-20,35980,$RICH,$RICH,3.893e-05,0.0,0.0,coinmarketcap_data_api_listings_historical
2026-02-20,35988,AIV,AIVeronica,3.817e-05,0.0,0.0,coinmarketcap_data_api_listings_historical
2026-02-20,19606,EMP,Empowa,0.00775165,0.0,0.0,coinmarketcap_data_api_listings_historical
2026-02-20,36004,MAG,Magnetix,3.888e-05,0.0,0.0,coinmarketcap_data_api_listings_historical
2026-02-20,36005,MINT,Mint Blockchain,0.00350695,0.0,0.0,coinmarketcap_data_api_listings_historical
2026-02-20,36010,TRUMPTESLA,Trump Tesla,0.0,0.0,0.0,coinmarketcap_data_api_listings_historical
2026-02-20,36013,SYMM,Symmio,0.0066333,0.0,0.0,coinmarketcap_data_api_listings_historical
2026-02-20,36014,DDM,Deutsche Mark,1.03424397,0.0,0.0,coinmarketcap_data_api_listings_historical
2026-02-20,3247,FLOT,Fire Lotto,0.00092944,0.0,0.0,coinmarketcap_data_api_listings_historical
2026-02-20,36019,DISTRIBUTE,DISTRIBUTE,7.68e-06,0.0,0.0,coinmarketcap_data_api_listings_historical
2026-02-20,36021,COCORO,Cocoro (cocorosolana.xyz),1.125e-05,0.0,0.0,coinmarketcap_data_api_listings_historical
2026-02-20,36024,BABY,Deer Seized by US Government,1.864e-05,0.0,0.0,coinmarketcap_data_api_listings_historical
2026-02-20,36025,POPG,POPG,0.04797558,0.0,0.0,coinmarketcap_data_api_listings_historical
2026-02-20,19642,MAV,Massive Protocol,0.01575521,0.0,0.0,coinmarketcap_data_api_listings_historical
2026-02-20,36026,ATM,ATM (BSC),0.0005148,0.0,0.0,coinmarketcap_data_api_listings_historical
2026-02-20,36033,BUT,Bucket Protocol,0.00191095,0.0,0.0,coinmarketcap_data_api_listings_historical
2026-02-20,19675,BTE,Betero,0.00080789,0.0,0.0,coinmarketcap_data_api_listings_historical
2026-02-20,36067,USDO,OpenEden OpenDollar,0.99883015,0.0,0.0,coinmarketcap_data_api_listings_historical
2026-02-20,19685,PEN,Protocon,0.09868638,0.0,0.0,coinmarketcap_data_api_listings_historical
2026-02-20,19687,DMT,DragonMaster,0.00090688,0.0,0.0,coinmarketcap_data_api_listings_historical
2026-02-20,3304,MOLK,MobilinkToken,2.721e-05,0.0,0.0,coinmarketcap_data_api_listings_historical
2026-02-20,36074,TALK,CrypTalk,0.00196928,0.0,0.0,coinmarketcap_data_api_listings_historical
2026-02-20,36077,SHORT,Bermuda Shorts,1.948e-05,0.0,0.0,coinmarketcap_data_api_listings_historical
2026-02-20,36088,GHHS,GHHS Healthcare,0.04690011,0.0,0.0,coinmarketcap_data_api_listings_historical
2026-02-20,36095,PATLU,Patlu,1.881e-05,0.0,0.0,coinmarketcap_data_api_listings_historical
2026-02-20,36110,ROUTINE,Morning Routine,3.178e-05,0.0,0.0,coinmarketcap_data_api_listings_historical
2026-02-20,19744,DDD,Dot Dot Finance,5.38e-06,0.0,0.0,coinmarketcap_data_api_listings_historical
2026-02-20,36136,BYB,BiorLabs,0.0002888,0.0,0.0,coinmarketcap_data_api_listings_historical
2026-02-20,19758,GODE,Gode Chain,0.00780119,0.0,0.0,coinmarketcap_data_api_listings_historical
2026-02-20,19762,SANI,Sanin Inu,1.5e-07,0.0,0.0,coinmarketcap_data_api_listings_historical
2026-02-20,3415,BCZERO,Buggyra Coin Zero,0.29979407,0.0,0.0,coinmarketcap_data_api_listings_historical
2026-02-20,36185,DRAGONZ,Dragonz Land,0.00109945,0.0,0.0,coinmarketcap_data_api_listings_historical
2026-02-20,36192,ELVIS,ELVIS,9.94e-06,0.0,0.0,coinmarketcap_data_api_listings_historical
2026-02-20,36196,DOLLY,DOLLY,9.9e-07,0.0,0.0,coinmarketcap_data_api_listings_historical
2026-02-20,36197,Orange Diamond,Orange Diamond,3.918e-05,0.0,0.0,coinmarketcap_data_api_listings_historical
2026-02-20,19833,API,API INU,0.0,0.0,0.0,coinmarketcap_data_api_listings_historical
2026-02-20,36217,BOOGIE,Boogie,0.00019706,0.0,0.0,coinmarketcap_data_api_listings_historical
2026-02-20,36222,S,Token S,0.00107837,0.0,0.0,coinmarketcap_data_api_listings_historical
2026-02-20,19842,LFNTY,Lifinity,1.15722016,0.0,0.0,coinmarketcap_data_api_listings_historical
2026-02-20,36228,GLDS,Glades,5.5e-06,0.0,0.0,coinmarketcap_data_api_listings_historical
2026-02-20,19847,KUKU,panKUKU,3e-07,0.0,0.0,coinmarketcap_data_api_listings_historical
2026-02-20,3479,MODX,MODEL-X-coin,0.00115314,0.0,0.0,coinmarketcap_data_api_listings_historical
2026-02-20,36248,BLIFFY,Bliffy,1e-06,0.0,0.0,coinmarketcap_data_api_listings_historical
2026-02-20,19865,RIA,aRIA Currency,0.0259974,0.0,0.0,coinmarketcap_data_api_listings_historical
2026-02-20,19866,NEKO,NEKO,8.26e-06,0.0,0.0,coinmarketcap_data_api_listings_historical
2026-02-20,36253,ALIENS,Aliens,7.86e-06,0.0,0.0,coinmarketcap_data_api_listings_historical
2026-02-20,19870,WINTER,Winter,0.00291899,0.0,0.0,coinmarketcap_data_api_listings_historical
2026-02-20,36254,ESIM,EvoSimGame,2.378e-05,0.0,0.0,coinmarketcap_data_api_listings_historical
2026-02-20,19871,PRDS,Brise Paradise,2.998e-05,0.0,0.0,coinmarketcap_data_api_listings_historical
2026-02-20,36258,SUSD,Solayer USD,1.10121464,0.0,0.0,coinmarketcap_data_api_listings_historical
2026-02-20,19886,FAME,Fame MMA,7.31e-06,0.0,0.0,coinmarketcap_data_api_listings_historical
2026-02-20,36273,GMUBARAK,Ghibli Mubarak,0.0,0.0,0.0,coinmarketcap_data_api_listings_historical
2026-02-20,19899,EVMOS,Evmos,0.00089947,0.0,0.0,coinmarketcap_data_api_listings_historical
2026-02-20,19900,ARGO,Argo Finance,4.675e-05,0.0,0.0,coinmarketcap_data_api_listings_historical
2026-02-20,36291,OZK,OpenZK Network,5.662e-05,0.0,0.0,coinmarketcap_data_api_listings_historical
2026-02-20,36304,DUCKY,ducky,1.09e-05,0.0,0.0,coinmarketcap_data_api_listings_historical
2026-02-20,36305,ELXAI,ELIXIR AI,9e-06,0.0,0.0,coinmarketcap_data_api_listings_historical
2026-02-20,19923,MATICX,Stader MaticX,0.1244605,0.0,0.0,coinmarketcap_data_api_listings_historical
2026-02-20,19935,SPRING,Spring,0.00295514,0.0,0.0,coinmarketcap_data_api_listings_historical
2026-02-20,19936,SUMMER,Summer,0.00263466,0.0,0.0,coinmarketcap_data_api_listings_historical
2026-02-20,36331,CHIN,FITCHIN Universe,0.0002034,0.0,0.0,coinmarketcap_data_api_listings_historical
2026-02-20,36336,ALONE,Forever Alone,8.32e-06,0.0,0.0,coinmarketcap_data_api_listings_historical
2026-02-20,19958,SLIME,Snail Trail,0.00015436,0.0,0.0,coinmarketcap_data_api_listings_historical
2026-02-20,36342,RWAI,RWAI,5.362e-05,0.0,0.0,coinmarketcap_data_api_listings_historical
2026-02-20,36346,DMCP,DeMCP,1.652e-05,0.0,0.0,coinmarketcap_data_api_listings_historical
2026-02-20,19964,PLS,PlutusDAO,0.00857836,0.0,0.0,coinmarketcap_data_api_listings_historical
2026-02-20,36353,DIVINER,DIVINER,5.24e-06,0.0,0.0,coinmarketcap_data_api_listings_historical
2026-02-20,36354,GOLDGR,Goldgr,163.47031141,0.0,0.0,coinmarketcap_data_api_listings_historical
2026-02-20,3589,ETHM,Ethereum Meta,0.0,0.0,0.0,coinmarketcap_data_api_listings_historical
2026-02-20,19973,MVX,Metavault Trade,0.02369919,0.0,0.0,coinmarketcap_data_api_listings_historical
2026-02-20,36360,BOI,Boi the Bear,7.234e-05,0.0,0.0,coinmarketcap_data_api_listings_historical
2026-02-20,36361,BABYBONK,Babybonk,1e-08,0.0,0.0,coinmarketcap_data_api_listings_historical
2026-02-20,19978,FERT,Chikn Fert,8.52e-06,0.0,0.0,coinmarketcap_data_api_listings_historical
2026-02-20,36363,APARTMENT,Apartment,0.0,0.0,0.0,coinmarketcap_data_api_listings_historical
2026-02-20,3596,XNV,Nerva,0.06377893,0.0,0.0,coinmarketcap_data_api_listings_historical
2026-02-20,19982,NUMI,Numitor,0.04202149,0.0,0.0,coinmarketcap_data_api_listings_historical
2026-02-20,19983,ELTG,Graphen,6e-06,0.0,0.0,coinmarketcap_data_api_listings_historical
2026-02-20,36368,ART,ExchangeArt,0.00042589,0.0,0.0,coinmarketcap_data_api_listings_historical
2026-02-20,19987,ASIX+,ASIX+,2e-08,0.0,0.0,coinmarketcap_data_api_listings_historical
2026-02-20,36376,2049,TOKEN 2049,2.753e-05,0.0,0.0,coinmarketcap_data_api_listings_historical
2026-02-20,3610,MICRO,Micromines,2e-08,0.0,0.0,coinmarketcap_data_api_listings_historical
2026-02-20,36380,BFT,BiFinanceToken,1.02146919,0.0,0.0,coinmarketcap_data_api_listings_historical
2026-02-20,36383,PIPE,PIPE,6.52e-06,0.0,0.0,coinmarketcap_data_api_listings_historical
2026-02-20,36384,HATCH,Hatch,0.00243396,0.0,0.0,coinmarketcap_data_api_listings_historical
2026-02-20,36387,$WSOD,World Series of Degens,3.964e-05,0.0,0.0,coinmarketcap_data_api_listings_historical
2026-02-20,3621,BTNTV2,BitNautic Token,0.00091475,0.0,0.0,coinmarketcap_data_api_listings_historical
2026-02-20,36400,TNT,Titan Token,0.0008754,0.0,0.0,coinmarketcap_data_api_listings_historical
2026-02-20,36412,BGA,BIGHAIR,0.00030759,0.0,0.0,coinmarketcap_data_api_listings_historical
2026-02-20,36421,RED,RED,18.70437469,0.0,0.0,coinmarketcap_data_api_listings_historical
2026-02-20,36425,ALGOAI,ALGORITHA AI,1.125e-05,0.0,0.0,coinmarketcap_data_api_listings_historical
2026-02-20,36427,BAYC,BAYC AI,0.05563875,0.0,0.0,coinmarketcap_data_api_listings_historical
2026-02-20,36436,SUPR,Superseed,0.00017203,0.0,0.0,coinmarketcap_data_api_listings_historical
2026-02-20,36439,CINO,Private Aviation Finance Token,0.01086707,0.0,0.0,coinmarketcap_data_api_listings_historical
2026-02-20,36451,TRIX,Triceps,3e-08,0.0,0.0,coinmarketcap_data_api_listings_historical
2026-02-20,20077,SFL,Sunflower Land,0.06916476,0.0,0.0,coinmarketcap_data_api_listings_historical
2026-02-20,36463,XNPCS,NPCS AI,7.553e-05,0.0,0.0,coinmarketcap_data_api_listings_historical
2026-02-20,20081,OMNIA,OmniaVerse,0.0001419,0.0,0.0,coinmarketcap_data_api_listings_historical
2026-02-20,36470,SUIAGENT,aiSUI,1.77e-06,0.0,0.0,coinmarketcap_data_api_listings_historical
2026-02-20,20097,EFFORT,Effort Economy,0.00013703,0.0,0.0,coinmarketcap_data_api_listings_historical
2026-02-20,3715,CAJ,Cajutel,0.02405248,0.0,0.0,coinmarketcap_data_api_listings_historical
2026-02-20,36484,GIDR,Gold Indonesia Republic,160.70881473,0.0,0.0,coinmarketcap_data_api_listings_historical
2026-02-20,36485,RATO,Rato The Rat (ratotherat.com),1.5e-07,0.0,0.0,coinmarketcap_data_api_listings_historical
2026-02-20,3718,BTTOLD,BitTorrent,0.00034827,0.0,0.0,coinmarketcap_data_api_listings_historical
2026-02-20,36486,USDX,USD X20,1.00085407,0.0,0.0,coinmarketcap_data_api_listings_historical
2026-02-20,36491,GORTH,Gorth,0.0,0.0,0.0,coinmarketcap_data_api_listings_historical
2026-02-20,36493,PLAYFUN,PLAYFUN,2.7e-07,0.0,0.0,coinmarketcap_data_api_listings_historical
2026-02-20,36494,NOODLE,Noodle,2.457e-05,0.0,0.0,coinmarketcap_data_api_listings_historical
2026-02-20,36500,GIGGLES,Giggles,2.657e-05,0.0,0.0,coinmarketcap_data_api_listings_historical
2026-02-20,36501,BUDDY,Creator Buddy,3.234e-05,0.0,0.0,coinmarketcap_data_api_listings_historical
2026-02-20,36516,QU3,QU3 AI,0.00038943,0.0,0.0,coinmarketcap_data_api_listings_historical
2026-02-20,36517,BANNED,BANNED,1.344e-05,0.0,0.0,coinmarketcap_data_api_listings_historical
2026-02-20,20136,PESA,Pesabase,0.00443408,0.0,0.0,coinmarketcap_data_api_listings_historical
2026-02-20,36520,TFNY,TFNY,2.035e-05,0.0,0.0,coinmarketcap_data_api_listings_historical
2026-02-20,20143,HTO,Heavenland,0.00034476,0.0,0.0,coinmarketcap_data_api_listings_historical
2026-02-20,36528,GPECTRA,Pectra Giraffe,2e-08,0.0,0.0,coinmarketcap_data_api_listings_historical
2026-02-20,36529,YLT,Yieltra,0.00414613,0.0,0.0,coinmarketcap_data_api_listings_historical
2026-02-20,3763,OWC,Oduwacoin,0.08480833,0.0,0.0,coinmarketcap_data_api_listings_historical
2026-02-20,36538,USDN,Noble Dollar,0.99948081,0.0,0.0,coinmarketcap_data_api_listings_historical
2026-02-20,20156,BULL,Bullshit Inu,0.0,0.0,0.0,coinmarketcap_data_api_listings_historical
2026-02-20,36541,SUPFRIEND,Superfriend,1.298e-05,0.0,0.0,coinmarketcap_data_api_listings_historical
2026-02-20,20158,AMINO,Amino,7.362e-05,0.0,0.0,coinmarketcap_data_api_listings_historical
2026-02-20,36548,PEPE,Pepe by Jason Furie,0.0,0.0,0.0,coinmarketcap_data_api_listings_historical
2026-02-20,36549,A7A5,A7A5,0.01294234,0.0,0.0,coinmarketcap_data_api_listings_historical
2026-02-20,20170,LC,LuckyChip,0.00029654,0.0,0.0,coinmarketcap_data_api_listings_historical
2026-02-20,36555,BASEFARCON,Base@FarCon 2025,1.167e-05,0.0,0.0,coinmarketcap_data_api_listings_historical
2026-02-20,20191,HOOP,Chibi Dinos,3.485e-05,0.0,0.0,coinmarketcap_data_api_listings_historical
2026-02-20,3809,DOS,DOS Network,0.00100936,0.0,0.0,coinmarketcap_data_api_listings_historical
2026-02-20,36579,OCN,Official Crypto Nostra,1.57e-05,0.0,0.0,coinmarketcap_data_api_listings_historical
2026-02-20,36591,GIB,gib,5.192e-05,0.0,0.0,coinmarketcap_data_api_listings_historical
2026-02-20,36592,KAKA,KAKA,1.533e-05,0.0,0.0,coinmarketcap_data_api_listings_historical
2026-02-20,36594,C,CROAK,1.182e-05,0.0,0.0,coinmarketcap_data_api_listings_historical
2026-02-20,36600,$RWA,$RWA,0.0,0.0,0.0,coinmarketcap_data_api_listings_historical
2026-02-20,36607,USD.Z,Zether USD 2.0,1.0007099,0.0,0.0,coinmarketcap_data_api_listings_historical
2026-02-20,36614,GPT,Gold Park,0.00684792,0.0,0.0,coinmarketcap_data_api_listings_historical
2026-02-20,36618,KAWS,Kaws,4.75e-06,0.0,0.0,coinmarketcap_data_api_listings_historical
2026-02-20,36626,ORCAI,ORCA,2.42e-06,0.0,0.0,coinmarketcap_data_api_listings_historical
2026-02-20,36636,LOOP,Looping Collective,0.00339347,0.0,0.0,coinmarketcap_data_api_listings_historical
2026-02-20,36640,VNX,VNX Community Hub,0.04964506,0.0,0.0,coinmarketcap_data_api_listings_historical
2026-02-20,20259,BCHEM,Bitchemical,0.04998171,0.0,0.0,coinmarketcap_data_api_listings_historical
2026-02-20,36647,BROWN,Brown,9.94e-06,0.0,0.0,coinmarketcap_data_api_listings_historical
2026-02-20,36653,S,SLOTH,7.9e-06,0.0,0.0,coinmarketcap_data_api_listings_historical
2026-02-20,36655,USD.T,Ukrainian Sanctioned Digital Token,1.00248889,0.0,0.0,coinmarketcap_data_api_listings_historical
2026-02-20,20272,SHINO,ShinobiVerse,6.5e-06,0.0,0.0,coinmarketcap_data_api_listings_historical
2026-02-20,36656,PEPECASH,PEPECASH,1.53e-05,0.0,0.0,coinmarketcap_data_api_listings_historical
2026-02-20,20273,X,X Doge,1e-08,0.0,0.0,coinmarketcap_data_api_listings_historical
2026-02-20,36663,YND,YieldNest,0.00055051,0.0,0.0,coinmarketcap_data_api_listings_historical
2026-02-20,36670,LOUD,Loud,0.00038071,0.0,0.0,coinmarketcap_data_api_listings_historical
2026-02-20,20289,GRD,Gradium,1.40639016,0.0,0.0,coinmarketcap_data_api_listings_historical
2026-02-20,36680,Z,Z,0.00010174,0.0,0.0,coinmarketcap_data_api_listings_historical
2026-02-20,36682,GEORGE,GEORGE,1.37e-05,0.0,0.0,coinmarketcap_data_api_listings_historical
2026-02-20,36684,CDR,Cedar,0.00145051,0.0,0.0,coinmarketcap_data_api_listings_historical
2026-02-20,36699,BBOB,BabyBuilder,2.65e-05,0.0,0.0,coinmarketcap_data_api_listings_historical
2026-02-20,36700,BECKOS,Beckos,0.0,0.0,0.0,coinmarketcap_data_api_listings_historical
2026-02-20,20319,GOLDY,DeFi Land Gold,3.37e-06,0.0,0.0,coinmarketcap_data_api_listings_historical
2026-02-20,36709,LABUBU,LABUBU,4.38e-05,0.0,0.0,coinmarketcap_data_api_listings_historical
2026-02-20,3948,TERA,TERA,2.299e-05,0.0,0.0,coinmarketcap_data_api_listings_historical
2026-02-20,20335,GFT,Galaxy Finance,0.0040968,0.0,0.0,coinmarketcap_data_api_listings_historical
2026-02-20,36727,PRNT,Prime Numbers Labs Ecosystem (new),0.05196821,0.0,0.0,coinmarketcap_data_api_listings_historical
2026-02-20,36736,CRAZY,Crazy Frog,1.712e-05,0.0,0.0,coinmarketcap_data_api_listings_historical
2026-02-20,36745,RTX,OrbitX DAO,0.00038929,0.0,0.0,coinmarketcap_data_api_listings_historical
2026-02-20,20364,GOO,Gooeys,6e-07,0.0,0.0,coinmarketcap_data_api_listings_historical
2026-02-20,36758,DAWAE,DaWae,7.88e-06,0.0,0.0,coinmarketcap_data_api_listings_historical
2026-02-20,36760,$SILVER,$SILVER,0.0,0.0,0.0,coinmarketcap_data_api_listings_historical
2026-02-20,36763,CARTIER,Cartier,41.20178276,0.0,0.0,coinmarketcap_data_api_listings_historical
2026-02-20,36764,LIFE,Life,44.12779421,0.0,0.0,coinmarketcap_data_api_listings_historical
2026-02-20,36765,SHELL,Shell,44.58606093,0.0,0.0,coinmarketcap_data_api_listings_historical
2026-02-20,36766,CHANEL,Chanel,45.92470081,0.0,0.0,coinmarketcap_data_api_listings_historical
2026-02-20,36767,PATEK,Patek,43.92732231,0.0,0.0,coinmarketcap_data_api_listings_historical
2026-02-20,36768,ROLLSROYCE,Rollsroyce,44.41854247,0.0,0.0,coinmarketcap_data_api_listings_historical
2026-02-20,20389,S2K,Sports 2K75,0.0,0.0,0.0,coinmarketcap_data_api_listings_historical
2026-02-20,36773,$PLAT,$PLATINUM,0.0,0.0,0.0,coinmarketcap_data_api_listings_historical
2026-02-20,36776,JPMORGAN,JPMorgan,72326.70058053,0.0,0.0,coinmarketcap_data_api_listings_historical
2026-02-20,36778,TAP,The America Party,3.621e-05,0.0,0.0,coinmarketcap_data_api_listings_historical
2026-02-20,36779,CTYN,Canyont,0.00615202,0.0,0.0,coinmarketcap_data_api_listings_historical
2026-02-20,20401,CPS,Cryptostone,9.4e-07,0.0,0.0,coinmarketcap_data_api_listings_historical
2026-02-20,36790,IMAGE,Imagen Network,0.00015928,0.0,0.0,coinmarketcap_data_api_listings_historical
2026-02-20,4024,RAVEN,Raven Protocol,5.695e-05,0.0,0.0,coinmarketcap_data_api_listings_historical
2026-02-20,36792,TEUSD,TeUSD,0.99976753,0.0,0.0,coinmarketcap_data_api_listings_historical
2026-02-20,36793,AMR,Advanced Mortgage & Reserve,1.685e-05,0.0,0.0,coinmarketcap_data_api_listings_historical
2026-02-20,4035,HNST,Honest,0.00225347,0.0,0.0,coinmarketcap_data_api_listings_historical
2026-02-20,36812,NTV,Nativ,8.1e-07,0.0,0.0,coinmarketcap_data_api_listings_historical
2026-02-20,36817,NAKA,Naka Go,0.00013751,0.0,0.0,coinmarketcap_data_api_listings_historical
2026-02-20,36823,FMT,FingerMonkeys,1.421e-05,0.0,0.0,coinmarketcap_data_api_listings_historical
2026-02-20,36829,TDE,Trader,0.26237698,0.0,0.0,coinmarketcap_data_api_listings_historical
2026-02-20,36834,PC,Pentagon Chain,18.09075391,0.0,0.0,coinmarketcap_data_api_listings_historical
2026-02-20,36835,KAPPA,the face of sarcasm,1.85e-05,0.0,0.0,coinmarketcap_data_api_listings_historical
2026-02-20,4075,XCHF,CryptoFranc,0.02258902,0.0,0.0,coinmarketcap_data_api_listings_historical
2026-02-20,36857,P33L,THE P33L,2.175e-05,0.0,0.0,coinmarketcap_data_api_listings_historical
2026-02-20,36858,WOOLLY,Miniature Woolly Mammoth,0.00010342,0.0,0.0,coinmarketcap_data_api_listings_historical
2026-02-20,20475,USDZ,Zedxion,0.89984586,0.0,0.0,coinmarketcap_data_api_listings_historical
2026-02-20,36859,SIMPSON,Homer,0.0,0.0,0.0,coinmarketcap_data_api_listings_historical
2026-02-20,20485,VIZSLASWAP,VizslaSwap,0.00019308,0.0,0.0,coinmarketcap_data_api_listings_historical
2026-02-20,4102,TMN,TranslateMe Network Token,0.00083099,0.0,0.0,coinmarketcap_data_api_listings_historical
2026-02-20,20493,HOT,HyperOne,1.96541072,0.0,0.0,coinmarketcap_data_api_listings_historical
2026-02-20,36882,KAI,KAIKO,0.00080235,0.0,0.0,coinmarketcap_data_api_listings_historical
2026-02-20,20508,SHINJI,Shinjiru Inu V2,0.0,0.0,0.0,coinmarketcap_data_api_listings_historical
2026-02-20,36919,RITA,Rita Elite Order,0.00018936,0.0,0.0,coinmarketcap_data_api_listings_historical
2026-02-20,36923,BOSSBURGER,Boss Burger,9.87e-06,0.0,0.0,coinmarketcap_data_api_listings_historical
2026-02-20,36925,BLAZE,Blaze,4e-07,0.0,0.0,coinmarketcap_data_api_listings_historical
2026-02-20,36927,INFOFI,WAGMI HUB,4.62e-06,0.0,0.0,coinmarketcap_data_api_listings_historical
2026-02-20,20547,HOP,Hop Protocol,0.00080981,0.0,0.0,coinmarketcap_data_api_listings_historical
2026-02-20,20549,VERSA,VersaGames,0.00268077,0.0,0.0,coinmarketcap_data_api_listings_historical
2026-02-20,20550,LINU,Luna Inu,0.0,0.0,0.0,coinmarketcap_data_api_listings_historical
2026-02-20,36934,SSTZ,SSTZ,3.593e-05,0.0,0.0,coinmarketcap_data_api_listings_historical
2026-02-20,36948,PSC,PowerSnookerCoin,0.00916472,0.0,0.0,coinmarketcap_data_api_listings_historical
2026-02-20,36950,BOJI,Boji,3.8e-06,0.0,0.0,coinmarketcap_data_api_listings_historical
2026-02-20,36961,BUDDY,alright buddy,0.00100326,0.0,0.0,coinmarketcap_data_api_listings_historical
2026-02-20,20582,NMKR,NMKR,0.00010203,0.0,0.0,coinmarketcap_data_api_listings_historical
2026-02-20,36968,GWT,Goblin World Token,1.942e-05,0.0,0.0,coinmarketcap_data_api_listings_historical
2026-02-20,36970,ARABCLUB,The Arab Club Token,3.84628571,0.0,0.0,coinmarketcap_data_api_listings_historical
2026-02-20,36971,MGAMES,MemeGames AI,8.387e-05,0.0,0.0,coinmarketcap_data_api_listings_historical
2026-02-20,20646,OZONE,Ozone Metaverse,2.62e-05,0.0,0.0,coinmarketcap_data_api_listings_historical
2026-02-20,4263,BCNA,BitCanna,8.344e-05,0.0,0.0,coinmarketcap_data_api_listings_historical
2026-02-20,20647,VITAL,Vital Network,1e-08,0.0,0.0,coinmarketcap_data_api_listings_historical
2026-02-20,37069,REG,RealToken Ecosystem Governance,0.05291347,0.0,0.0,coinmarketcap_data_api_listings_historical
2026-02-20,20686,BlueSparrow,BlueSparrow Token,0.01999392,0.0,0.0,coinmarketcap_data_api_listings_historical
2026-02-20,37072,CETES,CETES tokenized stablebonds (Etherfuse),0.06696173,0.0,0.0,coinmarketcap_data_api_listings_historical
2026-02-20,37075,RICH,GET RICH QUICK,2.002e-05,0.0,0.0,coinmarketcap_data_api_listings_historical
2026-02-20,20696,M,MetaVerse-M,0.00030075,0.0,0.0,coinmarketcap_data_api_listings_historical
2026-02-20,37080,GRAMS,Silver (Grams),2.71733455,0.0,0.0,coinmarketcap_data_api_listings_historical
2026-02-20,37089,PALM,Palm Economy,0.00027422,0.0,0.0,coinmarketcap_data_api_listings_historical
2026-02-20,37096,NBASIS,Nest Basis Vault,1.13961285,0.0,0.0,coinmarketcap_data_api_listings_historical
2026-02-20,37104,LAIKA,Laïka,9.57e-06,0.0,0.0,coinmarketcap_data_api_listings_historical
2026-02-20,37109,ONF,Oracle Finance Network,1.00271908,0.0,0.0,coinmarketcap_data_api_listings_historical
2026-02-20,37125,$SIX,Six Sigma Sports,0.00241959,0.0,0.0,coinmarketcap_data_api_listings_historical
2026-02-20,20763,LOOK,LooksCoin,0.00735373,0.0,0.0,coinmarketcap_data_api_listings_historical
2026-02-20,20764,USDF,USD Freedom,1.21109817,0.0,0.0,coinmarketcap_data_api_listings_historical
2026-02-20,4381,YCE,MYCE,0.00234299,0.0,0.0,coinmarketcap_data_api_listings_historical
2026-02-20,20792,RAMA,Ramestta,0.00759443,0.0,0.0,coinmarketcap_data_api_listings_historical
2026-02-20,4427,BDCC,BITICA COIN,0.03997178,0.0,0.0,coinmarketcap_data_api_listings_historical
2026-02-20,20817,DMA,Dragoma,0.00022812,0.0,0.0,coinmarketcap_data_api_listings_historical
2026-02-20,37253,PRGN,Paragon Tweaks,8.03e-06,0.0,0.0,coinmarketcap_data_api_listings_historical
2026-02-20,37256,RS,Ceylon,0.0,0.0,0.0,coinmarketcap_data_api_listings_historical
2026-02-20,37259,NALA,Nala,0.0,0.0,0.0,coinmarketcap_data_api_listings_historical
2026-02-20,37266,MBS,Mind Body Soul,0.02669534,0.0,0.0,coinmarketcap_data_api_listings_historical
2026-02-20,37285,TAKO,Tako,4e-08,0.0,0.0,coinmarketcap_data_api_listings_historical
2026-02-20,37288,DEGE,DegeCoin,0.0,0.0,0.0,coinmarketcap_data_api_listings_historical
2026-02-20,37289,$OWO,OWO,0.0,0.0,0.0,coinmarketcap_data_api_listings_historical
2026-02-20,37303,MRBEAST,X Super Official CEO,8.42e-06,0.0,0.0,coinmarketcap_data_api_listings_historical
2026-02-20,20920,EURe,Monerium EURe,1.17945524,0.0,0.0,coinmarketcap_data_api_listings_historical
2026-02-20,20921,BOMB,Bombcrypto (MATIC),0.00860902,0.0,0.0,coinmarketcap_data_api_listings_historical
2026-02-20,37310,LUCK,Luckify,0.00584519,0.0,0.0,coinmarketcap_data_api_listings_historical
2026-02-20,20927,NFTL,NFTL,0.0010961,0.0,0.0,coinmarketcap_data_api_listings_historical
2026-02-20,37313,ZARO,Zaro Coin,0.00034752,0.0,0.0,coinmarketcap_data_api_listings_historical
2026-02-20,20930,WTN,Wateenswap,0.00029979,0.0,0.0,coinmarketcap_data_api_listings_historical
2026-02-20,37315,BBBTC,Big Back Bitcoin,8.36e-06,0.0,0.0,coinmarketcap_data_api_listings_historical
2026-02-20,20955,ROCKETFI,RocketFi,4.1e-07,0.0,0.0,coinmarketcap_data_api_listings_historical
2026-02-20,37358,WMDR,WaterMinder,1.016e-05,0.0,0.0,coinmarketcap_data_api_listings_historical
2026-02-20,37360,LNCHM,Launchium,2.13e-06,0.0,0.0,coinmarketcap_data_api_listings_historical
2026-02-20,37366,NEXUS,Nexus,0.00039371,0.0,0.0,coinmarketcap_data_api_listings_historical
2026-02-20,20989,INUINU,Inu Inu,0.0,0.0,0.0,coinmarketcap_data_api_listings_historical
2026-02-20,37379,HOODOG,Hoodog,0.0,0.0,0.0,coinmarketcap_data_api_listings_historical
2026-02-20,37381,ANDREA,Andrea Von Speed,2.219e-05,0.0,0.0,coinmarketcap_data_api_listings_historical
2026-02-20,37383,旺柴,wechat doge,8.646e-05,0.0,0.0,coinmarketcap_data_api_listings_historical
2026-02-20,37384,DOGIMUS,Tesla Dog,7.002e-05,0.0,0.0,coinmarketcap_data_api_listings_historical
2026-02-20,37388,SUPERGROK,SuperGrok,3.706e-05,0.0,0.0,coinmarketcap_data_api_listings_historical
2026-02-20,37391,TSLA,Tesla,0.13160169,0.0,0.0,coinmarketcap_data_api_listings_historical
2026-02-20,37392,RICKY,Ricky The Raccoon,2.98e-06,0.0,0.0,coinmarketcap_data_api_listings_historical
2026-02-20,37395,SBET,[Fake] Sharplink Gaming,6.75794373,0.0,0.0,coinmarketcap_data_api_listings_historical
2026-02-20,37397,XPED,Xpedition,0.01999442,0.0,0.0,coinmarketcap_data_api_listings_historical
2026-02-20,37403,BC,Original Bitcoin,0.00034185,0.0,0.0,coinmarketcap_data_api_listings_historical
2026-02-20,37404,AIOSHI,AiOShi Apple Companion,3.72e-06,0.0,0.0,coinmarketcap_data_api_listings_historical
2026-02-20,37419,QTX,Quantrex,0.18966191,0.0,0.0,coinmarketcap_data_api_listings_historical
2026-02-20,37423,SIDELINER,Sideliner Coin,3.58e-06,0.0,0.0,coinmarketcap_data_api_listings_historical
2026-02-20,37424,TANUKI,Tanuki,1.08e-05,0.0,0.0,coinmarketcap_data_api_listings_historical
2026-02-20,37426,TWS,SynVision,0.02369411,0.0,0.0,coinmarketcap_data_api_listings_historical
2026-02-20,37429,哈喽,哈喽,2.278e-05,0.0,0.0,coinmarketcap_data_api_listings_historical
2026-02-20,21046,GARY,Gary,0.02014678,0.0,0.0,coinmarketcap_data_api_listings_historical
2026-02-20,37435,MARS,Mars the hippo,7.81e-06,0.0,0.0,coinmarketcap_data_api_listings_historical
2026-02-20,37438,MONKEY,Monkey the picasso,6.67e-06,0.0,0.0,coinmarketcap_data_api_listings_historical
2026-02-20,37440,BABYMANYU,Baby Manyu,0.0,0.0,0.0,coinmarketcap_data_api_listings_historical
2026-02-20,37446,VALENTINE,Valentine Grok Companion (valentinebase.xyz),0.00030969,0.0,0.0,coinmarketcap_data_api_listings_historical
2026-02-20,37447,BARN,Crypto Barn,1.183e-05,0.0,0.0,coinmarketcap_data_api_listings_historical
2026-02-20,21064,GICT,GICTrade,0.72266099,0.0,0.0,coinmarketcap_data_api_listings_historical
2026-02-20,37457,P1,PEPE ONE,7.82e-06,0.0,0.0,coinmarketcap_data_api_listings_historical
2026-02-20,37460,EPSTAIN,Jeffrey Epstain,7.37e-06,0.0,0.0,coinmarketcap_data_api_listings_historical
2026-02-20,37467,XRP2.0,XRP 2.0,0.0,0.0,0.0,coinmarketcap_data_api_listings_historical
2026-02-20,37470,XAU,XAU9999 Meme,0.0,0.0,0.0,coinmarketcap_data_api_listings_historical
2026-02-20,21089,CTG,CRYPTORG,0.00987097,0.0,0.0,coinmarketcap_data_api_listings_historical
2026-02-20,37474,LOA,Law Of Attraction v2,1.693e-05,0.0,0.0,coinmarketcap_data_api_listings_historical
2026-02-20,37476,TORUS,Torus (torus.network),0.07720203,0.0,0.0,coinmarketcap_data_api_listings_historical
2026-02-20,37477,ASETQU,AsetQu,26.68586068,0.0,0.0,coinmarketcap_data_api_listings_historical
2026-02-20,37485,AIRFRY,airfryer coin,4.48e-06,0.0,0.0,coinmarketcap_data_api_listings_historical
2026-02-20,37490,HODL,HODL,4.306e-05,0.0,0.0,coinmarketcap_data_api_listings_historical
2026-02-20,37491,ETH2.0,ETH 2.0,0.0,0.0,0.0,coinmarketcap_data_api_listings_historical
2026-02-20,37494,TRIVI,TriviAgent,5.514e-05,0.0,0.0,coinmarketcap_data_api_listings_historical
2026-02-20,37498,GREEN,GREEN,4.43e-06,0.0,0.0,coinmarketcap_data_api_listings_historical
2026-02-20,37500,VOOZ,Vooz Coin,7.708e-05,0.0,0.0,coinmarketcap_data_api_listings_historical
2026-02-20,37505,SLIPPY,Slippy,4e-08,0.0,0.0,coinmarketcap_data_api_listings_historical
2026-02-20,37508,ERN,Ethernity Chain,0.02823616,0.0,0.0,coinmarketcap_data_api_listings_historical
2026-02-20,37511,SPURDO,Spurdo,0.0,0.0,0.0,coinmarketcap_data_api_listings_historical
2026-02-20,21129,ARB,ARB Protocol,9.34e-06,0.0,0.0,coinmarketcap_data_api_listings_historical
2026-02-20,37526,DEBT,DebtCoin,2.593e-05,0.0,0.0,coinmarketcap_data_api_listings_historical
2026-02-20,4761,NU,NuCypher,0.02322018,0.0,0.0,coinmarketcap_data_api_listings_historical
2026-02-20,37530,XIAOBAI,XiaoBai (xiaobai.digital),0.0,0.0,0.0,coinmarketcap_data_api_listings_historical
2026-02-20,37531,IMAGINE,IMAGINE,1.898e-05,0.0,0.0,coinmarketcap_data_api_listings_historical
2026-02-20,4769,EOSC,EOS Force,8.5e-06,0.0,0.0,coinmarketcap_data_api_listings_historical
2026-02-20,37538,RUGPROOF,Launchpad,5.21e-06,0.0,0.0,coinmarketcap_data_api_listings_historical
2026-02-20,37539,MOTION,motion,6.28e-06,0.0,0.0,coinmarketcap_data_api_listings_historical
2026-02-20,37541,COSMO,Cosmo,7.86e-06,0.0,0.0,coinmarketcap_data_api_listings_historical
2026-02-20,37542,CONSCIOUS,Conscious,0.13831817,0.0,0.0,coinmarketcap_data_api_listings_historical
2026-02-20,21163,TTC,Tao Te Ching,10.43407126,0.0,0.0,coinmarketcap_data_api_listings_historical
2026-02-20,37557,BINGO,Bingo,5.8e-07,0.0,0.0,coinmarketcap_data_api_listings_historical
2026-02-20,37559,OKS,Oikos (New),0.17138,0.0,0.0,coinmarketcap_data_api_listings_historical
2026-02-20,21178,MRS,Metars Genesis,0.61495947,0.0,0.0,coinmarketcap_data_api_listings_historical
2026-02-20,37567,BSTR,BigStrategy Inc,1.397e-05,0.0,0.0,coinmarketcap_data_api_listings_historical
2026-02-20,37573,X1000,x1000club,0.00095643,0.0,0.0,coinmarketcap_data_api_listings_historical
2026-02-20,4808,BCNT,Bincentive,0.00106548,0.0,0.0,coinmarketcap_data_api_listings_historical
2026-02-20,37578,LATINA,Latina Coin,0.00013275,0.0,0.0,coinmarketcap_data_api_listings_historical
2026-02-20,37581,ATS,Anubhav Trainings,4.87e-05,0.0,0.0,coinmarketcap_data_api_listings_historical
2026-02-20,21198,GHNY,Grizzly Honey,0.01968668,0.0,0.0,coinmarketcap_data_api_listings_historical
2026-02-20,37582,USDU,Ultracoin,1.00046733,0.0,0.0,coinmarketcap_data_api_listings_historical
2026-02-20,37586,USDT.a,TINERTIA,0.96987795,0.0,0.0,coinmarketcap_data_api_listings_historical
2026-02-20,21204,STC,Styleo Coin,0.49996016,0.0,0.0,coinmarketcap_data_api_listings_historical
2026-02-20,37599,RHUB,ROLLHUB,0.00013471,0.0,0.0,coinmarketcap_data_api_listings_historical
2026-02-20,37601,IMAGINE,Grok Imagine,8.57e-06,0.0,0.0,coinmarketcap_data_api_listings_historical
2026-02-20,37602,TROLLGE,TROLLGE,6.07e-06,0.0,0.0,coinmarketcap_data_api_listings_historical
2026-02-20,37612,SPX6969,SPX 6969,1.556e-05,0.0,0.0,coinmarketcap_data_api_listings_historical
2026-02-20,37620,MAPU,MatchAwards Platform Utility Token,0.61498964,0.0,0.0,coinmarketcap_data_api_listings_historical
2026-02-20,37622,MACRO,Macro Millions,0.00031815,0.0,0.0,coinmarketcap_data_api_listings_historical
2026-02-20,37632,RAGEGUY,RAGEGUY FFFFFFFFFFFFFUUUUUUUUUUUUUUUU,5e-06,0.0,0.0,coinmarketcap_data_api_listings_historical
2026-02-20,37639,CP,CoinUp.io,0.15658997,0.0,0.0,coinmarketcap_data_api_listings_historical
2026-02-20,37643,SON,"ARE YA WINNING, SON?",0.0001166,0.0,0.0,coinmarketcap_data_api_listings_historical
2026-02-20,37644,MAGAL,Magallaneer,3.346e-05,0.0,0.0,coinmarketcap_data_api_listings_historical
2026-02-20,37647,IFR,Inferium,7.358e-05,0.0,0.0,coinmarketcap_data_api_listings_historical
2026-02-20,21266,LAND,Landboard,0.00277074,0.0,0.0,coinmarketcap_data_api_listings_historical
2026-02-20,37655,SCAN,SCAN,7.711e-05,0.0,0.0,coinmarketcap_data_api_listings_historical
2026-02-20,37662,BPXL,BombPixel,4.4e-07,0.0,0.0,coinmarketcap_data_api_listings_historical
2026-02-20,37663,MBGA,MBGA,1.325e-05,0.0,0.0,coinmarketcap_data_api_listings_historical
2026-02-20,37664,ALL,Binance ALL Composite Index,0.47966181,0.0,0.0,coinmarketcap_data_api_listings_historical
2026-02-20,21282,SKCS,sKCS.io Staked KCS,9.46614235,0.0,0.0,coinmarketcap_data_api_listings_historical
2026-02-20,21290,OKINAMI,Kanagawa Nami,0.00029532,0.0,0.0,coinmarketcap_data_api_listings_historical
2026-02-20,37675,BALLTZE,BALLTZE,8.06e-06,0.0,0.0,coinmarketcap_data_api_listings_historical
2026-02-20,21292,WDOT,WDOT,1.35032446,0.0,0.0,coinmarketcap_data_api_listings_historical
2026-02-20,37676,CLIFFORD,Clifford,2.814e-05,0.0,0.0,coinmarketcap_data_api_listings_historical
2026-02-20,4916,MODEX,Modex,0.01200201,0.0,0.0,coinmarketcap_data_api_listings_historical
2026-02-20,21314,APTR,Aperture Finance,3.484e-05,0.0,0.0,coinmarketcap_data_api_listings_historical
2026-02-20,37708,EGC,EAGLE COIN,0.49974744,0.0,0.0,coinmarketcap_data_api_listings_historical
2026-02-20,37719,PAI,Parabolic Agentic Intelligence,0.04437707,0.0,0.0,coinmarketcap_data_api_listings_historical
2026-02-20,37720,JOJO,JOJO,1.057e-05,0.0,0.0,coinmarketcap_data_api_listings_historical
2026-02-20,21339,MORE,BuyMORE,0.05374423,0.0,0.0,coinmarketcap_data_api_listings_historical
2026-02-20,21342,SUZUME,Shita-kiri Suzume,8e-08,0.0,0.0,coinmarketcap_data_api_listings_historical
2026-02-20,37730,TOKABU,Tokabu,0.0,0.0,0.0,coinmarketcap_data_api_listings_historical
2026-02-20,21348,$YAKU,Yaku,0.00083382,0.0,0.0,coinmarketcap_data_api_listings_historical
2026-02-20,37736,SCTRL,SolControl,0.0001088,0.0,0.0,coinmarketcap_data_api_listings_historical
2026-02-20,37738,MOON,just mooncoin,4.98e-06,0.0,0.0,coinmarketcap_data_api_listings_historical
2026-02-20,21357,ADDY,Adamant,0.0087138,0.0,0.0,coinmarketcap_data_api_listings_historical
2026-02-20,37746,BNS,BNS COIN,0.99571922,0.0,0.0,coinmarketcap_data_api_listings_historical
2026-02-20,37748,USD.F,TetherFund,1.00002468,0.0,0.0,coinmarketcap_data_api_listings_historical
2026-02-20,37749,EAGLE,Bald Eagle,3.123e-05,0.0,0.0,coinmarketcap_data_api_listings_historical
2026-02-20,37750,RUN,Speedrun,3.79e-06,0.0,0.0,coinmarketcap_data_api_listings_historical
2026-02-20,37753,BULLPEPE,Bull Pepe (bullpepe.com),6.2e-06,0.0,0.0,coinmarketcap_data_api_listings_historical
2026-02-20,21370,MMF,MM Finance (Polygon),5.15e-06,0.0,0.0,coinmarketcap_data_api_listings_historical
2026-02-20,37756,CLOOTS,CryptoLoots,4.686e-05,0.0,0.0,coinmarketcap_data_api_listings_historical
2026-02-20,21373,3AIR,3air,6.343e-05,0.0,0.0,coinmarketcap_data_api_listings_historical
2026-02-20,37757,IOTAI,IoTAI,0.00419132,0.0,0.0,coinmarketcap_data_api_listings_historical
2026-02-20,37762,BRM,BullRun Meme,4.998e-05,0.0,0.0,coinmarketcap_data_api_listings_historical
2026-02-20,37764,NOVA,Nova AI,6.85e-06,0.0,0.0,coinmarketcap_data_api_listings_historical
2026-02-20,21394,UVT,UvToken,0.00012848,0.0,0.0,coinmarketcap_data_api_listings_historical
2026-02-20,21429,MIIDAS,Miidas NFT,3.42e-06,0.0,0.0,coinmarketcap_data_api_listings_historical
2026-02-20,21467,HAO,HistoryDAO,4.9e-06,0.0,0.0,coinmarketcap_data_api_listings_historical
2026-02-20,21477,YODE,YodeSwap,0.00059547,0.0,0.0,coinmarketcap_data_api_listings_historical
2026-02-20,21524,ULX,ULTRON,0.00138292,0.0,0.0,coinmarketcap_data_api_listings_historical
2026-02-20,21534,BNBX,Stader BNBx,691.30238323,0.0,0.0,coinmarketcap_data_api_listings_historical
2026-02-20,21540,NOTE,Note,1.00138452,0.0,0.0,coinmarketcap_data_api_listings_historical
2026-02-20,5181,TRYB,BiLira,0.02279132,0.0,0.0,coinmarketcap_data_api_listings_historical
2026-02-20,5184,BTCP,Bitcoin Pro,6.34300992,0.0,0.0,coinmarketcap_data_api_listings_historical
2026-02-20,21572,USDTZ,USDtez,0.00737503,0.0,0.0,coinmarketcap_data_api_listings_historical
2026-02-20,21576,BTCPAY,Bitcoin Pay,0.00216051,0.0,0.0,coinmarketcap_data_api_listings_historical
2026-02-20,37979,BERRIE,Berrie Dex,0.39258925,0.0,0.0,coinmarketcap_data_api_listings_historical
2026-02-20,37984,FOUNDER,Founder,1.354e-05,0.0,0.0,coinmarketcap_data_api_listings_historical
2026-02-20,37995,AIONIX,Aionix the Hub of AI,5.05e-06,0.0,0.0,coinmarketcap_data_api_listings_historical
2026-02-20,5263,CDAI,Compound Dai,0.02510317,0.0,0.0,coinmarketcap_data_api_listings_historical
2026-02-20,5330,ULT,Shardus,0.03164431,0.0,0.0,coinmarketcap_data_api_listings_historical
2026-02-20,5336,HMR,Homeros,0.0001659,0.0,0.0,coinmarketcap_data_api_listings_historical
2026-02-20,38105,TOTAKEKE,Totakeke,1.087e-05,0.0,0.0,coinmarketcap_data_api_listings_historical
2026-02-20,38109,SSX,Solana Stock Index,1.157e-05,0.0,0.0,coinmarketcap_data_api_listings_historical
2026-02-20,38110,FKR,Flicker,0.00082767,0.0,0.0,coinmarketcap_data_api_listings_historical
2026-02-20,21736,KNDX,Kondux,0.00248612,0.0,0.0,coinmarketcap_data_api_listings_historical
2026-02-20,38120,MOANER,Moaner by Matt Furie,1.227e-05,0.0,0.0,coinmarketcap_data_api_listings_historical
2026-02-20,38122,GOONER,Purgy Pengoon,0.00014797,0.0,0.0,coinmarketcap_data_api_listings_historical
2026-02-20,38123,TTAJ,TTAJ,0.00247171,0.0,0.0,coinmarketcap_data_api_listings_historical
2026-02-20,38125,AIFI,AiFinance,0.3013282,0.0,0.0,coinmarketcap_data_api_listings_historical
2026-02-20,21756,SHAN,Shanum,0.00017791,0.0,0.0,coinmarketcap_data_api_listings_historical
2026-02-20,38142,ABE,Abe,0.0001595,0.0,0.0,coinmarketcap_data_api_listings_historical
2026-02-20,38143,BANANA,Banana Chain,1.022e-05,0.0,0.0,coinmarketcap_data_api_listings_historical
2026-02-20,38148,YAIT,Yait Siu,2.787e-05,0.0,0.0,coinmarketcap_data_api_listings_historical
2026-02-20,21768,HOICHI,Hoichi,6.3e-07,0.0,0.0,coinmarketcap_data_api_listings_historical
2026-02-20,38152,TSLA,Tesla (Derivatives),411.62380389,0.0,0.0,coinmarketcap_data_api_listings_historical
2026-02-20,38153,NVDA,NVIDIA (Derivatives),190.0067329,0.0,0.0,coinmarketcap_data_api_listings_historical
2026-02-20,38154,CRCL,Circle Internet Group (Derivatives),63.21076656,0.0,0.0,coinmarketcap_data_api_listings_historical
2026-02-20,38157,BNB,BNB AI,3.143e-05,0.0,0.0,coinmarketcap_data_api_listings_historical
2026-02-20,21775,YYAVAX,Yield Yak AVAX,10.48730455,0.0,0.0,coinmarketcap_data_api_listings_historical
2026-02-20,5392,SCOP,Scopuly,0.00376203,0.0,0.0,coinmarketcap_data_api_listings_historical
2026-02-20,5401,CLT,CoinLoan,0.32902303,0.0,0.0,coinmarketcap_data_api_listings_historical
2026-02-20,38171,SACKS,SackFurie,1.265e-05,0.0,0.0,coinmarketcap_data_api_listings_historical
2026-02-20,38173,MONOPOLY,Monopoly,4.57e-06,0.0,0.0,coinmarketcap_data_api_listings_historical
2026-02-20,38176,MLMX,MLM X,1.453e-05,0.0,0.0,coinmarketcap_data_api_listings_historical
2026-02-20,38188,SOCKS,Alpaca Socks,3.88e-06,0.0,0.0,coinmarketcap_data_api_listings_historical
2026-02-20,38189,GOBL,GOBL,9.78e-06,0.0,0.0,coinmarketcap_data_api_listings_historical
2026-02-20,38191,STRAYDOG,Stray Dog,0.00036693,0.0,0.0,coinmarketcap_data_api_listings_historical
2026-02-20,38201,GUGO,GUGO,5.966e-05,0.0,0.0,coinmarketcap_data_api_listings_historical
2026-02-20,38202,RBR,Robora,0.00291096,0.0,0.0,coinmarketcap_data_api_listings_historical
2026-02-20,5437,BIZZ,BIZZCOIN,0.00011703,0.0,0.0,coinmarketcap_data_api_listings_historical
2026-02-20,38206,POUCH,CoinPouch,1.891e-05,0.0,0.0,coinmarketcap_data_api_listings_historical
2026-02-20,38210,BNB,BNBTiger Inu,3.549e-05,0.0,0.0,coinmarketcap_data_api_listings_historical
2026-02-20,5445,LBK,LBK,5111.44471658,0.0,0.0,coinmarketcap_data_api_listings_historical
2026-02-20,38214,LOS,ANALOS,1.002e-05,0.0,0.0,coinmarketcap_data_api_listings_historical
2026-02-20,38215,LOVE,LOVE,2.69e-06,0.0,0.0,coinmarketcap_data_api_listings_historical
2026-02-20,21842,ETHF,EthereumFair,0.00839744,0.0,0.0,coinmarketcap_data_api_listings_historical
2026-02-20,38227,FUSAKA,Fusaka,3.9e-07,0.0,0.0,coinmarketcap_data_api_listings_historical
2026-02-20,38229,ADA,Cardano Inu,1.105e-05,0.0,0.0,coinmarketcap_data_api_listings_historical
2026-02-20,21849,DLC,Diverge Loop,0.01363941,0.0,0.0,coinmarketcap_data_api_listings_historical
2026-02-20,21856,ZARP,ZARP Stablecoin,0.06240206,0.0,0.0,coinmarketcap_data_api_listings_historical
2026-02-20,38244,ABTC,American Bitcoin,0.0,0.0,0.0,coinmarketcap_data_api_listings_historical
2026-02-20,21871,CUSD,Coin98 Dollar,0.11745727,0.0,0.0,coinmarketcap_data_api_listings_historical
2026-02-20,38255,VORTEX,Vortex,6.8e-07,0.0,0.0,coinmarketcap_data_api_listings_historical
2026-02-20,38256,HAUST,Haust Network,0.01468873,0.0,0.0,coinmarketcap_data_api_listings_historical
2026-02-20,38259,AITV,AITV,0.00158506,0.0,0.0,coinmarketcap_data_api_listings_historical
2026-02-20,38262,CRO,CRO Trump AI,9.5e-06,0.0,0.0,coinmarketcap_data_api_listings_historical
2026-02-20,38264,NTE,NODEMETA,0.00035089,0.0,0.0,coinmarketcap_data_api_listings_historical
2026-02-20,21882,BOB,BOB,0.9997486,0.0,0.0,coinmarketcap_data_api_listings_historical
2026-02-20,21885,RUG,RUG RADIO,0.00051778,0.0,0.0,coinmarketcap_data_api_listings_historical
2026-02-20,38276,LABS,Nethara Labs,0.00123726,0.0,0.0,coinmarketcap_data_api_listings_historical
2026-02-20,38278,ARMY,Army,0.00041034,0.0,0.0,coinmarketcap_data_api_listings_historical
2026-02-20,38279,eMDR,Modulr,1.77626099,0.0,0.0,coinmarketcap_data_api_listings_historical
2026-02-20,38280,USD2,unstable two,3.19e-06,0.0,0.0,coinmarketcap_data_api_listings_historical
2026-02-20,38286,xADA,xADA,2.47e-06,0.0,0.0,coinmarketcap_data_api_listings_historical
2026-02-20,21905,NSK,NSKSwap,4.85947336,0.0,0.0,coinmarketcap_data_api_listings_historical
2026-02-20,5524,TNC,TNC Coin,7.204e-05,0.0,0.0,coinmarketcap_data_api_listings_historical
2026-02-20,21912,STATE,New World Order,0.0,0.0,0.0,coinmarketcap_data_api_listings_historical
2026-02-20,38298,CZW,CarbonZeroWorld,4.92136081,0.0,0.0,coinmarketcap_data_api_listings_historical
2026-02-20,5540,MPS,Mt Pelerin Shares,5.82769068,0.0,0.0,coinmarketcap_data_api_listings_historical
2026-02-20,38325,PWRA,PwrAI,0.19377341,0.0,0.0,coinmarketcap_data_api_listings_historical
2026-02-20,21946,CRAMER,Cramer Coin,4.682e-05,0.0,0.0,coinmarketcap_data_api_listings_historical
2026-02-20,38333,BRICK,brickcoin,3.49e-06,0.0,0.0,coinmarketcap_data_api_listings_historical
2026-02-20,38335,JET2,Jet2Holidays,1.569e-05,0.0,0.0,coinmarketcap_data_api_listings_historical
2026-02-20,38355,YAMA,Yamaswap,5.1e-07,0.0,0.0,coinmarketcap_data_api_listings_historical
2026-02-20,38358,HUNT,HUNT,3.5e-05,0.0,0.0,coinmarketcap_data_api_listings_historical
2026-02-20,38360,PAC,Pactus,0.01681133,0.0,0.0,coinmarketcap_data_api_listings_historical
2026-02-20,38365,T6900,TOKEN6900,0.00097159,0.0,0.0,coinmarketcap_data_api_listings_historical
2026-02-20,38369,PUG,Pug Inu,0.0,0.0,0.0,coinmarketcap_data_api_listings_historical
2026-02-20,21991,HATCHY,Hatchyverse,0.00027486,0.0,0.0,coinmarketcap_data_api_listings_historical
2026-02-20,38382,$IPAX,Icopax,9.992e-05,0.0,0.0,coinmarketcap_data_api_listings_historical
2026-02-20,22001,SONNE,Sonne Finance,0.00037996,0.0,0.0,coinmarketcap_data_api_listings_historical
2026-02-20,22008,VBG,Vibing,0.13995941,0.0,0.0,coinmarketcap_data_api_listings_historical
2026-02-20,5625,LYXe,LUKSO [Old],0.30841527,0.0,0.0,coinmarketcap_data_api_listings_historical
2026-02-20,22009,WEB5,WEB5 Inu,0.0,0.0,0.0,coinmarketcap_data_api_listings_historical
2026-02-20,22010,IRISTOKEN,Iris Ecosystem,0.00303284,0.0,0.0,coinmarketcap_data_api_listings_historical
2026-02-20,5631,ORN,Orion,0.03622235,0.0,0.0,coinmarketcap_data_api_listings_historical
2026-02-20,38409,OSK,OSK,52.74973376,0.0,0.0,coinmarketcap_data_api_listings_historical
2026-02-20,38411,DGN,Dragon Coin,0.00022352,0.0,0.0,coinmarketcap_data_api_listings_historical
2026-02-20,38413,HAMZ,HAMZ,3.38e-06,0.0,0.0,coinmarketcap_data_api_listings_historical
2026-02-20,38415,CAOCAO,CaoCao,0.00049688,0.0,0.0,coinmarketcap_data_api_listings_historical
2026-02-20,38419,MDC,Meta Dollar Coin,0.41153893,0.0,0.0,coinmarketcap_data_api_listings_historical
2026-02-20,22039,ATC,Atlantis Coin®,111.95696361,0.0,0.0,coinmarketcap_data_api_listings_historical
2026-02-20,38423,ROX,Robotexon,0.00045424,0.0,0.0,coinmarketcap_data_api_listings_historical
2026-02-20,38425,QACE,Qace Dynamics,2.024e-05,0.0,0.0,coinmarketcap_data_api_listings_historical
2026-02-20,38426,MOON,Moon Moon,3.09e-06,0.0,0.0,coinmarketcap_data_api_listings_historical
2026-02-20,22046,STZU,Shihtzu Exchange,0.0,0.0,0.0,coinmarketcap_data_api_listings_historical
2026-02-20,38431,W,W,4.926e-05,0.0,0.0,coinmarketcap_data_api_listings_historical
2026-02-20,38440,狗狗币,Chinese Dogecoin,1.005e-05,0.0,0.0,coinmarketcap_data_api_listings_historical
2026-02-20,38443,MOON,Moon,7.78e-06,0.0,0.0,coinmarketcap_data_api_listings_historical
2026-02-20,38446,LIQUID,Liquid Agent,0.00020897,0.0,0.0,coinmarketcap_data_api_listings_historical
2026-02-20,38447,CWOIN,cwoin,1.675e-05,0.0,0.0,coinmarketcap_data_api_listings_historical
2026-02-20,22069,ET,Extraterrestrial Token,2.16953986,0.0,0.0,coinmarketcap_data_api_listings_historical
2026-02-20,22076,RXT,RIMAUNANGIS,0.00019995,0.0,0.0,coinmarketcap_data_api_listings_historical
2026-02-20,38460,PALU,Binance's Palu,2.834e-05,0.0,0.0,coinmarketcap_data_api_listings_historical
2026-02-20,38462,ASTER,Aster,0.0,0.0,0.0,coinmarketcap_data_api_listings_historical
2026-02-20,22082,TORI,Teritori,3.681e-05,0.0,0.0,coinmarketcap_data_api_listings_historical
2026-02-20,38467,HOB,HumansOfBinance,1.333e-05,0.0,0.0,coinmarketcap_data_api_listings_historical
2026-02-20,38471,BLUEY,BlueyonBase,5.856e-05,0.0,0.0,coinmarketcap_data_api_listings_historical
2026-02-20,38473,BSOL,Baby Solana,2.7e-06,0.0,0.0,coinmarketcap_data_api_listings_historical
2026-02-20,38477,ELIZABETH,Just Elizabeth Cat,2.983e-05,0.0,0.0,coinmarketcap_data_api_listings_historical
2026-02-20,38478,GIGGLE,Giggle Donate,0.0,0.0,0.0,coinmarketcap_data_api_listings_historical
2026-02-20,38479,BNBCAKE,BNBCakeCoin,8.682e-05,0.0,0.0,coinmarketcap_data_api_listings_historical
2026-02-20,38483,BBRL,Braza BRL,0.19199622,0.0,0.0,coinmarketcap_data_api_listings_historical
2026-02-20,38500,BABYCREPE,BabyCrepe,8e-08,0.0,0.0,coinmarketcap_data_api_listings_historical
2026-02-20,22117,CROWD,CrowdSwap,0.00096598,0.0,0.0,coinmarketcap_data_api_listings_historical
2026-02-20,38502,NOS,NOS,6.66536251,0.0,0.0,coinmarketcap_data_api_listings_historical
2026-02-20,38508,USDX,USD X20,0.00010014,0.0,0.0,coinmarketcap_data_api_listings_historical
2026-02-20,38510,TIMELESS,Timeless,9.95e-06,0.0,0.0,coinmarketcap_data_api_listings_historical
2026-02-20,38511,UP,DoubleUp,0.37552863,0.0,0.0,coinmarketcap_data_api_listings_historical
2026-02-20,22129,ICSA,Icosa,0.00423505,0.0,0.0,coinmarketcap_data_api_listings_historical
2026-02-20,5747,MUSD,mStable USD,1.00064311,0.0,0.0,coinmarketcap_data_api_listings_historical
2026-02-20,38527,SPEECHLESS,Speechless,0.00011724,0.0,0.0,coinmarketcap_data_api_listings_historical
2026-02-20,38531,RP1,Ready player one,3.19350287,0.0,0.0,coinmarketcap_data_api_listings_historical
2026-02-20,5765,SETH,sETH,1050.54715997,0.0,0.0,coinmarketcap_data_api_listings_historical
2026-02-20,38534,CASH+,CASH+,107.0058357,0.0,0.0,coinmarketcap_data_api_listings_historical
2026-02-20,22153,ELF,ELF Wallet,3.844e-05,0.0,0.0,coinmarketcap_data_api_listings_historical
2026-02-20,38539,HOLO,HOLO (holol0gs.lovable.app),1.072e-05,0.0,0.0,coinmarketcap_data_api_listings_historical
2026-02-20,38546,YES,Yes Coin (yescoins.cc),1e-08,0.0,0.0,coinmarketcap_data_api_listings_historical
2026-02-20,38547,GNET,Galactica.com,0.01395146,0.0,0.0,coinmarketcap_data_api_listings_historical
2026-02-20,38549,KASTER,King Aster,0.0,0.0,0.0,coinmarketcap_data_api_listings_historical
2026-02-20,22172,PIB,PiBridge,0.00287759,0.0,0.0,coinmarketcap_data_api_listings_historical
2026-02-20,38563,BABY4,Baby 4,0.0007569,0.0,0.0,coinmarketcap_data_api_listings_historical
2026-02-20,22181,FRP,Fame Reward Plus,0.08997262,0.0,0.0,coinmarketcap_data_api_listings_historical
2026-02-20,38566,8,8,1.004e-05,0.0,0.0,coinmarketcap_data_api_listings_historical
2026-02-20,38568,SAFU,Funds are SAFU,3.268e-05,0.0,0.0,coinmarketcap_data_api_listings_historical
2026-02-20,38572,BULLGOD,BullGod,1.034e-05,0.0,0.0,coinmarketcap_data_api_listings_historical
2026-02-20,38574,INTERN,intern,0.02220265,0.0,0.0,coinmarketcap_data_api_listings_historical
2026-02-20,38575,CRP,Cryptopeso,0.02225283,0.0,0.0,coinmarketcap_data_api_listings_historical
2026-02-20,38580,JEET,Jeetjail,7e-08,0.0,0.0,coinmarketcap_data_api_listings_historical
2026-02-20,38582,BAN,Crypto BAN,0.00327286,0.0,0.0,coinmarketcap_data_api_listings_historical
2026-02-20,38601,BTC,Bitcoin X (tokenxoff.xyz),0.00010185,0.0,0.0,coinmarketcap_data_api_listings_historical
2026-02-20,38604,HARIKO,Inu Hariko,1.179e-05,0.0,0.0,coinmarketcap_data_api_listings_historical
2026-02-20,38609,SANTA,Santacoin,1.209e-05,0.0,0.0,coinmarketcap_data_api_listings_historical
2026-02-20,38612,LNK,LynkCoDAO,1e-08,0.0,0.0,coinmarketcap_data_api_listings_historical
2026-02-20,38621,$MMDAO,MMDAO,9.63e-06,0.0,0.0,coinmarketcap_data_api_listings_historical
2026-02-20,22242,CLAY,Clay Nation,0.00014118,0.0,0.0,coinmarketcap_data_api_listings_historical
2026-02-20,38631,UP,Upwego,1e-08,0.0,0.0,coinmarketcap_data_api_listings_historical
2026-02-20,38632,AXOME,Axolotl Token,0.01989487,0.0,0.0,coinmarketcap_data_api_listings_historical
2026-02-20,38633,BABYBTC,Baby Bitcoin,8.34e-06,0.0,0.0,coinmarketcap_data_api_listings_historical
2026-02-20,22253,MEWC,Meowcoin,2.249e-05,0.0,0.0,coinmarketcap_data_api_listings_historical
2026-02-20,38644,IMF,International Meme Fund,5.11e-06,0.0,0.0,coinmarketcap_data_api_listings_historical
2026-02-20,22262,LSD,Pontem Liquidswap,0.00018304,0.0,0.0,coinmarketcap_data_api_listings_historical
2026-02-20,38650,BTC,Bitcoin Inu (tokeninu.xyz),0.00014666,0.0,0.0,coinmarketcap_data_api_listings_historical
2026-02-20,5892,ANY,Anyswap,1.76089068,0.0,0.0,coinmarketcap_data_api_listings_historical
2026-02-20,38661,ZIB,Ziba,0.00013915,0.0,0.0,coinmarketcap_data_api_listings_historical
2026-02-20,22278,THE,The Protocol,8.369e-05,0.0,0.0,coinmarketcap_data_api_listings_historical
2026-02-20,38665,GBNB,GOLD BNB,0.0,0.0,0.0,coinmarketcap_data_api_listings_historical
2026-02-20,38667,STORM,SF,0.00785539,0.0,0.0,coinmarketcap_data_api_listings_historical
2026-02-20,38673,VFX,ViFox Coin,0.73565452,0.0,0.0,coinmarketcap_data_api_listings_historical
2026-02-20,38674,BLOXWAP,Bloxwap,1.676e-05,0.0,0.0,coinmarketcap_data_api_listings_historical
2026-02-20,5912,4ART,4ART Coin,0.000649,0.0,0.0,coinmarketcap_data_api_listings_historical
2026-02-20,38686,BFI,BlockFi Ai,4e-07,0.0,0.0,coinmarketcap_data_api_listings_historical
2026-02-20,22307,ACE,ACEToken,0.0,0.0,0.0,coinmarketcap_data_api_listings_historical
2026-02-20,38693,POCHITA,pochita,9.01e-06,0.0,0.0,coinmarketcap_data_api_listings_historical
2026-02-20,5926,ZOOM,CoinZoom,0.02139832,0.0,0.0,coinmarketcap_data_api_listings_historical
2026-02-20,38695,TAKO,TAKO,5.01e-06,0.0,0.0,coinmarketcap_data_api_listings_historical
2026-02-20,22312,ZZC,ZudgeZury,1.86e-06,0.0,0.0,coinmarketcap_data_api_listings_historical
2026-02-20,22314,HPO,Hippo Wallet Token (HPO),0.00064826,0.0,0.0,coinmarketcap_data_api_listings_historical
2026-02-20,22318,BOOP,Boop,0.00798981,0.0,0.0,coinmarketcap_data_api_listings_historical
2026-02-20,38702,SBNB,SILVER BNB (New),0.0,0.0,0.0,coinmarketcap_data_api_listings_historical
2026-02-20,38703,阴阳,YinYang,4.89e-06,0.0,0.0,coinmarketcap_data_api_listings_historical
2026-02-20,38704,$SILVER,SILVER,0.0,0.0,0.0,coinmarketcap_data_api_listings_historical
2026-02-20,38705,JEFE,JEFE TOKEN v2,7.29e-06,0.0,0.0,coinmarketcap_data_api_listings_historical
2026-02-20,38706,LOOP,Solana Money Loop,1.18e-06,0.0,0.0,coinmarketcap_data_api_listings_historical
2026-02-20,38708,FANTC,FANtium Tennis Coin,0.0079894,0.0,0.0,coinmarketcap_data_api_listings_historical
2026-02-20,38747,NUSD,Neutrl (NUSD),0.99953973,0.0,0.0,coinmarketcap_data_api_listings_historical
2026-02-20,38748,sNUSD,Neutrl (sNUSD),1.00182714,0.0,0.0,coinmarketcap_data_api_listings_historical
2026-02-20,22367,BGVT,BIT GAME VERSE TOKEN,1.918e-05,0.0,0.0,coinmarketcap_data_api_listings_historical
2026-02-20,38752,DAT,Digital ASSet Treasury,4.44e-06,0.0,0.0,coinmarketcap_data_api_listings_historical
2026-02-20,38753,LIFE,Cyberlife,0.00346887,0.0,0.0,coinmarketcap_data_api_listings_historical
2026-02-20,38755,ΔV,deltaV,1.24e-05,0.0,0.0,coinmarketcap_data_api_listings_historical
2026-02-20,22376,VMT,Vemate,0.00191152,0.0,0.0,coinmarketcap_data_api_listings_historical
2026-02-20,38770,MEGA,MegaETH,0.13224604,0.0,0.0,coinmarketcap_data_api_listings_historical
2026-02-20,38773,PNGDA,Pengda Yellow Panda,4.71e-06,0.0,0.0,coinmarketcap_data_api_listings_historical
2026-02-20,38778,SHIELD,Shield,1.261e-05,0.0,0.0,coinmarketcap_data_api_listings_historical
2026-02-20,38785,X402,x402,0.0,0.0,0.0,coinmarketcap_data_api_listings_historical
2026-02-20,22404,SNS,Melody,4.5e-07,0.0,0.0,coinmarketcap_data_api_listings_historical
2026-02-20,22412,tAPT,Tortuga Finance Aptos,1.03114508,0.0,0.0,coinmarketcap_data_api_listings_historical
2026-02-20,38796,AIN,AInalyst,0.00010359,0.0,0.0,coinmarketcap_data_api_listings_historical
2026-02-20,38797,SOLANA,FOX9,2.882e-05,0.0,0.0,coinmarketcap_data_api_listings_historical
2026-02-20,38799,OOPS,OOPS,3.248e-05,0.0,0.0,coinmarketcap_data_api_listings_historical
2026-02-20,22421,BBC,BULL BTC CLUB,2.51e-06,0.0,0.0,coinmarketcap_data_api_listings_historical
2026-02-20,38809,BASE,Baby Base,7.426e-05,0.0,0.0,coinmarketcap_data_api_listings_historical
2026-02-20,38812,RIVERPTS,River PTS,0.00792494,0.0,0.0,coinmarketcap_data_api_listings_historical
2026-02-20,38821,世界和平,世界和平,8.144e-05,0.0,0.0,coinmarketcap_data_api_listings_historical
2026-02-20,38823,MM,Meme Man,5.026e-05,0.0,0.0,coinmarketcap_data_api_listings_historical
2026-02-20,38825,x402,x402,0.0,0.0,0.0,coinmarketcap_data_api_listings_historical
2026-02-20,22442,PALM,PalmPay,0.0260476,0.0,0.0,coinmarketcap_data_api_listings_historical
2026-02-20,38827,CAST,CAST,698.70216694,0.0,0.0,coinmarketcap_data_api_listings_historical
2026-02-20,38830,FRENLY,Frenly,0.00034477,0.0,0.0,coinmarketcap_data_api_listings_historical
2026-02-20,38833,SNORT,Snorter,0.00747493,0.0,0.0,coinmarketcap_data_api_listings_historical
2026-02-20,38836,HAVEN,Haven,0.00047234,0.0,0.0,coinmarketcap_data_api_listings_historical
2026-02-20,38839,BTELEGRAM,BetterTelegram,6.8e-06,0.0,0.0,coinmarketcap_data_api_listings_historical
2026-02-20,38843,MYST,MyStandard,0.00540381,0.0,0.0,coinmarketcap_data_api_listings_historical
2026-02-20,22468,QUO,Quoll Finance,5.002e-05,0.0,0.0,coinmarketcap_data_api_listings_historical
2026-02-20,38852,X402AI,x402 AI,0.0,0.0,0.0,coinmarketcap_data_api_listings_historical
2026-02-20,38855,$MFUN,MemeMarket,9.49e-06,0.0,0.0,coinmarketcap_data_api_listings_historical
2026-02-20,38859,NORM,Norm,1.28e-06,0.0,0.0,coinmarketcap_data_api_listings_historical
2026-02-20,38860,BUNNIE,Bunnie,5.8e-06,0.0,0.0,coinmarketcap_data_api_listings_historical
2026-02-20,38861,NEO,NEO,0.0,0.0,0.0,coinmarketcap_data_api_listings_historical
2026-02-20,38862,AJC,AI Judge Companion,0.0,0.0,0.0,coinmarketcap_data_api_listings_historical
2026-02-20,38865,SFY,Stakefy,5.54e-06,0.0,0.0,coinmarketcap_data_api_listings_historical
2026-02-20,38867,BABYDOGE,BABYDOGE,0.0,0.0,0.0,coinmarketcap_data_api_listings_historical
2026-02-20,38875,LOOP,Loop Finance,0.22029155,0.0,0.0,coinmarketcap_data_api_listings_historical
2026-02-20,22495,GLF,Galaxy Finance,0.00869386,0.0,0.0,coinmarketcap_data_api_listings_historical
2026-02-20,22502,DBI,Don't Buy Inu,5.134e-05,0.0,0.0,coinmarketcap_data_api_listings_historical
2026-02-20,38887,DOGE-1,DOGE-1 Satellite,0.0,0.0,0.0,coinmarketcap_data_api_listings_historical
2026-02-20,38901,AXC,Axion,0.00028164,0.0,0.0,coinmarketcap_data_api_listings_historical
2026-02-20,38902,GTF,GTF,2.3e-07,0.0,0.0,coinmarketcap_data_api_listings_historical
2026-02-20,38904,DOGE-1,DOGE-1 Satellite,0.0,0.0,0.0,coinmarketcap_data_api_listings_historical
2026-02-20,22527,GGT,GameGuru,9.317e-05,0.0,0.0,coinmarketcap_data_api_listings_historical
2026-02-20,38916,CZBOOK,CZ BOOK,0.0,0.0,0.0,coinmarketcap_data_api_listings_historical
2026-02-20,38917,GBS,GAMESBUYSELL,4.1e-07,0.0,0.0,coinmarketcap_data_api_listings_historical
2026-02-20,38919,LAMBO,LAMBO,0.00064026,0.0,0.0,coinmarketcap_data_api_listings_historical
2026-02-20,22538,TMG,T-mac DAO,0.49984791,0.0,0.0,coinmarketcap_data_api_listings_historical
2026-02-20,38922,ANY,Anyspend,0.02924677,0.0,0.0,coinmarketcap_data_api_listings_historical
2026-02-20,38929,CZ,Crypto Guy,0.0,0.0,0.0,coinmarketcap_data_api_listings_historical
2026-02-20,38940,PHOTON,Photon,0.04419195,0.0,0.0,coinmarketcap_data_api_listings_historical
2026-02-20,38951,XMONEY,X Money,0.0,0.0,0.0,coinmarketcap_data_api_listings_historical
2026-02-20,22568,MIRA,Chains of War,0.04052431,0.0,0.0,coinmarketcap_data_api_listings_historical
2026-02-20,38953,BOLD,BOLD,1.057e-05,0.0,0.0,coinmarketcap_data_api_listings_historical
2026-02-20,38954,HORSE,HORSE COIN,0.0,0.0,0.0,coinmarketcap_data_api_listings_historical
2026-02-20,38959,69,The Official 69 Coin,0.0,0.0,0.0,coinmarketcap_data_api_listings_historical
2026-02-20,38962,MEC,Mellion Coin,8.99895461,0.0,0.0,coinmarketcap_data_api_listings_historical
2026-02-20,38968,C1USD,Currency One USD,0.99911347,0.0,0.0,coinmarketcap_data_api_listings_historical
2026-02-20,38973,$JESSE,$jesse,0.0,0.0,0.0,coinmarketcap_data_api_listings_historical
2026-02-20,22596,KXP,KodexPay,2.302e-05,0.0,0.0,coinmarketcap_data_api_listings_historical
2026-02-20,22601,AUTUMN,Autumn,0.00270348,0.0,0.0,coinmarketcap_data_api_listings_historical
2026-02-20,22602,EQ9,EQ9,2.316e-05,0.0,0.0,coinmarketcap_data_api_listings_historical
2026-02-20,38991,XRS,Xauras,0.02878896,0.0,0.0,coinmarketcap_data_api_listings_historical
2026-02-20,38998,NCT,New Cat v2,6.2e-07,0.0,0.0,coinmarketcap_data_api_listings_historical
2026-02-20,39001,ZOOTOPIA,Zootopia,0.0,0.0,0.0,coinmarketcap_data_api_listings_historical
2026-02-20,6243,PIE,DeFiPie,0.0011312,0.0,0.0,coinmarketcap_data_api_listings_historical
2026-02-20,39014,DFTV,DeFiance Media,0.00635192,0.0,0.0,coinmarketcap_data_api_listings_historical
2026-02-20,39015,VBNB,BNB ETF,0.0,0.0,0.0,coinmarketcap_data_api_listings_historical
2026-02-20,39017,TOSHI,Toshi Inu,4.183e-05,0.0,0.0,coinmarketcap_data_api_listings_historical
2026-02-20,39020,BIBI,BiBi,0.0,0.0,0.0,coinmarketcap_data_api_listings_historical
2026-02-20,39031,WEIRD,Weird Coin,9.52e-06,0.0,0.0,coinmarketcap_data_api_listings_historical
2026-02-20,6264,DEC,Dark Energy Crystals,0.00057584,0.0,0.0,coinmarketcap_data_api_listings_historical
2026-02-20,39032,$SILVER,SILVER,0.0,0.0,0.0,coinmarketcap_data_api_listings_historical
2026-02-20,22652,MLC,Mithila Coin,0.0198784,0.0,0.0,coinmarketcap_data_api_listings_historical
2026-02-20,39038,PALMO,ORCIB,0.0003991,0.0,0.0,coinmarketcap_data_api_listings_historical
2026-02-20,39041,MFM,Meme Millionaires,0.00016784,0.0,0.0,coinmarketcap_data_api_listings_historical
2026-02-20,39045,VALAN,Valannium,0.00075278,0.0,0.0,coinmarketcap_data_api_listings_historical
2026-02-20,39046,RETSA,Retsa Coin,4.33e-06,0.0,0.0,coinmarketcap_data_api_listings_historical
2026-02-20,39050,TBY,TOBY,1.469e-05,0.0,0.0,coinmarketcap_data_api_listings_historical
2026-02-20,39063,GIGGLE,Giggle Fund AI,2.244e-05,0.0,0.0,coinmarketcap_data_api_listings_historical
2026-02-20,39077,RIFTS,Rifts Finance,0.00028855,0.0,0.0,coinmarketcap_data_api_listings_historical
2026-02-20,39086,ATTRA,Attractor,0.56049144,0.0,0.0,coinmarketcap_data_api_listings_historical
2026-02-20,6323,LKN,LinkCoin Token,0.00013402,0.0,0.0,coinmarketcap_data_api_listings_historical
2026-02-20,39107,PAYS,Paystream,0.04040099,0.0,0.0,coinmarketcap_data_api_listings_historical
2026-02-20,39117,LUNC,Terra Classic AI,3.58e-06,0.0,0.0,coinmarketcap_data_api_listings_historical
2026-02-20,39119,CALVIN,CALVIN,0.0,0.0,0.0,coinmarketcap_data_api_listings_historical
2026-02-20,22736,IST,Inter Stable Token,0.99417206,0.0,0.0,coinmarketcap_data_api_listings_historical
2026-02-20,39124,AVATAR,Avatar 3,0.0,0.0,0.0,coinmarketcap_data_api_listings_historical
2026-02-20,22743,NSTR,Nostra,0.0071025,0.0,0.0,coinmarketcap_data_api_listings_historical
2026-02-20,22744,JEUR,Jarvis Synthetic Euro,0.06759921,0.0,0.0,coinmarketcap_data_api_listings_historical
2026-02-20,39133,AMATO,AMATO,0.00311672,0.0,0.0,coinmarketcap_data_api_listings_historical
2026-02-20,39134,WR,White Rat,0.0,0.0,0.0,coinmarketcap_data_api_listings_historical
2026-02-20,39144,YEE,YEE,0.0,0.0,0.0,coinmarketcap_data_api_listings_historical
2026-02-20,22761,CRVFRAX,Curve.fi FRAX/USDC,1.01286698,0.0,0.0,coinmarketcap_data_api_listings_historical
2026-02-20,39145,RYU,Ryu Inu,4e-08,0.0,0.0,coinmarketcap_data_api_listings_historical
2026-02-20,39146,N4T,Nobel for Trump,0.02037498,0.0,0.0,coinmarketcap_data_api_listings_historical
2026-02-20,39148,JOBS,x402jobs,5.472e-05,0.0,0.0,coinmarketcap_data_api_listings_historical
2026-02-20,39149,SUPERCYCLE,Crypto SuperCycle,7.56e-06,0.0,0.0,coinmarketcap_data_api_listings_historical
2026-02-20,39160,PRX,PressX,0.389561,0.0,0.0,coinmarketcap_data_api_listings_historical
2026-02-20,39163,USDKG,USDKG,0.99984909,0.0,0.0,coinmarketcap_data_api_listings_historical
2026-02-20,22788,LOD3,LOD3 Token,4.679e-05,0.0,0.0,coinmarketcap_data_api_listings_historical
2026-02-20,39175,GYAT,GYAT Coin,0.00044867,0.0,0.0,coinmarketcap_data_api_listings_historical
2026-02-20,39179,TEVI,Tevi coin,0.00018968,0.0,0.0,coinmarketcap_data_api_listings_historical
2026-02-20,39180,TUNA,Tuna,1.687e-05,0.0,0.0,coinmarketcap_data_api_listings_historical
2026-02-20,39185,CPT,CoinP,0.93154291,0.0,0.0,coinmarketcap_data_api_listings_historical
2026-02-20,39191,USDA,Anzens,1.00647757,0.0,0.0,coinmarketcap_data_api_listings_historical
2026-02-20,39196,YELLOWWHALE,The Yellow Whale (whalecoin.club),0.0,0.0,0.0,coinmarketcap_data_api_listings_historical
2026-02-20,22816,NUSA,Nusa,6.63204969,0.0,0.0,coinmarketcap_data_api_listings_historical
2026-02-20,39201,2026,2026,0.0,0.0,0.0,coinmarketcap_data_api_listings_historical
2026-02-20,39202,XBRAIN,WorldBrain,0.43184139,0.0,0.0,coinmarketcap_data_api_listings_historical
2026-02-20,39206,MADURO,MADURO,0.0,0.0,0.0,coinmarketcap_data_api_listings_historical
2026-02-20,39210,ZKFG,Turbine Cash,0.07487167,0.0,0.0,coinmarketcap_data_api_listings_historical
2026-02-20,39223,BPEPE,BABY PEPE,0.0,0.0,0.0,coinmarketcap_data_api_listings_historical
2026-02-20,22847,FNCY,FNCY,0.00116399,0.0,0.0,coinmarketcap_data_api_listings_historical
2026-02-20,6490,ITAM,ITAM Games,0.00672525,0.0,0.0,coinmarketcap_data_api_listings_historical
2026-02-20,22906,SDL,stake.link,0.24715163,0.0,0.0,coinmarketcap_data_api_listings_historical
2026-02-20,22916,SHINJA,Shibnobi(New),4.897e-05,0.0,0.0,coinmarketcap_data_api_listings_historical
2026-02-20,22926,SPXC,SpaceXCoin,0.0,0.0,0.0,coinmarketcap_data_api_listings_historical
2026-02-20,39319,辛普森,辛普森,0.0,0.0,0.0,coinmarketcap_data_api_listings_historical
2026-02-20,39324,DOM,Dominion,5.6e-07,0.0,0.0,coinmarketcap_data_api_listings_historical
2026-02-20,39325,HORSE,Horse,4.5e-07,0.0,0.0,coinmarketcap_data_api_listings_historical
2026-02-20,22950,CAT,Cat,0.0,0.0,0.0,coinmarketcap_data_api_listings_historical
2026-02-20,39334,BIRB,Moonbirds (moonbird.world),0.0,0.0,0.0,coinmarketcap_data_api_listings_historical
2026-02-20,39343,XAG,Silver (Derivatives),84.49309373,0.0,0.0,coinmarketcap_data_api_listings_historical
2026-02-20,39344,XAU,Gold (Derivatives),5104.58704095,0.0,0.0,coinmarketcap_data_api_listings_historical
2026-02-20,22963,GERMANY,Germany Rabbit Token,0.0,0.0,0.0,coinmarketcap_data_api_listings_historical
2026-02-20,39359,MEFI,Meo Finance,0.0082017,0.0,0.0,coinmarketcap_data_api_listings_historical
2026-02-20,39363,WHITEPEPE,The White Pepe,5.2e-06,0.0,0.0,coinmarketcap_data_api_listings_historical
2026-02-20,6598,ANG,Aureus Nummus Gold,0.00018783,0.0,0.0,coinmarketcap_data_api_listings_historical
2026-02-20,22984,CADINU,Canadian Inuit Dog,2e-07,0.0,0.0,coinmarketcap_data_api_listings_historical
2026-02-20,22999,AMKT,Alongside Crypto Market Index,158.38723396,0.0,0.0,coinmarketcap_data_api_listings_historical
2026-02-20,23004,SAMA,Moonsama,0.00120743,0.0,0.0,coinmarketcap_data_api_listings_historical
2026-02-20,39398,TROVE,Trove,3.532e-05,0.0,0.0,coinmarketcap_data_api_listings_historical
2026-02-20,23027,ZENIQ,Zeniq,0.0010796,0.0,0.0,coinmarketcap_data_api_listings_historical
2026-02-20,39412,CHRONOEFFE,Chronoeffector AI,0.00023403,0.0,0.0,coinmarketcap_data_api_listings_historical
2026-02-20,39419,THEROS,THEROS,0.25706781,0.0,0.0,coinmarketcap_data_api_listings_historical
2026-02-20,6653,USDF,FolgoryUSD,2.14239406,0.0,0.0,coinmarketcap_data_api_listings_historical
2026-02-20,23038,NAVI,Navigator Exchange,0.04264159,0.0,0.0,coinmarketcap_data_api_listings_historical
2026-02-20,23047,IBTC,Indigo Protocol - iBTC,69302.50371175,0.0,0.0,coinmarketcap_data_api_listings_historical
2026-02-20,39431,BIOK,Biokript (New),4.709e-05,0.0,0.0,coinmarketcap_data_api_listings_historical
2026-02-20,39433,XMR,Monero AI,0.00015376,0.0,0.0,coinmarketcap_data_api_listings_historical
2026-02-20,39438,KABOSU,X Meme Dog,0.0,0.0,0.0,coinmarketcap_data_api_listings_historical
2026-02-20,23058,XOLO,Xoloitzcuintli,9.9e-07,0.0,0.0,coinmarketcap_data_api_listings_historical
2026-02-20,23060,SPOT,Spot,0.72895705,0.0,0.0,coinmarketcap_data_api_listings_historical
2026-02-20,23063,SHIK,SHIKOKU,0.0,0.0,0.0,coinmarketcap_data_api_listings_historical
2026-02-20,23068,MURA,Murasaki,0.36888776,0.0,0.0,coinmarketcap_data_api_listings_historical
2026-02-20,39460,XPT,Platinum (Derivatives),2156.7021466,0.0,0.0,coinmarketcap_data_api_listings_historical
2026-02-20,6693,OCP,OC Protocol,0.00069633,0.0,0.0,coinmarketcap_data_api_listings_historical
2026-02-20,39467,XCU,Copper (Derivatives),5.93205909,0.0,0.0,coinmarketcap_data_api_listings_historical
2026-02-20,39468,IXIC,Nasdaq index (Derivatives),25015.31437258,0.0,0.0,coinmarketcap_data_api_listings_historical
2026-02-20,39469,MU,Micron Technology Inc (Derivatives),427.500777,0.0,0.0,coinmarketcap_data_api_listings_historical
2026-02-20,39472,INTC,Intel Corp (Derivatives),44.02230534,0.0,0.0,coinmarketcap_data_api_listings_historical
2026-02-20,39473,MSTR,MicroStrategy Inc (Derivatives),131.48922251,0.0,0.0,coinmarketcap_data_api_listings_historical
2026-02-20,39474,S&P500,Standard and Poor's 500 index (Derivatives),6907.84850896,0.0,0.0,coinmarketcap_data_api_listings_historical
2026-02-20,23091,LYFE,LYFE,2.87483173,0.0,0.0,coinmarketcap_data_api_listings_historical
2026-02-20,39475,PLTR,Palantir Technologies Inc (Derivatives),135.16887153,0.0,0.0,coinmarketcap_data_api_listings_historical
2026-02-20,39477,META,Meta Platforms (Derivatives),655.05068464,0.0,0.0,coinmarketcap_data_api_listings_historical
2026-02-20,39479,NFLX,Netflix (Derivatives),78.08624033,0.0,0.0,coinmarketcap_data_api_listings_historical
2026-02-20,39481,XPD,Palladium (Derivatives),1752.86717625,0.0,0.0,coinmarketcap_data_api_listings_historical
2026-02-20,39482,ORCL,Oracle Corp (Derivatives),148.01496279,0.0,0.0,coinmarketcap_data_api_listings_historical
2026-02-20,39483,COIN,Coinbase Global Inc (Derivatives),170.71805481,0.0,0.0,coinmarketcap_data_api_listings_historical
2026-02-20,39485,OPENAI,OpenAI (Derivatives),654.3515458,0.0,0.0,coinmarketcap_data_api_listings_historical
2026-02-20,39486,BABA,Alibaba Group Holding Limited (Derivatives),154.92892021,0.0,0.0,coinmarketcap_data_api_listings_historical
2026-02-20,39487,CL,Crude Oil Futures (Derivatives),66.55999096,0.0,0.0,coinmarketcap_data_api_listings_historical
2026-02-20,39489,AMD,Advanced Micro Devices Inc (Derivatives),199.84231707,0.0,0.0,coinmarketcap_data_api_listings_historical
2026-02-20,39490,TSM,Taiwan Semiconductor Manufacturing (Derivatives),370.45727921,0.0,0.0,coinmarketcap_data_api_listings_historical
2026-02-20,39492,BIOTECH,Biotechnology Index (Derivatives),124.94344471,0.0,0.0,coinmarketcap_data_api_listings_historical
2026-02-20,39493,IWM,iShares Russell 2000 ETF (Derivatives),265.02153307,0.0,0.0,coinmarketcap_data_api_listings_historical
2026-02-20,39495,MSFT,Microsoft Corporation (Derivatives),397.3291028,0.0,0.0,coinmarketcap_data_api_listings_historical
2026-02-20,23112,KABOSU,Kabosu Inu,1e-07,0.0,0.0,coinmarketcap_data_api_listings_historical
2026-02-20,39497,CRWV,CoreWeave Inc (Derivatives),88.45803936,0.0,0.0,coinmarketcap_data_api_listings_historical
2026-02-20,23115,SHEN,Shen,0.21804208,0.0,0.0,coinmarketcap_data_api_listings_historical
2026-02-20,39499,RIVN,Rivian Automotive Inc (Derivatives),15.26397146,0.0,0.0,coinmarketcap_data_api_listings_historical
2026-02-20,39500,000660,SK hynix Inc (Derivatives),3142.89006995,0.0,0.0,coinmarketcap_data_api_listings_historical
2026-02-20,39501,SPACEX,SpaceX Pre-IPO (Derivatives),1757.7621542,0.0,0.0,coinmarketcap_data_api_listings_historical
2026-02-20,39502,OIL,Crude Oil (Derivatives),66.46923147,0.0,0.0,coinmarketcap_data_api_listings_historical
2026-02-20,23119,LVL,Level Finance,0.00891338,0.0,0.0,coinmarketcap_data_api_listings_historical
2026-02-20,39503,005930,Samsung Electronics Co Ltd (Derivatives),666.83117989,0.0,0.0,coinmarketcap_data_api_listings_historical
2026-02-20,23120,LGO,Level Finance,35956.07666502,0.0,0.0,coinmarketcap_data_api_listings_historical
2026-02-20,39504,XLK,State Street Technology Select Sector SPDR ETF (Derivatives),141.21994764,0.0,0.0,coinmarketcap_data_api_listings_historical
2026-02-20,39506,NUCLEAR,Nuclear Energy (Derivatives),149.10278322,0.0,0.0,coinmarketcap_data_api_listings_historical
2026-02-20,39507,SNDK,SanDisk Corporation (Derivatives),650.46477799,0.0,0.0,coinmarketcap_data_api_listings_historical
2026-02-20,39508,ENERGY,Energy Sector (Derivatives),55.04563049,0.0,0.0,coinmarketcap_data_api_listings_historical
2026-02-20,39510,MAGS,Roundhill Magnificent Seven ETF (Derivatives),62.66603876,0.0,0.0,coinmarketcap_data_api_listings_historical
2026-02-20,39512,BOTZ,Global X Robotics and Artificial Intelligence ETF (Derivatives),38.88503079,0.0,0.0,coinmarketcap_data_api_listings_historical
2026-02-20,39513,META,Meta Platforms Inc (Derivatives),655.54019219,0.0,0.0,coinmarketcap_data_api_listings_historical
2026-02-20,39514,USAR,USA Rare Earth Inc (Derivatives),17.08884849,0.0,0.0,coinmarketcap_data_api_listings_historical
2026-02-20,39515,USOIL,USOIL (Derivatives),69.09755233,0.0,0.0,coinmarketcap_data_api_listings_historical
2026-02-20,39516,URNM,Sprott Uranium Miners ETF (Derivatives),74.03901097,0.0,0.0,coinmarketcap_data_api_listings_historical
2026-02-20,39517,USTECH,QQQ (Derivatives),609.26594615,0.0,0.0,coinmarketcap_data_api_listings_historical
2026-02-20,39518,USBOND,USBOND (Derivatives),89.48570908,0.0,0.0,coinmarketcap_data_api_listings_historical
2026-02-20,39519,COGE,Copper Doge,0.0,0.0,0.0,coinmarketcap_data_api_listings_historical
2026-02-20,39523,MOLTBOOK,moltbook,0.0,0.0,0.0,coinmarketcap_data_api_listings_historical
2026-02-20,6759,DUST,Nifty Wizards Dust,2.527e-05,0.0,0.0,coinmarketcap_data_api_listings_historical
2026-02-20,39532,JWT,JwZoza,0.50329585,0.0,0.0,coinmarketcap_data_api_listings_historical
2026-02-20,39534,DOGEMOON,DOGE TO MOON (dogemoons.fun),0.0,0.0,0.0,coinmarketcap_data_api_listings_historical
2026-02-20,23151,BTTY,Bitcointry Token,0.00044103,0.0,0.0,coinmarketcap_data_api_listings_historical
2026-02-20,23156,DUST,DeDust,0.38743515,0.0,0.0,coinmarketcap_data_api_listings_historical
2026-02-20,23157,LAKE,Data Lake,7.721e-05,0.0,0.0,coinmarketcap_data_api_listings_historical
2026-02-20,23165,BCB,Blockchain Bets,0.00034837,0.0,0.0,coinmarketcap_data_api_listings_historical
2026-02-20,39551,X,X (XCOIN_CTO),0.0,0.0,0.0,coinmarketcap_data_api_listings_historical
2026-02-20,23172,CHILI,CHILI,0.0,0.0,0.0,coinmarketcap_data_api_listings_historical
2026-02-20,39563,狗屎,狗屎,0.00012518,0.0,0.0,coinmarketcap_data_api_listings_historical
2026-02-20,23183,SBONK,SHIBONK,0.00703249,0.0,0.0,coinmarketcap_data_api_listings_historical
2026-02-20,39573,005380,Hyundai Motor Co (Derivatives),528692.56094799,0.0,0.0,coinmarketcap_data_api_listings_historical
2026-02-20,39575,KOSPI,Korea Composite Stock Price Index (Derivatives),5849.42875864,0.0,0.0,coinmarketcap_data_api_listings_historical
2026-02-20,23208,PLSB,PulseBitcoin,0.01478468,0.0,0.0,coinmarketcap_data_api_listings_historical
2026-02-20,23216,ROE,Rise of Elves,0.01433968,0.0,0.0,coinmarketcap_data_api_listings_historical
2026-02-20,23218,USP,USP Token,1.22231375,0.0,0.0,coinmarketcap_data_api_listings_historical
2026-02-20,23224,NEFTY,NeftyBlocks,0.00298152,0.0,0.0,coinmarketcap_data_api_listings_historical
2026-02-20,23241,DTG,Defi Tiger,0.0,0.0,0.0,coinmarketcap_data_api_listings_historical
2026-02-20,23244,OFE,Ofero,0.00050528,0.0,0.0,coinmarketcap_data_api_listings_historical
2026-02-20,23248,VELA,Vela Exchange,0.00043584,0.0,0.0,coinmarketcap_data_api_listings_historical
2026-02-20,6889,LIVE,TRONbetLive,0.01280051,0.0,0.0,coinmarketcap_data_api_listings_historical
2026-02-20,6890,TON,TON Token,0.00442932,0.0,0.0,coinmarketcap_data_api_listings_historical
2026-02-20,6911,BNSD,BNSD Finance,0.00022019,0.0,0.0,coinmarketcap_data_api_listings_historical
2026-02-20,23334,AUD,Aussie Digital,0.01570008,0.0,0.0,coinmarketcap_data_api_listings_historical
2026-02-20,23347,UT,Fantaverse,7.998e-05,0.0,0.0,coinmarketcap_data_api_listings_historical
2026-02-20,23388,LMDA,Lambda Markets,0.00979545,0.0,0.0,coinmarketcap_data_api_listings_historical
2026-02-20,23405,HADES,Hadeswap,0.00315183,0.0,0.0,coinmarketcap_data_api_listings_historical
2026-02-20,23450,PEPE,PepeSol,0.00019155,0.0,0.0,coinmarketcap_data_api_listings_historical
2026-02-20,7077,UP,UniFi Protocol,0.00332118,0.0,0.0,coinmarketcap_data_api_listings_historical
2026-02-20,23494,CVXFXS,Convex FXS,0.20119815,0.0,0.0,coinmarketcap_data_api_listings_historical
2026-02-20,23509,CARMIN,Carmin,0.00089985,0.0,0.0,coinmarketcap_data_api_listings_historical
2026-02-20,7126,GHD,Giftedhands [Old],1.9e-07,0.0,0.0,coinmarketcap_data_api_listings_historical
2026-02-20,23523,SHARBI,SHARBI,6.5e-07,0.0,0.0,coinmarketcap_data_api_listings_historical
2026-02-20,23557,KITTI,KITTI TOKEN,0.0,0.0,0.0,coinmarketcap_data_api_listings_historical
2026-02-20,23563,OT,Onchain Trade,0.00096745,0.0,0.0,coinmarketcap_data_api_listings_historical
2026-02-20,23566,MIR,MIR Token,3.18e-06,0.0,0.0,coinmarketcap_data_api_listings_historical
2026-02-20,23573,SLIZ,SolidLizard,1.28e-05,0.0,0.0,coinmarketcap_data_api_listings_historical
2026-02-20,23580,TROVE,Arbitrove Protocol,0.00154408,0.0,0.0,coinmarketcap_data_api_listings_historical
2026-02-20,23581,NUT,Nucleon,0.27030105,0.0,0.0,coinmarketcap_data_api_listings_historical
2026-02-20,7200,BID,Bidao,0.00013969,0.0,0.0,coinmarketcap_data_api_listings_historical
2026-02-20,23602,BOC,BOCOIN,0.00032923,0.0,0.0,coinmarketcap_data_api_listings_historical
2026-02-20,23624,XFT,Offshift [New],0.06406316,0.0,0.0,coinmarketcap_data_api_listings_historical
2026-02-20,7242,CORE,cVault.finance,5040.06951525,0.0,0.0,coinmarketcap_data_api_listings_historical
2026-02-20,23629,SKULL,Skull Order,7.29e-06,0.0,0.0,coinmarketcap_data_api_listings_historical
2026-02-20,23631,ALIEN,Alien,4.833e-05,0.0,0.0,coinmarketcap_data_api_listings_historical
2026-02-20,23639,SHDW,Shadowswap Finance,0.00213899,0.0,0.0,coinmarketcap_data_api_listings_historical
2026-02-20,23640,MILK,Cool Cats MILK,3.789e-05,0.0,0.0,coinmarketcap_data_api_listings_historical
2026-02-20,23641,FLOKICEO,FLOKI CEO,0.0,0.0,0.0,coinmarketcap_data_api_listings_historical
2026-02-20,23649,COLLAB,Collab.Land,2e-06,0.0,0.0,coinmarketcap_data_api_listings_historical
2026-02-20,23659,XCFX,Nucleon,0.06992916,0.0,0.0,coinmarketcap_data_api_listings_historical
2026-02-20,23668,MSHD,MASHIDA,6.425e-05,0.0,0.0,coinmarketcap_data_api_listings_historical
2026-02-20,23669,GETH,Goerli ETH,0.00293497,0.0,0.0,coinmarketcap_data_api_listings_historical
2026-02-20,23682,AMPLE,AmpleSwap (new),2e-07,0.0,0.0,coinmarketcap_data_api_listings_historical
2026-02-20,23700,ICE,IceCream,0.11837184,0.0,0.0,coinmarketcap_data_api_listings_historical
2026-02-20,23712,LFG,LFGSwap Finance (Core),3.961e-05,0.0,0.0,coinmarketcap_data_api_listings_historical
2026-02-20,23731,PLX,PLEXUS,0.01000869,0.0,0.0,coinmarketcap_data_api_listings_historical
2026-02-20,23750,HALO,HALO NFT OFFICIAL,0.00022112,0.0,0.0,coinmarketcap_data_api_listings_historical
2026-02-20,23764,DOGECEO,Doge CEO,0.0,0.0,0.0,coinmarketcap_data_api_listings_historical
2026-02-20,7414,EYE,Behodler,0.01820251,0.0,0.0,coinmarketcap_data_api_listings_historical
2026-02-20,23800,EUROE,EUROe Stablecoin,0.55674972,0.0,0.0,coinmarketcap_data_api_listings_historical
2026-02-20,23830,ALIF,ALIF COIN,0.13497085,0.0,0.0,coinmarketcap_data_api_listings_historical
2026-02-20,23836,VARA,Équilibre,1.46e-06,0.0,0.0,coinmarketcap_data_api_listings_historical
2026-02-20,23858,RAM,Ramses Exchange,0.00043694,0.0,0.0,coinmarketcap_data_api_listings_historical
2026-02-20,23879,CYBER,Cyberpunk City,0.00018965,0.0,0.0,coinmarketcap_data_api_listings_historical
2026-02-20,23880,WOR,Hollywood Capital Group WARRIOR,0.01157717,0.0,0.0,coinmarketcap_data_api_listings_historical
2026-02-20,7510,QRX,QuiverX,0.00375036,0.0,0.0,coinmarketcap_data_api_listings_historical
2026-02-20,23913,CID,CORE ID,0.00022069,0.0,0.0,coinmarketcap_data_api_listings_historical
2026-02-20,23921,CAT,Catcoin BSC,0.0,0.0,0.0,coinmarketcap_data_api_listings_historical
2026-02-20,23922,ROKO,Roko,3.83e-06,0.0,0.0,coinmarketcap_data_api_listings_historical
2026-02-20,23936,KAF,KAIF Platform,1.1e-07,0.0,0.0,coinmarketcap_data_api_listings_historical
2026-02-20,23941,GDX,Gridex,0.07894226,0.0,0.0,coinmarketcap_data_api_listings_historical
2026-02-20,23953,DZOO,Degen Zoo,0.00065696,0.0,0.0,coinmarketcap_data_api_listings_historical
2026-02-20,23958,DAOP,Dao Space,0.01313535,0.0,0.0,coinmarketcap_data_api_listings_historical
2026-02-20,23963,UW3S,Utility Web3Shot,0.00059302,0.0,0.0,coinmarketcap_data_api_listings_historical
2026-02-20,23967,VAPE,VAPE,0.07901824,0.0,0.0,coinmarketcap_data_api_listings_historical
2026-02-20,7593,DFD,DefiDollar DAO,0.00729485,0.0,0.0,coinmarketcap_data_api_listings_historical
2026-02-20,24006,FROGCEO,Frog Ceo,0.0,0.0,0.0,coinmarketcap_data_api_listings_historical
2026-02-20,7635,UNW,UniWorld,0.00029979,0.0,0.0,coinmarketcap_data_api_listings_historical
2026-02-20,24022,CHT,CyberHarbor,0.00059302,0.0,0.0,coinmarketcap_data_api_listings_historical
2026-02-20,24059,SECT,Sector Finance,0.01607259,0.0,0.0,coinmarketcap_data_api_listings_historical
2026-02-20,7676,AXN,Axion,7.5e-07,0.0,0.0,coinmarketcap_data_api_listings_historical
2026-02-20,24060,UNW,Uniwhale,0.00080718,0.0,0.0,coinmarketcap_data_api_listings_historical
2026-02-20,24062,PEPA,Pepa Inu,0.0,0.0,0.0,coinmarketcap_data_api_listings_historical
2026-02-20,24102,PAW,PAWZONE,3e-08,0.0,0.0,coinmarketcap_data_api_listings_historical
2026-02-20,24107,GOLDEN,Golden Inu,0.0,0.0,0.0,coinmarketcap_data_api_listings_historical
2026-02-20,24112,WUSDR,Wrapped USDR,0.18704687,0.0,0.0,coinmarketcap_data_api_listings_historical
2026-02-20,7739,KIT,DexKit,0.19778419,0.0,0.0,coinmarketcap_data_api_listings_historical
2026-02-20,24138,HAIR,HairDAO,16.36628225,0.0,0.0,coinmarketcap_data_api_listings_historical
2026-02-20,7757,BFHT,BeFaster Holder Token,0.00310096,0.0,0.0,coinmarketcap_data_api_listings_historical
2026-02-20,24158,CHR,Chronos,0.00058023,0.0,0.0,coinmarketcap_data_api_listings_historical
2026-02-20,24159,W$C,World$tateCoin,4.082e-05,0.0,0.0,coinmarketcap_data_api_listings_historical
2026-02-20,24161,ZKDOGE,zkDoge,2.21e-06,0.0,0.0,coinmarketcap_data_api_listings_historical
2026-02-20,24171,LFG,LFGSwap Finance (Arbitrum),5.62e-06,0.0,0.0,coinmarketcap_data_api_listings_historical
2026-02-20,24176,BOW,Archer Swap,0.00469421,0.0,0.0,coinmarketcap_data_api_listings_historical
2026-02-20,24177,KSWAP,KyotoSwap,0.01263672,0.0,0.0,coinmarketcap_data_api_listings_historical
2026-02-20,24178,LODE,Lodestar,3.801e-05,0.0,0.0,coinmarketcap_data_api_listings_historical
2026-02-20,7819,UCAP,Unicap.finance,0.00593681,0.0,0.0,coinmarketcap_data_api_listings_historical
2026-02-20,24210,GBK,GBANK APY,0.00121729,0.0,0.0,coinmarketcap_data_api_listings_historical
2026-02-20,7844,ACS,ACryptoS,0.13149049,0.0,0.0,coinmarketcap_data_api_listings_historical
2026-02-20,24267,CRAZYBUNNY,Crazy Bunny,0.0,0.0,0.0,coinmarketcap_data_api_listings_historical
2026-02-20,24277,OETH,Origin Ether,1971.73969481,0.0,0.0,coinmarketcap_data_api_listings_historical
2026-02-20,24281,GPT,ArbGPT,1.9e-05,0.0,0.0,coinmarketcap_data_api_listings_historical
2026-02-20,24290,SML,Smell Token,0.00044538,0.0,0.0,coinmarketcap_data_api_listings_historical
2026-02-20,24292,OSP,OpenSocial,3.07e-06,0.0,0.0,coinmarketcap_data_api_listings_historical
2026-02-20,24302,SWITCH,Switch,0.00017166,0.0,0.0,coinmarketcap_data_api_listings_historical
2026-02-20,24310,IZE,Galvan,6.366e-05,0.0,0.0,coinmarketcap_data_api_listings_historical
2026-02-20,24328,FLOKICASH,Floki Cash,0.0,0.0,0.0,coinmarketcap_data_api_listings_historical
2026-02-20,24331,BREAD,Breadchain Cooperative,1.00010522,0.0,0.0,coinmarketcap_data_api_listings_historical
2026-02-20,24341,DXN,DBXen,0.10429255,0.0,0.0,coinmarketcap_data_api_listings_historical
2026-02-20,7965,vXRP,Venus XRP,0.02935305,0.0,0.0,coinmarketcap_data_api_listings_historical
2026-02-20,7972,HNY,Honey,1.01887448,0.0,0.0,coinmarketcap_data_api_listings_historical
2026-02-20,24369,SDG,Crypto SDG,0.00072978,0.0,0.0,coinmarketcap_data_api_listings_historical
2026-02-20,7986,HUB,Hub - Human Trust Protocol,9.396e-05,0.0,0.0,coinmarketcap_data_api_listings_historical
2026-02-20,8020,DFIAT,DeFiato,0.00061775,0.0,0.0,coinmarketcap_data_api_listings_historical
2026-02-20,24433,RYOSHI,Ryoshi Token,0.0,0.0,0.0,coinmarketcap_data_api_listings_historical
2026-02-20,24443,ITC,ITC,0.0004806,0.0,0.0,coinmarketcap_data_api_listings_historical
2026-02-20,8080,DYP,Dypius [Old],0.00200667,0.0,0.0,coinmarketcap_data_api_listings_historical
2026-02-20,24489,enqAI,enqAI,0.00018313,0.0,0.0,coinmarketcap_data_api_listings_historical
2026-02-20,8136,WAXE,WAXE,6.86273125,0.0,0.0,coinmarketcap_data_api_listings_historical
2026-02-20,24529,BABYPEPE,BabyPepe,0.0,0.0,0.0,coinmarketcap_data_api_listings_historical
2026-02-20,8156,GGTK,GGDApp,0.00070834,0.0,0.0,coinmarketcap_data_api_listings_historical
2026-02-20,8159,ONC,One Cash,0.00470795,0.0,0.0,coinmarketcap_data_api_listings_historical
2026-02-20,8168,BAO,Bao Finance (old),9e-08,0.0,0.0,coinmarketcap_data_api_listings_historical
2026-02-20,24552,BOBO,Bobo,0.0,0.0,0.0,coinmarketcap_data_api_listings_historical
2026-02-20,24573,shibai,AiShiba,0.0,0.0,0.0,coinmarketcap_data_api_listings_historical
2026-02-20,24574,SHANG,Shanghai Inu,0.0,0.0,0.0,coinmarketcap_data_api_listings_historical
2026-02-20,24584,AWT,Abyss World,2.1e-07,0.0,0.0,coinmarketcap_data_api_listings_historical
2026-02-20,8213,vFIL,Venus Filecoin,0.01982505,0.0,0.0,coinmarketcap_data_api_listings_historical
2026-02-20,8232,MOLTEN,Molten,0.02756639,0.0,0.0,coinmarketcap_data_api_listings_historical
2026-02-20,24618,ETI,Etica,0.05891407,0.0,0.0,coinmarketcap_data_api_listings_historical
2026-02-20,24625,DST,Dragon Soul Token,0.00015815,0.0,0.0,coinmarketcap_data_api_listings_historical
2026-02-20,8249,3CRV,LP 3pool Curve,1.04074859,0.0,0.0,coinmarketcap_data_api_listings_historical
2026-02-20,8266,MDX,Mandala Exchange Token,0.00087869,0.0,0.0,coinmarketcap_data_api_listings_historical
2026-02-20,24669,SASUKE,Sasuke Uchiha,7.83e-06,0.0,0.0,coinmarketcap_data_api_listings_historical
2026-02-20,8294,MUST,Cometh,0.34513126,0.0,0.0,coinmarketcap_data_api_listings_historical
2026-02-20,24700,LBR,Lybra Finance,0.00062413,0.0,0.0,coinmarketcap_data_api_listings_historical
2026-02-20,24708,NEUROS,Shockwaves,0.00068052,0.0,0.0,coinmarketcap_data_api_listings_historical
2026-02-20,8339,XFUND,xFund,67.62684827,0.0,0.0,coinmarketcap_data_api_listings_historical
2026-02-20,24724,PEEPO,Peepo,0.0,0.0,0.0,coinmarketcap_data_api_listings_historical
2026-02-20,24739,TATE,Tate,0.0,0.0,0.0,coinmarketcap_data_api_listings_historical
2026-02-20,8370,VBETH,Venus BETH,40.38700096,0.0,0.0,coinmarketcap_data_api_listings_historical
2026-02-20,8377,SX,SX Network,0.01098431,0.0,0.0,coinmarketcap_data_api_listings_historical
2026-02-20,8389,BAMBOO,BambooDeFi,0.00024525,0.0,0.0,coinmarketcap_data_api_listings_historical
2026-02-20,8394,ANI,Anime Token,0.00066356,0.0,0.0,coinmarketcap_data_api_listings_historical
2026-02-20,8398,YFO,YFIONE,0.56036818,0.0,0.0,coinmarketcap_data_api_listings_historical
2026-02-20,24789,RUM,RUM - Pirates of Arrland Token,5.279e-05,0.0,0.0,coinmarketcap_data_api_listings_historical
2026-02-20,24791,OGSM,OGSMINEM,0.0,0.0,0.0,coinmarketcap_data_api_listings_historical
2026-02-20,8426,FILDA,Filda,0.00028735,0.0,0.0,coinmarketcap_data_api_listings_historical
2026-02-20,8431,WG999,Wrapped G999,0.00036162,0.0,0.0,coinmarketcap_data_api_listings_historical
2026-02-20,24821,SONIC,Sonic Inu,0.0,0.0,0.0,coinmarketcap_data_api_listings_historical
2026-02-20,8442,ETHIX,EthicHub,0.20623792,0.0,0.0,coinmarketcap_data_api_listings_historical
2026-02-20,8444,GFARM2,Gains Farm,1280.11257543,0.0,0.0,coinmarketcap_data_api_listings_historical
2026-02-20,24829,FXI,FX1 Sports,0.00113167,0.0,0.0,coinmarketcap_data_api_listings_historical
2026-02-20,8447,WILC,Wrapped ILCOIN,0.00055711,0.0,0.0,coinmarketcap_data_api_listings_historical
2026-02-20,24834,QCK,Quicksilver,0.00025562,0.0,0.0,coinmarketcap_data_api_listings_historical
2026-02-20,8457,B20,B20,0.04278438,0.0,0.0,coinmarketcap_data_api_listings_historical
2026-02-20,24857,LAMBO,$LAMBO,1.14e-06,0.0,0.0,coinmarketcap_data_api_listings_historical
2026-02-20,24859,pogai,POGAI,1.3e-06,0.0,0.0,coinmarketcap_data_api_listings_historical
2026-02-20,8476,PREMIA,Premia,0.04706077,0.0,0.0,coinmarketcap_data_api_listings_historical
2026-02-20,8487,TBCC,TBCC,9.407e-05,0.0,0.0,coinmarketcap_data_api_listings_historical
2026-02-20,8528,HBO,HashBridge Oracle,0.01099351,0.0,0.0,coinmarketcap_data_api_listings_historical
2026-02-20,8558,BT,BT.Finance,0.25749487,0.0,0.0,coinmarketcap_data_api_listings_historical
2026-02-20,8570,GRAPE,Grapeswap,1.91e-06,0.0,0.0,coinmarketcap_data_api_listings_historical
2026-02-20,8573,VISTA,Vista Finance,0.310059,0.0,0.0,coinmarketcap_data_api_listings_historical
2026-02-20,24974,WASSIE,WASSIE,4.7e-07,0.0,0.0,coinmarketcap_data_api_listings_historical
2026-02-20,24987,CLIPS,Clips,0.0,0.0,0.0,coinmarketcap_data_api_listings_historical
2026-02-20,8610,DMC,DMEX (Decentralized Mining Exchange),0.00093637,0.0,0.0,coinmarketcap_data_api_listings_historical
2026-02-20,8624,ADCO,Advertise Coin,0.43320575,0.0,0.0,coinmarketcap_data_api_listings_historical
2026-02-20,25014,RIBBIT,Ribbit,0.0,0.0,0.0,coinmarketcap_data_api_listings_historical
2026-02-20,25018,PUGAI,PUG AI,0.0,0.0,0.0,coinmarketcap_data_api_listings_historical
2026-02-20,25019,JEFF,JEFF,0.00142035,0.0,0.0,coinmarketcap_data_api_listings_historical
2026-02-20,8657,WANUSDT,wanUSDT,0.99478076,0.0,0.0,coinmarketcap_data_api_listings_historical
2026-02-20,25042,GGP,GoGoPool,0.04606516,0.0,0.0,coinmarketcap_data_api_listings_historical
2026-02-20,8665,PAR,Parallel,1.24340969,0.0,0.0,coinmarketcap_data_api_listings_historical
2026-02-20,25060,CRAZYPEPE,CRAZY PEPE,0.0,0.0,0.0,coinmarketcap_data_api_listings_historical
2026-02-20,8690,CADC,CAD Coin,0.72642981,0.0,0.0,coinmarketcap_data_api_listings_historical
2026-02-20,25076,CAPY,Capybara (getinnotimetoexplain.com),1.83e-06,0.0,0.0,coinmarketcap_data_api_listings_historical
2026-02-20,25130,ARX,ArbiDex Token,0.00011422,0.0,0.0,coinmarketcap_data_api_listings_historical
2026-02-20,25139,PEPECHAIN,PEPE Chain,0.0,0.0,0.0,coinmarketcap_data_api_listings_historical
2026-02-20,8759,ZEFI,ZCore Finance,7.5e-07,0.0,0.0,coinmarketcap_data_api_listings_historical
2026-02-20,25145,SWTS,SWEETS,0.0,0.0,0.0,coinmarketcap_data_api_listings_historical
2026-02-20,25159,MEME,meme (Ordinals),0.00056678,0.0,0.0,coinmarketcap_data_api_listings_historical
2026-02-20,25177,$TOAD,Toad Killer,0.0,0.0,0.0,coinmarketcap_data_api_listings_historical
2026-02-20,8795,MUTE,Mute,0.00010381,0.0,0.0,coinmarketcap_data_api_listings_historical
2026-02-20,25184,MANIA,ScapesMania,0.00016805,0.0,0.0,coinmarketcap_data_api_listings_historical
2026-02-20,25196,ELS,Ethlas,0.00068295,0.0,0.0,coinmarketcap_data_api_listings_historical
2026-02-20,8823,POODL,Poodl Token,0.0,0.0,0.0,coinmarketcap_data_api_listings_historical
2026-02-20,8833,DG,DeGate,0.04178266,0.0,0.0,coinmarketcap_data_api_listings_historical
2026-02-20,25228,DTC,TrumpCoin,0.0,0.0,0.0,coinmarketcap_data_api_listings_historical
2026-02-20,25230,BOLT,Huebel Bolt,0.02234579,0.0,0.0,coinmarketcap_data_api_listings_historical
2026-02-20,8858,CUB,Cub Finance,0.00091885,0.0,0.0,coinmarketcap_data_api_listings_historical
2026-02-20,8865,VBSWAP,vBSWAP,13.95538893,0.0,0.0,coinmarketcap_data_api_listings_historical
2026-02-20,8899,XSUSHI,xSUSHI,0.32092612,0.0,0.0,coinmarketcap_data_api_listings_historical
2026-02-20,25289,PEPE,Pepe Coin,0.0,0.0,0.0,coinmarketcap_data_api_listings_historical
2026-02-20,8908,VEN,ImpulseVen,0.01678815,0.0,0.0,coinmarketcap_data_api_listings_historical
2026-02-20,8926,ATD,A2DAO,0.00870343,0.0,0.0,coinmarketcap_data_api_listings_historical
2026-02-20,25330,ANIMA,Realm Anima,0.00017655,0.0,0.0,coinmarketcap_data_api_listings_historical
2026-02-20,25331,PEPEAI,Pepe AI (BSC),0.0,0.0,0.0,coinmarketcap_data_api_listings_historical
2026-02-20,25333,MURATIAI,MuratiAI,1.19e-06,0.0,0.0,coinmarketcap_data_api_listings_historical
2026-02-20,8964,xBLZD,Blizzard.money,0.00198808,0.0,0.0,coinmarketcap_data_api_listings_historical
2026-02-20,8978,POOCOIN,PooCoin,0.24859948,0.0,0.0,coinmarketcap_data_api_listings_historical
2026-02-20,8981,WAD,WardenSwap,0.00433599,0.0,0.0,coinmarketcap_data_api_listings_historical
2026-02-20,25385,WAGMI,Wagmi Coin,0.0,0.0,0.0,coinmarketcap_data_api_listings_historical
2026-02-20,25394,PEAR,Pear Swap,8e-05,0.0,0.0,coinmarketcap_data_api_listings_historical
2026-02-20,25396,TWELVE,TWELVE ZODIAC,0.02846485,0.0,0.0,coinmarketcap_data_api_listings_historical
2026-02-20,9016,HAUS,DAOhaus,0.15503797,0.0,0.0,coinmarketcap_data_api_listings_historical
2026-02-20,9045,JPYC,JPY Coin v1,0.00683072,0.0,0.0,coinmarketcap_data_api_listings_historical
2026-02-20,9065,REFI,Realfinance Network,2e-06,0.0,0.0,coinmarketcap_data_api_listings_historical
2026-02-20,9069,GOAT,Goatcoin,8.00551396,0.0,0.0,coinmarketcap_data_api_listings_historical
2026-02-20,9073,ICE,Popsicle Finance,0.13879849,0.0,0.0,coinmarketcap_data_api_listings_historical
2026-02-20,25467,MASYA,MASYA,0.0,0.0,0.0,coinmarketcap_data_api_listings_historical
2026-02-20,9086,HUB,Minter HUB,0.39550115,0.0,0.0,coinmarketcap_data_api_listings_historical
2026-02-20,9120,FLY,Franklin,8e-06,0.0,0.0,coinmarketcap_data_api_listings_historical
2026-02-20,9131,MIST,Alchemist,0.29990713,0.0,0.0,coinmarketcap_data_api_listings_historical
2026-02-20,9158,WOLF,moonwolf.io,4e-08,0.0,0.0,coinmarketcap_data_api_listings_historical
2026-02-20,9169,MMAON,MMAON,0.00933886,0.0,0.0,coinmarketcap_data_api_listings_historical
2026-02-20,9179,DFY,Defi For You,3.55e-06,0.0,0.0,coinmarketcap_data_api_listings_historical
2026-02-20,9191,OCC,Occam.Fi,0.00083263,0.0,0.0,coinmarketcap_data_api_listings_historical
2026-02-20,9207,MVI,Metaverse Index,5.30023789,0.0,0.0,coinmarketcap_data_api_listings_historical
2026-02-20,9214,MOONSTAR,MoonStar,0.0,0.0,0.0,coinmarketcap_data_api_listings_historical
2026-02-20,9217,XFIT,XFai,0.00281539,0.0,0.0,coinmarketcap_data_api_listings_historical
2026-02-20,25604,PINU,Pulse Inu,0.0,0.0,0.0,coinmarketcap_data_api_listings_historical
2026-02-20,25615,PSYOP,Psyop,1.369e-05,0.0,0.0,coinmarketcap_data_api_listings_historical
2026-02-20,9241,SATOZ,Satozhi,0.00686093,0.0,0.0,coinmarketcap_data_api_listings_historical
2026-02-20,9279,LAUNCH,SuperLauncher,0.00601574,0.0,0.0,coinmarketcap_data_api_listings_historical
2026-02-20,25664,KINGY,KINGYTON,0.02751053,0.0,0.0,coinmarketcap_data_api_listings_historical
2026-02-20,25667,KELP,KELP,0.00058436,0.0,0.0,coinmarketcap_data_api_listings_historical
2026-02-20,9284,SMRAT,Secured MoonRat Token,0.0,0.0,0.0,coinmarketcap_data_api_listings_historical
2026-02-20,25679,XAI,XAI Corp,0.00010902,0.0,0.0,coinmarketcap_data_api_listings_historical
2026-02-20,25680,YEARN,YearnTogether,0.01819502,0.0,0.0,coinmarketcap_data_api_listings_historical
2026-02-20,25687,JOEY,Joey Inu,0.01099654,0.0,0.0,coinmarketcap_data_api_listings_historical
2026-02-20,25796,JW,Jasan Wellness,1.34928278,0.0,0.0,coinmarketcap_data_api_listings_historical
2026-02-20,9413,REAU,Vira-lata Finance,0.0,0.0,0.0,coinmarketcap_data_api_listings_historical
2026-02-20,9427,vDOGE,Venus Dogecoin,0.00203753,0.0,0.0,coinmarketcap_data_api_listings_historical
2026-02-20,9437,CHE,CherrySwap,0.04500964,0.0,0.0,coinmarketcap_data_api_listings_historical
2026-02-20,9438,NMX,Nominex,0.00249068,0.0,0.0,coinmarketcap_data_api_listings_historical
2026-02-20,9453,AGVE,Agave,31.37566204,0.0,0.0,coinmarketcap_data_api_listings_historical
2026-02-20,9502,PIPI,Pippi Finance,0.00252821,0.0,0.0,coinmarketcap_data_api_listings_historical
2026-02-20,9522,BONFIRE,Bonfire,1e-08,0.0,0.0,coinmarketcap_data_api_listings_historical
2026-02-20,25912,PEPE,PepeCoin,0.0,0.0,0.0,coinmarketcap_data_api_listings_historical
2026-02-20,9533,GNT,GreenTrust,0.0,0.0,0.0,coinmarketcap_data_api_listings_historical
2026-02-20,25920,SDX,Steakd,1e-08,0.0,0.0,coinmarketcap_data_api_listings_historical
2026-02-20,9537,AIEPK,EpiK Protocol,1.934e-05,0.0,0.0,coinmarketcap_data_api_listings_historical
2026-02-20,25926,GMFAM,GMFAM,0.0,0.0,0.0,coinmarketcap_data_api_listings_historical
2026-02-20,25956,COLLECT,CoinCollect,0.00017325,0.0,0.0,coinmarketcap_data_api_listings_historical
2026-02-20,9574,COSHI,CoShi Inu,0.0,0.0,0.0,coinmarketcap_data_api_listings_historical
2026-02-20,25987,WAR,Water Rabbit Token,0.00015436,0.0,0.0,coinmarketcap_data_api_listings_historical
2026-02-20,9628,RPTR,Raptor Finance,6.244e-05,0.0,0.0,coinmarketcap_data_api_listings_historical
2026-02-20,9632,UMI,UMI,0.00033302,0.0,0.0,coinmarketcap_data_api_listings_historical
2026-02-20,9635,SYA,SaveYourAssets,0.0,0.0,0.0,coinmarketcap_data_api_listings_historical
2026-02-20,26028,TIGERMOON,TigerMoon,0.0,0.0,0.0,coinmarketcap_data_api_listings_historical
2026-02-20,9651,EMON,Ethermon,4.83e-05,0.0,0.0,coinmarketcap_data_api_listings_historical
2026-02-20,9694,UPR,Upfire,0.00047067,0.0,0.0,coinmarketcap_data_api_listings_historical
2026-02-20,26089,UNSHETH,unshETH Ether,2059.10189804,0.0,0.0,coinmarketcap_data_api_listings_historical
2026-02-20,9710,KABOSU,Kabosu,0.0,0.0,0.0,coinmarketcap_data_api_listings_historical
2026-02-20,9712,SHIH,Shih Tzu,0.0,0.0,0.0,coinmarketcap_data_api_listings_historical
2026-02-20,9740,PINK,Dot Finance,1.499e-05,0.0,0.0,coinmarketcap_data_api_listings_historical
2026-02-20,9789,ETH2X-FLI,ETH 2x Flexible Leverage Index,3.93853088,0.0,0.0,coinmarketcap_data_api_listings_historical
2026-02-20,26227,CRYSTAL STONES,CRYSTAL STONES,0.00017448,0.0,0.0,coinmarketcap_data_api_listings_historical
2026-02-20,9855,EMAX,EthereumMax,0.0,0.0,0.0,coinmarketcap_data_api_listings_historical
2026-02-20,26241,YOEX,YOEX PRO,3.19e-06,0.0,0.0,coinmarketcap_data_api_listings_historical
2026-02-20,9859,YUMMY,YUMMY,6.38e-06,0.0,0.0,coinmarketcap_data_api_listings_historical
2026-02-20,9862,SISHI,Sishi Finance,0.0003185,0.0,0.0,coinmarketcap_data_api_listings_historical
2026-02-20,9872,TFC,TheFutbolCoin,0.00087637,0.0,0.0,coinmarketcap_data_api_listings_historical
2026-02-20,9879,EXO,Exohood,8.744e-05,0.0,0.0,coinmarketcap_data_api_listings_historical
2026-02-20,26265,NIHAO,NiHao,0.0,0.0,0.0,coinmarketcap_data_api_listings_historical
2026-02-20,26267,SELF,SelfToken,0.27949497,0.0,0.0,coinmarketcap_data_api_listings_historical
2026-02-20,26273,AXT,Axioma Token,0.50594605,0.0,0.0,coinmarketcap_data_api_listings_historical
2026-02-20,9908,XKI,Ki,0.00014356,0.0,0.0,coinmarketcap_data_api_listings_historical
2026-02-20,9928,SPACE,Space Token,0.00142626,0.0,0.0,coinmarketcap_data_api_listings_historical
2026-02-20,9936,ELEPHANT,Elephant Money,4e-08,0.0,0.0,coinmarketcap_data_api_listings_historical
2026-02-20,9943,USHIBA,American Shiba,0.0,0.0,0.0,coinmarketcap_data_api_listings_historical
2026-02-20,26333,MOOX,Moox Protocol,0.00343659,0.0,0.0,coinmarketcap_data_api_listings_historical
2026-02-20,9951,WEX,WaultSwap,6.57e-06,0.0,0.0,coinmarketcap_data_api_listings_historical
2026-02-20,26337,LOVE,Love,4.385e-05,0.0,0.0,coinmarketcap_data_api_listings_historical
2026-02-20,9968,CORGI,Corgidoge,0.0,0.0,0.0,coinmarketcap_data_api_listings_historical
2026-02-20,9991,C3,Charli3,0.01161314,0.0,0.0,coinmarketcap_data_api_listings_historical
2026-02-20,26376,JIM,Jim,7.9e-07,0.0,0.0,coinmarketcap_data_api_listings_historical
2026-02-20,9996,BEZOGE,Bezoge Earth,0.0,0.0,0.0,coinmarketcap_data_api_listings_historical
2026-02-20,26380,SCIVIVE,sciVive,0.0,0.0,0.0,coinmarketcap_data_api_listings_historical
2026-02-20,10005,ZOOT,Zoo Token,0.0,0.0,0.0,coinmarketcap_data_api_listings_historical
2026-02-20,26396,BANK,BankerCoinAda,3.4e-07,0.0,0.0,coinmarketcap_data_api_listings_historical
2026-02-20,26403,STRDY,Sturdy,0.00878101,0.0,0.0,coinmarketcap_data_api_listings_historical
2026-02-20,10023,AQUA,Planet,0.97617341,0.0,0.0,coinmarketcap_data_api_listings_historical
2026-02-20,10029,USDm,USD mars,1.00859093,0.0,0.0,coinmarketcap_data_api_listings_historical
2026-02-20,10030,XMS,Mars Ecosystem Token,0.00024724,0.0,0.0,coinmarketcap_data_api_listings_historical
2026-02-20,10031,TENFI,TEN,0.00046623,0.0,0.0,coinmarketcap_data_api_listings_historical
2026-02-20,26417,LIZD,Dancing Lizard Coin,0.0,0.0,0.0,coinmarketcap_data_api_listings_historical
2026-02-20,10059,PNDR,Pandora Finance,0.00190462,0.0,0.0,coinmarketcap_data_api_listings_historical
2026-02-20,26456,SBC,Stable Coin,0.99924138,0.0,0.0,coinmarketcap_data_api_listings_historical
2026-02-20,10084,NUUM,MNet,0.00072867,0.0,0.0,coinmarketcap_data_api_listings_historical
2026-02-20,10109,FEED,Feeder.finance,0.00016561,0.0,0.0,coinmarketcap_data_api_listings_historical
2026-02-20,10132,DUET,Duet Protocol,8.852e-05,0.0,0.0,coinmarketcap_data_api_listings_historical
2026-02-20,10134,FISH,Polycat Finance,0.00636507,0.0,0.0,coinmarketcap_data_api_listings_historical
2026-02-20,26529,CHOW,CHOW CHOW,8e-08,0.0,0.0,coinmarketcap_data_api_listings_historical
2026-02-20,10158,GRIMEX,SpaceGrime,0.0,0.0,0.0,coinmarketcap_data_api_listings_historical
2026-02-20,10176,SAT,Saturna,0.0,0.0,0.0,coinmarketcap_data_api_listings_historical
2026-02-20,10178,RABBIT,Rabbit Finance,0.00024276,0.0,0.0,coinmarketcap_data_api_listings_historical
2026-02-20,10182,FOLD,Manifold Finance,0.17445179,0.0,0.0,coinmarketcap_data_api_listings_historical
2026-02-20,10196,KEANU,Keanu Inu,0.0,0.0,0.0,coinmarketcap_data_api_listings_historical
2026-02-20,10201,BBT,BitBook,0.00036002,0.0,0.0,coinmarketcap_data_api_listings_historical
2026-02-20,26586,CHT,CryptoHunterTrading,0.0006592,0.0,0.0,coinmarketcap_data_api_listings_historical
2026-02-20,10237,QI,QiDao,0.00010951,0.0,0.0,coinmarketcap_data_api_listings_historical
2026-02-20,26632,AIPEPE,AI PEPE KING,0.0,0.0,0.0,coinmarketcap_data_api_listings_historical
2026-02-20,26640,DAO,Distributed Autonomous Organization,0.03304187,0.0,0.0,coinmarketcap_data_api_listings_historical
2026-02-20,26650,LAVITA,Lavita AI,0.00085277,0.0,0.0,coinmarketcap_data_api_listings_historical
2026-02-20,10277,TRONPAD,TRONPAD,0.00071798,0.0,0.0,coinmarketcap_data_api_listings_historical
2026-02-20,10289,DAISY,Daisy Launch Pad,0.38006517,0.0,0.0,coinmarketcap_data_api_listings_historical
2026-02-20,26676,INU,INU,0.0,0.0,0.0,coinmarketcap_data_api_listings_historical
2026-02-20,26694,QUBY,QUBY,0.00239145,0.0,0.0,coinmarketcap_data_api_listings_historical
2026-02-20,26744,FUSDC,Fluid USDC,0.987142,0.0,0.0,coinmarketcap_data_api_listings_historical
2026-02-20,10388,SXC,SupremeX,0.00379797,0.0,0.0,coinmarketcap_data_api_listings_historical
2026-02-20,10394,KUMA,Kuma Inu,0.0,0.0,0.0,coinmarketcap_data_api_listings_historical
2026-02-20,26778,FETS,FE TECH,1.59e-06,0.0,0.0,coinmarketcap_data_api_listings_historical
2026-02-20,26788,CAT,Cyber Arena,4.7e-06,0.0,0.0,coinmarketcap_data_api_listings_historical
2026-02-20,26809,ZES,Zetos,0.01239871,0.0,0.0,coinmarketcap_data_api_listings_historical
2026-02-20,10428,ALM,Alium Finance,0.0011189,0.0,0.0,coinmarketcap_data_api_listings_historical
2026-02-20,10439,SWISE,StakeWise,0.00475831,0.0,0.0,coinmarketcap_data_api_listings_historical
2026-02-20,26832,HACHI,Hachi,0.0,0.0,0.0,coinmarketcap_data_api_listings_historical
2026-02-20,10452,SOLAPE,SolAPE Token,0.00011472,0.0,0.0,coinmarketcap_data_api_listings_historical
2026-02-20,26837,PEPEW,PEPEPOW,4.7e-07,0.0,0.0,coinmarketcap_data_api_listings_historical
2026-02-20,10455,EQX,EQIFI,8.09e-05,0.0,0.0,coinmarketcap_data_api_listings_historical
2026-02-20,26843,ZCASH,DracoMalfoyDeSantisMario420Inu,1.366e-05,0.0,0.0,coinmarketcap_data_api_listings_historical
2026-02-20,10467,TITAN,IRON Titanium Token,0.0,0.0,0.0,coinmarketcap_data_api_listings_historical
2026-02-20,10482,BULL,BULL FINANCE,0.0,0.0,0.0,coinmarketcap_data_api_listings_historical
2026-02-20,10514,HUNNY,HUNNY FINANCE,0.00251145,0.0,0.0,coinmarketcap_data_api_listings_historical
2026-02-20,10518,WSHIB,wShiba,0.0,0.0,0.0,coinmarketcap_data_api_listings_historical
2026-02-20,10524,BAKED,reBaked,9.011e-05,0.0,0.0,coinmarketcap_data_api_listings_historical
2026-02-20,10530,CWT,CrossWallet,0.00078538,0.0,0.0,coinmarketcap_data_api_listings_historical
2026-02-20,26929,UFO,UFO Coin,1.595e-05,0.0,0.0,coinmarketcap_data_api_listings_historical
2026-02-20,10554,SKRT,Sekuritance,0.00021609,0.0,0.0,coinmarketcap_data_api_listings_historical
2026-02-20,26984,X,AI-X,0.0,0.0,0.0,coinmarketcap_data_api_listings_historical
2026-02-20,26994,SMILEY,SMILEY,0.0,0.0,0.0,coinmarketcap_data_api_listings_historical
2026-02-20,27006,KNS,Kenshi,0.00064983,0.0,0.0,coinmarketcap_data_api_listings_historical
2026-02-20,10634,BTCDOM,Binance BTCDOM Index,5094.2975768,0.0,0.0,coinmarketcap_data_api_listings_historical
2026-02-20,10644,SAFEBULL,SafeBull,0.0,0.0,0.0,coinmarketcap_data_api_listings_historical
2026-02-20,10648,EIFI,Eifi FInance,0.00056266,0.0,0.0,coinmarketcap_data_api_listings_historical
2026-02-20,10665,KOGECOIN,KogeCoin.io,0.00025277,0.0,0.0,coinmarketcap_data_api_listings_historical
2026-02-20,10675,HARE,Hare Token,0.0,0.0,0.0,coinmarketcap_data_api_listings_historical
2026-02-20,10680,KOJI,Koji,5.2e-07,0.0,0.0,coinmarketcap_data_api_listings_historical
2026-02-20,27068,UNLEASH,UnleashClub,1.677e-05,0.0,0.0,coinmarketcap_data_api_listings_historical
2026-02-20,10685,OLIVE,Olive Cash,0.00034625,0.0,0.0,coinmarketcap_data_api_listings_historical
2026-02-20,27073,FRTN,EbisusBay Fortune,0.00033707,0.0,0.0,coinmarketcap_data_api_listings_historical
2026-02-20,27078,NARS,Num ARS v2,0.00071486,0.0,0.0,coinmarketcap_data_api_listings_historical
2026-02-20,10742,NT,NEXTYPE,4.645e-05,0.0,0.0,coinmarketcap_data_api_listings_historical
2026-02-20,10753,GENX,Evodefi,0.00030062,0.0,0.0,coinmarketcap_data_api_listings_historical
2026-02-20,10781,WAS,Wasder,3.99e-06,0.0,0.0,coinmarketcap_data_api_listings_historical
2026-02-20,10798,MINIDOGE,MiniDOGE,0.0,0.0,0.0,coinmarketcap_data_api_listings_historical
2026-02-20,10800,HVI,Hungarian Vizsla Inu,0.0,0.0,0.0,coinmarketcap_data_api_listings_historical
2026-02-20,10818,PEFI,Penguin Finance,0.00211919,0.0,0.0,coinmarketcap_data_api_listings_historical
2026-02-20,10831,MIMO,Mimo Governance Token,0.00184282,0.0,0.0,coinmarketcap_data_api_listings_historical
2026-02-20,10832,ETL,Etherlite,1.098e-05,0.0,0.0,coinmarketcap_data_api_listings_historical
2026-02-20,27218,OSEAN,OSEAN,0.0001112,0.0,0.0,coinmarketcap_data_api_listings_historical
2026-02-20,10875,CHAINCADE,ChainCade,0.0,0.0,0.0,coinmarketcap_data_api_listings_historical
2026-02-20,10877,AINU,Ainu Token,0.0,0.0,0.0,coinmarketcap_data_api_listings_historical
2026-02-20,10888,NEWB,NewB.Farm,0.50222015,0.0,0.0,coinmarketcap_data_api_listings_historical
2026-02-20,10899,DADDYDOGE,Daddy Doge,0.0,0.0,0.0,coinmarketcap_data_api_listings_historical
2026-02-20,10904,BP,BunnyPark,0.00067566,0.0,0.0,coinmarketcap_data_api_listings_historical
2026-02-20,27293,LAC,LaCoin,0.00798988,0.0,0.0,coinmarketcap_data_api_listings_historical
2026-02-20,27319,RAIN,Precipitate.AI,0.00014697,0.0,0.0,coinmarketcap_data_api_listings_historical
2026-02-20,10954,MCONTENT,MContent,0.0,0.0,0.0,coinmarketcap_data_api_listings_historical
2026-02-20,27344,AI,AIDOGE,1.1e-07,0.0,0.0,coinmarketcap_data_api_listings_historical
2026-02-20,27357,LOBSTER,Lobster,0.0,0.0,0.0,coinmarketcap_data_api_listings_historical
2026-02-20,27374,LDZ,Voodoo Token,0.00105397,0.0,0.0,coinmarketcap_data_api_listings_historical
2026-02-20,27385,NCT,New Cat,0.0,0.0,0.0,coinmarketcap_data_api_listings_historical
2026-02-20,11017,SPADE,PolygonFarm Finance,0.00560662,0.0,0.0,coinmarketcap_data_api_listings_historical
2026-02-20,11020,ZOO,ZOO Crypto World,0.00012956,0.0,0.0,coinmarketcap_data_api_listings_historical
2026-02-20,11042,NFTBS,NFTBooks,0.0,0.0,0.0,coinmarketcap_data_api_listings_historical
2026-02-20,27432,CAMLY,Camly Coin,1.299e-05,0.0,0.0,coinmarketcap_data_api_listings_historical
2026-02-20,27459,DOGE2.0,Doge 2.0,0.0,0.0,0.0,coinmarketcap_data_api_listings_historical
2026-02-20,11076,JOJO,JOJO,4.2e-07,0.0,0.0,coinmarketcap_data_api_listings_historical
2026-02-20,27462,CUT,CryptoUnity,8.25e-06,0.0,0.0,coinmarketcap_data_api_listings_historical
2026-02-20,27465,CHARGED,GoCharge Tech,0.00022321,0.0,0.0,coinmarketcap_data_api_listings_historical
2026-02-20,11082,ARENA,Arena Token,0.00257438,0.0,0.0,coinmarketcap_data_api_listings_historical
2026-02-20,27470,PEEPA,Peepa,0.0,0.0,0.0,coinmarketcap_data_api_listings_historical
2026-02-20,11088,EJS,Enjinstarter,1.725e-05,0.0,0.0,coinmarketcap_data_api_listings_historical
2026-02-20,11093,DRIP,Drip Network,0.00147068,0.0,0.0,coinmarketcap_data_api_listings_historical
2026-02-20,27479,BKPT,Biokript,5.75e-05,0.0,0.0,coinmarketcap_data_api_listings_historical
2026-02-20,11107,BIRB,Birb,0.00128475,0.0,0.0,coinmarketcap_data_api_listings_historical
2026-02-20,11112,$BRICKS,MyBricks,0.00012732,0.0,0.0,coinmarketcap_data_api_listings_historical
2026-02-20,27522,PATEX,Patex,0.04783709,0.0,0.0,coinmarketcap_data_api_listings_historical
2026-02-20,27535,RBC,Real BIG Coin,0.0,0.0,0.0,coinmarketcap_data_api_listings_historical
2026-02-20,11188,DPX,Dopex,2.0209909,0.0,0.0,coinmarketcap_data_api_listings_historical
2026-02-20,27572,COLA,ColaFactory,0.00185679,0.0,0.0,coinmarketcap_data_api_listings_historical
2026-02-20,11191,LYD,Lydia Finance,5.909e-05,0.0,0.0,coinmarketcap_data_api_listings_historical
2026-02-20,11242,POTS,Moonpot,0.00387572,0.0,0.0,coinmarketcap_data_api_listings_historical
2026-02-20,27627,MINU,Mantle Inu,5.155e-05,0.0,0.0,coinmarketcap_data_api_listings_historical
2026-02-20,27628,XRP 2.0,XRP 2.0,0.0,0.0,0.0,coinmarketcap_data_api_listings_historical
2026-02-20,27639,YIELDX,Yield Finance,5.791e-05,0.0,0.0,coinmarketcap_data_api_listings_historical
2026-02-20,11271,COL,Colana,0.00020339,0.0,0.0,coinmarketcap_data_api_listings_historical
2026-02-20,11275,BSR,BinStarter,0.00763033,0.0,0.0,coinmarketcap_data_api_listings_historical
2026-02-20,11283,RYOSHI,Ryoshis Vision,0.0,0.0,0.0,coinmarketcap_data_api_listings_historical
2026-02-20,27673,XD,XDoge,0.0,0.0,0.0,coinmarketcap_data_api_listings_historical
2026-02-20,27682,ETHEREUM,VoldemortTrumpRobotnik-10Neko,8.486e-05,0.0,0.0,coinmarketcap_data_api_listings_historical
2026-02-20,27684,WMOXY,Moxy,0.00099923,0.0,0.0,coinmarketcap_data_api_listings_historical
2026-02-20,27699,MDI,Medicle,3.5e-06,0.0,0.0,coinmarketcap_data_api_listings_historical
2026-02-20,11323,CYCE,Crypto Carbon Energy,4.59e-06,0.0,0.0,coinmarketcap_data_api_listings_historical
2026-02-20,27717,BALD,Bald,0.01112521,0.0,0.0,coinmarketcap_data_api_listings_historical
2026-02-20,11340,DARA,Immutable,0.00157907,0.0,0.0,coinmarketcap_data_api_listings_historical
2026-02-20,27726,APC,Apin Pulse,1.34e-06,0.0,0.0,coinmarketcap_data_api_listings_historical
2026-02-20,11368,NFD,Feisty Doge NFT,2.985e-05,0.0,0.0,coinmarketcap_data_api_listings_historical
2026-02-20,27755,SOLANA,BarbieCrashBandicootRFK888Inu,0.0,0.0,0.0,coinmarketcap_data_api_listings_historical
2026-02-20,27759,SYNTH,Synthswap,0.05806719,0.0,0.0,coinmarketcap_data_api_listings_historical
2026-02-20,27761,RCKT,RocketSwap,0.00441371,0.0,0.0,coinmarketcap_data_api_listings_historical
2026-02-20,11380,DOGE2,Dogecoin 2.0,0.0001049,0.0,0.0,coinmarketcap_data_api_listings_historical
2026-02-20,27764,BSWAP,BaseSwap,0.00647103,0.0,0.0,coinmarketcap_data_api_listings_historical
2026-02-20,27775,YOU,Youcoin,1.58e-05,0.0,0.0,coinmarketcap_data_api_listings_historical
2026-02-20,11395,BR,BOHR,0.00463448,0.0,0.0,coinmarketcap_data_api_listings_historical
2026-02-20,11397,KSHIB,Kaiken Shiba,0.0,0.0,0.0,coinmarketcap_data_api_listings_historical
2026-02-20,27782,COIN,COIN,0.00041077,0.0,0.0,coinmarketcap_data_api_listings_historical
2026-02-20,27791,NT,NexDAX Chain,0.00149843,0.0,0.0,coinmarketcap_data_api_listings_historical
2026-02-20,11414,QBT,Qubit,7.638e-05,0.0,0.0,coinmarketcap_data_api_listings_historical
2026-02-20,11415,YAK,Yield Yak,124.19615309,0.0,0.0,coinmarketcap_data_api_listings_historical
2026-02-20,11422,WANA,Wanaka Farm,0.00167405,0.0,0.0,coinmarketcap_data_api_listings_historical
2026-02-20,11427,CYT,Coinary Token,0.00037256,0.0,0.0,coinmarketcap_data_api_listings_historical
2026-02-20,11438,4WMM,4-Way Mirror Money,8.5393664,0.0,0.0,coinmarketcap_data_api_listings_historical
2026-02-20,27838,SEILOR,Kryptonite,4.48e-05,0.0,0.0,coinmarketcap_data_api_listings_historical
2026-02-20,27839,TREAT,Treat,0.00015338,0.0,0.0,coinmarketcap_data_api_listings_historical
2026-02-20,11456,NORA,SnowCrash Token,9.888e-05,0.0,0.0,coinmarketcap_data_api_listings_historical
2026-02-20,27844,MENDI,Mendi Finance,0.00409801,0.0,0.0,coinmarketcap_data_api_listings_historical
2026-02-20,27846,EDE,El Dorado Exchange (Base),0.02520633,0.0,0.0,coinmarketcap_data_api_listings_historical
2026-02-20,11463,HUSKY,Husky Avax,0.0,0.0,0.0,coinmarketcap_data_api_listings_historical
2026-02-20,11465,CATO,CATO,0.00031096,0.0,0.0,coinmarketcap_data_api_listings_historical
2026-02-20,11469,SOLPAD,Solpad Finance,2.5e-07,0.0,0.0,coinmarketcap_data_api_listings_historical
2026-02-20,11470,BOP,Boring Protocol,2.611e-05,0.0,0.0,coinmarketcap_data_api_listings_historical
2026-02-20,11486,WIFEDOGE,WifeDoge,0.0,0.0,0.0,coinmarketcap_data_api_listings_historical
2026-02-20,11499,AMT,AMATERAS,0.00719288,0.0,0.0,coinmarketcap_data_api_listings_historical
2026-02-20,27892,TOPIA,HYTOPIA,6.43e-06,0.0,0.0,coinmarketcap_data_api_listings_historical
2026-02-20,27903,HIPP,El Hippo,0.0,0.0,0.0,coinmarketcap_data_api_listings_historical
2026-02-20,27905,BABYSHIB,Baby Shiba Inu,0.00030909,0.0,0.0,coinmarketcap_data_api_listings_historical
2026-02-20,27938,HOSHI,Dejitaru Hoshi,1.891e-05,0.0,0.0,coinmarketcap_data_api_listings_historical
2026-02-20,11556,ZOO,CryptoZoo  (new),3e-07,0.0,0.0,coinmarketcap_data_api_listings_historical
2026-02-20,27941,BANUS,Banus.Finance,2.899e-05,0.0,0.0,coinmarketcap_data_api_listings_historical
2026-02-20,11566,ASH,ASH,0.33865048,0.0,0.0,coinmarketcap_data_api_listings_historical
2026-02-20,27952,UCJL,Utility Cjournal,1.02503128,0.0,0.0,coinmarketcap_data_api_listings_historical
2026-02-20,11579,TECH,Cryptomeda,2.21e-06,0.0,0.0,coinmarketcap_data_api_listings_historical
2026-02-20,11591,RAID,Raid Token,0.00039694,0.0,0.0,coinmarketcap_data_api_listings_historical
2026-02-20,11599,ALI,Alita Finance,0.00314146,0.0,0.0,coinmarketcap_data_api_listings_historical
2026-02-20,27988,OGD,OLYMPIC GAMES DOGE,0.0,0.0,0.0,coinmarketcap_data_api_listings_historical
2026-02-20,11646,REGEN,Regen Network,0.00281642,0.0,0.0,coinmarketcap_data_api_listings_historical
2026-02-20,28034,BNBCAT,BNBcat,0.0,0.0,0.0,coinmarketcap_data_api_listings_historical
2026-02-20,28052,FINE,Fine,0.0,0.0,0.0,coinmarketcap_data_api_listings_historical
2026-02-20,11672,POCO,Pocoland,0.00010582,0.0,0.0,coinmarketcap_data_api_listings_historical
2026-02-20,11678,LSP,Lumenswap,0.00023994,0.0,0.0,coinmarketcap_data_api_listings_historical
2026-02-20,28071,CJPY,Convertible JPY Token,0.00498503,0.0,0.0,coinmarketcap_data_api_listings_historical
2026-02-20,11690,BSTS,Magic Beasties,1.3e-07,0.0,0.0,coinmarketcap_data_api_listings_historical
2026-02-20,28078,BSX,BaseX,0.00114651,0.0,0.0,coinmarketcap_data_api_listings_historical
2026-02-20,28084,XRP20,XRP20,8.16e-06,0.0,0.0,coinmarketcap_data_api_listings_historical
2026-02-20,11701,COPYCAT,Copycat Finance,0.00123044,0.0,0.0,coinmarketcap_data_api_listings_historical
2026-02-20,28097,FLRBRG,Floor Cheese Burger,1.33e-06,0.0,0.0,coinmarketcap_data_api_listings_historical
2026-02-20,11736,ETERNAL,CryptoMines,0.03828253,0.0,0.0,coinmarketcap_data_api_listings_historical
2026-02-20,28126,WHETH,Where Did The ETH Go? (Pulsechain),0.00892098,0.0,0.0,coinmarketcap_data_api_listings_historical
2026-02-20,28135,CONX,Connex,11.62326765,0.0,0.0,coinmarketcap_data_api_listings_historical
2026-02-20,28143,MOB,Mobster,0.0,0.0,0.0,coinmarketcap_data_api_listings_historical
2026-02-20,11765,BIGSB,BigShortBets,0.38860861,0.0,0.0,coinmarketcap_data_api_listings_historical
2026-02-20,28155,MOVE,MoveApp,0.00012595,0.0,0.0,coinmarketcap_data_api_listings_historical
2026-02-20,28156,JTT,Justus,0.00839487,0.0,0.0,coinmarketcap_data_api_listings_historical
2026-02-20,28158,FACT,Orcfax,0.00044893,0.0,0.0,coinmarketcap_data_api_listings_historical
2026-02-20,28160,PHAME,PHAME,0.01574251,0.0,0.0,coinmarketcap_data_api_listings_historical
2026-02-20,28161,SHIBU,SHIBU INU,0.0,0.0,0.0,coinmarketcap_data_api_listings_historical
2026-02-20,28169,BNBDOGE,BNBdoge,0.0,0.0,0.0,coinmarketcap_data_api_listings_historical
2026-02-20,28170,CAL,Calcium,0.00027905,0.0,0.0,coinmarketcap_data_api_listings_historical
2026-02-20,28184,WAGMI,Wagmi,0.00122789,0.0,0.0,coinmarketcap_data_api_listings_historical
2026-02-20,11801,DLYCOP,Daily COP,4e-08,0.0,0.0,coinmarketcap_data_api_listings_historical
2026-02-20,28192,SHIBA,Shiba,0.0,0.0,0.0,coinmarketcap_data_api_listings_historical
2026-02-20,28193,DSHIB,DOLLAR SHIBA INU,0.0,0.0,0.0,coinmarketcap_data_api_listings_historical
2026-02-20,11810,PirateCoin☠,Pirate Coin Games,0.0,0.0,0.0,coinmarketcap_data_api_listings_historical
2026-02-20,11813,AFR,Afreum,0.0004882,0.0,0.0,coinmarketcap_data_api_listings_historical
2026-02-20,11822,GB,Good Bridging,0.00429363,0.0,0.0,coinmarketcap_data_api_listings_historical
2026-02-20,28215,LONG,LONG,39.70294142,0.0,0.0,coinmarketcap_data_api_listings_historical
2026-02-20,28217,KIZUNA,KIZUNA,0.0,0.0,0.0,coinmarketcap_data_api_listings_historical
2026-02-20,11835,MONS,Monsters Clan,0.00288446,0.0,0.0,coinmarketcap_data_api_listings_historical
2026-02-20,11838,Milk,MilkshakeSwap,1.6e-07,0.0,0.0,coinmarketcap_data_api_listings_historical
2026-02-20,28224,CRAZYMUSK,CRAZY MUSK,0.0,0.0,0.0,coinmarketcap_data_api_listings_historical
2026-02-20,28233,NBABSC,NBA BSC,3.38e-06,0.0,0.0,coinmarketcap_data_api_listings_historical
2026-02-20,11851,CIOTX,Crosschain IOTX,0.00530985,0.0,0.0,coinmarketcap_data_api_listings_historical
2026-02-20,11854,NYAN,ArbiNYAN,0.00029251,0.0,0.0,coinmarketcap_data_api_listings_historical
2026-02-20,28241,MARIO,MARIO CEO,0.0,0.0,0.0,coinmarketcap_data_api_listings_historical
2026-02-20,28250,UFC,UFC WIN,0.0,0.0,0.0,coinmarketcap_data_api_listings_historical
2026-02-20,11878,ADOGE,Arbidoge,2e-08,0.0,0.0,coinmarketcap_data_api_listings_historical
2026-02-20,28262,SPIDERMAN,SPIDERMAN BITCOIN,0.0,0.0,0.0,coinmarketcap_data_api_listings_historical
2026-02-20,28263,HAY,HayCoin,54171.36419922,0.0,0.0,coinmarketcap_data_api_listings_historical
2026-02-20,28264,PREME,PREME Token,0.00210601,0.0,0.0,coinmarketcap_data_api_listings_historical
2026-02-20,11885,HCT,HurricaneSwap Token,6.73e-06,0.0,0.0,coinmarketcap_data_api_listings_historical
2026-02-20,28274,PAW,PAW PATROL INU,0.0,0.0,0.0,coinmarketcap_data_api_listings_historical
2026-02-20,28290,JUSDC,TON Bridged USDC,0.94825441,0.0,0.0,coinmarketcap_data_api_listings_historical
2026-02-20,28291,APU,Apu,4e-08,0.0,0.0,coinmarketcap_data_api_listings_historical
2026-02-20,11910,SOKU,SokuSwap,9.14e-06,0.0,0.0,coinmarketcap_data_api_listings_historical
2026-02-20,28295,HALLOWEEN,HALLOWEEN X,0.0,0.0,0.0,coinmarketcap_data_api_listings_historical
2026-02-20,11916,MIVA,Minerva Wallet,0.00178104,0.0,0.0,coinmarketcap_data_api_listings_historical
2026-02-20,11918,X,GIBX Swap,0.00013008,0.0,0.0,coinmarketcap_data_api_listings_historical
2026-02-20,28304,SPACEPI,SpacePi (ETH),0.0,0.0,0.0,coinmarketcap_data_api_listings_historical
2026-02-20,28312,BNBTIGER,BNBtiger 2.0,0.0,0.0,0.0,coinmarketcap_data_api_listings_historical
2026-02-20,11931,TRDC,Traders coin,0.00074487,0.0,0.0,coinmarketcap_data_api_listings_historical
2026-02-20,11933,PIZA,HalfPizza,5.4e-07,0.0,0.0,coinmarketcap_data_api_listings_historical
2026-02-20,11935,PRT,Parrot Protocol,2.188e-05,0.0,0.0,coinmarketcap_data_api_listings_historical
2026-02-20,28327,GLINT,Glint Coin,0.00416073,0.0,0.0,coinmarketcap_data_api_listings_historical
2026-02-20,28339,BLF,Baby Luffy,0.00018998,0.0,0.0,coinmarketcap_data_api_listings_historical
2026-02-20,28344,SIMPSONS,The SIMPSONS BNB,0.0,0.0,0.0,coinmarketcap_data_api_listings_historical
2026-02-20,11961,VEE,Vee Finance,1.045e-05,0.0,0.0,coinmarketcap_data_api_listings_historical
2026-02-20,11967,HERA,Hero Arena,1.417e-05,0.0,0.0,coinmarketcap_data_api_listings_historical
2026-02-20,28353,APX,AstroPepeX,5.4e-07,0.0,0.0,coinmarketcap_data_api_listings_historical
2026-02-20,28354,XVG,Verge (ETH),4.586e-05,0.0,0.0,coinmarketcap_data_api_listings_historical
2026-02-20,28356,SDAI,Savings Dai,1.17215933,0.0,0.0,coinmarketcap_data_api_listings_historical
2026-02-20,28357,XAI,Grok,0.0,0.0,0.0,coinmarketcap_data_api_listings_historical
2026-02-20,11993,HAPPY,HappyFans,7e-08,0.0,0.0,coinmarketcap_data_api_listings_historical
2026-02-20,28380,GPRO,GoldPro Token,5.02047352,0.0,0.0,coinmarketcap_data_api_listings_historical
2026-02-20,28384,DOGE,DOGE SATELLITE INU,0.0,0.0,0.0,coinmarketcap_data_api_listings_historical
2026-02-20,28387,GROK,Grok (grokx.codes),0.0,0.0,0.0,coinmarketcap_data_api_listings_historical
2026-02-20,28403,vAAVE,Venus AAVE,2.41107508,0.0,0.0,coinmarketcap_data_api_listings_historical
2026-02-20,28404,vCAKE,Venus CAKE,0.03604898,0.0,0.0,coinmarketcap_data_api_listings_historical
2026-02-20,28407,vTRX,Venus TRX,0.30680242,0.0,0.0,coinmarketcap_data_api_listings_historical
2026-02-20,28408,vTUSD,Venus TUSD,1.19102281,0.0,0.0,coinmarketcap_data_api_listings_historical
2026-02-20,28418,TPAD,Trustpad (New),6.702e-05,0.0,0.0,coinmarketcap_data_api_listings_historical
2026-02-20,28420,vUNI,Venus UNI,3.5035504,0.0,0.0,coinmarketcap_data_api_listings_historical
2026-02-20,28437,SEXY,EthXY,0.00884576,0.0,0.0,coinmarketcap_data_api_listings_historical
2026-02-20,28438,DOGE,DOGECOIN X,0.0,0.0,0.0,coinmarketcap_data_api_listings_historical
2026-02-20,28448,DOGE-1,Satellite Doge-1 Mission,9.888e-05,0.0,0.0,coinmarketcap_data_api_listings_historical
2026-02-20,28450,FLOKIX,FLOKI X,0.00310774,0.0,0.0,coinmarketcap_data_api_listings_historical
2026-02-20,28464,$FM,Flowmatic,0.00822943,0.0,0.0,coinmarketcap_data_api_listings_historical
2026-02-20,12082,GOLD,CyberDragon Gold,0.00107063,0.0,0.0,coinmarketcap_data_api_listings_historical
2026-02-20,12090,YOCO,YoCoin,0.00049003,0.0,0.0,coinmarketcap_data_api_listings_historical
2026-02-20,12100,CRYSTL,Crystl Finance,0.00015158,0.0,0.0,coinmarketcap_data_api_listings_historical
2026-02-20,12109,POOF,Poof.cash,2.64e-06,0.0,0.0,coinmarketcap_data_api_listings_historical
2026-02-20,28493,SHIBA,SHIBA INU X,0.00611096,0.0,0.0,coinmarketcap_data_api_listings_historical
2026-02-20,28500,WORK,Work X,0.00011301,0.0,0.0,coinmarketcap_data_api_listings_historical
2026-02-20,12118,CELT,Celestial,0.00098922,0.0,0.0,coinmarketcap_data_api_listings_historical
2026-02-20,12119,PSB,Planet Sandbox,0.00124395,0.0,0.0,coinmarketcap_data_api_listings_historical
2026-02-20,28506,MMX,MMX,0.02263928,0.0,0.0,coinmarketcap_data_api_listings_historical
2026-02-20,12136,IJC,IjasCoin,0.00023983,0.0,0.0,coinmarketcap_data_api_listings_historical
2026-02-20,28524,LIQ,Liquidus Foundation,0.02697408,0.0,0.0,coinmarketcap_data_api_listings_historical
2026-02-20,28529,USDCASH,USDCASH,0.84735761,0.0,0.0,coinmarketcap_data_api_listings_historical
2026-02-20,12153,KURO,Kurobi,1.068e-05,0.0,0.0,coinmarketcap_data_api_listings_historical
2026-02-20,28547,CRAZYCAT,CRAZY CAT,0.0,0.0,0.0,coinmarketcap_data_api_listings_historical
2026-02-20,12179,ALPHA,PolyAlpha Finance,0.27820788,0.0,0.0,coinmarketcap_data_api_listings_historical
2026-02-20,28565,RMBCASH,RMBCASH,0.14958363,0.0,0.0,coinmarketcap_data_api_listings_historical
2026-02-20,12194,BABYFLOKI,Baby Floki (BSC),0.0,0.0,0.0,coinmarketcap_data_api_listings_historical
2026-02-20,28579,FOMO,FOMOSolana,0.00035151,0.0,0.0,coinmarketcap_data_api_listings_historical
2026-02-20,12199,FUFU,FUFU,1.03e-05,0.0,0.0,coinmarketcap_data_api_listings_historical
2026-02-20,28590,OCAI,Onchain AI,0.00075904,0.0,0.0,coinmarketcap_data_api_listings_historical
2026-02-20,28600,CRAZYDOGE,CRAZY DOGE,0.0,0.0,0.0,coinmarketcap_data_api_listings_historical
2026-02-20,28601,DARIK,Darik,0.77474938,0.0,0.0,coinmarketcap_data_api_listings_historical
2026-02-20,28607,WARPED,Warped Games,0.00013707,0.0,0.0,coinmarketcap_data_api_listings_historical
2026-02-20,12230,RVST,Revest Finance,0.00144173,0.0,0.0,coinmarketcap_data_api_listings_historical
2026-02-20,12242,GRAPE,Grape Network,0.0001072,0.0,0.0,coinmarketcap_data_api_listings_historical
2026-02-20,28639,BAZED,Bazed Games,0.00242416,0.0,0.0,coinmarketcap_data_api_listings_historical
2026-02-20,12258,SNE,StrongNode Edge,5.7e-07,0.0,0.0,coinmarketcap_data_api_listings_historical
2026-02-20,28643,GEC,Gec,0.0111149,0.0,0.0,coinmarketcap_data_api_listings_historical
2026-02-20,28647,CATBOY,Catboy,0.00030457,0.0,0.0,coinmarketcap_data_api_listings_historical
2026-02-20,28661,ROCKY,Rocky,3.276e-05,0.0,0.0,coinmarketcap_data_api_listings_historical
2026-02-20,28663,MMSS,MMSS (Ordinals),0.00119929,0.0,0.0,coinmarketcap_data_api_listings_historical
2026-02-20,28672,AGII,AGII,4.52e-06,0.0,0.0,coinmarketcap_data_api_listings_historical
2026-02-20,28679,XV,XV,3.571e-05,0.0,0.0,coinmarketcap_data_api_listings_historical
2026-02-20,28687,TESLAI,Tesla AI,0.0,0.0,0.0,coinmarketcap_data_api_listings_historical
2026-02-20,28692,MUSD,Mantle USD,0.98788788,0.0,0.0,coinmarketcap_data_api_listings_historical
2026-02-20,28697,STBOT,SolTradingBot,0.00021111,0.0,0.0,coinmarketcap_data_api_listings_historical
2026-02-20,28701,SAFEGROK,SafeGrok,0.0,0.0,0.0,coinmarketcap_data_api_listings_historical
2026-02-20,28703,MARSUPILAMI,MARSUPILAMI INU,0.0,0.0,0.0,coinmarketcap_data_api_listings_historical
2026-02-20,28705,PETS,MicroPets,1.153e-05,0.0,0.0,coinmarketcap_data_api_listings_historical
2026-02-20,12326,DTBX,Dotblox,0.00457064,0.0,0.0,coinmarketcap_data_api_listings_historical
2026-02-20,28710,CAT,SPACE CAT,0.0,0.0,0.0,coinmarketcap_data_api_listings_historical
2026-02-20,28717,XETH,f(x) Protocol Leveraged ETH,0.98874918,0.0,0.0,coinmarketcap_data_api_listings_historical
2026-02-20,28732,GROKGIRL,Grok Girl,0.0,0.0,0.0,coinmarketcap_data_api_listings_historical
2026-02-20,12359,WOJ,Wojak Finance,0.00075367,0.0,0.0,coinmarketcap_data_api_listings_historical
2026-02-20,12365,LOVELY,Lovely Finance [Old],0.0,0.0,0.0,coinmarketcap_data_api_listings_historical
2026-02-20,28762,GROKINU,Grok Inu,0.0,0.0,0.0,coinmarketcap_data_api_listings_historical
2026-02-20,28765,NINJA,Dog Wif Nunchucks,0.00023791,0.0,0.0,coinmarketcap_data_api_listings_historical
2026-02-20,12382,ZAM,Zamio,8.27e-06,0.0,0.0,coinmarketcap_data_api_listings_historical
2026-02-20,28770,AVIVE,Avive World,3.821e-05,0.0,0.0,coinmarketcap_data_api_listings_historical
2026-02-20,28773,DEGEN,Degen (SOL),2.3e-07,0.0,0.0,coinmarketcap_data_api_listings_historical
2026-02-20,12395,MTO,Merchant Token,0.0283031,0.0,0.0,coinmarketcap_data_api_listings_historical
2026-02-20,12410,WHACKD,WHACKD,0.00114605,0.0,0.0,coinmarketcap_data_api_listings_historical
2026-02-20,28797,BABYCAT,BABY CAT INU,0.0,0.0,0.0,coinmarketcap_data_api_listings_historical
2026-02-20,12418,WJXN,Jax.Network,0.00650266,0.0,0.0,coinmarketcap_data_api_listings_historical
2026-02-20,28802,GM,The GM Machine,0.0,0.0,0.0,coinmarketcap_data_api_listings_historical
2026-02-20,28804,PLQ,Planq,0.00050843,0.0,0.0,coinmarketcap_data_api_listings_historical
2026-02-20,12431,SSS,StarSharks (SSS),0.02750676,0.0,0.0,coinmarketcap_data_api_listings_historical
2026-02-20,12432,SEA,StarSharks SEA,0.00153404,0.0,0.0,coinmarketcap_data_api_listings_historical
2026-02-20,12436,TIME,Timeleap Finance,0.02156467,0.0,0.0,coinmarketcap_data_api_listings_historical
2026-02-20,28827,OMNI,OmniCat,5.87e-06,0.0,0.0,coinmarketcap_data_api_listings_historical
2026-02-20,12452,TETU,TETU,0.00031188,0.0,0.0,coinmarketcap_data_api_listings_historical
2026-02-20,28838,FMC,Fame AI,8.48e-06,0.0,0.0,coinmarketcap_data_api_listings_historical
2026-02-20,28839,SMOL,Smolcoin,2.7e-07,0.0,0.0,coinmarketcap_data_api_listings_historical
2026-02-20,28841,MTC,Matrix Chain,0.00023905,0.0,0.0,coinmarketcap_data_api_listings_historical
2026-02-20,28847,AI,AI,0.00010297,0.0,0.0,coinmarketcap_data_api_listings_historical
2026-02-20,12465,RDT,Ridotto,0.00284943,0.0,0.0,coinmarketcap_data_api_listings_historical
2026-02-20,12468,EQ,Equilibrium Games,0.00490504,0.0,0.0,coinmarketcap_data_api_listings_historical
2026-02-20,28856,FREN,Frencoin,3e-07,0.0,0.0,coinmarketcap_data_api_listings_historical
2026-02-20,28863,GONE,GONE,2.2e-07,0.0,0.0,coinmarketcap_data_api_listings_historical
2026-02-20,28872,DOGE,SPACE DOGE,0.0,0.0,0.0,coinmarketcap_data_api_listings_historical
2026-02-20,28875,GROKMOON,Grok Moon,0.0,0.0,0.0,coinmarketcap_data_api_listings_historical
2026-02-20,28881,DOODOO,Doodoo,0.02699453,0.0,0.0,coinmarketcap_data_api_listings_historical
2026-02-20,28891,BRETT,Brett (SOL),0.00010037,0.0,0.0,coinmarketcap_data_api_listings_historical
2026-02-20,28892,PIF,pepewifhat,4.6e-07,0.0,0.0,coinmarketcap_data_api_listings_historical
2026-02-20,12510,DEFIDO,DeFido,1.736e-05,0.0,0.0,coinmarketcap_data_api_listings_historical
2026-02-20,28894,KITTY,Kitty AI,9.186e-05,0.0,0.0,coinmarketcap_data_api_listings_historical
2026-02-20,12513,DINO,Dino,0.000164,0.0,0.0,coinmarketcap_data_api_listings_historical
2026-02-20,28897,GECKO,Gecko Coin,1.3e-07,0.0,0.0,coinmarketcap_data_api_listings_historical
2026-02-20,28901,DOGI,dogi,0.5817648,0.0,0.0,coinmarketcap_data_api_listings_historical
2026-02-20,12525,EBSO,eBlockStock,0.01940888,0.0,0.0,coinmarketcap_data_api_listings_historical
2026-02-20,28920,ORDS,Ordiswap,0.00013114,0.0,0.0,coinmarketcap_data_api_listings_historical
2026-02-20,12537,BETA,PolyBeta Finance,0.11089142,0.0,0.0,coinmarketcap_data_api_listings_historical
2026-02-20,12546,LIQ,Liquidus (old),0.00461188,0.0,0.0,coinmarketcap_data_api_listings_historical
2026-02-20,28939,DRAGON,DragonCoin,0.0,0.0,0.0,coinmarketcap_data_api_listings_historical
2026-02-20,28945,CC,CC,0.00129186,0.0,0.0,coinmarketcap_data_api_listings_historical
2026-02-20,12562,Mononoke-Inu,Mononoke Inu,0.0,0.0,0.0,coinmarketcap_data_api_listings_historical
2026-02-20,28949,SDOGE,SDOGE,2.4e-07,0.0,0.0,coinmarketcap_data_api_listings_historical
2026-02-20,28956,BUCK,Coinbuck,2.753e-05,0.0,0.0,coinmarketcap_data_api_listings_historical
2026-02-20,28967,EXE,Windoge98,0.11327212,0.0,0.0,coinmarketcap_data_api_listings_historical
2026-02-20,28968,MEOW,Zeek Coin,8e-08,0.0,0.0,coinmarketcap_data_api_listings_historical
2026-02-20,28971,MICKEY,Steamboat Willie,8.51e-05,0.0,0.0,coinmarketcap_data_api_listings_historical
2026-02-20,28973,OPSEC,OpSec,0.00073604,0.0,0.0,coinmarketcap_data_api_listings_historical
2026-02-20,12591,LUCHOW,LunaChow,1.5e-07,0.0,0.0,coinmarketcap_data_api_listings_historical
2026-02-20,12597,Liza,Liza Coin,0.16005881,0.0,0.0,coinmarketcap_data_api_listings_historical
2026-02-20,28983,BABYDRAGON,BABY DRAGON,0.0,0.0,0.0,coinmarketcap_data_api_listings_historical
2026-02-20,28987,BABYELON,Baby Elon,0.0,0.0,0.0,coinmarketcap_data_api_listings_historical
2026-02-20,28992,WIN,Win,0.00027735,0.0,0.0,coinmarketcap_data_api_listings_historical
2026-02-20,29002,SKIBIDI,Skibidi Toilet,1.4e-07,0.0,0.0,coinmarketcap_data_api_listings_historical
2026-02-20,29005,SONIC,Sonic,0.003884,0.0,0.0,coinmarketcap_data_api_listings_historical
2026-02-20,29006,LEND,Lendle,0.0036689,0.0,0.0,coinmarketcap_data_api_listings_historical
2026-02-20,29014,CRAZYDRAGON,CRAZY DRAGON,0.0,0.0,0.0,coinmarketcap_data_api_listings_historical
2026-02-20,29021,BABYMYRO,Baby Myro,0.0,0.0,0.0,coinmarketcap_data_api_listings_historical
2026-02-20,12650,GAIA,GAIA Everworld,9.881e-05,0.0,0.0,coinmarketcap_data_api_listings_historical
2026-02-20,29034,AMAPT,Amnis Aptos Coin,0.85960594,0.0,0.0,coinmarketcap_data_api_listings_historical
2026-02-20,29039,TWD,THE WORD TOKEN,2.14e-06,0.0,0.0,coinmarketcap_data_api_listings_historical
2026-02-20,29044,DRAGON,SPACE DRAGON,0.0,0.0,0.0,coinmarketcap_data_api_listings_historical
2026-02-20,29069,UP,TonUP,0.00063507,0.0,0.0,coinmarketcap_data_api_listings_historical
2026-02-20,12691,SAFLE,Safle,1.009e-05,0.0,0.0,coinmarketcap_data_api_listings_historical
2026-02-20,12692,PKN,Poken,5.668e-05,0.0,0.0,coinmarketcap_data_api_listings_historical
2026-02-20,29076,BABYDRAGON,Baby Dragon,0.0,0.0,0.0,coinmarketcap_data_api_listings_historical
2026-02-20,12695,COLLAR,PolyPup Finance,0.00020947,0.0,0.0,coinmarketcap_data_api_listings_historical
2026-02-20,29084,PEPE,pepecoin on SOL,4.123e-05,0.0,0.0,coinmarketcap_data_api_listings_historical
2026-02-20,29096,DOGE,ELON DOGE,0.0,0.0,0.0,coinmarketcap_data_api_listings_historical
2026-02-20,29098,BABYTOMCAT,Baby Tomcat,0.0,0.0,0.0,coinmarketcap_data_api_listings_historical
2026-02-20,29105,VONSPEED,Andrea Von Speed,1.496e-05,0.0,0.0,coinmarketcap_data_api_listings_historical
2026-02-20,12728,PULSE,Pulse Predictions Market,0.00412118,0.0,0.0,coinmarketcap_data_api_listings_historical
2026-02-20,12735,PIGGY,Piggy Finance,0.00028991,0.0,0.0,coinmarketcap_data_api_listings_historical
2026-02-20,12743,ORE,Open Rights Exchange,0.0001637,0.0,0.0,coinmarketcap_data_api_listings_historical
2026-02-20,29136,GMTO,Game Meteor Coin,1.899e-05,0.0,0.0,coinmarketcap_data_api_listings_historical
2026-02-20,29142,SATOSHI,Satoshi Nakamoto,0.51410029,0.0,0.0,coinmarketcap_data_api_listings_historical
2026-02-20,29146,ICG,Invest Club Global,1e-06,0.0,0.0,coinmarketcap_data_api_listings_historical
2026-02-20,29148,ETHS,Ethscriptions,0.01162535,0.0,0.0,coinmarketcap_data_api_listings_historical
2026-02-20,12774,pWINGS,JetSwap pWings,2.39e-06,0.0,0.0,coinmarketcap_data_api_listings_historical
2026-02-20,29167,daCat,daCAT,0.0,0.0,0.0,coinmarketcap_data_api_listings_historical
2026-02-20,29176,BTCINU,Bitcoin Inu,0.00195423,0.0,0.0,coinmarketcap_data_api_listings_historical
2026-02-20,29178,XPAY,X Payments,3.496e-05,0.0,0.0,coinmarketcap_data_api_listings_historical
2026-02-20,29188,CNG,CoinNavigator,1.65801849,0.0,0.0,coinmarketcap_data_api_listings_historical
2026-02-20,29201,BABYPEPE,BabyPepeFi,0.00629674,0.0,0.0,coinmarketcap_data_api_listings_historical
2026-02-20,29207,cNGN,Compliant Naira,0.00074304,0.0,0.0,coinmarketcap_data_api_listings_historical
2026-02-20,29209,BOOM,BOOM DAO,0.00047371,0.0,0.0,coinmarketcap_data_api_listings_historical
2026-02-20,12833,MECH,Mech Master,0.00047827,0.0,0.0,coinmarketcap_data_api_listings_historical
2026-02-20,29217,CHURRO,CHURRO-The Jupiter Dog,7.16e-06,0.0,0.0,coinmarketcap_data_api_listings_historical
2026-02-20,12843,GFN,Graphene,0.00014539,0.0,0.0,coinmarketcap_data_api_listings_historical
2026-02-20,29234,LION,CRAZY LION,0.0,0.0,0.0,coinmarketcap_data_api_listings_historical
2026-02-20,12851,BODAV2,BODA Token,0.0,0.0,0.0,coinmarketcap_data_api_listings_historical
2026-02-20,29236,GFOX,Galaxy Fox,1.662e-05,0.0,0.0,coinmarketcap_data_api_listings_historical
2026-02-20,29244,BABYLONG,BABYLONG,7e-08,0.0,0.0,coinmarketcap_data_api_listings_historical
2026-02-20,29245,TANGYUAN,TangYuan,0.0,0.0,0.0,coinmarketcap_data_api_listings_historical
2026-02-20,29249,HARAMBEAI,Harambe AI,0.00075536,0.0,0.0,coinmarketcap_data_api_listings_historical
2026-02-20,29252,CIRCLE,You Looked,2.979e-05,0.0,0.0,coinmarketcap_data_api_listings_historical
2026-02-20,29263,USDC+,Overnight USDC+,1.00731259,0.0,0.0,coinmarketcap_data_api_listings_historical
2026-02-20,29275,DRAGON,SUPER DRAGON,0.0,0.0,0.0,coinmarketcap_data_api_listings_historical
2026-02-20,12898,GOFX,GooseFX,3.409e-05,0.0,0.0,coinmarketcap_data_api_listings_historical
2026-02-20,29283,FAR,FarLaunch,1.32e-05,0.0,0.0,coinmarketcap_data_api_listings_historical
2026-02-20,29287,BMX,BitMinerX,0.00050938,0.0,0.0,coinmarketcap_data_api_listings_historical
2026-02-20,29292,CASINU,Casinu Inu,4.9e-07,0.0,0.0,coinmarketcap_data_api_listings_historical
2026-02-20,29294,CPC,Companion Pet Coin,0.1501405,0.0,0.0,coinmarketcap_data_api_listings_historical
2026-02-20,12919,UBI,Universal Basic Income,3.453e-05,0.0,0.0,coinmarketcap_data_api_listings_historical
2026-02-20,12920,NFTL,Nifty League,0.00010252,0.0,0.0,coinmarketcap_data_api_listings_historical
2026-02-20,12924,XDOGE,XDoge Network,2.19e-06,0.0,0.0,coinmarketcap_data_api_listings_historical
2026-02-20,29308,BOZO,Bozo Benk,0.00044301,0.0,0.0,coinmarketcap_data_api_listings_historical
2026-02-20,29311,DOGWIFHAT,dogwifhat (ETH),0.00123729,0.0,0.0,coinmarketcap_data_api_listings_historical
2026-02-20,29312,FORK,FlokiFork,0.0,0.0,0.0,coinmarketcap_data_api_listings_historical
2026-02-20,12932,LBR,Little Bunny Rocket,0.0,0.0,0.0,coinmarketcap_data_api_listings_historical
2026-02-20,29320,ARBUZ,ARBUZ,0.01040495,0.0,0.0,coinmarketcap_data_api_listings_historical
2026-02-20,29326,YPC,YoungParrot V2,6.34e-06,0.0,0.0,coinmarketcap_data_api_listings_historical
2026-02-20,29330,BEBE,BEBE,0.0,0.0,0.0,coinmarketcap_data_api_listings_historical
2026-02-20,12949,BCT,Base Carbon Tonne,0.07812392,0.0,0.0,coinmarketcap_data_api_listings_historical
2026-02-20,12956,WE,Wanda Exchange,9.225e-05,0.0,0.0,coinmarketcap_data_api_listings_historical
2026-02-20,29340,DRAGON,BLACK DRAGON,0.0,0.0,0.0,coinmarketcap_data_api_listings_historical
2026-02-20,12967,GM,GoldMiner,2.3e-07,0.0,0.0,coinmarketcap_data_api_listings_historical
2026-02-20,29351,CDOGE,cyberdoge,6.3e-07,0.0,0.0,coinmarketcap_data_api_listings_historical
2026-02-20,29359,MYST,MYSTCL,11.54125498,0.0,0.0,coinmarketcap_data_api_listings_historical
2026-02-20,29366,DRAGON,WHITE DRAGON,0.0,0.0,0.0,coinmarketcap_data_api_listings_historical
2026-02-20,12983,PAWTH,Pawthereum,0.00026902,0.0,0.0,coinmarketcap_data_api_listings_historical
2026-02-20,29382,TRUMP,TRUMP,3.8e-07,0.0,0.0,coinmarketcap_data_api_listings_historical
2026-02-20,29383,GIGA,GigaChadGPT,0.00042125,0.0,0.0,coinmarketcap_data_api_listings_historical
2026-02-20,29390,UNMD,Utility Nexusmind,0.11463034,0.0,0.0,coinmarketcap_data_api_listings_historical
2026-02-20,29395,LENDS,Lends,5.414e-05,0.0,0.0,coinmarketcap_data_api_listings_historical
2026-02-20,29398,KINGCAT,King Cat,0.0,0.0,0.0,coinmarketcap_data_api_listings_historical
2026-02-20,29403,DOGE,SUPER DOGE,0.0010998,0.0,0.0,coinmarketcap_data_api_listings_historical
2026-02-20,13020,1FLR,Flare Token,3.44e-06,0.0,0.0,coinmarketcap_data_api_listings_historical
2026-02-20,13021,MOO,Moola Market,0.00035016,0.0,0.0,coinmarketcap_data_api_listings_historical
2026-02-20,29405,BAOS,BaoBaoSol,4.616e-05,0.0,0.0,coinmarketcap_data_api_listings_historical
2026-02-20,29413,HSUI,Suicune,0.00018263,0.0,0.0,coinmarketcap_data_api_listings_historical
2026-02-20,13037,MAGICK,Cosmic Universe Magick,1.035e-05,0.0,0.0,coinmarketcap_data_api_listings_historical
2026-02-20,13038,STARS,StarLaunch,0.00236026,0.0,0.0,coinmarketcap_data_api_listings_historical
2026-02-20,13041,SOLAR,Solarbeam,0.05533259,0.0,0.0,coinmarketcap_data_api_listings_historical
2026-02-20,29433,AIUS,Arbius,0.38253219,0.0,0.0,coinmarketcap_data_api_listings_historical
2026-02-20,13074,FLOKI,Baby Moon Floki,0.0,0.0,0.0,coinmarketcap_data_api_listings_historical
2026-02-20,13080,USX,dForce USD,0.55917927,0.0,0.0,coinmarketcap_data_api_listings_historical
2026-02-20,29469,CAT,SUPER CAT,0.0,0.0,0.0,coinmarketcap_data_api_listings_historical
2026-02-20,29473,MIM,Magic Internet Money,2.954e-05,0.0,0.0,coinmarketcap_data_api_listings_historical
2026-02-20,29475,BABYTROLL,Baby Troll,0.0,0.0,0.0,coinmarketcap_data_api_listings_historical
2026-02-20,29485,MUNITY,Metahorse Unity,3.501e-05,0.0,0.0,coinmarketcap_data_api_listings_historical
2026-02-20,13105,WARS,MetaWars,4.983e-05,0.0,0.0,coinmarketcap_data_api_listings_historical
2026-02-20,29489,MPRO,MPRO Lab,0.00049672,0.0,0.0,coinmarketcap_data_api_listings_historical
2026-02-20,13118,YOSHI,Yoshi.exchange,0.00149977,0.0,0.0,coinmarketcap_data_api_listings_historical
2026-02-20,29510,BAI,Balance AI,0.10542797,0.0,0.0,coinmarketcap_data_api_listings_historical
2026-02-20,29521,SIMPSON,Homer,0.0,0.0,0.0,coinmarketcap_data_api_listings_historical
2026-02-20,29529,BNBSNAKE,BNB SNAKE,0.0,0.0,0.0,coinmarketcap_data_api_listings_historical
2026-02-20,29531,FXB,FxBox,3e-08,0.0,0.0,coinmarketcap_data_api_listings_historical
2026-02-20,29534,BNBVEGETA,BNB VEGETA,0.0,0.0,0.0,coinmarketcap_data_api_listings_historical
2026-02-20,29536,ORACLE,Oracle AI,3.008e-05,0.0,0.0,coinmarketcap_data_api_listings_historical
2026-02-20,29554,TAONU,TAO INU,0.00023536,0.0,0.0,coinmarketcap_data_api_listings_historical
2026-02-20,29563,BICS,Biceps,6e-08,0.0,0.0,coinmarketcap_data_api_listings_historical
2026-02-20,29565,INSP,InspireAI,0.00183381,0.0,0.0,coinmarketcap_data_api_listings_historical
2026-02-20,13197,KNOX,KnoxDAO,0.00177613,0.0,0.0,coinmarketcap_data_api_listings_historical
2026-02-20,29585,NMD,Nexusmind,3.8230079,0.0,0.0,coinmarketcap_data_api_listings_historical
2026-02-20,29594,MINU,MINU 2.0,0.00156576,0.0,0.0,coinmarketcap_data_api_listings_historical
2026-02-20,29620,YES,YES Money,2.44665477,0.0,0.0,coinmarketcap_data_api_listings_historical
2026-02-20,29625,USDCAT,UpSideDownCat,2.25e-06,0.0,0.0,coinmarketcap_data_api_listings_historical
2026-02-20,13250,SCAR,ScarQuest,2.11e-05,0.0,0.0,coinmarketcap_data_api_listings_historical
2026-02-20,29640,ZYN,ZynCoin,0.00068092,0.0,0.0,coinmarketcap_data_api_listings_historical
2026-02-20,29641,CRAZYBONK,CRAZY BONK,0.00133929,0.0,0.0,coinmarketcap_data_api_listings_historical
2026-02-20,13265,FID,Fidira,0.00033484,0.0,0.0,coinmarketcap_data_api_listings_historical
2026-02-20,29650,BABYPEPE,Baby Pepe,1.7e-07,0.0,0.0,coinmarketcap_data_api_listings_historical
2026-02-20,29651,BIF,bonkwifhat,9.222e-05,0.0,0.0,coinmarketcap_data_api_listings_historical
2026-02-20,29653,TYT,Bounty Temple,9.993e-05,0.0,0.0,coinmarketcap_data_api_listings_historical
2026-02-20,13276,SQUID,Squid Game (squidgametoken.vip),5.123e-05,0.0,0.0,coinmarketcap_data_api_listings_historical
2026-02-20,29662,RYU,The Blue Dragon,0.0,0.0,0.0,coinmarketcap_data_api_listings_historical
2026-02-20,13286,CORGI,CorgiCoin,9.48e-06,0.0,0.0,coinmarketcap_data_api_listings_historical
2026-02-20,29671,VTRU,Vitruveo Bridged VTRU,0.00502281,0.0,0.0,coinmarketcap_data_api_listings_historical
2026-02-20,29678,BSTC,BST Chain,3.09217718,0.0,0.0,coinmarketcap_data_api_listings_historical
2026-02-20,29680,TECH,NumberGoUpTech,6.2e-07,0.0,0.0,coinmarketcap_data_api_listings_historical
2026-02-20,29712,MK,Meme Kombat,0.00265856,0.0,0.0,coinmarketcap_data_api_listings_historical
2026-02-20,13342,SOUL,SoulSwap Finance,6.78e-06,0.0,0.0,coinmarketcap_data_api_listings_historical
2026-02-20,29728,RST,Raini Studios Token,0.00023732,0.0,0.0,coinmarketcap_data_api_listings_historical
2026-02-20,29730,BALLZ,Wolf Wif,1.799e-05,0.0,0.0,coinmarketcap_data_api_listings_historical
2026-02-20,13352,DINGER,Dinger Token,4.2e-07,0.0,0.0,coinmarketcap_data_api_listings_historical
2026-02-20,29746,TPU,TensorSpace,5.033e-05,0.0,0.0,coinmarketcap_data_api_listings_historical
2026-02-20,29756,PHAUNTEM,Phauntem,0.0004073,0.0,0.0,coinmarketcap_data_api_listings_historical
2026-02-20,29772,EARN,HOLD,0.00191144,0.0,0.0,coinmarketcap_data_api_listings_historical
2026-02-20,29783,PEPE,SUPER PEPE,5.4e-07,0.0,0.0,coinmarketcap_data_api_listings_historical
2026-02-20,13400,MJT,MojitoSwap,0.00485244,0.0,0.0,coinmarketcap_data_api_listings_historical
2026-02-20,13403,HWL,Howl City,1.9e-05,0.0,0.0,coinmarketcap_data_api_listings_historical
2026-02-20,29791,FREN,FREN,4.1e-07,0.0,0.0,coinmarketcap_data_api_listings_historical
2026-02-20,29800,APEWIFHAT,ApeWifHat,0.0,0.0,0.0,coinmarketcap_data_api_listings_historical
2026-02-20,29801,POU,Pouwifhat,1.263e-05,0.0,0.0,coinmarketcap_data_api_listings_historical
2026-02-20,29804,GBOY,GameBoy,4.87e-06,0.0,0.0,coinmarketcap_data_api_listings_historical
2026-02-20,29805,GOO,Silly Goose,0.00012218,0.0,0.0,coinmarketcap_data_api_listings_historical
2026-02-20,13425,CHAMP,NFT Champions,5.953e-05,0.0,0.0,coinmarketcap_data_api_listings_historical
2026-02-20,13429,DOFI,Doge Floki Coin,0.0,0.0,0.0,coinmarketcap_data_api_listings_historical
2026-02-20,13431,AGX,Agricoin,0.00034975,0.0,0.0,coinmarketcap_data_api_listings_historical
2026-02-20,29818,SORADOGE,Sora Doge,0.0,0.0,0.0,coinmarketcap_data_api_listings_historical
2026-02-20,13437,KIBA,Kiba Inu,6.7e-07,0.0,0.0,coinmarketcap_data_api_listings_historical
2026-02-20,29827,NEX,NEXUS,0.00014154,0.0,0.0,coinmarketcap_data_api_listings_historical
2026-02-20,29832,FRGX,FRGX Finance,0.01020243,0.0,0.0,coinmarketcap_data_api_listings_historical
2026-02-20,29844,MELANIA,Melania Trump Parody (melania.world),0.00124187,0.0,0.0,coinmarketcap_data_api_listings_historical
2026-02-20,29845,SORA,SORA,0.0,0.0,0.0,coinmarketcap_data_api_listings_historical
2026-02-20,13471,OCP,Omni Consumer Protocols,0.00354461,0.0,0.0,coinmarketcap_data_api_listings_historical
2026-02-20,29860,FLOKI,SUPER FLOKI,0.0,0.0,0.0,coinmarketcap_data_api_listings_historical
2026-02-20,29862,GROW,Grow,0.00038988,0.0,0.0,coinmarketcap_data_api_listings_historical
2026-02-20,13485,SPY,Smarty Pay,0.00024121,0.0,0.0,coinmarketcap_data_api_listings_historical
2026-02-20,29885,SBF,Sam Bankmeme-Fried,0.00024363,0.0,0.0,coinmarketcap_data_api_listings_historical
2026-02-20,29886,LABS,WenPad Labs,0.00029652,0.0,0.0,coinmarketcap_data_api_listings_historical
2026-02-20,29888,FOTTIE,Fottie,1.1e-07,0.0,0.0,coinmarketcap_data_api_listings_historical
2026-02-20,29895,BYAT,Byat,2.66e-06,0.0,0.0,coinmarketcap_data_api_listings_historical
2026-02-20,29904,BRIUN,Briun Armstrung,4.633e-05,0.0,0.0,coinmarketcap_data_api_listings_historical
2026-02-20,29906,GB,Grand Base,0.00011859,0.0,0.0,coinmarketcap_data_api_listings_historical
2026-02-20,13523,MC,Merit Circle,0.01555418,0.0,0.0,coinmarketcap_data_api_listings_historical
2026-02-20,29914,SOLANA,Solana Beach,1.168e-05,0.0,0.0,coinmarketcap_data_api_listings_historical
2026-02-20,29919,SOLC,SolCard,0.01566036,0.0,0.0,coinmarketcap_data_api_listings_historical
2026-02-20,13542,SDT,Stabledoc,0.0011524,0.0,0.0,coinmarketcap_data_api_listings_historical
2026-02-20,13560,SBZ2.0,ShibaZilla2.0 (old),0.0,0.0,0.0,coinmarketcap_data_api_listings_historical
2026-02-20,29949,VCAT,Vibing Cat,0.0230654,0.0,0.0,coinmarketcap_data_api_listings_historical
2026-02-20,13567,SMRTR,SmarterCoin (SMRTr),2e-08,0.0,0.0,coinmarketcap_data_api_listings_historical
2026-02-20,29951,ANDY,Andy (SOL),0.00015657,0.0,0.0,coinmarketcap_data_api_listings_historical
2026-02-20,29975,BONK,SUPER BONK,0.0,0.0,0.0,coinmarketcap_data_api_listings_historical
2026-02-20,29981,KERMIT,Kermit,8.86e-06,0.0,0.0,coinmarketcap_data_api_listings_historical
2026-02-20,29982,MAZZE,Mazze,0.00016641,0.0,0.0,coinmarketcap_data_api_listings_historical
2026-02-20,29985,CETI,Tao Ceτi,0.00332449,0.0,0.0,coinmarketcap_data_api_listings_historical
2026-02-20,29994,KOL,KeyOfLife Multichain Store Of Value,0.18383605,0.0,0.0,coinmarketcap_data_api_listings_historical
2026-02-20,13618,SHIBGF,Shiba Girlfriend,0.0,0.0,0.0,coinmarketcap_data_api_listings_historical
2026-02-20,30002,BANX,Banx.gg,5.24e-06,0.0,0.0,coinmarketcap_data_api_listings_historical
2026-02-20,30003,BNBBONK,BNB BONK,0.0,0.0,0.0,coinmarketcap_data_api_listings_historical
2026-02-20,13630,OOGI,OOGI,2.77e-06,0.0,0.0,coinmarketcap_data_api_listings_historical
2026-02-20,30018,HOKK,Hokkaidu Inu,0.0,0.0,0.0,coinmarketcap_data_api_listings_historical
2026-02-20,30024,ELECTRON,Electron (Bitcoin),0.0009757,0.0,0.0,coinmarketcap_data_api_listings_historical
2026-02-20,13643,CHLI,ChilliSwap,0.04958099,0.0,0.0,coinmarketcap_data_api_listings_historical
2026-02-20,30029,BENJI,Taylor Swift's Cat BENJI,4.156e-05,0.0,0.0,coinmarketcap_data_api_listings_historical
2026-02-20,13649,E8,Energy8,0.0,0.0,0.0,coinmarketcap_data_api_listings_historical
2026-02-20,30060,DUCK,DuckCoin,0.00018818,0.0,0.0,coinmarketcap_data_api_listings_historical
2026-02-20,13678,PICA,Picasso,2.68e-06,0.0,0.0,coinmarketcap_data_api_listings_historical
2026-02-20,30064,BABYBOME,Book of Baby Memes,0.0,0.0,0.0,coinmarketcap_data_api_listings_historical
2026-02-20,30069,SQUAD,SquadSwap,0.02206534,0.0,0.0,coinmarketcap_data_api_listings_historical
2026-02-20,30074,VELAR,Velar,0.00019129,0.0,0.0,coinmarketcap_data_api_listings_historical
2026-02-20,30079,IQ50,IQ50,4e-07,0.0,0.0,coinmarketcap_data_api_listings_historical
2026-02-20,30082,CATWIF,Cat wif Hands,5e-08,0.0,0.0,coinmarketcap_data_api_listings_historical
2026-02-20,30088,BAG,catwifbag,9.597e-05,0.0,0.0,coinmarketcap_data_api_listings_historical
2026-02-20,30090,SCOTTY,Scotty The Ai,1.504e-05,0.0,0.0,coinmarketcap_data_api_listings_historical
2026-02-20,30101,GNUS,GENIUS AI,0.30015202,0.0,0.0,coinmarketcap_data_api_listings_historical
2026-02-20,30109,PUNDU,Pundu,0.00180341,0.0,0.0,coinmarketcap_data_api_listings_historical
2026-02-20,30112,PUNK,PunkCity,0.01549298,0.0,0.0,coinmarketcap_data_api_listings_historical
2026-02-20,30113,TINU,Ton Inu,4.525e-05,0.0,0.0,coinmarketcap_data_api_listings_historical
2026-02-20,30118,TGRAM,TG20 TGram,8e-08,0.0,0.0,coinmarketcap_data_api_listings_historical
2026-02-20,13735,SDOGE,SolDoge,2.62e-06,0.0,0.0,coinmarketcap_data_api_listings_historical
2026-02-20,30122,PLANE,Paper Plane,0.00125,0.0,0.0,coinmarketcap_data_api_listings_historical
2026-02-20,30130,SHIV,Shiva Inu,0.0,0.0,0.0,coinmarketcap_data_api_listings_historical
2026-02-20,30132,BASE,BrianArmstrongCoinbaseUSDC2012,5e-07,0.0,0.0,coinmarketcap_data_api_listings_historical
2026-02-20,13751,LICO,Liquid Collectibles,2.236e-05,0.0,0.0,coinmarketcap_data_api_listings_historical
2026-02-20,30135,BLERF,BLERF,1.36e-06,0.0,0.0,coinmarketcap_data_api_listings_historical
2026-02-20,30136,CAT,CAT COIN,0.0,0.0,0.0,coinmarketcap_data_api_listings_historical
2026-02-20,13760,SHIBARMY,Shib Army,0.0,0.0,0.0,coinmarketcap_data_api_listings_historical
2026-02-20,30150,CATPEPE,CAT PEPE,0.0,0.0,0.0,coinmarketcap_data_api_listings_historical
2026-02-20,13768,ERW,ZeLoop Eco Reward,7.3e-07,0.0,0.0,coinmarketcap_data_api_listings_historical
2026-02-20,30167,ATM,ATM (ATMcoin.top),4e-08,0.0,0.0,coinmarketcap_data_api_listings_historical
2026-02-20,13808,CPOO,Cockapoo,1.2e-07,0.0,0.0,coinmarketcap_data_api_listings_historical
2026-02-20,30202,BNBFLOKI,BNB FLOKI,0.0,0.0,0.0,coinmarketcap_data_api_listings_historical
2026-02-20,13829,INFO,Infomatix,4.8e-06,0.0,0.0,coinmarketcap_data_api_listings_historical
2026-02-20,30220,ROCK,BLACK ROCK,7.71e-06,0.0,0.0,coinmarketcap_data_api_listings_historical
2026-02-20,30225,UBE,Ubeswap [V2],0.00043267,0.0,0.0,coinmarketcap_data_api_listings_historical
2026-02-20,30232,VDA,Verida,9.211e-05,0.0,0.0,coinmarketcap_data_api_listings_historical
2026-02-20,13850,SANTA,Santa Coin,0.0,0.0,0.0,coinmarketcap_data_api_listings_historical
2026-02-20,30240,EMRLD,The Emerald Company,0.00010208,0.0,0.0,coinmarketcap_data_api_listings_historical
2026-02-20,30241,MEAT,Meat,1.3e-07,0.0,0.0,coinmarketcap_data_api_listings_historical
2026-02-20,30253,FLOKI,CRAZY FLOKI,0.0,0.0,0.0,coinmarketcap_data_api_listings_historical
2026-02-20,13871,CRAFT,TaleCraft,0.00010614,0.0,0.0,coinmarketcap_data_api_listings_historical
2026-02-20,13877,EEUR,e-Money EUR,0.08754511,0.0,0.0,coinmarketcap_data_api_listings_historical
2026-02-20,30263,DAW,DAWKOINS,2.313e-05,0.0,0.0,coinmarketcap_data_api_listings_historical
2026-02-20,30298,CRMS,Cryptomus,0.64845732,0.0,0.0,coinmarketcap_data_api_listings_historical
2026-02-20,30305,LONG,Nobiko Coin,0.0003526,0.0,0.0,coinmarketcap_data_api_listings_historical
2026-02-20,30317,PLEB,PLEB,1.159e-05,0.0,0.0,coinmarketcap_data_api_listings_historical
2026-02-20,30319,BASED,BASEDChad,1.603e-05,0.0,0.0,coinmarketcap_data_api_listings_historical
2026-02-20,13938,GMEX,Game Coin,5.14e-05,0.0,0.0,coinmarketcap_data_api_listings_historical
2026-02-20,30322,BENI,Beni,0.00014514,0.0,0.0,coinmarketcap_data_api_listings_historical
2026-02-20,30323,BOE,Boe,1.805e-05,0.0,0.0,coinmarketcap_data_api_listings_historical
2026-02-20,30324,POOP,Poopcoin,7.091e-05,0.0,0.0,coinmarketcap_data_api_listings_historical
2026-02-20,30326,CAT,TOP CAT,0.0,0.0,0.0,coinmarketcap_data_api_listings_historical
2026-02-20,30331,HOBA,Honey Badger,0.02371353,0.0,0.0,coinmarketcap_data_api_listings_historical
2026-02-20,30333,LUA,Lumi Finance,1.61706405,0.0,0.0,coinmarketcap_data_api_listings_historical
2026-02-20,30336,INFRA,infraX,0.05869242,0.0,0.0,coinmarketcap_data_api_listings_historical
2026-02-20,30341,PEPE,Pepe,5.971e-05,0.0,0.0,coinmarketcap_data_api_listings_historical
2026-02-20,30351,DPLN,DePlan,0.00232964,0.0,0.0,coinmarketcap_data_api_listings_historical
2026-02-20,30355,DCM,Ducky City,9.02e-06,0.0,0.0,coinmarketcap_data_api_listings_historical
2026-02-20,13978,METAV,MetaVPad,0.00041136,0.0,0.0,coinmarketcap_data_api_listings_historical
2026-02-20,13987,DYOR,DYOR Token,1.79e-06,0.0,0.0,coinmarketcap_data_api_listings_historical
2026-02-20,30374,PEACH,Based Peaches,5.39e-06,0.0,0.0,coinmarketcap_data_api_listings_historical
2026-02-20,30385,BOGE,Boge,1.243e-05,0.0,0.0,coinmarketcap_data_api_listings_historical
2026-02-20,30390,SVPN,Shadow Node,0.00017259,0.0,0.0,coinmarketcap_data_api_listings_historical
2026-02-20,30395,EGG,JustAnEGG,0.00071843,0.0,0.0,coinmarketcap_data_api_listings_historical
2026-02-20,30408,BTCAT,Bitcoin Cat,0.0,0.0,0.0,coinmarketcap_data_api_listings_historical
2026-02-20,14027,SB,Snowbank,225.09422966,0.0,0.0,coinmarketcap_data_api_listings_historical
2026-02-20,30411,DODO,DODO,0.01608792,0.0,0.0,coinmarketcap_data_api_listings_historical
2026-02-20,30412,DOGA,DOGITA,3.6e-07,0.0,0.0,coinmarketcap_data_api_listings_historical
2026-02-20,30416,CAT,TOM CAT,0.0,0.0,0.0,coinmarketcap_data_api_listings_historical
2026-02-20,30422,KOIN,Fishkoin,1e-08,0.0,0.0,coinmarketcap_data_api_listings_historical
2026-02-20,30423,BABYCAT,Baby Cat,0.0,0.0,0.0,coinmarketcap_data_api_listings_historical
2026-02-20,30435,BUIDL,Starter.xyz,6.867e-05,0.0,0.0,coinmarketcap_data_api_listings_historical
2026-02-20,30439,HAROLD,Harold,5.044e-05,0.0,0.0,coinmarketcap_data_api_listings_historical
2026-02-20,30442,SHIBK,ShibaKeanu,0.0,0.0,0.0,coinmarketcap_data_api_listings_historical
2026-02-20,30446,BUL,bul,2e-08,0.0,0.0,coinmarketcap_data_api_listings_historical
2026-02-20,30450,PINK,Pink,4.269e-05,0.0,0.0,coinmarketcap_data_api_listings_historical
2026-02-20,30452,FLY,Fluidity,0.000129,0.0,0.0,coinmarketcap_data_api_listings_historical
2026-02-20,30456,COOL,coolcat,1.432e-05,0.0,0.0,coinmarketcap_data_api_listings_historical
2026-02-20,30461,CATME,ELON’S CAT,0.0,0.0,0.0,coinmarketcap_data_api_listings_historical
2026-02-20,30478,CAT,CAT INU,0.0,0.0,0.0,coinmarketcap_data_api_listings_historical
2026-02-20,30481,XTO,EXTOCIUM,0.0045715,0.0,0.0,coinmarketcap_data_api_listings_historical
2026-02-20,30482,SOLX,Sol X,3.392e-05,0.0,0.0,coinmarketcap_data_api_listings_historical
2026-02-20,30491,WZRD,Bitcoin Wizards,0.0569277,0.0,0.0,coinmarketcap_data_api_listings_historical
2026-02-20,14114,SA,Superalgos,0.00016206,0.0,0.0,coinmarketcap_data_api_listings_historical
2026-02-20,30499,PRZS,Perezoso,0.0,0.0,0.0,coinmarketcap_data_api_listings_historical
2026-02-20,30500,GBTC,Green Bitcoin,0.01506004,0.0,0.0,coinmarketcap_data_api_listings_historical
2026-02-20,30503,DOBEN,dark boden,2.89e-06,0.0,0.0,coinmarketcap_data_api_listings_historical
2026-02-20,30507,ZED,ZedDex,0.37820388,0.0,0.0,coinmarketcap_data_api_listings_historical
2026-02-20,30508,KOI,Koi Finance,0.00038133,0.0,0.0,coinmarketcap_data_api_listings_historical
2026-02-20,30512,TX20,Trex20,2.853e-05,0.0,0.0,coinmarketcap_data_api_listings_historical
2026-02-20,30513,COST,Costco Hot Dog,0.00018168,0.0,0.0,coinmarketcap_data_api_listings_historical
2026-02-20,30524,TMRW,TMRW Coin,6.49e-06,0.0,0.0,coinmarketcap_data_api_listings_historical
2026-02-20,30539,BONKFA,Bonk of America,1.046e-05,0.0,0.0,coinmarketcap_data_api_listings_historical
2026-02-20,30548,DOGE,MOON DOGE,0.0,0.0,0.0,coinmarketcap_data_api_listings_historical
2026-02-20,30549,BOSHI,Boshi,1.682e-05,0.0,0.0,coinmarketcap_data_api_listings_historical
2026-02-20,30557,NEGED,Neged,1.637e-05,0.0,0.0,coinmarketcap_data_api_listings_historical
2026-02-20,30558,RGAME,RGAMES,1.503e-05,0.0,0.0,coinmarketcap_data_api_listings_historical
2026-02-20,30572,CROB,Crob Coin,0.0109253,0.0,0.0,coinmarketcap_data_api_listings_historical
2026-02-20,30578,FOFAR,Fofar (fofar.com),3.2e-07,0.0,0.0,coinmarketcap_data_api_listings_historical
2026-02-20,14205,WKD,Wakanda Inu,0.0,0.0,0.0,coinmarketcap_data_api_listings_historical
2026-02-20,30597,CCC,Cute Cat Candle,0.0,0.0,0.0,coinmarketcap_data_api_listings_historical
2026-02-20,30602,FOX,Foxify,0.3213651,0.0,0.0,coinmarketcap_data_api_listings_historical
2026-02-20,14222,ISHND,StrongHands Finance,0.00109996,0.0,0.0,coinmarketcap_data_api_listings_historical
2026-02-20,30607,KING,King Of Memes,3e-08,0.0,0.0,coinmarketcap_data_api_listings_historical
2026-02-20,30613,ICC,Indian Call Center,9.82e-06,0.0,0.0,coinmarketcap_data_api_listings_historical
2026-02-20,30623,VSL,Vietnam Smarthub Logistics,0.01101418,0.0,0.0,coinmarketcap_data_api_listings_historical
2026-02-20,30625,AGT,Ageio Stagnum,0.00034048,0.0,0.0,coinmarketcap_data_api_listings_historical
2026-02-20,30633,GBE,Gambex,0.06004697,0.0,0.0,coinmarketcap_data_api_listings_historical
2026-02-20,30638,CAT,MOON CAT,0.0,0.0,0.0,coinmarketcap_data_api_listings_historical
2026-02-20,30642,CEICAT,CEILING CAT,1.267e-05,0.0,0.0,coinmarketcap_data_api_listings_historical
2026-02-20,30646,PURR,Purrcoin,2.991e-05,0.0,0.0,coinmarketcap_data_api_listings_historical
2026-02-20,30652,MEDIA,Solmedia,0.0001157,0.0,0.0,coinmarketcap_data_api_listings_historical
2026-02-20,14275,GFT,Game Fantasy Token,0.00301746,0.0,0.0,coinmarketcap_data_api_listings_historical
2026-02-20,14276,ZM,ZoomSwap,0.00093078,0.0,0.0,coinmarketcap_data_api_listings_historical
2026-02-20,30662,PAC,PacMoon,0.00018171,0.0,0.0,coinmarketcap_data_api_listings_historical
2026-02-20,30663,BROGG,Brett's Dog,0.01681467,0.0,0.0,coinmarketcap_data_api_listings_historical
2026-02-20,30666,SHARK,Sharky,0.00110882,0.0,0.0,coinmarketcap_data_api_listings_historical
2026-02-20,30672,BANK,Bank,0.0,0.0,0.0,coinmarketcap_data_api_listings_historical
2026-02-20,30674,BONK,Bonk on Base,0.0,0.0,0.0,coinmarketcap_data_api_listings_historical
2026-02-20,30678,DITH,Dither AI,0.00703011,0.0,0.0,coinmarketcap_data_api_listings_historical
2026-02-20,14301,ATMC,Atomic Meta,2.109e-05,0.0,0.0,coinmarketcap_data_api_listings_historical
2026-02-20,30686,NITEFEEDER,Nitefeeder,0.0,0.0,0.0,coinmarketcap_data_api_listings_historical
2026-02-20,30687,ROSE,Rosecoin,0.03451653,0.0,0.0,coinmarketcap_data_api_listings_historical
2026-02-20,30689,AOC,Alickshundra Occasional-Cortex,2.112e-05,0.0,0.0,coinmarketcap_data_api_listings_historical
2026-02-20,30691,CAT,WHALES CAT,0.0,0.0,0.0,coinmarketcap_data_api_listings_historical
2026-02-20,30696,SHORK,shork,8.83e-05,0.0,0.0,coinmarketcap_data_api_listings_historical
2026-02-20,30699,FRBK,FreeBnk,8.827e-05,0.0,0.0,coinmarketcap_data_api_listings_historical
2026-02-20,30702,DD,Diment Dollar,0.09017363,0.0,0.0,coinmarketcap_data_api_listings_historical
2026-02-20,30703,BODA,Based Yoda,6.2e-07,0.0,0.0,coinmarketcap_data_api_listings_historical
2026-02-20,30713,DEEPAI,DeepBot,0.0037179,0.0,0.0,coinmarketcap_data_api_listings_historical
2026-02-20,14332,ADON,Adonis,1.29162109,0.0,0.0,coinmarketcap_data_api_listings_historical
2026-02-20,30716,BSB,Based Street Bets,2.8e-07,0.0,0.0,coinmarketcap_data_api_listings_historical
2026-02-20,14341,SHIBA,BitShiba,0.0,0.0,0.0,coinmarketcap_data_api_listings_historical
2026-02-20,14342,DKEY,DKEY BANK,0.00709458,0.0,0.0,coinmarketcap_data_api_listings_historical
2026-02-20,30731,SNA,SUKUYANA,0.0,0.0,0.0,coinmarketcap_data_api_listings_historical
2026-02-20,14349,TUT,Tutellus,0.01118557,0.0,0.0,coinmarketcap_data_api_listings_historical
2026-02-20,14363,GCAKE,Pancake Games,2e-08,0.0,0.0,coinmarketcap_data_api_listings_historical
2026-02-20,30752,SOLALA,Solala,2.599e-05,0.0,0.0,coinmarketcap_data_api_listings_historical
2026-02-20,30762,TONALD,Tonald Trump,2.977e-05,0.0,0.0,coinmarketcap_data_api_listings_historical
2026-02-20,30764,CONDO,CONDO,3.049e-05,0.0,0.0,coinmarketcap_data_api_listings_historical
2026-02-20,14382,KITTY,Kitty Solana,0.0,0.0,0.0,coinmarketcap_data_api_listings_historical
2026-02-20,30776,CFT,CANNFINITY,0.00622343,0.0,0.0,coinmarketcap_data_api_listings_historical
2026-02-20,30780,WOLF,Landwolf (firstlandwolfeth),1.78e-06,0.0,0.0,coinmarketcap_data_api_listings_historical
2026-02-20,14397,DCAU,Dragon Crypto Aurum,0.19601539,0.0,0.0,coinmarketcap_data_api_listings_historical
2026-02-20,30788,WEB3,Web3 TON Token,0.00951801,0.0,0.0,coinmarketcap_data_api_listings_historical
2026-02-20,30792,COLLE,Colle AI,1.09e-05,0.0,0.0,coinmarketcap_data_api_listings_historical
2026-02-20,30810,FJO,Fjord Foundry,0.01095667,0.0,0.0,coinmarketcap_data_api_listings_historical
2026-02-20,30814,ERIC,Elon's Pet Fish ERIC,0.00042862,0.0,0.0,coinmarketcap_data_api_listings_historical
2026-02-20,30821,NINJA,Shinobi,2.652e-05,0.0,0.0,coinmarketcap_data_api_listings_historical
2026-02-20,30823,KIT,Kitsune,6.69e-06,0.0,0.0,coinmarketcap_data_api_listings_historical
2026-02-20,14447,SWOLE,Swole Doge,2e-07,0.0,0.0,coinmarketcap_data_api_listings_historical
2026-02-20,14449,JaiHo,JaiHo,0.00020373,0.0,0.0,coinmarketcap_data_api_listings_historical
2026-02-20,30837,SOLBULL,SOLBULL,8.41e-06,0.0,0.0,coinmarketcap_data_api_listings_historical
2026-02-20,30844,PIKA,Pika to Piko,0.00050298,0.0,0.0,coinmarketcap_data_api_listings_historical
2026-02-20,14461,SPHYNX,Sphynx Labs,0.00022858,0.0,0.0,coinmarketcap_data_api_listings_historical
2026-02-20,30845,MEM,Not Meme,7.973e-05,0.0,0.0,coinmarketcap_data_api_listings_historical
2026-02-20,30846,ANON,Anon,0.00045434,0.0,0.0,coinmarketcap_data_api_listings_historical
2026-02-20,30852,DOGE,WHALES DOGE,0.0,0.0,0.0,coinmarketcap_data_api_listings_historical
2026-02-20,30868,WIFE,Wifejak,0.00019483,0.0,0.0,coinmarketcap_data_api_listings_historical
2026-02-20,30872,BORED,BORED,0.00041901,0.0,0.0,coinmarketcap_data_api_listings_historical
2026-02-20,14490,BTH,Bit Hotel,0.00017934,0.0,0.0,coinmarketcap_data_api_listings_historical
2026-02-20,30874,CHEERS,DICAPRIO CHEERS,5.84e-05,0.0,0.0,coinmarketcap_data_api_listings_historical
2026-02-20,30876,LUAUSD,Lumi Finance LUAUSD,0.98040421,0.0,0.0,coinmarketcap_data_api_listings_historical
2026-02-20,30882,ABI,AB DEFI,0.01997573,0.0,0.0,coinmarketcap_data_api_listings_historical
2026-02-20,30885,JELLI,JELLI,7.695e-05,0.0,0.0,coinmarketcap_data_api_listings_historical
2026-02-20,30886,CONAN,Conan,9e-08,0.0,0.0,coinmarketcap_data_api_listings_historical
2026-02-20,30897,PONZI,Ponzi,3.569e-05,0.0,0.0,coinmarketcap_data_api_listings_historical
2026-02-20,30910,BUNNY,BasedBunny,1.236e-05,0.0,0.0,coinmarketcap_data_api_listings_historical
2026-02-20,30911,SNORT,SNORT,0.00015709,0.0,0.0,coinmarketcap_data_api_listings_historical
2026-02-20,30914,BOYSCLUB,Matt Furie's Boys Club,0.00026992,0.0,0.0,coinmarketcap_data_api_listings_historical
2026-02-20,14540,VPAD,VLaunch,0.00171524,0.0,0.0,coinmarketcap_data_api_listings_historical
2026-02-20,30935,ANDY,Andy (Solana),3.345e-05,0.0,0.0,coinmarketcap_data_api_listings_historical
2026-02-20,30936,NORMIE,NORMIE,0.00015938,0.0,0.0,coinmarketcap_data_api_listings_historical
2026-02-20,14553,PANDA,Panda Coin,2.37e-06,0.0,0.0,coinmarketcap_data_api_listings_historical
2026-02-20,14557,CIND,Cindrum,1.1e-05,0.0,0.0,coinmarketcap_data_api_listings_historical
2026-02-20,30946,WIT,What in Tarnation?,1.969e-05,0.0,0.0,coinmarketcap_data_api_listings_historical
2026-02-20,30948,KHAI,Kitten Haimer,0.00119373,0.0,0.0,coinmarketcap_data_api_listings_historical
2026-02-20,14587,CAVE,Crypto Cavemen Club,0.00531973,0.0,0.0,coinmarketcap_data_api_listings_historical
2026-02-20,14595,QORT,Qortal,0.11312658,0.0,0.0,coinmarketcap_data_api_listings_historical
2026-02-20,14599,PWT,PANDAINU,1.7e-07,0.0,0.0,coinmarketcap_data_api_listings_historical
2026-02-20,30989,COOL,Coolcoin,1.255e-05,0.0,0.0,coinmarketcap_data_api_listings_historical
2026-02-20,30992,ORBI,Orbital7,1.833e-05,0.0,0.0,coinmarketcap_data_api_listings_historical
2026-02-20,30993,STOG,Stooges,4.792e-05,0.0,0.0,coinmarketcap_data_api_listings_historical
2026-02-20,14611,RICE,Rice Wallet,0.00115011,0.0,0.0,coinmarketcap_data_api_listings_historical
2026-02-20,30995,FLUFFYS,Fluffys,0.00069904,0.0,0.0,coinmarketcap_data_api_listings_historical
2026-02-20,14613,XSP,XSwap Protocol,9.172e-05,0.0,0.0,coinmarketcap_data_api_listings_historical
2026-02-20,30997,BIAO,Biao Coin,3.28e-06,0.0,0.0,coinmarketcap_data_api_listings_historical
2026-02-20,31007,BIRDDOG,BIRDDOG,1.2e-07,0.0,0.0,coinmarketcap_data_api_listings_historical
2026-02-20,14625,CRONA,CronaSwap,0.00023285,0.0,0.0,coinmarketcap_data_api_listings_historical
2026-02-20,14627,SONAR,SonarWatch,0.003094,0.0,0.0,coinmarketcap_data_api_listings_historical
2026-02-20,31021,BRITT,Britt,2.814e-05,0.0,0.0,coinmarketcap_data_api_listings_historical
2026-02-20,31031,BARRON,Time Traveler,6.438e-05,0.0,0.0,coinmarketcap_data_api_listings_historical
2026-02-20,14651,WCS,WeeCoins,0.00026853,0.0,0.0,coinmarketcap_data_api_listings_historical
2026-02-20,31043,JOWNES,Alux Jownes,4.81e-06,0.0,0.0,coinmarketcap_data_api_listings_historical
2026-02-20,14660,RTO,Reflecto,0.0,0.0,0.0,coinmarketcap_data_api_listings_historical
2026-02-20,31045,PONGO,Pongo,6e-08,0.0,0.0,coinmarketcap_data_api_listings_historical
2026-02-20,31046,$MEWING,MEWING,2.958e-05,0.0,0.0,coinmarketcap_data_api_listings_historical
2026-02-20,31047,KEPT,KeptChain,0.00035051,0.0,0.0,coinmarketcap_data_api_listings_historical
2026-02-20,31048,ROCKY,ROCKY,0.00016544,0.0,0.0,coinmarketcap_data_api_listings_historical
2026-02-20,31050,WTEC,World Trade Exhibition Center,0.00029651,0.0,0.0,coinmarketcap_data_api_listings_historical
2026-02-20,31052,FECES,FECES,8.396e-05,0.0,0.0,coinmarketcap_data_api_listings_historical
2026-02-20,14676,TRUSTNFT,TrustNFT,0.00010961,0.0,0.0,coinmarketcap_data_api_listings_historical
2026-02-20,31060,BUNNY,SUPER BUNNY,0.0,0.0,0.0,coinmarketcap_data_api_listings_historical
2026-02-20,31063,$BADCAT,Andy’s Alter Ego,5e-08,0.0,0.0,coinmarketcap_data_api_listings_historical
2026-02-20,31082,BOOMER,Boomer,0.0004186,0.0,0.0,coinmarketcap_data_api_listings_historical
2026-02-20,31085,MOCHI,Mochi DeFi,0.0,0.0,0.0,coinmarketcap_data_api_listings_historical
2026-02-20,31087,POGS,POG,0.00021986,0.0,0.0,coinmarketcap_data_api_listings_historical
2026-02-20,31093,DOGE,Dogecoin,8.252e-05,0.0,0.0,coinmarketcap_data_api_listings_historical
2026-02-20,14713,CMDX,Comdex,0.00010839,0.0,0.0,coinmarketcap_data_api_listings_historical
2026-02-20,31103,TOMAN,IRR,1.6e-06,0.0,0.0,coinmarketcap_data_api_listings_historical
2026-02-20,31107,STAKE,StakeLayer,3.601e-05,0.0,0.0,coinmarketcap_data_api_listings_historical
2026-02-20,31113,WOAS,Wrapped Oasys,0.00083942,0.0,0.0,coinmarketcap_data_api_listings_historical
2026-02-20,31118,$JOGECO,Jogecodog,0.0,0.0,0.0,coinmarketcap_data_api_listings_historical
2026-02-20,31140,SQUOGE,DogeSquatch,0.0002022,0.0,0.0,coinmarketcap_data_api_listings_historical
2026-02-20,31147,PEPE,NEXT GEN PEPE,0.00014193,0.0,0.0,coinmarketcap_data_api_listings_historical
2026-02-20,31155,CROAK,Croakey,4.55e-06,0.0,0.0,coinmarketcap_data_api_listings_historical
2026-02-20,14773,CCA,CCA Coin,8.386e-05,0.0,0.0,coinmarketcap_data_api_listings_historical
2026-02-20,31157,THOL,Tholana,1e-08,0.0,0.0,coinmarketcap_data_api_listings_historical
2026-02-20,31158,XB,XBANKING,0.00269857,0.0,0.0,coinmarketcap_data_api_listings_historical
2026-02-20,31169,VOPO,VOPO,0.0,0.0,0.0,coinmarketcap_data_api_listings_historical
2026-02-20,31170,PEDRO,Pedro The Raccoon,0.00017423,0.0,0.0,coinmarketcap_data_api_listings_historical
2026-02-20,31174,BNBBUNNY,BNB BUNNY,0.0,0.0,0.0,coinmarketcap_data_api_listings_historical
2026-02-20,31192,SKIPUP,SKI MASK PUP,0.01182212,0.0,0.0,coinmarketcap_data_api_listings_historical
2026-02-20,31199,ROXY,ROXY FROG,1.12e-06,0.0,0.0,coinmarketcap_data_api_listings_historical
2026-02-20,31203,ICPX,Icrypex token,0.0860074,0.0,0.0,coinmarketcap_data_api_listings_historical
2026-02-20,14825,VIBLO,Viblos,0.0002539,0.0,0.0,coinmarketcap_data_api_listings_historical
2026-02-20,31212,JUSD,JUSD Stable Token,0.99961786,0.0,0.0,coinmarketcap_data_api_listings_historical
2026-02-20,31221,WIF,WIF on ETH,3.862e-05,0.0,0.0,coinmarketcap_data_api_listings_historical
2026-02-20,14838,AI,Artificial Intelligence,4e-08,0.0,0.0,coinmarketcap_data_api_listings_historical
2026-02-20,14843,SPIN,Spintop,5.152e-05,0.0,0.0,coinmarketcap_data_api_listings_historical
2026-02-20,14849,CENX,Centcex,8.28e-05,0.0,0.0,coinmarketcap_data_api_listings_historical
2026-02-20,31234,HRT,HIRO,0.00012613,0.0,0.0,coinmarketcap_data_api_listings_historical
2026-02-20,31239,IMARO,IMARO,5.095e-05,0.0,0.0,coinmarketcap_data_api_listings_historical
2026-02-20,31242,BOBUKI,Bobuki Neko,5.035e-05,0.0,0.0,coinmarketcap_data_api_listings_historical
2026-02-20,31244,SHIBA,Shiba Armstrong,1.489e-05,0.0,0.0,coinmarketcap_data_api_listings_historical
2026-02-20,31249,MOST,MOST Global,0.76326707,0.0,0.0,coinmarketcap_data_api_listings_historical
2026-02-20,31258,MPRO,Max Property,0.00094883,0.0,0.0,coinmarketcap_data_api_listings_historical
2026-02-20,31263,RPLAY,Replay,3.439e-05,0.0,0.0,coinmarketcap_data_api_listings_historical
2026-02-20,31271,LOA,Law Of Attraction,0.00018034,0.0,0.0,coinmarketcap_data_api_listings_historical
2026-02-20,14896,TAG,Tag Protocol,0.00036277,0.0,0.0,coinmarketcap_data_api_listings_historical
2026-02-20,31281,HODL,HODL,0.0,0.0,0.0,coinmarketcap_data_api_listings_historical
2026-02-20,31283,NOHAT,DogWifNoHat,3.77e-05,0.0,0.0,coinmarketcap_data_api_listings_historical
2026-02-20,14905,FLUF,Fluffy Coin,8.683e-05,0.0,0.0,coinmarketcap_data_api_listings_historical
2026-02-20,31290,WBS,White Boy Summer,7.899e-05,0.0,0.0,coinmarketcap_data_api_listings_historical
2026-02-20,31299,USA,Based USA,4.199e-05,0.0,0.0,coinmarketcap_data_api_listings_historical
2026-02-20,31304,CHEEPEPE,CHEEPEPE,4.183e-05,0.0,0.0,coinmarketcap_data_api_listings_historical
2026-02-20,31309,NCASH,Nutcash,0.00331998,0.0,0.0,coinmarketcap_data_api_listings_historical
2026-02-20,14928,ROY,Crypto Royale,0.00024899,0.0,0.0,coinmarketcap_data_api_listings_historical
2026-02-20,31313,PROOF,PROOF,0.0358005,0.0,0.0,coinmarketcap_data_api_listings_historical
2026-02-20,31316,SATS,Satoshi Stablecoin,0.00073704,0.0,0.0,coinmarketcap_data_api_listings_historical
2026-02-20,31339,PIZZA,Bitcoin Pizza Day,0.06470492,0.0,0.0,coinmarketcap_data_api_listings_historical
2026-02-20,31341,CVAI,Agentlauncher,0.00027822,0.0,0.0,coinmarketcap_data_api_listings_historical
2026-02-20,31352,CES,swap.coffee,0.20699719,0.0,0.0,coinmarketcap_data_api_listings_historical
2026-02-20,31365,BNBOLYMPIC,BNB OLYMPIC,0.0,0.0,0.0,coinmarketcap_data_api_listings_historical
2026-02-20,31367,ZACK,Zack Morris,6.376e-05,0.0,0.0,coinmarketcap_data_api_listings_historical
2026-02-20,31370,BBUSD,BounceBit USD,1.00821118,0.0,0.0,coinmarketcap_data_api_listings_historical
2026-02-20,31386,OKAYEG,Okayeg,5.9e-07,0.0,0.0,coinmarketcap_data_api_listings_historical
2026-02-20,15006,XMT,MetalSwap,0.01033175,0.0,0.0,coinmarketcap_data_api_listings_historical
2026-02-20,15013,SOURCE,ReSource Protocol,0.00076033,0.0,0.0,coinmarketcap_data_api_listings_historical
2026-02-20,31398,KEK,Kekistan,1.43e-06,0.0,0.0,coinmarketcap_data_api_listings_historical
2026-02-20,15021,SSGTX,SafeSwap,5.702e-05,0.0,0.0,coinmarketcap_data_api_listings_historical
2026-02-20,31406,PAMBI,Pambicoin,3.327e-05,0.0,0.0,coinmarketcap_data_api_listings_historical
2026-02-20,31411,BUBBA,Bubba,1.491e-05,0.0,0.0,coinmarketcap_data_api_listings_historical
2026-02-20,15035,KEYS,KEYS,0.00025824,0.0,0.0,coinmarketcap_data_api_listings_historical
2026-02-20,31419,$PEPE,Pepe,0.0,0.0,0.0,coinmarketcap_data_api_listings_historical
2026-02-20,31426,LAB,The Professor,1.462e-05,0.0,0.0,coinmarketcap_data_api_listings_historical
2026-02-20,31427,CAT,CAT SYLVESTER,0.0,0.0,0.0,coinmarketcap_data_api_listings_historical
2026-02-20,31429,WIC,DogWithCap,1e-08,0.0,0.0,coinmarketcap_data_api_listings_historical
2026-02-20,31430,APETARDIO,Apetardio,5.433e-05,0.0,0.0,coinmarketcap_data_api_listings_historical
2026-02-20,15050,MILK,Milk,1.84e-06,0.0,0.0,coinmarketcap_data_api_listings_historical
2026-02-20,31439,MAGAPEPE,MAGA PEPE (SOL),0.0,0.0,0.0,coinmarketcap_data_api_listings_historical
2026-02-20,31450,WEIRDO,Weirdo,1.84e-06,0.0,0.0,coinmarketcap_data_api_listings_historical
2026-02-20,31455,KIM,Kim Exchange,1.112e-05,0.0,0.0,coinmarketcap_data_api_listings_historical
2026-02-20,31460,TBC,Tour Billion,0.55379262,0.0,0.0,coinmarketcap_data_api_listings_historical
2026-02-20,31462,SHARE,SHARE,4.52e-06,0.0,0.0,coinmarketcap_data_api_listings_historical
2026-02-20,31472,$PELF,PELFORT,2.21e-05,0.0,0.0,coinmarketcap_data_api_listings_historical
2026-02-20,31477,CHAD,Based Chad,9.58e-06,0.0,0.0,coinmarketcap_data_api_listings_historical
2026-02-20,31492,PEPESOL,PEPE (SOL),3.092e-05,0.0,0.0,coinmarketcap_data_api_listings_historical
2026-02-20,31503,BWB,Bitget Wallet Token,0.19170655,0.0,0.0,coinmarketcap_data_api_listings_historical
2026-02-20,31508,ANIME,Anime (animeonbase.art),4.65e-06,0.0,0.0,coinmarketcap_data_api_listings_historical
2026-02-20,31511,CHIPI,chipi,2.455e-05,0.0,0.0,coinmarketcap_data_api_listings_historical
2026-02-20,31522,SPURDO,SPURDO,5.906e-05,0.0,0.0,coinmarketcap_data_api_listings_historical
2026-02-20,31541,PESHI,PESHI,2e-07,0.0,0.0,coinmarketcap_data_api_listings_historical
2026-02-20,15169,GENOME,GenomesDao,0.00056556,0.0,0.0,coinmarketcap_data_api_listings_historical
2026-02-20,31558,EAGLE,EAGLE INU,0.0,0.0,0.0,coinmarketcap_data_api_listings_historical
2026-02-20,31564,DADDY,Crypto Journey,0.01428087,0.0,0.0,coinmarketcap_data_api_listings_historical
2026-02-20,31567,MARV,Marv,0.0,0.0,0.0,coinmarketcap_data_api_listings_historical
2026-02-20,15193,PEX,Pexcoin,2.524e-05,0.0,0.0,coinmarketcap_data_api_listings_historical
2026-02-20,31579,314DAO,Tonken 314 DAO,23.6409653,0.0,0.0,coinmarketcap_data_api_listings_historical
2026-02-20,31583,SNPAD,SNP adverse,0.00599347,0.0,0.0,coinmarketcap_data_api_listings_historical
2026-02-20,31600,MINE,RuneMine,0.00027439,0.0,0.0,coinmarketcap_data_api_listings_historical
2026-02-20,31605,JJ,JEJE,0.0,0.0,0.0,coinmarketcap_data_api_listings_historical
2026-02-20,31609,APUGURL,APU GURL,2e-07,0.0,0.0,coinmarketcap_data_api_listings_historical
2026-02-20,31613,WAZ,MikeAI,2.6e-07,0.0,0.0,coinmarketcap_data_api_listings_historical
2026-02-20,15231,BB,Baby Bali,0.0,0.0,0.0,coinmarketcap_data_api_listings_historical
2026-02-20,31622,EAGLE,AMERICAN EAGLE,0.0,0.0,0.0,coinmarketcap_data_api_listings_historical
2026-02-20,15241,CANDYLAD,Candylad,0.0,0.0,0.0,coinmarketcap_data_api_listings_historical
2026-02-20,31630,PEPO,Peepo,2.1e-07,0.0,0.0,coinmarketcap_data_api_listings_historical
2026-02-20,31636,POLLUK,Jasse Polluk,1.045e-05,0.0,0.0,coinmarketcap_data_api_listings_historical
2026-02-20,31637,PRICK,Pickle Rick,1.917e-05,0.0,0.0,coinmarketcap_data_api_listings_historical
2026-02-20,31651,MAGASHIB,MAGA SHIB,0.0,0.0,0.0,coinmarketcap_data_api_listings_historical
2026-02-20,31652,BTC,batcat,1.205e-05,0.0,0.0,coinmarketcap_data_api_listings_historical
2026-02-20,31658,CAT,AMERICAN CAT,0.0,0.0,0.0,coinmarketcap_data_api_listings_historical
2026-02-20,31662,MAGA,MAGA,0.00045348,0.0,0.0,coinmarketcap_data_api_listings_historical
2026-02-20,15284,SWIN,SwinCoin,1.26e-06,0.0,0.0,coinmarketcap_data_api_listings_historical
2026-02-20,15288,TEM,TemplarDAO,3.26778683,0.0,0.0,coinmarketcap_data_api_listings_historical
2026-02-20,31676,DOGEVERSE,DogeVerse,1.72e-06,0.0,0.0,coinmarketcap_data_api_listings_historical
2026-02-20,31679,MAGADOGE,MAGA DOGE,0.0,0.0,0.0,coinmarketcap_data_api_listings_historical
2026-02-20,31692,TRUMP,MAGA,0.00190632,0.0,0.0,coinmarketcap_data_api_listings_historical
2026-02-20,31697,MITTENS,Mittens,8.344e-05,0.0,0.0,coinmarketcap_data_api_listings_historical
2026-02-20,31698,HIF,Hedgehog in the fog,9.35e-05,0.0,0.0,coinmarketcap_data_api_listings_historical
2026-02-20,31703,TOPG,TOP G,0.00013341,0.0,0.0,coinmarketcap_data_api_listings_historical
2026-02-20,31705,RNT,Real Nigger Tate,0.00047929,0.0,0.0,coinmarketcap_data_api_listings_historical
2026-02-20,31718,DOGER,Robotic Doge,9e-08,0.0,0.0,coinmarketcap_data_api_listings_historical
2026-02-20,31723,EDSE,Eddie Seal,4.8e-06,0.0,0.0,coinmarketcap_data_api_listings_historical
2026-02-20,31730,BIAO,Biaoqing,0.00010191,0.0,0.0,coinmarketcap_data_api_listings_historical
2026-02-20,31734,ANON,Anonymous,1.01e-05,0.0,0.0,coinmarketcap_data_api_listings_historical
2026-02-20,31736,ZUSHI,ZUSHI,3.083e-05,0.0,0.0,coinmarketcap_data_api_listings_historical
2026-02-20,31745,GL,Lemmings,1.5e-06,0.0,0.0,coinmarketcap_data_api_listings_historical
2026-02-20,31748,CHRETT,Chinese BRETT,5.617e-05,0.0,0.0,coinmarketcap_data_api_listings_historical
2026-02-20,31755,BRETT,Bretter Brett,3e-07,0.0,0.0,coinmarketcap_data_api_listings_historical
2026-02-20,31758,CHADCAT,CHAD CAT,2.163e-05,0.0,0.0,coinmarketcap_data_api_listings_historical
2026-02-20,31772,LION,King Of Meme,0.0,0.0,0.0,coinmarketcap_data_api_listings_historical
2026-02-20,31778,BIF,Brianwifhat,2e-08,0.0,0.0,coinmarketcap_data_api_listings_historical
2026-02-20,31781,LANDWU,LandWu,0.0,0.0,0.0,coinmarketcap_data_api_listings_historical
2026-02-20,31785,S315,SWAP315,0.16329684,0.0,0.0,coinmarketcap_data_api_listings_historical
2026-02-20,31786,MIXER,$TON Mixer,0.00027172,0.0,0.0,coinmarketcap_data_api_listings_historical
2026-02-20,31789,ASS,Abella Danger,1.988e-05,0.0,0.0,coinmarketcap_data_api_listings_historical
2026-02-20,31797,NORMUS,NORMUS,9.42e-06,0.0,0.0,coinmarketcap_data_api_listings_historical
2026-02-20,31802,STONKS,Stonks,2e-07,0.0,0.0,coinmarketcap_data_api_listings_historical
2026-02-20,31804,BRCST,BRCStarter,0.00193431,0.0,0.0,coinmarketcap_data_api_listings_historical
2026-02-20,31815,DIDID,Didi Duck,8.082e-05,0.0,0.0,coinmarketcap_data_api_listings_historical
2026-02-20,31817,WIF,Wif - SecondChance,4.962e-05,0.0,0.0,coinmarketcap_data_api_listings_historical
2026-02-20,31827,ROBIN,Robin,1.3e-07,0.0,0.0,coinmarketcap_data_api_listings_historical
2026-02-20,31832,CHIPPY,FISH N CHIPS,0.00086876,0.0,0.0,coinmarketcap_data_api_listings_historical
2026-02-20,31833,MOGE,Moge,0.0,0.0,0.0,coinmarketcap_data_api_listings_historical
2026-02-20,31845,LAIKA,LAIKA The Cosmodog,5e-07,0.0,0.0,coinmarketcap_data_api_listings_historical
2026-02-20,31849,RECA,The Resistance Cat,0.00443046,0.0,0.0,coinmarketcap_data_api_listings_historical
2026-02-20,31852,MAGA,Maek Amuruca Graet Agun,8.24e-06,0.0,0.0,coinmarketcap_data_api_listings_historical
2026-02-20,31859,GIGACHAD,GigaChad (gigachad.com),0.0,0.0,0.0,coinmarketcap_data_api_listings_historical
2026-02-20,15476,LUXY,LUXY,0.00248584,0.0,0.0,coinmarketcap_data_api_listings_historical
2026-02-20,31862,PCD,Phecda,0.00045835,0.0,0.0,coinmarketcap_data_api_listings_historical
2026-02-20,15480,UMAMI,Umami Finance,0.49287724,0.0,0.0,coinmarketcap_data_api_listings_historical
2026-02-20,31869,PTRUMP,Pepe Trump,0.00030695,0.0,0.0,coinmarketcap_data_api_listings_historical
2026-02-20,15493,MVC,Multiverse Capital,4.8e-07,0.0,0.0,coinmarketcap_data_api_listings_historical
2026-02-20,31877,PEIPEI,PeiPei (BSC),0.0,0.0,0.0,coinmarketcap_data_api_listings_historical
2026-02-20,31879,BEATS,Sol Beats,1.5e-05,0.0,0.0,coinmarketcap_data_api_listings_historical
2026-02-20,15501,DFH,DeFiHorse,0.00011238,0.0,0.0,coinmarketcap_data_api_listings_historical
2026-02-20,31885,FPEPE,Based Father Pepe,1.322e-05,0.0,0.0,coinmarketcap_data_api_listings_historical
2026-02-20,31889,CHIPPY,Chippy,1.2e-05,0.0,0.0,coinmarketcap_data_api_listings_historical
2026-02-20,31899,LAK3,LAKE,0.01089873,0.0,0.0,coinmarketcap_data_api_listings_historical
2026-02-20,31901,POLA,Pola On Base,1.887e-05,0.0,0.0,coinmarketcap_data_api_listings_historical
2026-02-20,31915,ETHB,ETHEREUM ON BASE,0.09423474,0.0,0.0,coinmarketcap_data_api_listings_historical
2026-02-20,31916,FLOCKA,Waka Flocka,0.00011833,0.0,0.0,coinmarketcap_data_api_listings_historical
2026-02-20,31919,BALT,Brett's cat,2.998e-05,0.0,0.0,coinmarketcap_data_api_listings_historical
2026-02-20,31925,HGEN,HGEN DAO,0.03368586,0.0,0.0,coinmarketcap_data_api_listings_historical
2026-02-20,31928,CHUANPU,Chuan Pu,1.408e-05,0.0,0.0,coinmarketcap_data_api_listings_historical
2026-02-20,31934,TST,Teleport System Token,0.00023621,0.0,0.0,coinmarketcap_data_api_listings_historical
2026-02-20,31937,FAC,Flying Avocado Cat,0.02451038,0.0,0.0,coinmarketcap_data_api_listings_historical
2026-02-20,31944,WHISKEY,WHISKEY,0.00139743,0.0,0.0,coinmarketcap_data_api_listings_historical
2026-02-20,31948,WVTRS,Vitreus,0.01056787,0.0,0.0,coinmarketcap_data_api_listings_historical
2026-02-20,15565,CHEESE,CheeseSwap,1.9e-07,0.0,0.0,coinmarketcap_data_api_listings_historical
2026-02-20,31949,POCAT,Polite Cat,1.373e-05,0.0,0.0,coinmarketcap_data_api_listings_historical
2026-02-20,15574,UMY,KaraStar UMY,0.00081626,0.0,0.0,coinmarketcap_data_api_listings_historical
2026-02-20,31959,SCRAT,Scrat,0.00057604,0.0,0.0,coinmarketcap_data_api_listings_historical
2026-02-20,15577,BIVE,BIZVERSE,0.00119915,0.0,0.0,coinmarketcap_data_api_listings_historical
2026-02-20,31994,PEEPO,Peepo,1.416e-05,0.0,0.0,coinmarketcap_data_api_listings_historical
2026-02-20,32011,BUCKY,Bucky,9e-08,0.0,0.0,coinmarketcap_data_api_listings_historical
2026-02-20,32012,ETT,Euro 20,0.00901358,0.0,0.0,coinmarketcap_data_api_listings_historical
2026-02-20,32028,SOLETF,SOL ETF,0.0,0.0,0.0,coinmarketcap_data_api_listings_historical
2026-02-20,32033,MICKEY,OG Mickey,4.716e-05,0.0,0.0,coinmarketcap_data_api_listings_historical
2026-02-20,32034,MMIP,Memes Make It Possible,1.682e-05,0.0,0.0,coinmarketcap_data_api_listings_historical
2026-02-20,32045,CHWY,CHEWY,0.0,0.0,0.0,coinmarketcap_data_api_listings_historical
2026-02-20,32051,GROOVE,GROOVE,2.748e-05,0.0,0.0,coinmarketcap_data_api_listings_historical
2026-02-20,15669,PRL,The Parallel,0.00047769,0.0,0.0,coinmarketcap_data_api_listings_historical
2026-02-20,32056,$COFEEE,COFFEE,0.00178266,0.0,0.0,coinmarketcap_data_api_listings_historical
2026-02-20,32060,MOB,Marvin on Base,1e-08,0.0,0.0,coinmarketcap_data_api_listings_historical
2026-02-20,15683,METAMUSK,Musk Metaverse,0.0,0.0,0.0,coinmarketcap_data_api_listings_historical
2026-02-20,15709,GENS,Genius Yield,0.00209171,0.0,0.0,coinmarketcap_data_api_listings_historical
2026-02-20,32097,JASON,Jason Derulo,3.082e-05,0.0,0.0,coinmarketcap_data_api_listings_historical
2026-02-20,32098,DCI,Dynamic Crypto Index,9165.66284471,0.0,0.0,coinmarketcap_data_api_listings_historical
2026-02-20,32101,REXHAT,rexwifhat,8.291e-05,0.0,0.0,coinmarketcap_data_api_listings_historical
2026-02-20,32102,BIB,BIB,0.02706244,0.0,0.0,coinmarketcap_data_api_listings_historical
2026-02-20,32106,MAN,Gentleman,5.216e-05,0.0,0.0,coinmarketcap_data_api_listings_historical
2026-02-20,15733,BENT,Bent Finance,0.03535375,0.0,0.0,coinmarketcap_data_api_listings_historical
2026-02-20,32123,PEON,Peon,0.0,0.0,0.0,coinmarketcap_data_api_listings_historical
2026-02-20,32133,XPX,XPX,4.73e-06,0.0,0.0,coinmarketcap_data_api_listings_historical
2026-02-20,32146,OILX,OilX Token,69.24345695,0.0,0.0,coinmarketcap_data_api_listings_historical
2026-02-20,32149,XAGX,Silver Token,84.46762108,0.0,0.0,coinmarketcap_data_api_listings_historical
2026-02-20,32167,META,MetaDAO (old),3769.8958651,0.0,0.0,coinmarketcap_data_api_listings_historical
2026-02-20,32172,MELLOW,Matt Furie's Mellow Man,0.00099699,0.0,0.0,coinmarketcap_data_api_listings_historical
2026-02-20,32177,$LANDLORD,LANDLORD RONALD,4.793e-05,0.0,0.0,coinmarketcap_data_api_listings_historical
2026-02-20,32178,MOLI,Mobile Liquidity,0.01039167,0.0,0.0,coinmarketcap_data_api_listings_historical
2026-02-20,32180,BAMBOO,Bamboo on Base,9.788e-05,0.0,0.0,coinmarketcap_data_api_listings_historical
2026-02-20,15798,MPWR,Empower,4.638e-05,0.0,0.0,coinmarketcap_data_api_listings_historical
2026-02-20,32185,BARRON,Barron Trump,0.0,0.0,0.0,coinmarketcap_data_api_listings_historical
2026-02-20,32187,FOUR,4,1.68e-05,0.0,0.0,coinmarketcap_data_api_listings_historical
2026-02-20,15806,ATK,Attack Wagon,1.093e-05,0.0,0.0,coinmarketcap_data_api_listings_historical
2026-02-20,15808,FCP,FILIPCOIN,7.187e-05,0.0,0.0,coinmarketcap_data_api_listings_historical
2026-02-20,15810,OMNIA,OMNIA Protocol,0.0020065,0.0,0.0,coinmarketcap_data_api_listings_historical
2026-02-20,32215,SYK,Stryke,0.01111306,0.0,0.0,coinmarketcap_data_api_listings_historical
2026-02-20,15842,ROCK,Bedrock,0.00021473,0.0,0.0,coinmarketcap_data_api_listings_historical
2026-02-20,32230,RFL,Reflect,0.02073501,0.0,0.0,coinmarketcap_data_api_listings_historical
2026-02-20,32235,WBONE,Wrapped BONE,0.06245249,0.0,0.0,coinmarketcap_data_api_listings_historical
2026-02-20,15853,AXL,Axl Inu,2.1e-06,0.0,0.0,coinmarketcap_data_api_listings_historical
2026-02-20,32243,FIGHT,FIGHT,0.00022607,0.0,0.0,coinmarketcap_data_api_listings_historical
2026-02-20,15876,BOMB,Bomb Money,0.00139611,0.0,0.0,coinmarketcap_data_api_listings_historical
2026-02-20,32276,GRASS,Touch Grass,2.023e-05,0.0,0.0,coinmarketcap_data_api_listings_historical
2026-02-20,32277,VANCE,JD Vance,4.06e-06,0.0,0.0,coinmarketcap_data_api_listings_historical
2026-02-20,32281,BEEF,PepeBull,0.0,0.0,0.0,coinmarketcap_data_api_listings_historical
2026-02-20,15898,MTK,Metakings,9.87e-06,0.0,0.0,coinmarketcap_data_api_listings_historical
2026-02-20,15899,LSC,Last Survivor,2.47e-06,0.0,0.0,coinmarketcap_data_api_listings_historical
2026-02-20,32285,ORC,ORC,0.00015834,0.0,0.0,coinmarketcap_data_api_listings_historical
2026-02-20,32295,BTC,Bullish Trump Coin,3e-08,0.0,0.0,coinmarketcap_data_api_listings_historical
2026-02-20,15921,PLT,Poollotto.finance,0.46889177,0.0,0.0,coinmarketcap_data_api_listings_historical
2026-02-20,32333,CAT,Catson,3.448e-05,0.0,0.0,coinmarketcap_data_api_listings_historical
2026-02-20,32343,WEWE,WEWECOIN,6e-07,0.0,0.0,coinmarketcap_data_api_listings_historical
2026-02-20,15973,MEOW,MEOW,0.00084659,0.0,0.0,coinmarketcap_data_api_listings_historical
2026-02-20,32373,WYZ,WYZth,0.00010005,0.0,0.0,coinmarketcap_data_api_listings_historical
2026-02-20,32377,RARE,Rare Pepe,7.2e-07,0.0,0.0,coinmarketcap_data_api_listings_historical
2026-02-20,32383,LUNARLENS,Lunarlens coin,7.36e-05,0.0,0.0,coinmarketcap_data_api_listings_historical
2026-02-20,32384,DONALD,Donald Pump,4.1e-05,0.0,0.0,coinmarketcap_data_api_listings_historical
2026-02-20,32385,JVT,JVault,0.02754697,0.0,0.0,coinmarketcap_data_api_listings_historical
2026-02-20,32388,GURU,Guru Network,0.0001578,0.0,0.0,coinmarketcap_data_api_listings_historical
2026-02-20,16007,RVC,Revenue Coin,0.00014034,0.0,0.0,coinmarketcap_data_api_listings_historical
2026-02-20,32405,RABBIT,Based Rabbit,2.538e-05,0.0,0.0,coinmarketcap_data_api_listings_historical
2026-02-20,32410,USPEPE,American pepe,0.0,0.0,0.0,coinmarketcap_data_api_listings_historical
2026-02-20,32413,HARRIS,Kamala Harris (kamaharris.fun),1.292e-05,0.0,0.0,coinmarketcap_data_api_listings_historical
2026-02-20,32417,HACD,Hacash Diamond,5.68552704,0.0,0.0,coinmarketcap_data_api_listings_historical
2026-02-20,32418,PLAY,Solana Poker,0.00476354,0.0,0.0,coinmarketcap_data_api_listings_historical
2026-02-20,16035,FIGHT,Crypto Fight Club,0.00011167,0.0,0.0,coinmarketcap_data_api_listings_historical
2026-02-20,32419,KAMA,Kamala Horris,9.631e-05,0.0,0.0,coinmarketcap_data_api_listings_historical
2026-02-20,16045,ADAO,Adadao,0.00046177,0.0,0.0,coinmarketcap_data_api_listings_historical
2026-02-20,32430,SIMPSON,Simpson Predictions,0.0,0.0,0.0,coinmarketcap_data_api_listings_historical
2026-02-20,32432,TIMI,This Is My Iguana,7.042e-05,0.0,0.0,coinmarketcap_data_api_listings_historical
2026-02-20,16049,TGT,THORWallet,0.01442675,0.0,0.0,coinmarketcap_data_api_listings_historical
2026-02-20,32446,BULLISH,bullish,3.466e-05,0.0,0.0,coinmarketcap_data_api_listings_historical
2026-02-20,32447,XGD,XGold,71.90554412,0.0,0.0,coinmarketcap_data_api_listings_historical
2026-02-20,32450,BABYNEIRO,Baby Neiro 2024,0.0,0.0,0.0,coinmarketcap_data_api_listings_historical
2026-02-20,32467,DRIP,DRIP,0.00194347,0.0,0.0,coinmarketcap_data_api_listings_historical
2026-02-20,32474,DOLLAR,Dollar,4.302e-05,0.0,0.0,coinmarketcap_data_api_listings_historical
2026-02-20,32478,MOXIE,Moxie,1.15e-06,0.0,0.0,coinmarketcap_data_api_listings_historical
2026-02-20,32481,GM,Good Morning!,5.502e-05,0.0,0.0,coinmarketcap_data_api_listings_historical
2026-02-20,16105,CHMB,Chumbi,1.65e-06,0.0,0.0,coinmarketcap_data_api_listings_historical
2026-02-20,32490,SNIBBU,Snibbu The Crab,0.0,0.0,0.0,coinmarketcap_data_api_listings_historical
2026-02-20,32493,UXD,Criptodólar,0.99980817,0.0,0.0,coinmarketcap_data_api_listings_historical
2026-02-20,32496,PAN,Pankito,0.00039942,0.0,0.0,coinmarketcap_data_api_listings_historical
2026-02-20,32500,BOBO,Bobo The Bear,0.0,0.0,0.0,coinmarketcap_data_api_listings_historical
2026-02-20,16121,WHALE,White Whale,1.63e-05,0.0,0.0,coinmarketcap_data_api_listings_historical
2026-02-20,32514,DMAGA,Dark MAGA,7.601e-05,0.0,0.0,coinmarketcap_data_api_listings_historical
2026-02-20,32515,CHEESE,Cheese,3.745e-05,0.0,0.0,coinmarketcap_data_api_listings_historical
2026-02-20,16135,SHG,Shib Generating,6.45e-06,0.0,0.0,coinmarketcap_data_api_listings_historical
2026-02-20,32519,FTON,Fanton,3.564e-05,0.0,0.0,coinmarketcap_data_api_listings_historical
2026-02-20,16137,BTC2X-FLI,BTC 2x Flexible Leverage Index,15.70915552,0.0,0.0,coinmarketcap_data_api_listings_historical
2026-02-20,32530,DODO,Dodo the Black Swan,0.0,0.0,0.0,coinmarketcap_data_api_listings_historical
2026-02-20,32533,LOAFCAT,LOAFCAT,8.6e-07,0.0,0.0,coinmarketcap_data_api_listings_historical
2026-02-20,32534,BLUE,Blue Guy,8.92e-06,0.0,0.0,coinmarketcap_data_api_listings_historical
2026-02-20,32542,KEN,Ken,3.239e-05,0.0,0.0,coinmarketcap_data_api_listings_historical
2026-02-20,16160,MCC,Multi-Chain Capital (new),1e-07,0.0,0.0,coinmarketcap_data_api_listings_historical
2026-02-20,32545,HYDRA,HYDRA,0.26140274,0.0,0.0,coinmarketcap_data_api_listings_historical
2026-02-20,32546,REGI,Resistance Girl,0.00040861,0.0,0.0,coinmarketcap_data_api_listings_historical
2026-02-20,32557,TRUMP,TRUMP MAGA PRESIDENT,0.0,0.0,0.0,coinmarketcap_data_api_listings_historical
2026-02-20,16177,XUSD,xUSD Token,1.33698779,0.0,0.0,coinmarketcap_data_api_listings_historical
2026-02-20,16181,SLC,Solice,4.445e-05,0.0,0.0,coinmarketcap_data_api_listings_historical
2026-02-20,32570,JOULE,Joule,0.00110552,0.0,0.0,coinmarketcap_data_api_listings_historical
2026-02-20,32578,WAI,Wiener AI,2.25e-06,0.0,0.0,coinmarketcap_data_api_listings_historical
2026-02-20,32581,CATLIFE,Cat Life,2.84e-06,0.0,0.0,coinmarketcap_data_api_listings_historical
2026-02-20,32586,BALL,Game 5 BALL,0.00116562,0.0,0.0,coinmarketcap_data_api_listings_historical
2026-02-20,32603,WBC,WorldBrain Coin,8.89e-06,0.0,0.0,coinmarketcap_data_api_listings_historical
2026-02-20,32621,99BTC,99 Bitcoins,3.19e-06,0.0,0.0,coinmarketcap_data_api_listings_historical
2026-02-20,32632,SIO,SAINO,9.99e-06,0.0,0.0,coinmarketcap_data_api_listings_historical
2026-02-20,32636,RTR,Restore The Republic,0.00023121,0.0,0.0,coinmarketcap_data_api_listings_historical
2026-02-20,32649,MATRIX,Matrix One,4.56e-06,0.0,0.0,coinmarketcap_data_api_listings_historical
2026-02-20,16275,MMETA,Duckie Land,0.00235628,0.0,0.0,coinmarketcap_data_api_listings_historical
2026-02-20,32671,RAGE,Rage Trade,0.00025203,0.0,0.0,coinmarketcap_data_api_listings_historical
2026-02-20,32676,BTX,Batonex Token,0.09666295,0.0,0.0,coinmarketcap_data_api_listings_historical
2026-02-20,16298,HBOT,Hummingbot Governance Token,0.00080969,0.0,0.0,coinmarketcap_data_api_listings_historical
2026-02-20,32682,GUA,GUA,4.1e-06,0.0,0.0,coinmarketcap_data_api_listings_historical
2026-02-20,32686,ZYGO,Zygo the frog,5.1e-06,0.0,0.0,coinmarketcap_data_api_listings_historical
2026-02-20,32689,AGETH,Kelp DAO's Airdrop Gain ETH,2047.43349177,0.0,0.0,coinmarketcap_data_api_listings_historical
2026-02-20,32695,KOLT,Kolt,1.122e-05,0.0,0.0,coinmarketcap_data_api_listings_historical
2026-02-20,16314,CNF,CryptoNeur Network foundation,5.737e-05,0.0,0.0,coinmarketcap_data_api_listings_historical
2026-02-20,32710,COLON,Colon,4.844e-05,0.0,0.0,coinmarketcap_data_api_listings_historical
2026-02-20,16330,EGG,Chikn Egg,0.0004461,0.0,0.0,coinmarketcap_data_api_listings_historical
2026-02-20,32750,TIEDAN,TieDan,5.508e-05,0.0,0.0,coinmarketcap_data_api_listings_historical
